Linux 5.4.0-216-generic (dskbi001) 	09/11/2026 	_x86_64_	(96 CPU)

Device            r/s     rkB/s   rrqm/s  %rrqm r_await rareq-sz     w/s     wkB/s   wrqm/s  %wrqm w_await wareq-sz     d/s     dkB/s   drqm/s  %drqm d_await dareq-sz  aqu-sz  %util
dm-0             4.72    832.87     0.00   0.00    0.77   176.64    6.97    655.71     0.00   0.00    0.89    94.07    0.01    340.01     0.00   0.00    0.32 23003.63    0.01   0.26
loop0            0.01      0.01     0.00   0.00    0.04     1.06    0.00      0.00     0.00   0.00    0.00     0.00    0.00      0.00     0.00   0.00    0.00     0.00    0.00   0.00
loop1            0.01      0.01     0.00   0.00    0.05     1.05    0.00      0.00     0.00   0.00    0.00     0.00    0.00      0.00     0.00   0.00    0.00     0.00    0.00   0.00
loop2            0.01      0.01     0.00   0.00    0.09     1.01    0.00      0.00     0.00   0.00    0.00     0.00    0.00      0.00     0.00   0.00    0.00     0.00    0.00   0.00
loop3            0.01      0.01     0.00   0.00    0.05     1.04    0.00      0.00     0.00   0.00    0.00     0.00    0.00      0.00     0.00   0.00    0.00     0.00    0.00   0.00
loop4            0.01      0.01     0.00   0.00    0.04     1.04    0.00      0.00     0.00   0.00    0.00     0.00    0.00      0.00     0.00   0.00    0.00     0.00    0.00   0.00
loop5            0.01      0.01     0.00   0.00    0.05     1.03    0.00      0.00     0.00   0.00    0.00     0.00    0.00      0.00     0.00   0.00    0.00     0.00    0.00   0.00
loop6            0.00      0.00     0.00   0.00    0.07     1.06    0.00      0.00     0.00   0.00    0.00     0.00    0.00      0.00     0.00   0.00    0.00     0.00    0.00   0.00
loop7            0.00      0.00     0.00   0.00    0.04    17.21    0.00      0.00     0.00   0.00    0.00     0.00    0.00      0.00     0.00   0.00    0.00     0.00    0.00   0.00
md0           6793.62 449562.58     0.00   0.00    0.00    66.17  671.26 286661.18     0.00   0.00    0.00   427.05    1.02  38195.81     0.00   0.00    0.00 37490.83    0.00   0.00
nvme0n1          4.50    832.92     0.58  11.36    1.44   185.10    4.16    655.71     3.35  44.61    2.11   157.64    0.01    341.40     0.00   0.00    0.32 23086.99    0.01   0.26
nvme10n1       214.68  12732.40     4.29   1.96    0.11    59.31   20.33   8835.23     0.95   4.47    0.44   434.58    0.52   1231.89     0.00   0.00    0.25  2389.45    0.00   6.08
nvme11n1       214.15  12686.52     4.31   1.97    0.11    59.24   20.40   8835.10     0.94   4.41    0.44   433.15    0.52   1231.98     0.00   0.00    0.25  2389.82    0.00   6.07
nvme12n1       214.84  12638.54     4.28   1.96    0.12    58.83   20.38   8835.45     0.94   4.41    0.44   433.59    0.52   1232.02     0.00   0.00    0.25  2390.26    0.00   6.06
nvme13n1       214.97  12712.59     4.29   1.96    0.11    59.14   20.35   8835.63     0.95   4.44    0.44   434.10    0.52   1231.96     0.00   0.00    0.25  2390.47    0.00   6.07
nvme14n1       215.66  12753.73     4.30   1.95    0.11    59.14   20.31   8834.52     0.94   4.43    0.44   434.93    0.52   1231.88     0.00   0.00    0.25  2390.46    0.00   6.08
nvme15n1       215.61  12677.63     4.26   1.94    0.11    58.80   20.38   8834.64     0.95   4.47    0.44   433.53    0.52   1231.94     0.00   0.00    0.25  2390.16    0.00   6.08
nvme16n1       214.95  12674.80     4.30   1.96    0.12    58.97   20.41   8833.80     0.96   4.48    0.44   432.72    0.52   1231.98     0.00   0.00    0.26  2390.17    0.00   6.08
nvme17n1       214.81  12659.37     4.28   1.95    0.11    58.93   20.49   8834.27     0.97   4.51    0.44   431.10    0.52   1232.06     0.00   0.00    0.26  2390.26    0.00   6.07
nvme18n1       215.33  12684.97     4.29   1.95    0.11    58.91   20.55   8834.55     0.98   4.56    0.43   429.84    0.52   1232.20     0.00   0.00    0.25  2389.90    0.00   6.08
nvme19n1       215.24  12649.67     4.30   1.96    0.11    58.77   20.41   8834.61     0.97   4.54    0.44   432.88    0.52   1232.26     0.00   0.00    0.25  2389.68    0.00   6.07
nvme1n1        215.21  12682.14     4.29   1.96    0.11    58.93   20.60   8836.44     0.99   4.58    0.44   428.85    0.52   1232.17     0.00   0.00    0.26  2388.82    0.00   6.08
nvme20n1       214.99  12668.55     4.27   1.95    0.11    58.93   20.56   8835.70     0.98   4.54    0.44   429.84    0.52   1232.29     0.00   0.00    0.25  2389.44    0.00   6.10
nvme21n1       215.04  12667.82     4.26   1.94    0.11    58.91   20.55   8834.89     0.97   4.50    0.43   429.97    0.52   1232.31     0.00   0.00    0.25  2389.20    0.00   6.07
nvme22n1       215.09  12729.02     4.25   1.94    0.11    59.18   20.50   8834.86     0.98   4.55    0.44   431.00    0.52   1232.29     0.00   0.00    0.25  2389.34    0.00   6.09
nvme23n1       215.03  12779.62     4.33   1.97    0.11    59.43   20.41   8834.90     0.95   4.45    0.44   432.91    0.52   1232.20     0.00   0.00    0.25  2389.50    0.00   6.06
nvme24n1       214.59  12733.49     4.27   1.95    0.11    59.34   20.46   8835.54     0.94   4.39    0.44   431.92    0.52   1232.26     0.00   0.00    0.25  2389.55    0.00   6.08
nvme25n1       214.67  12749.86     4.30   1.96    0.11    59.39   20.44   8836.15     0.93   4.34    0.44   432.28    0.52   1232.22     0.00   0.00    0.25  2389.62    0.00   6.07
nvme26n1       214.63  12645.23     4.28   1.95    0.11    58.92   20.46   8836.51     0.93   4.36    0.44   431.85    0.52   1232.34     0.00   0.00    0.25  2388.83    0.00   6.07
nvme27n1       214.84  12644.33     4.32   1.97    0.11    58.86   20.51   8836.82     0.95   4.44    0.44   430.83    0.52   1232.33     0.00   0.00    0.25  2389.53    0.00   6.08
nvme28n1       214.42  12582.35     4.27   1.95    0.11    58.68   20.39   8835.74     0.94   4.43    0.44   433.37    0.52   1232.23     0.00   0.00    0.25  2389.53    0.00   6.06
nvme29n1       215.33  12670.22     4.25   1.94    0.11    58.84   20.40   8836.17     0.95   4.44    0.44   433.10    0.52   1232.40     0.00   0.00    0.25  2389.48    0.00   6.06
nvme2n1        214.22  12648.20     4.26   1.95    0.11    59.04   20.78   8836.29     1.01   4.63    0.43   425.24    0.52   1232.18     0.00   0.00    0.26  2388.81    0.00   6.08
nvme30n1       216.15  12667.29     4.27   1.94    0.11    58.60   20.40   8835.67     0.94   4.39    0.44   433.21    0.52   1232.32     0.00   0.00    0.25  2389.37    0.00   6.07
nvme31n1       215.42  12628.96     4.27   1.94    0.11    58.63   20.39   8835.44     0.95   4.43    0.44   433.41    0.52   1232.18     0.00   0.00    0.25  2389.57    0.00   6.06
nvme3n1        214.91  12649.96     4.25   1.94    0.11    58.86   20.74   8835.47     0.99   4.57    0.43   426.04    0.52   1232.08     0.00   0.00    0.26  2389.25    0.00   6.07
nvme4n1        214.39  12625.53     4.29   1.96    0.11    58.89   20.67   8835.22     0.98   4.53    0.43   427.53    0.52   1232.00     0.00   0.00    0.26  2389.68    0.00   6.07
nvme5n1        214.94  12668.81     4.28   1.95    0.11    58.94   20.50   8835.06     0.96   4.50    0.44   431.02    0.52   1231.91     0.00   0.00    0.26  2389.51    0.00   6.08
nvme6n1        213.75  12544.20     4.27   1.96    0.11    58.69   20.59   8836.35     0.99   4.58    0.43   429.07    0.52   1231.93     0.00   0.00    0.26  2389.78    0.00   6.06
nvme7n1        213.98  12619.81     4.26   1.95    0.11    58.98   20.47   8835.76     0.97   4.50    0.44   431.55    0.52   1231.95     0.00   0.00    0.25  2389.46    0.00   6.07
nvme8n1        214.51  12648.86     4.29   1.96    0.11    58.97   20.54   8835.56     0.96   4.47    0.44   430.18    0.52   1232.05     0.00   0.00    0.25  2389.39    0.00   6.07
nvme9n1        214.57  12637.21     4.26   1.95    0.11    58.90   20.45   8836.35     0.96   4.47    0.44   432.19    0.52   1232.00     0.00   0.00    0.25  2389.64    0.00   6.08


Device            r/s     rkB/s   rrqm/s  %rrqm r_await rareq-sz     w/s     wkB/s   wrqm/s  %wrqm w_await wareq-sz     d/s     dkB/s   drqm/s  %drqm d_await dareq-sz  aqu-sz  %util
dm-0           122.60   2661.60     0.00   0.00    0.25    21.71    3.20     12.80     0.00   0.00    0.00     4.00    0.00      0.00     0.00   0.00    0.00     0.00    0.03   2.24
loop0            0.00      0.00     0.00   0.00    0.00     0.00    0.00      0.00     0.00   0.00    0.00     0.00    0.00      0.00     0.00   0.00    0.00     0.00    0.00   0.00
loop1            0.00      0.00     0.00   0.00    0.00     0.00    0.00      0.00     0.00   0.00    0.00     0.00    0.00      0.00     0.00   0.00    0.00     0.00    0.00   0.00
loop2            0.00      0.00     0.00   0.00    0.00     0.00    0.00      0.00     0.00   0.00    0.00     0.00    0.00      0.00     0.00   0.00    0.00     0.00    0.00   0.00
loop3            0.00      0.00     0.00   0.00    0.00     0.00    0.00      0.00     0.00   0.00    0.00     0.00    0.00      0.00     0.00   0.00    0.00     0.00    0.00   0.00
loop4            0.00      0.00     0.00   0.00    0.00     0.00    0.00      0.00     0.00   0.00    0.00     0.00    0.00      0.00     0.00   0.00    0.00     0.00    0.00   0.00
loop5            0.00      0.00     0.00   0.00    0.00     0.00    0.00      0.00     0.00   0.00    0.00     0.00    0.00      0.00     0.00   0.00    0.00     0.00    0.00   0.00
loop6            0.00      0.00     0.00   0.00    0.00     0.00    0.00      0.00     0.00   0.00    0.00     0.00    0.00      0.00     0.00   0.00    0.00     0.00    0.00   0.00
loop7            0.00      0.00     0.00   0.00    0.00     0.00    0.00      0.00     0.00   0.00    0.00     0.00    0.00      0.00     0.00   0.00    0.00     0.00    0.00   0.00
md0           303891.80 5753691.20     0.00   0.00    0.00    18.93 1233.40 915596.00     0.00   0.00    0.00   742.34    0.00      0.00     0.00   0.00    0.00     0.00    0.00   0.00
nvme0n1         47.60   2704.00    77.00  61.80    0.11    56.81    0.40     12.80     2.80  87.50    0.00    32.00    0.00      0.00     0.00   0.00    0.00     0.00    0.00   2.24
nvme10n1      9763.40 182342.40     7.60   0.08    0.07    18.68   32.00  26444.00     0.00   0.00    0.30   826.38    0.00      0.00     0.00   0.00    0.00     0.00    0.00  92.16
nvme11n1      9828.00 178896.00     9.40   0.10    0.07    18.20   32.20  26732.00     0.00   0.00    0.18   830.19    0.00      0.00     0.00   0.00    0.00     0.00    0.00  92.16
nvme12n1      9675.60 169298.40     8.20   0.08    0.07    17.50   31.60  26244.80     0.00   0.00    0.31   830.53    0.00      0.00     0.00   0.00    0.00     0.00    0.00  92.16
nvme13n1      9668.60 173456.80     9.00   0.09    0.07    17.94   32.20  26018.40     0.00   0.00    0.33   808.02    0.00      0.00     0.00   0.00    0.00     0.00    0.00  92.16
nvme14n1      9690.60 177804.00    49.60   0.51    0.07    18.35   32.00  25540.80     0.00   0.00    0.31   798.15    0.00      0.00     0.00   0.00    0.00     0.00    0.00  92.00
nvme15n1      9674.80 174074.40    56.60   0.58    0.07    17.99   32.20  25844.00     0.00   0.00    0.32   802.61    0.00      0.00     0.00   0.00    0.00     0.00    0.00  92.16
nvme16n1      9804.40 177865.60    55.60   0.56    0.07    18.14   33.00  26652.00     0.00   0.00    0.33   807.64    0.00      0.00     0.00   0.00    0.00     0.00    0.00  92.24
nvme17n1      9690.40 175580.80    56.40   0.58    0.07    18.12   34.60  26900.00     0.00   0.00    0.29   777.46    0.00      0.00     0.00   0.00    0.00     0.00    0.00  92.16
nvme18n1      9744.40 174060.00    13.20   0.14    0.07    17.86   34.80  26452.80     0.00   0.00    0.32   760.14    0.00      0.00     0.00   0.00    0.00     0.00    0.00  92.08
nvme19n1      9696.20 174601.60     7.60   0.08    0.07    18.01   33.60  26672.00     0.00   0.00    0.32   793.81    0.00      0.00     0.00   0.00    0.00     0.00    0.00  92.16
nvme1n1       9804.40 172670.40    10.20   0.10    0.07    17.61   34.00  27755.20     0.00   0.00    0.18   816.33    0.00      0.00     0.00   0.00    0.00     0.00    0.00  92.32
nvme20n1      9854.20 174796.00     8.40   0.09    0.07    17.74   34.80  27548.00     0.00   0.00    0.35   791.61    0.00      0.00     0.00   0.00    0.00     0.00    0.00  92.16
nvme21n1      9891.60 177441.60     7.40   0.07    0.07    17.94   33.40  26962.40     0.00   0.00    0.29   807.26    0.00      0.00     0.00   0.00    0.00     0.00    0.00  92.32
nvme22n1      9980.60 178604.80     8.80   0.09    0.07    17.90   32.20  26926.40     0.00   0.00    0.34   836.22    0.00      0.00     0.00   0.00    0.00     0.00    0.00  92.32
nvme23n1      9838.40 176056.00     8.40   0.09    0.07    17.89   33.00  27420.00     0.00   0.00    0.18   830.91    0.00      0.00     0.00   0.00    0.00     0.00    0.00  92.16
nvme24n1      9819.60 176731.20     9.00   0.09    0.07    18.00   33.80  27644.00     0.00   0.00    0.31   817.87    0.00      0.00     0.00   0.00    0.00     0.00    0.00  92.40
nvme25n1      9942.40 179294.40     9.20   0.09    0.07    18.03   35.20  28065.60     0.00   0.00    0.31   797.32    0.00      0.00     0.00   0.00    0.00     0.00    0.00  92.24
nvme26n1      9800.80 170895.20     9.00   0.09    0.07    17.44   34.00  27456.00     0.00   0.00    0.31   807.53    0.00      0.00     0.00   0.00    0.00     0.00    0.00  92.24
nvme27n1      9696.40 171152.80     8.20   0.08    0.07    17.65   33.80  25782.40     0.00   0.00    0.17   762.79    0.00      0.00     0.00   0.00    0.00     0.00    0.00  92.32
nvme28n1      9840.40 178480.00     8.40   0.09    0.07    18.14   33.80  26856.80     0.00   0.00    0.31   794.58    0.00      0.00     0.00   0.00    0.00     0.00    0.00  92.16
nvme29n1      9725.20 182043.20     8.00   0.08    0.07    18.72   33.60  27072.80     0.00   0.00    0.32   805.74    0.00      0.00     0.00   0.00    0.00     0.00    0.00  92.24
nvme2n1       9887.60 170108.80     8.00   0.08    0.08    17.20   34.60  27996.00     0.00   0.00    0.33   809.13    0.00      0.00     0.00   0.00    0.00     0.00    0.00  92.32
nvme30n1      9687.60 174321.60     8.60   0.09    0.07    17.99   34.40  27724.00     0.00   0.00    0.30   805.93    0.00      0.00     0.00   0.00    0.00     0.00    0.00  92.48
nvme31n1      9767.80 177676.80     8.20   0.08    0.07    18.19   43.00  28052.00     0.60   1.38    0.25   652.37    0.00      0.00     0.00   0.00    0.00     0.00    0.00  92.48
nvme3n1       9873.80 180128.80    10.00   0.10    0.07    18.24   36.00  28641.60     0.00   0.00    0.33   795.60    0.00      0.00     0.00   0.00    0.00     0.00    0.00  92.24
nvme4n1       9931.80 180168.80     8.20   0.08    0.07    18.14   35.40  28820.00     0.00   0.00    0.33   814.12    0.00      0.00     0.00   0.00    0.00     0.00    0.00  92.24
nvme5n1       9886.40 180432.80    10.20   0.10    0.07    18.25   33.60  27839.20     0.00   0.00    0.33   828.55    0.00      0.00     0.00   0.00    0.00     0.00    0.00  92.24
nvme6n1       9799.40 172468.00     8.40   0.09    0.07    17.60   89.20  27931.20     0.40   0.45    0.13   313.13    0.00      0.00     0.00   0.00    0.00     0.00    0.00  92.48
nvme7n1       9788.60 179793.60     9.20   0.09    0.07    18.37   35.40  27805.60     0.00   0.00    0.34   785.47    0.00      0.00     0.00   0.00    0.00     0.00    0.00  92.24
nvme8n1       9716.20 175930.40    16.40   0.17    0.07    18.11   89.40  27177.60     0.00   0.00    0.12   304.00    0.00      0.00     0.00   0.00    0.00     0.00    0.00  92.32
nvme9n1       9668.80 172279.20     9.80   0.10    0.07    17.82   34.80  26541.60     0.00   0.00    0.31   762.69    0.00      0.00     0.00   0.00    0.00     0.00    0.00  92.24


Device            r/s     rkB/s   rrqm/s  %rrqm r_await rareq-sz     w/s     wkB/s   wrqm/s  %wrqm w_await wareq-sz     d/s     dkB/s   drqm/s  %drqm d_await dareq-sz  aqu-sz  %util
dm-0             0.00      0.00     0.00   0.00    0.00     0.00    0.00      0.00     0.00   0.00    0.00     0.00    0.00      0.00     0.00   0.00    0.00     0.00    0.00   0.00
loop0            0.00      0.00     0.00   0.00    0.00     0.00    0.00      0.00     0.00   0.00    0.00     0.00    0.00      0.00     0.00   0.00    0.00     0.00    0.00   0.00
loop1            0.00      0.00     0.00   0.00    0.00     0.00    0.00      0.00     0.00   0.00    0.00     0.00    0.00      0.00     0.00   0.00    0.00     0.00    0.00   0.00
loop2            0.00      0.00     0.00   0.00    0.00     0.00    0.00      0.00     0.00   0.00    0.00     0.00    0.00      0.00     0.00   0.00    0.00     0.00    0.00   0.00
loop3            0.00      0.00     0.00   0.00    0.00     0.00    0.00      0.00     0.00   0.00    0.00     0.00    0.00      0.00     0.00   0.00    0.00     0.00    0.00   0.00
loop4            0.00      0.00     0.00   0.00    0.00     0.00    0.00      0.00     0.00   0.00    0.00     0.00    0.00      0.00     0.00   0.00    0.00     0.00    0.00   0.00
loop5            0.00      0.00     0.00   0.00    0.00     0.00    0.00      0.00     0.00   0.00    0.00     0.00    0.00      0.00     0.00   0.00    0.00     0.00    0.00   0.00
loop6            0.00      0.00     0.00   0.00    0.00     0.00    0.00      0.00     0.00   0.00    0.00     0.00    0.00      0.00     0.00   0.00    0.00     0.00    0.00   0.00
loop7            0.00      0.00     0.00   0.00    0.00     0.00    0.00      0.00     0.00   0.00    0.00     0.00    0.00      0.00     0.00   0.00    0.00     0.00    0.00   0.00
md0           267801.20 3014761.60     0.00   0.00    0.00    11.26 1862.40 1032183.20     0.00   0.00    0.00   554.22    0.00      0.00     0.00   0.00    0.00     0.00    0.00   0.00
nvme0n1          0.00      0.00     0.00   0.00    0.00     0.00    0.00      0.00     0.00   0.00    0.00     0.00    0.00      0.00     0.00   0.00    0.00     0.00    0.00   0.00
nvme10n1      8558.40  89889.60    10.20   0.12    0.07    10.50   45.20  30432.00     0.00   0.00    0.26   673.27    0.00      0.00     0.00   0.00    0.00     0.00    0.00  99.84
nvme11n1      8683.80  91502.40    11.20   0.13    0.07    10.54   47.80  31400.00     0.00   0.00    0.15   656.90    0.00      0.00     0.00   0.00    0.00     0.00    0.00  99.92
nvme12n1      8562.60  90384.80    10.40   0.12    0.07    10.56   46.00  30485.60     0.00   0.00    0.26   662.73    0.00      0.00     0.00   0.00    0.00     0.00    0.00  99.92
nvme13n1      8697.40  91820.80    12.20   0.14    0.07    10.56   54.80  31584.80     0.00   0.00    0.26   576.36    0.00      0.00     0.00   0.00    0.00     0.00    0.00  99.92
nvme14n1      8579.20  90558.40    10.60   0.12    0.07    10.56   46.40  30522.40     0.00   0.00    0.27   657.81    0.00      0.00     0.00   0.00    0.00     0.00    0.00 100.00
nvme15n1      8619.20  90949.60    11.80   0.14    0.07    10.55   54.60  30090.40     0.20   0.36    0.23   551.11    0.00      0.00     0.00   0.00    0.00     0.00    0.00 100.00
nvme16n1      8603.00  91700.00    10.80   0.13    0.07    10.66   48.20  29475.20     0.20   0.41    0.27   611.52    0.00      0.00     0.00   0.00    0.00     0.00    0.00  99.92
nvme17n1      8603.60  91528.00    12.20   0.14    0.07    10.64   44.80  28621.60     0.20   0.44    0.25   638.88    0.00      0.00     0.00   0.00    0.00     0.00    0.00 100.00
nvme18n1      8523.40  90175.20    10.60   0.12    0.07    10.58   44.80  28254.40     0.20   0.44    0.27   630.68    0.00      0.00     0.00   0.00    0.00     0.00    0.00  99.92
nvme19n1      8531.20  89639.20    10.60   0.12    0.07    10.51   40.00  28002.40     0.20   0.50    0.28   700.06    0.00      0.00     0.00   0.00    0.00     0.00    0.00 100.00
nvme1n1       8594.40  90323.20    11.20   0.13    0.07    10.51   55.60  29920.80     1.00   1.77    0.13   538.14    0.00      0.00     0.00   0.00    0.00     0.00    0.00 100.00
nvme20n1      8747.40  91703.20    10.60   0.12    0.07    10.48   47.60  29807.20     0.20   0.42    0.28   626.20    0.00      0.00     0.00   0.00    0.00     0.00    0.00 100.00
nvme21n1      8735.80  91941.60    10.60   0.12    0.07    10.52   51.40  31303.20     0.20   0.39    0.24   609.01    0.00      0.00     0.00   0.00    0.00     0.00    0.00  99.92
nvme22n1      8596.40  91842.40    11.00   0.13    0.07    10.68   44.20  31014.40     0.20   0.45    0.29   701.68    0.00      0.00     0.00   0.00    0.00     0.00    0.00  99.92
nvme23n1      8722.20  92168.00    10.80   0.12    0.07    10.57   47.20  30814.40     0.20   0.42    0.15   652.85    0.00      0.00     0.00   0.00    0.00     0.00    0.00  99.92
nvme24n1      8772.20  92685.60    10.80   0.12    0.07    10.57   46.20  31467.20     0.00   0.00    0.28   681.11    0.00      0.00     0.00   0.00    0.00     0.00    0.00  99.92
nvme25n1      8773.40  93300.80    11.40   0.13    0.07    10.63   49.80  32071.20     0.00   0.00    0.26   644.00    0.00      0.00     0.00   0.00    0.00     0.00    0.00  99.84
nvme26n1      8664.00  92468.80    11.20   0.13    0.07    10.67   45.00  30934.40     0.00   0.00    0.28   687.43    0.00      0.00     0.00   0.00    0.00     0.00    0.00  99.92
nvme27n1      8388.80  88648.80    11.20   0.13    0.07    10.57   43.20  29764.00     0.00   0.00    0.16   688.98    0.00      0.00     0.00   0.00    0.00     0.00    0.00 100.00
nvme28n1      8597.20  90851.20    11.20   0.13    0.07    10.57   49.60  30453.60     0.00   0.00    0.26   613.98    0.00      0.00     0.00   0.00    0.00     0.00    0.00  99.92
nvme29n1      8549.00  89689.60    11.60   0.14    0.07    10.49   50.80  29724.00     0.00   0.00    0.23   585.12    0.00      0.00     0.00   0.00    0.00     0.00    0.00  99.92
nvme2n1       8610.80  91506.40    11.20   0.13    0.07    10.63   43.20  30565.60     0.00   0.00    0.32   707.54    0.00      0.00     0.00   0.00    0.00     0.00    0.00  99.92
nvme30n1      8630.00  91024.00    11.00   0.13    0.07    10.55   43.60  29828.80     0.00   0.00    0.26   684.15    0.00      0.00     0.00   0.00    0.00     0.00    0.00  99.92
nvme31n1      8591.60  91116.80    11.80   0.14    0.07    10.61   51.60  30941.60     0.40   0.77    0.24   599.64    0.00      0.00     0.00   0.00    0.00     0.00    0.00  99.92
nvme3n1       8716.20  92980.80    10.40   0.12    0.07    10.67   48.20  31940.80     0.00   0.00    0.29   662.67    0.00      0.00     0.00   0.00    0.00     0.00    0.00 100.00
nvme4n1       8674.20  92384.80    12.00   0.14    0.07    10.65   48.00  31350.40     0.00   0.00    0.26   653.13    0.00      0.00     0.00   0.00    0.00     0.00    0.00  99.92
nvme5n1       8640.80  92092.00    11.00   0.13    0.07    10.66   42.80  30691.20     0.00   0.00    0.30   717.08    0.00      0.00     0.00   0.00    0.00     0.00    0.00 100.00
nvme6n1       8570.60  91342.40    12.60   0.15    0.07    10.66  158.60  31858.40     1.60   1.00    0.09   200.87    0.00      0.00     0.00   0.00    0.00     0.00    0.00 100.00
nvme7n1       8692.40  92076.80    10.80   0.12    0.07    10.59   45.60  30989.60     0.00   0.00    0.29   679.60    0.00      0.00     0.00   0.00    0.00     0.00    0.00 100.00
nvme8n1       8680.40  91672.00    33.20   0.38    0.07    10.56  166.00  31800.80    33.40  16.75    0.09   191.57    0.00      0.00     0.00   0.00    0.00     0.00    0.00 100.00
nvme9n1       8522.00  88818.40    11.60   0.14    0.07    10.42   47.60  29862.40     0.00   0.00    0.27   627.36    0.00      0.00     0.00   0.00    0.00     0.00    0.00  99.92


Device            r/s     rkB/s   rrqm/s  %rrqm r_await rareq-sz     w/s     wkB/s   wrqm/s  %wrqm w_await wareq-sz     d/s     dkB/s   drqm/s  %drqm d_await dareq-sz  aqu-sz  %util
dm-0             1.20      4.80     0.00   0.00    0.00     4.00    1.60      6.40     0.00   0.00    0.00     4.00    0.00      0.00     0.00   0.00    0.00     0.00    0.00   0.24
loop0            0.00      0.00     0.00   0.00    0.00     0.00    0.00      0.00     0.00   0.00    0.00     0.00    0.00      0.00     0.00   0.00    0.00     0.00    0.00   0.00
loop1            0.00      0.00     0.00   0.00    0.00     0.00    0.00      0.00     0.00   0.00    0.00     0.00    0.00      0.00     0.00   0.00    0.00     0.00    0.00   0.00
loop2            0.00      0.00     0.00   0.00    0.00     0.00    0.00      0.00     0.00   0.00    0.00     0.00    0.00      0.00     0.00   0.00    0.00     0.00    0.00   0.00
loop3            0.00      0.00     0.00   0.00    0.00     0.00    0.00      0.00     0.00   0.00    0.00     0.00    0.00      0.00     0.00   0.00    0.00     0.00    0.00   0.00
loop4            0.00      0.00     0.00   0.00    0.00     0.00    0.00      0.00     0.00   0.00    0.00     0.00    0.00      0.00     0.00   0.00    0.00     0.00    0.00   0.00
loop5            0.00      0.00     0.00   0.00    0.00     0.00    0.00      0.00     0.00   0.00    0.00     0.00    0.00      0.00     0.00   0.00    0.00     0.00    0.00   0.00
loop6            0.00      0.00     0.00   0.00    0.00     0.00    0.00      0.00     0.00   0.00    0.00     0.00    0.00      0.00     0.00   0.00    0.00     0.00    0.00   0.00
loop7            0.00      0.00     0.00   0.00    0.00     0.00    0.00      0.00     0.00   0.00    0.00     0.00    0.00      0.00     0.00   0.00    0.00     0.00    0.00   0.00
md0           286880.60 3125049.60     0.00   0.00    0.00    10.89 1329.60 1081578.40     0.00   0.00    0.00   813.46    0.00      0.00     0.00   0.00    0.00     0.00    0.00   0.00
nvme0n1          1.20      4.80     0.00   0.00    0.00     4.00    0.40      6.40     1.20  75.00    0.00    16.00    0.00      0.00     0.00   0.00    0.00     0.00    0.00   0.24
nvme10n1      9351.80  98008.00    11.20   0.12    0.07    10.48   40.60  32563.20     0.00   0.00    0.30   802.05    0.00      0.00     0.00   0.00    0.00     0.00    0.00 100.00
nvme11n1      9385.00  98359.20    10.40   0.11    0.07    10.48   41.20  31976.80     0.00   0.00    0.17   776.14    0.00      0.00     0.00   0.00    0.00     0.00    0.00  99.92
nvme12n1      9355.00  98156.80    12.20   0.13    0.07    10.49   40.20  31745.60     0.00   0.00    0.31   789.69    0.00      0.00     0.00   0.00    0.00     0.00    0.00  99.84
nvme13n1      9406.20  98470.40    10.80   0.11    0.07    10.47   41.00  31769.60     0.00   0.00    0.34   774.87    0.00      0.00     0.00   0.00    0.00     0.00    0.00  99.92
nvme14n1      9292.40  97736.80    11.80   0.13    0.07    10.52   39.00  30904.00     0.00   0.00    0.32   792.41    0.00      0.00     0.00   0.00    0.00     0.00    0.00  99.92
nvme15n1      9380.20  97816.00    10.40   0.11    0.07    10.43   40.00  30626.40     0.00   0.00    0.30   765.66    0.00      0.00     0.00   0.00    0.00     0.00    0.00  99.92
nvme16n1      9125.00  94976.00    11.60   0.13    0.07    10.41   38.80  29700.00     0.00   0.00    0.31   765.46    0.00      0.00     0.00   0.00    0.00     0.00    0.00  99.92
nvme17n1      9055.00  94592.00    10.20   0.11    0.07    10.45   38.80  30229.60     0.00   0.00    0.29   779.11    0.00      0.00     0.00   0.00    0.00     0.00    0.00  99.92
nvme18n1      9138.80  94961.60    12.00   0.13    0.07    10.39   38.20  30190.40     0.00   0.00    0.35   790.32    0.00      0.00     0.00   0.00    0.00     0.00    0.00  99.92
nvme19n1      9127.60  94752.00     9.80   0.11    0.07    10.38   39.60  30244.00     0.00   0.00    0.30   763.74    0.00      0.00     0.00   0.00    0.00     0.00    0.00  99.92
nvme1n1       9243.20  94128.80    11.40   0.12    0.07    10.18   50.60  31466.40     0.60   1.17    0.14   621.87    0.00      0.00     0.00   0.00    0.00     0.00    0.00  99.92
nvme20n1      9127.60  94100.00    12.00   0.13    0.07    10.31   38.20  29764.80     0.00   0.00    0.33   779.18    0.00      0.00     0.00   0.00    0.00     0.00    0.00 100.00
nvme21n1      9170.20  94942.40    10.20   0.11    0.07    10.35   38.00  29642.40     0.00   0.00    0.29   780.06    0.00      0.00     0.00   0.00    0.00     0.00    0.00  99.92
nvme22n1      9214.60  96165.60    11.60   0.13    0.07    10.44   39.00  30710.40     0.00   0.00    0.32   787.45    0.00      0.00     0.00   0.00    0.00     0.00    0.00  99.92
nvme23n1      9201.00  96443.20    10.00   0.11    0.07    10.48   38.80  31129.60     0.00   0.00    0.18   802.31    0.00      0.00     0.00   0.00    0.00     0.00    0.00  99.92
nvme24n1      9368.40  98724.80    13.00   0.14    0.07    10.54   42.00  32396.00     0.00   0.00    0.30   771.33    0.00      0.00     0.00   0.00    0.00     0.00    0.00 100.00
nvme25n1      9281.20  97575.20    10.40   0.11    0.07    10.51   40.00  31360.80     0.00   0.00    0.30   784.02    0.00      0.00     0.00   0.00    0.00     0.00    0.00  99.92
nvme26n1      9188.60  96248.80    12.80   0.14    0.07    10.47   39.40  31018.40     0.00   0.00    0.30   787.27    0.00      0.00     0.00   0.00    0.00     0.00    0.00  99.92
nvme27n1      9200.60  96554.40    10.60   0.12    0.07    10.49   40.40  31670.40     0.00   0.00    0.17   783.92    0.00      0.00     0.00   0.00    0.00     0.00    0.00  99.84
nvme28n1      9130.60  94942.40    12.80   0.14    0.07    10.40   41.80  30516.00     0.00   0.00    0.30   730.05    0.00      0.00     0.00   0.00    0.00     0.00    0.00 100.00
nvme29n1      9240.80  96177.60     9.60   0.10    0.07    10.41   40.20  31881.60     0.00   0.00    0.32   793.07    0.00      0.00     0.00   0.00    0.00     0.00    0.00  99.92
nvme2n1       9076.80  93689.60     8.80   0.10    0.07    10.32   41.20  32041.60     0.00   0.00    0.33   777.71    0.00      0.00     0.00   0.00    0.00     0.00    0.00 100.00
nvme30n1      9240.40  95956.80    12.20   0.13    0.07    10.38   41.00  32352.00     0.00   0.00    0.28   789.07    0.00      0.00     0.00   0.00    0.00     0.00    0.00  99.84
nvme31n1      9150.80  94053.60     9.40   0.10    0.07    10.28   40.20  31759.20     0.00   0.00    0.31   790.03    0.00      0.00     0.00   0.00    0.00     0.00    0.00 100.08
nvme3n1       9170.60  94633.60    11.00   0.12    0.07    10.32   39.60  31187.20     0.00   0.00    0.34   787.56    0.00      0.00     0.00   0.00    0.00     0.00    0.00 100.00
nvme4n1       9338.60  97402.40    10.20   0.11    0.07    10.43   40.40  32890.40     0.00   0.00    0.33   814.12    0.00      0.00     0.00   0.00    0.00     0.00    0.00  99.92
nvme5n1       9295.20  96937.60    10.60   0.11    0.07    10.43   42.00  32975.20     0.00   0.00    0.32   785.12    0.00      0.00     0.00   0.00    0.00     0.00    0.00  99.92
nvme6n1       9359.40  97462.40    12.40   0.13    0.07    10.41   59.60  32361.60     0.20   0.33    0.23   542.98    0.00      0.00     0.00   0.00    0.00     0.00    0.00  99.92
nvme7n1       9275.60  96376.80     9.80   0.11    0.07    10.39   39.80  31939.20     0.00   0.00    0.34   802.49    0.00      0.00     0.00   0.00    0.00     0.00    0.00  99.92
nvme8n1       9326.40  96207.20    10.80   0.12    0.07    10.32   64.60  31940.80     0.00   0.00    0.20   494.44    0.00      0.00     0.00   0.00    0.00     0.00    0.00 100.00
nvme9n1       9321.00  97216.80    10.40   0.11    0.07    10.43   40.40  32258.40     0.00   0.00    0.33   798.48    0.00      0.00     0.00   0.00    0.00     0.00    0.00  99.92


Device            r/s     rkB/s   rrqm/s  %rrqm r_await rareq-sz     w/s     wkB/s   wrqm/s  %wrqm w_await wareq-sz     d/s     dkB/s   drqm/s  %drqm d_await dareq-sz  aqu-sz  %util
dm-0             0.00      0.00     0.00   0.00    0.00     0.00    2.00      8.00     0.00   0.00    0.00     4.00    0.00      0.00     0.00   0.00    0.00     0.00    0.00   0.08
loop0            0.00      0.00     0.00   0.00    0.00     0.00    0.00      0.00     0.00   0.00    0.00     0.00    0.00      0.00     0.00   0.00    0.00     0.00    0.00   0.00
loop1            0.00      0.00     0.00   0.00    0.00     0.00    0.00      0.00     0.00   0.00    0.00     0.00    0.00      0.00     0.00   0.00    0.00     0.00    0.00   0.00
loop2            0.00      0.00     0.00   0.00    0.00     0.00    0.00      0.00     0.00   0.00    0.00     0.00    0.00      0.00     0.00   0.00    0.00     0.00    0.00   0.00
loop3            0.00      0.00     0.00   0.00    0.00     0.00    0.00      0.00     0.00   0.00    0.00     0.00    0.00      0.00     0.00   0.00    0.00     0.00    0.00   0.00
loop4            0.00      0.00     0.00   0.00    0.00     0.00    0.00      0.00     0.00   0.00    0.00     0.00    0.00      0.00     0.00   0.00    0.00     0.00    0.00   0.00
loop5            0.00      0.00     0.00   0.00    0.00     0.00    0.00      0.00     0.00   0.00    0.00     0.00    0.00      0.00     0.00   0.00    0.00     0.00    0.00   0.00
loop6            0.00      0.00     0.00   0.00    0.00     0.00    0.00      0.00     0.00   0.00    0.00     0.00    0.00      0.00     0.00   0.00    0.00     0.00    0.00   0.00
loop7            0.00      0.00     0.00   0.00    0.00     0.00    0.00      0.00     0.00   0.00    0.00     0.00    0.00      0.00     0.00   0.00    0.00     0.00    0.00   0.00
md0           258608.80 2940366.40     0.00   0.00    0.00    11.37 1308.60 1076102.40     0.00   0.00    0.00   822.33    0.00      0.00     0.00   0.00    0.00     0.00    0.00   0.00
nvme0n1          0.00      0.00     0.00   0.00    0.00     0.00    0.40      8.00     1.60  80.00    0.00    20.00    0.00      0.00     0.00   0.00    0.00     0.00    0.00   0.08
nvme10n1      8323.60  90849.60    11.60   0.14    0.07    10.91   38.40  31497.60     0.00   0.00    0.30   820.25    0.00      0.00     0.00   0.00    0.00     0.00    0.00  96.96
nvme11n1      8447.60  92240.80    13.60   0.16    0.07    10.92   39.60  32248.00     0.00   0.00    0.18   814.34    0.00      0.00     0.00   0.00    0.00     0.00    0.00  96.24
nvme12n1      8407.80  90803.20    11.20   0.13    0.07    10.80   37.40  31319.20     0.00   0.00    0.31   837.41    0.00      0.00     0.00   0.00    0.00     0.00    0.00  96.40
nvme13n1      8402.00  91119.20    13.40   0.16    0.07    10.84   37.40  31200.00     0.00   0.00    0.34   834.22    0.00      0.00     0.00   0.00    0.00     0.00    0.00  96.96
nvme14n1      8476.80  91868.80    11.80   0.14    0.07    10.84   38.40  32264.00     0.00   0.00    0.32   840.21    0.00      0.00     0.00   0.00    0.00     0.00    0.00  96.48
nvme15n1      8440.60  91048.80    13.00   0.15    0.07    10.79   39.00  31952.80     0.00   0.00    0.31   819.30    0.00      0.00     0.00   0.00    0.00     0.00    0.00  97.04
nvme16n1      8386.40  89650.40    11.00   0.13    0.07    10.69   40.00  32184.80     0.00   0.00    0.33   804.62    0.00      0.00     0.00   0.00    0.00     0.00    0.00  96.88
nvme17n1      8324.00  89456.80    11.60   0.14    0.07    10.75   39.40  31560.80     0.00   0.00    0.30   801.04    0.00      0.00     0.00   0.00    0.00     0.00    0.00  96.40
nvme18n1      8442.60  90890.40    11.40   0.13    0.07    10.77   39.60  31610.40     0.00   0.00    0.34   798.24    0.00      0.00     0.00   0.00    0.00     0.00    0.00  97.28
nvme19n1      8232.20  89408.00    11.80   0.14    0.07    10.86   40.20  30855.20     0.00   0.00    0.29   767.54    0.00      0.00     0.00   0.00    0.00     0.00    0.00  96.80
nvme1n1       8279.00  90978.40    12.00   0.14    0.07    10.99   47.60  31298.40     0.80   1.65    0.14   657.53    0.00      0.00     0.00   0.00    0.00     0.00    0.00  97.12
nvme20n1      8315.80  89384.80    12.00   0.14    0.07    10.75   39.80  31151.20     0.00   0.00    0.32   782.69    0.00      0.00     0.00   0.00    0.00     0.00    0.00  96.48
nvme21n1      8339.80  89496.00    11.00   0.13    0.07    10.73   40.00  31197.60     0.00   0.00    0.28   779.94    0.00      0.00     0.00   0.00    0.00     0.00    0.00  97.04
nvme22n1      8329.40  89704.80    13.00   0.16    0.07    10.77   39.40  31005.60     0.00   0.00    0.31   786.94    0.00      0.00     0.00   0.00    0.00     0.00    0.00  96.64
nvme23n1      8431.40  91419.20    11.60   0.14    0.07    10.84   39.60  31235.20     0.00   0.00    0.17   788.77    0.00      0.00     0.00   0.00    0.00     0.00    0.00  96.48
nvme24n1      8409.60  91316.80    13.40   0.16    0.07    10.86   40.60  31817.60     0.00   0.00    0.30   783.68    0.00      0.00     0.00   0.00    0.00     0.00    0.00  97.84
nvme25n1      8257.60  89077.60    11.60   0.14    0.07    10.79   41.40  32013.60     0.00   0.00    0.30   773.28    0.00      0.00     0.00   0.00    0.00     0.00    0.00  96.16
nvme26n1      8296.80  88736.00    11.80   0.14    0.07    10.70   40.20  31204.80     0.00   0.00    0.30   776.24    0.00      0.00     0.00   0.00    0.00     0.00    0.00  96.56
nvme27n1      8357.60  90047.20    11.00   0.13    0.07    10.77   39.00  31756.80     0.00   0.00    0.17   814.28    0.00      0.00     0.00   0.00    0.00     0.00    0.00  96.72
nvme28n1      8246.20  88795.20    11.20   0.14    0.07    10.77   38.80  30903.20     0.00   0.00    0.32   796.47    0.00      0.00     0.00   0.00    0.00     0.00    0.00  97.04
nvme29n1      8255.20  89662.40    10.80   0.13    0.07    10.86   38.80  30922.40     0.00   0.00    0.31   796.97    0.00      0.00     0.00   0.00    0.00     0.00    0.00  96.72
nvme2n1       8258.20  90723.20    11.80   0.14    0.07    10.99   36.80  30428.00     0.00   0.00    0.36   826.85    0.00      0.00     0.00   0.00    0.00     0.00    0.00  97.04
nvme30n1      8204.00  89784.80    12.00   0.15    0.07    10.94   36.60  31060.80     0.00   0.00    0.31   848.66    0.00      0.00     0.00   0.00    0.00     0.00    0.00  96.88
nvme31n1      8362.80  91432.00    11.40   0.14    0.07    10.93   36.80  31123.20     0.00   0.00    0.32   845.74    0.00      0.00     0.00   0.00    0.00     0.00    0.00  97.44
nvme3n1       8301.00  90176.00    12.40   0.15    0.07    10.86   36.40  30701.60     0.00   0.00    0.36   843.45    0.00      0.00     0.00   0.00    0.00     0.00    0.00  97.04
nvme4n1       8344.20  90672.00    11.20   0.13    0.07    10.87   36.60  30580.00     0.00   0.00    0.33   835.52    0.00      0.00     0.00   0.00    0.00     0.00    0.00  97.20
nvme5n1       8272.60  90583.20    13.00   0.16    0.07    10.95   37.20  30734.40     0.00   0.00    0.33   826.19    0.00      0.00     0.00   0.00    0.00     0.00    0.00  96.64
nvme6n1       8241.80  89739.20    10.80   0.13    0.07    10.89   66.20  30844.80     0.80   1.19    0.19   465.93    0.00      0.00     0.00   0.00    0.00     0.00    0.00  97.04
nvme7n1       8291.40  90393.60    13.60   0.16    0.07    10.90   37.20  30931.20     0.00   0.00    0.35   831.48    0.00      0.00     0.00   0.00    0.00     0.00    0.00  97.28
nvme8n1       8270.00  90172.80    10.80   0.13    0.07    10.90   69.00  30677.60     0.00   0.00    0.17   444.60    0.00      0.00     0.00   0.00    0.00     0.00    0.00  96.80
nvme9n1       8290.00  89860.00    14.40   0.17    0.07    10.84   38.20  30526.40     0.00   0.00    0.32   799.12    0.00      0.00     0.00   0.00    0.00     0.00    0.00  96.64


Device            r/s     rkB/s   rrqm/s  %rrqm r_await rareq-sz     w/s     wkB/s   wrqm/s  %wrqm w_await wareq-sz     d/s     dkB/s   drqm/s  %drqm d_await dareq-sz  aqu-sz  %util
dm-0             0.00      0.00     0.00   0.00    0.00     0.00    1.60      6.40     0.00   0.00    0.00     4.00    0.00      0.00     0.00   0.00    0.00     0.00    0.00   0.08
loop0            0.00      0.00     0.00   0.00    0.00     0.00    0.00      0.00     0.00   0.00    0.00     0.00    0.00      0.00     0.00   0.00    0.00     0.00    0.00   0.00
loop1            0.00      0.00     0.00   0.00    0.00     0.00    0.00      0.00     0.00   0.00    0.00     0.00    0.00      0.00     0.00   0.00    0.00     0.00    0.00   0.00
loop2            0.00      0.00     0.00   0.00    0.00     0.00    0.00      0.00     0.00   0.00    0.00     0.00    0.00      0.00     0.00   0.00    0.00     0.00    0.00   0.00
loop3            0.00      0.00     0.00   0.00    0.00     0.00    0.00      0.00     0.00   0.00    0.00     0.00    0.00      0.00     0.00   0.00    0.00     0.00    0.00   0.00
loop4            0.00      0.00     0.00   0.00    0.00     0.00    0.00      0.00     0.00   0.00    0.00     0.00    0.00      0.00     0.00   0.00    0.00     0.00    0.00   0.00
loop5            0.00      0.00     0.00   0.00    0.00     0.00    0.00      0.00     0.00   0.00    0.00     0.00    0.00      0.00     0.00   0.00    0.00     0.00    0.00   0.00
loop6            0.00      0.00     0.00   0.00    0.00     0.00    0.00      0.00     0.00   0.00    0.00     0.00    0.00      0.00     0.00   0.00    0.00     0.00    0.00   0.00
loop7            0.00      0.00     0.00   0.00    0.00     0.00    0.00      0.00     0.00   0.00    0.00     0.00    0.00      0.00     0.00   0.00    0.00     0.00    0.00   0.00
md0           177034.20 2672524.80     0.00   0.00    0.00    15.10 1690.80 1263173.60     0.00   0.00    0.00   747.09    0.00      0.00     0.00   0.00    0.00     0.00    0.00   0.00
nvme0n1          0.00      0.00     0.00   0.00    0.00     0.00    0.40      6.40     1.20  75.00    0.00    16.00    0.00      0.00     0.00   0.00    0.00     0.00    0.00   0.08
nvme10n1      5785.60  79101.60    15.80   0.27    0.07    13.67   45.60  37640.80     2.80   5.79    0.32   825.46    0.00      0.00     0.00   0.00    0.00     0.00    0.00  85.20
nvme11n1      5732.60  79224.00    16.60   0.29    0.07    13.82   45.20  37515.20     5.00   9.96    0.19   829.98    0.00      0.00     0.00   0.00    0.00     0.00    0.00  86.24
nvme12n1      5715.20  78971.20    16.20   0.28    0.07    13.82   45.20  36867.20     2.80   5.83    0.31   815.65    0.00      0.00     0.00   0.00    0.00     0.00    0.00  85.68
nvme13n1      5701.20  78904.00    16.80   0.29    0.08    13.84   44.80  37164.00     3.20   6.67    0.36   829.55    0.00      0.00     0.00   0.00    0.00     0.00    0.00  83.68
nvme14n1      5652.60  78430.40    17.00   0.30    0.07    13.88   45.20  36728.80     2.80   5.83    0.32   812.58    0.00      0.00     0.00   0.00    0.00     0.00    0.00  86.08
nvme15n1      5620.20  77963.20    17.40   0.31    0.07    13.87   46.40  37095.20     3.60   7.20    0.31   799.47    0.00      0.00     0.00   0.00    0.00     0.00    0.00  84.24
nvme16n1      5637.80  78541.60    15.60   0.28    0.07    13.93   45.40  36811.20     5.00   9.92    0.34   810.82    0.00      0.00     0.00   0.00    0.00     0.00    0.00  85.36
nvme17n1      5632.00  77982.40    17.60   0.31    0.07    13.85   44.80  36658.40     4.80   9.68    0.31   818.27    0.00      0.00     0.00   0.00    0.00     0.00    0.00  84.00
nvme18n1      5728.80  78908.80    15.80   0.28    0.07    13.77   45.80  38322.40     5.20  10.20    0.35   836.73    0.00      0.00     0.00   0.00    0.00     0.00    0.00  84.56
nvme19n1      5647.20  77558.40    16.80   0.30    0.07    13.73   46.60  38197.60     4.00   7.91    0.31   819.69    0.00      0.00     0.00   0.00    0.00     0.00    0.00  84.88
nvme1n1       5705.00  78356.80    14.60   0.26    0.07    13.73   57.20  37789.60     6.80  10.62    0.15   660.66    0.00      0.00     0.00   0.00    0.00     0.00    0.00  85.60
nvme20n1      5678.40  79180.80    15.80   0.28    0.07    13.94   47.20  37900.80     5.20   9.92    0.34   802.98    0.00      0.00     0.00   0.00    0.00     0.00    0.00  85.04
nvme21n1      5668.20  78347.20    17.40   0.31    0.07    13.82   45.20  37331.20     4.80   9.60    0.31   825.91    0.00      0.00     0.00   0.00    0.00     0.00    0.00  86.08
nvme22n1      5713.00  78676.00    14.80   0.26    0.07    13.77   46.40  37815.20     5.60  10.77    0.33   814.98    0.00      0.00     0.00   0.00    0.00     0.00    0.00  84.96
nvme23n1      5687.40  78469.60    18.40   0.32    0.07    13.80   48.40  37981.60     6.00  11.03    0.17   784.74    0.00      0.00     0.00   0.00    0.00     0.00    0.00  84.32
nvme24n1      5773.20  79024.00    14.60   0.25    0.07    13.69   45.60  37716.00     5.60  10.94    0.33   827.11    0.00      0.00     0.00   0.00    0.00     0.00    0.00  84.72
nvme25n1      5686.20  78372.00    17.80   0.31    0.07    13.78   46.80  36977.60     4.20   8.24    0.31   790.12    0.00      0.00     0.00   0.00    0.00     0.00    0.00  85.76
nvme26n1      5654.00  78379.20    15.00   0.26    0.07    13.86   45.20  36724.00     5.60  11.02    0.32   812.48    0.00      0.00     0.00   0.00    0.00     0.00    0.00  85.20
nvme27n1      5795.80  80546.40    18.20   0.31    0.07    13.90   46.40  37373.60     6.20  11.79    0.18   805.47    0.00      0.00     0.00   0.00    0.00     0.00    0.00  85.84
nvme28n1      5750.60  79566.40    15.60   0.27    0.07    13.84   45.20  37000.00     5.60  11.02    0.34   818.58    0.00      0.00     0.00   0.00    0.00     0.00    0.00  85.52
nvme29n1      5712.20  78731.20    16.80   0.29    0.08    13.78   47.40  37120.00     6.20  11.57    0.32   783.12    0.00      0.00     0.00   0.00    0.00     0.00    0.00  84.32
nvme2n1       5613.60  77453.60    17.00   0.30    0.08    13.80   47.80  37296.80     7.00  12.77    0.34   780.27    0.00      0.00     0.00   0.00    0.00     0.00    0.00  84.32
nvme30n1      5711.40  78812.80    15.40   0.27    0.08    13.80   44.40  37156.00     5.60  11.20    0.32   836.85    0.00      0.00     0.00   0.00    0.00     0.00    0.00  84.96
nvme31n1      5752.80  78845.60    17.20   0.30    0.07    13.71   46.20  37384.80     6.00  11.49    0.32   809.19    0.00      0.00     0.00   0.00    0.00     0.00    0.00  83.44
nvme3n1       5732.00  78693.60    14.60   0.25    0.08    13.73   47.00  37597.60     6.00  11.32    0.34   799.95    0.00      0.00     0.00   0.00    0.00     0.00    0.00  85.12
nvme4n1       5651.80  77548.00    16.60   0.29    0.07    13.72   46.20  37513.60     7.20  13.48    0.33   811.98    0.00      0.00     0.00   0.00    0.00     0.00    0.00  85.60
nvme5n1       5654.40  77273.60    15.00   0.26    0.07    13.67   45.40  37666.40     4.80   9.56    0.33   829.66    0.00      0.00     0.00   0.00    0.00     0.00    0.00  85.04
nvme6n1       5620.80  76641.60    16.00   0.28    0.07    13.64   74.80  36105.60     9.40  11.16    0.21   482.70    0.00      0.00     0.00   0.00    0.00     0.00    0.00  86.00
nvme7n1       5709.80  78314.40    16.00   0.28    0.08    13.72   44.20  36412.80     9.20  17.23    0.35   823.82    0.00      0.00     0.00   0.00    0.00     0.00    0.00  85.36
nvme8n1       5703.20  77229.60    16.60   0.29    0.08    13.54   72.00  37116.80     9.80  11.98    0.21   515.51    0.00      0.00     0.00   0.00    0.00     0.00    0.00  85.36
nvme9n1       5705.40  77648.80    15.40   0.27    0.07    13.61   44.60  37215.20     3.40   7.08    0.34   834.42    0.00      0.00     0.00   0.00    0.00     0.00    0.00  84.00


Device            r/s     rkB/s   rrqm/s  %rrqm r_await rareq-sz     w/s     wkB/s   wrqm/s  %wrqm w_await wareq-sz     d/s     dkB/s   drqm/s  %drqm d_await dareq-sz  aqu-sz  %util
dm-0             0.60      7.20     0.00   0.00    0.00    12.00    1.80      7.20     0.00   0.00    0.00     4.00    0.00      0.00     0.00   0.00    0.00     0.00    0.00   0.24
loop0            0.00      0.00     0.00   0.00    0.00     0.00    0.00      0.00     0.00   0.00    0.00     0.00    0.00      0.00     0.00   0.00    0.00     0.00    0.00   0.00
loop1            0.00      0.00     0.00   0.00    0.00     0.00    0.00      0.00     0.00   0.00    0.00     0.00    0.00      0.00     0.00   0.00    0.00     0.00    0.00   0.00
loop2            0.00      0.00     0.00   0.00    0.00     0.00    0.00      0.00     0.00   0.00    0.00     0.00    0.00      0.00     0.00   0.00    0.00     0.00    0.00   0.00
loop3            0.00      0.00     0.00   0.00    0.00     0.00    0.00      0.00     0.00   0.00    0.00     0.00    0.00      0.00     0.00   0.00    0.00     0.00    0.00   0.00
loop4            0.00      0.00     0.00   0.00    0.00     0.00    0.00      0.00     0.00   0.00    0.00     0.00    0.00      0.00     0.00   0.00    0.00     0.00    0.00   0.00
loop5            0.00      0.00     0.00   0.00    0.00     0.00    0.00      0.00     0.00   0.00    0.00     0.00    0.00      0.00     0.00   0.00    0.00     0.00    0.00   0.00
loop6            0.00      0.00     0.00   0.00    0.00     0.00    0.00      0.00     0.00   0.00    0.00     0.00    0.00      0.00     0.00   0.00    0.00     0.00    0.00   0.00
loop7            0.00      0.00     0.00   0.00    0.00     0.00    0.00      0.00     0.00   0.00    0.00     0.00    0.00      0.00     0.00   0.00    0.00     0.00    0.00   0.00
md0           205233.20 3521540.80     0.00   0.00    0.00    17.16 2169.40 1840230.40     0.00   0.00    0.00   848.27    0.00      0.00     0.00   0.00    0.00     0.00    0.00   0.00
nvme0n1          0.60      7.20     0.00   0.00    0.00    12.00    0.40      7.20     1.40  77.78    0.00    18.00    0.00      0.00     0.00   0.00    0.00     0.00    0.00   0.24
nvme10n1      6723.80 103784.80    24.20   0.36    0.08    15.44   64.60  53468.80     0.00   0.00    0.33   827.69    0.00      0.00     0.00   0.00    0.00     0.00    0.00  92.16
nvme11n1      6631.40 102540.00    25.40   0.38    0.07    15.46   64.20  53319.20     0.00   0.00    0.19   830.52    0.00      0.00     0.00   0.00    0.00     0.00    0.00  92.32
nvme12n1      6635.40 101171.20    23.60   0.35    0.07    15.25   65.40  53385.60     0.00   0.00    0.34   816.29    0.00      0.00     0.00   0.00    0.00     0.00    0.00  92.08
nvme13n1      6570.80  99972.00    25.00   0.38    0.08    15.21   64.60  53547.20     0.00   0.00    0.39   828.90    0.00      0.00     0.00   0.00    0.00     0.00    0.00  93.12
nvme14n1      6585.80  98992.80    22.00   0.33    0.07    15.03   64.60  53820.80     0.00   0.00    0.34   833.14    0.00      0.00     0.00   0.00    0.00     0.00    0.00  91.76
nvme15n1      6634.00 100122.40    23.60   0.35    0.08    15.09   65.80  54382.40     0.00   0.00    0.35   826.48    0.00      0.00     0.00   0.00    0.00     0.00    0.00  92.64
nvme16n1      6553.60  99748.80    21.40   0.33    0.08    15.22   68.40  54239.20     0.00   0.00    0.34   792.97    0.00      0.00     0.00   0.00    0.00     0.00    0.00  92.32
nvme17n1      6537.40 100042.40    24.40   0.37    0.07    15.30   65.20  53936.00     0.00   0.00    0.33   827.24    0.00      0.00     0.00   0.00    0.00     0.00    0.00  92.56
nvme18n1      6494.80 100702.40    21.80   0.33    0.08    15.51   66.40  54645.60     0.00   0.00    0.38   822.98    0.00      0.00     0.00   0.00    0.00     0.00    0.00  92.88
nvme19n1      6575.00 102232.00    25.20   0.38    0.08    15.55   66.80  55648.80     0.00   0.00    0.35   833.07    0.00      0.00     0.00   0.00    0.00     0.00    0.00  92.32
nvme1n1       6702.00 105501.60    24.60   0.37    0.07    15.74   75.60  54538.40     0.80   1.05    0.17   721.41    0.00      0.00     0.00   0.00    0.00     0.00    0.00  92.40
nvme20n1      6537.80 102176.80    23.60   0.36    0.08    15.63   67.40  56096.80     0.00   0.00    0.39   832.30    0.00      0.00     0.00   0.00    0.00     0.00    0.00  92.32
nvme21n1      6573.40 102396.00    25.20   0.38    0.08    15.58   67.80  55658.40     0.00   0.00    0.33   820.92    0.00      0.00     0.00   0.00    0.00     0.00    0.00  93.12
nvme22n1      6545.40 103426.40    24.40   0.37    0.08    15.80   66.40  56268.80     0.00   0.00    0.35   847.42    0.00      0.00     0.00   0.00    0.00     0.00    0.00  92.00
nvme23n1      6538.20 102759.20    25.60   0.39    0.07    15.72   69.20  56216.80     0.00   0.00    0.18   812.38    0.00      0.00     0.00   0.00    0.00     0.00    0.00  92.08
nvme24n1      6590.00 104832.00    24.60   0.37    0.08    15.91   68.60  56686.40     0.00   0.00    0.34   826.33    0.00      0.00     0.00   0.00    0.00     0.00    0.00  91.04
nvme25n1      6549.00 104784.00    26.40   0.40    0.08    16.00   68.60  57209.60     0.00   0.00    0.36   833.96    0.00      0.00     0.00   0.00    0.00     0.00    0.00  92.16
nvme26n1      6577.80 104372.00    24.60   0.37    0.08    15.87   69.60  57580.00     0.00   0.00    0.35   827.30    0.00      0.00     0.00   0.00    0.00     0.00    0.00  92.64
nvme27n1      6561.40 103516.00    26.60   0.40    0.08    15.78   67.60  55744.80     0.00   0.00    0.19   824.63    0.00      0.00     0.00   0.00    0.00     0.00    0.00  91.76
nvme28n1      6670.60 105007.20    23.80   0.36    0.08    15.74   67.00  56176.80     0.00   0.00    0.39   838.46    0.00      0.00     0.00   0.00    0.00     0.00    0.00  91.52
nvme29n1      6579.80 104770.40    26.20   0.40    0.08    15.92   67.60  56570.40     0.00   0.00    0.35   836.84    0.00      0.00     0.00   0.00    0.00     0.00    0.00  91.68
nvme2n1       6678.20 104069.60    25.20   0.38    0.08    15.58   63.80  53798.40     0.00   0.00    0.37   843.24    0.00      0.00     0.00   0.00    0.00     0.00    0.00  90.96
nvme30n1      6570.40 104172.80    24.60   0.37    0.08    15.85   68.00  55555.20     0.00   0.00    0.33   816.99    0.00      0.00     0.00   0.00    0.00     0.00    0.00  92.32
nvme31n1      6686.60 105400.00    25.40   0.38    0.08    15.76   64.40  54658.40     0.00   0.00    0.36   848.73    0.00      0.00     0.00   0.00    0.00     0.00    0.00  92.08
nvme3n1       6690.20 104316.80    24.60   0.37    0.08    15.59   65.00  55144.80     0.00   0.00    0.38   848.38    0.00      0.00     0.00   0.00    0.00     0.00    0.00  90.96
nvme4n1       6548.80 103179.20    25.60   0.39    0.08    15.76   66.80  53651.20     0.00   0.00    0.35   803.16    0.00      0.00     0.00   0.00    0.00     0.00    0.00  91.68
nvme5n1       6552.40 103026.40    26.00   0.40    0.08    15.72   64.00  53480.80     0.00   0.00    0.36   835.64    0.00      0.00     0.00   0.00    0.00     0.00    0.00  92.64
nvme6n1       6572.40 101342.40    23.80   0.36    0.08    15.42   91.60  53748.80     1.60   1.72    0.27   586.78    0.00      0.00     0.00   0.00    0.00     0.00    0.00  91.68
nvme7n1       6572.40 101265.60    24.60   0.37    0.08    15.41   63.40  53146.40     0.00   0.00    0.38   838.27    0.00      0.00     0.00   0.00    0.00     0.00    0.00  90.96
nvme8n1       6606.00 102676.80    22.80   0.34    0.08    15.54   85.40  53920.00     0.00   0.00    0.28   631.38    0.00      0.00     0.00   0.00    0.00     0.00    0.00  92.00
nvme9n1       6618.40 103454.40    29.80   0.45    0.08    15.63   78.60  54079.20     0.00   0.00    0.32   688.03    0.00      0.00     0.00   0.00    0.00     0.00    0.00  92.32


Device            r/s     rkB/s   rrqm/s  %rrqm r_await rareq-sz     w/s     wkB/s   wrqm/s  %wrqm w_await wareq-sz     d/s     dkB/s   drqm/s  %drqm d_await dareq-sz  aqu-sz  %util
dm-0            83.60    334.40     0.00   0.00    0.00     4.00   18.60    106.40     0.00   0.00    0.00     5.72    0.00      0.00     0.00   0.00    0.00     0.00    0.00   0.24
loop0            0.00      0.00     0.00   0.00    0.00     0.00    0.00      0.00     0.00   0.00    0.00     0.00    0.00      0.00     0.00   0.00    0.00     0.00    0.00   0.00
loop1            0.00      0.00     0.00   0.00    0.00     0.00    0.00      0.00     0.00   0.00    0.00     0.00    0.00      0.00     0.00   0.00    0.00     0.00    0.00   0.00
loop2            0.00      0.00     0.00   0.00    0.00     0.00    0.00      0.00     0.00   0.00    0.00     0.00    0.00      0.00     0.00   0.00    0.00     0.00    0.00   0.00
loop3            0.00      0.00     0.00   0.00    0.00     0.00    0.00      0.00     0.00   0.00    0.00     0.00    0.00      0.00     0.00   0.00    0.00     0.00    0.00   0.00
loop4            0.00      0.00     0.00   0.00    0.00     0.00    0.00      0.00     0.00   0.00    0.00     0.00    0.00      0.00     0.00   0.00    0.00     0.00    0.00   0.00
loop5            0.00      0.00     0.00   0.00    0.00     0.00    0.00      0.00     0.00   0.00    0.00     0.00    0.00      0.00     0.00   0.00    0.00     0.00    0.00   0.00
loop6            0.00      0.00     0.00   0.00    0.00     0.00    0.00      0.00     0.00   0.00    0.00     0.00    0.00      0.00     0.00   0.00    0.00     0.00    0.00   0.00
loop7            0.00      0.00     0.00   0.00    0.00     0.00    0.00      0.00     0.00   0.00    0.00     0.00    0.00      0.00     0.00   0.00    0.00     0.00    0.00   0.00
md0           274751.00 3499338.40     0.00   0.00    0.00    12.74 2024.00 1499332.80     0.00   0.00    0.00   740.78    0.00      0.00     0.00   0.00    0.00     0.00    0.00   0.00
nvme0n1          8.20    334.40    75.40  90.19    0.20    40.78   16.60    106.40     2.00  10.75    0.06     6.41    0.00      0.00     0.00   0.00    0.00     0.00    0.00   0.24
nvme10n1      8765.40 103025.60    16.00   0.18    0.07    11.75   55.80  40608.80     0.60   1.06    0.28   727.76    0.00      0.00     0.00   0.00    0.00     0.00    0.00  99.28
nvme11n1      8770.00 103624.00    16.20   0.18    0.07    11.82   55.40  41365.60     0.60   1.07    0.17   746.67    0.00      0.00     0.00   0.00    0.00     0.00    0.00  99.20
nvme12n1      8745.00 103354.40    16.20   0.18    0.07    11.82   55.20  41368.80     0.60   1.08    0.31   749.43    0.00      0.00     0.00   0.00    0.00     0.00    0.00  99.36
nvme13n1      8815.20 105410.40    15.40   0.17    0.07    11.96   55.60  41672.00     0.60   1.07    0.33   749.50    0.00      0.00     0.00   0.00    0.00     0.00    0.00  99.20
nvme14n1      8752.20 105144.80    17.80   0.20    0.07    12.01   57.00  42368.00     0.60   1.04    0.30   743.30    0.00      0.00     0.00   0.00    0.00     0.00    0.00  99.28
nvme15n1      8846.20 106213.60    17.00   0.19    0.07    12.01   58.60  42120.80     0.60   1.01    0.30   718.78    0.00      0.00     0.00   0.00    0.00     0.00    0.00  99.44
nvme16n1      8921.80 107254.40    17.20   0.19    0.07    12.02   56.60  43028.00     0.60   1.05    0.31   760.21    0.00      0.00     0.00   0.00    0.00     0.00    0.00  99.36
nvme17n1      8833.80 105849.60    17.80   0.20    0.07    11.98   56.20  42727.20     0.60   1.06    0.29   760.27    0.00      0.00     0.00   0.00    0.00     0.00    0.00  99.52
nvme18n1      8941.80 107096.80    17.00   0.19    0.07    11.98   56.80  42945.60     0.60   1.05    0.35   756.08    0.00      0.00     0.00   0.00    0.00     0.00    0.00  99.28
nvme19n1      8853.80 105784.00    16.60   0.19    0.07    11.95   55.00  43424.00     0.60   1.08    0.33   789.53    0.00      0.00     0.00   0.00    0.00     0.00    0.00  99.44
nvme1n1       8869.20 104514.40    17.00   0.19    0.07    11.78   72.20  42074.40     2.60   3.48    0.13   582.75    0.00      0.00     0.00   0.00    0.00     0.00    0.00  99.44
nvme20n1      8882.80 106415.20    18.20   0.20    0.07    11.98   60.40  45739.20     0.60   0.98    0.34   757.27    0.00      0.00     0.00   0.00    0.00     0.00    0.00  99.36
nvme21n1      8937.40 105956.80    16.40   0.18    0.07    11.86   59.80  46215.20     0.60   0.99    0.30   772.83    0.00      0.00     0.00   0.00    0.00     0.00    0.00  99.44
nvme22n1      9066.20 107429.60    16.60   0.18    0.07    11.85   62.80  47566.40     0.60   0.95    0.32   757.43    0.00      0.00     0.00   0.00    0.00     0.00    0.00  99.44
nvme23n1      9009.60 107879.20    17.00   0.19    0.07    11.97   63.00  46960.80     0.40   0.63    0.17   745.41    0.00      0.00     0.00   0.00    0.00     0.00    0.00  99.44
nvme24n1      9030.80 107805.60    18.00   0.20    0.07    11.94   63.20  46792.80     0.40   0.63    0.31   740.39    0.00      0.00     0.00   0.00    0.00     0.00    0.00  99.44
nvme25n1      9117.00 109160.00    17.60   0.19    0.07    11.97   64.20  45929.60     0.40   0.62    0.30   715.41    0.00      0.00     0.00   0.00    0.00     0.00    0.00  99.44
nvme26n1      8944.20 105529.60    17.40   0.19    0.07    11.80   62.80  44422.40     0.40   0.63    0.30   707.36    0.00      0.00     0.00   0.00    0.00     0.00    0.00  99.52
nvme27n1      8876.40 103968.00    16.40   0.18    0.07    11.71   61.80  42984.80     0.60   0.96    0.16   695.55    0.00      0.00     0.00   0.00    0.00     0.00    0.00  99.44
nvme28n1      8900.40 104642.40    15.80   0.18    0.07    11.76   60.00  43620.00     0.80   1.32    0.31   727.00    0.00      0.00     0.00   0.00    0.00     0.00    0.00  99.52
nvme29n1      8977.00 106113.60    16.60   0.18    0.07    11.82   58.80  43915.20     0.80   1.34    0.32   746.86    0.00      0.00     0.00   0.00    0.00     0.00    0.00  99.28
nvme2n1       8753.20 103618.40    16.80   0.19    0.07    11.84   57.00  41081.60     0.80   1.38    0.31   720.73    0.00      0.00     0.00   0.00    0.00     0.00    0.00  99.44
nvme30n1      8956.00 105436.00    17.40   0.19    0.07    11.77   59.00  44304.80     0.80   1.34    0.29   750.93    0.00      0.00     0.00   0.00    0.00     0.00    0.00  99.36
nvme31n1      8912.40 103862.40    15.80   0.18    0.07    11.65   58.40  43060.80     0.80   1.35    0.29   737.34    0.00      0.00     0.00   0.00    0.00     0.00    0.00  99.28
nvme3n1       8748.40 102908.80    18.00   0.21    0.07    11.76   55.00  40774.40     0.60   1.08    0.31   741.35    0.00      0.00     0.00   0.00    0.00     0.00    0.00  99.28
nvme4n1       8717.40 102694.40    15.40   0.18    0.07    11.78   51.00  40161.60     0.40   0.78    0.32   787.48    0.00      0.00     0.00   0.00    0.00     0.00    0.00  99.44
nvme5n1       8791.60 103631.20    17.40   0.20    0.07    11.79   52.00  40022.40     0.40   0.76    0.32   769.66    0.00      0.00     0.00   0.00    0.00     0.00    0.00  99.36
nvme6n1       8587.40 101599.20    16.60   0.19    0.07    11.83  125.60  39028.00     4.40   3.38    0.15   310.73    0.00      0.00     0.00   0.00    0.00     0.00    0.00  99.28
nvme7n1       8513.20  99797.60    17.20   0.20    0.07    11.72   50.40  37272.00     0.40   0.79    0.32   739.52    0.00      0.00     0.00   0.00    0.00     0.00    0.00  99.28
nvme8n1       8622.60 100939.20    15.20   0.18    0.07    11.71   73.60  38685.60     0.60   0.81    0.22   525.62    0.00      0.00     0.00   0.00    0.00     0.00    0.00  99.36
nvme9n1       8771.40 102762.40    23.00   0.26    0.07    11.72   91.20  40285.60     0.60   0.65    0.20   441.73    0.00      0.00     0.00   0.00    0.00     0.00    0.00  99.44


Device            r/s     rkB/s   rrqm/s  %rrqm r_await rareq-sz     w/s     wkB/s   wrqm/s  %wrqm w_await wareq-sz     d/s     dkB/s   drqm/s  %drqm d_await dareq-sz  aqu-sz  %util
dm-0             0.00      0.00     0.00   0.00    0.00     0.00    4.20     20.00     0.00   0.00    0.00     4.76    0.00      0.00     0.00   0.00    0.00     0.00    0.00   0.16
loop0            0.00      0.00     0.00   0.00    0.00     0.00    0.00      0.00     0.00   0.00    0.00     0.00    0.00      0.00     0.00   0.00    0.00     0.00    0.00   0.00
loop1            0.00      0.00     0.00   0.00    0.00     0.00    0.00      0.00     0.00   0.00    0.00     0.00    0.00      0.00     0.00   0.00    0.00     0.00    0.00   0.00
loop2            0.00      0.00     0.00   0.00    0.00     0.00    0.00      0.00     0.00   0.00    0.00     0.00    0.00      0.00     0.00   0.00    0.00     0.00    0.00   0.00
loop3            0.00      0.00     0.00   0.00    0.00     0.00    0.00      0.00     0.00   0.00    0.00     0.00    0.00      0.00     0.00   0.00    0.00     0.00    0.00   0.00
loop4            0.00      0.00     0.00   0.00    0.00     0.00    0.00      0.00     0.00   0.00    0.00     0.00    0.00      0.00     0.00   0.00    0.00     0.00    0.00   0.00
loop5            0.00      0.00     0.00   0.00    0.00     0.00    0.00      0.00     0.00   0.00    0.00     0.00    0.00      0.00     0.00   0.00    0.00     0.00    0.00   0.00
loop6            0.00      0.00     0.00   0.00    0.00     0.00    0.00      0.00     0.00   0.00    0.00     0.00    0.00      0.00     0.00   0.00    0.00     0.00    0.00   0.00
loop7            0.00      0.00     0.00   0.00    0.00     0.00    0.00      0.00     0.00   0.00    0.00     0.00    0.00      0.00     0.00   0.00    0.00     0.00    0.00   0.00
md0           208832.80 2682589.60     0.00   0.00    0.00    12.85 1891.60 1117302.40     0.00   0.00    0.00   590.67    0.00      0.00     0.00   0.00    0.00     0.00    0.00   0.00
nvme0n1          0.00      0.00     0.00   0.00    0.00     0.00    0.60     20.00     3.60  85.71    0.00    33.33    0.00      0.00     0.00   0.00    0.00     0.00    0.00   0.16
nvme10n1      6758.00  81316.80    14.40   0.21    0.07    12.03   52.80  33196.00     6.20  10.51    0.28   628.71    0.00      0.00     0.00   0.00    0.00     0.00    0.00  95.20
nvme11n1      6684.00  79742.40    13.00   0.19    0.07    11.93   50.60  32595.20     3.80   6.99    0.17   644.17    0.00      0.00     0.00   0.00    0.00     0.00    0.00  94.48
nvme12n1      6581.40  79177.60    13.60   0.21    0.07    12.03   49.20  31051.20     6.80  12.14    0.29   631.12    0.00      0.00     0.00   0.00    0.00     0.00    0.00  94.48
nvme13n1      6707.20  80032.80    13.40   0.20    0.07    11.93   50.00  31591.20     2.00   3.85    0.32   631.82    0.00      0.00     0.00   0.00    0.00     0.00    0.00  94.72
nvme14n1      6698.00  80863.20    13.80   0.21    0.07    12.07   47.60  31160.80     7.60  13.77    0.30   654.64    0.00      0.00     0.00   0.00    0.00     0.00    0.00  94.24
nvme15n1      6740.00  82038.40    13.20   0.20    0.07    12.17   52.20  32028.80     2.60   4.74    0.29   613.58    0.00      0.00     0.00   0.00    0.00     0.00    0.00  95.20
nvme16n1      6827.40  83358.40    13.60   0.20    0.07    12.21   52.60  31796.80     4.00   7.07    0.31   604.50    0.00      0.00     0.00   0.00    0.00     0.00    0.00  94.96
nvme17n1      6678.80  81211.20    14.40   0.22    0.07    12.16   47.80  30866.40     3.00   5.91    0.29   645.74    0.00      0.00     0.00   0.00    0.00     0.00    0.00  94.72
nvme18n1      6654.40  80451.20    14.20   0.21    0.07    12.09   48.80  31194.40     5.80  10.62    0.32   639.23    0.00      0.00     0.00   0.00    0.00     0.00    0.00  94.96
nvme19n1      6737.00  80542.40    13.00   0.19    0.07    11.96   49.00  31662.40     2.60   5.04    0.30   646.17    0.00      0.00     0.00   0.00    0.00     0.00    0.00  93.92
nvme1n1       6704.60  79922.40    13.00   0.19    0.07    11.92   63.00  34098.40     4.20   6.25    0.15   541.24    0.00      0.00     0.00   0.00    0.00     0.00    0.00  94.16
nvme20n1      6783.00  81764.80    14.00   0.21    0.07    12.05   50.80  32843.20     4.40   7.97    0.33   646.52    0.00      0.00     0.00   0.00    0.00     0.00    0.00  94.96
nvme21n1      6836.60  82168.80    12.40   0.18    0.07    12.02   50.40  32338.40     2.20   4.18    0.29   641.63    0.00      0.00     0.00   0.00    0.00     0.00    0.00  95.28
nvme22n1      6786.80  82012.00    14.60   0.21    0.07    12.08   51.60  31886.40     3.80   6.86    0.29   617.95    0.00      0.00     0.00   0.00    0.00     0.00    0.00  94.00
nvme23n1      6857.20  83015.20    13.80   0.20    0.07    12.11   51.00  33078.40     4.20   7.61    0.17   648.60    0.00      0.00     0.00   0.00    0.00     0.00    0.00  94.00
nvme24n1      6768.60  81217.60    14.60   0.22    0.07    12.00   51.20  32866.40     4.60   8.24    0.29   641.92    0.00      0.00     0.00   0.00    0.00     0.00    0.00  92.96
nvme25n1      6706.20  79024.00    12.80   0.19    0.07    11.78   51.40  32824.00     2.60   4.81    0.30   638.60    0.00      0.00     0.00   0.00    0.00     0.00    0.00  95.52
nvme26n1      6681.20  79076.00    13.40   0.20    0.07    11.84   51.00  33044.00     4.80   8.60    0.30   647.92    0.00      0.00     0.00   0.00    0.00     0.00    0.00  94.24
nvme27n1      6697.20  79133.60    13.40   0.20    0.07    11.82   54.20  32751.20     6.80  11.15    0.16   604.27    0.00      0.00     0.00   0.00    0.00     0.00    0.00  94.56
nvme28n1      6770.20  79312.00    12.60   0.19    0.07    11.71   51.80  32828.80     5.00   8.80    0.30   633.76    0.00      0.00     0.00   0.00    0.00     0.00    0.00  94.16
nvme29n1      6741.20  80478.40    13.60   0.20    0.07    11.94   53.20  33408.80     2.60   4.66    0.30   627.98    0.00      0.00     0.00   0.00    0.00     0.00    0.00  93.68
nvme2n1       6674.80  79533.60    13.60   0.20    0.07    11.92   53.80  35213.60     8.20  13.23    0.33   654.53    0.00      0.00     0.00   0.00    0.00     0.00    0.00  94.80
nvme30n1      6785.00  80618.40    11.60   0.17    0.07    11.88   51.80  33493.60     4.40   7.83    0.29   646.59    0.00      0.00     0.00   0.00    0.00     0.00    0.00  93.84
nvme31n1      6812.00  80844.80    14.20   0.21    0.07    11.87   53.80  34411.20     6.60  10.93    0.29   639.61    0.00      0.00     0.00   0.00    0.00     0.00    0.00  94.56
nvme3n1       6789.40  81938.40    11.80   0.17    0.07    12.07   56.80  35419.20     2.40   4.05    0.31   623.58    0.00      0.00     0.00   0.00    0.00     0.00    0.00  94.08
nvme4n1       6625.60  80055.20    14.80   0.22    0.07    12.08   54.80  35208.00     6.00   9.87    0.31   642.48    0.00      0.00     0.00   0.00    0.00     0.00    0.00  93.36
nvme5n1       6683.20  79572.00    12.20   0.18    0.07    11.91   55.00  34574.40     3.00   5.17    0.32   628.63    0.00      0.00     0.00   0.00    0.00     0.00    0.00  93.44
nvme6n1       6574.80  78613.60    13.60   0.21    0.07    11.96   84.00  34204.00     6.00   6.67    0.20   407.19    0.00      0.00     0.00   0.00    0.00     0.00    0.00  95.52
nvme7n1       6687.20  79828.00    12.60   0.19    0.07    11.94   53.60  33128.80     5.80   9.76    0.32   618.07    0.00      0.00     0.00   0.00    0.00     0.00    0.00  94.72
nvme8n1       6717.20  81197.60    13.40   0.20    0.07    12.09   69.40  34172.00    21.20  23.40    0.24   492.39    0.00      0.00     0.00   0.00    0.00     0.00    0.00  94.56
nvme9n1       6658.40  80712.00    12.40   0.19    0.07    12.12   73.80  32884.00     8.60  10.44    0.22   445.58    0.00      0.00     0.00   0.00    0.00     0.00    0.00  94.88


Device            r/s     rkB/s   rrqm/s  %rrqm r_await rareq-sz     w/s     wkB/s   wrqm/s  %wrqm w_await wareq-sz     d/s     dkB/s   drqm/s  %drqm d_await dareq-sz  aqu-sz  %util
dm-0             0.00      0.00     0.00   0.00    0.00     0.00    2.00      8.00     0.00   0.00    0.00     4.00    0.00      0.00     0.00   0.00    0.00     0.00    0.00   0.08
loop0            0.00      0.00     0.00   0.00    0.00     0.00    0.00      0.00     0.00   0.00    0.00     0.00    0.00      0.00     0.00   0.00    0.00     0.00    0.00   0.00
loop1            0.00      0.00     0.00   0.00    0.00     0.00    0.00      0.00     0.00   0.00    0.00     0.00    0.00      0.00     0.00   0.00    0.00     0.00    0.00   0.00
loop2            0.00      0.00     0.00   0.00    0.00     0.00    0.00      0.00     0.00   0.00    0.00     0.00    0.00      0.00     0.00   0.00    0.00     0.00    0.00   0.00
loop3            0.00      0.00     0.00   0.00    0.00     0.00    0.00      0.00     0.00   0.00    0.00     0.00    0.00      0.00     0.00   0.00    0.00     0.00    0.00   0.00
loop4            0.00      0.00     0.00   0.00    0.00     0.00    0.00      0.00     0.00   0.00    0.00     0.00    0.00      0.00     0.00   0.00    0.00     0.00    0.00   0.00
loop5            0.00      0.00     0.00   0.00    0.00     0.00    0.00      0.00     0.00   0.00    0.00     0.00    0.00      0.00     0.00   0.00    0.00     0.00    0.00   0.00
loop6            0.00      0.00     0.00   0.00    0.00     0.00    0.00      0.00     0.00   0.00    0.00     0.00    0.00      0.00     0.00   0.00    0.00     0.00    0.00   0.00
loop7            0.00      0.00     0.00   0.00    0.00     0.00    0.00      0.00     0.00   0.00    0.00     0.00    0.00      0.00     0.00   0.00    0.00     0.00    0.00   0.00
md0           169197.60 2511248.00     0.00   0.00    0.00    14.84 2109.00 1128580.80     0.00   0.00    0.00   535.13    0.00      0.00     0.00   0.00    0.00     0.00    0.00   0.00
nvme0n1          0.00      0.00     0.00   0.00    0.00     0.00    0.40      8.00     1.60  80.00    0.50    20.00    0.00      0.00     0.00   0.00    0.00     0.00    0.00   0.08
nvme10n1      5292.40  70719.20    14.40   0.27    0.07    13.36   62.40  32703.20     0.60   0.95    0.28   524.09    0.00      0.00     0.00   0.00    0.00     0.00    0.00  88.40
nvme11n1      5293.80  70492.00    14.20   0.27    0.07    13.32   62.20  32760.00     0.80   1.27    0.16   526.69    0.00      0.00     0.00   0.00    0.00     0.00    0.00  87.20
nvme12n1      5268.40  69248.80    14.20   0.27    0.07    13.14   61.40  32364.00     0.60   0.97    0.28   527.10    0.00      0.00     0.00   0.00    0.00     0.00    0.00  88.24
nvme13n1      5306.60  70400.80    13.00   0.24    0.07    13.27   61.60  32284.80     0.80   1.28    0.31   524.10    0.00      0.00     0.00   0.00    0.00     0.00    0.00  87.12
nvme14n1      5383.60  70895.20    14.00   0.26    0.07    13.17   60.60  31911.20     0.60   0.98    0.28   526.59    0.00      0.00     0.00   0.00    0.00     0.00    0.00  88.88
nvme15n1      5398.00  72052.00    13.80   0.25    0.07    13.35   64.20  33248.80     0.60   0.93    0.28   517.89    0.00      0.00     0.00   0.00    0.00     0.00    0.00  88.64
nvme16n1      5462.40  72364.00    15.00   0.27    0.07    13.25   65.40  33326.40     0.60   0.91    0.31   509.58    0.00      0.00     0.00   0.00    0.00     0.00    0.00  87.84
nvme17n1      5366.60  71696.80    14.60   0.27    0.07    13.36   64.60  33947.20     0.60   0.92    0.28   525.50    0.00      0.00     0.00   0.00    0.00     0.00    0.00  87.44
nvme18n1      5398.60  71774.40    14.20   0.26    0.07    13.30   65.00  33256.00     0.60   0.91    0.31   511.63    0.00      0.00     0.00   0.00    0.00     0.00    0.00  87.92
nvme19n1      5544.80  74499.20    13.20   0.24    0.07    13.44   65.80  34168.00     0.60   0.90    0.28   519.27    0.00      0.00     0.00   0.00    0.00     0.00    0.00  88.88
nvme1n1       5380.60  73131.20    14.80   0.27    0.07    13.59   74.20  33763.20     1.00   1.33    0.14   455.03    0.00      0.00     0.00   0.00    0.00     0.00    0.00  89.12
nvme20n1      5528.80  74542.40    14.60   0.26    0.07    13.48   63.80  33468.80     0.60   0.93    0.31   524.59    0.00      0.00     0.00   0.00    0.00     0.00    0.00  89.76
nvme21n1      5493.80  74280.00    15.20   0.28    0.07    13.52   63.60  33394.40     0.60   0.93    0.29   525.07    0.00      0.00     0.00   0.00    0.00     0.00    0.00  88.80
nvme22n1      5496.20  74168.80    14.60   0.26    0.07    13.49   64.60  33675.20     0.40   0.62    0.29   521.29    0.00      0.00     0.00   0.00    0.00     0.00    0.00  87.52
nvme23n1      5556.40  75608.80    15.80   0.28    0.07    13.61   64.20  33834.40     0.40   0.62    0.16   527.02    0.00      0.00     0.00   0.00    0.00     0.00    0.00  87.60
nvme24n1      5620.20  75778.40    14.40   0.26    0.07    13.48   66.40  34259.20     0.40   0.60    0.30   515.95    0.00      0.00     0.00   0.00    0.00     0.00    0.00  88.80
nvme25n1      5532.80  75312.00    15.80   0.28    0.07    13.61   65.20  34121.60     0.40   0.61    0.28   523.34    0.00      0.00     0.00   0.00    0.00     0.00    0.00  87.52
nvme26n1      5599.00  75824.00    14.60   0.26    0.08    13.54   65.00  34301.60     0.40   0.61    0.29   527.72    0.00      0.00     0.00   0.00    0.00     0.00    0.00  89.04
nvme27n1      5553.20  75484.00    15.20   0.27    0.07    13.59   67.20  34106.40     0.40   0.59    0.16   507.54    0.00      0.00     0.00   0.00    0.00     0.00    0.00  88.80
nvme28n1      5556.20  75256.00    14.80   0.27    0.07    13.54   67.00  34852.00     0.40   0.59    0.30   520.18    0.00      0.00     0.00   0.00    0.00     0.00    0.00  89.12
nvme29n1      5540.00  73863.20    15.20   0.27    0.07    13.33   65.20  33740.00     0.40   0.61    0.29   517.48    0.00      0.00     0.00   0.00    0.00     0.00    0.00  88.08
nvme2n1       5370.00  72405.60    15.40   0.29    0.08    13.48   63.80  33350.40     0.40   0.62    0.31   522.73    0.00      0.00     0.00   0.00    0.00     0.00    0.00  88.96
nvme30n1      5460.40  72936.80    15.40   0.28    0.07    13.36   64.40  33523.20     0.40   0.62    0.27   520.55    0.00      0.00     0.00   0.00    0.00     0.00    0.00  88.48
nvme31n1      5556.40  74552.00    15.40   0.28    0.07    13.42   65.80  34304.00     0.40   0.60    0.28   521.34    0.00      0.00     0.00   0.00    0.00     0.00    0.00  89.04
nvme3n1       5390.00  72760.80    14.80   0.27    0.08    13.50   65.00  34640.00     0.40   0.61    0.32   532.92    0.00      0.00     0.00   0.00    0.00     0.00    0.00  87.52
nvme4n1       5498.00  73848.00    14.60   0.26    0.07    13.43   66.20  34910.40     0.40   0.60    0.30   527.35    0.00      0.00     0.00   0.00    0.00     0.00    0.00  88.48
nvme5n1       5408.80  73040.80    14.20   0.26    0.07    13.50   64.60  34553.60     0.40   0.62    0.33   534.89    0.00      0.00     0.00   0.00    0.00     0.00    0.00  88.80
nvme6n1       5408.40  72634.40    15.20   0.28    0.07    13.43   95.40  34281.60     1.80   1.85    0.21   359.35    0.00      0.00     0.00   0.00    0.00     0.00    0.00  89.68
nvme7n1       5333.00  72131.20    14.80   0.28    0.07    13.53   65.20  34895.20     0.60   0.91    0.32   535.20    0.00      0.00     0.00   0.00    0.00     0.00    0.00  88.40
nvme8n1       5379.60  71968.80    19.60   0.36    0.07    13.38   75.00  34696.00     0.60   0.79    0.25   462.61    0.00      0.00     0.00   0.00    0.00     0.00    0.00  89.44
nvme9n1       5360.20  71628.00    15.20   0.28    0.07    13.36   77.00  34184.80     0.80   1.03    0.26   443.96    0.00      0.00     0.00   0.00    0.00     0.00    0.00  89.28


Device            r/s     rkB/s   rrqm/s  %rrqm r_await rareq-sz     w/s     wkB/s   wrqm/s  %wrqm w_await wareq-sz     d/s     dkB/s   drqm/s  %drqm d_await dareq-sz  aqu-sz  %util
dm-0             0.20      0.80     0.00   0.00    0.00     4.00    2.00      8.00     0.00   0.00    0.00     4.00    0.00      0.00     0.00   0.00    0.00     0.00    0.00   0.24
loop0            0.00      0.00     0.00   0.00    0.00     0.00    0.00      0.00     0.00   0.00    0.00     0.00    0.00      0.00     0.00   0.00    0.00     0.00    0.00   0.00
loop1            0.00      0.00     0.00   0.00    0.00     0.00    0.00      0.00     0.00   0.00    0.00     0.00    0.00      0.00     0.00   0.00    0.00     0.00    0.00   0.00
loop2            0.00      0.00     0.00   0.00    0.00     0.00    0.00      0.00     0.00   0.00    0.00     0.00    0.00      0.00     0.00   0.00    0.00     0.00    0.00   0.00
loop3            0.00      0.00     0.00   0.00    0.00     0.00    0.00      0.00     0.00   0.00    0.00     0.00    0.00      0.00     0.00   0.00    0.00     0.00    0.00   0.00
loop4            0.00      0.00     0.00   0.00    0.00     0.00    0.00      0.00     0.00   0.00    0.00     0.00    0.00      0.00     0.00   0.00    0.00     0.00    0.00   0.00
loop5            0.00      0.00     0.00   0.00    0.00     0.00    0.00      0.00     0.00   0.00    0.00     0.00    0.00      0.00     0.00   0.00    0.00     0.00    0.00   0.00
loop6            0.00      0.00     0.00   0.00    0.00     0.00    0.00      0.00     0.00   0.00    0.00     0.00    0.00      0.00     0.00   0.00    0.00     0.00    0.00   0.00
loop7            0.00      0.00     0.00   0.00    0.00     0.00    0.00      0.00     0.00   0.00    0.00     0.00    0.00      0.00     0.00   0.00    0.00     0.00    0.00   0.00
md0           132747.40 1873284.80     0.00   0.00    0.00    14.11 1559.60 772358.40     0.00   0.00    0.00   495.23    0.00      0.00     0.00   0.00    0.00     0.00    0.00   0.00
nvme0n1          0.20      0.80     0.00   0.00    0.00     4.00    0.80      8.00     1.20  60.00    0.00    10.00    0.00      0.00     0.00   0.00    0.00     0.00    0.00   0.24
nvme10n1      4210.00  52183.20     9.40   0.22    0.07    12.40   46.00  23129.60     1.40   2.95    0.29   502.82    0.00      0.00     0.00   0.00    0.00     0.00    0.00  80.96
nvme11n1      4231.60  52899.20     8.80   0.21    0.07    12.50   47.00  23518.40     1.20   2.49    0.17   500.39    0.00      0.00     0.00   0.00    0.00     0.00    0.00  79.44
nvme12n1      4184.80  52199.20     9.60   0.23    0.07    12.47   47.80  23566.40     1.20   2.45    0.28   493.02    0.00      0.00     0.00   0.00    0.00     0.00    0.00  78.72
nvme13n1      4227.80  53269.60     8.00   0.19    0.07    12.60   48.80  24211.20     1.20   2.40    0.30   496.13    0.00      0.00     0.00   0.00    0.00     0.00    0.00  79.44
nvme14n1      4267.00  52733.60    10.60   0.25    0.07    12.36   48.00  24371.20     1.20   2.44    0.29   507.73    0.00      0.00     0.00   0.00    0.00     0.00    0.00  80.64
nvme15n1      4241.80  52704.80     7.80   0.18    0.07    12.43   50.20  24527.20     1.20   2.33    0.29   488.59    0.00      0.00     0.00   0.00    0.00     0.00    0.00  79.20
nvme16n1      4184.40  51628.80    10.20   0.24    0.07    12.34   49.60  24988.80     1.20   2.36    0.29   503.81    0.00      0.00     0.00   0.00    0.00     0.00    0.00  82.08
nvme17n1      4214.80  52552.00     8.20   0.19    0.07    12.47   49.00  25190.40     1.20   2.39    0.27   514.09    0.00      0.00     0.00   0.00    0.00     0.00    0.00  79.84
nvme18n1      4293.00  53850.40     9.80   0.23    0.07    12.54   48.40  24710.40     1.20   2.42    0.31   510.55    0.00      0.00     0.00   0.00    0.00     0.00    0.00  78.80
nvme19n1      4269.60  54064.80     8.80   0.21    0.07    12.66   48.40  24968.80     1.20   2.42    0.29   515.88    0.00      0.00     0.00   0.00    0.00     0.00    0.00  81.04
nvme1n1       4252.00  54412.80     9.00   0.21    0.07    12.80   50.00  22211.20     2.00   3.85    0.15   444.22    0.00      0.00     0.00   0.00    0.00     0.00    0.00  80.48
nvme20n1      4291.00  54804.80    10.20   0.24    0.07    12.77   49.80  25300.00     1.40   2.73    0.31   508.03    0.00      0.00     0.00   0.00    0.00     0.00    0.00  79.44
nvme21n1      4220.20  54415.20     8.80   0.21    0.07    12.89   49.00  25291.20     1.20   2.39    0.28   516.15    0.00      0.00     0.00   0.00    0.00     0.00    0.00  81.52
nvme22n1      4296.60  55373.60    10.00   0.23    0.07    12.89   51.60  25582.40     1.20   2.27    0.29   495.78    0.00      0.00     0.00   0.00    0.00     0.00    0.00  80.88
nvme23n1      4366.00  56590.40     9.20   0.21    0.07    12.96   49.20  24888.00     1.20   2.38    0.17   505.85    0.00      0.00     0.00   0.00    0.00     0.00    0.00  80.16
nvme24n1      4417.60  57508.80    10.80   0.24    0.07    13.02   48.60  24863.20     1.40   2.80    0.30   511.59    0.00      0.00     0.00   0.00    0.00     0.00    0.00  80.40
nvme25n1      4341.80  57248.00     9.80   0.23    0.07    13.19   48.20  24426.40     1.40   2.82    0.29   506.77    0.00      0.00     0.00   0.00    0.00     0.00    0.00  81.52
nvme26n1      4415.60  57460.00    10.60   0.24    0.07    13.01   48.20  24528.00     1.40   2.82    0.29   508.88    0.00      0.00     0.00   0.00    0.00     0.00    0.00  80.64
nvme27n1      4423.40  57258.40    10.80   0.24    0.07    12.94   46.60  23756.80     1.40   2.92    0.16   509.80    0.00      0.00     0.00   0.00    0.00     0.00    0.00  80.08
nvme28n1      4358.60  56048.00    10.00   0.23    0.07    12.86   47.40  23455.20     1.40   2.87    0.29   494.84    0.00      0.00     0.00   0.00    0.00     0.00    0.00  79.44
nvme29n1      4308.00  55190.40    10.20   0.24    0.07    12.81   45.80  23268.00     1.40   2.97    0.28   508.03    0.00      0.00     0.00   0.00    0.00     0.00    0.00  80.24
nvme2n1       4263.20  54894.40     9.20   0.22    0.07    12.88   44.80  22760.80     1.40   3.03    0.30   508.05    0.00      0.00     0.00   0.00    0.00     0.00    0.00  80.08
nvme30n1      4281.40  54632.80     8.20   0.19    0.07    12.76   44.20  22084.80     1.40   3.07    0.27   499.66    0.00      0.00     0.00   0.00    0.00     0.00    0.00  82.08
nvme31n1      4356.00  55768.80    10.00   0.23    0.07    12.80   44.80  22064.00     1.20   2.61    0.27   492.50    0.00      0.00     0.00   0.00    0.00     0.00    0.00  79.84
nvme3n1       4280.80  55073.60     8.80   0.21    0.07    12.87   45.00  22868.00     1.60   3.43    0.32   508.18    0.00      0.00     0.00   0.00    0.00     0.00    0.00  80.72
nvme4n1       4199.40  54193.60    10.60   0.25    0.07    12.91   44.20  22485.60     1.60   3.49    0.29   508.72    0.00      0.00     0.00   0.00    0.00     0.00    0.00  81.60
nvme5n1       4262.80  54393.60     8.60   0.20    0.07    12.76   43.80  22641.60     1.60   3.52    0.30   516.93    0.00      0.00     0.00   0.00    0.00     0.00    0.00  79.68
nvme6n1       4245.00  53925.60     9.80   0.23    0.07    12.70   57.40  23144.00     1.80   3.04    0.23   403.21    0.00      0.00     0.00   0.00    0.00     0.00    0.00  80.80
nvme7n1       4224.60  53210.40     8.80   0.21    0.07    12.60   45.60  23156.80     1.60   3.39    0.31   507.82    0.00      0.00     0.00   0.00    0.00     0.00    0.00  80.08
nvme8n1       4182.20  52850.40     8.80   0.21    0.07    12.64   52.40  22941.60     1.60   2.96    0.25   437.82    0.00      0.00     0.00   0.00    0.00     0.00    0.00  79.84
nvme9n1       4144.60  51888.00     9.20   0.22    0.07    12.52   55.80  22792.00     1.40   2.45    0.24   408.46    0.00      0.00     0.00   0.00    0.00     0.00    0.00  81.36


Device            r/s     rkB/s   rrqm/s  %rrqm r_await rareq-sz     w/s     wkB/s   wrqm/s  %wrqm w_await wareq-sz     d/s     dkB/s   drqm/s  %drqm d_await dareq-sz  aqu-sz  %util
dm-0            43.20    744.00     0.00   0.00    0.20    17.22    2.00      8.00     0.00   0.00    0.00     4.00    0.00      0.00     0.00   0.00    0.00     0.00    0.01   0.56
loop0            0.00      0.00     0.00   0.00    0.00     0.00    0.00      0.00     0.00   0.00    0.00     0.00    0.00      0.00     0.00   0.00    0.00     0.00    0.00   0.00
loop1            0.00      0.00     0.00   0.00    0.00     0.00    0.00      0.00     0.00   0.00    0.00     0.00    0.00      0.00     0.00   0.00    0.00     0.00    0.00   0.00
loop2            0.00      0.00     0.00   0.00    0.00     0.00    0.00      0.00     0.00   0.00    0.00     0.00    0.00      0.00     0.00   0.00    0.00     0.00    0.00   0.00
loop3            0.00      0.00     0.00   0.00    0.00     0.00    0.00      0.00     0.00   0.00    0.00     0.00    0.00      0.00     0.00   0.00    0.00     0.00    0.00   0.00
loop4            0.00      0.00     0.00   0.00    0.00     0.00    0.00      0.00     0.00   0.00    0.00     0.00    0.00      0.00     0.00   0.00    0.00     0.00    0.00   0.00
loop5            0.00      0.00     0.00   0.00    0.00     0.00    0.00      0.00     0.00   0.00    0.00     0.00    0.00      0.00     0.00   0.00    0.00     0.00    0.00   0.00
loop6            0.00      0.00     0.00   0.00    0.00     0.00    0.00      0.00     0.00   0.00    0.00     0.00    0.00      0.00     0.00   0.00    0.00     0.00    0.00   0.00
loop7            0.00      0.00     0.00   0.00    0.00     0.00    0.00      0.00     0.00   0.00    0.00     0.00    0.00      0.00     0.00   0.00    0.00     0.00    0.00   0.00
md0           198195.20 3131030.40     0.00   0.00    0.00    15.80 3142.80 1531688.00     0.00   0.00    0.00   487.36    0.00      0.00     0.00   0.00    0.00     0.00    0.00   0.00
nvme0n1         20.20    744.00    23.00  53.24    0.11    36.83    0.40      8.00     1.60  80.00    0.00    20.00    0.00      0.00     0.00   0.00    0.00     0.00    0.00   0.56
nvme10n1      6239.20  90220.80    21.60   0.35    0.08    14.46   87.20  44503.20     2.00   2.24    0.29   510.36    0.00      0.00     0.00   0.00    0.00     0.00    0.00  93.60
nvme11n1      6278.60  90776.80    22.20   0.35    0.07    14.46   85.80  44784.00     3.40   3.81    0.18   521.96    0.00      0.00     0.00   0.00    0.00     0.00    0.00  94.64
nvme12n1      6367.80  92192.00    21.20   0.33    0.08    14.48   89.20  46019.20     2.00   2.19    0.32   515.91    0.00      0.00     0.00   0.00    0.00     0.00    0.00  93.28
nvme13n1      6340.60  92118.40    23.00   0.36    0.08    14.53   88.60  46592.00     3.40   3.70    0.37   525.87    0.00      0.00     0.00   0.00    0.00     0.00    0.00  92.80
nvme14n1      6325.40  93390.40    21.60   0.34    0.08    14.76   91.40  47619.20     4.80   4.99    0.32   521.00    0.00      0.00     0.00   0.00    0.00     0.00    0.00  93.84
nvme15n1      6378.00  94102.40    22.80   0.36    0.08    14.75   93.20  47467.20     0.40   0.43    0.31   509.30    0.00      0.00     0.00   0.00    0.00     0.00    0.00  92.72
nvme16n1      6377.20  94855.20    21.20   0.33    0.08    14.87   96.00  47831.20     3.40   3.42    0.33   498.24    0.00      0.00     0.00   0.00    0.00     0.00    0.00  93.84
nvme17n1      6444.80  95750.40    25.00   0.39    0.08    14.86   92.80  49233.60     1.80   1.90    0.31   530.53    0.00      0.00     0.00   0.00    0.00     0.00    0.00  93.52
nvme18n1      6462.80  94515.20    22.80   0.35    0.08    14.62   95.60  49763.20     4.60   4.59    0.34   520.54    0.00      0.00     0.00   0.00    0.00     0.00    0.00  93.60
nvme19n1      6454.60  96072.80    24.00   0.37    0.08    14.88   96.80  49604.80     0.20   0.21    0.32   512.45    0.00      0.00     0.00   0.00    0.00     0.00    0.00  93.44
nvme1n1       6333.60  93508.00    25.00   0.39    0.08    14.76  108.40  48178.40     4.20   3.73    0.16   444.45    0.00      0.00     0.00   0.00    0.00     0.00    0.00  93.04
nvme20n1      6335.20  94680.00    24.20   0.38    0.08    14.95   93.40  48007.20     3.80   3.91    0.35   514.00    0.00      0.00     0.00   0.00    0.00     0.00    0.00  92.56
nvme21n1      6524.20  96800.80    23.80   0.36    0.08    14.84   95.40  48925.60     3.80   3.83    0.30   512.85    0.00      0.00     0.00   0.00    0.00     0.00    0.00  93.12
nvme22n1      6511.20  96720.80    24.80   0.38    0.08    14.85   93.80  48708.00     3.00   3.10    0.34   519.28    0.00      0.00     0.00   0.00    0.00     0.00    0.00  92.80
nvme23n1      6458.40  95097.60    22.80   0.35    0.07    14.72   95.80  49196.00     2.20   2.24    0.18   513.53    0.00      0.00     0.00   0.00    0.00     0.00    0.00  93.28
nvme24n1      6437.40  93988.00    24.40   0.38    0.08    14.60   96.20  48955.20     3.60   3.61    0.32   508.89    0.00      0.00     0.00   0.00    0.00     0.00    0.00  93.20
nvme25n1      6448.60  93849.60    22.20   0.34    0.08    14.55   93.60  48561.60     3.00   3.11    0.33   518.82    0.00      0.00     0.00   0.00    0.00     0.00    0.00  92.96
nvme26n1      6456.40  95746.40    24.40   0.38    0.08    14.83   97.00  48884.80     3.20   3.19    0.31   503.97    0.00      0.00     0.00   0.00    0.00     0.00    0.00  95.04
nvme27n1      6390.00  94173.60    23.00   0.36    0.07    14.74   94.80  47963.20     3.40   3.46    0.18   505.94    0.00      0.00     0.00   0.00    0.00     0.00    0.00  93.52
nvme28n1      6468.00  93737.60    24.00   0.37    0.08    14.49   96.20  48597.60     2.80   2.83    0.34   505.17    0.00      0.00     0.00   0.00    0.00     0.00    0.00  93.28
nvme29n1      6440.20  94646.40    23.00   0.36    0.08    14.70   93.40  47493.60     1.60   1.68    0.32   508.50    0.00      0.00     0.00   0.00    0.00     0.00    0.00  93.20
nvme2n1       6323.00  93115.20    21.20   0.33    0.08    14.73   92.20  47746.40     0.80   0.86    0.35   517.86    0.00      0.00     0.00   0.00    0.00     0.00    0.00  93.76
nvme30n1      6343.80  94263.20    25.60   0.40    0.08    14.86   95.00  47627.20     4.00   4.04    0.30   501.34    0.00      0.00     0.00   0.00    0.00     0.00    0.00  94.00
nvme31n1      6269.20  92379.20    21.80   0.35    0.08    14.74   92.20  47440.80     0.80   0.86    0.32   514.54    0.00      0.00     0.00   0.00    0.00     0.00    0.00  92.96
nvme3n1       6453.40  95379.20    24.40   0.38    0.08    14.78   93.00  47660.80     2.20   2.31    0.35   512.48    0.00      0.00     0.00   0.00    0.00     0.00    0.00  93.36
nvme4n1       6314.80  93140.00    23.40   0.37    0.08    14.75   94.80  47111.20     2.60   2.67    0.32   496.95    0.00      0.00     0.00   0.00    0.00     0.00    0.00  93.20
nvme5n1       6310.80  91698.40    24.00   0.38    0.08    14.53   93.80  46257.60     1.60   1.68    0.32   493.15    0.00      0.00     0.00   0.00    0.00     0.00    0.00  92.88
nvme6n1       6303.60  90561.60    22.20   0.35    0.08    14.37  129.20  45757.60     5.00   3.73    0.24   354.16    0.00      0.00     0.00   0.00    0.00     0.00    0.00  92.88
nvme7n1       6228.00  89295.20    21.60   0.35    0.08    14.34   88.40  45299.20     8.20   8.49    0.33   512.43    0.00      0.00     0.00   0.00    0.00     0.00    0.00  93.76
nvme8n1       6242.20  89629.60    21.80   0.35    0.08    14.36  110.40  45804.00    12.40  10.10    0.26   414.89    0.00      0.00     0.00   0.00    0.00     0.00    0.00  92.72
nvme9n1       6223.20  89743.20    25.60   0.41    0.08    14.42  113.60  44785.60    12.60   9.98    0.26   394.24    0.00      0.00     0.00   0.00    0.00     0.00    0.00  94.48


Device            r/s     rkB/s   rrqm/s  %rrqm r_await rareq-sz     w/s     wkB/s   wrqm/s  %wrqm w_await wareq-sz     d/s     dkB/s   drqm/s  %drqm d_await dareq-sz  aqu-sz  %util
dm-0            11.40     45.60     0.00   0.00    0.00     4.00    1.60      6.40     0.00   0.00    0.00     4.00    0.00      0.00     0.00   0.00    0.00     0.00    0.00   0.16
loop0            0.00      0.00     0.00   0.00    0.00     0.00    0.00      0.00     0.00   0.00    0.00     0.00    0.00      0.00     0.00   0.00    0.00     0.00    0.00   0.00
loop1            0.00      0.00     0.00   0.00    0.00     0.00    0.00      0.00     0.00   0.00    0.00     0.00    0.00      0.00     0.00   0.00    0.00     0.00    0.00   0.00
loop2            0.00      0.00     0.00   0.00    0.00     0.00    0.00      0.00     0.00   0.00    0.00     0.00    0.00      0.00     0.00   0.00    0.00     0.00    0.00   0.00
loop3            0.00      0.00     0.00   0.00    0.00     0.00    0.00      0.00     0.00   0.00    0.00     0.00    0.00      0.00     0.00   0.00    0.00     0.00    0.00   0.00
loop4            0.00      0.00     0.00   0.00    0.00     0.00    0.00      0.00     0.00   0.00    0.00     0.00    0.00      0.00     0.00   0.00    0.00     0.00    0.00   0.00
loop5            0.00      0.00     0.00   0.00    0.00     0.00    0.00      0.00     0.00   0.00    0.00     0.00    0.00      0.00     0.00   0.00    0.00     0.00    0.00   0.00
loop6            0.00      0.00     0.00   0.00    0.00     0.00    0.00      0.00     0.00   0.00    0.00     0.00    0.00      0.00     0.00   0.00    0.00     0.00    0.00   0.00
loop7            0.00      0.00     0.00   0.00    0.00     0.00    0.00      0.00     0.00   0.00    0.00     0.00    0.00      0.00     0.00   0.00    0.00     0.00    0.00   0.00
md0           208197.80 3559605.60     0.00   0.00    0.00    17.10 3721.00 1896072.00     0.00   0.00    0.00   509.56    0.00      0.00     0.00   0.00    0.00     0.00    0.00   0.00
nvme0n1          2.40     45.60     9.00  78.95    0.17    19.00    0.40      6.40     1.20  75.00    0.00    16.00    0.00      0.00     0.00   0.00    0.00     0.00    0.00   0.16
nvme10n1      6715.40 103822.40    27.40   0.41    0.08    15.46  106.60  56781.60     7.80   6.82    0.30   532.66    0.00      0.00     0.00   0.00    0.00     0.00    0.00  96.24
nvme11n1      6804.00 105585.60    25.60   0.37    0.08    15.52  107.60  57363.20     7.80   6.76    0.17   533.12    0.00      0.00     0.00   0.00    0.00     0.00    0.00  96.64
nvme12n1      6774.80 105563.20    29.40   0.43    0.08    15.58  112.00  58590.40     8.00   6.67    0.31   523.13    0.00      0.00     0.00   0.00    0.00     0.00    0.00  96.24
nvme13n1      6739.60 103172.80    27.80   0.41    0.08    15.31  107.60  57358.40     8.20   7.08    0.36   533.07    0.00      0.00     0.00   0.00    0.00     0.00    0.00  96.56
nvme14n1      6718.80 103873.60    26.80   0.40    0.08    15.46  111.40  58932.00     8.20   6.86    0.31   529.01    0.00      0.00     0.00   0.00    0.00     0.00    0.00  96.88
nvme15n1      6694.00 102578.40    27.80   0.41    0.08    15.32  110.20  58196.80     8.00   6.77    0.32   528.10    0.00      0.00     0.00   0.00    0.00     0.00    0.00  96.56
nvme16n1      6798.00 102616.80    25.40   0.37    0.08    15.10  111.20  57106.40     8.00   6.71    0.32   513.55    0.00      0.00     0.00   0.00    0.00     0.00    0.00  97.04
nvme17n1      6736.60 103032.80    26.20   0.39    0.08    15.29  107.00  57046.40     7.80   6.79    0.30   533.14    0.00      0.00     0.00   0.00    0.00     0.00    0.00  96.88
nvme18n1      6672.40 103922.40    25.60   0.38    0.08    15.57  107.40  57033.60     7.60   6.61    0.34   531.04    0.00      0.00     0.00   0.00    0.00     0.00    0.00  95.76
nvme19n1      6697.60 105588.00    28.60   0.43    0.08    15.77  111.00  58501.60     7.40   6.25    0.31   527.04    0.00      0.00     0.00   0.00    0.00     0.00    0.00  96.80
nvme1n1       6498.80 101447.20    26.20   0.40    0.07    15.61  115.80  53232.00     8.80   7.06    0.15   459.69    0.00      0.00     0.00   0.00    0.00     0.00    0.00  96.32
nvme20n1      6695.00 105677.60    26.80   0.40    0.08    15.78  108.00  57620.80     7.40   6.41    0.35   533.53    0.00      0.00     0.00   0.00    0.00     0.00    0.00  96.80
nvme21n1      6751.80 108388.00    28.00   0.41    0.08    16.05  111.80  58288.00     7.40   6.21    0.30   521.36    0.00      0.00     0.00   0.00    0.00     0.00    0.00  96.08
nvme22n1      6820.80 110495.20    28.60   0.42    0.08    16.20  111.00  58889.60     7.40   6.25    0.32   530.54    0.00      0.00     0.00   0.00    0.00     0.00    0.00  96.32
nvme23n1      6785.80 110788.80    28.60   0.42    0.08    16.33  110.20  58593.60     7.20   6.13    0.17   531.70    0.00      0.00     0.00   0.00    0.00     0.00    0.00  95.92
nvme24n1      6860.20 110648.00    28.60   0.42    0.08    16.13  106.80  56894.40     7.00   6.15    0.31   532.72    0.00      0.00     0.00   0.00    0.00     0.00    0.00  95.76
nvme25n1      6820.60 109553.60    30.00   0.44    0.08    16.06  106.60  57077.60     7.20   6.33    0.32   535.44    0.00      0.00     0.00   0.00    0.00     0.00    0.00  96.96
nvme26n1      6804.20 109841.60    29.60   0.43    0.08    16.14  106.40  55650.40     7.40   6.50    0.31   523.03    0.00      0.00     0.00   0.00    0.00     0.00    0.00  96.40
nvme27n1      6706.80 105756.00    29.00   0.43    0.07    15.77  104.40  54269.60     7.40   6.62    0.17   519.82    0.00      0.00     0.00   0.00    0.00     0.00    0.00  96.08
nvme28n1      6736.60 106272.80    28.00   0.41    0.08    15.78  103.00  53608.00     7.40   6.70    0.32   520.47    0.00      0.00     0.00   0.00    0.00     0.00    0.00  96.48
nvme29n1      6677.20 104108.00    28.20   0.42    0.08    15.59   99.20  53584.80     7.20   6.77    0.31   540.17    0.00      0.00     0.00   0.00    0.00     0.00    0.00  96.32
nvme2n1       6625.00 102286.40    26.40   0.40    0.08    15.44  103.20  54215.20     7.20   6.52    0.33   525.34    0.00      0.00     0.00   0.00    0.00     0.00    0.00  96.32
nvme30n1      6694.20 104368.80    27.20   0.40    0.08    15.59  101.20  53952.00     7.20   6.64    0.28   533.12    0.00      0.00     0.00   0.00    0.00     0.00    0.00  96.88
nvme31n1      6558.20 102204.80    27.00   0.41    0.08    15.58  101.80  53279.20     7.20   6.61    0.29   523.37    0.00      0.00     0.00   0.00    0.00     0.00    0.00  96.16
nvme3n1       6554.40 101444.80    26.20   0.40    0.08    15.48  102.60  53589.60     7.80   7.07    0.35   522.32    0.00      0.00     0.00   0.00    0.00     0.00    0.00  95.84
nvme4n1       6524.60  99796.00    27.00   0.41    0.08    15.30   99.80  52542.40     7.80   7.25    0.32   526.48    0.00      0.00     0.00   0.00    0.00     0.00    0.00  95.36
nvme5n1       6585.40 100279.20    25.00   0.38    0.08    15.23  101.00  53328.80     7.80   7.17    0.33   528.01    0.00      0.00     0.00   0.00    0.00     0.00    0.00  95.84
nvme6n1       6574.20 100802.40    26.80   0.41    0.08    15.33  167.60  53168.00    13.20   7.30    0.20   317.23    0.00      0.00     0.00   0.00    0.00     0.00    0.00  95.76
nvme7n1       6485.60 100696.80    25.60   0.39    0.08    15.53  102.20  53652.00     7.60   6.92    0.32   524.97    0.00      0.00     0.00   0.00    0.00     0.00    0.00  95.68
nvme8n1       6660.40 101945.60    27.80   0.42    0.08    15.31  120.80  53773.60     7.80   6.07    0.26   445.15    0.00      0.00     0.00   0.00    0.00     0.00    0.00  96.80
nvme9n1       6582.00 101697.60    24.60   0.37    0.08    15.45  137.20  54952.80     8.00   5.51    0.25   400.53    0.00      0.00     0.00   0.00    0.00     0.00    0.00  96.48


Device            r/s     rkB/s   rrqm/s  %rrqm r_await rareq-sz     w/s     wkB/s   wrqm/s  %wrqm w_await wareq-sz     d/s     dkB/s   drqm/s  %drqm d_await dareq-sz  aqu-sz  %util
dm-0             0.00      0.00     0.00   0.00    0.00     0.00   16.60     69.60     0.00   0.00    0.00     4.19    0.00      0.00     0.00   0.00    0.00     0.00    0.00   0.16
loop0            0.00      0.00     0.00   0.00    0.00     0.00    0.00      0.00     0.00   0.00    0.00     0.00    0.00      0.00     0.00   0.00    0.00     0.00    0.00   0.00
loop1            0.00      0.00     0.00   0.00    0.00     0.00    0.00      0.00     0.00   0.00    0.00     0.00    0.00      0.00     0.00   0.00    0.00     0.00    0.00   0.00
loop2            0.00      0.00     0.00   0.00    0.00     0.00    0.00      0.00     0.00   0.00    0.00     0.00    0.00      0.00     0.00   0.00    0.00     0.00    0.00   0.00
loop3            0.00      0.00     0.00   0.00    0.00     0.00    0.00      0.00     0.00   0.00    0.00     0.00    0.00      0.00     0.00   0.00    0.00     0.00    0.00   0.00
loop4            0.00      0.00     0.00   0.00    0.00     0.00    0.00      0.00     0.00   0.00    0.00     0.00    0.00      0.00     0.00   0.00    0.00     0.00    0.00   0.00
loop5            0.00      0.00     0.00   0.00    0.00     0.00    0.00      0.00     0.00   0.00    0.00     0.00    0.00      0.00     0.00   0.00    0.00     0.00    0.00   0.00
loop6            0.00      0.00     0.00   0.00    0.00     0.00    0.00      0.00     0.00   0.00    0.00     0.00    0.00      0.00     0.00   0.00    0.00     0.00    0.00   0.00
loop7            0.00      0.00     0.00   0.00    0.00     0.00    0.00      0.00     0.00   0.00    0.00     0.00    0.00      0.00     0.00   0.00    0.00     0.00    0.00   0.00
md0           232070.60 2354020.80     0.00   0.00    0.00    10.14 1496.80 720547.20     0.00   0.00    0.00   481.39    0.00      0.00     0.00   0.00    0.00     0.00    0.00   0.00
nvme0n1          0.00      0.00     0.00   0.00    0.00     0.00   14.60     69.60     2.00  12.05    0.03     4.77    0.00      0.00     0.00   0.00    0.00     0.00    0.00   0.16
nvme10n1      7487.40  72836.00     6.60   0.09    0.07     9.73   44.00  20580.80     1.80   3.93    0.26   467.75    0.00      0.00     0.00   0.00    0.00     0.00    0.00  96.72
nvme11n1      7546.00  73315.20     4.40   0.06    0.07     9.72   43.00  20680.80     2.00   4.44    0.16   480.95    0.00      0.00     0.00   0.00    0.00     0.00    0.00  95.84
nvme12n1      7588.40  73635.20     6.60   0.09    0.07     9.70   42.00  20348.00     2.00   4.55    0.27   484.48    0.00      0.00     0.00   0.00    0.00     0.00    0.00  95.84
nvme13n1      7619.80  74625.60     5.60   0.07    0.07     9.79   43.20  20953.60     2.20   4.85    0.29   485.04    0.00      0.00     0.00   0.00    0.00     0.00    0.00  95.76
nvme14n1      7553.40  74177.60     7.40   0.10    0.07     9.82   42.80  20889.60     2.00   4.46    0.27   488.07    0.00      0.00     0.00   0.00    0.00     0.00    0.00  95.20
nvme15n1      7624.00  75040.00     6.20   0.08    0.07     9.84   43.20  20751.20     1.80   4.00    0.27   480.35    0.00      0.00     0.00   0.00    0.00     0.00    0.00  95.52
nvme16n1      7505.40  74186.40     8.00   0.11    0.07     9.88   43.20  21286.40     1.80   4.00    0.30   492.74    0.00      0.00     0.00   0.00    0.00     0.00    0.00  96.00
nvme17n1      7533.20  74627.20     6.40   0.08    0.07     9.91   44.40  21123.20     1.80   3.90    0.27   475.75    0.00      0.00     0.00   0.00    0.00     0.00    0.00  96.40
nvme18n1      7502.40  74484.00     7.80   0.10    0.07     9.93   44.40  21291.20     1.80   3.90    0.30   479.53    0.00      0.00     0.00   0.00    0.00     0.00    0.00  95.52
nvme19n1      7578.60  75027.20     6.40   0.08    0.07     9.90   44.60  21505.60     1.60   3.46    0.29   482.19    0.00      0.00     0.00   0.00    0.00     0.00    0.00  96.16
nvme1n1       7435.60  72202.40     5.60   0.08    0.07     9.71   51.20  20690.40     2.20   4.12    0.13   404.11    0.00      0.00     0.00   0.00    0.00     0.00    0.00  95.44
nvme20n1      7680.00  76162.40     8.00   0.10    0.07     9.92   47.20  22509.60     1.60   3.28    0.33   476.90    0.00      0.00     0.00   0.00    0.00     0.00    0.00  95.76
nvme21n1      7596.40  75499.20     6.60   0.09    0.07     9.94   47.20  22732.80     1.60   3.28    0.27   481.63    0.00      0.00     0.00   0.00    0.00     0.00    0.00  95.52
nvme22n1      7642.00  75906.40     8.80   0.12    0.07     9.93   47.80  22447.20     1.60   3.24    0.27   469.61    0.00      0.00     0.00   0.00    0.00     0.00    0.00  95.68
nvme23n1      7626.00  75246.40     7.20   0.09    0.07     9.87   46.80  22149.60     1.60   3.31    0.16   473.28    0.00      0.00     0.00   0.00    0.00     0.00    0.00  96.48
nvme24n1      7508.80  73916.80     7.60   0.10    0.07     9.84   46.00  21956.80     1.60   3.36    0.28   477.32    0.00      0.00     0.00   0.00    0.00     0.00    0.00  96.32
nvme25n1      7570.40  74302.40     7.00   0.09    0.07     9.81   46.00  22059.20     1.60   3.36    0.28   479.55    0.00      0.00     0.00   0.00    0.00     0.00    0.00  96.00
nvme26n1      7449.40  73211.20     6.80   0.09    0.07     9.83   47.40  21863.20     1.80   3.66    0.26   461.25    0.00      0.00     0.00   0.00    0.00     0.00    0.00  96.56
nvme27n1      7450.20  72929.60     7.20   0.10    0.07     9.79   45.20  21361.60     1.80   3.83    0.16   472.60    0.00      0.00     0.00   0.00    0.00     0.00    0.00  95.76
nvme28n1      7419.20  72531.20     6.00   0.08    0.07     9.78   44.20  21056.80     2.00   4.33    0.29   476.40    0.00      0.00     0.00   0.00    0.00     0.00    0.00  96.32
nvme29n1      7387.40  72587.20     7.40   0.10    0.07     9.83   44.80  20952.00     1.80   3.86    0.27   467.68    0.00      0.00     0.00   0.00    0.00     0.00    0.00  96.16
nvme2n1       7400.00  71820.80     6.40   0.09    0.07     9.71   41.60  20209.60     2.00   4.59    0.29   485.81    0.00      0.00     0.00   0.00    0.00     0.00    0.00  95.92
nvme30n1      7308.20  71980.80     6.20   0.08    0.07     9.85   44.40  20883.20     1.80   3.90    0.27   470.34    0.00      0.00     0.00   0.00    0.00     0.00    0.00  95.36
nvme31n1      7364.00  71826.40     6.60   0.09    0.07     9.75   43.20  20561.60     1.80   4.00    0.27   475.96    0.00      0.00     0.00   0.00    0.00     0.00    0.00  95.84
nvme3n1       7335.80  71392.80     5.40   0.07    0.07     9.73   42.20  20031.20     2.00   4.52    0.30   474.67    0.00      0.00     0.00   0.00    0.00     0.00    0.00  96.08
nvme4n1       7401.20  71562.40     6.40   0.09    0.07     9.67   42.40  19738.40     2.00   4.50    0.27   465.53    0.00      0.00     0.00   0.00    0.00     0.00    0.00  96.00
nvme5n1       7252.40  70145.60     5.40   0.07    0.07     9.67   41.40  19318.40     2.00   4.61    0.28   466.63    0.00      0.00     0.00   0.00    0.00     0.00    0.00  94.72
nvme6n1       7383.00  71780.00     6.60   0.09    0.07     9.72   60.40  19932.00     2.00   3.21    0.20   330.00    0.00      0.00     0.00   0.00    0.00     0.00    0.00  95.68
nvme7n1       7340.20  71028.00     5.00   0.07    0.07     9.68   42.80  19746.40     2.20   4.89    0.28   461.36    0.00      0.00     0.00   0.00    0.00     0.00    0.00  95.12
nvme8n1       7396.60  71400.00     6.60   0.09    0.07     9.65   54.60  19718.40     2.20   3.87    0.21   361.14    0.00      0.00     0.00   0.00    0.00     0.00    0.00  95.44
nvme9n1       7380.20  71662.40     4.60   0.06    0.07     9.71   48.80  20144.80     2.20   4.31    0.25   412.80    0.00      0.00     0.00   0.00    0.00     0.00    0.00  95.76


Device            r/s     rkB/s   rrqm/s  %rrqm r_await rareq-sz     w/s     wkB/s   wrqm/s  %wrqm w_await wareq-sz     d/s     dkB/s   drqm/s  %drqm d_await dareq-sz  aqu-sz  %util
dm-0             0.00      0.00     0.00   0.00    0.00     0.00    3.60     24.00     0.00   0.00    0.00     6.67    0.00      0.00     0.00   0.00    0.00     0.00    0.00   0.16
loop0            0.00      0.00     0.00   0.00    0.00     0.00    0.00      0.00     0.00   0.00    0.00     0.00    0.00      0.00     0.00   0.00    0.00     0.00    0.00   0.00
loop1            0.00      0.00     0.00   0.00    0.00     0.00    0.00      0.00     0.00   0.00    0.00     0.00    0.00      0.00     0.00   0.00    0.00     0.00    0.00   0.00
loop2            0.00      0.00     0.00   0.00    0.00     0.00    0.00      0.00     0.00   0.00    0.00     0.00    0.00      0.00     0.00   0.00    0.00     0.00    0.00   0.00
loop3            0.00      0.00     0.00   0.00    0.00     0.00    0.00      0.00     0.00   0.00    0.00     0.00    0.00      0.00     0.00   0.00    0.00     0.00    0.00   0.00
loop4            0.00      0.00     0.00   0.00    0.00     0.00    0.00      0.00     0.00   0.00    0.00     0.00    0.00      0.00     0.00   0.00    0.00     0.00    0.00   0.00
loop5            0.00      0.00     0.00   0.00    0.00     0.00    0.00      0.00     0.00   0.00    0.00     0.00    0.00      0.00     0.00   0.00    0.00     0.00    0.00   0.00
loop6            0.00      0.00     0.00   0.00    0.00     0.00    0.00      0.00     0.00   0.00    0.00     0.00    0.00      0.00     0.00   0.00    0.00     0.00    0.00   0.00
loop7            0.00      0.00     0.00   0.00    0.00     0.00    0.00      0.00     0.00   0.00    0.00     0.00    0.00      0.00     0.00   0.00    0.00     0.00    0.00   0.00
md0           26029.80 1960631.20     0.00   0.00    0.00    75.32 3164.80 1387230.40     0.00   0.00    0.00   438.33    0.00      0.00     0.00   0.00    0.00     0.00    0.00   0.00
nvme0n1          0.00      0.00     0.00   0.00    0.00     0.00    1.00     24.00     2.60  72.22    0.00    24.00    0.00      0.00     0.00   0.00    0.00     0.00    0.00   0.16
nvme10n1       802.80  53760.00    31.60   3.79    0.12    66.97  103.20  47044.00     0.80   0.77    0.33   455.85    0.00      0.00     0.00   0.00    0.00     0.00    0.00  58.80
nvme11n1       827.20  53628.80    31.40   3.66    0.11    64.83  103.60  46505.60     0.80   0.77    0.18   448.90    0.00      0.00     0.00   0.00    0.00     0.00    0.00  62.16
nvme12n1       811.20  54184.00    30.80   3.66    0.11    66.79  103.20  45846.40     0.80   0.77    0.33   444.25    0.00      0.00     0.00   0.00    0.00     0.00    0.00  61.20
nvme13n1       794.20  53830.40    31.40   3.80    0.12    67.78  103.00  45334.40     0.80   0.77    0.38   440.14    0.00      0.00     0.00   0.00    0.00     0.00    0.00  61.36
nvme14n1       814.80  53579.20    28.00   3.32    0.11    65.76   98.80  44072.80     0.80   0.80    0.35   446.08    0.00      0.00     0.00   0.00    0.00     0.00    0.00  62.64
nvme15n1       810.00  53280.80    31.20   3.71    0.11    65.78   99.60  44116.80     0.80   0.80    0.35   442.94    0.00      0.00     0.00   0.00    0.00     0.00    0.00  61.52
nvme16n1       817.60  54216.80    28.60   3.38    0.11    66.31  100.80  44185.60     0.80   0.79    0.35   438.35    0.00      0.00     0.00   0.00    0.00     0.00    0.00  59.20
nvme17n1       807.20  53595.20    32.80   3.90    0.11    66.40   95.00  43658.40     0.80   0.84    0.33   459.56    0.00      0.00     0.00   0.00    0.00     0.00    0.00  59.92
nvme18n1       816.40  52443.20    27.20   3.22    0.11    64.24   96.80  43907.20     0.60   0.62    0.37   453.59    0.00      0.00     0.00   0.00    0.00     0.00    0.00  62.08
nvme19n1       820.80  54091.20    30.80   3.62    0.11    65.90   95.80  43918.40     0.60   0.62    0.35   458.44    0.00      0.00     0.00   0.00    0.00     0.00    0.00  59.52
nvme1n1        803.20  52964.00    31.20   3.74    0.10    65.94  106.40  45276.00     1.60   1.48    0.17   425.53    0.00      0.00     0.00   0.00    0.00     0.00    0.00  60.08
nvme20n1       827.00  55007.20    28.00   3.27    0.11    66.51   96.20  43220.00     0.60   0.62    0.38   449.27    0.00      0.00     0.00   0.00    0.00     0.00    0.00  60.00
nvme21n1       800.00  53844.80    32.20   3.87    0.11    67.31   93.20  42263.20     0.40   0.43    0.32   453.47    0.00      0.00     0.00   0.00    0.00     0.00    0.00  59.52
nvme22n1       790.20  53256.00    28.60   3.49    0.11    67.40   95.40  43091.20     0.60   0.62    0.35   451.69    0.00      0.00     0.00   0.00    0.00     0.00    0.00  59.20
nvme23n1       809.00  53277.60    31.80   3.78    0.11    65.86   94.20  43676.00     0.60   0.63    0.18   463.65    0.00      0.00     0.00   0.00    0.00     0.00    0.00  59.12
nvme24n1       813.80  53972.00    29.20   3.46    0.11    66.32   93.20  42868.80     0.60   0.64    0.33   459.97    0.00      0.00     0.00   0.00    0.00     0.00    0.00  59.68
nvme25n1       817.00  54328.80    32.00   3.77    0.11    66.50   94.40  42746.40     0.60   0.63    0.34   452.82    0.00      0.00     0.00   0.00    0.00     0.00    0.00  60.56
nvme26n1       817.00  53648.00    28.60   3.38    0.11    65.66   90.00  41687.20     0.60   0.66    0.35   463.19    0.00      0.00     0.00   0.00    0.00     0.00    0.00  60.88
nvme27n1       801.00  53343.20    31.60   3.80    0.10    66.60   93.20  42223.20     0.60   0.64    0.18   453.04    0.00      0.00     0.00   0.00    0.00     0.00    0.00  60.48
nvme28n1       803.20  54244.00    30.40   3.65    0.11    67.53   93.60  42732.00     0.60   0.64    0.36   456.54    0.00      0.00     0.00   0.00    0.00     0.00    0.00  61.76
nvme29n1       806.40  53097.60    31.40   3.75    0.11    65.85   93.60  43174.40     0.80   0.85    0.37   461.26    0.00      0.00     0.00   0.00    0.00     0.00    0.00  62.40
nvme2n1        821.20  53395.20    33.60   3.93    0.11    65.02   99.00  45268.00     0.80   0.80    0.40   457.25    0.00      0.00     0.00   0.00    0.00     0.00    0.00  60.72
nvme30n1       822.60  52728.00    30.60   3.59    0.11    64.10   95.80  44106.40     0.80   0.83    0.33   460.40    0.00      0.00     0.00   0.00    0.00     0.00    0.00  60.40
nvme31n1       781.80  52732.80    31.20   3.84    0.11    67.45   95.80  43848.00     0.80   0.83    0.34   457.70    0.00      0.00     0.00   0.00    0.00     0.00    0.00  59.60
nvme3n1        805.80  53696.80    29.20   3.50    0.12    66.64  101.80  46063.20     0.60   0.59    0.39   452.49    0.00      0.00     0.00   0.00    0.00     0.00    0.00  62.48
nvme4n1        802.80  52950.40    32.00   3.83    0.11    65.96  101.80  44992.00     0.80   0.78    0.38   441.96    0.00      0.00     0.00   0.00    0.00     0.00    0.00  61.28
nvme5n1        806.20  54710.40    29.20   3.50    0.12    67.86   98.40  44630.40     0.60   0.61    0.38   453.56    0.00      0.00     0.00   0.00    0.00     0.00    0.00  61.44
nvme6n1        808.40  54392.80    31.40   3.74    0.11    67.28  131.80  45798.40     1.80   1.35    0.29   347.48    0.00      0.00     0.00   0.00    0.00     0.00    0.00  64.24
nvme7n1        814.20  54652.80    30.20   3.58    0.12    67.12   99.40  45416.80     0.80   0.80    0.40   456.91    0.00      0.00     0.00   0.00    0.00     0.00    0.00  63.68
nvme8n1        798.00  54151.20    31.00   3.74    0.12    67.86  114.40  45612.80     0.80   0.69    0.31   398.71    0.00      0.00     0.00   0.00    0.00     0.00    0.00  59.84
nvme9n1        805.20  53920.00    36.40   4.33    0.11    66.96  120.60  46107.20     0.80   0.66    0.33   382.32    0.00      0.00     0.00   0.00    0.00     0.00    0.00  61.28


Device            r/s     rkB/s   rrqm/s  %rrqm r_await rareq-sz     w/s     wkB/s   wrqm/s  %wrqm w_await wareq-sz     d/s     dkB/s   drqm/s  %drqm d_await dareq-sz  aqu-sz  %util
dm-0             0.00      0.00     0.00   0.00    0.00     0.00    2.00      8.00     0.00   0.00    0.00     4.00    0.00      0.00     0.00   0.00    0.00     0.00    0.00   0.08
loop0            0.00      0.00     0.00   0.00    0.00     0.00    0.00      0.00     0.00   0.00    0.00     0.00    0.00      0.00     0.00   0.00    0.00     0.00    0.00   0.00
loop1            0.00      0.00     0.00   0.00    0.00     0.00    0.00      0.00     0.00   0.00    0.00     0.00    0.00      0.00     0.00   0.00    0.00     0.00    0.00   0.00
loop2            0.00      0.00     0.00   0.00    0.00     0.00    0.00      0.00     0.00   0.00    0.00     0.00    0.00      0.00     0.00   0.00    0.00     0.00    0.00   0.00
loop3            0.00      0.00     0.00   0.00    0.00     0.00    0.00      0.00     0.00   0.00    0.00     0.00    0.00      0.00     0.00   0.00    0.00     0.00    0.00   0.00
loop4            0.00      0.00     0.00   0.00    0.00     0.00    0.00      0.00     0.00   0.00    0.00     0.00    0.00      0.00     0.00   0.00    0.00     0.00    0.00   0.00
loop5            0.00      0.00     0.00   0.00    0.00     0.00    0.00      0.00     0.00   0.00    0.00     0.00    0.00      0.00     0.00   0.00    0.00     0.00    0.00   0.00
loop6            0.00      0.00     0.00   0.00    0.00     0.00    0.00      0.00     0.00   0.00    0.00     0.00    0.00      0.00     0.00   0.00    0.00     0.00    0.00   0.00
loop7            0.00      0.00     0.00   0.00    0.00     0.00    0.00      0.00     0.00   0.00    0.00     0.00    0.00      0.00     0.00   0.00    0.00     0.00    0.00   0.00
md0           289656.00 3981105.60     0.00   0.00    0.00    13.74 4250.80 1791307.20     0.00   0.00    0.00   421.40    0.00      0.00     0.00   0.00    0.00     0.00    0.00   0.00
nvme0n1          0.00      0.00     0.00   0.00    0.00     0.00    0.40      8.00     1.60  80.00    0.50    20.00    0.00      0.00     0.00   0.00    0.00     0.00    0.00   0.08
nvme10n1      9458.40 123515.20    39.00   0.41    0.08    13.06  119.40  54840.80     7.60   5.98    0.29   459.30    0.00      0.00     0.00   0.00    0.00     0.00    0.00 100.00
nvme11n1      9395.20 123118.40    35.80   0.38    0.07    13.10  121.80  55500.00    10.20   7.73    0.18   455.67    0.00      0.00     0.00   0.00    0.00     0.00    0.00 100.00
nvme12n1      9511.80 123833.60    39.00   0.41    0.08    13.02  122.80  56836.80     7.80   5.97    0.31   462.84    0.00      0.00     0.00   0.00    0.00     0.00    0.00 100.00
nvme13n1      9494.00 122982.40    36.00   0.38    0.08    12.95  126.40  56577.60     6.00   4.53    0.35   447.61    0.00      0.00     0.00   0.00    0.00     0.00    0.00 100.00
nvme14n1      9379.60 120864.00    39.00   0.41    0.07    12.89  126.20  56728.00     5.00   3.81    0.32   449.51    0.00      0.00     0.00   0.00    0.00     0.00    0.00  99.92
nvme15n1      9556.20 122547.20    34.40   0.36    0.07    12.82  125.80  57029.60     4.60   3.53    0.31   453.34    0.00      0.00     0.00   0.00    0.00     0.00    0.00 100.00
nvme16n1      9597.00 122692.80    40.40   0.42    0.08    12.78  132.00  57699.20     6.40   4.62    0.33   437.12    0.00      0.00     0.00   0.00    0.00     0.00    0.00  99.92
nvme17n1      9380.20 120529.60    34.60   0.37    0.07    12.85  126.80  56975.20     5.80   4.37    0.30   449.33    0.00      0.00     0.00   0.00    0.00     0.00    0.00 100.00
nvme18n1      9550.60 122863.20    37.60   0.39    0.07    12.86  123.20  56421.60     7.00   5.38    0.34   457.97    0.00      0.00     0.00   0.00    0.00     0.00    0.00 100.00
nvme19n1      9483.40 122441.60    36.20   0.38    0.08    12.91  122.80  55276.00     3.60   2.85    0.30   450.13    0.00      0.00     0.00   0.00    0.00     0.00    0.00 100.00
nvme1n1       9243.40 121334.40    36.20   0.39    0.07    13.13  142.00  56273.60     8.80   5.84    0.16   396.29    0.00      0.00     0.00   0.00    0.00     0.00    0.00 100.00
nvme20n1      9365.40 120476.00    36.80   0.39    0.08    12.86  124.20  55708.80     9.00   6.76    0.34   448.54    0.00      0.00     0.00   0.00    0.00     0.00    0.00 100.00
nvme21n1      9302.00 118360.00    32.80   0.35    0.07    12.72  119.00  53752.00     5.80   4.65    0.29   451.70    0.00      0.00     0.00   0.00    0.00     0.00    0.00 100.00
nvme22n1      9276.80 118594.40    34.80   0.37    0.08    12.78  117.00  53359.20     9.40   7.44    0.33   456.06    0.00      0.00     0.00   0.00    0.00     0.00    0.00 100.00
nvme23n1      9219.40 118648.00    32.60   0.35    0.07    12.87  115.40  52372.80     6.80   5.56    0.18   453.84    0.00      0.00     0.00   0.00    0.00     0.00    0.00  99.92
nvme24n1      9133.60 117688.80    33.60   0.37    0.07    12.89  117.00  52380.00     8.20   6.55    0.31   447.69    0.00      0.00     0.00   0.00    0.00     0.00    0.00  99.92
nvme25n1      9188.40 118280.00    33.20   0.36    0.07    12.87  118.00  52359.20     6.20   4.99    0.32   443.72    0.00      0.00     0.00   0.00    0.00     0.00    0.00 100.00
nvme26n1      8940.40 114839.20    33.20   0.37    0.07    12.84  111.00  51376.80     7.60   6.41    0.33   462.85    0.00      0.00     0.00   0.00    0.00     0.00    0.00 100.00
nvme27n1      9073.40 116321.60    32.40   0.36    0.07    12.82  119.00  53384.00     5.20   4.19    0.18   448.61    0.00      0.00     0.00   0.00    0.00     0.00    0.00 100.00
nvme28n1      9059.60 117206.40    36.40   0.40    0.07    12.94  117.60  53116.80     7.20   5.77    0.33   451.67    0.00      0.00     0.00   0.00    0.00     0.00    0.00 100.00
nvme29n1      9151.80 119789.60    34.40   0.37    0.08    13.09  119.20  54756.80     7.40   5.85    0.32   459.37    0.00      0.00     0.00   0.00    0.00     0.00    0.00 100.00
nvme2n1       9221.20 121477.60    36.60   0.40    0.08    13.17  123.60  55796.80     4.00   3.13    0.34   451.43    0.00      0.00     0.00   0.00    0.00     0.00    0.00 100.00
nvme30n1      9123.00 120156.00    37.60   0.41    0.08    13.17  123.20  55316.80     7.20   5.52    0.30   449.00    0.00      0.00     0.00   0.00    0.00     0.00    0.00 100.00
nvme31n1      9078.20 118879.20    36.00   0.39    0.08    13.10  121.80  55616.80     5.60   4.40    0.32   456.62    0.00      0.00     0.00   0.00    0.00     0.00    0.00 100.00
nvme3n1       9357.60 123055.20    35.40   0.38    0.08    13.15  122.80  55518.40     4.40   3.46    0.35   452.10    0.00      0.00     0.00   0.00    0.00     0.00    0.00 100.00
nvme4n1       9471.80 123710.40    38.00   0.40    0.08    13.06  125.00  56632.80     7.60   5.73    0.33   453.06    0.00      0.00     0.00   0.00    0.00     0.00    0.00 100.00
nvme5n1       9285.40 121772.00    36.00   0.39    0.08    13.11  127.40  57291.20     5.80   4.35    0.33   449.70    0.00      0.00     0.00   0.00    0.00     0.00    0.00 100.00
nvme6n1       9278.20 122242.40    38.60   0.41    0.08    13.18  192.20  56310.40    10.20   5.04    0.23   292.98    0.00      0.00     0.00   0.00    0.00     0.00    0.00 100.00
nvme7n1       9269.20 121697.60    36.20   0.39    0.08    13.13  121.60  54960.00    10.80   8.16    0.34   451.97    0.00      0.00     0.00   0.00    0.00     0.00    0.00 100.00
nvme8n1       9338.60 121940.00    39.60   0.42    0.08    13.06  162.20  55068.80    24.00  12.89    0.24   339.51    0.00      0.00     0.00   0.00    0.00     0.00    0.00 100.00
nvme9n1       9355.20 123021.60    35.00   0.37    0.08    13.15  146.80  55668.00    21.80  12.93    0.28   379.21    0.00      0.00     0.00   0.00    0.00     0.00    0.00 100.00


Device            r/s     rkB/s   rrqm/s  %rrqm r_await rareq-sz     w/s     wkB/s   wrqm/s  %wrqm w_await wareq-sz     d/s     dkB/s   drqm/s  %drqm d_await dareq-sz  aqu-sz  %util
dm-0             1.00      4.00     0.00   0.00    0.00     4.00    1.60      6.40     0.00   0.00    0.00     4.00    0.00      0.00     0.00   0.00    0.00     0.00    0.00   0.32
loop0            0.00      0.00     0.00   0.00    0.00     0.00    0.00      0.00     0.00   0.00    0.00     0.00    0.00      0.00     0.00   0.00    0.00     0.00    0.00   0.00
loop1            0.00      0.00     0.00   0.00    0.00     0.00    0.00      0.00     0.00   0.00    0.00     0.00    0.00      0.00     0.00   0.00    0.00     0.00    0.00   0.00
loop2            0.00      0.00     0.00   0.00    0.00     0.00    0.00      0.00     0.00   0.00    0.00     0.00    0.00      0.00     0.00   0.00    0.00     0.00    0.00   0.00
loop3            0.00      0.00     0.00   0.00    0.00     0.00    0.00      0.00     0.00   0.00    0.00     0.00    0.00      0.00     0.00   0.00    0.00     0.00    0.00   0.00
loop4            0.00      0.00     0.00   0.00    0.00     0.00    0.00      0.00     0.00   0.00    0.00     0.00    0.00      0.00     0.00   0.00    0.00     0.00    0.00   0.00
loop5            0.00      0.00     0.00   0.00    0.00     0.00    0.00      0.00     0.00   0.00    0.00     0.00    0.00      0.00     0.00   0.00    0.00     0.00    0.00   0.00
loop6            0.00      0.00     0.00   0.00    0.00     0.00    0.00      0.00     0.00   0.00    0.00     0.00    0.00      0.00     0.00   0.00    0.00     0.00    0.00   0.00
loop7            0.00      0.00     0.00   0.00    0.00     0.00    0.00      0.00     0.00   0.00    0.00     0.00    0.00      0.00     0.00   0.00    0.00     0.00    0.00   0.00
md0           278146.40 3292288.00     0.00   0.00    0.00    11.84 2674.60 1226037.60     0.00   0.00    0.00   458.40    0.00      0.00     0.00   0.00    0.00     0.00    0.00   0.00
nvme0n1          1.00      4.00     0.00   0.00    0.00     4.00    0.40      6.40     1.20  75.00    0.00    16.00    0.00      0.00     0.00   0.00    0.00     0.00    0.00   0.32
nvme10n1      8951.80 100416.80    20.40   0.23    0.07    11.22   79.40  37644.80     2.20   2.70    0.28   474.12    0.00      0.00     0.00   0.00    0.00     0.00    0.00  96.08
nvme11n1      8948.60  99743.20    20.60   0.23    0.07    11.15   78.60  36956.80     2.20   2.72    0.17   470.19    0.00      0.00     0.00   0.00    0.00     0.00    0.00  95.76
nvme12n1      9020.80 101026.40    19.80   0.22    0.07    11.20   79.20  38095.20     2.40   2.94    0.30   481.00    0.00      0.00     0.00   0.00    0.00     0.00    0.00  96.72
nvme13n1      8928.00 101322.40    21.00   0.23    0.07    11.35   81.20  38317.60     2.60   3.10    0.33   471.89    0.00      0.00     0.00   0.00    0.00     0.00    0.00  96.88
nvme14n1      9020.00 102735.20    21.80   0.24    0.07    11.39   82.80  38691.20     2.20   2.59    0.30   467.29    0.00      0.00     0.00   0.00    0.00     0.00    0.00  96.88
nvme15n1      9036.00 102304.00    18.80   0.21    0.07    11.32   82.80  38872.80     2.20   2.59    0.30   469.48    0.00      0.00     0.00   0.00    0.00     0.00    0.00  96.72
nvme16n1      8936.00 101039.20    21.20   0.24    0.07    11.31   82.40  38348.00     2.40   2.83    0.32   465.39    0.00      0.00     0.00   0.00    0.00     0.00    0.00  96.32
nvme17n1      8963.60 101264.80    17.40   0.19    0.07    11.30   79.60  37950.40     2.40   2.93    0.29   476.76    0.00      0.00     0.00   0.00    0.00     0.00    0.00  96.24
nvme18n1      8936.20 101973.60    21.60   0.24    0.07    11.41   82.40  39044.80     2.40   2.83    0.33   473.84    0.00      0.00     0.00   0.00    0.00     0.00    0.00  96.72
nvme19n1      8900.20 101632.80    18.00   0.20    0.07    11.42   82.80  39047.20     2.60   3.04    0.31   471.58    0.00      0.00     0.00   0.00    0.00     0.00    0.00  96.24
nvme1n1       8927.00 100557.60    20.20   0.23    0.07    11.26   88.80  36120.80     2.80   3.06    0.15   406.77    0.00      0.00     0.00   0.00    0.00     0.00    0.00  95.60
nvme20n1      8905.40 101560.80    22.40   0.25    0.07    11.40   83.60  39141.60     2.60   3.02    0.34   468.20    0.00      0.00     0.00   0.00    0.00     0.00    0.00  96.48
nvme21n1      8879.60  99954.40    18.20   0.20    0.07    11.26   80.00  38516.80     2.40   2.91    0.30   481.46    0.00      0.00     0.00   0.00    0.00     0.00    0.00  96.40
nvme22n1      8936.80 100036.80    19.80   0.22    0.07    11.19   81.60  38120.80     2.40   2.86    0.30   467.17    0.00      0.00     0.00   0.00    0.00     0.00    0.00  97.36
nvme23n1      8880.20  98785.60    17.40   0.20    0.07    11.12   78.40  37716.80     2.60   3.21    0.17   481.08    0.00      0.00     0.00   0.00    0.00     0.00    0.00  96.64
nvme24n1      8887.80  99152.00    19.80   0.22    0.07    11.16   82.00  38012.00     2.40   2.84    0.29   463.56    0.00      0.00     0.00   0.00    0.00     0.00    0.00  96.16
nvme25n1      8883.80  99394.40    16.40   0.18    0.07    11.19   79.60  37936.80     2.40   2.93    0.30   476.59    0.00      0.00     0.00   0.00    0.00     0.00    0.00  97.04
nvme26n1      8877.00  98848.00    18.80   0.21    0.07    11.14   79.00  37760.80     2.20   2.71    0.30   477.98    0.00      0.00     0.00   0.00    0.00     0.00    0.00  97.20
nvme27n1      8825.20  99223.20    16.60   0.19    0.07    11.24   81.20  37866.40     2.20   2.64    0.17   466.33    0.00      0.00     0.00   0.00    0.00     0.00    0.00  96.64
nvme28n1      8898.60 100068.80    19.60   0.22    0.07    11.25   80.60  37753.60     2.20   2.66    0.31   468.41    0.00      0.00     0.00   0.00    0.00     0.00    0.00  96.64
nvme29n1      8846.80  99605.60    17.00   0.19    0.07    11.26   79.60  37741.60     2.00   2.45    0.30   474.14    0.00      0.00     0.00   0.00    0.00     0.00    0.00  96.80
nvme2n1       8951.20 101702.40    19.40   0.22    0.07    11.36   76.60  36015.20     2.00   2.54    0.31   470.17    0.00      0.00     0.00   0.00    0.00     0.00    0.00  96.00
nvme30n1      8868.00 100284.80    19.80   0.22    0.07    11.31   80.40  37387.20     2.00   2.43    0.28   465.01    0.00      0.00     0.00   0.00    0.00     0.00    0.00  96.88
nvme31n1      8919.20  99972.80    18.00   0.20    0.07    11.21   77.80  36666.40     2.00   2.51    0.30   471.29    0.00      0.00     0.00   0.00    0.00     0.00    0.00  96.24
nvme3n1       8965.40 101825.60    22.60   0.25    0.07    11.36   75.80  36506.40     2.20   2.82    0.32   481.61    0.00      0.00     0.00   0.00    0.00     0.00    0.00  96.48
nvme4n1       9051.40 102422.40    19.60   0.22    0.07    11.32   76.40  36858.40     2.20   2.80    0.31   482.44    0.00      0.00     0.00   0.00    0.00     0.00    0.00  96.40
nvme5n1       9063.00 103177.60    21.60   0.24    0.07    11.38   79.20  37085.60     2.40   2.94    0.30   468.25    0.00      0.00     0.00   0.00    0.00     0.00    0.00  96.48
nvme6n1       9053.00 102741.60    20.60   0.23    0.07    11.35  108.20  36889.60     4.40   3.91    0.23   340.94    0.00      0.00     0.00   0.00    0.00     0.00    0.00  96.64
nvme7n1       9089.00 103135.20    21.60   0.24    0.07    11.35   79.40  38511.20     2.40   2.93    0.35   485.03    0.00      0.00     0.00   0.00    0.00     0.00    0.00  95.68
nvme8n1       9088.40 103251.20    21.00   0.23    0.07    11.36  100.20  38343.20     2.40   2.34    0.24   382.67    0.00      0.00     0.00   0.00    0.00     0.00    0.00  96.24
nvme9n1       9098.20 102971.20    21.80   0.24    0.07    11.32   95.00  38108.80     2.40   2.46    0.27   401.15    0.00      0.00     0.00   0.00    0.00     0.00    0.00  96.88


Device            r/s     rkB/s   rrqm/s  %rrqm r_await rareq-sz     w/s     wkB/s   wrqm/s  %wrqm w_await wareq-sz     d/s     dkB/s   drqm/s  %drqm d_await dareq-sz  aqu-sz  %util
dm-0             0.00      0.00     0.00   0.00    0.00     0.00    2.00      8.00     0.00   0.00    0.00     4.00    0.00      0.00     0.00   0.00    0.00     0.00    0.00   0.08
loop0            0.00      0.00     0.00   0.00    0.00     0.00    0.00      0.00     0.00   0.00    0.00     0.00    0.00      0.00     0.00   0.00    0.00     0.00    0.00   0.00
loop1            0.00      0.00     0.00   0.00    0.00     0.00    0.00      0.00     0.00   0.00    0.00     0.00    0.00      0.00     0.00   0.00    0.00     0.00    0.00   0.00
loop2            0.00      0.00     0.00   0.00    0.00     0.00    0.00      0.00     0.00   0.00    0.00     0.00    0.00      0.00     0.00   0.00    0.00     0.00    0.00   0.00
loop3            0.00      0.00     0.00   0.00    0.00     0.00    0.00      0.00     0.00   0.00    0.00     0.00    0.00      0.00     0.00   0.00    0.00     0.00    0.00   0.00
loop4            0.00      0.00     0.00   0.00    0.00     0.00    0.00      0.00     0.00   0.00    0.00     0.00    0.00      0.00     0.00   0.00    0.00     0.00    0.00   0.00
loop5            0.00      0.00     0.00   0.00    0.00     0.00    0.00      0.00     0.00   0.00    0.00     0.00    0.00      0.00     0.00   0.00    0.00     0.00    0.00   0.00
loop6            0.00      0.00     0.00   0.00    0.00     0.00    0.00      0.00     0.00   0.00    0.00     0.00    0.00      0.00     0.00   0.00    0.00     0.00    0.00   0.00
loop7            0.00      0.00     0.00   0.00    0.00     0.00    0.00      0.00     0.00   0.00    0.00     0.00    0.00      0.00     0.00   0.00    0.00     0.00    0.00   0.00
md0           218771.80 4082782.40     0.00   0.00    0.00    18.66 5429.80 2277846.40     0.00   0.00    0.00   419.51    0.00      0.00     0.00   0.00    0.00     0.00    0.00   0.00
nvme0n1          0.00      0.00     0.00   0.00    0.00     0.00    0.40      8.00     1.60  80.00    0.00    20.00    0.00      0.00     0.00   0.00    0.00     0.00    0.00   0.08
nvme10n1      7068.40 121320.80    45.80   0.64    0.08    17.16  167.20  69994.40     0.80   0.48    0.29   418.63    0.00      0.00     0.00   0.00    0.00     0.00    0.00  90.40
nvme11n1      6958.60 120079.20    44.60   0.64    0.08    17.26  162.00  68940.80     1.00   0.61    0.17   425.56    0.00      0.00     0.00   0.00    0.00     0.00    0.00  91.20
nvme12n1      7031.60 121951.20    47.80   0.68    0.08    17.34  160.20  68692.00     1.00   0.62    0.30   428.79    0.00      0.00     0.00   0.00    0.00     0.00    0.00  90.88
nvme13n1      6994.00 122152.00    45.80   0.65    0.08    17.47  162.00  69519.20     1.20   0.74    0.36   429.13    0.00      0.00     0.00   0.00    0.00     0.00    0.00  90.72
nvme14n1      6986.80 123204.80    48.40   0.69    0.08    17.63  165.20  70632.00     1.20   0.72    0.33   427.55    0.00      0.00     0.00   0.00    0.00     0.00    0.00  91.36
nvme15n1      7119.40 125853.60    48.40   0.68    0.08    17.68  169.20  70800.00     1.20   0.70    0.32   418.44    0.00      0.00     0.00   0.00    0.00     0.00    0.00  91.12
nvme16n1      7047.20 125365.60    49.00   0.69    0.08    17.79  165.00  69429.60     1.40   0.84    0.33   420.79    0.00      0.00     0.00   0.00    0.00     0.00    0.00  91.36
nvme17n1      7134.40 126039.20    50.80   0.71    0.08    17.67  164.80  69975.20     1.20   0.72    0.31   424.61    0.00      0.00     0.00   0.00    0.00     0.00    0.00  91.12
nvme18n1      7026.40 124521.60    47.20   0.67    0.08    17.72  162.20  69126.40     1.80   1.10    0.34   426.18    0.00      0.00     0.00   0.00    0.00     0.00    0.00  91.52
nvme19n1      7016.60 125062.40    51.60   0.73    0.08    17.82  163.00  69738.40     1.40   0.85    0.32   427.84    0.00      0.00     0.00   0.00    0.00     0.00    0.00  91.84
nvme1n1       6903.40 119284.00    45.80   0.66    0.08    17.28  183.40  70548.00     2.80   1.50    0.16   384.67    0.00      0.00     0.00   0.00    0.00     0.00    0.00  91.52
nvme20n1      7044.80 125359.20    48.20   0.68    0.08    17.79  163.80  69605.60     1.40   0.85    0.35   424.94    0.00      0.00     0.00   0.00    0.00     0.00    0.00  91.92
nvme21n1      7071.80 125082.40    49.60   0.70    0.08    17.69  165.80  70720.80     1.20   0.72    0.29   426.54    0.00      0.00     0.00   0.00    0.00     0.00    0.00  91.28
nvme22n1      7066.40 124130.40    47.00   0.66    0.08    17.57  165.00  70359.20     1.20   0.72    0.32   426.42    0.00      0.00     0.00   0.00    0.00     0.00    0.00  92.00
nvme23n1      7077.80 123942.40    47.40   0.67    0.08    17.51  169.80  71207.20     1.20   0.70    0.17   419.36    0.00      0.00     0.00   0.00    0.00     0.00    0.00  90.80
nvme24n1      7039.20 123546.40    48.80   0.69    0.08    17.55  169.20  71273.60     1.20   0.70    0.32   421.24    0.00      0.00     0.00   0.00    0.00     0.00    0.00  91.76
nvme25n1      6964.20 121667.20    47.60   0.68    0.08    17.47  164.00  70543.20     1.20   0.73    0.32   430.14    0.00      0.00     0.00   0.00    0.00     0.00    0.00  91.20
nvme26n1      6908.40 120623.20    48.00   0.69    0.08    17.46  170.80  72056.00     1.20   0.70    0.32   421.87    0.00      0.00     0.00   0.00    0.00     0.00    0.00  91.60
nvme27n1      6981.40 120944.80    47.20   0.67    0.08    17.32  175.00  73223.20     1.20   0.68    0.17   418.42    0.00      0.00     0.00   0.00    0.00     0.00    0.00  91.20
nvme28n1      7035.60 121237.60    46.40   0.66    0.08    17.23  174.20  72533.60     1.20   0.68    0.33   416.38    0.00      0.00     0.00   0.00    0.00     0.00    0.00  92.56
nvme29n1      6914.80 120772.80    46.20   0.66    0.08    17.47  169.40  72073.60     1.00   0.59    0.32   425.46    0.00      0.00     0.00   0.00    0.00     0.00    0.00  92.24
nvme2n1       6949.00 119332.00    45.60   0.65    0.08    17.17  166.40  71351.20     1.20   0.72    0.35   428.79    0.00      0.00     0.00   0.00    0.00     0.00    0.00  90.96
nvme30n1      7020.80 121596.80    47.60   0.67    0.08    17.32  171.60  73127.20     1.00   0.58    0.31   426.15    0.00      0.00     0.00   0.00    0.00     0.00    0.00  92.00
nvme31n1      6900.80 119807.20    46.40   0.67    0.08    17.36  169.60  71175.20     1.40   0.82    0.31   419.67    0.00      0.00     0.00   0.00    0.00     0.00    0.00  92.32
nvme3n1       7087.40 120965.60    45.40   0.64    0.08    17.07  169.80  72684.80     1.20   0.70    0.34   428.06    0.00      0.00     0.00   0.00    0.00     0.00    0.00  92.00
nvme4n1       7046.00 122639.20    45.60   0.64    0.08    17.41  172.20  72741.60     1.20   0.69    0.33   422.43    0.00      0.00     0.00   0.00    0.00     0.00    0.00  91.84
nvme5n1       7005.80 121378.40    47.20   0.67    0.08    17.33  167.60  70972.80     1.00   0.59    0.34   423.47    0.00      0.00     0.00   0.00    0.00     0.00    0.00  91.44
nvme6n1       6945.80 118851.20    47.00   0.67    0.08    17.11  231.60  70628.80     5.40   2.28    0.25   304.96    0.00      0.00     0.00   0.00    0.00     0.00    0.00  91.12
nvme7n1       7071.20 120312.80    43.80   0.62    0.08    17.01  162.60  69669.60     1.20   0.73    0.34   428.47    0.00      0.00     0.00   0.00    0.00     0.00    0.00  91.12
nvme8n1       6942.40 120138.40    46.60   0.67    0.08    17.31  190.80  69896.80     1.20   0.62    0.27   366.34    0.00      0.00     0.00   0.00    0.00     0.00    0.00  92.88
nvme9n1       6945.00 119809.60    46.60   0.67    0.08    17.25  197.60  70236.80     1.20   0.60    0.28   355.45    0.00      0.00     0.00   0.00    0.00     0.00    0.00  90.64


Device            r/s     rkB/s   rrqm/s  %rrqm r_await rareq-sz     w/s     wkB/s   wrqm/s  %wrqm w_await wareq-sz     d/s     dkB/s   drqm/s  %drqm d_await dareq-sz  aqu-sz  %util
dm-0             0.00      0.00     0.00   0.00    0.00     0.00    1.60      6.40     0.00   0.00    0.00     4.00    0.00      0.00     0.00   0.00    0.00     0.00    0.00   0.08
loop0            0.00      0.00     0.00   0.00    0.00     0.00    0.00      0.00     0.00   0.00    0.00     0.00    0.00      0.00     0.00   0.00    0.00     0.00    0.00   0.00
loop1            0.00      0.00     0.00   0.00    0.00     0.00    0.00      0.00     0.00   0.00    0.00     0.00    0.00      0.00     0.00   0.00    0.00     0.00    0.00   0.00
loop2            0.00      0.00     0.00   0.00    0.00     0.00    0.00      0.00     0.00   0.00    0.00     0.00    0.00      0.00     0.00   0.00    0.00     0.00    0.00   0.00
loop3            0.00      0.00     0.00   0.00    0.00     0.00    0.00      0.00     0.00   0.00    0.00     0.00    0.00      0.00     0.00   0.00    0.00     0.00    0.00   0.00
loop4            0.00      0.00     0.00   0.00    0.00     0.00    0.00      0.00     0.00   0.00    0.00     0.00    0.00      0.00     0.00   0.00    0.00     0.00    0.00   0.00
loop5            0.00      0.00     0.00   0.00    0.00     0.00    0.00      0.00     0.00   0.00    0.00     0.00    0.00      0.00     0.00   0.00    0.00     0.00    0.00   0.00
loop6            0.00      0.00     0.00   0.00    0.00     0.00    0.00      0.00     0.00   0.00    0.00     0.00    0.00      0.00     0.00   0.00    0.00     0.00    0.00   0.00
loop7            0.00      0.00     0.00   0.00    0.00     0.00    0.00      0.00     0.00   0.00    0.00     0.00    0.00      0.00     0.00   0.00    0.00     0.00    0.00   0.00
md0           237524.20 3118099.20     0.00   0.00    0.00    13.13 3318.00 1331220.00     0.00   0.00    0.00   401.21    0.00      0.00     0.00   0.00    0.00     0.00    0.00   0.00
nvme0n1          0.00      0.00     0.00   0.00    0.00     0.00    0.40      6.40     1.20  75.00    0.00    16.00    0.00      0.00     0.00   0.00    0.00     0.00    0.00   0.08
nvme10n1      7680.60  94278.40    21.00   0.27    0.07    12.27   91.00  38148.80     6.40   6.57    0.26   419.22    0.00      0.00     0.00   0.00    0.00     0.00    0.00  91.84
nvme11n1      7651.60  94226.40    23.00   0.30    0.07    12.31   92.20  38882.40     8.60   8.53    0.16   421.72    0.00      0.00     0.00   0.00    0.00     0.00    0.00  92.96
nvme12n1      7550.80  93132.80    21.80   0.29    0.07    12.33   92.60  38846.40     7.80   7.77    0.27   419.51    0.00      0.00     0.00   0.00    0.00     0.00    0.00  91.84
nvme13n1      7480.40  91714.40    21.00   0.28    0.08    12.26   91.80  39005.60     6.60   6.71    0.31   424.90    0.00      0.00     0.00   0.00    0.00     0.00    0.00  92.00
nvme14n1      7519.20  92147.20    20.40   0.27    0.07    12.25   91.60  38973.60     8.80   8.76    0.29   425.48    0.00      0.00     0.00   0.00    0.00     0.00    0.00  91.28
nvme15n1      7438.20  91572.80    21.60   0.29    0.07    12.31   92.60  39206.40     6.20   6.28    0.28   423.40    0.00      0.00     0.00   0.00    0.00     0.00    0.00  93.60
nvme16n1      7574.80  92980.00    22.40   0.29    0.07    12.27   93.60  39349.60     8.40   8.24    0.29   420.40    0.00      0.00     0.00   0.00    0.00     0.00    0.00  92.24
nvme17n1      7394.40  90927.20    20.00   0.27    0.07    12.30   89.80  37739.20     8.80   8.92    0.27   420.26    0.00      0.00     0.00   0.00    0.00     0.00    0.00  92.24
nvme18n1      7444.00  91344.00    22.40   0.30    0.07    12.27   90.60  38395.20    10.60  10.47    0.30   423.79    0.00      0.00     0.00   0.00    0.00     0.00    0.00  91.36
nvme19n1      7474.60  91826.40    19.80   0.26    0.07    12.29   92.20  39235.20     7.00   7.06    0.28   425.54    0.00      0.00     0.00   0.00    0.00     0.00    0.00  92.24
nvme1n1       7691.40  95752.00    23.00   0.30    0.07    12.45  106.20  40484.00     7.20   6.35    0.15   381.21    0.00      0.00     0.00   0.00    0.00     0.00    0.00  92.32
nvme20n1      7540.20  91920.80    21.60   0.29    0.07    12.19   93.60  39572.80    10.60  10.17    0.31   422.79    0.00      0.00     0.00   0.00    0.00     0.00    0.00  91.68
nvme21n1      7693.40  93540.80    19.40   0.25    0.07    12.16   93.00  39493.60     7.60   7.55    0.27   424.66    0.00      0.00     0.00   0.00    0.00     0.00    0.00  91.52
nvme22n1      7688.60  94152.00    22.20   0.29    0.07    12.25   95.20  41096.00     8.20   7.93    0.29   431.68    0.00      0.00     0.00   0.00    0.00     0.00    0.00  92.08
nvme23n1      7791.00  96102.40    20.20   0.26    0.07    12.34   97.60  41576.00     7.00   6.69    0.16   425.98    0.00      0.00     0.00   0.00    0.00     0.00    0.00  92.00
nvme24n1      7809.00  95943.20    22.80   0.29    0.07    12.29   98.40  42132.80    10.40   9.56    0.28   428.18    0.00      0.00     0.00   0.00    0.00     0.00    0.00  93.04
nvme25n1      7772.00  94724.00    20.00   0.26    0.07    12.19   97.80  41455.20     6.40   6.14    0.29   423.88    0.00      0.00     0.00   0.00    0.00     0.00    0.00  93.28
nvme26n1      7592.80  92732.00    22.60   0.30    0.07    12.21   95.60  39618.40     9.00   8.60    0.28   414.42    0.00      0.00     0.00   0.00    0.00     0.00    0.00  91.92
nvme27n1      7672.20  93932.80    19.60   0.25    0.07    12.24   94.20  39060.00     6.40   6.36    0.16   414.65    0.00      0.00     0.00   0.00    0.00     0.00    0.00  91.60
nvme28n1      7595.20  94760.80    21.80   0.29    0.07    12.48   93.20  39618.40     7.00   6.99    0.30   425.09    0.00      0.00     0.00   0.00    0.00     0.00    0.00  91.92
nvme29n1      7682.40  95259.20    22.40   0.29    0.07    12.40   95.00  39506.40     5.20   5.19    0.28   415.86    0.00      0.00     0.00   0.00    0.00     0.00    0.00  91.92
nvme2n1       7690.40  96230.40    23.00   0.30    0.08    12.51   96.80  40568.00     9.60   9.02    0.33   419.09    0.00      0.00     0.00   0.00    0.00     0.00    0.00  92.88
nvme30n1      7661.20  96434.40    21.80   0.28    0.08    12.59   93.20  39706.40     6.00   6.05    0.28   426.03    0.00      0.00     0.00   0.00    0.00     0.00    0.00  90.32
nvme31n1      7781.00  96993.60    22.20   0.28    0.07    12.47   96.80  40199.20     7.00   6.74    0.27   415.28    0.00      0.00     0.00   0.00    0.00     0.00    0.00  92.48
nvme3n1       7841.20  97664.80    22.20   0.28    0.08    12.46   96.60  40952.80     4.20   4.17    0.32   423.94    0.00      0.00     0.00   0.00    0.00     0.00    0.00  91.60
nvme4n1       7846.40  97654.40    22.80   0.29    0.07    12.45   98.60  40958.40     8.60   8.02    0.29   415.40    0.00      0.00     0.00   0.00    0.00     0.00    0.00  92.00
nvme5n1       7627.40  95360.80    22.40   0.29    0.07    12.50   92.40  39674.40     5.40   5.52    0.31   429.38    0.00      0.00     0.00   0.00    0.00     0.00    0.00  91.76
nvme6n1       7658.20  95410.40    22.40   0.29    0.07    12.46  133.60  38993.60    11.60   7.99    0.21   291.87    0.00      0.00     0.00   0.00    0.00     0.00    0.00  91.92
nvme7n1       7709.80  94092.80    22.80   0.29    0.08    12.20   94.00  38900.80     6.80   6.75    0.30   413.84    0.00      0.00     0.00   0.00    0.00     0.00    0.00  90.88
nvme8n1       7618.40  93440.00    21.20   0.28    0.08    12.27  117.20  38463.20    22.20  15.93    0.23   328.18    0.00      0.00     0.00   0.00    0.00     0.00    0.00  91.60
nvme9n1       7667.40  93705.60    29.40   0.38    0.08    12.22  108.80  38548.00    24.00  18.07    0.26   354.30    0.00      0.00     0.00   0.00    0.00     0.00    0.00  91.20


Device            r/s     rkB/s   rrqm/s  %rrqm r_await rareq-sz     w/s     wkB/s   wrqm/s  %wrqm w_await wareq-sz     d/s     dkB/s   drqm/s  %drqm d_await dareq-sz  aqu-sz  %util
dm-0             0.20      0.80     0.00   0.00    0.00     4.00    2.40     15.20     0.00   0.00    0.00     6.33    0.00      0.00     0.00   0.00    0.00     0.00    0.00   0.16
loop0            0.00      0.00     0.00   0.00    0.00     0.00    0.00      0.00     0.00   0.00    0.00     0.00    0.00      0.00     0.00   0.00    0.00     0.00    0.00   0.00
loop1            0.00      0.00     0.00   0.00    0.00     0.00    0.00      0.00     0.00   0.00    0.00     0.00    0.00      0.00     0.00   0.00    0.00     0.00    0.00   0.00
loop2            0.00      0.00     0.00   0.00    0.00     0.00    0.00      0.00     0.00   0.00    0.00     0.00    0.00      0.00     0.00   0.00    0.00     0.00    0.00   0.00
loop3            0.00      0.00     0.00   0.00    0.00     0.00    0.00      0.00     0.00   0.00    0.00     0.00    0.00      0.00     0.00   0.00    0.00     0.00    0.00   0.00
loop4            0.00      0.00     0.00   0.00    0.00     0.00    0.00      0.00     0.00   0.00    0.00     0.00    0.00      0.00     0.00   0.00    0.00     0.00    0.00   0.00
loop5            0.00      0.00     0.00   0.00    0.00     0.00    0.00      0.00     0.00   0.00    0.00     0.00    0.00      0.00     0.00   0.00    0.00     0.00    0.00   0.00
loop6            0.00      0.00     0.00   0.00    0.00     0.00    0.00      0.00     0.00   0.00    0.00     0.00    0.00      0.00     0.00   0.00    0.00     0.00    0.00   0.00
loop7            0.00      0.00     0.00   0.00    0.00     0.00    0.00      0.00     0.00   0.00    0.00     0.00    0.00      0.00     0.00   0.00    0.00     0.00    0.00   0.00
md0           252803.20 3813266.40     0.00   0.00    0.00    15.08 4549.20 1918528.80     0.00   0.00    0.00   421.73    0.00      0.00     0.00   0.00    0.00     0.00    0.00   0.00
nvme0n1          0.20      0.80     0.00   0.00    0.00     4.00    1.20     15.20     1.20  50.00    0.00    12.67    0.00      0.00     0.00   0.00    0.00     0.00    0.00   0.16
nvme10n1      7986.60 115302.40    38.00   0.47    0.08    14.44  127.20  55616.00     4.60   3.49    0.29   437.23    0.00      0.00     0.00   0.00    0.00     0.00    0.00  96.64
nvme11n1      8025.40 116660.00    36.00   0.45    0.08    14.54  131.00  56513.60     4.80   3.53    0.17   431.40    0.00      0.00     0.00   0.00    0.00     0.00    0.00  96.32
nvme12n1      8223.40 119384.80    40.60   0.49    0.08    14.52  133.60  58035.20     5.20   3.75    0.31   434.40    0.00      0.00     0.00   0.00    0.00     0.00    0.00  95.76
nvme13n1      8168.00 118660.80    36.20   0.44    0.08    14.53  132.40  57950.40     5.20   3.78    0.33   437.69    0.00      0.00     0.00   0.00    0.00     0.00    0.00  95.28
nvme14n1      8238.60 119418.40    39.60   0.48    0.08    14.49  136.00  58859.20     5.00   3.55    0.32   432.79    0.00      0.00     0.00   0.00    0.00     0.00    0.00  95.92
nvme15n1      8293.80 120284.80    36.40   0.44    0.08    14.50  140.80  59453.60     5.00   3.43    0.31   422.26    0.00      0.00     0.00   0.00    0.00     0.00    0.00  95.84
nvme16n1      8266.80 118314.40    39.40   0.47    0.08    14.31  140.80  58772.00     5.00   3.43    0.32   417.41    0.00      0.00     0.00   0.00    0.00     0.00    0.00  96.88
nvme17n1      8148.20 116216.80    35.40   0.43    0.08    14.26  135.40  58791.20     5.20   3.70    0.29   434.20    0.00      0.00     0.00   0.00    0.00     0.00    0.00  96.08
nvme18n1      8218.40 115705.60    38.00   0.46    0.08    14.08  136.40  58914.40     5.20   3.67    0.33   431.92    0.00      0.00     0.00   0.00    0.00     0.00    0.00  96.08
nvme19n1      8178.20 115292.00    35.60   0.43    0.08    14.10  136.80  59060.00     5.60   3.93    0.31   431.73    0.00      0.00     0.00   0.00    0.00     0.00    0.00  96.32
nvme1n1       8116.00 115068.00    34.20   0.42    0.07    14.18  150.20  57829.60     7.00   4.45    0.15   385.02    0.00      0.00     0.00   0.00    0.00     0.00    0.00  96.56
nvme20n1      8158.80 115816.80    34.60   0.42    0.08    14.20  142.40  59797.60     5.60   3.78    0.34   419.93    0.00      0.00     0.00   0.00    0.00     0.00    0.00  95.12
nvme21n1      8220.00 116896.00    35.60   0.43    0.08    14.22  142.40  60455.20     5.40   3.65    0.29   424.54    0.00      0.00     0.00   0.00    0.00     0.00    0.00  96.32
nvme22n1      8113.60 115730.40    34.80   0.43    0.08    14.26  139.40  59106.40     5.80   3.99    0.30   424.01    0.00      0.00     0.00   0.00    0.00     0.00    0.00  96.00
nvme23n1      8080.20 114917.60    35.00   0.43    0.08    14.22  135.20  58424.00     5.80   4.11    0.17   432.13    0.00      0.00     0.00   0.00    0.00     0.00    0.00  97.04
nvme24n1      8123.20 114475.20    33.40   0.41    0.08    14.09  135.40  58288.00     5.40   3.84    0.30   430.49    0.00      0.00     0.00   0.00    0.00     0.00    0.00  96.00
nvme25n1      8108.40 114772.00    35.60   0.44    0.08    14.15  136.40  58106.40     5.80   4.08    0.30   426.00    0.00      0.00     0.00   0.00    0.00     0.00    0.00  96.40
nvme26n1      8011.60 113368.00    34.40   0.43    0.08    14.15  133.20  57046.40     6.00   4.31    0.30   428.28    0.00      0.00     0.00   0.00    0.00     0.00    0.00  96.72
nvme27n1      8075.40 114890.40    34.20   0.42    0.08    14.23  131.20  57200.80     6.40   4.65    0.17   435.98    0.00      0.00     0.00   0.00    0.00     0.00    0.00  96.24
nvme28n1      8101.40 115455.20    34.00   0.42    0.08    14.25  137.00  58522.40     6.20   4.33    0.32   427.17    0.00      0.00     0.00   0.00    0.00     0.00    0.00  96.24
nvme29n1      8150.80 114914.40    33.60   0.41    0.08    14.10  136.60  59416.00     6.20   4.34    0.31   434.96    0.00      0.00     0.00   0.00    0.00     0.00    0.00  96.48
nvme2n1       8095.60 115098.40    33.80   0.42    0.08    14.22  135.00  58180.00     5.40   3.85    0.36   430.96    0.00      0.00     0.00   0.00    0.00     0.00    0.00  96.48
nvme30n1      8083.20 114282.40    34.40   0.42    0.08    14.14  136.00  59020.00     5.80   4.09    0.29   433.97    0.00      0.00     0.00   0.00    0.00     0.00    0.00  95.84
nvme31n1      8077.80 114331.20    34.60   0.43    0.08    14.15  134.20  58112.80     5.60   4.01    0.30   433.03    0.00      0.00     0.00   0.00    0.00     0.00    0.00  96.72
nvme3n1       8183.20 118257.60    35.00   0.43    0.08    14.45  137.20  58945.60     5.20   3.65    0.33   429.63    0.00      0.00     0.00   0.00    0.00     0.00    0.00  95.68
nvme4n1       8095.40 116986.40    37.80   0.46    0.08    14.45  132.60  56773.60     4.80   3.49    0.31   428.16    0.00      0.00     0.00   0.00    0.00     0.00    0.00  96.40
nvme5n1       7959.20 115147.20    35.20   0.44    0.08    14.47  134.60  57768.00     5.00   3.58    0.33   429.18    0.00      0.00     0.00   0.00    0.00     0.00    0.00  96.56
nvme6n1       7974.00 114758.40    35.80   0.45    0.08    14.39  187.60  56932.80     6.20   3.20    0.24   303.48    0.00      0.00     0.00   0.00    0.00     0.00    0.00  96.32
nvme7n1       8036.20 116431.20    35.40   0.44    0.08    14.49  133.40  56542.40     4.80   3.47    0.33   423.86    0.00      0.00     0.00   0.00    0.00     0.00    0.00  96.24
nvme8n1       8111.00 116666.40    38.20   0.47    0.08    14.38  169.20  57416.00     4.80   2.76    0.25   339.34    0.00      0.00     0.00   0.00    0.00     0.00    0.00  96.48
nvme9n1       8078.40 116640.00    36.60   0.45    0.08    14.44  145.80  56099.20     4.60   3.06    0.29   384.77    0.00      0.00     0.00   0.00    0.00     0.00    0.00  96.40


Device            r/s     rkB/s   rrqm/s  %rrqm r_await rareq-sz     w/s     wkB/s   wrqm/s  %wrqm w_await wareq-sz     d/s     dkB/s   drqm/s  %drqm d_await dareq-sz  aqu-sz  %util
dm-0             0.00      0.00     0.00   0.00    0.00     0.00   14.20     59.20     0.00   0.00    0.00     4.17    0.00      0.00     0.00   0.00    0.00     0.00    0.00   0.16
loop0            0.00      0.00     0.00   0.00    0.00     0.00    0.00      0.00     0.00   0.00    0.00     0.00    0.00      0.00     0.00   0.00    0.00     0.00    0.00   0.00
loop1            0.00      0.00     0.00   0.00    0.00     0.00    0.00      0.00     0.00   0.00    0.00     0.00    0.00      0.00     0.00   0.00    0.00     0.00    0.00   0.00
loop2            0.00      0.00     0.00   0.00    0.00     0.00    0.00      0.00     0.00   0.00    0.00     0.00    0.00      0.00     0.00   0.00    0.00     0.00    0.00   0.00
loop3            0.00      0.00     0.00   0.00    0.00     0.00    0.00      0.00     0.00   0.00    0.00     0.00    0.00      0.00     0.00   0.00    0.00     0.00    0.00   0.00
loop4            0.00      0.00     0.00   0.00    0.00     0.00    0.00      0.00     0.00   0.00    0.00     0.00    0.00      0.00     0.00   0.00    0.00     0.00    0.00   0.00
loop5            0.00      0.00     0.00   0.00    0.00     0.00    0.00      0.00     0.00   0.00    0.00     0.00    0.00      0.00     0.00   0.00    0.00     0.00    0.00   0.00
loop6            0.00      0.00     0.00   0.00    0.00     0.00    0.00      0.00     0.00   0.00    0.00     0.00    0.00      0.00     0.00   0.00    0.00     0.00    0.00   0.00
loop7            0.00      0.00     0.00   0.00    0.00     0.00    0.00      0.00     0.00   0.00    0.00     0.00    0.00      0.00     0.00   0.00    0.00     0.00    0.00   0.00
md0           223542.00 4247118.40     0.00   0.00    0.00    19.00 5449.80 2427533.60     0.00   0.00    0.00   445.44    0.00      0.00     0.00   0.00    0.00     0.00    0.00   0.00
nvme0n1          0.00      0.00     0.00   0.00    0.00     0.00   12.40     59.20     1.80  12.68    0.03     4.77    0.00      0.00     0.00   0.00    0.00     0.00    0.00   0.16
nvme10n1      7191.20 127176.80    46.00   0.64    0.08    17.69  163.60  72951.20     0.40   0.24    0.30   445.91    0.00      0.00     0.00   0.00    0.00     0.00    0.00  93.68
nvme11n1      7108.20 125872.00    44.80   0.63    0.08    17.71  163.40  72120.80     0.60   0.37    0.17   441.38    0.00      0.00     0.00   0.00    0.00     0.00    0.00  94.08
nvme12n1      7097.80 125356.00    45.00   0.63    0.08    17.66  162.00  71740.00     0.40   0.25    0.31   442.84    0.00      0.00     0.00   0.00    0.00     0.00    0.00  93.68
nvme13n1      7206.00 126646.40    45.40   0.63    0.08    17.58  164.80  71956.00     0.40   0.24    0.35   436.63    0.00      0.00     0.00   0.00    0.00     0.00    0.00  94.96
nvme14n1      7116.80 125796.80    45.40   0.63    0.08    17.68  162.80  71980.80     0.20   0.12    0.32   442.14    0.00      0.00     0.00   0.00    0.00     0.00    0.00  93.12
nvme15n1      7123.20 126951.20    43.60   0.61    0.08    17.82  166.20  73161.60     0.20   0.12    0.32   440.20    0.00      0.00     0.00   0.00    0.00     0.00    0.00  94.08
nvme16n1      7167.80 126658.40    45.40   0.63    0.08    17.67  180.00  74679.20     0.20   0.11    0.32   414.88    0.00      0.00     0.00   0.00    0.00     0.00    0.00  94.16
nvme17n1      7116.20 125451.20    44.60   0.62    0.08    17.63  169.20  73610.40     0.80   0.47    0.30   435.05    0.00      0.00     0.00   0.00    0.00     0.00    0.00  94.56
nvme18n1      7106.20 125722.40    45.40   0.63    0.08    17.69  168.80  73690.40     0.60   0.35    0.36   436.55    0.00      0.00     0.00   0.00    0.00     0.00    0.00  94.48
nvme19n1      7111.80 125812.00    44.20   0.62    0.08    17.69  170.20  73710.40     0.80   0.47    0.32   433.08    0.00      0.00     0.00   0.00    0.00     0.00    0.00  93.60
nvme1n1       7151.20 126417.60    47.60   0.66    0.08    17.68  185.00  72300.00     3.00   1.60    0.15   390.81    0.00      0.00     0.00   0.00    0.00     0.00    0.00  94.00
nvme20n1      7360.60 128568.80    45.40   0.61    0.08    17.47  171.00  74211.20     1.20   0.70    0.36   433.98    0.00      0.00     0.00   0.00    0.00     0.00    0.00  94.64
nvme21n1      7312.20 128143.20    44.60   0.61    0.08    17.52  170.60  74532.80     1.00   0.58    0.30   436.89    0.00      0.00     0.00   0.00    0.00     0.00    0.00  93.92
nvme22n1      7237.80 126145.60    45.20   0.62    0.08    17.43  169.20  74142.40     1.00   0.59    0.33   438.19    0.00      0.00     0.00   0.00    0.00     0.00    0.00  94.08
nvme23n1      7284.40 125828.80    44.60   0.61    0.08    17.27  172.60  74843.20     1.00   0.58    0.17   433.62    0.00      0.00     0.00   0.00    0.00     0.00    0.00  94.48
nvme24n1      7273.80 126001.60    44.40   0.61    0.08    17.32  167.00  74220.80     1.20   0.71    0.33   444.44    0.00      0.00     0.00   0.00    0.00     0.00    0.00  94.48
nvme25n1      7196.20 125765.60    44.20   0.61    0.08    17.48  170.80  73788.80     1.00   0.58    0.32   432.02    0.00      0.00     0.00   0.00    0.00     0.00    0.00  94.48
nvme26n1      7139.60 125124.80    45.60   0.63    0.08    17.53  168.20  73074.40     0.80   0.47    0.32   434.45    0.00      0.00     0.00   0.00    0.00     0.00    0.00  94.72
nvme27n1      7062.60 125422.40    45.00   0.63    0.08    17.76  167.40  73219.20     0.80   0.48    0.17   437.39    0.00      0.00     0.00   0.00    0.00     0.00    0.00  93.44
nvme28n1      7081.00 124520.00    44.80   0.63    0.08    17.59  166.60  72460.80     1.00   0.60    0.33   434.94    0.00      0.00     0.00   0.00    0.00     0.00    0.00  93.92
nvme29n1      7086.80 124183.20    45.80   0.64    0.08    17.52  165.00  72362.40     1.20   0.72    0.32   438.56    0.00      0.00     0.00   0.00    0.00     0.00    0.00  93.76
nvme2n1       7168.60 127329.60    44.80   0.62    0.08    17.76  166.00  72776.80     1.00   0.60    0.36   438.41    0.00      0.00     0.00   0.00    0.00     0.00    0.00  93.36
nvme30n1      7061.80 123696.80    44.40   0.62    0.08    17.52  162.40  72091.20     0.80   0.49    0.30   443.91    0.00      0.00     0.00   0.00    0.00     0.00    0.00  93.52
nvme31n1      7165.20 125713.60    44.80   0.62    0.08    17.55  166.60  73395.20     0.80   0.48    0.31   440.55    0.00      0.00     0.00   0.00    0.00     0.00    0.00  94.40
nvme3n1       7204.20 127078.40    44.80   0.62    0.08    17.64  165.00  73772.00     0.80   0.48    0.38   447.10    0.00      0.00     0.00   0.00    0.00     0.00    0.00  94.24
nvme4n1       7226.20 126760.80    46.00   0.63    0.08    17.54  170.00  74424.00     0.80   0.47    0.34   437.79    0.00      0.00     0.00   0.00    0.00     0.00    0.00  94.24
nvme5n1       7258.60 129014.40    46.00   0.63    0.08    17.77  170.20  74756.80     0.80   0.47    0.34   439.23    0.00      0.00     0.00   0.00    0.00     0.00    0.00  95.28
nvme6n1       7116.20 127398.40    46.20   0.65    0.08    17.90  244.60  73778.40     5.60   2.24    0.24   301.63    0.00      0.00     0.00   0.00    0.00     0.00    0.00  94.72
nvme7n1       7163.20 128446.40    44.80   0.62    0.08    17.93  166.40  73321.60     0.60   0.36    0.35   440.63    0.00      0.00     0.00   0.00    0.00     0.00    0.00  94.00
nvme8n1       7110.80 126816.00    47.40   0.66    0.08    17.83  185.20  71825.60     0.40   0.22    0.27   387.83    0.00      0.00     0.00   0.00    0.00     0.00    0.00  94.24
nvme9n1       7138.40 126256.80    44.60   0.62    0.08    17.69  199.20  71774.40     0.40   0.20    0.27   360.31    0.00      0.00     0.00   0.00    0.00     0.00    0.00  93.76


Device            r/s     rkB/s   rrqm/s  %rrqm r_await rareq-sz     w/s     wkB/s   wrqm/s  %wrqm w_await wareq-sz     d/s     dkB/s   drqm/s  %drqm d_await dareq-sz  aqu-sz  %util
dm-0             0.00      0.00     0.00   0.00    0.00     0.00    3.00     21.60     0.00   0.00    0.00     7.20    0.00      0.00     0.00   0.00    0.00     0.00    0.00   0.16
loop0            0.00      0.00     0.00   0.00    0.00     0.00    0.00      0.00     0.00   0.00    0.00     0.00    0.00      0.00     0.00   0.00    0.00     0.00    0.00   0.00
loop1            0.00      0.00     0.00   0.00    0.00     0.00    0.00      0.00     0.00   0.00    0.00     0.00    0.00      0.00     0.00   0.00    0.00     0.00    0.00   0.00
loop2            0.00      0.00     0.00   0.00    0.00     0.00    0.00      0.00     0.00   0.00    0.00     0.00    0.00      0.00     0.00   0.00    0.00     0.00    0.00   0.00
loop3            0.00      0.00     0.00   0.00    0.00     0.00    0.00      0.00     0.00   0.00    0.00     0.00    0.00      0.00     0.00   0.00    0.00     0.00    0.00   0.00
loop4            0.00      0.00     0.00   0.00    0.00     0.00    0.00      0.00     0.00   0.00    0.00     0.00    0.00      0.00     0.00   0.00    0.00     0.00    0.00   0.00
loop5            0.00      0.00     0.00   0.00    0.00     0.00    0.00      0.00     0.00   0.00    0.00     0.00    0.00      0.00     0.00   0.00    0.00     0.00    0.00   0.00
loop6            0.00      0.00     0.00   0.00    0.00     0.00    0.00      0.00     0.00   0.00    0.00     0.00    0.00      0.00     0.00   0.00    0.00     0.00    0.00   0.00
loop7            0.00      0.00     0.00   0.00    0.00     0.00    0.00      0.00     0.00   0.00    0.00     0.00    0.00      0.00     0.00   0.00    0.00     0.00    0.00   0.00
md0           217734.40 2718727.20     0.00   0.00    0.00    12.49 2462.20 1060786.40     0.00   0.00    0.00   430.83    0.00      0.00     0.00   0.00    0.00     0.00    0.00   0.00
nvme0n1          0.00      0.00     0.00   0.00    0.00     0.00    0.80     21.60     2.20  73.33    0.00    27.00    0.00      0.00     0.00   0.00    0.00     0.00    0.00   0.16
nvme10n1      7058.80  81825.60    14.80   0.21    0.07    11.59   71.00  33753.60     6.00   7.79    0.27   475.40    0.00      0.00     0.00   0.00    0.00     0.00    0.00  87.92
nvme11n1      7072.60  82956.80    15.60   0.22    0.07    11.73   71.60  34331.20     7.80   9.82    0.16   479.49    0.00      0.00     0.00   0.00    0.00     0.00    0.00  86.80
nvme12n1      6982.20  81269.60    15.80   0.23    0.07    11.64   69.20  32879.20     6.00   7.98    0.29   475.13    0.00      0.00     0.00   0.00    0.00     0.00    0.00  87.52
nvme13n1      7075.60  82393.60    15.40   0.22    0.07    11.64   69.80  33228.00     6.00   7.92    0.32   476.05    0.00      0.00     0.00   0.00    0.00     0.00    0.00  86.96
nvme14n1      6930.80  80719.20    14.60   0.21    0.07    11.65   70.20  32851.20     5.20   6.90    0.29   467.97    0.00      0.00     0.00   0.00    0.00     0.00    0.00  86.88
nvme15n1      6868.40  79454.40    14.80   0.22    0.07    11.57   68.00  32085.60     5.00   6.85    0.28   471.85    0.00      0.00     0.00   0.00    0.00     0.00    0.00  88.08
nvme16n1      6888.00  80301.60    13.80   0.20    0.07    11.66   70.40  32761.60     7.80   9.97    0.29   465.36    0.00      0.00     0.00   0.00    0.00     0.00    0.00  87.76
nvme17n1      6975.00  81692.00    14.40   0.21    0.07    11.71   69.00  33443.20     2.80   3.90    0.29   484.68    0.00      0.00     0.00   0.00    0.00     0.00    0.00  87.20
nvme18n1      6958.60  82256.00    15.40   0.22    0.07    11.82   70.80  34010.40     8.20  10.38    0.30   480.37    0.00      0.00     0.00   0.00    0.00     0.00    0.00  87.04
nvme19n1      6974.60  83318.40    15.80   0.23    0.07    11.95   71.60  34007.20     7.60   9.60    0.28   474.96    0.00      0.00     0.00   0.00    0.00     0.00    0.00  88.00
nvme1n1       7053.40  83283.20    16.80   0.24    0.07    11.81   76.00  32392.80     3.80   4.76    0.15   426.22    0.00      0.00     0.00   0.00    0.00     0.00    0.00  86.24
nvme20n1      7014.20  84150.40    15.60   0.22    0.07    12.00   69.00  33114.40     8.00  10.39    0.32   479.92    0.00      0.00     0.00   0.00    0.00     0.00    0.00  86.08
nvme21n1      6807.00  82290.40    16.00   0.23    0.07    12.09   66.40  32068.80     5.40   7.52    0.27   482.96    0.00      0.00     0.00   0.00    0.00     0.00    0.00  87.12
nvme22n1      6900.00  83052.80    15.40   0.22    0.07    12.04   67.60  31781.60     6.40   8.65    0.28   470.14    0.00      0.00     0.00   0.00    0.00     0.00    0.00  86.40
nvme23n1      7030.80  84392.00    17.00   0.24    0.07    12.00   66.40  32462.40     5.80   8.03    0.16   488.89    0.00      0.00     0.00   0.00    0.00     0.00    0.00  86.88
nvme24n1      6934.00  83463.20    16.20   0.23    0.07    12.04   69.00  32730.40     5.60   7.51    0.28   474.35    0.00      0.00     0.00   0.00    0.00     0.00    0.00  87.68
nvme25n1      6999.20  84156.00    18.00   0.26    0.07    12.02   67.20  32560.80     5.80   7.95    0.29   484.54    0.00      0.00     0.00   0.00    0.00     0.00    0.00  87.44
nvme26n1      7006.40  83484.80    16.00   0.23    0.07    11.92   69.00  32868.00     6.80   8.97    0.28   476.35    0.00      0.00     0.00   0.00    0.00     0.00    0.00  87.28
nvme27n1      7014.40  83635.20    17.40   0.25    0.07    11.92   69.60  32584.00     7.00   9.14    0.16   468.16    0.00      0.00     0.00   0.00    0.00     0.00    0.00  86.08
nvme28n1      7017.60  82917.60    15.80   0.22    0.07    11.82   66.40  31244.80     4.60   6.48    0.30   470.55    0.00      0.00     0.00   0.00    0.00     0.00    0.00  86.80
nvme29n1      7051.80  83140.80    16.40   0.23    0.07    11.79   65.40  31776.00     7.00   9.67    0.30   485.87    0.00      0.00     0.00   0.00    0.00     0.00    0.00  85.84
nvme2n1       7001.40  82336.00    16.20   0.23    0.07    11.76   68.00  32736.80     6.40   8.60    0.31   481.42    0.00      0.00     0.00   0.00    0.00     0.00    0.00  85.84
nvme30n1      7010.20  82824.00    15.20   0.22    0.07    11.81   66.00  32328.00     3.00   4.35    0.28   489.82    0.00      0.00     0.00   0.00    0.00     0.00    0.00  87.20
nvme31n1      7058.00  83220.00    15.80   0.22    0.07    11.79   68.40  32840.00     5.80   7.82    0.28   480.12    0.00      0.00     0.00   0.00    0.00     0.00    0.00  86.32
nvme3n1       7142.60  83488.80    17.20   0.24    0.07    11.69   67.20  33202.40     4.60   6.41    0.31   494.08    0.00      0.00     0.00   0.00    0.00     0.00    0.00  88.08
nvme4n1       7035.40  83099.20    15.20   0.22    0.07    11.81   68.00  33122.40     5.60   7.61    0.29   487.09    0.00      0.00     0.00   0.00    0.00     0.00    0.00  86.32
nvme5n1       7104.40  83411.20    16.80   0.24    0.07    11.74   70.20  34028.00     4.00   5.39    0.31   484.73    0.00      0.00     0.00   0.00    0.00     0.00    0.00  86.40
nvme6n1       7040.40  82704.80    15.20   0.22    0.07    11.75   95.40  33530.40     8.20   7.92    0.22   351.47    0.00      0.00     0.00   0.00    0.00     0.00    0.00  86.16
nvme7n1       7081.00  82935.20    16.20   0.23    0.07    11.71   71.00  34099.20     8.20  10.35    0.30   480.27    0.00      0.00     0.00   0.00    0.00     0.00    0.00  86.64
nvme8n1       7052.80  82148.00    14.00   0.20    0.07    11.65   95.80  33954.40    27.80  22.49    0.22   354.43    0.00      0.00     0.00   0.00    0.00     0.00    0.00  87.28
nvme9n1       7097.20  82448.80    14.60   0.21    0.07    11.62   79.60  33838.40    24.00  23.17    0.26   425.11    0.00      0.00     0.00   0.00    0.00     0.00    0.00  87.28


Device            r/s     rkB/s   rrqm/s  %rrqm r_await rareq-sz     w/s     wkB/s   wrqm/s  %wrqm w_await wareq-sz     d/s     dkB/s   drqm/s  %drqm d_await dareq-sz  aqu-sz  %util
dm-0             0.00      0.00     0.00   0.00    0.00     0.00    2.00      8.00     0.00   0.00    0.00     4.00    0.00      0.00     0.00   0.00    0.00     0.00    0.00   0.08
loop0            0.00      0.00     0.00   0.00    0.00     0.00    0.00      0.00     0.00   0.00    0.00     0.00    0.00      0.00     0.00   0.00    0.00     0.00    0.00   0.00
loop1            0.00      0.00     0.00   0.00    0.00     0.00    0.00      0.00     0.00   0.00    0.00     0.00    0.00      0.00     0.00   0.00    0.00     0.00    0.00   0.00
loop2            0.00      0.00     0.00   0.00    0.00     0.00    0.00      0.00     0.00   0.00    0.00     0.00    0.00      0.00     0.00   0.00    0.00     0.00    0.00   0.00
loop3            0.00      0.00     0.00   0.00    0.00     0.00    0.00      0.00     0.00   0.00    0.00     0.00    0.00      0.00     0.00   0.00    0.00     0.00    0.00   0.00
loop4            0.00      0.00     0.00   0.00    0.00     0.00    0.00      0.00     0.00   0.00    0.00     0.00    0.00      0.00     0.00   0.00    0.00     0.00    0.00   0.00
loop5            0.00      0.00     0.00   0.00    0.00     0.00    0.00      0.00     0.00   0.00    0.00     0.00    0.00      0.00     0.00   0.00    0.00     0.00    0.00   0.00
loop6            0.00      0.00     0.00   0.00    0.00     0.00    0.00      0.00     0.00   0.00    0.00     0.00    0.00      0.00     0.00   0.00    0.00     0.00    0.00   0.00
loop7            0.00      0.00     0.00   0.00    0.00     0.00    0.00      0.00     0.00   0.00    0.00     0.00    0.00      0.00     0.00   0.00    0.00     0.00    0.00   0.00
md0           211941.20 3226176.00     0.00   0.00    0.00    15.22 3810.00 1581568.80     0.00   0.00    0.00   415.11    0.00      0.00     0.00   0.00    0.00     0.00    0.00   0.00
nvme0n1          0.00      0.00     0.00   0.00    0.00     0.00    0.40      8.00     1.60  80.00    0.00    20.00    0.00      0.00     0.00   0.00    0.00     0.00    0.00   0.08
nvme10n1      6805.60  98363.20    31.00   0.45    0.08    14.45  120.60  50388.80     1.60   1.31    0.28   417.82    0.00      0.00     0.00   0.00    0.00     0.00    0.00  93.28
nvme11n1      6790.00  97410.40    28.40   0.42    0.07    14.35  116.80  49576.00     1.80   1.52    0.16   424.45    0.00      0.00     0.00   0.00    0.00     0.00    0.00  93.20
nvme12n1      6686.60  95864.80    31.80   0.47    0.07    14.34  114.20  48460.80     1.80   1.55    0.29   424.35    0.00      0.00     0.00   0.00    0.00     0.00    0.00  93.28
nvme13n1      6718.80  97124.00    29.20   0.43    0.08    14.46  116.80  49243.20     1.80   1.52    0.33   421.60    0.00      0.00     0.00   0.00    0.00     0.00    0.00  93.68
nvme14n1      6754.40  98288.80    31.20   0.46    0.08    14.55  119.00  50006.40     2.00   1.65    0.30   420.22    0.00      0.00     0.00   0.00    0.00     0.00    0.00  92.56
nvme15n1      6746.20  98202.40    30.00   0.44    0.08    14.56  118.00  50053.60     1.60   1.34    0.30   424.18    0.00      0.00     0.00   0.00    0.00     0.00    0.00  92.64
nvme16n1      6788.40 100166.40    32.40   0.48    0.08    14.76  127.80  50404.00     1.60   1.24    0.29   394.40    0.00      0.00     0.00   0.00    0.00     0.00    0.00  93.60
nvme17n1      6864.00 100960.80    32.00   0.46    0.08    14.71  119.80  50972.00     1.60   1.32    0.29   425.48    0.00      0.00     0.00   0.00    0.00     0.00    0.00  93.68
nvme18n1      6885.80 101693.60    32.00   0.46    0.08    14.77  121.40  51090.40     1.80   1.46    0.31   420.84    0.00      0.00     0.00   0.00    0.00     0.00    0.00  93.28
nvme19n1      6888.60 100162.40    32.60   0.47    0.08    14.54  121.00  50812.00     1.80   1.47    0.29   419.93    0.00      0.00     0.00   0.00    0.00     0.00    0.00  93.92
nvme1n1       6704.00  97540.80    30.40   0.45    0.07    14.55  128.80  48889.60     2.80   2.13    0.14   379.58    0.00      0.00     0.00   0.00    0.00     0.00    0.00  94.32
nvme20n1      6906.20  98820.80    33.00   0.48    0.08    14.31  120.20  51206.40     1.80   1.48    0.33   426.01    0.00      0.00     0.00   0.00    0.00     0.00    0.00  93.44
nvme21n1      6858.40  98489.60    32.00   0.46    0.08    14.36  118.00  49659.20     1.80   1.50    0.28   420.84    0.00      0.00     0.00   0.00    0.00     0.00    0.00  93.36
nvme22n1      6878.60  98022.40    31.20   0.45    0.08    14.25  115.20  49097.60     1.80   1.54    0.30   426.19    0.00      0.00     0.00   0.00    0.00     0.00    0.00  93.28
nvme23n1      6829.60  97124.00    30.80   0.45    0.07    14.22  112.40  48132.80     1.80   1.58    0.17   428.23    0.00      0.00     0.00   0.00    0.00     0.00    0.00  94.40
nvme24n1      6775.20  96845.60    31.20   0.46    0.07    14.29  111.60  47139.20     1.80   1.59    0.30   422.39    0.00      0.00     0.00   0.00    0.00     0.00    0.00  93.44
nvme25n1      6780.60  96973.60    30.60   0.45    0.07    14.30  113.20  48012.00     1.80   1.57    0.30   424.13    0.00      0.00     0.00   0.00    0.00     0.00    0.00  93.92
nvme26n1      6789.40  97172.00    30.20   0.44    0.08    14.31  110.40  46507.20     1.80   1.60    0.29   421.26    0.00      0.00     0.00   0.00    0.00     0.00    0.00  93.52
nvme27n1      6848.40  99256.00    31.60   0.46    0.07    14.49  111.40  47460.00     1.60   1.42    0.16   426.03    0.00      0.00     0.00   0.00    0.00     0.00    0.00  92.80
nvme28n1      6728.80  97046.40    31.00   0.46    0.08    14.42  111.20  47571.20     1.60   1.42    0.30   427.80    0.00      0.00     0.00   0.00    0.00     0.00    0.00  92.88
nvme29n1      6765.80  96746.40    29.80   0.44    0.08    14.30  112.20  47676.80     1.60   1.41    0.30   424.93    0.00      0.00     0.00   0.00    0.00     0.00    0.00  94.24
nvme2n1       6852.80 100265.60    31.20   0.45    0.08    14.63  116.80  49700.80     1.80   1.52    0.32   425.52    0.00      0.00     0.00   0.00    0.00     0.00    0.00  93.20
nvme30n1      6760.40  97489.60    29.60   0.44    0.08    14.42  112.40  47912.80     1.60   1.40    0.28   426.27    0.00      0.00     0.00   0.00    0.00     0.00    0.00  92.72
nvme31n1      6780.00  98559.20    30.60   0.45    0.08    14.54  112.20  48272.00     1.80   1.58    0.29   430.23    0.00      0.00     0.00   0.00    0.00     0.00    0.00  94.08
nvme3n1       6826.80  99609.60    29.40   0.43    0.08    14.59  115.60  48868.00     2.00   1.70    0.31   422.73    0.00      0.00     0.00   0.00    0.00     0.00    0.00  93.60
nvme4n1       6902.20 100240.80    33.00   0.48    0.08    14.52  115.20  48798.40     2.00   1.71    0.30   423.60    0.00      0.00     0.00   0.00    0.00     0.00    0.00  93.44
nvme5n1       6871.00  99789.60    29.00   0.42    0.08    14.52  114.60  48790.40     1.60   1.38    0.31   425.75    0.00      0.00     0.00   0.00    0.00     0.00    0.00  94.16
nvme6n1       6798.60  97808.80    30.60   0.45    0.08    14.39  152.20  50002.40     2.40   1.55    0.25   328.53    0.00      0.00     0.00   0.00    0.00     0.00    0.00  94.40
nvme7n1       6803.00  98289.60    29.20   0.43    0.08    14.45  117.60  50016.00     1.80   1.51    0.34   425.31    0.00      0.00     0.00   0.00    0.00     0.00    0.00  93.76
nvme8n1       6848.20  98139.20    31.60   0.46    0.08    14.33  149.40  50949.60     1.80   1.19    0.24   341.03    0.00      0.00     0.00   0.00    0.00     0.00    0.00  92.80
nvme9n1       6747.00  97644.00    28.40   0.42    0.08    14.47  133.40  50182.40     1.60   1.19    0.28   376.18    0.00      0.00     0.00   0.00    0.00     0.00    0.00  93.44


Device            r/s     rkB/s   rrqm/s  %rrqm r_await rareq-sz     w/s     wkB/s   wrqm/s  %wrqm w_await wareq-sz     d/s     dkB/s   drqm/s  %drqm d_await dareq-sz  aqu-sz  %util
dm-0          1270.60  13308.80     0.00   0.00    0.16    10.47    2.00     23.20     0.00   0.00    0.00    11.60    0.00      0.00     0.00   0.00    0.00     0.00    0.21   7.84
loop0            0.00      0.00     0.00   0.00    0.00     0.00    0.00      0.00     0.00   0.00    0.00     0.00    0.00      0.00     0.00   0.00    0.00     0.00    0.00   0.00
loop1            0.00      0.00     0.00   0.00    0.00     0.00    0.00      0.00     0.00   0.00    0.00     0.00    0.00      0.00     0.00   0.00    0.00     0.00    0.00   0.00
loop2            0.00      0.00     0.00   0.00    0.00     0.00    0.00      0.00     0.00   0.00    0.00     0.00    0.00      0.00     0.00   0.00    0.00     0.00    0.00   0.00
loop3            0.00      0.00     0.00   0.00    0.00     0.00    0.00      0.00     0.00   0.00    0.00     0.00    0.00      0.00     0.00   0.00    0.00     0.00    0.00   0.00
loop4            0.00      0.00     0.00   0.00    0.00     0.00    0.00      0.00     0.00   0.00    0.00     0.00    0.00      0.00     0.00   0.00    0.00     0.00    0.00   0.00
loop5            0.00      0.00     0.00   0.00    0.00     0.00    0.00      0.00     0.00   0.00    0.00     0.00    0.00      0.00     0.00   0.00    0.00     0.00    0.00   0.00
loop6            0.00      0.00     0.00   0.00    0.00     0.00    0.00      0.00     0.00   0.00    0.00     0.00    0.00      0.00     0.00   0.00    0.00     0.00    0.00   0.00
loop7            0.00      0.00     0.00   0.00    0.00     0.00    0.00      0.00     0.00   0.00    0.00     0.00    0.00      0.00     0.00   0.00    0.00     0.00    0.00   0.00
md0           229357.00 4823508.00     0.00   0.00    0.00    21.03 6488.00 2851720.00     0.00   0.00    0.00   439.54    0.00      0.00     0.00   0.00    0.00     0.00    0.00   0.00
nvme0n1        751.20  13308.80   519.40  40.88    0.09    17.72    1.00     23.20     1.00  50.00    0.00    23.20    0.00      0.00     0.00   0.00    0.00     0.00    0.00   7.84
nvme10n1      7391.40 145080.00    60.40   0.81    0.08    19.63  196.80  92951.20     2.80   1.40    0.32   472.31    0.00      0.00     0.00   0.00    0.00     0.00    0.00  93.68
nvme11n1      7379.40 143650.40    58.40   0.79    0.08    19.47  200.40  93000.00     8.80   4.21    0.18   464.07    0.00      0.00     0.00   0.00    0.00     0.00    0.00  94.64
nvme12n1      7312.80 142903.20    60.00   0.81    0.08    19.54  198.20  93480.00     4.40   2.17    0.34   471.64    0.00      0.00     0.00   0.00    0.00     0.00    0.00  94.16
nvme13n1      7356.20 144486.40    57.40   0.77    0.08    19.64  197.80  92484.80     7.80   3.79    0.39   467.57    0.00      0.00     0.00   0.00    0.00     0.00    0.00  94.08
nvme14n1      7319.60 144797.60    61.20   0.83    0.08    19.78  196.00  92043.20     3.00   1.51    0.34   469.61    0.00      0.00     0.00   0.00    0.00     0.00    0.00  93.84
nvme15n1      7287.80 143162.40    59.20   0.81    0.08    19.64  193.60  90238.40     6.40   3.20    0.34   466.11    0.00      0.00     0.00   0.00    0.00     0.00    0.00  93.60
nvme16n1      7315.60 142535.20    60.00   0.81    0.08    19.48  204.00  90796.00     4.60   2.21    0.35   445.08    0.00      0.00     0.00   0.00    0.00     0.00    0.00  93.44
nvme17n1      7419.00 143371.20    57.40   0.77    0.08    19.32  193.80  90820.80     5.20   2.61    0.32   468.63    0.00      0.00     0.00   0.00    0.00     0.00    0.00  94.64
nvme18n1      7386.00 143462.40    60.60   0.81    0.08    19.42  189.40  89716.00     8.40   4.25    0.37   473.69    0.00      0.00     0.00   0.00    0.00     0.00    0.00  94.08
nvme19n1      7394.00 145817.60    57.60   0.77    0.08    19.72  191.20  90132.00     8.00   4.02    0.35   471.40    0.00      0.00     0.00   0.00    0.00     0.00    0.00  94.40
nvme1n1       7355.40 143760.80    60.20   0.81    0.08    19.54  206.80  88087.20     5.60   2.64    0.17   425.95    0.00      0.00     0.00   0.00    0.00     0.00    0.00  94.64
nvme20n1      7503.20 146938.40    61.20   0.81    0.08    19.58  188.20  88906.40    10.00   5.05    0.37   472.40    0.00      0.00     0.00   0.00    0.00     0.00    0.00  94.40
nvme21n1      7316.40 143314.40    58.00   0.79    0.08    19.59  186.40  88335.20    12.40   6.24    0.33   473.90    0.00      0.00     0.00   0.00    0.00     0.00    0.00  94.32
nvme22n1      7350.80 145886.40    60.00   0.81    0.08    19.85  185.20  87890.40     6.20   3.24    0.35   474.57    0.00      0.00     0.00   0.00    0.00     0.00    0.00  93.92
nvme23n1      7347.40 146292.80    60.00   0.81    0.08    19.91  185.80  87771.20    10.20   5.20    0.18   472.40    0.00      0.00     0.00   0.00    0.00     0.00    0.00  93.76
nvme24n1      7341.60 145946.40    61.80   0.83    0.08    19.88  186.60  87365.60     5.80   3.01    0.34   468.20    0.00      0.00     0.00   0.00    0.00     0.00    0.00  93.76
nvme25n1      7380.80 146319.20    60.80   0.82    0.08    19.82  184.80  87604.00     8.40   4.35    0.34   474.05    0.00      0.00     0.00   0.00    0.00     0.00    0.00  94.24
nvme26n1      7301.80 145486.40    61.80   0.84    0.08    19.92  187.00  87162.40     4.60   2.40    0.34   466.11    0.00      0.00     0.00   0.00    0.00     0.00    0.00  94.72
nvme27n1      7319.80 143141.60    57.00   0.77    0.08    19.56  187.80  86870.40     8.40   4.28    0.18   462.57    0.00      0.00     0.00   0.00    0.00     0.00    0.00  93.36
nvme28n1      7300.80 141719.20    57.80   0.79    0.08    19.41  190.20  86898.40     8.40   4.23    0.35   456.88    0.00      0.00     0.00   0.00    0.00     0.00    0.00  93.68
nvme29n1      7242.00 142452.80    57.20   0.78    0.08    19.67  189.20  87585.60     9.40   4.73    0.33   462.93    0.00      0.00     0.00   0.00    0.00     0.00    0.00  93.28
nvme2n1       7348.80 142496.00    55.20   0.75    0.08    19.39  187.40  88100.80     7.60   3.90    0.37   470.12    0.00      0.00     0.00   0.00    0.00     0.00    0.00  93.84
nvme30n1      7306.20 142658.40    60.00   0.81    0.08    19.53  186.40  87472.80     4.00   2.10    0.32   469.27    0.00      0.00     0.00   0.00    0.00     0.00    0.00  94.24
nvme31n1      7319.20 143742.40    55.40   0.75    0.08    19.64  186.20  87506.40     7.00   3.62    0.32   469.96    0.00      0.00     0.00   0.00    0.00     0.00    0.00  93.36
nvme3n1       7325.00 142808.80    57.60   0.78    0.08    19.50  192.80  89662.40     8.20   4.08    0.36   465.05    0.00      0.00     0.00   0.00    0.00     0.00    0.00  94.56
nvme4n1       7394.00 142220.00    57.60   0.77    0.08    19.23  193.40  89896.00     5.40   2.72    0.35   464.82    0.00      0.00     0.00   0.00    0.00     0.00    0.00  93.76
nvme5n1       7378.40 143605.60    57.80   0.78    0.08    19.46  194.60  89813.60     8.00   3.95    0.35   461.53    0.00      0.00     0.00   0.00    0.00     0.00    0.00  94.40
nvme6n1       7275.00 142195.20    58.00   0.79    0.08    19.55  287.60  88604.80    10.40   3.49    0.24   308.08    0.00      0.00     0.00   0.00    0.00     0.00    0.00  94.24
nvme7n1       7307.40 143276.00    58.60   0.80    0.08    19.61  191.80  89796.00    11.60   5.70    0.37   468.18    0.00      0.00     0.00   0.00    0.00     0.00    0.00  94.24
nvme8n1       7352.80 144310.40    63.20   0.85    0.08    19.63  247.00  90295.20    28.60  10.38    0.28   365.57    0.00      0.00     0.00   0.00    0.00     0.00    0.00  94.08
nvme9n1       7204.20 141992.80    59.80   0.82    0.08    19.71  227.00  90964.80    21.00   8.47    0.32   400.73    0.00      0.00     0.00   0.00    0.00     0.00    0.00  93.84


Device            r/s     rkB/s   rrqm/s  %rrqm r_await rareq-sz     w/s     wkB/s   wrqm/s  %wrqm w_await wareq-sz     d/s     dkB/s   drqm/s  %drqm d_await dareq-sz  aqu-sz  %util
dm-0             0.00      0.00     0.00   0.00    0.00     0.00    5.40     21.60     0.00   0.00    0.00     4.00    0.00      0.00     0.00   0.00    0.00     0.00    0.00   0.08
loop0            0.00      0.00     0.00   0.00    0.00     0.00    0.00      0.00     0.00   0.00    0.00     0.00    0.00      0.00     0.00   0.00    0.00     0.00    0.00   0.00
loop1            0.00      0.00     0.00   0.00    0.00     0.00    0.00      0.00     0.00   0.00    0.00     0.00    0.00      0.00     0.00   0.00    0.00     0.00    0.00   0.00
loop2            0.00      0.00     0.00   0.00    0.00     0.00    0.00      0.00     0.00   0.00    0.00     0.00    0.00      0.00     0.00   0.00    0.00     0.00    0.00   0.00
loop3            0.00      0.00     0.00   0.00    0.00     0.00    0.00      0.00     0.00   0.00    0.00     0.00    0.00      0.00     0.00   0.00    0.00     0.00    0.00   0.00
loop4            0.00      0.00     0.00   0.00    0.00     0.00    0.00      0.00     0.00   0.00    0.00     0.00    0.00      0.00     0.00   0.00    0.00     0.00    0.00   0.00
loop5            0.00      0.00     0.00   0.00    0.00     0.00    0.00      0.00     0.00   0.00    0.00     0.00    0.00      0.00     0.00   0.00    0.00     0.00    0.00   0.00
loop6            0.00      0.00     0.00   0.00    0.00     0.00    0.00      0.00     0.00   0.00    0.00     0.00    0.00      0.00     0.00   0.00    0.00     0.00    0.00   0.00
loop7            0.00      0.00     0.00   0.00    0.00     0.00    0.00      0.00     0.00   0.00    0.00     0.00    0.00      0.00     0.00   0.00    0.00     0.00    0.00   0.00
md0           244896.80 3724026.40     0.00   0.00    0.00    15.21 4220.20 1765221.60     0.00   0.00    0.00   418.28    0.00      0.00     0.00   0.00    0.00     0.00    0.00   0.00
nvme0n1          0.00      0.00     0.00   0.00    0.00     0.00    0.40     21.60     5.00  92.59    0.50    54.00    0.00      0.00     0.00   0.00    0.00     0.00    0.00   0.08
nvme10n1      7901.80 112429.60    35.20   0.44    0.08    14.23  128.80  55019.20     3.20   2.42    0.28   427.17    0.00      0.00     0.00   0.00    0.00     0.00    0.00  93.60
nvme11n1      7953.80 113438.40    29.80   0.37    0.07    14.26  130.00  55632.00     3.40   2.55    0.17   427.94    0.00      0.00     0.00   0.00    0.00     0.00    0.00  93.04
nvme12n1      7955.00 114357.60    36.40   0.46    0.08    14.38  132.00  55908.80     3.00   2.22    0.31   423.55    0.00      0.00     0.00   0.00    0.00     0.00    0.00  93.44
nvme13n1      7941.00 112863.20    32.20   0.40    0.08    14.21  129.00  55081.60     3.00   2.27    0.34   426.99    0.00      0.00     0.00   0.00    0.00     0.00    0.00  92.96
nvme14n1      7880.40 112666.40    35.60   0.45    0.07    14.30  129.20  54872.80     2.80   2.12    0.30   424.71    0.00      0.00     0.00   0.00    0.00     0.00    0.00  93.36
nvme15n1      8005.80 114062.40    34.00   0.42    0.08    14.25  130.00  55308.80     2.80   2.11    0.31   425.45    0.00      0.00     0.00   0.00    0.00     0.00    0.00  93.68
nvme16n1      7908.20 113276.80    35.80   0.45    0.08    14.32  129.40  54959.20     2.80   2.12    0.34   424.72    0.00      0.00     0.00   0.00    0.00     0.00    0.00  93.76
nvme17n1      7855.40 112613.60    33.60   0.43    0.08    14.34  126.80  53993.60     3.00   2.31    0.30   425.82    0.00      0.00     0.00   0.00    0.00     0.00    0.00  93.28
nvme18n1      7830.60 111606.40    35.20   0.45    0.08    14.25  127.40  54350.40     2.80   2.15    0.33   426.61    0.00      0.00     0.00   0.00    0.00     0.00    0.00  93.92
nvme19n1      7781.00 111025.60    34.00   0.44    0.08    14.27  129.00  54434.40     2.80   2.12    0.32   421.97    0.00      0.00     0.00   0.00    0.00     0.00    0.00  94.32
nvme1n1       7825.20 110218.40    31.40   0.40    0.07    14.09  138.60  54568.00     4.20   2.94    0.16   393.71    0.00      0.00     0.00   0.00    0.00     0.00    0.00  94.24
nvme20n1      7774.40 110337.60    32.40   0.42    0.08    14.19  128.60  53916.00     3.00   2.28    0.33   419.25    0.00      0.00     0.00   0.00    0.00     0.00    0.00  93.28
nvme21n1      7909.60 113110.40    34.40   0.43    0.08    14.30  127.00  53887.20     2.80   2.16    0.29   424.31    0.00      0.00     0.00   0.00    0.00     0.00    0.00  92.88
nvme22n1      7868.00 112443.20    33.00   0.42    0.08    14.29  129.80  54289.60     2.60   1.96    0.32   418.26    0.00      0.00     0.00   0.00    0.00     0.00    0.00  93.76
nvme23n1      7931.00 112691.20    34.60   0.43    0.07    14.21  127.00  54464.00     2.60   2.01    0.17   428.85    0.00      0.00     0.00   0.00    0.00     0.00    0.00  93.36
nvme24n1      7892.00 111617.60    33.20   0.42    0.07    14.14  126.80  54036.80     2.40   1.86    0.30   426.16    0.00      0.00     0.00   0.00    0.00     0.00    0.00  93.36
nvme25n1      7838.40 110304.00    32.60   0.41    0.07    14.07  126.20  53635.20     2.40   1.87    0.30   425.00    0.00      0.00     0.00   0.00    0.00     0.00    0.00  94.48
nvme26n1      7873.80 111577.60    32.20   0.41    0.08    14.17  128.20  54496.80     2.40   1.84    0.31   425.09    0.00      0.00     0.00   0.00    0.00     0.00    0.00  93.28
nvme27n1      7889.00 112803.20    34.00   0.43    0.07    14.30  129.80  54584.00     2.60   1.96    0.16   420.52    0.00      0.00     0.00   0.00    0.00     0.00    0.00  93.36
nvme28n1      7836.00 111572.80    31.60   0.40    0.08    14.24  128.40  54914.40     2.40   1.83    0.33   427.68    0.00      0.00     0.00   0.00    0.00     0.00    0.00  93.52
nvme29n1      7821.40 111218.40    35.20   0.45    0.08    14.22  129.00  55229.60     2.60   1.98    0.31   428.14    0.00      0.00     0.00   0.00    0.00     0.00    0.00  93.76
nvme2n1       7827.00 111491.20    32.40   0.41    0.08    14.24  128.20  54974.40     2.80   2.14    0.35   428.82    0.00      0.00     0.00   0.00    0.00     0.00    0.00  93.52
nvme30n1      7822.60 110991.20    30.80   0.39    0.08    14.19  129.60  55208.80     2.80   2.11    0.29   425.99    0.00      0.00     0.00   0.00    0.00     0.00    0.00  92.64
nvme31n1      7886.80 110877.60    33.00   0.42    0.08    14.06  125.40  54368.80     2.80   2.18    0.31   433.56    0.00      0.00     0.00   0.00    0.00     0.00    0.00  94.56
nvme3n1       7879.80 110860.00    32.80   0.41    0.08    14.07  126.00  54298.40     3.20   2.48    0.34   430.94    0.00      0.00     0.00   0.00    0.00     0.00    0.00  93.84
nvme4n1       7774.20 109366.40    33.80   0.43    0.08    14.07  126.20  53964.80     3.00   2.32    0.32   427.61    0.00      0.00     0.00   0.00    0.00     0.00    0.00  93.92
nvme5n1       7779.40 108629.60    30.00   0.38    0.08    13.96  125.80  54336.00     3.40   2.63    0.33   431.92    0.00      0.00     0.00   0.00    0.00     0.00    0.00  93.12
nvme6n1       7836.20 109167.20    34.00   0.43    0.08    13.93  170.80  54998.40     4.80   2.73    0.25   322.00    0.00      0.00     0.00   0.00    0.00     0.00    0.00  94.16
nvme7n1       7788.00 109649.60    29.40   0.38    0.08    14.08  130.00  55030.40     3.40   2.55    0.34   423.31    0.00      0.00     0.00   0.00    0.00     0.00    0.00  93.84
nvme8n1       7880.60 111029.60    34.20   0.43    0.08    14.09  148.40  54880.80     3.60   2.37    0.27   369.82    0.00      0.00     0.00   0.00    0.00     0.00    0.00  94.16
nvme9n1       7930.80 111327.20    29.40   0.37    0.08    14.04  150.00  54794.40     3.20   2.09    0.28   365.30    0.00      0.00     0.00   0.00    0.00     0.00    0.00  94.96


Device            r/s     rkB/s   rrqm/s  %rrqm r_await rareq-sz     w/s     wkB/s   wrqm/s  %wrqm w_await wareq-sz     d/s     dkB/s   drqm/s  %drqm d_await dareq-sz  aqu-sz  %util
dm-0             0.00      0.00     0.00   0.00    0.00     0.00    2.60     11.20     0.00   0.00    0.00     4.31    0.00      0.00     0.00   0.00    0.00     0.00    0.00   0.16
loop0            0.00      0.00     0.00   0.00    0.00     0.00    0.00      0.00     0.00   0.00    0.00     0.00    0.00      0.00     0.00   0.00    0.00     0.00    0.00   0.00
loop1            0.00      0.00     0.00   0.00    0.00     0.00    0.00      0.00     0.00   0.00    0.00     0.00    0.00      0.00     0.00   0.00    0.00     0.00    0.00   0.00
loop2            0.00      0.00     0.00   0.00    0.00     0.00    0.00      0.00     0.00   0.00    0.00     0.00    0.00      0.00     0.00   0.00    0.00     0.00    0.00   0.00
loop3            0.00      0.00     0.00   0.00    0.00     0.00    0.00      0.00     0.00   0.00    0.00     0.00    0.00      0.00     0.00   0.00    0.00     0.00    0.00   0.00
loop4            0.00      0.00     0.00   0.00    0.00     0.00    0.00      0.00     0.00   0.00    0.00     0.00    0.00      0.00     0.00   0.00    0.00     0.00    0.00   0.00
loop5            0.00      0.00     0.00   0.00    0.00     0.00    0.00      0.00     0.00   0.00    0.00     0.00    0.00      0.00     0.00   0.00    0.00     0.00    0.00   0.00
loop6            0.00      0.00     0.00   0.00    0.00     0.00    0.00      0.00     0.00   0.00    0.00     0.00    0.00      0.00     0.00   0.00    0.00     0.00    0.00   0.00
loop7            0.00      0.00     0.00   0.00    0.00     0.00    0.00      0.00     0.00   0.00    0.00     0.00    0.00      0.00     0.00   0.00    0.00     0.00    0.00   0.00
md0           280513.80 3899608.00     0.00   0.00    0.00    13.90 4468.40 1801053.60     0.00   0.00    0.00   403.06    0.00      0.00     0.00   0.00    0.00     0.00    0.00   0.00
nvme0n1          0.00      0.00     0.00   0.00    0.00     0.00    1.00     11.20     1.60  61.54    0.00    11.20    0.00      0.00     0.00   0.00    0.00     0.00    0.00   0.16
nvme10n1      9008.20 118487.20    34.40   0.38    0.07    13.15  129.40  54226.40     9.60   6.91    0.28   419.06    0.00      0.00     0.00   0.00    0.00     0.00    0.00 100.00
nvme11n1      9036.60 118038.40    33.20   0.37    0.07    13.06  127.20  54082.40     8.20   6.06    0.17   425.18    0.00      0.00     0.00   0.00    0.00     0.00    0.00  99.92
nvme12n1      8941.00 116517.60    33.00   0.37    0.07    13.03  127.00  53621.60     9.40   6.89    0.30   422.22    0.00      0.00     0.00   0.00    0.00     0.00    0.00 100.00
nvme13n1      9054.00 118034.40    31.20   0.34    0.08    13.04  126.40  54351.20     6.20   4.68    0.32   429.99    0.00      0.00     0.00   0.00    0.00     0.00    0.00 100.00
nvme14n1      8881.20 116016.80    35.60   0.40    0.07    13.06  124.40  53678.40     9.20   6.89    0.30   431.50    0.00      0.00     0.00   0.00    0.00     0.00    0.00 100.00
nvme15n1      8959.20 116933.60    30.60   0.34    0.08    13.05  127.00  54723.20     6.40   4.80    0.30   430.89    0.00      0.00     0.00   0.00    0.00     0.00    0.00  99.92
nvme16n1      9066.00 119086.40    34.00   0.37    0.08    13.14  133.80  56028.80    10.80   7.47    0.32   418.75    0.00      0.00     0.00   0.00    0.00     0.00    0.00 100.00
nvme17n1      9051.00 119208.80    32.00   0.35    0.08    13.17  132.00  55792.80     5.20   3.79    0.29   422.67    0.00      0.00     0.00   0.00    0.00     0.00    0.00 100.00
nvme18n1      9086.00 119719.20    35.40   0.39    0.08    13.18  129.60  55065.60    11.60   8.22    0.33   424.89    0.00      0.00     0.00   0.00    0.00     0.00    0.00 100.00
nvme19n1      9135.00 122135.20    34.00   0.37    0.08    13.37  128.80  54872.00     4.80   3.59    0.32   426.02    0.00      0.00     0.00   0.00    0.00     0.00    0.00 100.00
nvme1n1       9045.80 117507.20    32.00   0.35    0.07    12.99  146.20  54688.80     7.20   4.69    0.15   374.07    0.00      0.00     0.00   0.00    0.00     0.00    0.00 100.00
nvme20n1      9117.00 123178.40    36.40   0.40    0.08    13.51  131.60  55419.20    11.00   7.71    0.34   421.12    0.00      0.00     0.00   0.00    0.00     0.00    0.00 100.00
nvme21n1      9059.00 121438.40    35.80   0.39    0.08    13.41  126.80  54632.80     7.40   5.51    0.30   430.86    0.00      0.00     0.00   0.00    0.00     0.00    0.00 100.00
nvme22n1      9044.00 121543.20    35.00   0.39    0.07    13.44  126.20  54840.00     9.60   7.07    0.32   434.55    0.00      0.00     0.00   0.00    0.00     0.00    0.00 100.00
nvme23n1      8995.80 121612.80    35.60   0.39    0.07    13.52  127.60  55063.20     6.00   4.49    0.17   431.53    0.00      0.00     0.00   0.00    0.00     0.00    0.00 100.00
nvme24n1      9006.80 121084.00    35.00   0.39    0.07    13.44  130.00  55805.60     9.60   6.88    0.31   429.27    0.00      0.00     0.00   0.00    0.00     0.00    0.00 100.00
nvme25n1      9034.20 121368.80    36.80   0.41    0.07    13.43  130.60  55606.40     6.80   4.95    0.30   425.78    0.00      0.00     0.00   0.00    0.00     0.00    0.00 100.00
nvme26n1      8957.20 119156.00    33.60   0.37    0.08    13.30  133.80  55829.60     9.00   6.30    0.30   417.26    0.00      0.00     0.00   0.00    0.00     0.00    0.00 100.00
nvme27n1      8901.40 117292.00    32.80   0.37    0.07    13.18  127.20  54567.20     8.20   6.06    0.17   428.99    0.00      0.00     0.00   0.00    0.00     0.00    0.00 100.00
nvme28n1      9072.60 118876.00    32.80   0.36    0.07    13.10  123.60  53960.00     9.20   6.93    0.32   436.57    0.00      0.00     0.00   0.00    0.00     0.00    0.00 100.00
nvme29n1      8983.00 118087.20    34.60   0.38    0.08    13.15  127.60  53944.80     8.00   5.90    0.30   422.76    0.00      0.00     0.00   0.00    0.00     0.00    0.00 100.00
nvme2n1       9017.60 117749.60    33.40   0.37    0.08    13.06  127.60  54482.40     6.60   4.92    0.33   426.98    0.00      0.00     0.00   0.00    0.00     0.00    0.00 100.00
nvme30n1      8952.20 117963.20    31.80   0.35    0.08    13.18  123.60  53736.00     7.40   5.65    0.29   434.76    0.00      0.00     0.00   0.00    0.00     0.00    0.00 100.00
nvme31n1      9077.20 118841.60    35.40   0.39    0.07    13.09  127.60  55015.20     7.00   5.20    0.31   431.15    0.00      0.00     0.00   0.00    0.00     0.00    0.00 100.00
nvme3n1       8936.20 116949.60    32.00   0.36    0.08    13.09  126.80  53666.40     7.60   5.65    0.33   423.24    0.00      0.00     0.00   0.00    0.00     0.00    0.00  99.92
nvme4n1       8897.20 117088.00    32.60   0.37    0.07    13.16  127.80  54548.80     7.20   5.33    0.32   426.83    0.00      0.00     0.00   0.00    0.00     0.00    0.00 100.00
nvme5n1       9002.80 118795.20    32.00   0.35    0.08    13.20  129.60  55908.00     5.40   4.00    0.32   431.39    0.00      0.00     0.00   0.00    0.00     0.00    0.00 100.00
nvme6n1       9058.60 119338.40    34.20   0.38    0.08    13.17  183.40  54908.00    12.40   6.33    0.24   299.39    0.00      0.00     0.00   0.00    0.00     0.00    0.00 100.00
nvme7n1       8925.40 117091.20    32.80   0.37    0.08    13.12  126.60  54382.40     6.60   4.95    0.34   429.56    0.00      0.00     0.00   0.00    0.00     0.00    0.00 100.00
nvme8n1       9085.80 119674.40    35.40   0.39    0.08    13.17  164.20  55570.40    31.00  15.88    0.25   338.43    0.00      0.00     0.00   0.00    0.00     0.00    0.00 100.00
nvme9n1       9074.00 119705.60    33.80   0.37    0.08    13.19  157.40  55155.20    26.40  14.36    0.27   350.41    0.00      0.00     0.00   0.00    0.00     0.00    0.00 100.08


Device            r/s     rkB/s   rrqm/s  %rrqm r_await rareq-sz     w/s     wkB/s   wrqm/s  %wrqm w_await wareq-sz     d/s     dkB/s   drqm/s  %drqm d_await dareq-sz  aqu-sz  %util
dm-0             0.00      0.00     0.00   0.00    0.00     0.00    1.80      7.20     0.00   0.00    0.00     4.00    0.00      0.00     0.00   0.00    0.00     0.00    0.00   0.08
loop0            0.00      0.00     0.00   0.00    0.00     0.00    0.00      0.00     0.00   0.00    0.00     0.00    0.00      0.00     0.00   0.00    0.00     0.00    0.00   0.00
loop1            0.00      0.00     0.00   0.00    0.00     0.00    0.00      0.00     0.00   0.00    0.00     0.00    0.00      0.00     0.00   0.00    0.00     0.00    0.00   0.00
loop2            0.00      0.00     0.00   0.00    0.00     0.00    0.00      0.00     0.00   0.00    0.00     0.00    0.00      0.00     0.00   0.00    0.00     0.00    0.00   0.00
loop3            0.00      0.00     0.00   0.00    0.00     0.00    0.00      0.00     0.00   0.00    0.00     0.00    0.00      0.00     0.00   0.00    0.00     0.00    0.00   0.00
loop4            0.00      0.00     0.00   0.00    0.00     0.00    0.00      0.00     0.00   0.00    0.00     0.00    0.00      0.00     0.00   0.00    0.00     0.00    0.00   0.00
loop5            0.00      0.00     0.00   0.00    0.00     0.00    0.00      0.00     0.00   0.00    0.00     0.00    0.00      0.00     0.00   0.00    0.00     0.00    0.00   0.00
loop6            0.00      0.00     0.00   0.00    0.00     0.00    0.00      0.00     0.00   0.00    0.00     0.00    0.00      0.00     0.00   0.00    0.00     0.00    0.00   0.00
loop7            0.00      0.00     0.00   0.00    0.00     0.00    0.00      0.00     0.00   0.00    0.00     0.00    0.00      0.00     0.00   0.00    0.00     0.00    0.00   0.00
md0           195048.40 2964954.40     0.00   0.00    0.00    15.20 3428.40 1416065.60     0.00   0.00    0.00   413.04    0.00      0.00     0.00   0.00    0.00     0.00    0.00   0.00
nvme0n1          0.00      0.00     0.00   0.00    0.00     0.00    0.40      7.20     1.40  77.78    0.00    18.00    0.00      0.00     0.00   0.00    0.00     0.00    0.00   0.08
nvme10n1      6203.00  89959.20    22.80   0.37    0.08    14.50  102.00  42543.20     3.60   3.41    0.28   417.09    0.00      0.00     0.00   0.00    0.00     0.00    0.00  88.72
nvme11n1      6263.60  91407.20    25.00   0.40    0.07    14.59  104.80  43392.80     3.00   2.78    0.17   414.05    0.00      0.00     0.00   0.00    0.00     0.00    0.00  89.04
nvme12n1      6185.00  89658.40    23.60   0.38    0.08    14.50  102.00  42293.60     3.00   2.86    0.29   414.64    0.00      0.00     0.00   0.00    0.00     0.00    0.00  88.08
nvme13n1      6237.40  89853.60    25.20   0.40    0.08    14.41  100.60  41841.60     3.40   3.27    0.31   415.92    0.00      0.00     0.00   0.00    0.00     0.00    0.00  88.96
nvme14n1      6256.20  89568.00    24.00   0.38    0.07    14.32   99.20  41445.60     3.40   3.31    0.30   417.80    0.00      0.00     0.00   0.00    0.00     0.00    0.00  88.88
nvme15n1      6265.40  90005.60    25.20   0.40    0.08    14.37   98.80  41548.00     3.20   3.14    0.30   420.53    0.00      0.00     0.00   0.00    0.00     0.00    0.00  88.96
nvme16n1      6287.00  90033.60    24.40   0.39    0.08    14.32  102.00  41808.00     3.20   3.04    0.30   409.88    0.00      0.00     0.00   0.00    0.00     0.00    0.00  89.84
nvme17n1      6385.20  90115.20    24.60   0.38    0.08    14.11  102.60  43024.80     3.20   3.02    0.28   419.35    0.00      0.00     0.00   0.00    0.00     0.00    0.00  89.12
nvme18n1      6314.80  89007.20    24.00   0.38    0.08    14.10  101.60  42787.20     3.20   3.05    0.31   421.13    0.00      0.00     0.00   0.00    0.00     0.00    0.00  91.04
nvme19n1      6355.00  89160.00    24.80   0.39    0.08    14.03  101.60  42933.60     3.00   2.87    0.30   422.57    0.00      0.00     0.00   0.00    0.00     0.00    0.00  90.16
nvme1n1       6175.80  87171.20    23.60   0.38    0.07    14.11  114.40  43785.60     3.80   3.21    0.15   382.74    0.00      0.00     0.00   0.00    0.00     0.00    0.00  89.28
nvme20n1      6344.60  88838.40    24.60   0.39    0.08    14.00  101.80  43084.00     2.80   2.68    0.33   423.22    0.00      0.00     0.00   0.00    0.00     0.00    0.00  89.68
nvme21n1      6288.20  88224.80    23.80   0.38    0.08    14.03  103.00  42913.60     2.80   2.65    0.28   416.64    0.00      0.00     0.00   0.00    0.00     0.00    0.00  88.96
nvme22n1      6295.00  88078.40    25.20   0.40    0.08    13.99  102.00  43444.80     2.80   2.67    0.31   425.93    0.00      0.00     0.00   0.00    0.00     0.00    0.00  89.76
nvme23n1      6272.80  87846.40    23.80   0.38    0.07    14.00  104.00  43204.80     2.40   2.26    0.17   415.43    0.00      0.00     0.00   0.00    0.00     0.00    0.00  90.96
nvme24n1      6267.20  87403.20    23.20   0.37    0.07    13.95  102.60  43481.60     2.40   2.29    0.30   423.80    0.00      0.00     0.00   0.00    0.00     0.00    0.00  88.72
nvme25n1      6370.80  88480.80    23.20   0.36    0.07    13.89  105.20  44332.00     2.40   2.23    0.30   421.41    0.00      0.00     0.00   0.00    0.00     0.00    0.00  89.52
nvme26n1      6240.60  87721.60    24.00   0.38    0.08    14.06  104.00  44054.40     2.40   2.26    0.30   423.60    0.00      0.00     0.00   0.00    0.00     0.00    0.00  89.12
nvme27n1      6294.40  87679.20    22.40   0.35    0.07    13.93  106.40  43613.60     2.60   2.39    0.16   409.90    0.00      0.00     0.00   0.00    0.00     0.00    0.00  88.48
nvme28n1      6300.80  88791.20    24.40   0.39    0.08    14.09  106.80  44522.40     2.60   2.38    0.31   416.88    0.00      0.00     0.00   0.00    0.00     0.00    0.00  88.64
nvme29n1      6266.40  88858.40    22.20   0.35    0.08    14.18  108.80  45413.60     3.00   2.68    0.30   417.40    0.00      0.00     0.00   0.00    0.00     0.00    0.00  89.20
nvme2n1       6108.20  87220.00    21.40   0.35    0.08    14.28  104.60  43775.20     3.20   2.97    0.31   418.50    0.00      0.00     0.00   0.00    0.00     0.00    0.00  89.12
nvme30n1      6324.20  88792.80    25.60   0.40    0.08    14.04  109.40  45612.00     3.00   2.67    0.28   416.93    0.00      0.00     0.00   0.00    0.00     0.00    0.00  87.84
nvme31n1      6237.40  87713.60    23.20   0.37    0.08    14.06  105.40  44664.80     3.00   2.77    0.30   423.76    0.00      0.00     0.00   0.00    0.00     0.00    0.00  89.20
nvme3n1       6255.20  88924.00    23.20   0.37    0.08    14.22  104.40  43464.00     3.00   2.79    0.31   416.32    0.00      0.00     0.00   0.00    0.00     0.00    0.00  90.48
nvme4n1       6336.40  90315.20    21.80   0.34    0.08    14.25  101.40  43144.80     3.00   2.87    0.30   425.49    0.00      0.00     0.00   0.00    0.00     0.00    0.00  89.44
nvme5n1       6239.40  90146.40    25.40   0.41    0.08    14.45  105.40  44120.80     3.20   2.95    0.31   418.60    0.00      0.00     0.00   0.00    0.00     0.00    0.00  89.20
nvme6n1       6278.00  89781.60    23.20   0.37    0.08    14.30  138.00  43792.00     3.80   2.68    0.23   317.33    0.00      0.00     0.00   0.00    0.00     0.00    0.00  89.20
nvme7n1       6203.40  90181.60    24.80   0.40    0.08    14.54  106.20  44460.80     3.20   2.93    0.31   418.65    0.00      0.00     0.00   0.00    0.00     0.00    0.00  88.16
nvme8n1       6185.20  89577.60    22.40   0.36    0.08    14.48  125.20  44109.60     3.20   2.49    0.24   352.31    0.00      0.00     0.00   0.00    0.00     0.00    0.00  88.08
nvme9n1       6262.20  90223.20    25.40   0.40    0.08    14.41  117.40  43568.00     3.20   2.65    0.27   371.11    0.00      0.00     0.00   0.00    0.00     0.00    0.00  89.28


Device            r/s     rkB/s   rrqm/s  %rrqm r_await rareq-sz     w/s     wkB/s   wrqm/s  %wrqm w_await wareq-sz     d/s     dkB/s   drqm/s  %drqm d_await dareq-sz  aqu-sz  %util
dm-0             0.00      0.00     0.00   0.00    0.00     0.00   16.00     67.20     0.00   0.00    0.00     4.20    0.00      0.00     0.00   0.00    0.00     0.00    0.00   0.16
loop0            0.00      0.00     0.00   0.00    0.00     0.00    0.00      0.00     0.00   0.00    0.00     0.00    0.00      0.00     0.00   0.00    0.00     0.00    0.00   0.00
loop1            0.00      0.00     0.00   0.00    0.00     0.00    0.00      0.00     0.00   0.00    0.00     0.00    0.00      0.00     0.00   0.00    0.00     0.00    0.00   0.00
loop2            0.00      0.00     0.00   0.00    0.00     0.00    0.00      0.00     0.00   0.00    0.00     0.00    0.00      0.00     0.00   0.00    0.00     0.00    0.00   0.00
loop3            0.00      0.00     0.00   0.00    0.00     0.00    0.00      0.00     0.00   0.00    0.00     0.00    0.00      0.00     0.00   0.00    0.00     0.00    0.00   0.00
loop4            0.00      0.00     0.00   0.00    0.00     0.00    0.00      0.00     0.00   0.00    0.00     0.00    0.00      0.00     0.00   0.00    0.00     0.00    0.00   0.00
loop5            0.00      0.00     0.00   0.00    0.00     0.00    0.00      0.00     0.00   0.00    0.00     0.00    0.00      0.00     0.00   0.00    0.00     0.00    0.00   0.00
loop6            0.00      0.00     0.00   0.00    0.00     0.00    0.00      0.00     0.00   0.00    0.00     0.00    0.00      0.00     0.00   0.00    0.00     0.00    0.00   0.00
loop7            0.00      0.00     0.00   0.00    0.00     0.00    0.00      0.00     0.00   0.00    0.00     0.00    0.00      0.00     0.00   0.00    0.00     0.00    0.00   0.00
md0           166910.80 3960924.80     0.00   0.00    0.00    23.73 6333.80 2454720.00     0.00   0.00    0.00   387.56    0.00      0.00     0.00   0.00    0.00     0.00    0.00   0.00
nvme0n1          0.00      0.00     0.00   0.00    0.00     0.00   13.80     67.20     2.20  13.75    0.03     4.87    0.00      0.00     0.00   0.00    0.00     0.00    0.00   0.16
nvme10n1      5216.80 115596.80    51.40   0.98    0.08    22.16  184.00  74341.60     5.00   2.65    0.31   404.03    0.00      0.00     0.00   0.00    0.00     0.00    0.00  82.56
nvme11n1      5299.60 117058.40    53.20   0.99    0.08    22.09  183.00  74728.00     6.20   3.28    0.18   408.35    0.00      0.00     0.00   0.00    0.00     0.00    0.00  83.84
nvme12n1      5319.80 117266.40    53.40   0.99    0.08    22.04  187.80  75968.00     4.00   2.09    0.32   404.52    0.00      0.00     0.00   0.00    0.00     0.00    0.00  84.64
nvme13n1      5322.40 118519.20    54.00   1.00    0.09    22.27  189.60  77260.00     7.00   3.56    0.38   407.49    0.00      0.00     0.00   0.00    0.00     0.00    0.00  82.08
nvme14n1      5272.20 119096.80    56.00   1.05    0.08    22.59  188.60  77258.40     3.00   1.57    0.35   409.64    0.00      0.00     0.00   0.00    0.00     0.00    0.00  83.76
nvme15n1      5295.80 118575.20    55.60   1.04    0.08    22.39  193.40  78534.40     6.00   3.01    0.34   406.07    0.00      0.00     0.00   0.00    0.00     0.00    0.00  83.20
nvme16n1      5266.80 119016.80    56.40   1.06    0.09    22.60  199.00  79126.40     3.80   1.87    0.35   397.62    0.00      0.00     0.00   0.00    0.00     0.00    0.00  83.44
nvme17n1      5263.60 119437.60    56.40   1.06    0.09    22.69  194.00  79213.60     6.40   3.19    0.32   408.32    0.00      0.00     0.00   0.00    0.00     0.00    0.00  84.56
nvme18n1      5411.40 121599.20    58.00   1.06    0.08    22.47  194.40  80472.00     4.40   2.21    0.37   413.95    0.00      0.00     0.00   0.00    0.00     0.00    0.00  84.40
nvme19n1      5269.60 119843.20    56.20   1.06    0.09    22.74  197.40  80607.20     8.40   4.08    0.36   408.34    0.00      0.00     0.00   0.00    0.00     0.00    0.00  83.76
nvme1n1       5437.20 118777.60    56.40   1.03    0.08    21.85  202.60  76425.60     6.80   3.25    0.16   377.22    0.00      0.00     0.00   0.00    0.00     0.00    0.00  83.28
nvme20n1      5345.80 120026.40    59.80   1.11    0.09    22.45  199.00  81901.60     4.60   2.26    0.37   411.57    0.00      0.00     0.00   0.00    0.00     0.00    0.00  84.64
nvme21n1      5329.00 118569.60    57.20   1.06    0.09    22.25  199.20  80784.00     6.00   2.92    0.31   405.54    0.00      0.00     0.00   0.00    0.00     0.00    0.00  84.40
nvme22n1      5333.40 115822.40    57.60   1.07    0.08    21.72  192.40  79088.00     6.00   3.02    0.36   411.06    0.00      0.00     0.00   0.00    0.00     0.00    0.00  84.72
nvme23n1      5352.00 116566.40    54.40   1.01    0.08    21.78  192.40  79311.20     8.00   3.99    0.17   412.22    0.00      0.00     0.00   0.00    0.00     0.00    0.00  84.40
nvme24n1      5282.00 117392.80    59.20   1.11    0.08    22.23  196.00  80349.60     4.00   2.00    0.34   409.95    0.00      0.00     0.00   0.00    0.00     0.00    0.00  84.24
nvme25n1      5360.80 117556.00    54.20   1.00    0.08    21.93  196.40  80500.00     8.60   4.20    0.33   409.88    0.00      0.00     0.00   0.00    0.00     0.00    0.00  82.80
nvme26n1      5294.00 116944.80    58.20   1.09    0.09    22.09  195.40  79376.80     6.00   2.98    0.34   406.23    0.00      0.00     0.00   0.00    0.00     0.00    0.00  84.24
nvme27n1      5246.60 115703.20    51.60   0.97    0.08    22.05  192.60  78164.00     5.60   2.83    0.18   405.84    0.00      0.00     0.00   0.00    0.00     0.00    0.00  83.44
nvme28n1      5288.40 117039.20    58.40   1.09    0.08    22.13  189.20  78068.80     3.00   1.56    0.35   412.63    0.00      0.00     0.00   0.00    0.00     0.00    0.00  83.92
nvme29n1      5414.60 118932.80    53.60   0.98    0.09    21.97  192.60  79211.20     5.60   2.83    0.34   411.27    0.00      0.00     0.00   0.00    0.00     0.00    0.00  83.68
nvme2n1       5436.00 119676.00    55.80   1.02    0.09    22.02  182.80  76132.00     3.00   1.61    0.38   416.48    0.00      0.00     0.00   0.00    0.00     0.00    0.00  82.96
nvme30n1      5341.20 119222.40    58.60   1.09    0.09    22.32  191.20  78304.80     4.40   2.25    0.31   409.54    0.00      0.00     0.00   0.00    0.00     0.00    0.00  83.20
nvme31n1      5298.60 116297.60    56.20   1.05    0.08    21.95  190.40  77220.00     3.60   1.86    0.32   405.57    0.00      0.00     0.00   0.00    0.00     0.00    0.00  82.72
nvme3n1       5457.40 118613.60    55.80   1.01    0.09    21.73  185.80  76620.00     5.00   2.62    0.35   412.38    0.00      0.00     0.00   0.00    0.00     0.00    0.00  82.00
nvme4n1       5442.40 116871.20    53.00   0.96    0.08    21.47  182.60  75455.20     4.00   2.14    0.35   413.23    0.00      0.00     0.00   0.00    0.00     0.00    0.00  82.88
nvme5n1       5369.60 116274.40    54.60   1.01    0.09    21.65  182.20  74601.60     5.40   2.88    0.36   409.45    0.00      0.00     0.00   0.00    0.00     0.00    0.00  81.92
nvme6n1       5351.60 116331.20    53.20   0.98    0.08    21.74  263.20  73471.20     5.80   2.16    0.24   279.15    0.00      0.00     0.00   0.00    0.00     0.00    0.00  83.68
nvme7n1       5293.20 114935.20    56.00   1.05    0.09    21.71  177.20  73116.80     7.20   3.90    0.36   412.62    0.00      0.00     0.00   0.00    0.00     0.00    0.00  84.64
nvme8n1       5362.60 116214.40    53.00   0.98    0.09    21.67  227.40  75052.00    13.00   5.41    0.27   330.04    0.00      0.00     0.00   0.00    0.00     0.00    0.00  84.32
nvme9n1       5230.60 116276.00    53.00   1.00    0.09    22.23  217.40  74815.20    23.00   9.57    0.30   344.14    0.00      0.00     0.00   0.00    0.00     0.00    0.00  83.76


Device            r/s     rkB/s   rrqm/s  %rrqm r_await rareq-sz     w/s     wkB/s   wrqm/s  %wrqm w_await wareq-sz     d/s     dkB/s   drqm/s  %drqm d_await dareq-sz  aqu-sz  %util
dm-0             0.00      0.00     0.00   0.00    0.00     0.00    2.60     20.00     0.00   0.00    0.00     7.69    0.00      0.00     0.00   0.00    0.00     0.00    0.00   0.16
loop0            0.00      0.00     0.00   0.00    0.00     0.00    0.00      0.00     0.00   0.00    0.00     0.00    0.00      0.00     0.00   0.00    0.00     0.00    0.00   0.00
loop1            0.00      0.00     0.00   0.00    0.00     0.00    0.00      0.00     0.00   0.00    0.00     0.00    0.00      0.00     0.00   0.00    0.00     0.00    0.00   0.00
loop2            0.00      0.00     0.00   0.00    0.00     0.00    0.00      0.00     0.00   0.00    0.00     0.00    0.00      0.00     0.00   0.00    0.00     0.00    0.00   0.00
loop3            0.00      0.00     0.00   0.00    0.00     0.00    0.00      0.00     0.00   0.00    0.00     0.00    0.00      0.00     0.00   0.00    0.00     0.00    0.00   0.00
loop4            0.00      0.00     0.00   0.00    0.00     0.00    0.00      0.00     0.00   0.00    0.00     0.00    0.00      0.00     0.00   0.00    0.00     0.00    0.00   0.00
loop5            0.00      0.00     0.00   0.00    0.00     0.00    0.00      0.00     0.00   0.00    0.00     0.00    0.00      0.00     0.00   0.00    0.00     0.00    0.00   0.00
loop6            0.00      0.00     0.00   0.00    0.00     0.00    0.00      0.00     0.00   0.00    0.00     0.00    0.00      0.00     0.00   0.00    0.00     0.00    0.00   0.00
loop7            0.00      0.00     0.00   0.00    0.00     0.00    0.00      0.00     0.00   0.00    0.00     0.00    0.00      0.00     0.00   0.00    0.00     0.00    0.00   0.00
md0           285427.80 3455075.20     0.00   0.00    0.00    12.10 3411.40 1313536.00     0.00   0.00    0.00   385.04    0.00      0.00     0.00   0.00    0.00     0.00    0.00   0.00
nvme0n1          0.00      0.00     0.00   0.00    0.00     0.00    0.60     20.00     2.00  76.92    0.00    33.33    0.00      0.00     0.00   0.00    0.00     0.00    0.00   0.16
nvme10n1      9091.80 104696.80    23.20   0.25    0.07    11.52   98.80  40968.80     4.40   4.26    0.28   414.66    0.00      0.00     0.00   0.00    0.00     0.00    0.00  96.96
nvme11n1      9046.80 104184.00    22.20   0.24    0.07    11.52   98.60  40880.00     1.60   1.60    0.16   414.60    0.00      0.00     0.00   0.00    0.00     0.00    0.00  96.56
nvme12n1      9177.20 105090.40    22.00   0.24    0.07    11.45  101.20  41587.20     5.00   4.71    0.29   410.94    0.00      0.00     0.00   0.00    0.00     0.00    0.00  96.56
nvme13n1      9103.40 103659.20    21.00   0.23    0.07    11.39  102.00  42048.00     2.40   2.30    0.33   412.24    0.00      0.00     0.00   0.00    0.00     0.00    0.00  96.56
nvme14n1      9023.60 102855.20    21.60   0.24    0.07    11.40  100.00  41368.00     5.00   4.76    0.29   413.68    0.00      0.00     0.00   0.00    0.00     0.00    0.00  97.36
nvme15n1      9186.80 104760.80    21.40   0.23    0.07    11.40  101.00  41884.80     5.00   4.72    0.30   414.70    0.00      0.00     0.00   0.00    0.00     0.00    0.00  97.44
nvme16n1      9254.60 105637.60    23.00   0.25    0.07    11.41  105.20  42186.40     3.80   3.49    0.30   401.01    0.00      0.00     0.00   0.00    0.00     0.00    0.00  97.20
nvme17n1      9296.40 106772.80    21.80   0.23    0.07    11.49  103.60  42206.40     4.00   3.72    0.28   407.40    0.00      0.00     0.00   0.00    0.00     0.00    0.00  97.28
nvme18n1      9172.60 105043.20    23.00   0.25    0.07    11.45  102.60  41059.20     3.60   3.39    0.31   400.19    0.00      0.00     0.00   0.00    0.00     0.00    0.00  96.80
nvme19n1      9215.60 106042.40    22.20   0.24    0.07    11.51  102.60  41938.40     4.80   4.47    0.30   408.76    0.00      0.00     0.00   0.00    0.00     0.00    0.00  96.80
nvme1n1       9179.60 105590.40    22.60   0.25    0.07    11.50  112.40  40636.00     4.40   3.77    0.14   361.53    0.00      0.00     0.00   0.00    0.00     0.00    0.00  96.96
nvme20n1      9246.20 106454.40    24.20   0.26    0.07    11.51  103.60  42023.20     4.20   3.90    0.33   405.63    0.00      0.00     0.00   0.00    0.00     0.00    0.00  96.88
nvme21n1      9254.40 107739.20    23.40   0.25    0.07    11.64  103.80  41736.80     5.60   5.12    0.27   402.09    0.00      0.00     0.00   0.00    0.00     0.00    0.00  97.44
nvme22n1      9294.80 108334.40    23.80   0.26    0.07    11.66  103.40  42478.40     3.80   3.54    0.29   410.82    0.00      0.00     0.00   0.00    0.00     0.00    0.00  96.72
nvme23n1      9285.20 108346.40    24.80   0.27    0.07    11.67  104.60  42317.60     5.00   4.56    0.16   404.57    0.00      0.00     0.00   0.00    0.00     0.00    0.00  97.04
nvme24n1      9161.20 107212.00    23.00   0.25    0.07    11.70  100.80  41492.80     2.00   1.95    0.28   411.63    0.00      0.00     0.00   0.00    0.00     0.00    0.00  96.32
nvme25n1      9213.40 107104.00    24.60   0.27    0.07    11.62  102.80  41428.80     4.40   4.10    0.28   403.00    0.00      0.00     0.00   0.00    0.00     0.00    0.00  97.52
nvme26n1      9185.00 107046.40    24.20   0.26    0.07    11.65  101.00  41518.40     1.40   1.37    0.29   411.07    0.00      0.00     0.00   0.00    0.00     0.00    0.00  97.12
nvme27n1      9144.00 105779.20    24.40   0.27    0.07    11.57  102.80  41276.80     3.60   3.38    0.16   401.53    0.00      0.00     0.00   0.00    0.00     0.00    0.00  97.04
nvme28n1      9159.20 106048.80    23.00   0.25    0.07    11.58  100.00  40557.60     1.40   1.38    0.30   405.58    0.00      0.00     0.00   0.00    0.00     0.00    0.00  96.80
nvme29n1      9317.00 107876.00    24.40   0.26    0.07    11.58   98.40  40437.60     5.20   5.02    0.30   410.95    0.00      0.00     0.00   0.00    0.00     0.00    0.00  97.20
nvme2n1       9228.00 107033.60    23.80   0.26    0.08    11.60  101.40  41241.60     3.40   3.24    0.31   406.72    0.00      0.00     0.00   0.00    0.00     0.00    0.00  97.12
nvme30n1      9205.00 106075.20    23.40   0.25    0.08    11.52   96.20  39936.00     1.60   1.64    0.28   415.14    0.00      0.00     0.00   0.00    0.00     0.00    0.00  96.40
nvme31n1      9241.60 106831.20    24.40   0.26    0.07    11.56   98.20  40694.40     4.00   3.91    0.29   414.40    0.00      0.00     0.00   0.00    0.00     0.00    0.00  97.20
nvme3n1       9176.20 106150.40    21.80   0.24    0.07    11.57   98.20  40338.40     1.00   1.01    0.33   410.78    0.00      0.00     0.00   0.00    0.00     0.00    0.00  97.04
nvme4n1       9097.40 104913.60    23.80   0.26    0.07    11.53   97.40  40167.20     4.60   4.51    0.30   412.39    0.00      0.00     0.00   0.00    0.00     0.00    0.00  96.40
nvme5n1       9133.60 105111.20    21.60   0.24    0.07    11.51   98.20  40281.60     2.20   2.19    0.30   410.20    0.00      0.00     0.00   0.00    0.00     0.00    0.00  96.48
nvme6n1       9095.20 104799.20    23.20   0.25    0.07    11.52  133.00  40141.60     5.40   3.90    0.23   301.82    0.00      0.00     0.00   0.00    0.00     0.00    0.00  96.56
nvme7n1       9109.60 106423.20    22.80   0.25    0.08    11.68   99.80  41110.40     1.80   1.77    0.31   411.93    0.00      0.00     0.00   0.00    0.00     0.00    0.00  96.96
nvme8n1       9214.20 108507.20    23.80   0.26    0.07    11.78  131.40  41741.60    17.80  11.93    0.23   317.67    0.00      0.00     0.00   0.00    0.00     0.00    0.00  97.68
nvme9n1       9203.20 106865.60    22.40   0.24    0.07    11.61  118.00  41654.40    20.60  14.86    0.26   353.00    0.00      0.00     0.00   0.00    0.00     0.00    0.00  97.12


Device            r/s     rkB/s   rrqm/s  %rrqm r_await rareq-sz     w/s     wkB/s   wrqm/s  %wrqm w_await wareq-sz     d/s     dkB/s   drqm/s  %drqm d_await dareq-sz  aqu-sz  %util
dm-0             0.20      0.80     0.00   0.00    0.00     4.00    3.80     26.40     0.00   0.00    0.00     6.95    0.00      0.00     0.00   0.00    0.00     0.00    0.00   0.16
loop0            0.00      0.00     0.00   0.00    0.00     0.00    0.00      0.00     0.00   0.00    0.00     0.00    0.00      0.00     0.00   0.00    0.00     0.00    0.00   0.00
loop1            0.00      0.00     0.00   0.00    0.00     0.00    0.00      0.00     0.00   0.00    0.00     0.00    0.00      0.00     0.00   0.00    0.00     0.00    0.00   0.00
loop2            0.00      0.00     0.00   0.00    0.00     0.00    0.00      0.00     0.00   0.00    0.00     0.00    0.00      0.00     0.00   0.00    0.00     0.00    0.00   0.00
loop3            0.00      0.00     0.00   0.00    0.00     0.00    0.00      0.00     0.00   0.00    0.00     0.00    0.00      0.00     0.00   0.00    0.00     0.00    0.00   0.00
loop4            0.00      0.00     0.00   0.00    0.00     0.00    0.00      0.00     0.00   0.00    0.00     0.00    0.00      0.00     0.00   0.00    0.00     0.00    0.00   0.00
loop5            0.00      0.00     0.00   0.00    0.00     0.00    0.00      0.00     0.00   0.00    0.00     0.00    0.00      0.00     0.00   0.00    0.00     0.00    0.00   0.00
loop6            0.00      0.00     0.00   0.00    0.00     0.00    0.00      0.00     0.00   0.00    0.00     0.00    0.00      0.00     0.00   0.00    0.00     0.00    0.00   0.00
loop7            0.00      0.00     0.00   0.00    0.00     0.00    0.00      0.00     0.00   0.00    0.00     0.00    0.00      0.00     0.00   0.00    0.00     0.00    0.00   0.00
md0           206120.20 3732214.40     0.00   0.00    0.00    18.11 5485.00 2056852.80     0.00   0.00    0.00   375.00    0.00      0.00     0.00   0.00    0.00     0.00    0.00   0.00
nvme0n1          0.20      0.80     0.00   0.00    0.00     4.00    2.00     26.40     1.80  47.37    0.10    13.20    0.00      0.00     0.00   0.00    0.00     0.00    0.00   0.16
nvme10n1      6593.00 113928.80    51.60   0.78    0.08    17.28  167.80  65301.60     2.60   1.53    0.29   389.16    0.00      0.00     0.00   0.00    0.00     0.00    0.00  90.40
nvme11n1      6596.80 114401.60    47.80   0.72    0.08    17.34  168.80  65053.60     2.80   1.63    0.17   385.39    0.00      0.00     0.00   0.00    0.00     0.00    0.00  89.84
nvme12n1      6665.40 115800.80    53.60   0.80    0.08    17.37  168.40  65699.20     2.60   1.52    0.31   390.14    0.00      0.00     0.00   0.00    0.00     0.00    0.00  91.60
nvme13n1      6681.80 114840.80    48.60   0.72    0.08    17.19  170.20  65911.20     2.60   1.50    0.34   387.26    0.00      0.00     0.00   0.00    0.00     0.00    0.00  90.48
nvme14n1      6623.00 113311.20    51.60   0.77    0.08    17.11  169.40  65397.60     3.00   1.74    0.32   386.05    0.00      0.00     0.00   0.00    0.00     0.00    0.00  90.96
nvme15n1      6634.40 111968.00    44.80   0.67    0.08    16.88  163.20  62837.60     3.00   1.81    0.30   385.03    0.00      0.00     0.00   0.00    0.00     0.00    0.00  90.88
nvme16n1      6497.80 111506.40    51.80   0.79    0.08    17.16  167.20  62556.80     2.80   1.65    0.32   374.14    0.00      0.00     0.00   0.00    0.00     0.00    0.00  90.40
nvme17n1      6575.00 112983.20    45.20   0.68    0.08    17.18  163.20  63519.20     2.40   1.45    0.29   389.21    0.00      0.00     0.00   0.00    0.00     0.00    0.00  90.08
nvme18n1      6612.40 114947.20    52.20   0.78    0.08    17.38  165.40  64209.60     2.60   1.55    0.33   388.21    0.00      0.00     0.00   0.00    0.00     0.00    0.00  90.80
nvme19n1      6613.60 113613.60    47.40   0.71    0.08    17.18  164.60  64472.00     2.40   1.44    0.33   391.69    0.00      0.00     0.00   0.00    0.00     0.00    0.00  90.08
nvme1n1       6554.00 113900.80    51.80   0.78    0.08    17.38  176.20  62825.60     3.60   2.00    0.16   356.56    0.00      0.00     0.00   0.00    0.00     0.00    0.00  89.68
nvme20n1      6668.40 114532.80    52.40   0.78    0.08    17.18  167.00  65892.00     3.00   1.76    0.35   394.56    0.00      0.00     0.00   0.00    0.00     0.00    0.00  90.96
nvme21n1      6582.40 112373.60    47.20   0.71    0.08    17.07  167.40  65761.60     2.80   1.65    0.29   392.84    0.00      0.00     0.00   0.00    0.00     0.00    0.00  89.76
nvme22n1      6589.00 113169.60    51.60   0.78    0.08    17.18  173.00  66172.00     2.80   1.59    0.31   382.50    0.00      0.00     0.00   0.00    0.00     0.00    0.00  90.96
nvme23n1      6561.60 112035.20    46.60   0.71    0.08    17.07  170.00  65538.40     2.60   1.51    0.17   385.52    0.00      0.00     0.00   0.00    0.00     0.00    0.00  89.92
nvme24n1      6561.80 110540.00    50.60   0.77    0.08    16.85  169.00  64918.40     2.60   1.52    0.31   384.13    0.00      0.00     0.00   0.00    0.00     0.00    0.00  89.84
nvme25n1      6624.40 113273.60    47.80   0.72    0.08    17.10  173.20  66434.40     2.60   1.48    0.31   383.57    0.00      0.00     0.00   0.00    0.00     0.00    0.00  89.12
nvme26n1      6667.40 112940.00    50.80   0.76    0.08    16.94  172.20  66692.80     2.40   1.37    0.31   387.30    0.00      0.00     0.00   0.00    0.00     0.00    0.00  89.76
nvme27n1      6654.60 113143.20    48.00   0.72    0.08    17.00  174.00  66280.00     2.20   1.25    0.17   380.92    0.00      0.00     0.00   0.00    0.00     0.00    0.00  90.32
nvme28n1      6637.00 113132.80    48.80   0.73    0.08    17.05  172.00  66005.60     2.60   1.49    0.33   383.75    0.00      0.00     0.00   0.00    0.00     0.00    0.00  90.48
nvme29n1      6625.60 113593.60    47.40   0.71    0.08    17.14  170.00  64928.00     2.20   1.28    0.31   381.93    0.00      0.00     0.00   0.00    0.00     0.00    0.00  90.16
nvme2n1       6530.00 113404.80    49.60   0.75    0.08    17.37  164.20  63452.80     2.20   1.32    0.34   386.44    0.00      0.00     0.00   0.00    0.00     0.00    0.00  89.92
nvme30n1      6543.60 113388.80    48.80   0.74    0.08    17.33  165.40  64053.60     2.20   1.31    0.30   387.26    0.00      0.00     0.00   0.00    0.00     0.00    0.00  89.60
nvme31n1      6584.40 115525.60    48.60   0.73    0.08    17.55  165.20  63288.80     2.00   1.20    0.30   383.10    0.00      0.00     0.00   0.00    0.00     0.00    0.00  89.28
nvme3n1       6585.60 115348.00    50.80   0.77    0.08    17.52  168.00  64641.60     2.40   1.41    0.34   384.77    0.00      0.00     0.00   0.00    0.00     0.00    0.00  89.52
nvme4n1       6599.80 114188.80    50.40   0.76    0.08    17.30  167.00  64185.60     2.40   1.42    0.33   384.34    0.00      0.00     0.00   0.00    0.00     0.00    0.00  89.04
nvme5n1       6641.40 114755.20    51.00   0.76    0.08    17.28  169.20  64060.80     2.40   1.40    0.32   378.61    0.00      0.00     0.00   0.00    0.00     0.00    0.00  90.40
nvme6n1       6548.60 112102.40    51.20   0.78    0.08    17.12  226.20  65195.20     5.80   2.50    0.26   288.22    0.00      0.00     0.00   0.00    0.00     0.00    0.00  90.24
nvme7n1       6545.00 111419.20    47.60   0.72    0.08    17.02  169.80  65236.00     2.40   1.39    0.34   384.19    0.00      0.00     0.00   0.00    0.00     0.00    0.00  89.76
nvme8n1       6626.80 111614.40    47.80   0.72    0.08    16.84  193.80  65285.60     2.60   1.32    0.27   336.87    0.00      0.00     0.00   0.00    0.00     0.00    0.00  90.48
nvme9n1       6563.40 112574.40    48.00   0.73    0.08    17.15  195.60  64744.00     2.80   1.41    0.28   331.00    0.00      0.00     0.00   0.00    0.00     0.00    0.00  89.92


Device            r/s     rkB/s   rrqm/s  %rrqm r_await rareq-sz     w/s     wkB/s   wrqm/s  %wrqm w_await wareq-sz     d/s     dkB/s   drqm/s  %drqm d_await dareq-sz  aqu-sz  %util
dm-0            10.00     53.60     0.00   0.00    0.00     5.36    9.20     51.20     0.00   0.00    0.00     5.57    0.00      0.00     0.00   0.00    0.00     0.00    0.00   0.32
loop0            0.00      0.00     0.00   0.00    0.00     0.00    0.00      0.00     0.00   0.00    0.00     0.00    0.00      0.00     0.00   0.00    0.00     0.00    0.00   0.00
loop1            0.00      0.00     0.00   0.00    0.00     0.00    0.00      0.00     0.00   0.00    0.00     0.00    0.00      0.00     0.00   0.00    0.00     0.00    0.00   0.00
loop2            0.00      0.00     0.00   0.00    0.00     0.00    0.00      0.00     0.00   0.00    0.00     0.00    0.00      0.00     0.00   0.00    0.00     0.00    0.00   0.00
loop3            0.00      0.00     0.00   0.00    0.00     0.00    0.00      0.00     0.00   0.00    0.00     0.00    0.00      0.00     0.00   0.00    0.00     0.00    0.00   0.00
loop4            0.00      0.00     0.00   0.00    0.00     0.00    0.00      0.00     0.00   0.00    0.00     0.00    0.00      0.00     0.00   0.00    0.00     0.00    0.00   0.00
loop5            0.00      0.00     0.00   0.00    0.00     0.00    0.00      0.00     0.00   0.00    0.00     0.00    0.00      0.00     0.00   0.00    0.00     0.00    0.00   0.00
loop6            0.00      0.00     0.00   0.00    0.00     0.00    0.00      0.00     0.00   0.00    0.00     0.00    0.00      0.00     0.00   0.00    0.00     0.00    0.00   0.00
loop7            0.00      0.00     0.00   0.00    0.00     0.00    0.00      0.00     0.00   0.00    0.00     0.00    0.00      0.00     0.00   0.00    0.00     0.00    0.00   0.00
md0           205715.20 4571872.80     0.00   0.00    0.00    22.22 7407.00 2796044.00     0.00   0.00    0.00   377.49    0.00      0.00     0.00   0.00    0.00     0.00    0.00   0.00
nvme0n1          4.40     53.60     5.60  56.00    0.09    12.18    1.80     51.20     7.40  80.43    0.00    28.44    0.00      0.00     0.00   0.00    0.00     0.00    0.00   0.32
nvme10n1      6613.80 137303.20    65.80   0.99    0.08    20.76  226.80  89482.40    10.40   4.38    0.31   394.54    0.00      0.00     0.00   0.00    0.00     0.00    0.00  92.56
nvme11n1      6648.40 138593.60    66.20   0.99    0.08    20.85  226.80  89859.20     9.00   3.82    0.17   396.20    0.00      0.00     0.00   0.00    0.00     0.00    0.00  92.96
nvme12n1      6659.20 138940.00    69.80   1.04    0.08    20.86  227.00  90709.60     9.80   4.14    0.32   399.60    0.00      0.00     0.00   0.00    0.00     0.00    0.00  92.64
nvme13n1      6677.40 141044.00    67.20   1.00    0.08    21.12  228.80  90378.40     9.20   3.87    0.37   395.01    0.00      0.00     0.00   0.00    0.00     0.00    0.00  92.64
nvme14n1      6659.40 141274.40    73.00   1.08    0.08    21.21  226.40  90050.40    10.40   4.39    0.33   397.75    0.00      0.00     0.00   0.00    0.00     0.00    0.00  92.80
nvme15n1      6721.60 142808.80    70.20   1.03    0.08    21.25  226.40  89438.40     8.60   3.66    0.32   395.05    0.00      0.00     0.00   0.00    0.00     0.00    0.00  92.16
nvme16n1      6561.80 140781.60    72.60   1.09    0.08    21.45  236.00  89709.60     7.00   2.88    0.33   380.13    0.00      0.00     0.00   0.00    0.00     0.00    0.00  92.96
nvme17n1      6602.20 139768.80    67.00   1.00    0.08    21.17  224.60  88496.80     8.60   3.69    0.30   394.02    0.00      0.00     0.00   0.00    0.00     0.00    0.00  92.80
nvme18n1      6494.00 136940.00    71.20   1.08    0.08    21.09  217.60  86718.40     7.40   3.29    0.35   398.52    0.00      0.00     0.00   0.00    0.00     0.00    0.00  93.20
nvme19n1      6630.00 138465.60    66.20   0.99    0.08    20.88  221.60  86611.20     8.60   3.74    0.34   390.84    0.00      0.00     0.00   0.00    0.00     0.00    0.00  93.28
nvme1n1       6431.40 135013.60    68.60   1.06    0.08    20.99  231.40  85591.20    10.20   4.22    0.16   369.88    0.00      0.00     0.00   0.00    0.00     0.00    0.00  91.52
nvme20n1      6571.60 137906.40    69.20   1.04    0.08    20.99  221.60  86944.80     7.00   3.06    0.36   392.35    0.00      0.00     0.00   0.00    0.00     0.00    0.00  93.60
nvme21n1      6582.40 136024.00    64.60   0.97    0.08    20.66  222.80  87131.20    10.60   4.54    0.30   391.07    0.00      0.00     0.00   0.00    0.00     0.00    0.00  92.80
nvme22n1      6640.40 138340.00    68.20   1.02    0.08    20.83  225.60  88771.20     8.00   3.42    0.33   393.49    0.00      0.00     0.00   0.00    0.00     0.00    0.00  93.52
nvme23n1      6588.00 136464.80    66.80   1.00    0.08    20.71  221.60  87126.40    10.00   4.32    0.17   393.17    0.00      0.00     0.00   0.00    0.00     0.00    0.00  94.16
nvme24n1      6564.20 135850.40    67.80   1.02    0.08    20.70  221.40  87508.80     7.60   3.32    0.33   395.25    0.00      0.00     0.00   0.00    0.00     0.00    0.00  93.60
nvme25n1      6584.40 135883.20    63.80   0.96    0.08    20.64  222.00  88333.60    11.20   4.80    0.34   397.90    0.00      0.00     0.00   0.00    0.00     0.00    0.00  93.04
nvme26n1      6666.80 137919.20    65.00   0.97    0.08    20.69  225.80  88659.20     9.20   3.91    0.33   392.64    0.00      0.00     0.00   0.00    0.00     0.00    0.00  92.56
nvme27n1      6570.60 136192.80    68.40   1.03    0.08    20.73  223.00  87107.20     9.00   3.88    0.17   390.62    0.00      0.00     0.00   0.00    0.00     0.00    0.00  92.80
nvme28n1      6624.60 135892.00    65.40   0.98    0.08    20.51  222.40  87099.20     8.80   3.81    0.34   391.63    0.00      0.00     0.00   0.00    0.00     0.00    0.00  92.24
nvme29n1      6530.00 135702.40    64.60   0.98    0.08    20.78  219.40  87590.40     8.60   3.77    0.33   399.23    0.00      0.00     0.00   0.00    0.00     0.00    0.00  92.48
nvme2n1       6444.20 133300.00    67.00   1.03    0.09    20.69  214.80  85088.00     8.40   3.76    0.36   396.13    0.00      0.00     0.00   0.00    0.00     0.00    0.00  92.56
nvme30n1      6504.60 135918.40    67.40   1.03    0.08    20.90  214.00  86551.20     9.40   4.21    0.31   404.44    0.00      0.00     0.00   0.00    0.00     0.00    0.00  91.84
nvme31n1      6521.00 136202.40    68.20   1.04    0.08    20.89  216.80  85379.20     9.00   3.99    0.31   393.82    0.00      0.00     0.00   0.00    0.00     0.00    0.00  91.12
nvme3n1       6423.60 133136.00    67.00   1.03    0.08    20.73  211.60  84550.40     6.20   2.85    0.35   399.58    0.00      0.00     0.00   0.00    0.00     0.00    0.00  93.28
nvme4n1       6495.00 134852.80    65.60   1.00    0.08    20.76  212.20  84895.20     9.00   4.07    0.34   400.07    0.00      0.00     0.00   0.00    0.00     0.00    0.00  92.56
nvme5n1       6489.20 134915.20    65.00   0.99    0.08    20.79  212.80  86608.80     5.80   2.65    0.33   407.00    0.00      0.00     0.00   0.00    0.00     0.00    0.00  93.60
nvme6n1       6430.20 134816.00    68.20   1.05    0.08    20.97  271.40  87096.80    19.20   6.61    0.27   320.92    0.00      0.00     0.00   0.00    0.00     0.00    0.00  92.96
nvme7n1       6525.00 135787.20    65.40   0.99    0.08    20.81  220.40  87312.80     8.20   3.59    0.36   396.16    0.00      0.00     0.00   0.00    0.00     0.00    0.00  93.60
nvme8n1       6536.60 136364.00    67.20   1.02    0.09    20.86  254.40  87136.80    21.80   7.89    0.30   342.52    0.00      0.00     0.00   0.00    0.00     0.00    0.00  92.88
nvme9n1       6634.60 137672.00    66.40   0.99    0.08    20.75  264.40  88404.00    28.20   9.64    0.29   334.36    0.00      0.00     0.00   0.00    0.00     0.00    0.00  92.40


Device            r/s     rkB/s   rrqm/s  %rrqm r_await rareq-sz     w/s     wkB/s   wrqm/s  %wrqm w_await wareq-sz     d/s     dkB/s   drqm/s  %drqm d_await dareq-sz  aqu-sz  %util
dm-0             0.00      0.00     0.00   0.00    0.00     0.00    3.40     20.00     0.00   0.00    0.00     5.88    0.00      0.00     0.00   0.00    0.00     0.00    0.00   0.16
loop0            0.00      0.00     0.00   0.00    0.00     0.00    0.00      0.00     0.00   0.00    0.00     0.00    0.00      0.00     0.00   0.00    0.00     0.00    0.00   0.00
loop1            0.00      0.00     0.00   0.00    0.00     0.00    0.00      0.00     0.00   0.00    0.00     0.00    0.00      0.00     0.00   0.00    0.00     0.00    0.00   0.00
loop2            0.00      0.00     0.00   0.00    0.00     0.00    0.00      0.00     0.00   0.00    0.00     0.00    0.00      0.00     0.00   0.00    0.00     0.00    0.00   0.00
loop3            0.00      0.00     0.00   0.00    0.00     0.00    0.00      0.00     0.00   0.00    0.00     0.00    0.00      0.00     0.00   0.00    0.00     0.00    0.00   0.00
loop4            0.00      0.00     0.00   0.00    0.00     0.00    0.00      0.00     0.00   0.00    0.00     0.00    0.00      0.00     0.00   0.00    0.00     0.00    0.00   0.00
loop5            0.00      0.00     0.00   0.00    0.00     0.00    0.00      0.00     0.00   0.00    0.00     0.00    0.00      0.00     0.00   0.00    0.00     0.00    0.00   0.00
loop6            0.00      0.00     0.00   0.00    0.00     0.00    0.00      0.00     0.00   0.00    0.00     0.00    0.00      0.00     0.00   0.00    0.00     0.00    0.00   0.00
loop7            0.00      0.00     0.00   0.00    0.00     0.00    0.00      0.00     0.00   0.00    0.00     0.00    0.00      0.00     0.00   0.00    0.00     0.00    0.00   0.00
md0           304964.20 3490400.80     0.00   0.00    0.00    11.45 3302.80 1251341.60     0.00   0.00    0.00   378.87    0.00      0.00     0.00   0.00    0.00     0.00    0.00   0.00
nvme0n1          0.00      0.00     0.00   0.00    0.00     0.00    1.20     20.00     2.20  64.71    0.00    16.67    0.00      0.00     0.00   0.00    0.00     0.00    0.00   0.16
nvme10n1      9865.60 108911.20    20.00   0.20    0.07    11.04   93.40  38465.60     7.40   7.34    0.28   411.84    0.00      0.00     0.00   0.00    0.00     0.00    0.00  99.68
nvme11n1      9781.40 107867.20    19.00   0.19    0.07    11.03   93.60  38992.00     5.00   5.07    0.16   416.58    0.00      0.00     0.00   0.00    0.00     0.00    0.00  99.68
nvme12n1      9905.60 110163.20    21.40   0.22    0.07    11.12   96.00  39872.80     7.00   6.80    0.29   415.34    0.00      0.00     0.00   0.00    0.00     0.00    0.00  99.76
nvme13n1      9928.60 109824.80    21.40   0.22    0.07    11.06   97.40  40222.40     4.60   4.51    0.31   412.96    0.00      0.00     0.00   0.00    0.00     0.00    0.00  99.76
nvme14n1      9861.80 109420.80    20.80   0.21    0.07    11.10   97.80  39784.00     7.80   7.39    0.29   406.79    0.00      0.00     0.00   0.00    0.00     0.00    0.00  99.60
nvme15n1      9870.40 110020.00    21.00   0.21    0.07    11.15   96.00  39528.00     2.20   2.24    0.29   411.75    0.00      0.00     0.00   0.00    0.00     0.00    0.00  99.92
nvme16n1      9838.60 109519.20    20.60   0.21    0.07    11.13   95.20  39280.00     7.60   7.39    0.30   412.61    0.00      0.00     0.00   0.00    0.00     0.00    0.00  99.76
nvme17n1      9795.80 108244.00    20.80   0.21    0.07    11.05   93.20  38599.20     1.60   1.69    0.29   414.15    0.00      0.00     0.00   0.00    0.00     0.00    0.00  99.84
nvme18n1      9779.60 108057.60    19.60   0.20    0.07    11.05   91.60  38061.60     7.60   7.66    0.31   415.52    0.00      0.00     0.00   0.00    0.00     0.00    0.00  99.60
nvme19n1      9639.80 106588.00    19.00   0.20    0.07    11.06   93.20  38337.60     2.20   2.31    0.31   411.35    0.00      0.00     0.00   0.00    0.00     0.00    0.00  99.68
nvme1n1       9794.20 106084.80    18.60   0.19    0.07    10.83  106.20  39117.60     9.40   8.13    0.15   368.34    0.00      0.00     0.00   0.00    0.00     0.00    0.00  99.76
nvme20n1      9836.20 108578.40    18.80   0.19    0.07    11.04   96.00  39020.00     6.80   6.61    0.31   406.46    0.00      0.00     0.00   0.00    0.00     0.00    0.00  99.52
nvme21n1      9806.40 108115.20    20.60   0.21    0.07    11.02   93.00  38551.20     2.60   2.72    0.28   414.53    0.00      0.00     0.00   0.00    0.00     0.00    0.00  99.52
nvme22n1      9770.80 107036.00    18.60   0.19    0.07    10.95   93.60  38122.40     7.00   6.96    0.29   407.29    0.00      0.00     0.00   0.00    0.00     0.00    0.00  99.44
nvme23n1      9773.60 107226.40    20.80   0.21    0.07    10.97   93.00  38748.80     2.20   2.31    0.17   416.65    0.00      0.00     0.00   0.00    0.00     0.00    0.00  99.52
nvme24n1      9849.00 107149.60    19.20   0.19    0.07    10.88   94.00  38629.60     6.40   6.37    0.29   410.95    0.00      0.00     0.00   0.00    0.00     0.00    0.00  99.52
nvme25n1      10019.40 108860.80    20.60   0.21    0.07    10.87   95.00  39740.00     3.20   3.26    0.30   418.32    0.00      0.00     0.00   0.00    0.00     0.00    0.00  99.60
nvme26n1      9858.00 106986.40    19.40   0.20    0.07    10.85   97.60  39616.00     6.20   5.97    0.28   405.90    0.00      0.00     0.00   0.00    0.00     0.00    0.00  99.52
nvme27n1      10051.20 109590.40    20.40   0.20    0.07    10.90   98.00  39670.40     4.60   4.48    0.16   404.80    0.00      0.00     0.00   0.00    0.00     0.00    0.00  99.52
nvme28n1      9871.60 107953.60    19.00   0.19    0.07    10.94   96.00  38796.80     4.40   4.38    0.30   404.13    0.00      0.00     0.00   0.00    0.00     0.00    0.00  99.44
nvme29n1      9881.60 107965.60    20.80   0.21    0.07    10.93   97.40  39100.00     4.80   4.70    0.29   401.44    0.00      0.00     0.00   0.00    0.00     0.00    0.00  99.44
nvme2n1       9792.80 106092.00    20.60   0.21    0.07    10.83   93.40  38989.60     5.40   5.47    0.32   417.45    0.00      0.00     0.00   0.00    0.00     0.00    0.00  99.52
nvme30n1      9833.20 106289.60    18.80   0.19    0.07    10.81   93.40  38745.60     5.60   5.66    0.27   414.84    0.00      0.00     0.00   0.00    0.00     0.00    0.00  99.60
nvme31n1      9789.00 106276.00    20.60   0.21    0.07    10.86   94.40  38541.60     6.20   6.16    0.29   408.28    0.00      0.00     0.00   0.00    0.00     0.00    0.00  99.60
nvme3n1       9723.00 105032.00    19.40   0.20    0.07    10.80   92.60  38520.80     4.60   4.73    0.30   415.99    0.00      0.00     0.00   0.00    0.00     0.00    0.00  99.60
nvme4n1       9665.60 104035.20    21.40   0.22    0.07    10.76   97.00  39024.80     6.80   6.55    0.28   402.32    0.00      0.00     0.00   0.00    0.00     0.00    0.00  99.76
nvme5n1       9815.40 106877.60    17.60   0.18    0.07    10.89   96.80  39771.20     5.60   5.47    0.30   410.86    0.00      0.00     0.00   0.00    0.00     0.00    0.00  99.36
nvme6n1       9736.20 106137.60    20.20   0.21    0.07    10.90  149.40  38852.00    10.60   6.62    0.20   260.05    0.00      0.00     0.00   0.00    0.00     0.00    0.00  99.60
nvme7n1       9724.80 106548.80    17.60   0.18    0.08    10.96   93.80  39017.60     3.20   3.30    0.31   415.97    0.00      0.00     0.00   0.00    0.00     0.00    0.00  99.52
nvme8n1       9722.20 106054.40    20.60   0.21    0.07    10.91  125.20  38964.80    22.20  15.06    0.22   311.22    0.00      0.00     0.00   0.00    0.00     0.00    0.00  99.52
nvme9n1       9762.40 107291.20    17.60   0.18    0.07    10.99  113.00  39453.60    20.00  15.04    0.27   349.15    0.00      0.00     0.00   0.00    0.00     0.00    0.00  99.68


Device            r/s     rkB/s   rrqm/s  %rrqm r_await rareq-sz     w/s     wkB/s   wrqm/s  %wrqm w_await wareq-sz     d/s     dkB/s   drqm/s  %drqm d_await dareq-sz  aqu-sz  %util
dm-0             0.00      0.00     0.00   0.00    0.00     0.00    2.00      8.00     0.00   0.00    0.00     4.00    0.00      0.00     0.00   0.00    0.00     0.00    0.00   0.08
loop0            0.00      0.00     0.00   0.00    0.00     0.00    0.00      0.00     0.00   0.00    0.00     0.00    0.00      0.00     0.00   0.00    0.00     0.00    0.00   0.00
loop1            0.00      0.00     0.00   0.00    0.00     0.00    0.00      0.00     0.00   0.00    0.00     0.00    0.00      0.00     0.00   0.00    0.00     0.00    0.00   0.00
loop2            0.00      0.00     0.00   0.00    0.00     0.00    0.00      0.00     0.00   0.00    0.00     0.00    0.00      0.00     0.00   0.00    0.00     0.00    0.00   0.00
loop3            0.00      0.00     0.00   0.00    0.00     0.00    0.00      0.00     0.00   0.00    0.00     0.00    0.00      0.00     0.00   0.00    0.00     0.00    0.00   0.00
loop4            0.00      0.00     0.00   0.00    0.00     0.00    0.00      0.00     0.00   0.00    0.00     0.00    0.00      0.00     0.00   0.00    0.00     0.00    0.00   0.00
loop5            0.00      0.00     0.00   0.00    0.00     0.00    0.00      0.00     0.00   0.00    0.00     0.00    0.00      0.00     0.00   0.00    0.00     0.00    0.00   0.00
loop6            0.00      0.00     0.00   0.00    0.00     0.00    0.00      0.00     0.00   0.00    0.00     0.00    0.00      0.00     0.00   0.00    0.00     0.00    0.00   0.00
loop7            0.00      0.00     0.00   0.00    0.00     0.00    0.00      0.00     0.00   0.00    0.00     0.00    0.00      0.00     0.00   0.00    0.00     0.00    0.00   0.00
md0           113115.40 1840479.20     0.00   0.00    0.00    16.27 2480.60 893272.80     0.00   0.00    0.00   360.10    0.00      0.00     0.00   0.00    0.00     0.00    0.00   0.00
nvme0n1          0.00      0.00     0.00   0.00    0.00     0.00    0.40      8.00     1.60  80.00    0.00    20.00    0.00      0.00     0.00   0.00    0.00     0.00    0.00   0.08
nvme10n1      3673.60  56432.00    20.00   0.54    0.07    15.36   76.80  28172.00     1.20   1.54    0.28   366.82    0.00      0.00     0.00   0.00    0.00     0.00    0.00  74.08
nvme11n1      3648.20  57411.20    21.20   0.58    0.07    15.74   79.20  28944.00     1.40   1.74    0.17   365.45    0.00      0.00     0.00   0.00    0.00     0.00    0.00  74.08
nvme12n1      3680.40  57364.00    21.80   0.59    0.08    15.59   81.20  29572.00     1.40   1.69    0.29   364.19    0.00      0.00     0.00   0.00    0.00     0.00    0.00  75.76
nvme13n1      3757.00  57912.80    20.60   0.55    0.08    15.41   79.60  28962.40     1.60   1.97    0.32   363.85    0.00      0.00     0.00   0.00    0.00     0.00    0.00  74.64
nvme14n1      3644.60  56185.60    20.20   0.55    0.07    15.42   79.80  28938.40     1.80   2.21    0.30   362.64    0.00      0.00     0.00   0.00    0.00     0.00    0.00  74.72
nvme15n1      3597.80  55578.40    20.20   0.56    0.08    15.45   81.60  29657.60     2.00   2.39    0.29   363.45    0.00      0.00     0.00   0.00    0.00     0.00    0.00  73.68
nvme16n1      3617.80  55489.60    19.80   0.54    0.08    15.34   81.00  28810.40     1.60   1.94    0.29   355.68    0.00      0.00     0.00   0.00    0.00     0.00    0.00  74.16
nvme17n1      3647.40  55536.00    19.80   0.54    0.07    15.23   77.60  28397.60     1.40   1.77    0.28   365.95    0.00      0.00     0.00   0.00    0.00     0.00    0.00  73.36
nvme18n1      3602.80  54812.80    20.20   0.56    0.08    15.21   79.40  29103.20     1.40   1.73    0.31   366.54    0.00      0.00     0.00   0.00    0.00     0.00    0.00  74.16
nvme19n1      3579.80  54884.00    20.40   0.57    0.08    15.33   79.80  28781.60     1.40   1.72    0.30   360.67    0.00      0.00     0.00   0.00    0.00     0.00    0.00  74.16
nvme1n1       3632.60  53532.80    17.60   0.48    0.07    14.74   78.80  26990.40     1.00   1.25    0.16   342.52    0.00      0.00     0.00   0.00    0.00     0.00    0.00  70.80
nvme20n1      3635.40  54958.40    20.80   0.57    0.08    15.12   78.20  28056.00     1.20   1.51    0.31   358.77    0.00      0.00     0.00   0.00    0.00     0.00    0.00  73.20
nvme21n1      3639.00  54213.60    19.80   0.54    0.07    14.90   76.60  27558.40     1.00   1.29    0.28   359.77    0.00      0.00     0.00   0.00    0.00     0.00    0.00  73.04
nvme22n1      3547.80  53448.80    20.20   0.57    0.07    15.07   76.60  27732.80     1.20   1.54    0.30   362.05    0.00      0.00     0.00   0.00    0.00     0.00    0.00  72.56
nvme23n1      3589.00  53402.40    19.60   0.54    0.07    14.88   74.80  27404.80     0.80   1.06    0.17   366.37    0.00      0.00     0.00   0.00    0.00     0.00    0.00  72.32
nvme24n1      3592.20  54329.60    18.20   0.50    0.07    15.12   73.00  27010.40     0.80   1.08    0.30   370.01    0.00      0.00     0.00   0.00    0.00     0.00    0.00  71.92
nvme25n1      3658.20  54740.80    19.80   0.54    0.07    14.96   74.40  27238.40     0.80   1.06    0.29   366.11    0.00      0.00     0.00   0.00    0.00     0.00    0.00  72.88
nvme26n1      3705.60  55326.40    18.60   0.50    0.08    14.93   75.40  27487.20     0.80   1.05    0.30   364.55    0.00      0.00     0.00   0.00    0.00     0.00    0.00  74.00
nvme27n1      3743.80  55711.20    20.20   0.54    0.07    14.88   77.60  28597.60     0.80   1.02    0.17   368.53    0.00      0.00     0.00   0.00    0.00     0.00    0.00  72.80
nvme28n1      3629.20  53791.20    17.40   0.48    0.08    14.82   78.40  28670.40     1.00   1.26    0.32   365.69    0.00      0.00     0.00   0.00    0.00     0.00    0.00  74.48
nvme29n1      3702.40  54820.80    19.60   0.53    0.07    14.81   76.60  28262.40     0.80   1.03    0.29   368.96    0.00      0.00     0.00   0.00    0.00     0.00    0.00  72.48
nvme2n1       3563.40  53338.40    20.00   0.56    0.08    14.97   72.40  26417.60     0.80   1.09    0.32   364.88    0.00      0.00     0.00   0.00    0.00     0.00    0.00  72.48
nvme30n1      3651.80  54632.80    19.20   0.52    0.08    14.96   78.20  28664.80     0.80   1.01    0.28   366.56    0.00      0.00     0.00   0.00    0.00     0.00    0.00  74.88
nvme31n1      3622.20  53712.00    20.80   0.57    0.07    14.83   76.20  28086.40     0.80   1.04    0.29   368.59    0.00      0.00     0.00   0.00    0.00     0.00    0.00  71.92
nvme3n1       3590.60  54325.60    19.40   0.54    0.08    15.13   75.00  26921.60     0.80   1.06    0.31   358.95    0.00      0.00     0.00   0.00    0.00     0.00    0.00  73.84
nvme4n1       3608.00  55775.20    19.20   0.53    0.08    15.46   74.40  27216.00     0.80   1.06    0.29   365.81    0.00      0.00     0.00   0.00    0.00     0.00    0.00  73.36
nvme5n1       3597.40  55280.80    19.60   0.54    0.08    15.37   74.00  27185.60     1.00   1.33    0.31   367.37    0.00      0.00     0.00   0.00    0.00     0.00    0.00  74.64
nvme6n1       3573.60  54884.00    19.20   0.53    0.07    15.36   86.60  26911.20     0.80   0.92    0.25   310.75    0.00      0.00     0.00   0.00    0.00     0.00    0.00  73.52
nvme7n1       3604.00  55769.60    19.00   0.52    0.08    15.47   76.80  28057.60     1.00   1.29    0.33   365.33    0.00      0.00     0.00   0.00    0.00     0.00    0.00  73.92
nvme8n1       3558.00  55600.80    20.20   0.56    0.08    15.63   84.40  27832.00     1.00   1.17    0.27   329.76    0.00      0.00     0.00   0.00    0.00     0.00    0.00  72.16
nvme9n1       3601.20  55844.00    20.00   0.55    0.08    15.51   88.80  27696.00     1.20   1.33    0.27   311.89    0.00      0.00     0.00   0.00    0.00     0.00    0.00  72.48


Device            r/s     rkB/s   rrqm/s  %rrqm r_await rareq-sz     w/s     wkB/s   wrqm/s  %wrqm w_await wareq-sz     d/s     dkB/s   drqm/s  %drqm d_await dareq-sz  aqu-sz  %util
dm-0             0.00      0.00     0.00   0.00    0.00     0.00    1.60      6.40     0.00   0.00    0.00     4.00    0.00      0.00     0.00   0.00    0.00     0.00    0.00   0.08
loop0            0.00      0.00     0.00   0.00    0.00     0.00    0.00      0.00     0.00   0.00    0.00     0.00    0.00      0.00     0.00   0.00    0.00     0.00    0.00   0.00
loop1            0.00      0.00     0.00   0.00    0.00     0.00    0.00      0.00     0.00   0.00    0.00     0.00    0.00      0.00     0.00   0.00    0.00     0.00    0.00   0.00
loop2            0.00      0.00     0.00   0.00    0.00     0.00    0.00      0.00     0.00   0.00    0.00     0.00    0.00      0.00     0.00   0.00    0.00     0.00    0.00   0.00
loop3            0.00      0.00     0.00   0.00    0.00     0.00    0.00      0.00     0.00   0.00    0.00     0.00    0.00      0.00     0.00   0.00    0.00     0.00    0.00   0.00
loop4            0.00      0.00     0.00   0.00    0.00     0.00    0.00      0.00     0.00   0.00    0.00     0.00    0.00      0.00     0.00   0.00    0.00     0.00    0.00   0.00
loop5            0.00      0.00     0.00   0.00    0.00     0.00    0.00      0.00     0.00   0.00    0.00     0.00    0.00      0.00     0.00   0.00    0.00     0.00    0.00   0.00
loop6            0.00      0.00     0.00   0.00    0.00     0.00    0.00      0.00     0.00   0.00    0.00     0.00    0.00      0.00     0.00   0.00    0.00     0.00    0.00   0.00
loop7            0.00      0.00     0.00   0.00    0.00     0.00    0.00      0.00     0.00   0.00    0.00     0.00    0.00      0.00     0.00   0.00    0.00     0.00    0.00   0.00
md0           244268.40 4910367.20     0.00   0.00    0.00    20.10 7252.40 2972711.20     0.00   0.00    0.00   409.89    0.00      0.00     0.00   0.00    0.00     0.00    0.00   0.00
nvme0n1          0.00      0.00     0.00   0.00    0.00     0.00    0.40      6.40     1.20  75.00    0.00    16.00    0.00      0.00     0.00   0.00    0.00     0.00    0.00   0.08
nvme10n1      7753.80 148329.60    66.20   0.85    0.08    19.13  216.20  91012.80     7.80   3.48    0.31   420.97    0.00      0.00     0.00   0.00    0.00     0.00    0.00  94.72
nvme11n1      7693.60 147255.20    65.00   0.84    0.08    19.14  212.60  90298.40     6.40   2.92    0.18   424.73    0.00      0.00     0.00   0.00    0.00     0.00    0.00  95.52
nvme12n1      7948.80 151479.20    67.60   0.84    0.08    19.06  212.60  91003.20     7.20   3.28    0.33   428.05    0.00      0.00     0.00   0.00    0.00     0.00    0.00  96.24
nvme13n1      8050.40 152862.40    68.80   0.85    0.08    18.99  215.00  92613.60     5.20   2.36    0.39   430.76    0.00      0.00     0.00   0.00    0.00     0.00    0.00  95.92
nvme14n1      7982.00 152404.00    69.60   0.86    0.08    19.09  213.80  91622.40     7.60   3.43    0.34   428.54    0.00      0.00     0.00   0.00    0.00     0.00    0.00  95.12
nvme15n1      7889.60 149751.20    71.00   0.89    0.08    18.98  212.00  89944.00     5.60   2.57    0.33   424.26    0.00      0.00     0.00   0.00    0.00     0.00    0.00  94.64
nvme16n1      7988.40 151100.80    66.20   0.82    0.08    18.92  221.20  92398.40     6.20   2.73    0.35   417.71    0.00      0.00     0.00   0.00    0.00     0.00    0.00  95.04
nvme17n1      7999.40 150396.80    69.40   0.86    0.08    18.80  216.80  94146.40     5.40   2.43    0.32   434.25    0.00      0.00     0.00   0.00    0.00     0.00    0.00  95.84
nvme18n1      7902.00 149115.20    68.40   0.86    0.08    18.87  220.60  94968.80     6.80   2.99    0.37   430.50    0.00      0.00     0.00   0.00    0.00     0.00    0.00  95.04
nvme19n1      7769.00 148715.20    68.60   0.88    0.08    19.14  218.80  93162.40     5.80   2.58    0.36   425.79    0.00      0.00     0.00   0.00    0.00     0.00    0.00  95.04
nvme1n1       7744.60 148379.20    71.40   0.91    0.08    19.16  238.40  93081.60    12.20   4.87    0.16   390.44    0.00      0.00     0.00   0.00    0.00     0.00    0.00  94.72
nvme20n1      7793.80 149607.20    67.00   0.85    0.08    19.20  218.40  92358.40     6.60   2.93    0.37   422.89    0.00      0.00     0.00   0.00    0.00     0.00    0.00  95.52
nvme21n1      7883.80 151380.80    70.20   0.88    0.08    19.20  216.60  93079.20     7.20   3.22    0.31   429.73    0.00      0.00     0.00   0.00    0.00     0.00    0.00  95.60
nvme22n1      7814.60 150537.60    68.60   0.87    0.08    19.26  218.20  93436.00     7.20   3.19    0.34   428.21    0.00      0.00     0.00   0.00    0.00     0.00    0.00  94.32
nvme23n1      7846.40 150744.80    67.40   0.85    0.08    19.21  221.20  94632.00     9.00   3.91    0.18   427.81    0.00      0.00     0.00   0.00    0.00     0.00    0.00  95.52
nvme24n1      7712.20 150178.40    70.20   0.90    0.08    19.47  216.40  93288.00     9.00   3.99    0.33   431.09    0.00      0.00     0.00   0.00    0.00     0.00    0.00  95.92
nvme25n1      7780.80 151907.20    69.60   0.89    0.08    19.52  215.40  92695.20     5.80   2.62    0.34   430.34    0.00      0.00     0.00   0.00    0.00     0.00    0.00  95.68
nvme26n1      7789.20 152260.00    71.00   0.90    0.08    19.55  220.00  93669.60    10.40   4.51    0.34   425.77    0.00      0.00     0.00   0.00    0.00     0.00    0.00  95.52
nvme27n1      7811.00 152015.20    72.20   0.92    0.08    19.46  219.40  94295.20     6.20   2.75    0.18   429.79    0.00      0.00     0.00   0.00    0.00     0.00    0.00  95.20
nvme28n1      7795.80 153684.80    72.20   0.92    0.08    19.71  220.20  94673.60     9.60   4.18    0.36   429.94    0.00      0.00     0.00   0.00    0.00     0.00    0.00  95.60
nvme29n1      7822.80 153568.80    73.60   0.93    0.08    19.63  220.20  94371.20     4.60   2.05    0.36   428.57    0.00      0.00     0.00   0.00    0.00     0.00    0.00  95.28
nvme2n1       7750.40 147694.40    71.00   0.91    0.08    19.06  216.20  92411.20     4.80   2.17    0.37   427.43    0.00      0.00     0.00   0.00    0.00     0.00    0.00  94.96
nvme30n1      7871.20 154799.20    73.00   0.92    0.08    19.67  220.00  94236.00     9.60   4.18    0.33   428.35    0.00      0.00     0.00   0.00    0.00     0.00    0.00  94.88
nvme31n1      7833.20 151880.80    76.40   0.97    0.08    19.39  215.60  93216.00     6.00   2.71    0.33   432.36    0.00      0.00     0.00   0.00    0.00     0.00    0.00  95.28
nvme3n1       7761.20 146852.00    68.40   0.87    0.08    18.92  213.60  92240.00     7.00   3.17    0.37   431.84    0.00      0.00     0.00   0.00    0.00     0.00    0.00  94.08
nvme4n1       7759.40 147332.00    68.00   0.87    0.08    18.99  213.20  92300.80     7.20   3.27    0.35   432.93    0.00      0.00     0.00   0.00    0.00     0.00    0.00  95.52
nvme5n1       7780.40 146856.00    66.20   0.84    0.08    18.88  214.60  92517.60     5.60   2.54    0.35   431.12    0.00      0.00     0.00   0.00    0.00     0.00    0.00  94.80
nvme6n1       7657.20 144644.80    66.00   0.85    0.08    18.89  305.00  91717.60    12.60   3.97    0.25   300.71    0.00      0.00     0.00   0.00    0.00     0.00    0.00  95.60
nvme7n1       7612.40 146734.40    65.60   0.85    0.08    19.28  209.60  89881.60     3.80   1.78    0.37   428.82    0.00      0.00     0.00   0.00    0.00     0.00    0.00  95.60
nvme8n1       7666.20 148579.20    66.20   0.86    0.08    19.38  266.80  91027.20    21.40   7.43    0.27   341.18    0.00      0.00     0.00   0.00    0.00     0.00    0.00  95.44
nvme9n1       7676.80 147922.40    67.40   0.87    0.08    19.27  248.20  91548.00    22.00   8.14    0.31   368.85    0.00      0.00     0.00   0.00    0.00     0.00    0.00  95.76


Device            r/s     rkB/s   rrqm/s  %rrqm r_await rareq-sz     w/s     wkB/s   wrqm/s  %wrqm w_await wareq-sz     d/s     dkB/s   drqm/s  %drqm d_await dareq-sz  aqu-sz  %util
dm-0             0.00      0.00     0.00   0.00    0.00     0.00   17.20     72.00     0.00   0.00    0.00     4.19    0.00      0.00     0.00   0.00    0.00     0.00    0.00   0.16
loop0            0.00      0.00     0.00   0.00    0.00     0.00    0.00      0.00     0.00   0.00    0.00     0.00    0.00      0.00     0.00   0.00    0.00     0.00    0.00   0.00
loop1            0.00      0.00     0.00   0.00    0.00     0.00    0.00      0.00     0.00   0.00    0.00     0.00    0.00      0.00     0.00   0.00    0.00     0.00    0.00   0.00
loop2            0.00      0.00     0.00   0.00    0.00     0.00    0.00      0.00     0.00   0.00    0.00     0.00    0.00      0.00     0.00   0.00    0.00     0.00    0.00   0.00
loop3            0.00      0.00     0.00   0.00    0.00     0.00    0.00      0.00     0.00   0.00    0.00     0.00    0.00      0.00     0.00   0.00    0.00     0.00    0.00   0.00
loop4            0.00      0.00     0.00   0.00    0.00     0.00    0.00      0.00     0.00   0.00    0.00     0.00    0.00      0.00     0.00   0.00    0.00     0.00    0.00   0.00
loop5            0.00      0.00     0.00   0.00    0.00     0.00    0.00      0.00     0.00   0.00    0.00     0.00    0.00      0.00     0.00   0.00    0.00     0.00    0.00   0.00
loop6            0.00      0.00     0.00   0.00    0.00     0.00    0.00      0.00     0.00   0.00    0.00     0.00    0.00      0.00     0.00   0.00    0.00     0.00    0.00   0.00
loop7            0.00      0.00     0.00   0.00    0.00     0.00    0.00      0.00     0.00   0.00    0.00     0.00    0.00      0.00     0.00   0.00    0.00     0.00    0.00   0.00
md0           205061.60 3482420.00     0.00   0.00    0.00    16.98 4308.60 1809547.20     0.00   0.00    0.00   419.98    0.00      0.00     0.00   0.00    0.00     0.00    0.00   0.00
nvme0n1          0.00      0.00     0.00   0.00    0.00     0.00   13.60     72.00     3.60  20.93    0.04     5.29    0.00      0.00     0.00   0.00    0.00     0.00    0.00   0.16
nvme10n1      6487.80  99356.00    32.40   0.50    0.08    15.31  129.20  54008.80     2.20   1.67    0.29   418.02    0.00      0.00     0.00   0.00    0.00     0.00    0.00  89.44
nvme11n1      6431.00  98550.40    30.40   0.47    0.08    15.32  125.60  52757.60     6.00   4.56    0.17   420.04    0.00      0.00     0.00   0.00    0.00     0.00    0.00  88.32
nvme12n1      6512.20  99487.20    31.80   0.49    0.08    15.28  125.00  53070.40     2.60   2.04    0.31   424.56    0.00      0.00     0.00   0.00    0.00     0.00    0.00  90.08
nvme13n1      6461.80  99855.20    30.40   0.47    0.08    15.45  125.20  52577.60     5.60   4.28    0.35   419.95    0.00      0.00     0.00   0.00    0.00     0.00    0.00  88.40
nvme14n1      6372.40  99312.00    32.00   0.50    0.08    15.58  124.60  52638.40     2.40   1.89    0.31   422.46    0.00      0.00     0.00   0.00    0.00     0.00    0.00  88.56
nvme15n1      6339.60  98309.60    31.20   0.49    0.08    15.51  125.80  53038.40     3.80   2.93    0.31   421.61    0.00      0.00     0.00   0.00    0.00     0.00    0.00  89.92
nvme16n1      6495.40 101127.20    32.80   0.50    0.08    15.57  127.60  53933.60     2.20   1.69    0.34   422.68    0.00      0.00     0.00   0.00    0.00     0.00    0.00  88.80
nvme17n1      6517.80 102749.60    30.60   0.47    0.08    15.76  129.40  54225.60     3.60   2.71    0.31   419.05    0.00      0.00     0.00   0.00    0.00     0.00    0.00  89.20
nvme18n1      6581.80 103057.60    34.40   0.52    0.08    15.66  130.00  54376.80     1.40   1.07    0.36   418.28    0.00      0.00     0.00   0.00    0.00     0.00    0.00  88.96
nvme19n1      6512.80 102678.40    33.40   0.51    0.08    15.77  130.00  54657.60     5.40   3.99    0.34   420.44    0.00      0.00     0.00   0.00    0.00     0.00    0.00  88.32
nvme1n1       6627.40 105538.40    35.40   0.53    0.08    15.92  147.20  56671.20     4.20   2.77    0.16   384.99    0.00      0.00     0.00   0.00    0.00     0.00    0.00  89.60
nvme20n1      6496.80 102992.80    34.40   0.53    0.08    15.85  131.80  55142.40     2.00   1.49    0.34   418.38    0.00      0.00     0.00   0.00    0.00     0.00    0.00  88.08
nvme21n1      6632.80 104939.20    33.40   0.50    0.08    15.82  133.60  55208.00     5.00   3.61    0.29   413.23    0.00      0.00     0.00   0.00    0.00     0.00    0.00  88.96
nvme22n1      6695.80 105338.40    35.20   0.52    0.08    15.73  129.40  54584.00     2.20   1.67    0.33   421.82    0.00      0.00     0.00   0.00    0.00     0.00    0.00  89.20
nvme23n1      6810.80 106794.40    35.00   0.51    0.08    15.68  130.20  55120.80     3.20   2.40    0.17   423.35    0.00      0.00     0.00   0.00    0.00     0.00    0.00  88.80
nvme24n1      6761.20 105806.40    35.00   0.51    0.08    15.65  127.60  53932.00     2.20   1.69    0.33   422.66    0.00      0.00     0.00   0.00    0.00     0.00    0.00  88.48
nvme25n1      6704.60 106191.20    36.00   0.53    0.08    15.84  130.00  54332.80     2.20   1.66    0.33   417.94    0.00      0.00     0.00   0.00    0.00     0.00    0.00  88.88
nvme26n1      6678.40 106007.20    35.40   0.53    0.08    15.87  130.60  54872.80     2.40   1.80    0.33   420.16    0.00      0.00     0.00   0.00    0.00     0.00    0.00  88.48
nvme27n1      6691.20 105884.00    34.20   0.51    0.08    15.82  134.20  55813.60     2.40   1.76    0.17   415.90    0.00      0.00     0.00   0.00    0.00     0.00    0.00  89.04
nvme28n1      6812.80 108120.00    34.80   0.51    0.08    15.87  134.40  56292.00     2.00   1.47    0.34   418.84    0.00      0.00     0.00   0.00    0.00     0.00    0.00  88.96
nvme29n1      6761.00 107417.60    36.20   0.53    0.08    15.89  135.20  56214.40     2.20   1.60    0.31   415.79    0.00      0.00     0.00   0.00    0.00     0.00    0.00  89.60
nvme2n1       6545.40 102952.00    35.40   0.54    0.08    15.73  130.40  54687.20     2.20   1.66    0.34   419.38    0.00      0.00     0.00   0.00    0.00     0.00    0.00  88.08
nvme30n1      6705.20 106043.20    34.80   0.52    0.08    15.82  134.40  56568.80     2.40   1.75    0.31   420.90    0.00      0.00     0.00   0.00    0.00     0.00    0.00  88.08
nvme31n1      6669.40 106572.80    37.40   0.56    0.08    15.98  137.20  56347.20     1.80   1.29    0.30   410.69    0.00      0.00     0.00   0.00    0.00     0.00    0.00  89.76
nvme3n1       6626.40 104799.20    34.60   0.52    0.08    15.82  130.60  54765.60     3.20   2.39    0.34   419.34    0.00      0.00     0.00   0.00    0.00     0.00    0.00  89.20
nvme4n1       6579.80 102933.60    37.00   0.56    0.08    15.64  131.80  54929.60     2.40   1.79    0.34   416.76    0.00      0.00     0.00   0.00    0.00     0.00    0.00  90.08
nvme5n1       6548.00 101952.80    32.60   0.50    0.08    15.57  132.40  55292.00     4.40   3.22    0.34   417.61    0.00      0.00     0.00   0.00    0.00     0.00    0.00  88.64
nvme6n1       6549.40 101295.20    34.20   0.52    0.08    15.47  169.40  55368.80     4.00   2.31    0.27   326.85    0.00      0.00     0.00   0.00    0.00     0.00    0.00  90.08
nvme7n1       6423.40  99344.80    29.40   0.46    0.08    15.47  131.00  54873.60     4.20   3.11    0.33   418.88    0.00      0.00     0.00   0.00    0.00     0.00    0.00  88.80
nvme8n1       6489.60  99820.80    33.00   0.51    0.08    15.38  161.80  55481.60    14.80   8.38    0.26   342.90    0.00      0.00     0.00   0.00    0.00     0.00    0.00  89.68
nvme9n1       6494.60 100468.80    30.00   0.46    0.08    15.47  148.00  55444.00    17.60  10.63    0.30   374.62    0.00      0.00     0.00   0.00    0.00     0.00    0.00  90.32


Device            r/s     rkB/s   rrqm/s  %rrqm r_await rareq-sz     w/s     wkB/s   wrqm/s  %wrqm w_await wareq-sz     d/s     dkB/s   drqm/s  %drqm d_await dareq-sz  aqu-sz  %util
dm-0             0.00      0.00     0.00   0.00    0.00     0.00    2.20     17.60     0.00   0.00    0.00     8.00    0.00      0.00     0.00   0.00    0.00     0.00    0.00   0.16
loop0            0.00      0.00     0.00   0.00    0.00     0.00    0.00      0.00     0.00   0.00    0.00     0.00    0.00      0.00     0.00   0.00    0.00     0.00    0.00   0.00
loop1            0.00      0.00     0.00   0.00    0.00     0.00    0.00      0.00     0.00   0.00    0.00     0.00    0.00      0.00     0.00   0.00    0.00     0.00    0.00   0.00
loop2            0.00      0.00     0.00   0.00    0.00     0.00    0.00      0.00     0.00   0.00    0.00     0.00    0.00      0.00     0.00   0.00    0.00     0.00    0.00   0.00
loop3            0.00      0.00     0.00   0.00    0.00     0.00    0.00      0.00     0.00   0.00    0.00     0.00    0.00      0.00     0.00   0.00    0.00     0.00    0.00   0.00
loop4            0.00      0.00     0.00   0.00    0.00     0.00    0.00      0.00     0.00   0.00    0.00     0.00    0.00      0.00     0.00   0.00    0.00     0.00    0.00   0.00
loop5            0.00      0.00     0.00   0.00    0.00     0.00    0.00      0.00     0.00   0.00    0.00     0.00    0.00      0.00     0.00   0.00    0.00     0.00    0.00   0.00
loop6            0.00      0.00     0.00   0.00    0.00     0.00    0.00      0.00     0.00   0.00    0.00     0.00    0.00      0.00     0.00   0.00    0.00     0.00    0.00   0.00
loop7            0.00      0.00     0.00   0.00    0.00     0.00    0.00      0.00     0.00   0.00    0.00     0.00    0.00      0.00     0.00   0.00    0.00     0.00    0.00   0.00
md0           290053.40 4923398.40     0.00   0.00    0.00    16.97 6670.20 2618492.80     0.00   0.00    0.00   392.57    0.00      0.00     0.00   0.00    0.00     0.00    0.00   0.00
nvme0n1          0.00      0.00     0.00   0.00    0.00     0.00    0.80     17.60     1.40  63.64    0.00    22.00    0.00      0.00     0.00   0.00    0.00     0.00    0.00   0.16
nvme10n1      9063.40 145772.00    61.00   0.67    0.08    16.08  194.40  80355.20     4.40   2.21    0.30   413.35    0.00      0.00     0.00   0.00    0.00     0.00    0.00 100.00
nvme11n1      9057.00 147236.00    60.00   0.66    0.08    16.26  195.20  80749.60     2.20   1.11    0.18   413.68    0.00      0.00     0.00   0.00    0.00     0.00    0.00 100.00
nvme12n1      9180.20 148896.00    62.40   0.68    0.08    16.22  197.00  81379.20     3.00   1.50    0.32   413.09    0.00      0.00     0.00   0.00    0.00     0.00    0.00 100.00
nvme13n1      9183.60 146427.20    58.80   0.64    0.08    15.94  195.20  81371.20     4.00   2.01    0.36   416.86    0.00      0.00     0.00   0.00    0.00     0.00    0.00  99.92
nvme14n1      9303.00 148348.00    61.60   0.66    0.08    15.95  197.80  83184.80     5.00   2.47    0.33   420.55    0.00      0.00     0.00   0.00    0.00     0.00    0.00  99.92
nvme15n1      9342.60 149185.60    60.60   0.64    0.08    15.97  201.00  82673.60     3.80   1.86    0.32   411.31    0.00      0.00     0.00   0.00    0.00     0.00    0.00 100.00
nvme16n1      9347.60 149789.60    61.40   0.65    0.08    16.02  200.20  82218.40     5.00   2.44    0.36   410.68    0.00      0.00     0.00   0.00    0.00     0.00    0.00 100.00
nvme17n1      9378.40 149359.20    58.80   0.62    0.08    15.93  195.60  81857.60     3.80   1.91    0.33   418.49    0.00      0.00     0.00   0.00    0.00     0.00    0.00 100.00
nvme18n1      9368.00 147856.80    61.40   0.65    0.08    15.78  193.40  80985.60     5.20   2.62    0.36   418.75    0.00      0.00     0.00   0.00    0.00     0.00    0.00 100.00
nvme19n1      9339.40 147949.60    58.40   0.62    0.08    15.84  198.00  81964.80     5.00   2.46    0.35   413.96    0.00      0.00     0.00   0.00    0.00     0.00    0.00 100.00
nvme1n1       9315.00 152160.00    61.40   0.65    0.08    16.33  226.00  83827.20     6.60   2.84    0.16   370.92    0.00      0.00     0.00   0.00    0.00     0.00    0.00  99.92
nvme20n1      9411.20 149741.60    61.60   0.65    0.08    15.91  197.20  81244.00     5.00   2.47    0.35   411.99    0.00      0.00     0.00   0.00    0.00     0.00    0.00 100.00
nvme21n1      9410.40 150566.40    59.00   0.62    0.08    16.00  201.40  83132.80     3.40   1.66    0.31   412.77    0.00      0.00     0.00   0.00    0.00     0.00    0.00  99.92
nvme22n1      9449.20 150266.40    61.40   0.65    0.08    15.90  199.60  82704.00     4.80   2.35    0.34   414.35    0.00      0.00     0.00   0.00    0.00     0.00    0.00 100.00
nvme23n1      9478.00 152018.40    58.60   0.61    0.08    16.04  202.00  83486.40     5.40   2.60    0.18   413.30    0.00      0.00     0.00   0.00    0.00     0.00    0.00  99.84
nvme24n1      9498.60 151570.40    60.20   0.63    0.08    15.96  204.20  84792.80     4.80   2.30    0.33   415.24    0.00      0.00     0.00   0.00    0.00     0.00    0.00 100.00
nvme25n1      9593.00 154674.40    58.20   0.60    0.08    16.12  210.40  86193.60     5.40   2.50    0.32   409.67    0.00      0.00     0.00   0.00    0.00     0.00    0.00 100.00
nvme26n1      9402.00 153671.20    62.80   0.66    0.08    16.34  201.60  84813.60     4.00   1.95    0.34   420.70    0.00      0.00     0.00   0.00    0.00     0.00    0.00 100.00
nvme27n1      9396.40 152194.40    61.00   0.64    0.08    16.20  206.80  85782.40     6.00   2.82    0.17   414.81    0.00      0.00     0.00   0.00    0.00     0.00    0.00 100.00
nvme28n1      9387.20 152372.80    63.80   0.68    0.08    16.23  208.00  86427.20     4.20   1.98    0.36   415.52    0.00      0.00     0.00   0.00    0.00     0.00    0.00 100.00
nvme29n1      9272.40 151466.40    58.40   0.63    0.08    16.34  202.80  84742.40     5.20   2.50    0.32   417.86    0.00      0.00     0.00   0.00    0.00     0.00    0.00 100.00
nvme2n1       9189.40 149743.20    61.40   0.66    0.08    16.30  203.40  83982.40     5.80   2.77    0.36   412.89    0.00      0.00     0.00   0.00    0.00     0.00    0.00  99.92
nvme30n1      9191.80 151596.00    62.80   0.68    0.08    16.49  206.80  85642.40     5.60   2.64    0.31   414.13    0.00      0.00     0.00   0.00    0.00     0.00    0.00 100.00
nvme31n1      9366.80 151371.20    63.20   0.67    0.08    16.16  202.60  83520.00     5.60   2.69    0.31   412.24    0.00      0.00     0.00   0.00    0.00     0.00    0.00  99.92
nvme3n1       9211.00 150212.00    59.40   0.64    0.08    16.31  202.60  84004.00     6.00   2.88    0.35   414.63    0.00      0.00     0.00   0.00    0.00     0.00    0.00 100.00
nvme4n1       9305.60 150988.00    63.00   0.67    0.08    16.23  200.40  82634.40     5.40   2.62    0.33   412.35    0.00      0.00     0.00   0.00    0.00     0.00    0.00 100.00
nvme5n1       9244.40 150463.20    61.00   0.66    0.08    16.28  198.60  82088.00     5.60   2.74    0.34   413.33    0.00      0.00     0.00   0.00    0.00     0.00    0.00 100.00
nvme6n1       9187.60 149401.60    62.40   0.67    0.08    16.26  277.80  81349.60    12.40   4.27    0.26   292.84    0.00      0.00     0.00   0.00    0.00     0.00    0.00 100.00
nvme7n1       9214.60 147539.20    59.80   0.64    0.08    16.01  195.60  81044.00     3.60   1.81    0.35   414.34    0.00      0.00     0.00   0.00    0.00     0.00    0.00 100.00
nvme8n1       9099.60 145840.00    60.40   0.66    0.08    16.03  247.20  80793.60    20.60   7.69    0.26   326.83    0.00      0.00     0.00   0.00    0.00     0.00    0.00 100.00
nvme9n1       8983.40 144760.00    58.40   0.65    0.08    16.11  224.80  79125.60    22.20   8.99    0.30   351.98    0.00      0.00     0.00   0.00    0.00     0.00    0.00 100.00


Device            r/s     rkB/s   rrqm/s  %rrqm r_await rareq-sz     w/s     wkB/s   wrqm/s  %wrqm w_await wareq-sz     d/s     dkB/s   drqm/s  %drqm d_await dareq-sz  aqu-sz  %util
dm-0             0.00      0.00     0.00   0.00    0.00     0.00    2.80     11.20     0.00   0.00    0.00     4.00    0.00      0.00     0.00   0.00    0.00     0.00    0.00   0.16
loop0            0.00      0.00     0.00   0.00    0.00     0.00    0.00      0.00     0.00   0.00    0.00     0.00    0.00      0.00     0.00   0.00    0.00     0.00    0.00   0.00
loop1            0.00      0.00     0.00   0.00    0.00     0.00    0.00      0.00     0.00   0.00    0.00     0.00    0.00      0.00     0.00   0.00    0.00     0.00    0.00   0.00
loop2            0.00      0.00     0.00   0.00    0.00     0.00    0.00      0.00     0.00   0.00    0.00     0.00    0.00      0.00     0.00   0.00    0.00     0.00    0.00   0.00
loop3            0.00      0.00     0.00   0.00    0.00     0.00    0.00      0.00     0.00   0.00    0.00     0.00    0.00      0.00     0.00   0.00    0.00     0.00    0.00   0.00
loop4            0.00      0.00     0.00   0.00    0.00     0.00    0.00      0.00     0.00   0.00    0.00     0.00    0.00      0.00     0.00   0.00    0.00     0.00    0.00   0.00
loop5            0.00      0.00     0.00   0.00    0.00     0.00    0.00      0.00     0.00   0.00    0.00     0.00    0.00      0.00     0.00   0.00    0.00     0.00    0.00   0.00
loop6            0.00      0.00     0.00   0.00    0.00     0.00    0.00      0.00     0.00   0.00    0.00     0.00    0.00      0.00     0.00   0.00    0.00     0.00    0.00   0.00
loop7            0.00      0.00     0.00   0.00    0.00     0.00    0.00      0.00     0.00   0.00    0.00     0.00    0.00      0.00     0.00   0.00    0.00     0.00    0.00   0.00
md0           184903.80 4396986.40     0.00   0.00    0.00    23.78 6229.80 2725668.00     0.00   0.00    0.00   437.52    0.00      0.00     0.00   0.00    0.00     0.00    0.00   0.00
nvme0n1          0.00      0.00     0.00   0.00    0.00     0.00    1.00     11.20     1.80  64.29    0.00    11.20    0.00      0.00     0.00   0.00    0.00     0.00    0.00   0.16
nvme10n1      5921.60 130666.40    59.60   1.00    0.08    22.07  197.80  86691.20     1.20   0.60    0.33   438.28    0.00      0.00     0.00   0.00    0.00     0.00    0.00  90.24
nvme11n1      5962.40 128748.00    60.40   1.00    0.08    21.59  198.60  87342.40     0.80   0.40    0.18   439.79    0.00      0.00     0.00   0.00    0.00     0.00    0.00  90.08
nvme12n1      6049.80 131960.00    58.00   0.95    0.08    21.81  201.80  87887.20     0.80   0.39    0.33   435.52    0.00      0.00     0.00   0.00    0.00     0.00    0.00  89.68
nvme13n1      6035.80 132585.60    62.20   1.02    0.09    21.97  202.80  87465.60     0.80   0.39    0.36   431.29    0.00      0.00     0.00   0.00    0.00     0.00    0.00  89.92
nvme14n1      5918.00 131574.40    58.40   0.98    0.08    22.23  200.60  86807.20     0.80   0.40    0.34   432.74    0.00      0.00     0.00   0.00    0.00     0.00    0.00  91.28
nvme15n1      5910.60 130579.20    59.60   1.00    0.08    22.09  196.80  85182.40     0.80   0.40    0.34   432.84    0.00      0.00     0.00   0.00    0.00     0.00    0.00  92.32
nvme16n1      5912.60 129804.00    61.60   1.03    0.08    21.95  200.80  83347.20     1.00   0.50    0.34   415.08    0.00      0.00     0.00   0.00    0.00     0.00    0.00  89.52
nvme17n1      5924.60 130330.40    59.00   0.99    0.08    22.00  189.40  83028.00     1.20   0.63    0.33   438.37    0.00      0.00     0.00   0.00    0.00     0.00    0.00  91.28
nvme18n1      5931.40 131981.60    60.60   1.01    0.08    22.25  187.20  83013.60     1.20   0.64    0.37   443.45    0.00      0.00     0.00   0.00    0.00     0.00    0.00  90.56
nvme19n1      5921.00 130372.80    59.60   1.00    0.08    22.02  189.00  82270.40     1.20   0.63    0.36   435.29    0.00      0.00     0.00   0.00    0.00     0.00    0.00  90.56
nvme1n1       5936.20 128200.80    58.40   0.97    0.08    21.60  206.40  84240.00     2.20   1.05    0.17   408.14    0.00      0.00     0.00   0.00    0.00     0.00    0.00  89.76
nvme20n1      5915.20 129615.20    60.40   1.01    0.08    21.91  187.20  82407.20     1.20   0.64    0.38   440.21    0.00      0.00     0.00   0.00    0.00     0.00    0.00  90.56
nvme21n1      5841.80 127209.60    59.60   1.01    0.09    21.78  187.40  81852.00     1.20   0.64    0.34   436.78    0.00      0.00     0.00   0.00    0.00     0.00    0.00  90.96
nvme22n1      5814.00 127143.20    59.00   1.00    0.08    21.87  188.20  81574.40     1.20   0.63    0.36   433.45    0.00      0.00     0.00   0.00    0.00     0.00    0.00  90.48
nvme23n1      5812.40 127581.60    58.20   0.99    0.08    21.95  189.20  81812.80     1.20   0.63    0.18   432.41    0.00      0.00     0.00   0.00    0.00     0.00    0.00  89.36
nvme24n1      5862.60 128416.00    60.00   1.01    0.08    21.90  188.40  82088.00     1.20   0.63    0.34   435.71    0.00      0.00     0.00   0.00    0.00     0.00    0.00  90.32
nvme25n1      5851.20 129509.60    58.80   0.99    0.08    22.13  190.20  82436.00     1.40   0.73    0.36   433.42    0.00      0.00     0.00   0.00    0.00     0.00    0.00  89.76
nvme26n1      5791.80 127264.00    60.60   1.04    0.08    21.97  187.80  80624.80     0.80   0.42    0.36   429.31    0.00      0.00     0.00   0.00    0.00     0.00    0.00  90.08
nvme27n1      5898.60 129664.80    58.40   0.98    0.08    21.98  187.80  82154.40     0.80   0.42    0.18   437.46    0.00      0.00     0.00   0.00    0.00     0.00    0.00  90.40
nvme28n1      5897.00 129220.80    61.80   1.04    0.08    21.91  190.60  83184.00     1.00   0.52    0.38   436.43    0.00      0.00     0.00   0.00    0.00     0.00    0.00  91.60
nvme29n1      5913.40 128572.00    56.60   0.95    0.08    21.74  190.00  83197.60     1.00   0.52    0.36   437.88    0.00      0.00     0.00   0.00    0.00     0.00    0.00  89.52
nvme2n1       5942.80 127609.60    55.00   0.92    0.08    21.47  195.60  84709.60     1.00   0.51    0.38   433.08    0.00      0.00     0.00   0.00    0.00     0.00    0.00  90.48
nvme30n1      5887.00 128346.40    57.60   0.97    0.09    21.80  189.60  83656.80     1.00   0.52    0.32   441.23    0.00      0.00     0.00   0.00    0.00     0.00    0.00  89.76
nvme31n1      5789.20 126084.00    57.80   0.99    0.08    21.78  190.80  82760.00     1.00   0.52    0.33   433.75    0.00      0.00     0.00   0.00    0.00     0.00    0.00  89.92
nvme3n1       5897.60 128124.80    57.60   0.97    0.08    21.72  195.60  85688.00     1.00   0.51    0.38   438.08    0.00      0.00     0.00   0.00    0.00     0.00    0.00  89.60
nvme4n1       5884.60 126571.20    56.80   0.96    0.08    21.51  192.60  84046.40     1.20   0.62    0.37   436.38    0.00      0.00     0.00   0.00    0.00     0.00    0.00  89.28
nvme5n1       5865.20 126876.80    55.20   0.93    0.08    21.63  195.40  85232.80     1.00   0.51    0.36   436.20    0.00      0.00     0.00   0.00    0.00     0.00    0.00  90.40
nvme6n1       5969.60 130470.40    56.40   0.94    0.09    21.86  254.40  87269.60     4.20   1.62    0.29   343.04    0.00      0.00     0.00   0.00    0.00     0.00    0.00  89.92
nvme7n1       5967.40 131944.80    60.00   1.00    0.09    22.11  199.60  87584.80     1.00   0.50    0.39   438.80    0.00      0.00     0.00   0.00    0.00     0.00    0.00  89.84
nvme8n1       5907.60 132004.00    59.80   1.00    0.09    22.34  219.20  88041.60     1.00   0.45    0.32   401.65    0.00      0.00     0.00   0.00    0.00     0.00    0.00  89.92
nvme9n1       5933.20 130388.00    59.60   0.99    0.09    21.98  236.20  87730.40     1.00   0.42    0.32   371.42    0.00      0.00     0.00   0.00    0.00     0.00    0.00  89.20


Device            r/s     rkB/s   rrqm/s  %rrqm r_await rareq-sz     w/s     wkB/s   wrqm/s  %wrqm w_await wareq-sz     d/s     dkB/s   drqm/s  %drqm d_await dareq-sz  aqu-sz  %util
dm-0             0.00      0.00     0.00   0.00    0.00     0.00    2.20      9.60     0.00   0.00    0.36     4.36    0.00      0.00     0.00   0.00    0.00     0.00    0.00   0.24
loop0            0.00      0.00     0.00   0.00    0.00     0.00    0.00      0.00     0.00   0.00    0.00     0.00    0.00      0.00     0.00   0.00    0.00     0.00    0.00   0.00
loop1            0.00      0.00     0.00   0.00    0.00     0.00    0.00      0.00     0.00   0.00    0.00     0.00    0.00      0.00     0.00   0.00    0.00     0.00    0.00   0.00
loop2            0.00      0.00     0.00   0.00    0.00     0.00    0.00      0.00     0.00   0.00    0.00     0.00    0.00      0.00     0.00   0.00    0.00     0.00    0.00   0.00
loop3            0.00      0.00     0.00   0.00    0.00     0.00    0.00      0.00     0.00   0.00    0.00     0.00    0.00      0.00     0.00   0.00    0.00     0.00    0.00   0.00
loop4            0.00      0.00     0.00   0.00    0.00     0.00    0.00      0.00     0.00   0.00    0.00     0.00    0.00      0.00     0.00   0.00    0.00     0.00    0.00   0.00
loop5            0.00      0.00     0.00   0.00    0.00     0.00    0.00      0.00     0.00   0.00    0.00     0.00    0.00      0.00     0.00   0.00    0.00     0.00    0.00   0.00
loop6            0.00      0.00     0.00   0.00    0.00     0.00    0.00      0.00     0.00   0.00    0.00     0.00    0.00      0.00     0.00   0.00    0.00     0.00    0.00   0.00
loop7            0.00      0.00     0.00   0.00    0.00     0.00    0.00      0.00     0.00   0.00    0.00     0.00    0.00      0.00     0.00   0.00    0.00     0.00    0.00   0.00
md0           310646.60 3925481.60     0.00   0.00    0.00    12.64 4255.20 1640896.80     0.00   0.00    0.00   385.62    0.00      0.00     0.00   0.00    0.00     0.00    0.00   0.00
nvme0n1          0.00      0.00     0.00   0.00    0.00     0.00    1.00      9.60     1.20  54.55    0.00     9.60    0.00      0.00     0.00   0.00    0.00     0.00    0.00   0.24
nvme10n1      9987.60 121077.60    25.40   0.25    0.08    12.12  122.80  50325.60     6.20   4.81    0.28   409.82    0.00      0.00     0.00   0.00    0.00     0.00    0.00 100.00
nvme11n1      9944.80 120814.40    30.60   0.31    0.07    12.15  118.60  49075.20     9.20   7.20    0.17   413.79    0.00      0.00     0.00   0.00    0.00     0.00    0.00 100.00
nvme12n1      9929.60 119660.00    24.40   0.25    0.08    12.05  118.40  49320.80     6.00   4.82    0.29   416.56    0.00      0.00     0.00   0.00    0.00     0.00    0.00 100.00
nvme13n1      10005.80 120414.40    27.60   0.28    0.08    12.03  121.40  49774.40     9.40   7.19    0.31   410.00    0.00      0.00     0.00   0.00    0.00     0.00    0.00 100.00
nvme14n1      9970.40 120137.60    26.60   0.27    0.07    12.05  124.00  51280.00     6.00   4.62    0.30   413.55    0.00      0.00     0.00   0.00    0.00     0.00    0.00 100.00
nvme15n1      9982.80 119102.40    25.60   0.26    0.08    11.93  126.20  50943.20     9.80   7.21    0.29   403.67    0.00      0.00     0.00   0.00    0.00     0.00    0.00  99.92
nvme16n1      9944.80 117692.80    25.00   0.25    0.08    11.83  131.00  51420.80     9.80   6.96    0.32   392.53    0.00      0.00     0.00   0.00    0.00     0.00    0.00 100.00
nvme17n1      9926.40 117202.40    25.40   0.26    0.08    11.81  125.60  52007.20    10.00   7.37    0.29   414.07    0.00      0.00     0.00   0.00    0.00     0.00    0.00 100.00
nvme18n1      9887.60 116751.20    24.60   0.25    0.08    11.81  128.20  52932.00     9.80   7.10    0.32   412.89    0.00      0.00     0.00   0.00    0.00     0.00    0.00 100.00
nvme19n1      9943.00 118589.60    24.80   0.25    0.08    11.93  129.40  53368.00     9.80   7.04    0.32   412.43    0.00      0.00     0.00   0.00    0.00     0.00    0.00 100.00
nvme1n1       9918.80 120414.40    27.60   0.28    0.07    12.14  132.60  47905.60     8.00   5.69    0.14   361.28    0.00      0.00     0.00   0.00    0.00     0.00    0.00 100.00
nvme20n1      10060.00 119537.60    26.20   0.26    0.08    11.88  128.20  52624.00     9.40   6.83    0.33   410.48    0.00      0.00     0.00   0.00    0.00     0.00    0.00 100.00
nvme21n1      9878.40 117360.80    25.60   0.26    0.08    11.88  123.80  50813.60     6.60   5.06    0.28   410.45    0.00      0.00     0.00   0.00    0.00     0.00    0.00 100.00
nvme22n1      9774.80 116472.80    26.40   0.27    0.08    11.92  121.80  50984.80     6.20   4.84    0.30   418.59    0.00      0.00     0.00   0.00    0.00     0.00    0.00 100.00
nvme23n1      9800.20 118304.80    25.20   0.26    0.07    12.07  123.40  51352.80     7.40   5.66    0.17   416.15    0.00      0.00     0.00   0.00    0.00     0.00    0.00 100.00
nvme24n1      9970.80 120011.20    25.00   0.25    0.07    12.04  121.60  50795.20     4.40   3.49    0.29   417.72    0.00      0.00     0.00   0.00    0.00     0.00    0.00 100.00
nvme25n1      9989.40 121555.20    26.60   0.27    0.07    12.17  122.20  50525.60     7.20   5.56    0.30   413.47    0.00      0.00     0.00   0.00    0.00     0.00    0.00 100.00
nvme26n1      9967.60 120753.60    26.60   0.27    0.08    12.11  122.60  50440.80     7.40   5.69    0.31   411.43    0.00      0.00     0.00   0.00    0.00     0.00    0.00 100.00
nvme27n1      10098.00 123410.40    26.60   0.26    0.07    12.22  122.40  49904.80     7.60   5.85    0.16   407.72    0.00      0.00     0.00   0.00    0.00     0.00    0.00 100.00
nvme28n1      10129.00 125068.00    29.40   0.29    0.08    12.35  122.00  50396.00     6.00   4.69    0.30   413.08    0.00      0.00     0.00   0.00    0.00     0.00    0.00 100.00
nvme29n1      9988.20 122695.20    28.00   0.28    0.08    12.28  118.80  49565.60     7.60   6.01    0.31   417.22    0.00      0.00     0.00   0.00    0.00     0.00    0.00 100.00
nvme2n1       10069.20 122076.00    27.60   0.27    0.07    12.12  116.60  47990.40     7.80   6.27    0.32   411.58    0.00      0.00     0.00   0.00    0.00     0.00    0.00 100.00
nvme30n1      10034.00 122107.20    30.20   0.30    0.08    12.17  119.80  49732.00     7.20   5.67    0.28   415.13    0.00      0.00     0.00   0.00    0.00     0.00    0.00 100.00
nvme31n1      10089.00 122244.80    28.40   0.28    0.07    12.12  118.60  49230.40     7.20   5.72    0.28   415.10    0.00      0.00     0.00   0.00    0.00     0.00    0.00 100.00
nvme3n1       10122.60 122357.60    28.20   0.28    0.07    12.09  116.40  48140.00     7.60   6.13    0.31   413.57    0.00      0.00     0.00   0.00    0.00     0.00    0.00  99.92
nvme4n1       9916.60 119728.00    25.60   0.26    0.08    12.07  120.60  48864.00     6.80   5.34    0.31   405.17    0.00      0.00     0.00   0.00    0.00     0.00    0.00 100.00
nvme5n1       10039.80 122152.00    27.00   0.27    0.08    12.17  117.80  48623.20     6.80   5.46    0.32   412.76    0.00      0.00     0.00   0.00    0.00     0.00    0.00 100.00
nvme6n1       10122.20 123233.60    26.80   0.26    0.08    12.17  172.20  49453.60    12.40   6.72    0.23   287.19    0.00      0.00     0.00   0.00    0.00     0.00    0.00 100.00
nvme7n1       10099.20 123318.40    29.20   0.29    0.08    12.21  119.40  49404.00     8.80   6.86    0.34   413.77    0.00      0.00     0.00   0.00    0.00     0.00    0.00 100.00
nvme8n1       10182.20 123615.20    27.00   0.26    0.08    12.14  168.20  50476.00    29.80  15.05    0.23   300.10    0.00      0.00     0.00   0.00    0.00     0.00    0.00 100.00
nvme9n1       10048.60 121862.40    30.00   0.30    0.08    12.13  135.40  49481.60    26.20  16.21    0.29   365.45    0.00      0.00     0.00   0.00    0.00     0.00    0.00 100.00


Device            r/s     rkB/s   rrqm/s  %rrqm r_await rareq-sz     w/s     wkB/s   wrqm/s  %wrqm w_await wareq-sz     d/s     dkB/s   drqm/s  %drqm d_await dareq-sz  aqu-sz  %util
dm-0             0.00      0.00     0.00   0.00    0.00     0.00    2.60     30.40     0.00   0.00    0.00    11.69    0.00      0.00     0.00   0.00    0.00     0.00    0.00   0.16
loop0            0.00      0.00     0.00   0.00    0.00     0.00    0.00      0.00     0.00   0.00    0.00     0.00    0.00      0.00     0.00   0.00    0.00     0.00    0.00   0.00
loop1            0.00      0.00     0.00   0.00    0.00     0.00    0.00      0.00     0.00   0.00    0.00     0.00    0.00      0.00     0.00   0.00    0.00     0.00    0.00   0.00
loop2            0.00      0.00     0.00   0.00    0.00     0.00    0.00      0.00     0.00   0.00    0.00     0.00    0.00      0.00     0.00   0.00    0.00     0.00    0.00   0.00
loop3            0.00      0.00     0.00   0.00    0.00     0.00    0.00      0.00     0.00   0.00    0.00     0.00    0.00      0.00     0.00   0.00    0.00     0.00    0.00   0.00
loop4            0.00      0.00     0.00   0.00    0.00     0.00    0.00      0.00     0.00   0.00    0.00     0.00    0.00      0.00     0.00   0.00    0.00     0.00    0.00   0.00
loop5            0.00      0.00     0.00   0.00    0.00     0.00    0.00      0.00     0.00   0.00    0.00     0.00    0.00      0.00     0.00   0.00    0.00     0.00    0.00   0.00
loop6            0.00      0.00     0.00   0.00    0.00     0.00    0.00      0.00     0.00   0.00    0.00     0.00    0.00      0.00     0.00   0.00    0.00     0.00    0.00   0.00
loop7            0.00      0.00     0.00   0.00    0.00     0.00    0.00      0.00     0.00   0.00    0.00     0.00    0.00      0.00     0.00   0.00    0.00     0.00    0.00   0.00
md0           187255.20 4487969.60     0.00   0.00    0.00    23.97 7492.20 2838519.20     0.00   0.00    0.00   378.86    0.00      0.00     0.00   0.00    0.00     0.00    0.00   0.00
nvme0n1          0.00      0.00     0.00   0.00    0.00     0.00    1.00     30.40     1.60  61.54    0.00    30.40    0.00      0.00     0.00   0.00    0.00     0.00    0.00   0.16
nvme10n1      6030.20 135927.20    71.00   1.16    0.08    22.54  230.40  88496.00     1.80   0.78    0.31   384.10    0.00      0.00     0.00   0.00    0.00     0.00    0.00  89.92
nvme11n1      5988.60 134373.60    72.00   1.19    0.08    22.44  227.20  87869.60     2.00   0.87    0.30   386.75    0.00      0.00     0.00   0.00    0.00     0.00    0.00  91.44
nvme12n1      6108.40 135878.40    71.20   1.15    0.08    22.24  230.80  89475.20     2.00   0.86    0.33   387.67    0.00      0.00     0.00   0.00    0.00     0.00    0.00  91.44
nvme13n1      6145.00 136004.00    73.40   1.18    0.09    22.13  235.80  91068.80     2.00   0.84    0.36   386.21    0.00      0.00     0.00   0.00    0.00     0.00    0.00  92.08
nvme14n1      6068.60 135184.00    72.00   1.17    0.08    22.28  227.20  88836.00     2.20   0.96    0.34   391.00    0.00      0.00     0.00   0.00    0.00     0.00    0.00  91.44
nvme15n1      6061.80 135421.60    68.20   1.11    0.08    22.34  228.80  88509.60     2.00   0.87    0.34   386.84    0.00      0.00     0.00   0.00    0.00     0.00    0.00  91.12
nvme16n1      6062.80 136655.20    72.60   1.18    0.08    22.54  240.00  88345.60     2.00   0.83    0.35   368.11    0.00      0.00     0.00   0.00    0.00     0.00    0.00  92.00
nvme17n1      6155.00 138838.40    70.60   1.13    0.08    22.56  232.60  90584.80     2.00   0.85    0.32   389.44    0.00      0.00     0.00   0.00    0.00     0.00    0.00  92.32
nvme18n1      6110.80 138304.80    76.20   1.23    0.09    22.63  234.80  90448.00     2.20   0.93    0.37   385.21    0.00      0.00     0.00   0.00    0.00     0.00    0.00  90.80
nvme19n1      6105.60 137474.40    73.40   1.19    0.09    22.52  238.40  91644.80     2.40   1.00    0.36   384.42    0.00      0.00     0.00   0.00    0.00     0.00    0.00  91.12
nvme1n1       5796.40 131798.40    71.00   1.21    0.08    22.74  245.00  88657.60     4.40   1.76    0.17   361.87    0.00      0.00     0.00   0.00    0.00     0.00    0.00  91.20
nvme20n1      6075.00 136597.60    72.80   1.18    0.09    22.49  239.60  90998.40     2.20   0.91    0.35   379.79    0.00      0.00     0.00   0.00    0.00     0.00    0.00  90.80
nvme21n1      5977.00 134672.00    71.80   1.19    0.09    22.53  231.60  88605.60     2.40   1.03    0.32   382.58    0.00      0.00     0.00   0.00    0.00     0.00    0.00  90.64
nvme22n1      5923.00 133101.60    71.60   1.19    0.08    22.47  228.80  87609.60     2.40   1.04    0.35   382.91    0.00      0.00     0.00   0.00    0.00     0.00    0.00  89.84
nvme23n1      5933.20 133206.40    70.80   1.18    0.08    22.45  231.00  88696.80     2.60   1.11    0.18   383.97    0.00      0.00     0.00   0.00    0.00     0.00    0.00  90.24
nvme24n1      5932.80 132831.20    71.80   1.20    0.08    22.39  233.20  89722.40     3.00   1.27    0.33   384.74    0.00      0.00     0.00   0.00    0.00     0.00    0.00  90.80
nvme25n1      5937.20 132204.80    70.60   1.18    0.08    22.27  230.80  89041.60     3.20   1.37    0.33   385.80    0.00      0.00     0.00   0.00    0.00     0.00    0.00  90.56
nvme26n1      5901.80 132828.00    70.60   1.18    0.08    22.51  234.00  90296.00     3.40   1.43    0.35   385.88    0.00      0.00     0.00   0.00    0.00     0.00    0.00  90.40
nvme27n1      5907.00 132609.60    71.20   1.19    0.08    22.45  236.80  90988.80     3.40   1.42    0.18   384.24    0.00      0.00     0.00   0.00    0.00     0.00    0.00  90.08
nvme28n1      5880.00 130936.00    69.00   1.16    0.08    22.27  233.60  89603.20     3.20   1.35    0.36   383.58    0.00      0.00     0.00   0.00    0.00     0.00    0.00  90.96
nvme29n1      5809.40 129772.00    68.80   1.17    0.08    22.34  228.40  88787.20     3.00   1.30    0.34   388.74    0.00      0.00     0.00   0.00    0.00     0.00    0.00  90.40
nvme2n1       5759.80 133383.20    71.40   1.22    0.09    23.16  229.40  89182.40     2.40   1.04    0.37   388.76    0.00      0.00     0.00   0.00    0.00     0.00    0.00  89.84
nvme30n1      5843.80 130975.20    70.60   1.19    0.09    22.41  230.60  88811.20     3.00   1.28    0.31   385.13    0.00      0.00     0.00   0.00    0.00     0.00    0.00  91.20
nvme31n1      5854.80 131002.40    68.80   1.16    0.08    22.38  224.40  87802.40     2.80   1.23    0.33   391.28    0.00      0.00     0.00   0.00    0.00     0.00    0.00  90.96
nvme3n1       5836.80 135248.80    73.40   1.24    0.08    23.17  231.40  89456.00     2.20   0.94    0.36   386.59    0.00      0.00     0.00   0.00    0.00     0.00    0.00  89.76
nvme4n1       5920.60 137414.40    73.40   1.22    0.09    23.21  232.40  89983.20     2.00   0.85    0.36   387.19    0.00      0.00     0.00   0.00    0.00     0.00    0.00  90.88
nvme5n1       5933.60 137105.60    77.00   1.28    0.09    23.11  234.20  90467.20     2.00   0.85    0.36   386.28    0.00      0.00     0.00   0.00    0.00     0.00    0.00  91.04
nvme6n1       5918.20 135680.00    76.00   1.27    0.08    22.93  302.60  90354.40     5.40   1.75    0.27   298.59    0.00      0.00     0.00   0.00    0.00     0.00    0.00  90.32
nvme7n1       5964.60 135476.00    71.40   1.18    0.09    22.71  229.80  88673.60     1.80   0.78    0.36   385.87    0.00      0.00     0.00   0.00    0.00     0.00    0.00  91.36
nvme8n1       6056.80 137029.60    71.40   1.17    0.09    22.62  270.40  89182.40     1.80   0.66    0.29   329.82    0.00      0.00     0.00   0.00    0.00     0.00    0.00  93.12
nvme9n1       6038.60 136991.20    72.00   1.18    0.09    22.69  252.20  88189.60     2.00   0.79    0.32   349.68    0.00      0.00     0.00   0.00    0.00     0.00    0.00  90.56


Device            r/s     rkB/s   rrqm/s  %rrqm r_await rareq-sz     w/s     wkB/s   wrqm/s  %wrqm w_await wareq-sz     d/s     dkB/s   drqm/s  %drqm d_await dareq-sz  aqu-sz  %util
dm-0             0.00      0.00     0.00   0.00    0.00     0.00    1.60      6.40     0.00   0.00    0.00     4.00    0.00      0.00     0.00   0.00    0.00     0.00    0.00   0.08
loop0            0.00      0.00     0.00   0.00    0.00     0.00    0.00      0.00     0.00   0.00    0.00     0.00    0.00      0.00     0.00   0.00    0.00     0.00    0.00   0.00
loop1            0.00      0.00     0.00   0.00    0.00     0.00    0.00      0.00     0.00   0.00    0.00     0.00    0.00      0.00     0.00   0.00    0.00     0.00    0.00   0.00
loop2            0.00      0.00     0.00   0.00    0.00     0.00    0.00      0.00     0.00   0.00    0.00     0.00    0.00      0.00     0.00   0.00    0.00     0.00    0.00   0.00
loop3            0.00      0.00     0.00   0.00    0.00     0.00    0.00      0.00     0.00   0.00    0.00     0.00    0.00      0.00     0.00   0.00    0.00     0.00    0.00   0.00
loop4            0.00      0.00     0.00   0.00    0.00     0.00    0.00      0.00     0.00   0.00    0.00     0.00    0.00      0.00     0.00   0.00    0.00     0.00    0.00   0.00
loop5            0.00      0.00     0.00   0.00    0.00     0.00    0.00      0.00     0.00   0.00    0.00     0.00    0.00      0.00     0.00   0.00    0.00     0.00    0.00   0.00
loop6            0.00      0.00     0.00   0.00    0.00     0.00    0.00      0.00     0.00   0.00    0.00     0.00    0.00      0.00     0.00   0.00    0.00     0.00    0.00   0.00
loop7            0.00      0.00     0.00   0.00    0.00     0.00    0.00      0.00     0.00   0.00    0.00     0.00    0.00      0.00     0.00   0.00    0.00     0.00    0.00   0.00
md0           304523.20 3911648.00     0.00   0.00    0.00    12.85 4286.60 1648246.40     0.00   0.00    0.00   384.51    0.00      0.00     0.00   0.00    0.00     0.00    0.00   0.00
nvme0n1          0.00      0.00     0.00   0.00    0.00     0.00    0.40      6.40     1.20  75.00    0.00    16.00    0.00      0.00     0.00   0.00    0.00     0.00    0.00   0.08
nvme10n1      9668.20 117696.00    29.40   0.30    0.08    12.17  123.60  49643.20     6.60   5.07    0.28   401.64    0.00      0.00     0.00   0.00    0.00     0.00    0.00  99.92
nvme11n1      9785.80 118485.60    26.60   0.27    0.07    12.11  125.00  50407.20     6.00   4.58    0.29   403.26    0.00      0.00     0.00   0.00    0.00     0.00    0.00  99.92
nvme12n1      9784.40 119072.00    29.60   0.30    0.07    12.17  124.60  50393.60     6.80   5.18    0.29   404.44    0.00      0.00     0.00   0.00    0.00     0.00    0.00 100.00
nvme13n1      9862.80 120263.20    27.00   0.27    0.08    12.19  123.00  50276.00     4.40   3.45    0.33   408.75    0.00      0.00     0.00   0.00    0.00     0.00    0.00 100.00
nvme14n1      9844.80 119074.40    31.40   0.32    0.07    12.10  122.20  50349.60     6.40   4.98    0.30   412.03    0.00      0.00     0.00   0.00    0.00     0.00    0.00  99.92
nvme15n1      9816.60 119206.40    27.80   0.28    0.07    12.14  123.60  50934.40     4.60   3.59    0.29   412.09    0.00      0.00     0.00   0.00    0.00     0.00    0.00  99.84
nvme16n1      9706.00 118130.40    28.60   0.29    0.08    12.17  127.80  51544.00     4.80   3.62    0.30   403.32    0.00      0.00     0.00   0.00    0.00     0.00    0.00  99.84
nvme17n1      9800.00 120216.00    26.60   0.27    0.08    12.27  126.40  52624.80     3.80   2.92    0.29   416.34    0.00      0.00     0.00   0.00    0.00     0.00    0.00 100.00
nvme18n1      9844.40 121455.20    29.80   0.30    0.08    12.34  126.40  51601.60     7.20   5.39    0.30   408.24    0.00      0.00     0.00   0.00    0.00     0.00    0.00  99.84
nvme19n1      9792.60 122496.80    27.20   0.28    0.08    12.51  128.20  52316.80     3.60   2.73    0.29   408.09    0.00      0.00     0.00   0.00    0.00     0.00    0.00  99.76
nvme1n1       9765.20 119986.40    28.20   0.29    0.07    12.29  141.20  52335.20    10.60   6.98    0.15   370.65    0.00      0.00     0.00   0.00    0.00     0.00    0.00 100.00
nvme20n1      9716.60 119986.40    31.40   0.32    0.08    12.35  126.40  50892.80     7.60   5.67    0.30   402.63    0.00      0.00     0.00   0.00    0.00     0.00    0.00  99.84
nvme21n1      9743.60 119942.40    26.20   0.27    0.08    12.31  123.60  50860.00     5.20   4.04    0.28   411.49    0.00      0.00     0.00   0.00    0.00     0.00    0.00  99.84
nvme22n1      9702.20 120474.40    32.00   0.33    0.08    12.42  123.40  50244.80     6.80   5.22    0.27   407.17    0.00      0.00     0.00   0.00    0.00     0.00    0.00  99.84
nvme23n1      9861.00 122610.40    27.40   0.28    0.08    12.43  124.00  50553.60     5.40   4.17    0.16   407.69    0.00      0.00     0.00   0.00    0.00     0.00    0.00  99.92
nvme24n1      9890.00 122905.60    31.20   0.31    0.08    12.43  124.20  50267.20     9.00   6.76    0.29   404.73    0.00      0.00     0.00   0.00    0.00     0.00    0.00  99.92
nvme25n1      9790.60 120517.60    27.80   0.28    0.08    12.31  122.60  49938.40     5.40   4.22    0.30   407.33    0.00      0.00     0.00   0.00    0.00     0.00    0.00  99.84
nvme26n1      9789.20 120633.60    28.60   0.29    0.08    12.32  122.20  50240.00     8.20   6.29    0.28   411.13    0.00      0.00     0.00   0.00    0.00     0.00    0.00  99.84
nvme27n1      9851.00 121354.40    28.40   0.29    0.07    12.32  122.60  50451.20     4.00   3.16    0.16   411.51    0.00      0.00     0.00   0.00    0.00     0.00    0.00  99.76
nvme28n1      9807.40 121403.20    28.20   0.29    0.08    12.38  126.20  51403.20     7.60   5.68    0.29   407.32    0.00      0.00     0.00   0.00    0.00     0.00    0.00  99.84
nvme29n1      9832.00 120988.80    27.60   0.28    0.08    12.31  128.60  52133.60     4.20   3.16    0.29   405.39    0.00      0.00     0.00   0.00    0.00     0.00    0.00  99.84
nvme2n1       9786.60 119746.40    29.20   0.30    0.08    12.24  126.40  51941.60     5.40   4.10    0.32   410.93    0.00      0.00     0.00   0.00    0.00     0.00    0.00  99.92
nvme30n1      9945.00 122312.80    30.00   0.30    0.08    12.30  128.40  52418.40     8.00   5.87    0.28   408.24    0.00      0.00     0.00   0.00    0.00     0.00    0.00  99.84
nvme31n1      9826.40 120717.60    29.00   0.29    0.07    12.29  129.00  52428.80     3.40   2.57    0.29   406.42    0.00      0.00     0.00   0.00    0.00     0.00    0.00  99.92
nvme3n1       9857.20 119513.60    26.80   0.27    0.07    12.12  126.80  52092.80     7.80   5.79    0.31   410.83    0.00      0.00     0.00   0.00    0.00     0.00    0.00  99.84
nvme4n1       9854.20 119935.20    27.80   0.28    0.08    12.17  129.00  51641.60     6.00   4.44    0.29   400.32    0.00      0.00     0.00   0.00    0.00     0.00    0.00  99.84
nvme5n1       9844.80 119520.80    28.00   0.28    0.08    12.14  121.60  50235.20     4.80   3.80    0.28   413.12    0.00      0.00     0.00   0.00    0.00     0.00    0.00  99.92
nvme6n1       9653.40 116888.00    28.00   0.29    0.08    12.11  172.80  50148.80    10.80   5.88    0.21   290.21    0.00      0.00     0.00   0.00    0.00     0.00    0.00  99.92
nvme7n1       9632.20 117421.60    28.20   0.29    0.08    12.19  123.00  50668.00     3.40   2.69    0.32   411.93    0.00      0.00     0.00   0.00    0.00     0.00    0.00  99.92
nvme8n1       9806.00 118825.60    28.00   0.28    0.08    12.12  167.20  50836.80    24.40  12.73    0.21   304.05    0.00      0.00     0.00   0.00    0.00     0.00    0.00  99.76
nvme9n1       9762.60 117808.80    27.00   0.28    0.08    12.07  140.80  49940.00    27.80  16.49    0.28   354.69    0.00      0.00     0.00   0.00    0.00     0.00    0.00  99.84


Device            r/s     rkB/s   rrqm/s  %rrqm r_await rareq-sz     w/s     wkB/s   wrqm/s  %wrqm w_await wareq-sz     d/s     dkB/s   drqm/s  %drqm d_await dareq-sz  aqu-sz  %util
dm-0             0.00      0.00     0.00   0.00    0.00     0.00   16.00     68.80     0.00   0.00    0.00     4.30    0.00      0.00     0.00   0.00    0.00     0.00    0.00   0.16
loop0            0.00      0.00     0.00   0.00    0.00     0.00    0.00      0.00     0.00   0.00    0.00     0.00    0.00      0.00     0.00   0.00    0.00     0.00    0.00   0.00
loop1            0.00      0.00     0.00   0.00    0.00     0.00    0.00      0.00     0.00   0.00    0.00     0.00    0.00      0.00     0.00   0.00    0.00     0.00    0.00   0.00
loop2            0.00      0.00     0.00   0.00    0.00     0.00    0.00      0.00     0.00   0.00    0.00     0.00    0.00      0.00     0.00   0.00    0.00     0.00    0.00   0.00
loop3            0.00      0.00     0.00   0.00    0.00     0.00    0.00      0.00     0.00   0.00    0.00     0.00    0.00      0.00     0.00   0.00    0.00     0.00    0.00   0.00
loop4            0.00      0.00     0.00   0.00    0.00     0.00    0.00      0.00     0.00   0.00    0.00     0.00    0.00      0.00     0.00   0.00    0.00     0.00    0.00   0.00
loop5            0.00      0.00     0.00   0.00    0.00     0.00    0.00      0.00     0.00   0.00    0.00     0.00    0.00      0.00     0.00   0.00    0.00     0.00    0.00   0.00
loop6            0.00      0.00     0.00   0.00    0.00     0.00    0.00      0.00     0.00   0.00    0.00     0.00    0.00      0.00     0.00   0.00    0.00     0.00    0.00   0.00
loop7            0.00      0.00     0.00   0.00    0.00     0.00    0.00      0.00     0.00   0.00    0.00     0.00    0.00      0.00     0.00   0.00    0.00     0.00    0.00   0.00
md0           216323.60 4621974.40     0.00   0.00    0.00    21.37 7369.60 2778688.00     0.00   0.00    0.00   377.05    0.00      0.00     0.00   0.00    0.00     0.00    0.00   0.00
nvme0n1          0.00      0.00     0.00   0.00    0.00     0.00   14.00     68.80     2.00  12.50    0.04     4.91    0.00      0.00     0.00   0.00    0.00     0.00    0.00   0.16
nvme10n1      6949.60 138472.80    57.00   0.81    0.08    19.93  221.00  85737.60     3.60   1.60    0.30   387.95    0.00      0.00     0.00   0.00    0.00     0.00    0.00  92.96
nvme11n1      6925.20 139339.20    57.60   0.82    0.08    20.12  220.00  85928.80     3.60   1.61    0.31   390.59    0.00      0.00     0.00   0.00    0.00     0.00    0.00  93.52
nvme12n1      6894.80 140668.00    57.40   0.83    0.08    20.40  220.40  85997.60     3.60   1.61    0.30   390.19    0.00      0.00     0.00   0.00    0.00     0.00    0.00  93.52
nvme13n1      6902.20 141254.40    60.60   0.87    0.08    20.47  217.80  84898.40     3.80   1.71    0.34   389.80    0.00      0.00     0.00   0.00    0.00     0.00    0.00  93.12
nvme14n1      6975.40 142037.60    60.60   0.86    0.08    20.36  219.80  86492.00     3.80   1.70    0.32   393.50    0.00      0.00     0.00   0.00    0.00     0.00    0.00  92.96
nvme15n1      6939.80 140491.20    62.20   0.89    0.08    20.24  222.80  86675.20     3.80   1.68    0.32   389.03    0.00      0.00     0.00   0.00    0.00     0.00    0.00  93.84
nvme16n1      7101.40 143461.60    60.00   0.84    0.08    20.20  229.20  88480.00     3.60   1.55    0.34   386.04    0.00      0.00     0.00   0.00    0.00     0.00    0.00  92.72
nvme17n1      7064.60 141768.80    60.40   0.85    0.08    20.07  225.00  87499.20     3.60   1.57    0.30   388.89    0.00      0.00     0.00   0.00    0.00     0.00    0.00  94.32
nvme18n1      6963.20 140448.80    58.60   0.83    0.08    20.17  228.40  88457.60     3.60   1.55    0.36   387.29    0.00      0.00     0.00   0.00    0.00     0.00    0.00  93.36
nvme19n1      6923.80 140024.80    59.20   0.85    0.08    20.22  230.00  87544.00     4.20   1.79    0.35   380.63    0.00      0.00     0.00   0.00    0.00     0.00    0.00  93.76
nvme1n1       6943.60 140285.60    61.20   0.87    0.08    20.20  247.60  89544.80     6.00   2.37    0.16   361.65    0.00      0.00     0.00   0.00    0.00     0.00    0.00  93.84
nvme20n1      6866.20 137817.60    54.80   0.79    0.08    20.07  222.60  87276.80     3.80   1.68    0.37   392.08    0.00      0.00     0.00   0.00    0.00     0.00    0.00  93.60
nvme21n1      6924.20 138294.40    56.00   0.80    0.08    19.97  225.40  87218.40     4.00   1.74    0.31   386.95    0.00      0.00     0.00   0.00    0.00     0.00    0.00  93.44
nvme22n1      6877.40 137168.80    57.80   0.83    0.08    19.94  222.80  86926.40     4.00   1.76    0.34   390.15    0.00      0.00     0.00   0.00    0.00     0.00    0.00  94.00
nvme23n1      6892.40 137830.40    58.20   0.84    0.08    20.00  226.80  87747.20     3.80   1.65    0.17   386.89    0.00      0.00     0.00   0.00    0.00     0.00    0.00  93.20
nvme24n1      6894.80 137982.40    57.40   0.83    0.08    20.01  225.00  86947.20     4.00   1.75    0.32   386.43    0.00      0.00     0.00   0.00    0.00     0.00    0.00  92.24
nvme25n1      6923.60 138589.60    59.60   0.85    0.08    20.02  225.80  88208.00     3.80   1.66    0.34   390.65    0.00      0.00     0.00   0.00    0.00     0.00    0.00  93.52
nvme26n1      6891.80 138548.80    58.20   0.84    0.08    20.10  228.60  88082.40     4.00   1.72    0.32   385.31    0.00      0.00     0.00   0.00    0.00     0.00    0.00  93.76
nvme27n1      6897.80 139596.00    60.80   0.87    0.08    20.24  228.40  88359.20     4.00   1.72    0.17   386.86    0.00      0.00     0.00   0.00    0.00     0.00    0.00  93.36
nvme28n1      6828.40 137652.80    59.60   0.87    0.08    20.16  225.20  87090.40     4.00   1.75    0.35   386.72    0.00      0.00     0.00   0.00    0.00     0.00    0.00  93.92
nvme29n1      6802.60 138134.40    60.40   0.88    0.08    20.31  227.20  87559.20     4.00   1.73    0.33   385.38    0.00      0.00     0.00   0.00    0.00     0.00    0.00  93.92
nvme2n1       6985.80 140351.20    59.80   0.85    0.08    20.09  229.80  88900.00     4.00   1.71    0.33   386.86    0.00      0.00     0.00   0.00    0.00     0.00    0.00  93.20
nvme30n1      6841.80 137804.00    60.00   0.87    0.08    20.14  226.40  87420.00     3.80   1.65    0.30   386.13    0.00      0.00     0.00   0.00    0.00     0.00    0.00  93.36
nvme31n1      6913.60 139136.00    58.60   0.84    0.08    20.12  229.60  89440.00     4.00   1.71    0.30   389.55    0.00      0.00     0.00   0.00    0.00     0.00    0.00  94.00
nvme3n1       6993.40 139824.00    61.60   0.87    0.08    19.99  228.20  88894.40     4.00   1.72    0.35   389.55    0.00      0.00     0.00   0.00    0.00     0.00    0.00  94.56
nvme4n1       6889.60 139019.20    59.00   0.85    0.08    20.18  230.20  88514.40     4.00   1.71    0.33   384.51    0.00      0.00     0.00   0.00    0.00     0.00    0.00  93.84
nvme5n1       6967.20 138430.40    61.20   0.87    0.08    19.87  228.00  88174.40     4.00   1.72    0.35   386.73    0.00      0.00     0.00   0.00    0.00     0.00    0.00  93.44
nvme6n1       6805.60 135554.40    55.60   0.81    0.08    19.92  310.00  86905.60     8.40   2.64    0.25   280.34    0.00      0.00     0.00   0.00    0.00     0.00    0.00  93.68
nvme7n1       6879.00 138008.80    58.00   0.84    0.09    20.06  225.80  87109.60     3.80   1.66    0.34   385.78    0.00      0.00     0.00   0.00    0.00     0.00    0.00  93.76
nvme8n1       6881.40 137021.60    58.80   0.85    0.08    19.91  254.60  86123.20     3.80   1.47    0.29   338.27    0.00      0.00     0.00   0.00    0.00     0.00    0.00  93.76
nvme9n1       6967.40 137173.60    57.20   0.81    0.08    19.69  254.80  84705.60     3.80   1.47    0.30   332.44    0.00      0.00     0.00   0.00    0.00     0.00    0.00  94.08


Device            r/s     rkB/s   rrqm/s  %rrqm r_await rareq-sz     w/s     wkB/s   wrqm/s  %wrqm w_await wareq-sz     d/s     dkB/s   drqm/s  %drqm d_await dareq-sz  aqu-sz  %util
dm-0             0.00      0.00     0.00   0.00    0.00     0.00    1.60      7.20     0.00   0.00    0.00     4.50    0.00      0.00     0.00   0.00    0.00     0.00    0.00   0.16
loop0            0.00      0.00     0.00   0.00    0.00     0.00    0.00      0.00     0.00   0.00    0.00     0.00    0.00      0.00     0.00   0.00    0.00     0.00    0.00   0.00
loop1            0.00      0.00     0.00   0.00    0.00     0.00    0.00      0.00     0.00   0.00    0.00     0.00    0.00      0.00     0.00   0.00    0.00     0.00    0.00   0.00
loop2            0.00      0.00     0.00   0.00    0.00     0.00    0.00      0.00     0.00   0.00    0.00     0.00    0.00      0.00     0.00   0.00    0.00     0.00    0.00   0.00
loop3            0.00      0.00     0.00   0.00    0.00     0.00    0.00      0.00     0.00   0.00    0.00     0.00    0.00      0.00     0.00   0.00    0.00     0.00    0.00   0.00
loop4            0.00      0.00     0.00   0.00    0.00     0.00    0.00      0.00     0.00   0.00    0.00     0.00    0.00      0.00     0.00   0.00    0.00     0.00    0.00   0.00
loop5            0.00      0.00     0.00   0.00    0.00     0.00    0.00      0.00     0.00   0.00    0.00     0.00    0.00      0.00     0.00   0.00    0.00     0.00    0.00   0.00
loop6            0.00      0.00     0.00   0.00    0.00     0.00    0.00      0.00     0.00   0.00    0.00     0.00    0.00      0.00     0.00   0.00    0.00     0.00    0.00   0.00
loop7            0.00      0.00     0.00   0.00    0.00     0.00    0.00      0.00     0.00   0.00    0.00     0.00    0.00      0.00     0.00   0.00    0.00     0.00    0.00   0.00
md0           290410.60 3595686.40     0.00   0.00    0.00    12.38 3864.60 1457116.80     0.00   0.00    0.00   377.04    0.00      0.00     0.00   0.00    0.00     0.00    0.00   0.00
nvme0n1          0.00      0.00     0.00   0.00    0.00     0.00    0.60      7.20     1.00  62.50    0.00    12.00    0.00      0.00     0.00   0.00    0.00     0.00    0.00   0.16
nvme10n1      9377.60 111588.00    24.80   0.26    0.08    11.90  109.20  43566.40     3.00   2.67    0.29   398.96    0.00      0.00     0.00   0.00    0.00     0.00    0.00  98.88
nvme11n1      9359.60 111086.40    25.40   0.27    0.07    11.87  110.80  43921.60     3.80   3.32    0.29   396.40    0.00      0.00     0.00   0.00    0.00     0.00    0.00  99.04
nvme12n1      9401.80 111407.20    26.80   0.28    0.07    11.85  112.80  45468.00     3.40   2.93    0.29   403.09    0.00      0.00     0.00   0.00    0.00     0.00    0.00  98.80
nvme13n1      9347.00 112081.60    26.00   0.28    0.08    11.99  116.00  46205.60     3.60   3.01    0.33   398.32    0.00      0.00     0.00   0.00    0.00     0.00    0.00  98.64
nvme14n1      9323.60 112384.80    26.80   0.29    0.07    12.05  115.20  45546.40     1.80   1.54    0.30   395.37    0.00      0.00     0.00   0.00    0.00     0.00    0.00  98.80
nvme15n1      9279.20 110720.80    25.20   0.27    0.07    11.93  113.00  45024.80     4.60   3.91    0.30   398.45    0.00      0.00     0.00   0.00    0.00     0.00    0.00  98.56
nvme16n1      9462.00 113106.40    26.20   0.28    0.08    11.95  115.60  45366.40     5.00   4.15    0.31   392.44    0.00      0.00     0.00   0.00    0.00     0.00    0.00  98.88
nvme17n1      9476.00 113285.60    24.40   0.26    0.08    11.96  114.00  45992.00     3.00   2.56    0.29   403.44    0.00      0.00     0.00   0.00    0.00     0.00    0.00  98.72
nvme18n1      9542.40 114186.40    26.00   0.27    0.08    11.97  117.80  46589.60     5.00   4.07    0.33   395.50    0.00      0.00     0.00   0.00    0.00     0.00    0.00  99.28
nvme19n1      9431.80 112528.00    24.80   0.26    0.08    11.93  114.20  46162.40     3.80   3.22    0.32   404.22    0.00      0.00     0.00   0.00    0.00     0.00    0.00  98.96
nvme1n1       9370.60 111882.40    26.80   0.29    0.07    11.94  126.00  44872.00     6.40   4.83    0.15   356.13    0.00      0.00     0.00   0.00    0.00     0.00    0.00  98.80
nvme20n1      9476.80 112460.80    27.00   0.28    0.08    11.87  115.80  46152.80     4.00   3.34    0.33   398.56    0.00      0.00     0.00   0.00    0.00     0.00    0.00  99.28
nvme21n1      9359.80 109594.40    24.60   0.26    0.07    11.71  117.80  46288.80     5.20   4.23    0.29   392.94    0.00      0.00     0.00   0.00    0.00     0.00    0.00  98.88
nvme22n1      9243.60 108543.20    25.40   0.27    0.07    11.74  118.40  45848.00     4.20   3.43    0.30   387.23    0.00      0.00     0.00   0.00    0.00     0.00    0.00  98.88
nvme23n1      9263.60 108786.40    23.60   0.25    0.07    11.74  118.20  46425.60     3.40   2.80    0.17   392.77    0.00      0.00     0.00   0.00    0.00     0.00    0.00  98.88
nvme24n1      9262.40 108180.00    25.40   0.27    0.07    11.68  122.20  47179.20     3.80   3.02    0.29   386.08    0.00      0.00     0.00   0.00    0.00     0.00    0.00  98.64
nvme25n1      9353.00 110312.80    23.40   0.25    0.07    11.79  118.60  47053.60     3.40   2.79    0.30   396.74    0.00      0.00     0.00   0.00    0.00     0.00    0.00  98.88
nvme26n1      9199.80 109033.60    25.80   0.28    0.08    11.85  119.40  46400.00     4.60   3.71    0.30   388.61    0.00      0.00     0.00   0.00    0.00     0.00    0.00  99.04
nvme27n1      9206.20 108588.80    23.20   0.25    0.07    11.80  115.40  45282.40     3.40   2.86    0.17   392.40    0.00      0.00     0.00   0.00    0.00     0.00    0.00  98.48
nvme28n1      9274.80 109244.00    25.60   0.28    0.07    11.78  116.20  45415.20     5.20   4.28    0.31   390.84    0.00      0.00     0.00   0.00    0.00     0.00    0.00  99.20
nvme29n1      9235.60 109295.20    24.80   0.27    0.07    11.83  115.20  45416.80     4.60   3.84    0.31   394.24    0.00      0.00     0.00   0.00    0.00     0.00    0.00  98.80
nvme2n1       9330.20 111409.60    25.00   0.27    0.07    11.94  112.40  44143.20     4.40   3.77    0.32   392.73    0.00      0.00     0.00   0.00    0.00     0.00    0.00  98.64
nvme30n1      9253.00 109355.20    26.20   0.28    0.08    11.82  113.40  44285.60     4.60   3.90    0.29   390.53    0.00      0.00     0.00   0.00    0.00     0.00    0.00  99.28
nvme31n1      9367.00 110525.60    23.20   0.25    0.07    11.80  110.40  44140.00     4.00   3.50    0.29   399.82    0.00      0.00     0.00   0.00    0.00     0.00    0.00  98.88
nvme3n1       9445.00 113407.20    27.00   0.29    0.07    12.01  110.40  44753.60     6.40   5.48    0.33   405.38    0.00      0.00     0.00   0.00    0.00     0.00    0.00  98.72
nvme4n1       9307.40 111712.80    25.60   0.27    0.07    12.00  111.60  44029.60     4.80   4.12    0.30   394.53    0.00      0.00     0.00   0.00    0.00     0.00    0.00  99.04
nvme5n1       9391.60 112897.60    26.20   0.28    0.08    12.02  111.20  44718.40     6.40   5.44    0.31   402.14    0.00      0.00     0.00   0.00    0.00     0.00    0.00  98.72
nvme6n1       9279.80 110566.40    24.60   0.26    0.08    11.91  142.40  43608.80     7.20   4.81    0.24   306.24    0.00      0.00     0.00   0.00    0.00     0.00    0.00  99.12
nvme7n1       9405.60 112848.00    26.00   0.28    0.08    12.00  112.60  44808.00     6.00   5.06    0.33   397.94    0.00      0.00     0.00   0.00    0.00     0.00    0.00  98.48
nvme8n1       9347.20 111970.40    25.00   0.27    0.08    11.98  134.60  44044.80    20.80  13.38    0.24   327.23    0.00      0.00     0.00   0.00    0.00     0.00    0.00  98.96
nvme9n1       9249.80 109934.40    25.00   0.27    0.08    11.89  135.20  43376.00    28.40  17.36    0.26   320.83    0.00      0.00     0.00   0.00    0.00     0.00    0.00  98.80


Device            r/s     rkB/s   rrqm/s  %rrqm r_await rareq-sz     w/s     wkB/s   wrqm/s  %wrqm w_await wareq-sz     d/s     dkB/s   drqm/s  %drqm d_await dareq-sz  aqu-sz  %util
dm-0             0.00      0.00     0.00   0.00    0.00     0.00    2.80     21.60     0.00   0.00    0.00     7.71    0.00      0.00     0.00   0.00    0.00     0.00    0.00   0.16
loop0            0.00      0.00     0.00   0.00    0.00     0.00    0.00      0.00     0.00   0.00    0.00     0.00    0.00      0.00     0.00   0.00    0.00     0.00    0.00   0.00
loop1            0.00      0.00     0.00   0.00    0.00     0.00    0.00      0.00     0.00   0.00    0.00     0.00    0.00      0.00     0.00   0.00    0.00     0.00    0.00   0.00
loop2            0.00      0.00     0.00   0.00    0.00     0.00    0.00      0.00     0.00   0.00    0.00     0.00    0.00      0.00     0.00   0.00    0.00     0.00    0.00   0.00
loop3            0.00      0.00     0.00   0.00    0.00     0.00    0.00      0.00     0.00   0.00    0.00     0.00    0.00      0.00     0.00   0.00    0.00     0.00    0.00   0.00
loop4            0.00      0.00     0.00   0.00    0.00     0.00    0.00      0.00     0.00   0.00    0.00     0.00    0.00      0.00     0.00   0.00    0.00     0.00    0.00   0.00
loop5            0.00      0.00     0.00   0.00    0.00     0.00    0.00      0.00     0.00   0.00    0.00     0.00    0.00      0.00     0.00   0.00    0.00     0.00    0.00   0.00
loop6            0.00      0.00     0.00   0.00    0.00     0.00    0.00      0.00     0.00   0.00    0.00     0.00    0.00      0.00     0.00   0.00    0.00     0.00    0.00   0.00
loop7            0.00      0.00     0.00   0.00    0.00     0.00    0.00      0.00     0.00   0.00    0.00     0.00    0.00      0.00     0.00   0.00    0.00     0.00    0.00   0.00
md0           75350.20 3521339.20     0.00   0.00    0.00    46.73 6881.20 2602261.60     0.00   0.00    0.00   378.17    0.00      0.00     0.00   0.00    0.00     0.00    0.00   0.00
nvme0n1          0.00      0.00     0.00   0.00    0.00     0.00    0.80     21.60     2.00  71.43    0.00    27.00    0.00      0.00     0.00   0.00    0.00     0.00    0.00   0.16
nvme10n1      2315.60 100966.40    61.20   2.57    0.10    43.60  209.20  81627.20     2.80   1.32    0.32   390.19    0.00      0.00     0.00   0.00    0.00     0.00    0.00  74.64
nvme11n1      2372.60 100939.20    61.60   2.53    0.10    42.54  207.00  80265.60     3.40   1.62    0.32   387.76    0.00      0.00     0.00   0.00    0.00     0.00    0.00  74.96
nvme12n1      2356.40 100700.80    61.20   2.53    0.10    42.74  199.40  78704.00     1.20   0.60    0.33   394.70    0.00      0.00     0.00   0.00    0.00     0.00    0.00  74.64
nvme13n1      2404.40 103013.60    62.40   2.53    0.10    42.84  204.20  79456.00     3.20   1.54    0.38   389.11    0.00      0.00     0.00   0.00    0.00     0.00    0.00  76.64
nvme14n1      2418.60 101864.00    62.40   2.52    0.10    42.12  201.20  79992.80     0.20   0.10    0.35   397.58    0.00      0.00     0.00   0.00    0.00     0.00    0.00  74.88
nvme15n1      2387.20 101109.60    60.20   2.46    0.10    42.35  205.60  80728.00     3.40   1.63    0.36   392.65    0.00      0.00     0.00   0.00    0.00     0.00    0.00  76.24
nvme16n1      2452.40 101717.60    61.00   2.43    0.10    41.48  211.80  81833.60     0.20   0.09    0.35   386.37    0.00      0.00     0.00   0.00    0.00     0.00    0.00  75.28
nvme17n1      2429.80 102258.40    61.60   2.47    0.10    42.09  208.60  82315.20     2.80   1.32    0.32   394.61    0.00      0.00     0.00   0.00    0.00     0.00    0.00  75.44
nvme18n1      2410.20 102668.80    63.80   2.58    0.11    42.60  210.40  82185.60     1.00   0.47    0.40   390.62    0.00      0.00     0.00   0.00    0.00     0.00    0.00  74.08
nvme19n1      2409.40 103710.40    63.80   2.58    0.10    43.04  208.00  82237.60     2.80   1.33    0.37   395.37    0.00      0.00     0.00   0.00    0.00     0.00    0.00  74.40
nvme1n1       2305.00 102632.00    64.00   2.70    0.10    44.53  226.80  86049.60     0.60   0.26    0.18   379.41    0.00      0.00     0.00   0.00    0.00     0.00    0.00  72.00
nvme20n1      2402.00 105562.40    63.40   2.57    0.10    43.95  213.00  83537.60     1.40   0.65    0.38   392.20    0.00      0.00     0.00   0.00    0.00     0.00    0.00  74.48
nvme21n1      2406.20 107051.20    66.80   2.70    0.10    44.49  211.00  83289.60     3.20   1.49    0.32   394.74    0.00      0.00     0.00   0.00    0.00     0.00    0.00  74.64
nvme22n1      2392.20 106652.80    64.00   2.61    0.10    44.58  216.20  84641.60     0.60   0.28    0.36   391.50    0.00      0.00     0.00   0.00    0.00     0.00    0.00  72.16
nvme23n1      2402.60 106984.80    65.20   2.64    0.10    44.53  210.60  83944.00     2.80   1.31    0.18   398.59    0.00      0.00     0.00   0.00    0.00     0.00    0.00  74.48
nvme24n1      2429.40 108579.20    63.40   2.54    0.10    44.69  215.40  84420.00     0.80   0.37    0.35   391.92    0.00      0.00     0.00   0.00    0.00     0.00    0.00  72.88
nvme25n1      2403.40 106960.80    65.60   2.66    0.10    44.50  214.20  83665.60     2.80   1.29    0.34   390.60    0.00      0.00     0.00   0.00    0.00     0.00    0.00  73.44
nvme26n1      2394.00 106276.00    64.20   2.61    0.10    44.39  214.40  83794.40     1.60   0.74    0.35   390.83    0.00      0.00     0.00   0.00    0.00     0.00    0.00  73.76
nvme27n1      2337.40 104337.60    65.20   2.71    0.10    44.64  212.80  83458.40     3.00   1.39    0.18   392.19    0.00      0.00     0.00   0.00    0.00     0.00    0.00  73.76
nvme28n1      2328.20 103867.20    64.40   2.69    0.10    44.61  212.60  83322.40     1.60   0.75    0.38   391.92    0.00      0.00     0.00   0.00    0.00     0.00    0.00  72.56
nvme29n1      2367.20 104200.00    64.60   2.66    0.11    44.02  213.00  83980.80     2.80   1.30    0.35   394.28    0.00      0.00     0.00   0.00    0.00     0.00    0.00  74.24
nvme2n1       2332.20 103057.60    62.80   2.62    0.11    44.19  224.00  85559.20     3.40   1.50    0.38   381.96    0.00      0.00     0.00   0.00    0.00     0.00    0.00  72.48
nvme30n1      2357.20 103586.40    62.80   2.60    0.11    43.94  218.00  85391.20     1.00   0.46    0.32   391.70    0.00      0.00     0.00   0.00    0.00     0.00    0.00  72.80
nvme31n1      2350.60 102756.00    61.20   2.54    0.10    43.71  217.60  85836.00     2.80   1.27    0.35   394.47    0.00      0.00     0.00   0.00    0.00     0.00    0.00  74.24
nvme3n1       2335.80 104173.60    65.80   2.74    0.10    44.60  218.00  85079.20     0.40   0.18    0.38   390.27    0.00      0.00     0.00   0.00    0.00     0.00    0.00  74.08
nvme4n1       2322.80 103120.00    63.00   2.64    0.11    44.39  215.60  84053.60     3.20   1.46    0.35   389.86    0.00      0.00     0.00   0.00    0.00     0.00    0.00  73.60
nvme5n1       2317.80 103577.60    66.00   2.77    0.10    44.69  215.40  83873.60     0.60   0.28    0.36   389.39    0.00      0.00     0.00   0.00    0.00     0.00    0.00  72.32
nvme6n1       2354.60 103416.80    61.60   2.55    0.10    43.92  280.00  84225.60     6.40   2.23    0.28   300.81    0.00      0.00     0.00   0.00    0.00     0.00    0.00  75.12
nvme7n1       2333.20 103578.40    63.40   2.65    0.10    44.39  211.00  81612.00     2.20   1.03    0.37   386.79    0.00      0.00     0.00   0.00    0.00     0.00    0.00  75.12
nvme8n1       2295.80 103565.60    60.20   2.56    0.10    45.11  245.40  81490.40    10.20   3.99    0.30   332.07    0.00      0.00     0.00   0.00    0.00     0.00    0.00  73.76
nvme9n1       2265.80 102252.80    63.60   2.73    0.11    45.13  248.60  81932.80    18.60   6.96    0.31   329.58    0.00      0.00     0.00   0.00    0.00     0.00    0.00  74.88


Device            r/s     rkB/s   rrqm/s  %rrqm r_await rareq-sz     w/s     wkB/s   wrqm/s  %wrqm w_await wareq-sz     d/s     dkB/s   drqm/s  %drqm d_await dareq-sz  aqu-sz  %util
dm-0             0.00      0.00     0.00   0.00    0.00     0.00    2.80     16.80     0.00   0.00    0.00     6.00    0.00      0.00     0.00   0.00    0.00     0.00    0.00   0.16
loop0            0.00      0.00     0.00   0.00    0.00     0.00    0.00      0.00     0.00   0.00    0.00     0.00    0.00      0.00     0.00   0.00    0.00     0.00    0.00   0.00
loop1            0.00      0.00     0.00   0.00    0.00     0.00    0.00      0.00     0.00   0.00    0.00     0.00    0.00      0.00     0.00   0.00    0.00     0.00    0.00   0.00
loop2            0.00      0.00     0.00   0.00    0.00     0.00    0.00      0.00     0.00   0.00    0.00     0.00    0.00      0.00     0.00   0.00    0.00     0.00    0.00   0.00
loop3            0.00      0.00     0.00   0.00    0.00     0.00    0.00      0.00     0.00   0.00    0.00     0.00    0.00      0.00     0.00   0.00    0.00     0.00    0.00   0.00
loop4            0.00      0.00     0.00   0.00    0.00     0.00    0.00      0.00     0.00   0.00    0.00     0.00    0.00      0.00     0.00   0.00    0.00     0.00    0.00   0.00
loop5            0.00      0.00     0.00   0.00    0.00     0.00    0.00      0.00     0.00   0.00    0.00     0.00    0.00      0.00     0.00   0.00    0.00     0.00    0.00   0.00
loop6            0.00      0.00     0.00   0.00    0.00     0.00    0.00      0.00     0.00   0.00    0.00     0.00    0.00      0.00     0.00   0.00    0.00     0.00    0.00   0.00
loop7            0.00      0.00     0.00   0.00    0.00     0.00    0.00      0.00     0.00   0.00    0.00     0.00    0.00      0.00     0.00   0.00    0.00     0.00    0.00   0.00
md0           307891.40 4080122.40     0.00   0.00    0.00    13.25 4933.60 1845930.40     0.00   0.00    0.00   374.15    0.00      0.00     0.00   0.00    0.00     0.00    0.00   0.00
nvme0n1          0.00      0.00     0.00   0.00    0.00     0.00    1.00     16.80     1.80  64.29    0.00    16.80    0.00      0.00     0.00   0.00    0.00     0.00    0.00   0.16
nvme10n1      9858.00 125125.60    37.60   0.38    0.08    12.69  142.80  57117.60     7.60   5.05    0.27   399.98    0.00      0.00     0.00   0.00    0.00     0.00    0.00 100.00
nvme11n1      9831.20 125201.60    36.00   0.36    0.08    12.74  146.40  57548.00     9.40   6.03    0.27   393.09    0.00      0.00     0.00   0.00    0.00     0.00    0.00 100.00
nvme12n1      9758.80 124464.00    37.60   0.38    0.08    12.75  142.60  56599.20     7.40   4.93    0.29   396.91    0.00      0.00     0.00   0.00    0.00     0.00    0.00 100.00
nvme13n1      9860.20 125664.00    36.60   0.37    0.08    12.74  142.40  56680.80     7.00   4.69    0.31   398.04    0.00      0.00     0.00   0.00    0.00     0.00    0.00 100.00
nvme14n1      9938.60 127531.20    39.00   0.39    0.08    12.83  144.00  57439.20     7.40   4.89    0.29   398.88    0.00      0.00     0.00   0.00    0.00     0.00    0.00 100.00
nvme15n1      10031.00 127807.20    37.80   0.38    0.08    12.74  146.60  58479.20     5.60   3.68    0.29   398.90    0.00      0.00     0.00   0.00    0.00     0.00    0.00 100.00
nvme16n1      10111.20 128225.60    37.80   0.37    0.08    12.68  148.80  58472.00     8.40   5.34    0.30   392.96    0.00      0.00     0.00   0.00    0.00     0.00    0.00 100.00
nvme17n1      10087.80 128857.60    38.00   0.38    0.08    12.77  146.40  58292.00     5.60   3.68    0.28   398.17    0.00      0.00     0.00   0.00    0.00     0.00    0.00 100.00
nvme18n1      10006.60 128497.60    38.60   0.38    0.08    12.84  150.00  59165.60     7.60   4.82    0.32   394.44    0.00      0.00     0.00   0.00    0.00     0.00    0.00 100.00
nvme19n1      9967.20 128503.20    36.80   0.37    0.08    12.89  149.40  58160.80     6.00   3.86    0.29   389.30    0.00      0.00     0.00   0.00    0.00     0.00    0.00 100.00
nvme1n1       9895.20 127293.60    36.60   0.37    0.07    12.86  137.80  55502.40     8.80   6.00    0.16   402.78    0.00      0.00     0.00   0.00    0.00     0.00    0.00 100.00
nvme20n1      9925.80 126894.40    38.80   0.39    0.08    12.78  144.20  57306.40     8.60   5.63    0.31   397.41    0.00      0.00     0.00   0.00    0.00     0.00    0.00 100.00
nvme21n1      9932.80 128017.60    36.20   0.36    0.08    12.89  143.00  57290.40     4.80   3.25    0.27   400.63    0.00      0.00     0.00   0.00    0.00     0.00    0.00 100.00
nvme22n1      9930.60 127522.40    38.00   0.38    0.08    12.84  143.00  57414.40     8.00   5.30    0.30   401.50    0.00      0.00     0.00   0.00    0.00     0.00    0.00 100.00
nvme23n1      9865.60 126320.80    37.40   0.38    0.08    12.80  144.80  58016.80     4.60   3.08    0.25   400.67    0.00      0.00     0.00   0.00    0.00     0.00    0.00 100.00
nvme24n1      9826.00 126636.00    38.00   0.39    0.08    12.89  148.80  58204.00     8.80   5.58    0.28   391.16    0.00      0.00     0.00   0.00    0.00     0.00    0.00 100.00
nvme25n1      9774.00 125550.40    36.80   0.38    0.08    12.85  143.80  57392.00     5.60   3.75    0.28   399.11    0.00      0.00     0.00   0.00    0.00     0.00    0.00 100.00
nvme26n1      9683.20 124724.00    37.80   0.39    0.08    12.88  142.60  57019.20     8.80   5.81    0.29   399.85    0.00      0.00     0.00   0.00    0.00     0.00    0.00 100.00
nvme27n1      9796.20 125058.40    35.40   0.36    0.07    12.77  142.80  57346.40     5.20   3.51    0.16   401.59    0.00      0.00     0.00   0.00    0.00     0.00    0.00 100.00
nvme28n1      9780.20 125220.00    36.20   0.37    0.08    12.80  142.00  56928.80     7.40   4.95    0.30   400.91    0.00      0.00     0.00   0.00    0.00     0.00    0.00 100.00
nvme29n1      9744.20 124962.40    36.20   0.37    0.08    12.82  142.40  56514.40     4.60   3.13    0.29   396.87    0.00      0.00     0.00   0.00    0.00     0.00    0.00 100.00
nvme2n1       9812.80 126674.40    37.00   0.38    0.08    12.91  155.40  56482.40     6.80   4.19    0.28   363.46    0.00      0.00     0.00   0.00    0.00     0.00    0.00 100.00
nvme30n1      9760.20 125891.20    38.00   0.39    0.08    12.90  141.60  55701.60     9.40   6.23    0.27   393.37    0.00      0.00     0.00   0.00    0.00     0.00    0.00 100.00
nvme31n1      9864.60 126809.60    36.20   0.37    0.08    12.86  138.80  55533.60     5.20   3.61    0.29   400.10    0.00      0.00     0.00   0.00    0.00     0.00    0.00 100.00
nvme3n1       10022.20 128693.60    36.00   0.36    0.08    12.84  140.20  56888.80     8.00   5.40    0.34   405.77    0.00      0.00     0.00   0.00    0.00     0.00    0.00 100.00
nvme4n1       9925.60 126557.60    37.40   0.38    0.08    12.75  138.60  55826.40     5.20   3.62    0.30   402.79    0.00      0.00     0.00   0.00    0.00     0.00    0.00 100.00
nvme5n1       9978.60 127284.00    35.80   0.36    0.08    12.76  138.20  55592.80     8.00   5.47    0.30   402.26    0.00      0.00     0.00   0.00    0.00     0.00    0.00 100.00
nvme6n1       9959.80 128348.00    38.40   0.38    0.08    12.89  206.20  56626.40     9.20   4.27    0.21   274.62    0.00      0.00     0.00   0.00    0.00     0.00    0.00 100.00
nvme7n1       9978.40 127697.60    36.60   0.37    0.08    12.80  142.00  57260.80     9.20   6.08    0.31   403.25    0.00      0.00     0.00   0.00    0.00     0.00    0.00 100.00
nvme8n1       9865.20 126597.60    38.80   0.39    0.08    12.83  181.40  56855.20    26.00  12.54    0.24   313.42    0.00      0.00     0.00   0.00    0.00     0.00    0.00 100.00
nvme9n1       9965.60 127864.80    38.20   0.38    0.08    12.83  174.80  57616.00    34.60  16.52    0.26   329.61    0.00      0.00     0.00   0.00    0.00     0.00    0.00 100.00


Device            r/s     rkB/s   rrqm/s  %rrqm r_await rareq-sz     w/s     wkB/s   wrqm/s  %wrqm w_await wareq-sz     d/s     dkB/s   drqm/s  %drqm d_await dareq-sz  aqu-sz  %util
dm-0             0.00      0.00     0.00   0.00    0.00     0.00    2.60     10.40     0.00   0.00    0.00     4.00    0.00      0.00     0.00   0.00    0.00     0.00    0.00   0.08
loop0            0.00      0.00     0.00   0.00    0.00     0.00    0.00      0.00     0.00   0.00    0.00     0.00    0.00      0.00     0.00   0.00    0.00     0.00    0.00   0.00
loop1            0.00      0.00     0.00   0.00    0.00     0.00    0.00      0.00     0.00   0.00    0.00     0.00    0.00      0.00     0.00   0.00    0.00     0.00    0.00   0.00
loop2            0.00      0.00     0.00   0.00    0.00     0.00    0.00      0.00     0.00   0.00    0.00     0.00    0.00      0.00     0.00   0.00    0.00     0.00    0.00   0.00
loop3            0.00      0.00     0.00   0.00    0.00     0.00    0.00      0.00     0.00   0.00    0.00     0.00    0.00      0.00     0.00   0.00    0.00     0.00    0.00   0.00
loop4            0.00      0.00     0.00   0.00    0.00     0.00    0.00      0.00     0.00   0.00    0.00     0.00    0.00      0.00     0.00   0.00    0.00     0.00    0.00   0.00
loop5            0.00      0.00     0.00   0.00    0.00     0.00    0.00      0.00     0.00   0.00    0.00     0.00    0.00      0.00     0.00   0.00    0.00     0.00    0.00   0.00
loop6            0.00      0.00     0.00   0.00    0.00     0.00    0.00      0.00     0.00   0.00    0.00     0.00    0.00      0.00     0.00   0.00    0.00     0.00    0.00   0.00
loop7            0.00      0.00     0.00   0.00    0.00     0.00    0.00      0.00     0.00   0.00    0.00     0.00    0.00      0.00     0.00   0.00    0.00     0.00    0.00   0.00
md0           174198.80 4795238.40     0.00   0.00    0.00    27.53 8322.20 3230947.20     0.00   0.00    0.00   388.23    0.00      0.00     0.00   0.00    0.00     0.00    0.00   0.00
nvme0n1          0.00      0.00     0.00   0.00    0.00     0.00    0.60     10.40     2.00  76.92    0.00    17.33    0.00      0.00     0.00   0.00    0.00     0.00    0.00   0.08
nvme10n1      5526.00 143592.80    78.20   1.40    0.09    25.98  250.40  98738.40     2.80   1.11    0.31   394.32    0.00      0.00     0.00   0.00    0.00     0.00    0.00  89.04
nvme11n1      5485.40 141461.60    79.20   1.42    0.09    25.79  248.80  97894.40     3.00   1.19    0.32   393.47    0.00      0.00     0.00   0.00    0.00     0.00    0.00  88.88
nvme12n1      5477.60 140777.60    77.80   1.40    0.09    25.70  248.20  98259.20     3.00   1.19    0.32   395.89    0.00      0.00     0.00   0.00    0.00     0.00    0.00  89.36
nvme13n1      5551.60 140640.80    78.40   1.39    0.09    25.33  252.20  98946.40     2.80   1.10    0.37   392.33    0.00      0.00     0.00   0.00    0.00     0.00    0.00  90.00
nvme14n1      5561.60 141728.00    77.60   1.38    0.09    25.48  252.60  99565.60     2.60   1.02    0.33   394.16    0.00      0.00     0.00   0.00    0.00     0.00    0.00  88.72
nvme15n1      5596.00 145532.00    80.00   1.41    0.09    26.01  254.00  99780.00     2.40   0.94    0.33   392.83    0.00      0.00     0.00   0.00    0.00     0.00    0.00  89.92
nvme16n1      5644.00 147811.20    82.20   1.44    0.09    26.19  257.80  99969.60     2.40   0.92    0.37   387.78    0.00      0.00     0.00   0.00    0.00     0.00    0.00  88.72
nvme17n1      5663.80 146962.40    82.60   1.44    0.09    25.95  254.60 100256.00     2.40   0.93    0.32   393.78    0.00      0.00     0.00   0.00    0.00     0.00    0.00  90.56
nvme18n1      5645.80 144924.80    84.80   1.48    0.09    25.67  255.20 101339.20     2.60   1.01    0.37   397.10    0.00      0.00     0.00   0.00    0.00     0.00    0.00  89.52
nvme19n1      5624.00 145330.40    80.80   1.42    0.09    25.84  260.00 102535.20     2.80   1.07    0.35   394.37    0.00      0.00     0.00   0.00    0.00     0.00    0.00  89.20
nvme1n1       5477.20 143014.40    82.80   1.49    0.08    26.11  253.20 100065.60     2.40   0.94    0.18   395.20    0.00      0.00     0.00   0.00    0.00     0.00    0.00  90.72
nvme20n1      5588.80 145000.80    82.20   1.45    0.09    25.94  261.40 102617.60     2.20   0.83    0.37   392.57    0.00      0.00     0.00   0.00    0.00     0.00    0.00  89.52
nvme21n1      5538.00 143721.60    82.00   1.46    0.09    25.95  260.00 101485.60     2.40   0.91    0.32   390.33    0.00      0.00     0.00   0.00    0.00     0.00    0.00  88.40
nvme22n1      5608.00 144328.80    80.20   1.41    0.09    25.74  256.60 101816.00     2.20   0.85    0.35   396.79    0.00      0.00     0.00   0.00    0.00     0.00    0.00  88.88
nvme23n1      5621.60 144067.20    78.40   1.38    0.09    25.63  259.40 103137.60     2.20   0.84    0.31   397.60    0.00      0.00     0.00   0.00    0.00     0.00    0.00  90.80
nvme24n1      5631.00 144364.80    79.60   1.39    0.09    25.64  264.40 104448.00     2.20   0.83    0.33   395.04    0.00      0.00     0.00   0.00    0.00     0.00    0.00  88.56
nvme25n1      5581.60 143052.80    78.20   1.38    0.08    25.63  259.80 102529.60     2.20   0.84    0.33   394.65    0.00      0.00     0.00   0.00    0.00     0.00    0.00  88.80
nvme26n1      5562.60 143844.00    81.60   1.45    0.09    25.86  260.00 103068.00     2.60   0.99    0.34   396.42    0.00      0.00     0.00   0.00    0.00     0.00    0.00  90.08
nvme27n1      5564.20 145701.60    79.80   1.41    0.08    26.19  266.40 103800.00     2.60   0.97    0.18   389.64    0.00      0.00     0.00   0.00    0.00     0.00    0.00  89.36
nvme28n1      5629.20 145656.00    84.60   1.48    0.09    25.88  264.60 104552.80     2.60   0.97    0.36   395.14    0.00      0.00     0.00   0.00    0.00     0.00    0.00  89.04
nvme29n1      5598.60 145068.00    82.80   1.46    0.09    25.91  266.00 104097.60     2.40   0.89    0.33   391.34    0.00      0.00     0.00   0.00    0.00     0.00    0.00  89.68
nvme2n1       5447.40 141724.80    80.80   1.46    0.09    26.02  266.60  99626.40     4.80   1.77    0.35   373.69    0.00      0.00     0.00   0.00    0.00     0.00    0.00  89.12
nvme30n1      5541.40 142925.60    84.40   1.50    0.09    25.79  256.20 101432.00     2.40   0.93    0.32   395.91    0.00      0.00     0.00   0.00    0.00     0.00    0.00  89.60
nvme31n1      5533.20 143090.40    81.20   1.45    0.09    25.86  256.40 101155.20     2.40   0.93    0.33   394.52    0.00      0.00     0.00   0.00    0.00     0.00    0.00  88.88
nvme3n1       5431.40 142156.80    82.40   1.49    0.09    26.17  254.00 100595.20     2.60   1.01    0.37   396.04    0.00      0.00     0.00   0.00    0.00     0.00    0.00  89.52
nvme4n1       5484.20 143060.00    83.00   1.49    0.09    26.09  256.40 101416.00     2.60   1.00    0.35   395.54    0.00      0.00     0.00   0.00    0.00     0.00    0.00  90.16
nvme5n1       5454.60 143069.60    82.60   1.49    0.09    26.23  257.00 101290.40     2.80   1.08    0.35   394.13    0.00      0.00     0.00   0.00    0.00     0.00    0.00  89.20
nvme6n1       5378.00 141758.40    82.20   1.51    0.09    26.36  340.00 100654.40     6.40   1.85    0.27   296.04    0.00      0.00     0.00   0.00    0.00     0.00    0.00  87.76
nvme7n1       5383.80 140852.00    80.60   1.48    0.09    26.16  254.00 100251.20     3.00   1.17    0.37   394.69    0.00      0.00     0.00   0.00    0.00     0.00    0.00  89.84
nvme8n1       5464.40 141898.40    79.60   1.44    0.09    25.97  293.60 100171.20     2.80   0.94    0.29   341.18    0.00      0.00     0.00   0.00    0.00     0.00    0.00  88.08
nvme9n1       5397.40 141523.20    81.00   1.48    0.09    26.22  295.00  99423.20     2.80   0.94    0.30   337.03    0.00      0.00     0.00   0.00    0.00     0.00    0.00  89.20


Device            r/s     rkB/s   rrqm/s  %rrqm r_await rareq-sz     w/s     wkB/s   wrqm/s  %wrqm w_await wareq-sz     d/s     dkB/s   drqm/s  %drqm d_await dareq-sz  aqu-sz  %util
dm-0             0.00      0.00     0.00   0.00    0.00     0.00    1.60      6.40     0.00   0.00    0.00     4.00    0.00      0.00     0.00   0.00    0.00     0.00    0.00   0.08
loop0            0.00      0.00     0.00   0.00    0.00     0.00    0.00      0.00     0.00   0.00    0.00     0.00    0.00      0.00     0.00   0.00    0.00     0.00    0.00   0.00
loop1            0.00      0.00     0.00   0.00    0.00     0.00    0.00      0.00     0.00   0.00    0.00     0.00    0.00      0.00     0.00   0.00    0.00     0.00    0.00   0.00
loop2            0.00      0.00     0.00   0.00    0.00     0.00    0.00      0.00     0.00   0.00    0.00     0.00    0.00      0.00     0.00   0.00    0.00     0.00    0.00   0.00
loop3            0.00      0.00     0.00   0.00    0.00     0.00    0.00      0.00     0.00   0.00    0.00     0.00    0.00      0.00     0.00   0.00    0.00     0.00    0.00   0.00
loop4            0.00      0.00     0.00   0.00    0.00     0.00    0.00      0.00     0.00   0.00    0.00     0.00    0.00      0.00     0.00   0.00    0.00     0.00    0.00   0.00
loop5            0.00      0.00     0.00   0.00    0.00     0.00    0.00      0.00     0.00   0.00    0.00     0.00    0.00      0.00     0.00   0.00    0.00     0.00    0.00   0.00
loop6            0.00      0.00     0.00   0.00    0.00     0.00    0.00      0.00     0.00   0.00    0.00     0.00    0.00      0.00     0.00   0.00    0.00     0.00    0.00   0.00
loop7            0.00      0.00     0.00   0.00    0.00     0.00    0.00      0.00     0.00   0.00    0.00     0.00    0.00      0.00     0.00   0.00    0.00     0.00    0.00   0.00
md0           306363.40 4054493.60     0.00   0.00    0.00    13.23 4558.00 1790023.20     0.00   0.00    0.00   392.72    0.00      0.00     0.00   0.00    0.00     0.00    0.00   0.00
nvme0n1          0.00      0.00     0.00   0.00    0.00     0.00    0.40      6.40     1.20  75.00    0.00    16.00    0.00      0.00     0.00   0.00    0.00     0.00    0.00   0.08
nvme10n1      9880.00 125000.00    32.40   0.33    0.08    12.65  136.60  57743.20     6.20   4.34    0.29   422.72    0.00      0.00     0.00   0.00    0.00     0.00    0.00  99.52
nvme11n1      9806.80 125038.40    35.00   0.36    0.08    12.75  133.20  56098.40     6.20   4.45    0.29   421.16    0.00      0.00     0.00   0.00    0.00     0.00    0.00  99.60
nvme12n1      9731.00 124252.00    31.60   0.32    0.08    12.77  132.60  56204.00     6.80   4.88    0.30   423.86    0.00      0.00     0.00   0.00    0.00     0.00    0.00  99.36
nvme13n1      9709.20 124983.20    36.40   0.37    0.08    12.87  136.00  56293.60     9.20   6.34    0.32   413.92    0.00      0.00     0.00   0.00    0.00     0.00    0.00  99.28
nvme14n1      9780.00 124429.60    32.80   0.33    0.08    12.72  130.20  55988.00     6.40   4.69    0.31   430.02    0.00      0.00     0.00   0.00    0.00     0.00    0.00  99.60
nvme15n1      9733.00 124292.80    37.00   0.38    0.08    12.77  131.80  54566.40    10.20   7.18    0.30   414.01    0.00      0.00     0.00   0.00    0.00     0.00    0.00  99.52
nvme16n1      9670.40 124309.60    33.40   0.34    0.08    12.85  126.80  53277.60     7.20   5.37    0.32   420.17    0.00      0.00     0.00   0.00    0.00     0.00    0.00  99.28
nvme17n1      9770.00 125246.40    39.40   0.40    0.08    12.82  125.80  52779.20    10.40   7.64    0.29   419.55    0.00      0.00     0.00   0.00    0.00     0.00    0.00  99.28
nvme18n1      9854.60 126640.00    33.60   0.34    0.08    12.85  125.60  52674.40     8.00   5.99    0.32   419.38    0.00      0.00     0.00   0.00    0.00     0.00    0.00  99.60
nvme19n1      9765.40 125404.80    37.80   0.39    0.08    12.84  126.00  53304.00     9.20   6.80    0.31   423.05    0.00      0.00     0.00   0.00    0.00     0.00    0.00  99.52
nvme1n1       9947.20 126670.40    36.60   0.37    0.07    12.73  131.80  55313.60     8.80   6.26    0.17   419.68    0.00      0.00     0.00   0.00    0.00     0.00    0.00  99.68
nvme20n1      9829.40 125546.40    33.20   0.34    0.08    12.77  125.60  53537.60     7.60   5.71    0.33   426.25    0.00      0.00     0.00   0.00    0.00     0.00    0.00  99.44
nvme21n1      9778.80 124744.00    37.00   0.38    0.08    12.76  129.20  55529.60     8.20   5.97    0.30   429.80    0.00      0.00     0.00   0.00    0.00     0.00    0.00  99.68
nvme22n1      10023.80 126653.60    34.00   0.34    0.08    12.64  133.60  55892.00     7.00   4.98    0.30   418.35    0.00      0.00     0.00   0.00    0.00     0.00    0.00  99.44
nvme23n1      10010.20 126281.60    36.40   0.36    0.08    12.62  131.20  56395.20     8.80   6.29    0.28   429.84    0.00      0.00     0.00   0.00    0.00     0.00    0.00  99.68
nvme24n1      10083.60 127179.20    34.80   0.34    0.07    12.61  134.40  57397.60     6.00   4.27    0.30   427.07    0.00      0.00     0.00   0.00    0.00     0.00    0.00  99.68
nvme25n1      10002.60 125076.80    36.20   0.36    0.08    12.50  131.40  55992.80     7.80   5.60    0.31   426.12    0.00      0.00     0.00   0.00    0.00     0.00    0.00  99.60
nvme26n1      9987.60 124875.20    33.80   0.34    0.08    12.50  130.80  55456.80     8.00   5.76    0.31   423.98    0.00      0.00     0.00   0.00    0.00     0.00    0.00  99.52
nvme27n1      9904.20 124598.40    34.20   0.34    0.07    12.58  132.60  55540.80     6.00   4.33    0.16   418.86    0.00      0.00     0.00   0.00    0.00     0.00    0.00  99.36
nvme28n1      10022.20 125415.20    34.80   0.35    0.08    12.51  129.00  54081.60    10.80   7.73    0.31   419.24    0.00      0.00     0.00   0.00    0.00     0.00    0.00  99.44
nvme29n1      9929.60 126258.40    36.00   0.36    0.08    12.72  126.60  54116.00     7.40   5.52    0.31   427.46    0.00      0.00     0.00   0.00    0.00     0.00    0.00  99.36
nvme2n1       9917.00 125813.60    36.40   0.37    0.08    12.69  145.40  55203.20     8.00   5.22    0.30   379.66    0.00      0.00     0.00   0.00    0.00     0.00    0.00  99.60
nvme30n1      10004.60 127256.80    36.40   0.36    0.08    12.72  129.00  54174.40     8.80   6.39    0.29   419.96    0.00      0.00     0.00   0.00    0.00     0.00    0.00  99.52
nvme31n1      9999.20 127396.00    36.40   0.36    0.08    12.74  131.00  55133.60     7.80   5.62    0.30   420.87    0.00      0.00     0.00   0.00    0.00     0.00    0.00  99.44
nvme3n1       9796.60 124560.00    36.80   0.37    0.07    12.71  134.00  55899.20     6.80   4.83    0.31   417.16    0.00      0.00     0.00   0.00    0.00     0.00    0.00  99.44
nvme4n1       9733.20 122927.20    34.00   0.35    0.08    12.63  132.40  56656.80     7.40   5.29    0.31   427.92    0.00      0.00     0.00   0.00    0.00     0.00    0.00  99.28
nvme5n1       9727.40 122725.60    35.60   0.36    0.08    12.62  135.40  56864.80     6.40   4.51    0.31   419.98    0.00      0.00     0.00   0.00    0.00     0.00    0.00  99.36
nvme6n1       9659.00 122632.00    32.80   0.34    0.08    12.70  190.20  56872.80    11.40   5.65    0.23   299.02    0.00      0.00     0.00   0.00    0.00     0.00    0.00  99.44
nvme7n1       9724.00 122606.40    35.20   0.36    0.08    12.61  136.00  56768.80     8.20   5.69    0.32   417.42    0.00      0.00     0.00   0.00    0.00     0.00    0.00  99.36
nvme8n1       9727.00 122871.20    32.40   0.33    0.08    12.63  173.60  57048.00    26.40  13.20    0.24   328.62    0.00      0.00     0.00   0.00    0.00     0.00    0.00  99.60
nvme9n1       9765.20 123320.80    35.40   0.36    0.08    12.63  162.60  57433.60    27.80  14.60    0.27   353.22    0.00      0.00     0.00   0.00    0.00     0.00    0.00  99.36


Device            r/s     rkB/s   rrqm/s  %rrqm r_await rareq-sz     w/s     wkB/s   wrqm/s  %wrqm w_await wareq-sz     d/s     dkB/s   drqm/s  %drqm d_await dareq-sz  aqu-sz  %util
dm-0             0.00      0.00     0.00   0.00    0.00     0.00    2.80     22.40     0.00   0.00    0.00     8.00    0.00      0.00     0.00   0.00    0.00     0.00    0.00   0.16
loop0            0.00      0.00     0.00   0.00    0.00     0.00    0.00      0.00     0.00   0.00    0.00     0.00    0.00      0.00     0.00   0.00    0.00     0.00    0.00   0.00
loop1            0.00      0.00     0.00   0.00    0.00     0.00    0.00      0.00     0.00   0.00    0.00     0.00    0.00      0.00     0.00   0.00    0.00     0.00    0.00   0.00
loop2            0.00      0.00     0.00   0.00    0.00     0.00    0.00      0.00     0.00   0.00    0.00     0.00    0.00      0.00     0.00   0.00    0.00     0.00    0.00   0.00
loop3            0.00      0.00     0.00   0.00    0.00     0.00    0.00      0.00     0.00   0.00    0.00     0.00    0.00      0.00     0.00   0.00    0.00     0.00    0.00   0.00
loop4            0.00      0.00     0.00   0.00    0.00     0.00    0.00      0.00     0.00   0.00    0.00     0.00    0.00      0.00     0.00   0.00    0.00     0.00    0.00   0.00
loop5            0.00      0.00     0.00   0.00    0.00     0.00    0.00      0.00     0.00   0.00    0.00     0.00    0.00      0.00     0.00   0.00    0.00     0.00    0.00   0.00
loop6            0.00      0.00     0.00   0.00    0.00     0.00    0.00      0.00     0.00   0.00    0.00     0.00    0.00      0.00     0.00   0.00    0.00     0.00    0.00   0.00
loop7            0.00      0.00     0.00   0.00    0.00     0.00    0.00      0.00     0.00   0.00    0.00     0.00    0.00      0.00     0.00   0.00    0.00     0.00    0.00   0.00
md0           245347.80 4915551.20     0.00   0.00    0.00    20.04 7404.40 3022559.20     0.00   0.00    0.00   408.21    0.00      0.00     0.00   0.00    0.00     0.00    0.00   0.00
nvme0n1          0.00      0.00     0.00   0.00    0.00     0.00    1.20     22.40     1.60  57.14    0.00    18.67    0.00      0.00     0.00   0.00    0.00     0.00    0.00   0.16
nvme10n1      7892.40 150618.40    61.80   0.78    0.08    19.08  220.40  92837.60     8.00   3.50    0.31   421.22    0.00      0.00     0.00   0.00    0.00     0.00    0.00  97.60
nvme11n1      7717.00 146892.80    53.60   0.69    0.08    19.03  220.80  91503.20    11.20   4.83    0.30   414.42    0.00      0.00     0.00   0.00    0.00     0.00    0.00  96.80
nvme12n1      7731.00 146850.40    58.20   0.75    0.08    19.00  221.60  91968.80     8.00   3.48    0.32   415.02    0.00      0.00     0.00   0.00    0.00     0.00    0.00  96.80
nvme13n1      7762.60 147346.40    52.80   0.68    0.08    18.98  223.80  92652.80     7.00   3.03    0.36   414.00    0.00      0.00     0.00   0.00    0.00     0.00    0.00  97.52
nvme14n1      7667.80 145592.80    56.40   0.73    0.08    18.99  219.40  89881.60     7.40   3.26    0.32   409.67    0.00      0.00     0.00   0.00    0.00     0.00    0.00  96.88
nvme15n1      7848.20 146229.60    51.60   0.65    0.08    18.63  220.40  90232.80     8.80   3.84    0.32   409.40    0.00      0.00     0.00   0.00    0.00     0.00    0.00  97.28
nvme16n1      7744.80 143902.40    54.80   0.70    0.08    18.58  222.20  89428.00     7.80   3.39    0.34   402.47    0.00      0.00     0.00   0.00    0.00     0.00    0.00  97.52
nvme17n1      7695.40 143816.80    51.40   0.66    0.08    18.69  216.00  89447.20     5.80   2.61    0.31   414.11    0.00      0.00     0.00   0.00    0.00     0.00    0.00  97.36
nvme18n1      7743.00 146304.80    55.00   0.71    0.08    18.90  215.80  90652.80     8.20   3.66    0.36   420.08    0.00      0.00     0.00   0.00    0.00     0.00    0.00  96.88
nvme19n1      7787.00 146992.80    52.20   0.67    0.08    18.88  218.20  89931.20     6.20   2.76    0.34   412.15    0.00      0.00     0.00   0.00    0.00     0.00    0.00  96.56
nvme1n1       7860.00 148348.00    55.80   0.70    0.08    18.87  218.20  91516.00    11.40   4.97    0.17   419.41    0.00      0.00     0.00   0.00    0.00     0.00    0.00  97.04
nvme20n1      7798.40 147649.60    57.20   0.73    0.08    18.93  215.20  89489.60     9.00   4.01    0.35   415.84    0.00      0.00     0.00   0.00    0.00     0.00    0.00  97.76
nvme21n1      7930.20 150104.80    53.60   0.67    0.08    18.93  213.80  89215.20    10.00   4.47    0.30   417.28    0.00      0.00     0.00   0.00    0.00     0.00    0.00  97.76
nvme22n1      7861.00 150639.20    58.20   0.73    0.08    19.16  215.80  90278.40     9.20   4.09    0.32   418.34    0.00      0.00     0.00   0.00    0.00     0.00    0.00  98.16
nvme23n1      7924.60 152468.80    55.00   0.69    0.08    19.24  217.80  90720.00     7.80   3.46    0.29   416.53    0.00      0.00     0.00   0.00    0.00     0.00    0.00  97.76
nvme24n1      7854.20 152016.00    58.80   0.74    0.08    19.35  216.60  91276.80     7.60   3.39    0.32   421.41    0.00      0.00     0.00   0.00    0.00     0.00    0.00  97.52
nvme25n1      7841.00 151115.20    55.60   0.70    0.08    19.27  218.40  91311.20     8.40   3.70    0.32   418.09    0.00      0.00     0.00   0.00    0.00     0.00    0.00  97.60
nvme26n1      7920.20 151276.80    58.40   0.73    0.08    19.10  221.00  92066.40     9.40   4.08    0.33   416.59    0.00      0.00     0.00   0.00    0.00     0.00    0.00  98.16
nvme27n1      7837.00 150316.00    53.80   0.68    0.08    19.18  223.60  92199.20     8.60   3.70    0.17   412.34    0.00      0.00     0.00   0.00    0.00     0.00    0.00  97.44
nvme28n1      7984.80 151916.80    56.60   0.70    0.08    19.03  221.60  91984.80    10.00   4.32    0.34   415.09    0.00      0.00     0.00   0.00    0.00     0.00    0.00  97.68
nvme29n1      7823.20 149584.80    56.00   0.71    0.08    19.12  220.60  91609.60     7.60   3.33    0.32   415.27    0.00      0.00     0.00   0.00    0.00     0.00    0.00  97.84
nvme2n1       7925.60 148994.40    55.40   0.69    0.08    18.80  234.00  92130.40     9.60   3.94    0.33   393.72    0.00      0.00     0.00   0.00    0.00     0.00    0.00  97.36
nvme30n1      7826.00 147765.60    56.00   0.71    0.08    18.88  221.80  92227.20    10.60   4.56    0.30   415.81    0.00      0.00     0.00   0.00    0.00     0.00    0.00  97.28
nvme31n1      7873.80 149264.00    53.80   0.68    0.08    18.96  220.00  92358.40     6.60   2.91    0.31   419.81    0.00      0.00     0.00   0.00    0.00     0.00    0.00  97.28
nvme3n1       7923.60 150906.40    56.80   0.71    0.08    19.05  220.40  92577.60     9.40   4.09    0.35   420.04    0.00      0.00     0.00   0.00    0.00     0.00    0.00  97.04
nvme4n1       8016.40 152217.60    59.40   0.74    0.08    18.99  221.60  91584.00    10.00   4.32    0.33   413.29    0.00      0.00     0.00   0.00    0.00     0.00    0.00  97.12
nvme5n1       8019.40 153607.20    57.80   0.72    0.08    19.15  219.20  92111.20    10.20   4.45    0.33   420.22    0.00      0.00     0.00   0.00    0.00     0.00    0.00  97.28
nvme6n1       8038.00 152054.40    61.20   0.76    0.08    18.92  311.00  92445.60    15.20   4.66    0.24   297.25    0.00      0.00     0.00   0.00    0.00     0.00    0.00  97.92
nvme7n1       7995.60 152253.60    54.00   0.67    0.08    19.04  222.40  91768.00    11.00   4.71    0.34   412.63    0.00      0.00     0.00   0.00    0.00     0.00    0.00  97.60
nvme8n1       7945.00 150964.80    61.60   0.77    0.08    19.00  263.40  92634.40    23.80   8.29    0.26   351.69    0.00      0.00     0.00   0.00    0.00     0.00    0.00  97.60
nvme9n1       7824.40 148458.40    54.20   0.69    0.08    18.97  261.60  91768.80    33.20  11.26    0.29   350.80    0.00      0.00     0.00   0.00    0.00     0.00    0.00  97.04


Device            r/s     rkB/s   rrqm/s  %rrqm r_await rareq-sz     w/s     wkB/s   wrqm/s  %wrqm w_await wareq-sz     d/s     dkB/s   drqm/s  %drqm d_await dareq-sz  aqu-sz  %util
dm-0             0.00      0.00     0.00   0.00    0.00     0.00    2.60     10.40     0.00   0.00    0.00     4.00    0.00      0.00     0.00   0.00    0.00     0.00    0.00   0.08
loop0            0.00      0.00     0.00   0.00    0.00     0.00    0.00      0.00     0.00   0.00    0.00     0.00    0.00      0.00     0.00   0.00    0.00     0.00    0.00   0.00
loop1            0.00      0.00     0.00   0.00    0.00     0.00    0.00      0.00     0.00   0.00    0.00     0.00    0.00      0.00     0.00   0.00    0.00     0.00    0.00   0.00
loop2            0.00      0.00     0.00   0.00    0.00     0.00    0.00      0.00     0.00   0.00    0.00     0.00    0.00      0.00     0.00   0.00    0.00     0.00    0.00   0.00
loop3            0.00      0.00     0.00   0.00    0.00     0.00    0.00      0.00     0.00   0.00    0.00     0.00    0.00      0.00     0.00   0.00    0.00     0.00    0.00   0.00
loop4            0.00      0.00     0.00   0.00    0.00     0.00    0.00      0.00     0.00   0.00    0.00     0.00    0.00      0.00     0.00   0.00    0.00     0.00    0.00   0.00
loop5            0.00      0.00     0.00   0.00    0.00     0.00    0.00      0.00     0.00   0.00    0.00     0.00    0.00      0.00     0.00   0.00    0.00     0.00    0.00   0.00
loop6            0.00      0.00     0.00   0.00    0.00     0.00    0.00      0.00     0.00   0.00    0.00     0.00    0.00      0.00     0.00   0.00    0.00     0.00    0.00   0.00
loop7            0.00      0.00     0.00   0.00    0.00     0.00    0.00      0.00     0.00   0.00    0.00     0.00    0.00      0.00     0.00   0.00    0.00     0.00    0.00   0.00
md0           235364.20 5000536.00     0.00   0.00    0.00    21.25 7098.60 3136493.60     0.00   0.00    0.00   441.85    0.00      0.00     0.00   0.00    0.00     0.00    0.00   0.00
nvme0n1          0.00      0.00     0.00   0.00    0.00     0.00    0.40     10.40     2.20  84.62    0.00    26.00    0.00      0.00     0.00   0.00    0.00     0.00    0.00   0.08
nvme10n1      7642.40 153220.00    64.80   0.84    0.08    20.05  206.60  92781.60     4.00   1.90    0.30   449.09    0.00      0.00     0.00   0.00    0.00     0.00    0.00  97.60
nvme11n1      7534.80 151069.60    61.00   0.80    0.08    20.05  210.60  94307.20     4.00   1.86    0.31   447.80    0.00      0.00     0.00   0.00    0.00     0.00    0.00  96.72
nvme12n1      7633.40 153709.60    66.80   0.87    0.08    20.14  214.40  96530.40     4.40   2.01    0.32   450.24    0.00      0.00     0.00   0.00    0.00     0.00    0.00  97.60
nvme13n1      7520.40 153847.20    65.20   0.86    0.09    20.46  216.60  96910.40     4.60   2.08    0.36   447.42    0.00      0.00     0.00   0.00    0.00     0.00    0.00  97.28
nvme14n1      7504.60 152259.20    62.80   0.83    0.08    20.29  214.40  96698.40     4.20   1.92    0.33   451.02    0.00      0.00     0.00   0.00    0.00     0.00    0.00  96.40
nvme15n1      7530.40 152307.20    64.00   0.84    0.08    20.23  218.40  98048.80     4.40   1.97    0.32   448.94    0.00      0.00     0.00   0.00    0.00     0.00    0.00  97.20
nvme16n1      7504.80 152453.60    63.40   0.84    0.08    20.31  228.40  98749.60     4.20   1.81    0.34   432.35    0.00      0.00     0.00   0.00    0.00     0.00    0.00  97.28
nvme17n1      7517.40 153612.00    66.40   0.88    0.08    20.43  215.80  96990.40     4.40   2.00    0.32   449.45    0.00      0.00     0.00   0.00    0.00     0.00    0.00  96.96
nvme18n1      7481.40 153637.60    66.60   0.88    0.08    20.54  216.20  96808.00     4.60   2.08    0.36   447.77    0.00      0.00     0.00   0.00    0.00     0.00    0.00  96.32
nvme19n1      7453.40 152049.60    64.40   0.86    0.08    20.40  215.00  95868.80     4.60   2.09    0.35   445.90    0.00      0.00     0.00   0.00    0.00     0.00    0.00  97.44
nvme1n1       7399.40 146589.60    59.80   0.80    0.08    19.81  214.60  94568.00     4.40   2.01    0.17   440.67    0.00      0.00     0.00   0.00    0.00     0.00    0.00  97.92
nvme20n1      7472.60 151883.20    64.20   0.85    0.08    20.33  217.60  97012.00     4.60   2.07    0.36   445.83    0.00      0.00     0.00   0.00    0.00     0.00    0.00  96.64
nvme21n1      7499.20 150704.80    65.40   0.86    0.08    20.10  217.60  97122.40     4.60   2.07    0.31   446.33    0.00      0.00     0.00   0.00    0.00     0.00    0.00  97.20
nvme22n1      7528.20 152501.60    63.60   0.84    0.08    20.26  219.00  97657.60     5.00   2.23    0.33   445.93    0.00      0.00     0.00   0.00    0.00     0.00    0.00  97.28
nvme23n1      7591.80 153124.00    66.40   0.87    0.08    20.17  219.00  98516.00     5.00   2.23    0.30   449.84    0.00      0.00     0.00   0.00    0.00     0.00    0.00  96.88
nvme24n1      7592.60 153036.00    64.40   0.84    0.08    20.16  224.80 100012.00     5.20   2.26    0.33   444.89    0.00      0.00     0.00   0.00    0.00     0.00    0.00  97.20
nvme25n1      7584.60 151384.00    68.40   0.89    0.08    19.96  226.20 100415.20     5.20   2.25    0.34   443.92    0.00      0.00     0.00   0.00    0.00     0.00    0.00  96.72
nvme26n1      7549.40 150224.80    65.00   0.85    0.08    19.90  223.40  99626.40     4.80   2.10    0.34   445.96    0.00      0.00     0.00   0.00    0.00     0.00    0.00  97.44
nvme27n1      7565.80 150127.20    67.00   0.88    0.08    19.84  219.00  97488.00     5.20   2.32    0.18   445.15    0.00      0.00     0.00   0.00    0.00     0.00    0.00  96.64
nvme28n1      7588.40 150423.20    62.20   0.81    0.08    19.82  220.00  97245.60     4.80   2.14    0.34   442.03    0.00      0.00     0.00   0.00    0.00     0.00    0.00  98.00
nvme29n1      7511.20 149605.60    69.00   0.91    0.08    19.92  218.60  96616.80     5.00   2.24    0.33   441.98    0.00      0.00     0.00   0.00    0.00     0.00    0.00  97.44
nvme2n1       7442.00 147429.60    62.60   0.83    0.08    19.81  231.40  93363.20     6.40   2.69    0.33   403.47    0.00      0.00     0.00   0.00    0.00     0.00    0.00  97.20
nvme30n1      7431.00 148029.60    62.00   0.83    0.08    19.92  217.60  95606.40     4.80   2.16    0.30   439.37    0.00      0.00     0.00   0.00    0.00     0.00    0.00  98.08
nvme31n1      7560.00 149220.80    63.60   0.83    0.08    19.74  215.80  95715.20     4.60   2.09    0.32   443.54    0.00      0.00     0.00   0.00    0.00     0.00    0.00  97.36
nvme3n1       7480.40 148456.00    59.00   0.78    0.08    19.85  213.60  93583.20     4.40   2.02    0.35   438.12    0.00      0.00     0.00   0.00    0.00     0.00    0.00  97.12
nvme4n1       7469.80 149130.40    62.80   0.83    0.08    19.96  210.80  93431.20     4.80   2.23    0.33   443.22    0.00      0.00     0.00   0.00    0.00     0.00    0.00  97.44
nvme5n1       7516.40 150648.00    60.00   0.79    0.08    20.04  210.20  93660.00     4.40   2.05    0.34   445.58    0.00      0.00     0.00   0.00    0.00     0.00    0.00  97.36
nvme6n1       7535.40 151837.60    65.60   0.86    0.08    20.15  278.40  93876.00     6.40   2.25    0.26   337.20    0.00      0.00     0.00   0.00    0.00     0.00    0.00  97.92
nvme7n1       7523.20 151016.80    63.20   0.83    0.08    20.07  210.60  93212.80     4.20   1.96    0.37   442.61    0.00      0.00     0.00   0.00    0.00     0.00    0.00  97.28
nvme8n1       7634.00 152649.60    65.00   0.84    0.08    20.00  237.40  93997.60     4.00   1.66    0.28   395.95    0.00      0.00     0.00   0.00    0.00     0.00    0.00  97.20
nvme9n1       7575.00 150862.40    63.20   0.83    0.08    19.92  255.20  91921.60     4.00   1.54    0.28   360.19    0.00      0.00     0.00   0.00    0.00     0.00    0.00  96.96


Device            r/s     rkB/s   rrqm/s  %rrqm r_await rareq-sz     w/s     wkB/s   wrqm/s  %wrqm w_await wareq-sz     d/s     dkB/s   drqm/s  %drqm d_await dareq-sz  aqu-sz  %util
dm-0             0.00      0.00     0.00   0.00    0.00     0.00   13.00     56.00     0.00   0.00    0.00     4.31    0.00      0.00     0.00   0.00    0.00     0.00    0.00   0.16
loop0            0.00      0.00     0.00   0.00    0.00     0.00    0.00      0.00     0.00   0.00    0.00     0.00    0.00      0.00     0.00   0.00    0.00     0.00    0.00   0.00
loop1            0.00      0.00     0.00   0.00    0.00     0.00    0.00      0.00     0.00   0.00    0.00     0.00    0.00      0.00     0.00   0.00    0.00     0.00    0.00   0.00
loop2            0.00      0.00     0.00   0.00    0.00     0.00    0.00      0.00     0.00   0.00    0.00     0.00    0.00      0.00     0.00   0.00    0.00     0.00    0.00   0.00
loop3            0.00      0.00     0.00   0.00    0.00     0.00    0.00      0.00     0.00   0.00    0.00     0.00    0.00      0.00     0.00   0.00    0.00     0.00    0.00   0.00
loop4            0.00      0.00     0.00   0.00    0.00     0.00    0.00      0.00     0.00   0.00    0.00     0.00    0.00      0.00     0.00   0.00    0.00     0.00    0.00   0.00
loop5            0.00      0.00     0.00   0.00    0.00     0.00    0.00      0.00     0.00   0.00    0.00     0.00    0.00      0.00     0.00   0.00    0.00     0.00    0.00   0.00
loop6            0.00      0.00     0.00   0.00    0.00     0.00    0.00      0.00     0.00   0.00    0.00     0.00    0.00      0.00     0.00   0.00    0.00     0.00    0.00   0.00
loop7            0.00      0.00     0.00   0.00    0.00     0.00    0.00      0.00     0.00   0.00    0.00     0.00    0.00      0.00     0.00   0.00    0.00     0.00    0.00   0.00
md0           279546.40 3111194.40     0.00   0.00    0.00    11.13 2693.40 1111514.40     0.00   0.00    0.00   412.68    0.00      0.00     0.00   0.00    0.00     0.00    0.00   0.00
nvme0n1          0.00      0.00     0.00   0.00    0.00     0.00   11.20     56.00     1.80  13.85    0.05     5.00    0.00      0.00     0.00   0.00    0.00     0.00    0.00   0.16
nvme10n1      8987.60  95106.40    17.60   0.20    0.07    10.58   72.40  31062.40     4.00   5.24    0.27   429.04    0.00      0.00     0.00   0.00    0.00     0.00    0.00  94.88
nvme11n1      9083.20  96108.00    14.80   0.16    0.07    10.58   74.40  31326.40     5.80   7.23    0.26   421.05    0.00      0.00     0.00   0.00    0.00     0.00    0.00  94.96
nvme12n1      8942.00  94688.80    17.40   0.19    0.07    10.59   72.40  30979.20     4.20   5.48    0.28   427.89    0.00      0.00     0.00   0.00    0.00     0.00    0.00  95.04
nvme13n1      9094.80  96056.00    15.20   0.17    0.07    10.56   77.80  32728.80     4.20   5.12    0.30   420.68    0.00      0.00     0.00   0.00    0.00     0.00    0.00  95.76
nvme14n1      9031.20  95439.20    18.00   0.20    0.07    10.57   78.20  32530.40     4.20   5.10    0.28   415.99    0.00      0.00     0.00   0.00    0.00     0.00    0.00  95.36
nvme15n1      8942.00  94316.00    14.60   0.16    0.07    10.55   78.20  32609.60     4.60   5.56    0.28   417.00    0.00      0.00     0.00   0.00    0.00     0.00    0.00  95.60
nvme16n1      9017.20  94904.80    17.40   0.19    0.07    10.52   78.60  32572.80     2.40   2.96    0.30   414.41    0.00      0.00     0.00   0.00    0.00     0.00    0.00  94.96
nvme17n1      8803.80  92416.80    15.20   0.17    0.07    10.50   79.80  32206.40     5.40   6.34    0.26   403.59    0.00      0.00     0.00   0.00    0.00     0.00    0.00  95.36
nvme18n1      8892.00  92947.20    16.20   0.18    0.07    10.45   77.00  31901.60     4.40   5.41    0.30   414.31    0.00      0.00     0.00   0.00    0.00     0.00    0.00  95.44
nvme19n1      8898.80  93948.80    14.60   0.16    0.07    10.56   78.80  32670.40     5.60   6.64    0.29   414.60    0.00      0.00     0.00   0.00    0.00     0.00    0.00  95.92
nvme1n1       8906.40  95664.80    16.20   0.18    0.07    10.74   77.80  32352.00     5.00   6.04    0.16   415.84    0.00      0.00     0.00   0.00    0.00     0.00    0.00  96.08
nvme20n1      8988.20  95007.20    17.80   0.20    0.07    10.57   79.20  33462.40     4.20   5.04    0.31   422.51    0.00      0.00     0.00   0.00    0.00     0.00    0.00  95.60
nvme21n1      8892.20  94732.00    16.00   0.18    0.07    10.65   78.00  32505.60     4.80   5.80    0.27   416.74    0.00      0.00     0.00   0.00    0.00     0.00    0.00  95.60
nvme22n1      8943.40  95603.20    19.40   0.22    0.07    10.69   79.00  32908.80     3.20   3.89    0.28   416.57    0.00      0.00     0.00   0.00    0.00     0.00    0.00  96.08
nvme23n1      9001.80  96428.00    16.60   0.18    0.07    10.71   79.00  32842.40     4.00   4.82    0.26   415.73    0.00      0.00     0.00   0.00    0.00     0.00    0.00  95.20
nvme24n1      9161.00  98888.00    19.00   0.21    0.07    10.79   78.40  33380.80     3.20   3.92    0.29   425.78    0.00      0.00     0.00   0.00    0.00     0.00    0.00  95.52
nvme25n1      9136.40  99178.40    17.60   0.19    0.07    10.86   77.80  32628.80     4.00   4.89    0.28   419.39    0.00      0.00     0.00   0.00    0.00     0.00    0.00  95.76
nvme26n1      9233.00  99111.20    19.20   0.21    0.07    10.73   78.00  32919.20     3.80   4.65    0.27   422.04    0.00      0.00     0.00   0.00    0.00     0.00    0.00  95.76
nvme27n1      9081.60  97895.20    17.60   0.19    0.07    10.78   78.80  32657.60     3.00   3.67    0.15   414.44    0.00      0.00     0.00   0.00    0.00     0.00    0.00  95.44
nvme28n1      9046.40  97684.00    17.60   0.19    0.07    10.80   76.80  32113.60     4.60   5.65    0.28   418.15    0.00      0.00     0.00   0.00    0.00     0.00    0.00  95.60
nvme29n1      9107.80  97812.00    16.80   0.18    0.07    10.74   77.60  32284.00     3.20   3.96    0.28   416.03    0.00      0.00     0.00   0.00    0.00     0.00    0.00  95.36
nvme2n1       8895.00  95407.20    17.20   0.19    0.07    10.73   89.00  32796.00     6.00   6.32    0.26   368.49    0.00      0.00     0.00   0.00    0.00     0.00    0.00  95.84
nvme30n1      9073.80  97296.00    17.00   0.19    0.07    10.72   77.60  32379.20     3.80   4.67    0.27   417.26    0.00      0.00     0.00   0.00    0.00     0.00    0.00  96.00
nvme31n1      9049.40  97003.20    17.20   0.19    0.07    10.72   78.20  32284.80     4.40   5.33    0.28   412.85    0.00      0.00     0.00   0.00    0.00     0.00    0.00  94.40
nvme3n1       8973.60  96216.00    17.40   0.19    0.07    10.72   80.00  33556.00     4.60   5.44    0.30   419.45    0.00      0.00     0.00   0.00    0.00     0.00    0.00  95.60
nvme4n1       8944.60  96146.40    17.00   0.19    0.07    10.75   80.60  33814.40     6.20   7.14    0.28   419.53    0.00      0.00     0.00   0.00    0.00     0.00    0.00  94.96
nvme5n1       9024.80  96088.80    17.00   0.19    0.07    10.65   77.80  33013.60     4.80   5.81    0.29   424.34    0.00      0.00     0.00   0.00    0.00     0.00    0.00  95.04
nvme6n1       9001.40  96224.00    17.00   0.19    0.07    10.69  116.80  32552.80     7.20   5.81    0.20   278.71    0.00      0.00     0.00   0.00    0.00     0.00    0.00  94.96
nvme7n1       8950.40  96103.20    16.20   0.18    0.07    10.74   75.60  32268.00     7.40   8.92    0.30   426.83    0.00      0.00     0.00   0.00    0.00     0.00    0.00  95.84
nvme8n1       8927.80  95320.00    17.60   0.20    0.07    10.68   98.40  31701.60    10.60   9.72    0.21   322.17    0.00      0.00     0.00   0.00    0.00     0.00    0.00  95.60
nvme9n1       8978.80  95846.40    15.60   0.17    0.07    10.67   86.60  31344.80    25.40  22.68    0.27   361.95    0.00      0.00     0.00   0.00    0.00     0.00    0.00  95.04


Device            r/s     rkB/s   rrqm/s  %rrqm r_await rareq-sz     w/s     wkB/s   wrqm/s  %wrqm w_await wareq-sz     d/s     dkB/s   drqm/s  %drqm d_await dareq-sz  aqu-sz  %util
dm-0             0.00      0.00     0.00   0.00    0.00     0.00    3.40     23.20     0.00   0.00    0.00     6.82    0.00      0.00     0.00   0.00    0.00     0.00    0.00   0.16
loop0            0.00      0.00     0.00   0.00    0.00     0.00    0.00      0.00     0.00   0.00    0.00     0.00    0.00      0.00     0.00   0.00    0.00     0.00    0.00   0.00
loop1            0.00      0.00     0.00   0.00    0.00     0.00    0.00      0.00     0.00   0.00    0.00     0.00    0.00      0.00     0.00   0.00    0.00     0.00    0.00   0.00
loop2            0.00      0.00     0.00   0.00    0.00     0.00    0.00      0.00     0.00   0.00    0.00     0.00    0.00      0.00     0.00   0.00    0.00     0.00    0.00   0.00
loop3            0.00      0.00     0.00   0.00    0.00     0.00    0.00      0.00     0.00   0.00    0.00     0.00    0.00      0.00     0.00   0.00    0.00     0.00    0.00   0.00
loop4            0.00      0.00     0.00   0.00    0.00     0.00    0.00      0.00     0.00   0.00    0.00     0.00    0.00      0.00     0.00   0.00    0.00     0.00    0.00   0.00
loop5            0.00      0.00     0.00   0.00    0.00     0.00    0.00      0.00     0.00   0.00    0.00     0.00    0.00      0.00     0.00   0.00    0.00     0.00    0.00   0.00
loop6            0.00      0.00     0.00   0.00    0.00     0.00    0.00      0.00     0.00   0.00    0.00     0.00    0.00      0.00     0.00   0.00    0.00     0.00    0.00   0.00
loop7            0.00      0.00     0.00   0.00    0.00     0.00    0.00      0.00     0.00   0.00    0.00     0.00    0.00      0.00     0.00   0.00    0.00     0.00    0.00   0.00
md0           172804.20 4269916.00     0.00   0.00    0.00    24.71 7253.20 2816059.20     0.00   0.00    0.00   388.25    0.00      0.00     0.00   0.00    0.00     0.00    0.00   0.00
nvme0n1          0.00      0.00     0.00   0.00    0.00     0.00    0.80     23.20     2.60  76.47    0.00    29.00    0.00      0.00     0.00   0.00    0.00     0.00    0.00   0.16
nvme10n1      5617.00 131638.40    63.20   1.11    0.09    23.44  226.80  89060.00     3.00   1.31    0.32   392.68    0.00      0.00     0.00   0.00    0.00     0.00    0.00  86.40
nvme11n1      5573.60 131501.60    65.00   1.15    0.09    23.59  227.00  88884.00     3.20   1.39    0.31   391.56    0.00      0.00     0.00   0.00    0.00     0.00    0.00  88.80
nvme12n1      5559.20 129950.40    66.00   1.17    0.09    23.38  224.60  87732.80     3.60   1.58    0.32   390.62    0.00      0.00     0.00   0.00    0.00     0.00    0.00  87.36
nvme13n1      5502.80 129388.80    62.80   1.13    0.09    23.51  221.60  86844.80     3.40   1.51    0.38   391.90    0.00      0.00     0.00   0.00    0.00     0.00    0.00  87.60
nvme14n1      5486.80 129813.60    62.20   1.12    0.09    23.66  225.40  88324.00     3.20   1.40    0.33   391.85    0.00      0.00     0.00   0.00    0.00     0.00    0.00  88.00
nvme15n1      5606.80 130550.40    63.60   1.12    0.08    23.28  227.60  88314.40     3.00   1.30    0.33   388.02    0.00      0.00     0.00   0.00    0.00     0.00    0.00  87.60
nvme16n1      5504.80 129030.40    63.40   1.14    0.09    23.44  236.00  88511.20     2.80   1.17    0.34   375.05    0.00      0.00     0.00   0.00    0.00     0.00    0.00  87.36
nvme17n1      5511.20 128724.00    62.80   1.13    0.09    23.36  228.80  89618.40     2.60   1.12    0.32   391.69    0.00      0.00     0.00   0.00    0.00     0.00    0.00  87.60
nvme18n1      5503.80 128046.40    62.80   1.13    0.09    23.27  232.60  90500.00     2.60   1.11    0.36   389.08    0.00      0.00     0.00   0.00    0.00     0.00    0.00  87.68
nvme19n1      5425.60 127471.20    61.00   1.11    0.09    23.49  230.40  90188.80     2.80   1.20    0.36   391.44    0.00      0.00     0.00   0.00    0.00     0.00    0.00  86.16
nvme1n1       5479.20 125748.00    60.80   1.10    0.08    22.95  208.20  80916.80     3.20   1.51    0.17   388.65    0.00      0.00     0.00   0.00    0.00     0.00    0.00  84.80
nvme20n1      5471.40 127057.60    63.20   1.14    0.09    23.22  229.00  89388.80     2.40   1.04    0.37   390.34    0.00      0.00     0.00   0.00    0.00     0.00    0.00  88.72
nvme21n1      5432.20 124124.00    60.40   1.10    0.09    22.85  224.40  88437.60     2.60   1.15    0.31   394.11    0.00      0.00     0.00   0.00    0.00     0.00    0.00  87.68
nvme22n1      5415.00 125551.20    62.00   1.13    0.09    23.19  226.60  88071.20     2.40   1.05    0.34   388.66    0.00      0.00     0.00   0.00    0.00     0.00    0.00  86.96
nvme23n1      5469.40 126468.00    59.40   1.07    0.08    23.12  224.80  87772.80     2.80   1.23    0.29   390.45    0.00      0.00     0.00   0.00    0.00     0.00    0.00  86.96
nvme24n1      5496.20 128436.00    64.20   1.15    0.08    23.37  223.80  88355.20     2.60   1.15    0.34   394.80    0.00      0.00     0.00   0.00    0.00     0.00    0.00  86.80
nvme25n1      5461.80 126906.40    61.60   1.12    0.08    23.24  225.40  88580.00     2.60   1.14    0.34   392.99    0.00      0.00     0.00   0.00    0.00     0.00    0.00  87.28
nvme26n1      5449.20 128051.20    62.20   1.13    0.09    23.50  223.20  85956.00     2.40   1.06    0.32   385.11    0.00      0.00     0.00   0.00    0.00     0.00    0.00  86.96
nvme27n1      5479.80 128120.80    61.00   1.10    0.08    23.38  216.80  84529.60     2.60   1.19    0.18   389.90    0.00      0.00     0.00   0.00    0.00     0.00    0.00  87.84
nvme28n1      5591.20 128415.20    61.40   1.09    0.09    22.97  220.40  85124.00     2.60   1.17    0.35   386.23    0.00      0.00     0.00   0.00    0.00     0.00    0.00  87.52
nvme29n1      5501.20 126962.40    59.80   1.08    0.09    23.08  221.60  85306.40     2.60   1.16    0.32   384.96    0.00      0.00     0.00   0.00    0.00     0.00    0.00  87.60
nvme2n1       5450.20 125982.40    59.60   1.08    0.09    23.12  228.80  82784.00     4.80   2.05    0.34   361.82    0.00      0.00     0.00   0.00    0.00     0.00    0.00  87.44
nvme30n1      5532.20 127501.60    59.80   1.07    0.09    23.05  217.20  85089.60     2.40   1.09    0.31   391.76    0.00      0.00     0.00   0.00    0.00     0.00    0.00  87.92
nvme31n1      5466.80 126002.40    61.60   1.11    0.09    23.05  214.80  82320.00     2.80   1.29    0.32   383.24    0.00      0.00     0.00   0.00    0.00     0.00    0.00  86.08
nvme3n1       5463.60 126414.40    61.80   1.12    0.08    23.14  215.60  83252.00     2.80   1.28    0.35   386.14    0.00      0.00     0.00   0.00    0.00     0.00    0.00  87.36
nvme4n1       5468.20 127363.20    59.80   1.08    0.09    23.29  219.20  85073.60     3.00   1.35    0.34   388.11    0.00      0.00     0.00   0.00    0.00     0.00    0.00  87.04
nvme5n1       5565.00 128844.80    62.40   1.11    0.09    23.15  219.80  85768.80     2.60   1.17    0.35   390.21    0.00      0.00     0.00   0.00    0.00     0.00    0.00  86.88
nvme6n1       5502.00 128619.20    60.60   1.09    0.09    23.38  290.20  87460.80     5.20   1.76    0.27   301.38    0.00      0.00     0.00   0.00    0.00     0.00    0.00  88.00
nvme7n1       5652.00 129801.60    61.60   1.08    0.09    22.97  223.60  87564.80     2.80   1.24    0.35   391.61    0.00      0.00     0.00   0.00    0.00     0.00    0.00  89.36
nvme8n1       5651.00 131559.20    64.80   1.13    0.09    23.28  251.80  88844.80     2.60   1.02    0.29   352.84    0.00      0.00     0.00   0.00    0.00     0.00    0.00  88.24
nvme9n1       5605.80 130463.20    61.20   1.08    0.09    23.27  272.00  89670.40     2.80   1.02    0.30   329.67    0.00      0.00     0.00   0.00    0.00     0.00    0.00  89.04


Device            r/s     rkB/s   rrqm/s  %rrqm r_await rareq-sz     w/s     wkB/s   wrqm/s  %wrqm w_await wareq-sz     d/s     dkB/s   drqm/s  %drqm d_await dareq-sz  aqu-sz  %util
dm-0             0.00      0.00     0.00   0.00    0.00     0.00    2.40     11.20     0.00   0.00    0.00     4.67    0.00      0.00     0.00   0.00    0.00     0.00    0.00   0.16
loop0            0.00      0.00     0.00   0.00    0.00     0.00    0.00      0.00     0.00   0.00    0.00     0.00    0.00      0.00     0.00   0.00    0.00     0.00    0.00   0.00
loop1            0.00      0.00     0.00   0.00    0.00     0.00    0.00      0.00     0.00   0.00    0.00     0.00    0.00      0.00     0.00   0.00    0.00     0.00    0.00   0.00
loop2            0.00      0.00     0.00   0.00    0.00     0.00    0.00      0.00     0.00   0.00    0.00     0.00    0.00      0.00     0.00   0.00    0.00     0.00    0.00   0.00
loop3            0.00      0.00     0.00   0.00    0.00     0.00    0.00      0.00     0.00   0.00    0.00     0.00    0.00      0.00     0.00   0.00    0.00     0.00    0.00   0.00
loop4            0.00      0.00     0.00   0.00    0.00     0.00    0.00      0.00     0.00   0.00    0.00     0.00    0.00      0.00     0.00   0.00    0.00     0.00    0.00   0.00
loop5            0.00      0.00     0.00   0.00    0.00     0.00    0.00      0.00     0.00   0.00    0.00     0.00    0.00      0.00     0.00   0.00    0.00     0.00    0.00   0.00
loop6            0.00      0.00     0.00   0.00    0.00     0.00    0.00      0.00     0.00   0.00    0.00     0.00    0.00      0.00     0.00   0.00    0.00     0.00    0.00   0.00
loop7            0.00      0.00     0.00   0.00    0.00     0.00    0.00      0.00     0.00   0.00    0.00     0.00    0.00      0.00     0.00   0.00    0.00     0.00    0.00   0.00
md0           244036.60 5098844.80     0.00   0.00    0.00    20.89 8511.60 3196528.00     0.00   0.00    0.00   375.55    0.00      0.00     0.00   0.00    0.00     0.00    0.00   0.00
nvme0n1          0.00      0.00     0.00   0.00    0.00     0.00    1.00     11.20     1.40  58.33    0.00    11.20    0.00      0.00     0.00   0.00    0.00     0.00    0.00   0.16
nvme10n1      7800.00 153904.80    70.00   0.89    0.08    19.73  259.00 100120.00     7.00   2.63    0.29   386.56    0.00      0.00     0.00   0.00    0.00     0.00    0.00  97.76
nvme11n1      7795.80 154548.00    69.80   0.89    0.08    19.82  257.60 100077.60    13.40   4.94    0.31   388.50    0.00      0.00     0.00   0.00    0.00     0.00    0.00  97.84
nvme12n1      7816.20 155364.00    70.20   0.89    0.08    19.88  261.60 102110.40     6.40   2.39    0.32   390.33    0.00      0.00     0.00   0.00    0.00     0.00    0.00  97.92
nvme13n1      7826.40 155732.00    69.80   0.88    0.09    19.90  259.00 100749.60    10.80   4.00    0.37   388.99    0.00      0.00     0.00   0.00    0.00     0.00    0.00  98.48
nvme14n1      7887.40 157210.40    71.00   0.89    0.08    19.93  258.40 101116.80     5.00   1.90    0.32   391.32    0.00      0.00     0.00   0.00    0.00     0.00    0.00  98.00
nvme15n1      7931.20 157544.00    70.80   0.88    0.08    19.86  258.00 100803.20    10.60   3.95    0.32   390.71    0.00      0.00     0.00   0.00    0.00     0.00    0.00  97.28
nvme16n1      7954.40 157426.40    71.60   0.89    0.08    19.79  259.60 100367.20     5.00   1.89    0.34   386.62    0.00      0.00     0.00   0.00    0.00     0.00    0.00  97.92
nvme17n1      7846.60 156176.00    70.40   0.89    0.08    19.90  255.00  99721.60    10.60   3.99    0.30   391.07    0.00      0.00     0.00   0.00    0.00     0.00    0.00  97.92
nvme18n1      7907.60 159952.00    73.00   0.91    0.08    20.23  257.80 100054.40     6.60   2.50    0.36   388.11    0.00      0.00     0.00   0.00    0.00     0.00    0.00  97.76
nvme19n1      7847.60 158337.60    74.60   0.94    0.08    20.18  257.60 100081.60    10.60   3.95    0.34   388.52    0.00      0.00     0.00   0.00    0.00     0.00    0.00  97.92
nvme1n1       7764.00 155446.40    71.80   0.92    0.08    20.02  248.20  96840.80     8.80   3.42    0.17   390.17    0.00      0.00     0.00   0.00    0.00     0.00    0.00  97.76
nvme20n1      7845.00 158269.60    72.60   0.92    0.08    20.17  262.40 102181.60     8.60   3.17    0.36   389.41    0.00      0.00     0.00   0.00    0.00     0.00    0.00  97.84
nvme21n1      7884.40 156708.80    73.20   0.92    0.08    19.88  263.40 101511.20    12.40   4.50    0.30   385.39    0.00      0.00     0.00   0.00    0.00     0.00    0.00  98.08
nvme22n1      7724.60 153555.20    72.00   0.92    0.08    19.88  256.20 100504.00     6.20   2.36    0.33   392.29    0.00      0.00     0.00   0.00    0.00     0.00    0.00  97.92
nvme23n1      7740.80 156384.00    70.40   0.90    0.08    20.20  258.60 101232.00    10.80   4.01    0.30   391.46    0.00      0.00     0.00   0.00    0.00     0.00    0.00  97.60
nvme24n1      7713.80 156499.20    72.00   0.92    0.08    20.29  261.40 101898.40     5.40   2.02    0.31   389.82    0.00      0.00     0.00   0.00    0.00     0.00    0.00  97.76
nvme25n1      7799.80 155709.60    70.60   0.90    0.08    19.96  258.00 100149.60     8.20   3.08    0.32   388.18    0.00      0.00     0.00   0.00    0.00     0.00    0.00  98.32
nvme26n1      7731.20 154789.60    70.40   0.90    0.08    20.02  253.40  99734.40     6.80   2.61    0.32   393.58    0.00      0.00     0.00   0.00    0.00     0.00    0.00  97.28
nvme27n1      7688.60 154338.40    69.60   0.90    0.08    20.07  258.20  99520.00     8.80   3.30    0.17   385.44    0.00      0.00     0.00   0.00    0.00     0.00    0.00  97.52
nvme28n1      7754.40 155521.60    72.80   0.93    0.08    20.06  252.60  97765.60     7.20   2.77    0.34   387.04    0.00      0.00     0.00   0.00    0.00     0.00    0.00  98.56
nvme29n1      7875.40 158450.40    71.00   0.89    0.08    20.12  256.20  98035.20     8.00   3.03    0.32   382.65    0.00      0.00     0.00   0.00    0.00     0.00    0.00  98.00
nvme2n1       7751.40 155978.40    70.20   0.90    0.08    20.12  265.80  96940.00     7.80   2.85    0.33   364.71    0.00      0.00     0.00   0.00    0.00     0.00    0.00  97.68
nvme30n1      7769.80 158220.80    74.20   0.95    0.08    20.36  251.00  97286.40    10.80   4.13    0.29   387.60    0.00      0.00     0.00   0.00    0.00     0.00    0.00  98.00
nvme31n1      7677.20 155476.80    72.00   0.93    0.08    20.25  243.60  94940.00     7.20   2.87    0.32   389.74    0.00      0.00     0.00   0.00    0.00     0.00    0.00  97.92
nvme3n1       7810.20 156994.40    70.40   0.89    0.08    20.10  251.60  97244.00     9.20   3.53    0.36   386.50    0.00      0.00     0.00   0.00    0.00     0.00    0.00  98.32
nvme4n1       7822.40 158094.40    72.60   0.92    0.08    20.21  252.40  96923.20     9.40   3.59    0.33   384.01    0.00      0.00     0.00   0.00    0.00     0.00    0.00  98.00
nvme5n1       7834.00 157390.40    71.40   0.90    0.08    20.09  244.40  94391.20     7.20   2.86    0.33   386.22    0.00      0.00     0.00   0.00    0.00     0.00    0.00  98.40
nvme6n1       7778.60 155564.80    72.60   0.92    0.08    20.00  320.00  94657.60    11.60   3.50    0.26   295.81    0.00      0.00     0.00   0.00    0.00     0.00    0.00  98.08
nvme7n1       7768.80 155501.60    70.20   0.90    0.08    20.02  248.80  96836.00    14.60   5.54    0.35   389.21    0.00      0.00     0.00   0.00    0.00     0.00    0.00  98.24
nvme8n1       7758.40 154176.80    70.40   0.90    0.08    19.87  286.80  97378.40    27.40   8.72    0.28   339.53    0.00      0.00     0.00   0.00    0.00     0.00    0.00  97.68
nvme9n1       7718.40 153291.20    71.80   0.92    0.08    19.86  312.60  98554.40    40.60  11.49    0.28   315.27    0.00      0.00     0.00   0.00    0.00     0.00    0.00  98.40


Device            r/s     rkB/s   rrqm/s  %rrqm r_await rareq-sz     w/s     wkB/s   wrqm/s  %wrqm w_await wareq-sz     d/s     dkB/s   drqm/s  %drqm d_await dareq-sz  aqu-sz  %util
dm-0            20.20    628.00     0.00   0.00    0.08    31.09    8.00     80.00     0.00   0.00    0.00    10.00    0.00      0.00     0.00   0.00    0.00     0.00    0.00   1.28
loop0            0.00      0.00     0.00   0.00    0.00     0.00    0.00      0.00     0.00   0.00    0.00     0.00    0.00      0.00     0.00   0.00    0.00     0.00    0.00   0.00
loop1            0.00      0.00     0.00   0.00    0.00     0.00    0.00      0.00     0.00   0.00    0.00     0.00    0.00      0.00     0.00   0.00    0.00     0.00    0.00   0.00
loop2            0.00      0.00     0.00   0.00    0.00     0.00    0.00      0.00     0.00   0.00    0.00     0.00    0.00      0.00     0.00   0.00    0.00     0.00    0.00   0.00
loop3            0.00      0.00     0.00   0.00    0.00     0.00    0.00      0.00     0.00   0.00    0.00     0.00    0.00      0.00     0.00   0.00    0.00     0.00    0.00   0.00
loop4            0.00      0.00     0.00   0.00    0.00     0.00    0.00      0.00     0.00   0.00    0.00     0.00    0.00      0.00     0.00   0.00    0.00     0.00    0.00   0.00
loop5            0.00      0.00     0.00   0.00    0.00     0.00    0.00      0.00     0.00   0.00    0.00     0.00    0.00      0.00     0.00   0.00    0.00     0.00    0.00   0.00
loop6            0.00      0.00     0.00   0.00    0.00     0.00    0.00      0.00     0.00   0.00    0.00     0.00    0.00      0.00     0.00   0.00    0.00     0.00    0.00   0.00
loop7            0.00      0.00     0.00   0.00    0.00     0.00    0.00      0.00     0.00   0.00    0.00     0.00    0.00      0.00     0.00   0.00    0.00     0.00    0.00   0.00
md0           251037.00 2806476.80     0.00   0.00    0.00    11.18 2439.00 971958.40     0.00   0.00    0.00   398.51    0.00      0.00     0.00   0.00    0.00     0.00    0.00   0.00
nvme0n1         20.40    628.00     0.20   0.97    0.10    30.78    6.20     80.00     1.80  22.50    0.03    12.90    0.00      0.00     0.00   0.00    0.00     0.00    0.00   1.28
nvme10n1      8032.20  85492.00    12.40   0.15    0.07    10.64   69.80  29231.20     5.20   6.93    0.28   418.79    0.00      0.00     0.00   0.00    0.00     0.00    0.00  92.08
nvme11n1      8079.20  86434.40    15.80   0.20    0.07    10.70   71.40  29934.40     6.40   8.23    0.29   419.25    0.00      0.00     0.00   0.00    0.00     0.00    0.00  92.32
nvme12n1      8070.80  86628.80    12.80   0.16    0.07    10.73   70.80  29405.60     5.20   6.84    0.29   415.33    0.00      0.00     0.00   0.00    0.00     0.00    0.00  91.04
nvme13n1      8023.40  86002.40    16.00   0.20    0.07    10.72   71.00  29421.60     3.00   4.05    0.32   414.39    0.00      0.00     0.00   0.00    0.00     0.00    0.00  92.88
nvme14n1      8172.00  87338.40    13.00   0.16    0.07    10.69   70.60  29592.80     3.60   4.85    0.29   419.16    0.00      0.00     0.00   0.00    0.00     0.00    0.00  93.44
nvme15n1      8249.00  88155.20    15.60   0.19    0.07    10.69   70.60  30114.40     1.60   2.22    0.31   426.55    0.00      0.00     0.00   0.00    0.00     0.00    0.00  92.08
nvme16n1      8198.60  87613.60    14.20   0.17    0.07    10.69   72.20  29925.60     4.20   5.50    0.30   414.48    0.00      0.00     0.00   0.00    0.00     0.00    0.00  92.24
nvme17n1      8134.80  86453.60    15.60   0.19    0.07    10.63   69.20  29360.80     1.40   1.98    0.29   424.29    0.00      0.00     0.00   0.00    0.00     0.00    0.00  92.56
nvme18n1      8066.00  86392.00    13.60   0.17    0.07    10.71   69.60  29191.20     5.40   7.20    0.31   419.41    0.00      0.00     0.00   0.00    0.00     0.00    0.00  93.28
nvme19n1      8074.80  85777.60    17.00   0.21    0.07    10.62   69.20  29035.20     2.00   2.81    0.31   419.58    0.00      0.00     0.00   0.00    0.00     0.00    0.00  92.24
nvme1n1       8048.60  87092.00    15.00   0.19    0.07    10.82   68.80  30467.20     3.60   4.97    0.17   442.84    0.00      0.00     0.00   0.00    0.00     0.00    0.00  92.48
nvme20n1      8058.20  85764.80    14.00   0.17    0.07    10.64   67.40  28583.20     5.20   7.16    0.31   424.08    0.00      0.00     0.00   0.00    0.00     0.00    0.00  92.64
nvme21n1      8194.40  87132.00    15.00   0.18    0.07    10.63   68.20  29239.20     2.00   2.85    0.29   428.73    0.00      0.00     0.00   0.00    0.00     0.00    0.00  92.88
nvme22n1      8089.60  85907.20    13.40   0.17    0.07    10.62   68.00  29409.60     5.60   7.61    0.30   432.49    0.00      0.00     0.00   0.00    0.00     0.00    0.00  92.00
nvme23n1      8088.20  85831.20    14.40   0.18    0.07    10.61   69.40  29112.80     2.00   2.80    0.27   419.49    0.00      0.00     0.00   0.00    0.00     0.00    0.00  93.04
nvme24n1      8138.20  86951.20    13.40   0.16    0.07    10.68   68.60  29918.40     3.60   4.99    0.30   436.13    0.00      0.00     0.00   0.00    0.00     0.00    0.00  93.36
nvme25n1      8146.20  87050.40    14.60   0.18    0.07    10.69   70.20  30229.60     1.60   2.23    0.30   430.62    0.00      0.00     0.00   0.00    0.00     0.00    0.00  92.88
nvme26n1      8095.20  86442.40    13.60   0.17    0.07    10.68   69.20  30112.00     5.00   6.74    0.31   435.14    0.00      0.00     0.00   0.00    0.00     0.00    0.00  92.48
nvme27n1      8043.60  86303.20    15.20   0.19    0.07    10.73   68.40  29390.40     2.80   3.93    0.17   429.68    0.00      0.00     0.00   0.00    0.00     0.00    0.00  92.08
nvme28n1      8046.20  86738.40    14.40   0.18    0.07    10.78   68.80  29775.20     3.00   4.18    0.33   432.78    0.00      0.00     0.00   0.00    0.00     0.00    0.00  93.12
nvme29n1      8085.60  86766.40    15.80   0.20    0.07    10.73   67.60  29698.40     4.40   6.11    0.30   439.33    0.00      0.00     0.00   0.00    0.00     0.00    0.00  93.52
nvme2n1       8136.80  87588.80    14.60   0.18    0.07    10.76   77.60  30156.00     3.40   4.20    0.28   388.61    0.00      0.00     0.00   0.00    0.00     0.00    0.00  92.00
nvme30n1      8010.00  86068.80    14.20   0.18    0.07    10.75   68.40  29622.40     4.00   5.52    0.27   433.08    0.00      0.00     0.00   0.00    0.00     0.00    0.00  92.48
nvme31n1      8150.00  87768.80    14.00   0.17    0.07    10.77   69.00  30094.40     3.00   4.17    0.30   436.15    0.00      0.00     0.00   0.00    0.00     0.00    0.00  92.72
nvme3n1       8104.60  87880.00    16.40   0.20    0.07    10.84   70.80  30133.60     3.40   4.58    0.32   425.62    0.00      0.00     0.00   0.00    0.00     0.00    0.00  91.60
nvme4n1       7952.80  85536.80    12.80   0.16    0.07    10.76   70.00  29622.40     2.60   3.58    0.31   423.18    0.00      0.00     0.00   0.00    0.00     0.00    0.00  91.92
nvme5n1       8014.60  85203.20    15.20   0.19    0.07    10.63   67.80  29099.20     3.00   4.24    0.30   429.19    0.00      0.00     0.00   0.00    0.00     0.00    0.00  91.68
nvme6n1       7938.20  84136.80    12.40   0.16    0.07    10.60  115.40  28991.20     9.20   7.38    0.20   251.22    0.00      0.00     0.00   0.00    0.00     0.00    0.00  91.92
nvme7n1       8023.00  84842.40    14.80   0.18    0.07    10.57   70.60  28746.40     5.20   6.86    0.31   407.17    0.00      0.00     0.00   0.00    0.00     0.00    0.00  92.56
nvme8n1       8020.00  85132.00    11.60   0.14    0.07    10.61   95.40  29298.40    16.60  14.82    0.22   307.11    0.00      0.00     0.00   0.00    0.00     0.00    0.00  93.36
nvme9n1       8092.20  85582.40    15.20   0.19    0.07    10.58   87.60  28887.20    28.20  24.35    0.26   329.76    0.00      0.00     0.00   0.00    0.00     0.00    0.00  92.88


Device            r/s     rkB/s   rrqm/s  %rrqm r_await rareq-sz     w/s     wkB/s   wrqm/s  %wrqm w_await wareq-sz     d/s     dkB/s   drqm/s  %drqm d_await dareq-sz  aqu-sz  %util
dm-0             0.00      0.00     0.00   0.00    0.00     0.00    2.00      8.00     0.00   0.00    0.00     4.00    0.00      0.00     0.00   0.00    0.00     0.00    0.00   0.08
loop0            0.00      0.00     0.00   0.00    0.00     0.00    0.00      0.00     0.00   0.00    0.00     0.00    0.00      0.00     0.00   0.00    0.00     0.00    0.00   0.00
loop1            0.00      0.00     0.00   0.00    0.00     0.00    0.00      0.00     0.00   0.00    0.00     0.00    0.00      0.00     0.00   0.00    0.00     0.00    0.00   0.00
loop2            0.00      0.00     0.00   0.00    0.00     0.00    0.00      0.00     0.00   0.00    0.00     0.00    0.00      0.00     0.00   0.00    0.00     0.00    0.00   0.00
loop3            0.00      0.00     0.00   0.00    0.00     0.00    0.00      0.00     0.00   0.00    0.00     0.00    0.00      0.00     0.00   0.00    0.00     0.00    0.00   0.00
loop4            0.00      0.00     0.00   0.00    0.00     0.00    0.00      0.00     0.00   0.00    0.00     0.00    0.00      0.00     0.00   0.00    0.00     0.00    0.00   0.00
loop5            0.00      0.00     0.00   0.00    0.00     0.00    0.00      0.00     0.00   0.00    0.00     0.00    0.00      0.00     0.00   0.00    0.00     0.00    0.00   0.00
loop6            0.00      0.00     0.00   0.00    0.00     0.00    0.00      0.00     0.00   0.00    0.00     0.00    0.00      0.00     0.00   0.00    0.00     0.00    0.00   0.00
loop7            0.00      0.00     0.00   0.00    0.00     0.00    0.00      0.00     0.00   0.00    0.00     0.00    0.00      0.00     0.00   0.00    0.00     0.00    0.00   0.00
md0           188915.20 3864073.60     0.00   0.00    0.00    20.45 6343.40 2356752.80     0.00   0.00    0.00   371.53    0.00      0.00     0.00   0.00    0.00     0.00    0.00   0.00
nvme0n1          0.00      0.00     0.00   0.00    0.00     0.00    0.40      8.00     1.60  80.00    0.00    20.00    0.00      0.00     0.00   0.00    0.00     0.00    0.00   0.08
nvme10n1      6044.60 119421.60    48.20   0.79    0.08    19.76  191.40  72620.00     1.40   0.73    0.30   379.41    0.00      0.00     0.00   0.00    0.00     0.00    0.00  87.84
nvme11n1      6054.60 118452.80    47.20   0.77    0.08    19.56  190.40  72082.40     1.60   0.83    0.31   378.58    0.00      0.00     0.00   0.00    0.00     0.00    0.00  89.60
nvme12n1      5967.00 115952.00    49.20   0.82    0.08    19.43  191.20  71940.80     1.60   0.83    0.31   376.26    0.00      0.00     0.00   0.00    0.00     0.00    0.00  88.16
nvme13n1      5928.80 116341.60    46.80   0.78    0.08    19.62  191.20  72185.60     1.60   0.83    0.35   377.54    0.00      0.00     0.00   0.00    0.00     0.00    0.00  88.80
nvme14n1      5941.80 118088.80    48.20   0.80    0.08    19.87  195.40  73561.60     1.80   0.91    0.32   376.47    0.00      0.00     0.00   0.00    0.00     0.00    0.00  89.76
nvme15n1      5999.40 117174.40    48.60   0.80    0.08    19.53  197.00  73184.00     1.80   0.91    0.31   371.49    0.00      0.00     0.00   0.00    0.00     0.00    0.00  89.76
nvme16n1      5962.20 117493.60    48.00   0.80    0.08    19.71  194.80  73227.20     2.20   1.12    0.33   375.91    0.00      0.00     0.00   0.00    0.00     0.00    0.00  88.64
nvme17n1      6062.00 117926.40    47.60   0.78    0.08    19.45  191.60  71880.00     1.80   0.93    0.30   375.16    0.00      0.00     0.00   0.00    0.00     0.00    0.00  90.40
nvme18n1      5878.60 114396.00    47.60   0.80    0.08    19.46  187.00  70744.80     1.80   0.95    0.34   378.31    0.00      0.00     0.00   0.00    0.00     0.00    0.00  89.28
nvme19n1      5962.60 115586.40    47.20   0.79    0.08    19.39  192.20  72860.80     1.80   0.93    0.35   379.09    0.00      0.00     0.00   0.00    0.00     0.00    0.00  89.84
nvme1n1       6205.60 120652.00    50.40   0.81    0.08    19.44  200.80  76676.00     1.80   0.89    0.18   381.85    0.00      0.00     0.00   0.00    0.00     0.00    0.00  89.28
nvme20n1      6036.00 117124.00    49.00   0.81    0.08    19.40  195.00  74621.60     2.00   1.02    0.35   382.67    0.00      0.00     0.00   0.00    0.00     0.00    0.00  89.52
nvme21n1      6097.60 118696.80    48.80   0.79    0.08    19.47  199.80  75958.40     2.20   1.09    0.30   380.17    0.00      0.00     0.00   0.00    0.00     0.00    0.00  89.44
nvme22n1      6061.40 118928.80    49.00   0.80    0.08    19.62  202.00  75886.40     2.20   1.08    0.33   375.68    0.00      0.00     0.00   0.00    0.00     0.00    0.00  89.04
nvme23n1      6089.60 119178.40    50.60   0.82    0.08    19.57  199.40  75737.60     2.20   1.09    0.29   379.83    0.00      0.00     0.00   0.00    0.00     0.00    0.00  88.88
nvme24n1      6127.60 120017.60    50.20   0.81    0.08    19.59  201.20  76698.40     2.00   0.98    0.33   381.20    0.00      0.00     0.00   0.00    0.00     0.00    0.00  88.80
nvme25n1      6089.20 119276.80    51.00   0.83    0.08    19.59  201.80  76829.60     2.00   0.98    0.33   380.72    0.00      0.00     0.00   0.00    0.00     0.00    0.00  90.40
nvme26n1      6059.00 119131.20    50.40   0.82    0.08    19.66  201.00  76296.80     2.20   1.08    0.32   379.59    0.00      0.00     0.00   0.00    0.00     0.00    0.00  88.40
nvme27n1      6120.20 120149.60    50.20   0.81    0.08    19.63  201.20  76221.60     2.20   1.08    0.17   378.83    0.00      0.00     0.00   0.00    0.00     0.00    0.00  89.04
nvme28n1      6183.40 120695.20    49.80   0.80    0.08    19.52  204.60  77222.40     2.00   0.97    0.34   377.43    0.00      0.00     0.00   0.00    0.00     0.00    0.00  88.88
nvme29n1      6134.20 119802.40    51.80   0.84    0.08    19.53  205.60  77731.20     2.00   0.96    0.33   378.07    0.00      0.00     0.00   0.00    0.00     0.00    0.00  89.60
nvme2n1       6019.20 118849.60    49.40   0.81    0.08    19.75  212.60  74730.40     3.40   1.57    0.33   351.51    0.00      0.00     0.00   0.00    0.00     0.00    0.00  89.44
nvme30n1      6135.40 119597.60    49.60   0.80    0.08    19.49  203.60  77073.60     2.20   1.07    0.30   378.55    0.00      0.00     0.00   0.00    0.00     0.00    0.00  88.80
nvme31n1      6094.40 119544.80    51.80   0.84    0.08    19.62  202.00  76791.20     2.00   0.98    0.31   380.15    0.00      0.00     0.00   0.00    0.00     0.00    0.00  88.72
nvme3n1       6005.20 118803.20    48.60   0.80    0.08    19.78  194.80  73618.40     1.60   0.81    0.35   377.92    0.00      0.00     0.00   0.00    0.00     0.00    0.00  88.64
nvme4n1       6053.20 118929.60    50.20   0.82    0.08    19.65  192.20  72545.60     1.60   0.83    0.32   377.45    0.00      0.00     0.00   0.00    0.00     0.00    0.00  88.64
nvme5n1       5992.40 117706.40    49.40   0.82    0.08    19.64  189.80  71796.80     1.60   0.84    0.34   378.28    0.00      0.00     0.00   0.00    0.00     0.00    0.00  88.00
nvme6n1       5975.20 118568.00    49.80   0.83    0.08    19.84  246.00  72548.00     3.40   1.36    0.27   294.91    0.00      0.00     0.00   0.00    0.00     0.00    0.00  88.40
nvme7n1       6010.60 119481.60    49.00   0.81    0.08    19.88  191.80  72760.00     1.20   0.62    0.35   379.35    0.00      0.00     0.00   0.00    0.00     0.00    0.00  88.96
nvme8n1       6041.80 119090.40    47.80   0.78    0.08    19.71  212.60  72202.40     1.40   0.65    0.28   339.62    0.00      0.00     0.00   0.00    0.00     0.00    0.00  88.08
nvme9n1       6071.60 119300.00    46.00   0.75    0.08    19.65  228.60  72702.40     1.40   0.61    0.29   318.03    0.00      0.00     0.00   0.00    0.00     0.00    0.00  90.16


Device            r/s     rkB/s   rrqm/s  %rrqm r_await rareq-sz     w/s     wkB/s   wrqm/s  %wrqm w_await wareq-sz     d/s     dkB/s   drqm/s  %drqm d_await dareq-sz  aqu-sz  %util
dm-0             0.00      0.00     0.00   0.00    0.00     0.00    1.80      7.20     0.00   0.00    0.00     4.00    0.00      0.00     0.00   0.00    0.00     0.00    0.00   0.16
loop0            0.00      0.00     0.00   0.00    0.00     0.00    0.00      0.00     0.00   0.00    0.00     0.00    0.00      0.00     0.00   0.00    0.00     0.00    0.00   0.00
loop1            0.00      0.00     0.00   0.00    0.00     0.00    0.00      0.00     0.00   0.00    0.00     0.00    0.00      0.00     0.00   0.00    0.00     0.00    0.00   0.00
loop2            0.00      0.00     0.00   0.00    0.00     0.00    0.00      0.00     0.00   0.00    0.00     0.00    0.00      0.00     0.00   0.00    0.00     0.00    0.00   0.00
loop3            0.00      0.00     0.00   0.00    0.00     0.00    0.00      0.00     0.00   0.00    0.00     0.00    0.00      0.00     0.00   0.00    0.00     0.00    0.00   0.00
loop4            0.00      0.00     0.00   0.00    0.00     0.00    0.00      0.00     0.00   0.00    0.00     0.00    0.00      0.00     0.00   0.00    0.00     0.00    0.00   0.00
loop5            0.00      0.00     0.00   0.00    0.00     0.00    0.00      0.00     0.00   0.00    0.00     0.00    0.00      0.00     0.00   0.00    0.00     0.00    0.00   0.00
loop6            0.00      0.00     0.00   0.00    0.00     0.00    0.00      0.00     0.00   0.00    0.00     0.00    0.00      0.00     0.00   0.00    0.00     0.00    0.00   0.00
loop7            0.00      0.00     0.00   0.00    0.00     0.00    0.00      0.00     0.00   0.00    0.00     0.00    0.00      0.00     0.00   0.00    0.00     0.00    0.00   0.00
md0           207715.00 4988449.60     0.00   0.00    0.00    24.02 8155.00 3262650.40     0.00   0.00    0.00   400.08    0.00      0.00     0.00   0.00    0.00     0.00    0.00   0.00
nvme0n1          0.00      0.00     0.00   0.00    0.00     0.00    0.60      7.20     1.20  66.67    0.00    12.00    0.00      0.00     0.00   0.00    0.00     0.00    0.00   0.16
nvme10n1      6726.40 152321.60    63.60   0.94    0.09    22.65  244.40 100171.20     7.80   3.09    0.31   409.87    0.00      0.00     0.00   0.00    0.00     0.00    0.00  95.84
nvme11n1      6593.60 150179.20    57.40   0.86    0.08    22.78  244.20  99688.80     5.80   2.32    0.32   408.23    0.00      0.00     0.00   0.00    0.00     0.00    0.00  95.28
nvme12n1      6603.60 151136.00    63.00   0.95    0.08    22.89  240.00  98887.20     7.80   3.15    0.33   412.03    0.00      0.00     0.00   0.00    0.00     0.00    0.00  94.72
nvme13n1      6545.60 149256.80    58.20   0.88    0.09    22.80  240.00 100062.40     6.80   2.76    0.37   416.93    0.00      0.00     0.00   0.00    0.00     0.00    0.00  94.48
nvme14n1      6642.00 148559.20    58.40   0.87    0.08    22.37  240.20  99468.80     8.20   3.30    0.32   414.11    0.00      0.00     0.00   0.00    0.00     0.00    0.00  94.48
nvme15n1      6697.80 149291.20    57.00   0.84    0.08    22.29  244.60 101032.00     6.60   2.63    0.33   413.05    0.00      0.00     0.00   0.00    0.00     0.00    0.00  94.88
nvme16n1      6706.80 149521.60    59.60   0.88    0.08    22.29  250.80 102157.60     8.40   3.24    0.35   407.33    0.00      0.00     0.00   0.00    0.00     0.00    0.00  95.12
nvme17n1      6672.80 149600.80    57.60   0.86    0.08    22.42  244.80 102083.20     6.60   2.63    0.33   417.01    0.00      0.00     0.00   0.00    0.00     0.00    0.00  95.84
nvme18n1      6643.40 148804.80    57.80   0.86    0.08    22.40  244.00 101768.00     9.20   3.63    0.38   417.08    0.00      0.00     0.00   0.00    0.00     0.00    0.00  95.60
nvme19n1      6593.80 149268.00    57.00   0.86    0.08    22.64  246.60 100553.60     5.80   2.30    0.34   407.76    0.00      0.00     0.00   0.00    0.00     0.00    0.00  95.44
nvme1n1       6538.00 148688.00    60.00   0.91    0.08    22.74  245.40 101314.40     7.40   2.93    0.18   412.85    0.00      0.00     0.00   0.00    0.00     0.00    0.00  95.28
nvme20n1      6625.80 150568.80    58.40   0.87    0.08    22.72  241.40  99977.60     8.40   3.36    0.37   414.16    0.00      0.00     0.00   0.00    0.00     0.00    0.00  94.88
nvme21n1      6599.20 152118.40    59.80   0.90    0.08    23.05  237.80  98298.40     6.40   2.62    0.30   413.37    0.00      0.00     0.00   0.00    0.00     0.00    0.00  95.84
nvme22n1      6653.60 152260.80    59.80   0.89    0.09    22.88  237.00  97584.80     9.00   3.66    0.33   411.75    0.00      0.00     0.00   0.00    0.00     0.00    0.00  95.44
nvme23n1      6753.00 153681.60    59.60   0.87    0.08    22.76  241.20  98446.40     8.20   3.29    0.29   408.15    0.00      0.00     0.00   0.00    0.00     0.00    0.00  95.52
nvme24n1      6747.20 155009.60    59.00   0.87    0.08    22.97  240.60  99557.60     8.00   3.22    0.33   413.79    0.00      0.00     0.00   0.00    0.00     0.00    0.00  95.60
nvme25n1      6809.00 156935.20    61.60   0.90    0.08    23.05  243.20 100700.00     7.20   2.88    0.34   414.06    0.00      0.00     0.00   0.00    0.00     0.00    0.00  95.28
nvme26n1      6679.80 154445.60    59.80   0.89    0.08    23.12  246.40 101111.20     8.80   3.45    0.34   410.35    0.00      0.00     0.00   0.00    0.00     0.00    0.00  94.88
nvme27n1      6660.20 152275.20    62.20   0.93    0.08    22.86  243.40  99952.80     7.60   3.03    0.18   410.65    0.00      0.00     0.00   0.00    0.00     0.00    0.00  95.36
nvme28n1      6704.80 151776.80    60.20   0.89    0.08    22.64  245.20 100800.00     7.20   2.85    0.35   411.09    0.00      0.00     0.00   0.00    0.00     0.00    0.00  94.64
nvme29n1      6736.60 152131.20    60.00   0.88    0.08    22.58  249.40 101702.40     7.60   2.96    0.33   407.79    0.00      0.00     0.00   0.00    0.00     0.00    0.00  95.44
nvme2n1       6518.40 148268.00    59.80   0.91    0.08    22.75  262.80 101212.80     9.20   3.38    0.34   385.13    0.00      0.00     0.00   0.00    0.00     0.00    0.00  95.12
nvme30n1      6620.20 149995.20    62.20   0.93    0.09    22.66  244.00 101200.80     6.00   2.40    0.32   414.76    0.00      0.00     0.00   0.00    0.00     0.00    0.00  94.56
nvme31n1      6572.80 148488.80    58.20   0.88    0.08    22.59  243.60 101096.80     8.20   3.26    0.32   415.01    0.00      0.00     0.00   0.00    0.00     0.00    0.00  95.68
nvme3n1       6512.20 145933.60    56.00   0.85    0.08    22.41  244.00 100501.60     5.80   2.32    0.36   411.89    0.00      0.00     0.00   0.00    0.00     0.00    0.00  95.52
nvme4n1       6583.40 146911.20    58.80   0.89    0.08    22.32  246.20 102667.20     7.80   3.07    0.34   417.01    0.00      0.00     0.00   0.00    0.00     0.00    0.00  95.76
nvme5n1       6553.20 147424.80    56.20   0.85    0.08    22.50  250.40 103019.20     7.20   2.80    0.35   411.42    0.00      0.00     0.00   0.00    0.00     0.00    0.00  95.20
nvme6n1       6662.60 148404.00    59.60   0.89    0.09    22.27  343.80 102262.40    14.80   4.13    0.27   297.45    0.00      0.00     0.00   0.00    0.00     0.00    0.00  95.76
nvme7n1       6615.80 148516.80    57.20   0.86    0.09    22.45  245.00 101138.40     8.60   3.39    0.36   412.81    0.00      0.00     0.00   0.00    0.00     0.00    0.00  94.72
nvme8n1       6645.80 149531.20    62.20   0.93    0.08    22.50  294.00 101396.80    26.20   8.18    0.28   344.89    0.00      0.00     0.00   0.00    0.00     0.00    0.00  95.84
nvme9n1       6663.00 150995.20    55.60   0.83    0.09    22.66  288.40 100736.00    35.80  11.04    0.32   349.29    0.00      0.00     0.00   0.00    0.00     0.00    0.00  94.40


Device            r/s     rkB/s   rrqm/s  %rrqm r_await rareq-sz     w/s     wkB/s   wrqm/s  %wrqm w_await wareq-sz     d/s     dkB/s   drqm/s  %drqm d_await dareq-sz  aqu-sz  %util
dm-0             0.20      0.80     0.00   0.00    0.00     4.00    1.60      6.40     0.00   0.00    0.00     4.00    0.00      0.00     0.00   0.00    0.00     0.00    0.00   0.16
loop0            0.00      0.00     0.00   0.00    0.00     0.00    0.00      0.00     0.00   0.00    0.00     0.00    0.00      0.00     0.00   0.00    0.00     0.00    0.00   0.00
loop1            0.00      0.00     0.00   0.00    0.00     0.00    0.00      0.00     0.00   0.00    0.00     0.00    0.00      0.00     0.00   0.00    0.00     0.00    0.00   0.00
loop2            0.00      0.00     0.00   0.00    0.00     0.00    0.00      0.00     0.00   0.00    0.00     0.00    0.00      0.00     0.00   0.00    0.00     0.00    0.00   0.00
loop3            0.00      0.00     0.00   0.00    0.00     0.00    0.00      0.00     0.00   0.00    0.00     0.00    0.00      0.00     0.00   0.00    0.00     0.00    0.00   0.00
loop4            0.00      0.00     0.00   0.00    0.00     0.00    0.00      0.00     0.00   0.00    0.00     0.00    0.00      0.00     0.00   0.00    0.00     0.00    0.00   0.00
loop5            0.00      0.00     0.00   0.00    0.00     0.00    0.00      0.00     0.00   0.00    0.00     0.00    0.00      0.00     0.00   0.00    0.00     0.00    0.00   0.00
loop6            0.00      0.00     0.00   0.00    0.00     0.00    0.00      0.00     0.00   0.00    0.00     0.00    0.00      0.00     0.00   0.00    0.00     0.00    0.00   0.00
loop7            0.00      0.00     0.00   0.00    0.00     0.00    0.00      0.00     0.00   0.00    0.00     0.00    0.00      0.00     0.00   0.00    0.00     0.00    0.00   0.00
md0           289791.20 3647290.40     0.00   0.00    0.00    12.59 4051.20 1543549.60     0.00   0.00    0.00   381.01    0.00      0.00     0.00   0.00    0.00     0.00    0.00   0.00
nvme0n1          0.20      0.80     0.00   0.00    0.00     4.00    0.40      6.40     1.20  75.00    0.00    16.00    0.00      0.00     0.00   0.00    0.00     0.00    0.00   0.16
nvme10n1      9269.40 112132.00    26.40   0.28    0.08    12.10  116.20  46128.00     6.00   4.91    0.27   396.97    0.00      0.00     0.00   0.00    0.00     0.00    0.00  99.68
nvme11n1      9245.40 111660.80    26.00   0.28    0.07    12.08  115.00  46568.00     7.80   6.35    0.28   404.94    0.00      0.00     0.00   0.00    0.00     0.00    0.00  99.68
nvme12n1      9291.40 112440.00    27.40   0.29    0.08    12.10  116.40  47332.00     5.40   4.43    0.29   406.63    0.00      0.00     0.00   0.00    0.00     0.00    0.00  99.52
nvme13n1      9307.40 111970.40    25.80   0.28    0.08    12.03  117.20  46742.40     6.60   5.33    0.31   398.83    0.00      0.00     0.00   0.00    0.00     0.00    0.00  99.60
nvme14n1      9174.20 110771.20    26.60   0.29    0.08    12.07  113.80  45316.80     5.00   4.21    0.29   398.21    0.00      0.00     0.00   0.00    0.00     0.00    0.00  99.60
nvme15n1      9262.00 111158.40    27.80   0.30    0.08    12.00  114.40  45511.20     8.20   6.69    0.29   397.83    0.00      0.00     0.00   0.00    0.00     0.00    0.00  99.20
nvme16n1      9197.00 111248.00    25.60   0.28    0.08    12.10  114.20  45983.20     4.40   3.71    0.32   402.65    0.00      0.00     0.00   0.00    0.00     0.00    0.00  99.44
nvme17n1      9347.60 111436.00    28.20   0.30    0.07    11.92  114.80  46173.60     8.80   7.12    0.28   402.21    0.00      0.00     0.00   0.00    0.00     0.00    0.00  99.12
nvme18n1      9287.20 111592.80    24.20   0.26    0.08    12.02  115.80  46512.80     5.20   4.30    0.32   401.66    0.00      0.00     0.00   0.00    0.00     0.00    0.00  99.44
nvme19n1      9219.60 111990.40    28.60   0.31    0.07    12.15  115.00  46338.40     6.40   5.27    0.32   402.94    0.00      0.00     0.00   0.00    0.00     0.00    0.00  99.20
nvme1n1       9343.80 111524.80    24.80   0.26    0.07    11.94  117.00  47685.60     6.80   5.49    0.17   407.57    0.00      0.00     0.00   0.00    0.00     0.00    0.00  99.52
nvme20n1      9347.80 114097.60    26.40   0.28    0.07    12.21  119.60  47454.40     5.80   4.63    0.34   396.78    0.00      0.00     0.00   0.00    0.00     0.00    0.00  99.36
nvme21n1      9436.40 114968.80    29.60   0.31    0.08    12.18  122.60  48434.40     6.20   4.81    0.28   395.06    0.00      0.00     0.00   0.00    0.00     0.00    0.00  99.52
nvme22n1      9453.00 114260.00    26.80   0.28    0.08    12.09  119.20  47344.00     6.00   4.79    0.29   397.18    0.00      0.00     0.00   0.00    0.00     0.00    0.00  99.36
nvme23n1      9447.80 114086.40    28.80   0.30    0.07    12.08  117.20  46193.60     6.80   5.48    0.26   394.14    0.00      0.00     0.00   0.00    0.00     0.00    0.00  99.52
nvme24n1      9433.20 113884.80    25.80   0.27    0.07    12.07  116.60  46860.80     6.80   5.51    0.29   401.89    0.00      0.00     0.00   0.00    0.00     0.00    0.00  99.20
nvme25n1      9481.80 113244.00    27.80   0.29    0.07    11.94  116.20  46187.20     7.00   5.68    0.29   397.48    0.00      0.00     0.00   0.00    0.00     0.00    0.00  99.28
nvme26n1      9362.60 111400.00    24.20   0.26    0.08    11.90  117.00  46388.00     6.60   5.34    0.29   396.48    0.00      0.00     0.00   0.00    0.00     0.00    0.00  99.36
nvme27n1      9379.00 111994.40    28.80   0.31    0.07    11.94  116.60  46808.80     7.40   5.97    0.16   401.45    0.00      0.00     0.00   0.00    0.00     0.00    0.00  99.12
nvme28n1      9386.40 112233.60    24.40   0.26    0.08    11.96  118.20  46177.60     8.80   6.93    0.30   390.67    0.00      0.00     0.00   0.00    0.00     0.00    0.00  99.60
nvme29n1      9353.40 112238.40    26.80   0.29    0.08    12.00  115.60  46020.00     8.60   6.92    0.29   398.10    0.00      0.00     0.00   0.00    0.00     0.00    0.00  99.36
nvme2n1       9295.20 110431.20    27.00   0.29    0.07    11.88  129.40  47399.20     5.80   4.29    0.28   366.30    0.00      0.00     0.00   0.00    0.00     0.00    0.00  99.68
nvme30n1      9356.40 113342.40    24.40   0.26    0.08    12.11  116.80  47124.80     7.20   5.81    0.28   403.47    0.00      0.00     0.00   0.00    0.00     0.00    0.00  99.28
nvme31n1      9426.40 113440.80    29.00   0.31    0.08    12.03  115.20  46754.40     6.60   5.42    0.28   405.85    0.00      0.00     0.00   0.00    0.00     0.00    0.00  99.52
nvme3n1       9173.20 109509.60    24.40   0.27    0.07    11.94  118.80  47420.00     6.60   5.26    0.31   399.16    0.00      0.00     0.00   0.00    0.00     0.00    0.00  99.84
nvme4n1       9266.60 111036.00    25.80   0.28    0.08    11.98  118.00  47574.40     4.60   3.75    0.30   403.17    0.00      0.00     0.00   0.00    0.00     0.00    0.00  99.52
nvme5n1       9266.60 112089.60    25.40   0.27    0.08    12.10  121.40  47870.40     7.40   5.75    0.30   394.32    0.00      0.00     0.00   0.00    0.00     0.00    0.00  99.36
nvme6n1       9300.20 111700.80    26.80   0.29    0.08    12.01  154.00  47746.40     8.80   5.41    0.24   310.04    0.00      0.00     0.00   0.00    0.00     0.00    0.00  99.36
nvme7n1       9253.80 112354.40    24.60   0.27    0.08    12.14  121.20  47270.40     9.80   7.48    0.31   390.02    0.00      0.00     0.00   0.00    0.00     0.00    0.00  99.44
nvme8n1       9315.40 112568.80    27.00   0.29    0.08    12.08  149.40  46048.00    23.00  13.34    0.23   308.22    0.00      0.00     0.00   0.00    0.00     0.00    0.00  99.44
nvme9n1       9291.00 112488.80    24.80   0.27    0.08    12.11  143.00  46350.40    41.40  22.45    0.26   324.13    0.00      0.00     0.00   0.00    0.00     0.00    0.00  99.68


Device            r/s     rkB/s   rrqm/s  %rrqm r_await rareq-sz     w/s     wkB/s   wrqm/s  %wrqm w_await wareq-sz     d/s     dkB/s   drqm/s  %drqm d_await dareq-sz  aqu-sz  %util
dm-0             0.00      0.00     0.00   0.00    0.00     0.00   15.60     68.80     0.00   0.00    0.00     4.41    0.00      0.00     0.00   0.00    0.00     0.00    0.00   0.16
loop0            0.00      0.00     0.00   0.00    0.00     0.00    0.00      0.00     0.00   0.00    0.00     0.00    0.00      0.00     0.00   0.00    0.00     0.00    0.00   0.00
loop1            0.00      0.00     0.00   0.00    0.00     0.00    0.00      0.00     0.00   0.00    0.00     0.00    0.00      0.00     0.00   0.00    0.00     0.00    0.00   0.00
loop2            0.00      0.00     0.00   0.00    0.00     0.00    0.00      0.00     0.00   0.00    0.00     0.00    0.00      0.00     0.00   0.00    0.00     0.00    0.00   0.00
loop3            0.00      0.00     0.00   0.00    0.00     0.00    0.00      0.00     0.00   0.00    0.00     0.00    0.00      0.00     0.00   0.00    0.00     0.00    0.00   0.00
loop4            0.00      0.00     0.00   0.00    0.00     0.00    0.00      0.00     0.00   0.00    0.00     0.00    0.00      0.00     0.00   0.00    0.00     0.00    0.00   0.00
loop5            0.00      0.00     0.00   0.00    0.00     0.00    0.00      0.00     0.00   0.00    0.00     0.00    0.00      0.00     0.00   0.00    0.00     0.00    0.00   0.00
loop6            0.00      0.00     0.00   0.00    0.00     0.00    0.00      0.00     0.00   0.00    0.00     0.00    0.00      0.00     0.00   0.00    0.00     0.00    0.00   0.00
loop7            0.00      0.00     0.00   0.00    0.00     0.00    0.00      0.00     0.00   0.00    0.00     0.00    0.00      0.00     0.00   0.00    0.00     0.00    0.00   0.00
md0           63543.80 1874229.60     0.00   0.00    0.00    29.50 3251.20 1203660.80     0.00   0.00    0.00   370.22    0.00      0.00     0.00   0.00    0.00     0.00    0.00   0.00
nvme0n1          0.00      0.00     0.00   0.00    0.00     0.00   13.20     68.80     2.40  15.38    0.05     5.21    0.00      0.00     0.00   0.00    0.00     0.00    0.00   0.16
nvme10n1      2020.40  53856.00    20.80   1.02    0.09    26.66  101.20  38170.40     1.20   1.17    0.30   377.18    0.00      0.00     0.00   0.00    0.00     0.00    0.00  66.40
nvme11n1      2048.40  54340.80    24.00   1.16    0.08    26.53  100.40  37844.80     1.20   1.18    0.30   376.94    0.00      0.00     0.00   0.00    0.00     0.00    0.00  68.88
nvme12n1      2033.00  54404.00    22.80   1.11    0.08    26.76   99.60  37262.40     1.00   0.99    0.31   374.12    0.00      0.00     0.00   0.00    0.00     0.00    0.00  67.68
nvme13n1      2028.80  55312.80    24.80   1.21    0.08    27.26   97.80  37070.40     0.80   0.81    0.35   379.04    0.00      0.00     0.00   0.00    0.00     0.00    0.00  66.88
nvme14n1      1991.00  54152.00    22.20   1.10    0.08    27.20   99.60  37413.60     1.00   0.99    0.31   375.64    0.00      0.00     0.00   0.00    0.00     0.00    0.00  65.44
nvme15n1      2009.00  54894.40    24.40   1.20    0.08    27.32   99.60  37377.60     0.80   0.80    0.32   375.28    0.00      0.00     0.00   0.00    0.00     0.00    0.00  68.40
nvme16n1      2035.80  55224.00    21.40   1.04    0.08    27.13   99.40  37336.80     0.80   0.80    0.32   375.62    0.00      0.00     0.00   0.00    0.00     0.00    0.00  68.00
nvme17n1      2018.20  55167.20    25.80   1.26    0.08    27.33  100.40  37857.60     0.80   0.79    0.29   377.07    0.00      0.00     0.00   0.00    0.00     0.00    0.00  66.32
nvme18n1      1986.60  54831.20    22.40   1.11    0.09    27.60  100.40  37552.80     0.80   0.79    0.36   374.03    0.00      0.00     0.00   0.00    0.00     0.00    0.00  67.84
nvme19n1      2023.40  55216.80    24.00   1.17    0.08    27.29  101.60  38020.80     1.00   0.97    0.32   374.22    0.00      0.00     0.00   0.00    0.00     0.00    0.00  69.20
nvme1n1       2036.80  55589.60    23.40   1.14    0.08    27.29  100.00  37343.20     0.80   0.79    0.18   373.43    0.00      0.00     0.00   0.00    0.00     0.00    0.00  68.72
nvme20n1      2003.60  54483.20    22.40   1.11    0.08    27.19  102.20  38277.60     1.00   0.97    0.36   374.54    0.00      0.00     0.00   0.00    0.00     0.00    0.00  67.20
nvme21n1      2019.80  55437.60    23.60   1.15    0.09    27.45  102.60  38643.20     0.60   0.58    0.32   376.64    0.00      0.00     0.00   0.00    0.00     0.00    0.00  67.12
nvme22n1      2005.80  54685.60    24.20   1.19    0.08    27.26  104.40  39060.00     0.60   0.57    0.31   374.14    0.00      0.00     0.00   0.00    0.00     0.00    0.00  67.44
nvme23n1      2066.00  55079.20    23.80   1.14    0.09    26.66  102.40  38644.80     0.80   0.78    0.30   377.39    0.00      0.00     0.00   0.00    0.00     0.00    0.00  67.92
nvme24n1      2049.00  55813.60    24.40   1.18    0.08    27.24  105.20  38941.60     0.80   0.75    0.31   370.17    0.00      0.00     0.00   0.00    0.00     0.00    0.00  69.04
nvme25n1      2038.20  55312.80    24.20   1.17    0.08    27.14  103.00  38707.20     0.80   0.77    0.32   375.80    0.00      0.00     0.00   0.00    0.00     0.00    0.00  68.48
nvme26n1      2084.00  55968.00    23.20   1.10    0.09    26.86  103.00  38708.00     0.80   0.77    0.33   375.81    0.00      0.00     0.00   0.00    0.00     0.00    0.00  68.56
nvme27n1      2007.40  54620.00    24.00   1.18    0.08    27.21  103.80  37819.20     0.80   0.76    0.17   364.35    0.00      0.00     0.00   0.00    0.00     0.00    0.00  65.92
nvme28n1      1985.20  54350.40    22.80   1.14    0.09    27.38  103.00  37713.60     0.60   0.58    0.34   366.15    0.00      0.00     0.00   0.00    0.00     0.00    0.00  67.20
nvme29n1      2003.80  53636.80    25.00   1.23    0.08    26.77  104.20  38019.20     0.60   0.57    0.33   364.87    0.00      0.00     0.00   0.00    0.00     0.00    0.00  65.04
nvme2n1       2040.40  55663.20    25.40   1.23    0.08    27.28  106.40  38282.40     1.20   1.12    0.34   359.80    0.00      0.00     0.00   0.00    0.00     0.00    0.00  68.56
nvme30n1      2049.80  54088.00    21.20   1.02    0.08    26.39  101.20  37185.60     1.00   0.98    0.29   367.45    0.00      0.00     0.00   0.00    0.00     0.00    0.00  65.44
nvme31n1      2035.60  54388.80    24.40   1.18    0.08    26.72   99.80  37056.00     0.80   0.80    0.30   371.30    0.00      0.00     0.00   0.00    0.00     0.00    0.00  66.40
nvme3n1       2033.60  54994.40    22.80   1.11    0.08    27.04  103.00  38125.60     0.80   0.77    0.35   370.15    0.00      0.00     0.00   0.00    0.00     0.00    0.00  67.76
nvme4n1       1993.80  54642.40    24.20   1.20    0.09    27.41  103.80  38015.20     0.80   0.76    0.32   366.24    0.00      0.00     0.00   0.00    0.00     0.00    0.00  66.32
nvme5n1       2031.80  54535.20    22.80   1.11    0.08    26.84   99.60  36998.40     1.00   0.99    0.32   371.47    0.00      0.00     0.00   0.00    0.00     0.00    0.00  66.00
nvme6n1       2053.00  55132.00    24.20   1.17    0.08    26.85  129.80  37543.20     1.80   1.37    0.27   289.24    0.00      0.00     0.00   0.00    0.00     0.00    0.00  68.40
nvme7n1       1989.80  54367.20    23.40   1.16    0.08    27.32  101.00  37762.40     1.00   0.98    0.34   373.89    0.00      0.00     0.00   0.00    0.00     0.00    0.00  68.00
nvme8n1       2044.80  55038.40    23.20   1.12    0.09    26.92  113.80  38100.80     1.00   0.87    0.28   334.80    0.00      0.00     0.00   0.00    0.00     0.00    0.00  66.32
nvme9n1       2037.40  53830.40    24.00   1.16    0.09    26.42  107.60  37564.80     1.00   0.92    0.31   349.12    0.00      0.00     0.00   0.00    0.00     0.00    0.00  68.08


Device            r/s     rkB/s   rrqm/s  %rrqm r_await rareq-sz     w/s     wkB/s   wrqm/s  %wrqm w_await wareq-sz     d/s     dkB/s   drqm/s  %drqm d_await dareq-sz  aqu-sz  %util
dm-0             2.20      8.80     0.00   0.00    0.00     4.00    4.00     26.40     0.00   0.00    0.00     6.60    0.00      0.00     0.00   0.00    0.00     0.00    0.00   0.24
loop0            0.00      0.00     0.00   0.00    0.00     0.00    0.00      0.00     0.00   0.00    0.00     0.00    0.00      0.00     0.00   0.00    0.00     0.00    0.00   0.00
loop1            0.00      0.00     0.00   0.00    0.00     0.00    0.00      0.00     0.00   0.00    0.00     0.00    0.00      0.00     0.00   0.00    0.00     0.00    0.00   0.00
loop2            0.00      0.00     0.00   0.00    0.00     0.00    0.00      0.00     0.00   0.00    0.00     0.00    0.00      0.00     0.00   0.00    0.00     0.00    0.00   0.00
loop3            0.00      0.00     0.00   0.00    0.00     0.00    0.00      0.00     0.00   0.00    0.00     0.00    0.00      0.00     0.00   0.00    0.00     0.00    0.00   0.00
loop4            0.00      0.00     0.00   0.00    0.00     0.00    0.00      0.00     0.00   0.00    0.00     0.00    0.00      0.00     0.00   0.00    0.00     0.00    0.00   0.00
loop5            0.00      0.00     0.00   0.00    0.00     0.00    0.00      0.00     0.00   0.00    0.00     0.00    0.00      0.00     0.00   0.00    0.00     0.00    0.00   0.00
loop6            0.00      0.00     0.00   0.00    0.00     0.00    0.00      0.00     0.00   0.00    0.00     0.00    0.00      0.00     0.00   0.00    0.00     0.00    0.00   0.00
loop7            0.00      0.00     0.00   0.00    0.00     0.00    0.00      0.00     0.00   0.00    0.00     0.00    0.00      0.00     0.00   0.00    0.00     0.00    0.00   0.00
md0           108857.80 5074981.60     0.00   0.00    0.00    46.62 10539.40 3980808.80     0.00   0.00    0.00   377.71    0.00      0.00     0.00   0.00    0.00     0.00    0.00   0.00
nvme0n1          2.20      8.80     0.00   0.00    0.00     4.00    1.20     26.40     2.80  70.00    0.00    22.00    0.00      0.00     0.00   0.00    0.00     0.00    0.00   0.24
nvme10n1      3364.60 149578.40    83.40   2.42    0.10    44.46  311.80 123872.00     9.40   2.93    0.31   397.28    0.00      0.00     0.00   0.00    0.00     0.00    0.00  78.96
nvme11n1      3452.60 153736.00    87.60   2.47    0.10    44.53  312.60 124015.20    12.20   3.76    0.32   396.72    0.00      0.00     0.00   0.00    0.00     0.00    0.00  78.56
nvme12n1      3488.80 153875.20    85.40   2.39    0.11    44.11  312.60 123974.40    10.20   3.16    0.33   396.59    0.00      0.00     0.00   0.00    0.00     0.00    0.00  77.68
nvme13n1      3527.40 155422.40    90.40   2.50    0.11    44.06  315.80 126002.40    11.00   3.37    0.38   398.99    0.00      0.00     0.00   0.00    0.00     0.00    0.00  79.44
nvme14n1      3481.80 154321.60    87.80   2.46    0.10    44.32  317.60 124946.40    10.20   3.11    0.34   393.41    0.00      0.00     0.00   0.00    0.00     0.00    0.00  79.20
nvme15n1      3528.60 156224.00    85.80   2.37    0.10    44.27  318.80 126193.60    11.20   3.39    0.34   395.84    0.00      0.00     0.00   0.00    0.00     0.00    0.00  79.52
nvme16n1      3558.80 155744.80    86.60   2.38    0.10    43.76  321.80 125356.00    11.20   3.36    0.36   389.55    0.00      0.00     0.00   0.00    0.00     0.00    0.00  79.52
nvme17n1      3494.20 154407.20    85.00   2.37    0.10    44.19  318.00 124474.40     9.00   2.75    0.32   391.43    0.00      0.00     0.00   0.00    0.00     0.00    0.00  80.48
nvme18n1      3406.20 151517.60    86.60   2.48    0.10    44.48  316.00 124913.60    12.20   3.72    0.38   395.30    0.00      0.00     0.00   0.00    0.00     0.00    0.00  79.36
nvme19n1      3351.00 147754.40    82.00   2.39    0.10    44.09  311.60 122961.60     9.00   2.81    0.36   394.61    0.00      0.00     0.00   0.00    0.00     0.00    0.00  79.84
nvme1n1       3404.80 151714.40    89.60   2.56    0.09    44.56  315.60 124118.40     9.00   2.77    0.17   393.28    0.00      0.00     0.00   0.00    0.00     0.00    0.00  79.28
nvme20n1      3322.60 148524.80    83.20   2.44    0.10    44.70  307.80 123215.20    10.80   3.39    0.39   400.31    0.00      0.00     0.00   0.00    0.00     0.00    0.00  79.52
nvme21n1      3362.80 150427.20    83.80   2.43    0.10    44.73  313.40 123873.60     9.80   3.03    0.31   395.26    0.00      0.00     0.00   0.00    0.00     0.00    0.00  79.84
nvme22n1      3376.40 150016.80    86.00   2.48    0.10    44.43  313.60 125250.40    10.80   3.33    0.34   399.40    0.00      0.00     0.00   0.00    0.00     0.00    0.00  79.68
nvme23n1      3332.60 150294.40    83.40   2.44    0.10    45.10  314.80 125612.00     9.80   3.02    0.30   399.02    0.00      0.00     0.00   0.00    0.00     0.00    0.00  80.00
nvme24n1      3373.80 153040.00    87.00   2.51    0.10    45.36  318.40 127071.20    11.20   3.40    0.33   399.09    0.00      0.00     0.00   0.00    0.00     0.00    0.00  79.76
nvme25n1      3420.40 153890.40    83.20   2.37    0.10    44.99  318.00 126991.20     7.80   2.39    0.34   399.34    0.00      0.00     0.00   0.00    0.00     0.00    0.00  80.64
nvme26n1      3504.40 155234.40    87.80   2.44    0.10    44.30  318.80 126539.20    10.00   3.04    0.34   396.92    0.00      0.00     0.00   0.00    0.00     0.00    0.00  79.04
nvme27n1      3424.00 154710.40    85.20   2.43    0.10    45.18  326.60 128830.40     7.80   2.33    0.17   394.46    0.00      0.00     0.00   0.00    0.00     0.00    0.00  79.84
nvme28n1      3392.00 154074.40    90.20   2.59    0.10    45.42  322.80 127332.00     9.40   2.83    0.36   394.46    0.00      0.00     0.00   0.00    0.00     0.00    0.00  80.08
nvme29n1      3427.20 155473.60    85.00   2.42    0.10    45.36  319.20 127283.20     8.60   2.62    0.34   398.76    0.00      0.00     0.00   0.00    0.00     0.00    0.00  80.24
nvme2n1       3368.20 152032.00    84.60   2.45    0.10    45.14  334.60 124389.60    12.20   3.52    0.35   371.76    0.00      0.00     0.00   0.00    0.00     0.00    0.00  81.04
nvme30n1      3445.40 155194.40    92.00   2.60    0.10    45.04  323.00 127259.20     8.20   2.48    0.31   393.99    0.00      0.00     0.00   0.00    0.00     0.00    0.00  80.16
nvme31n1      3392.80 151397.60    82.80   2.38    0.10    44.62  318.20 124797.60    10.20   3.11    0.32   392.20    0.00      0.00     0.00   0.00    0.00     0.00    0.00  81.20
nvme3n1       3379.80 153839.20    90.80   2.62    0.10    45.52  314.80 125475.20     9.60   2.96    0.38   398.59    0.00      0.00     0.00   0.00    0.00     0.00    0.00  79.36
nvme4n1       3406.80 153828.80    86.80   2.48    0.10    45.15  318.00 125938.40    10.20   3.11    0.34   396.03    0.00      0.00     0.00   0.00    0.00     0.00    0.00  80.16
nvme5n1       3454.20 151165.60    91.20   2.57    0.10    43.76  316.00 125562.40     9.40   2.89    0.35   397.35    0.00      0.00     0.00   0.00    0.00     0.00    0.00  80.40
nvme6n1       3459.60 150520.80    84.00   2.37    0.10    43.51  425.20 126192.80    14.00   3.19    0.27   296.78    0.00      0.00     0.00   0.00    0.00     0.00    0.00  81.20
nvme7n1       3484.20 151438.40    87.00   2.44    0.10    43.46  323.00 126686.40    10.80   3.24    0.36   392.22    0.00      0.00     0.00   0.00    0.00     0.00    0.00  78.32
nvme8n1       3422.60 150096.80    83.60   2.38    0.10    43.85  373.40 126766.40    21.80   5.52    0.28   339.49    0.00      0.00     0.00   0.00    0.00     0.00    0.00  80.48
nvme9n1       3371.80 150218.40    88.00   2.54    0.10    44.55  374.40 126664.00    36.00   8.77    0.31   338.31    0.00      0.00     0.00   0.00    0.00     0.00    0.00  79.92


Device            r/s     rkB/s   rrqm/s  %rrqm r_await rareq-sz     w/s     wkB/s   wrqm/s  %wrqm w_await wareq-sz     d/s     dkB/s   drqm/s  %drqm d_await dareq-sz  aqu-sz  %util
dm-0             0.00      0.00     0.00   0.00    0.00     0.00    1.40      5.60     0.00   0.00    0.00     4.00    0.00      0.00     0.00   0.00    0.00     0.00    0.00   0.08
loop0            0.00      0.00     0.00   0.00    0.00     0.00    0.00      0.00     0.00   0.00    0.00     0.00    0.00      0.00     0.00   0.00    0.00     0.00    0.00   0.00
loop1            0.00      0.00     0.00   0.00    0.00     0.00    0.00      0.00     0.00   0.00    0.00     0.00    0.00      0.00     0.00   0.00    0.00     0.00    0.00   0.00
loop2            0.00      0.00     0.00   0.00    0.00     0.00    0.00      0.00     0.00   0.00    0.00     0.00    0.00      0.00     0.00   0.00    0.00     0.00    0.00   0.00
loop3            0.00      0.00     0.00   0.00    0.00     0.00    0.00      0.00     0.00   0.00    0.00     0.00    0.00      0.00     0.00   0.00    0.00     0.00    0.00   0.00
loop4            0.00      0.00     0.00   0.00    0.00     0.00    0.00      0.00     0.00   0.00    0.00     0.00    0.00      0.00     0.00   0.00    0.00     0.00    0.00   0.00
loop5            0.00      0.00     0.00   0.00    0.00     0.00    0.00      0.00     0.00   0.00    0.00     0.00    0.00      0.00     0.00   0.00    0.00     0.00    0.00   0.00
loop6            0.00      0.00     0.00   0.00    0.00     0.00    0.00      0.00     0.00   0.00    0.00     0.00    0.00      0.00     0.00   0.00    0.00     0.00    0.00   0.00
loop7            0.00      0.00     0.00   0.00    0.00     0.00    0.00      0.00     0.00   0.00    0.00     0.00    0.00      0.00     0.00   0.00    0.00     0.00    0.00   0.00
md0           2011.00 590916.80     0.00   0.00    0.00   293.84 1438.60 527303.20     0.00   0.00    0.00   366.54    0.00      0.00     0.00   0.00    0.00     0.00    0.00   0.00
nvme0n1          0.00      0.00     0.00   0.00    0.00     0.00    0.40      5.60     1.00  71.43    0.00    14.00    0.00      0.00     0.00   0.00    0.00     0.00    0.00   0.08
nvme10n1        52.40  17818.40    13.20  20.12    0.21   340.05   43.40  16623.20     0.00   0.00    0.29   383.02    0.00      0.00     0.00   0.00    0.00     0.00    0.00  17.28
nvme11n1        53.00  18092.00    13.00  19.70    0.21   341.36   43.80  16998.40     0.00   0.00    0.30   388.09    0.00      0.00     0.00   0.00    0.00     0.00    0.00  17.44
nvme12n1        52.40  17702.40    13.40  20.36    0.21   337.83   44.40  17031.20     0.00   0.00    0.30   383.59    0.00      0.00     0.00   0.00    0.00     0.00    0.00  18.00
nvme13n1        52.80  17850.40    12.40  19.02    0.20   338.08   44.80  17214.40     0.00   0.00    0.33   384.25    0.00      0.00     0.00   0.00    0.00     0.00    0.00  17.44
nvme14n1        51.00  17359.20    12.60  19.81    0.21   340.38   44.40  17203.20     0.00   0.00    0.32   387.46    0.00      0.00     0.00   0.00    0.00     0.00    0.00  16.96
nvme15n1        52.80  17430.40    11.60  18.01    0.21   330.12   47.40  17628.00     0.00   0.00    0.30   371.90    0.00      0.00     0.00   0.00    0.00     0.00    0.00  18.00
nvme16n1        49.00  16770.40    10.80  18.06    0.21   342.25   44.60  17066.40     0.00   0.00    0.34   382.65    0.00      0.00     0.00   0.00    0.00     0.00    0.00  16.64
nvme17n1        47.40  16196.00    11.60  19.66    0.21   341.69   44.80  17169.60     0.00   0.00    0.31   383.25    0.00      0.00     0.00   0.00    0.00     0.00    0.00  16.48
nvme18n1        49.20  16726.40    10.40  17.45    0.21   339.97   46.20  17639.20     0.00   0.00    0.32   381.80    0.00      0.00     0.00   0.00    0.00     0.00    0.00  17.12
nvme19n1        50.60  17328.00    12.00  19.17    0.21   342.45   48.20  18341.60     0.00   0.00    0.33   380.53    0.00      0.00     0.00   0.00    0.00     0.00    0.00  17.60
nvme1n1         51.40  17514.40    11.80  18.67    0.21   340.75   42.80  16432.80     0.00   0.00    0.18   383.94    0.00      0.00     0.00   0.00    0.00     0.00    0.00  17.12
nvme20n1        51.20  17244.00    11.80  18.73    0.20   336.80   48.40  18216.80     0.00   0.00    0.36   376.38    0.00      0.00     0.00   0.00    0.00     0.00    0.00  18.16
nvme21n1        51.80  17377.60    11.60  18.30    0.20   335.47   48.40  17968.80     0.00   0.00    0.29   371.26    0.00      0.00     0.00   0.00    0.00     0.00    0.00  17.36
nvme22n1        51.80  17664.80    11.00  17.52    0.21   341.02   46.60  18022.40     0.00   0.00    0.32   386.75    0.00      0.00     0.00   0.00    0.00     0.00    0.00  18.16
nvme23n1        54.00  18185.60    12.40  18.67    0.20   336.77   47.80  17962.40     0.00   0.00    0.28   375.78    0.00      0.00     0.00   0.00    0.00     0.00    0.00  18.32
nvme24n1        55.40  18583.20    12.00  17.80    0.21   335.44   46.60  17572.00     0.00   0.00    0.30   377.08    0.00      0.00     0.00   0.00    0.00     0.00    0.00  18.72
nvme25n1        55.60  18919.20    12.40  18.24    0.21   340.27   44.80  17408.00     0.00   0.00    0.31   388.57    0.00      0.00     0.00   0.00    0.00     0.00    0.00  17.84
nvme26n1        57.00  19282.40    12.40  17.87    0.21   338.29   46.20  17510.40     0.00   0.00    0.31   379.01    0.00      0.00     0.00   0.00    0.00     0.00    0.00  18.80
nvme27n1        56.20  18829.60    12.40  18.08    0.21   335.05   46.20  16890.40     0.00   0.00    0.16   365.59    0.00      0.00     0.00   0.00    0.00     0.00    0.00  17.44
nvme28n1        55.40  18700.80    12.20  18.05    0.21   337.56   43.80  16772.00     0.00   0.00    0.34   382.92    0.00      0.00     0.00   0.00    0.00     0.00    0.00  17.76
nvme29n1        56.20  18683.20    13.00  18.79    0.21   332.44   43.80  16540.80     0.00   0.00    0.30   377.64    0.00      0.00     0.00   0.00    0.00     0.00    0.00  16.96
nvme2n1         52.20  17548.00    11.80  18.44    0.21   336.17   46.40  16864.00     0.20   0.43    0.31   363.45    0.00      0.00     0.00   0.00    0.00     0.00    0.00  17.68
nvme30n1        54.80  18480.00    11.40  17.22    0.20   337.23   42.80  16394.40     0.00   0.00    0.29   383.05    0.00      0.00     0.00   0.00    0.00     0.00    0.00  17.36
nvme31n1        52.20  17697.60    12.80  19.69    0.21   339.03   42.60  16588.80     0.00   0.00    0.31   389.41    0.00      0.00     0.00   0.00    0.00     0.00    0.00  16.48
nvme3n1         50.60  17120.80    11.40  18.39    0.21   338.36   42.40  16588.80     0.00   0.00    0.33   391.25    0.00      0.00     0.00   0.00    0.00     0.00    0.00  16.64
nvme4n1         53.00  17833.60    12.00  18.46    0.20   336.48   42.20  15918.40     0.00   0.00    0.30   377.21    0.00      0.00     0.00   0.00    0.00     0.00    0.00  16.88
nvme5n1         52.40  17776.80    12.40  19.14    0.21   339.25   40.80  15765.60     0.00   0.00    0.32   386.41    0.00      0.00     0.00   0.00    0.00     0.00    0.00  16.88
nvme6n1         52.40  17948.00    12.80  19.63    0.21   342.52   72.40  16304.80     0.60   0.82    0.20   225.20    0.00      0.00     0.00   0.00    0.00     0.00    0.00  20.56
nvme7n1         54.00  18216.80    12.80  19.16    0.21   337.35   42.60  16134.40     0.00   0.00    0.34   378.74    0.00      0.00     0.00   0.00    0.00     0.00    0.00  17.20
nvme8n1         53.20  18088.00    12.40  18.90    0.21   340.00   50.00  16338.40     0.00   0.00    0.26   326.77    0.00      0.00     0.00   0.00    0.00     0.00    0.00  19.84
nvme9n1         52.80  17910.40    13.00  19.76    0.21   339.21   45.20  16193.60     0.00   0.00    0.29   358.27    0.00      0.00     0.00   0.00    0.00     0.00    0.00  18.48


Device            r/s     rkB/s   rrqm/s  %rrqm r_await rareq-sz     w/s     wkB/s   wrqm/s  %wrqm w_await wareq-sz     d/s     dkB/s   drqm/s  %drqm d_await dareq-sz  aqu-sz  %util
dm-0             0.80     64.00     0.00   0.00    1.00    80.00    1.00      4.00     0.00   0.00    0.00     4.00    0.00      0.00     0.00   0.00    0.00     0.00    0.00   0.32
loop0            0.00      0.00     0.00   0.00    0.00     0.00    0.00      0.00     0.00   0.00    0.00     0.00    0.00      0.00     0.00   0.00    0.00     0.00    0.00   0.00
loop1            0.00      0.00     0.00   0.00    0.00     0.00    0.00      0.00     0.00   0.00    0.00     0.00    0.00      0.00     0.00   0.00    0.00     0.00    0.00   0.00
loop2            0.00      0.00     0.00   0.00    0.00     0.00    0.00      0.00     0.00   0.00    0.00     0.00    0.00      0.00     0.00   0.00    0.00     0.00    0.00   0.00
loop3            0.00      0.00     0.00   0.00    0.00     0.00    0.00      0.00     0.00   0.00    0.00     0.00    0.00      0.00     0.00   0.00    0.00     0.00    0.00   0.00
loop4            0.00      0.00     0.00   0.00    0.00     0.00    0.00      0.00     0.00   0.00    0.00     0.00    0.00      0.00     0.00   0.00    0.00     0.00    0.00   0.00
loop5            0.00      0.00     0.00   0.00    0.00     0.00    0.00      0.00     0.00   0.00    0.00     0.00    0.00      0.00     0.00   0.00    0.00     0.00    0.00   0.00
loop6            0.00      0.00     0.00   0.00    0.00     0.00    0.00      0.00     0.00   0.00    0.00     0.00    0.00      0.00     0.00   0.00    0.00     0.00    0.00   0.00
loop7            0.00      0.00     0.00   0.00    0.00     0.00    0.00      0.00     0.00   0.00    0.00     0.00    0.00      0.00     0.00   0.00    0.00     0.00    0.00   0.00
md0            993.20 284845.60     0.00   0.00    0.00   286.80  963.20 274450.40     0.00   0.00    0.00   284.94    0.00      0.00     0.00   0.00    0.00     0.00    0.00   0.00
nvme0n1          0.80     64.00     0.00   0.00    0.25    80.00    0.40      4.00     0.60  60.00    0.00    10.00    0.00      0.00     0.00   0.00    0.00     0.00    0.00   0.32
nvme10n1        27.00   9128.80     5.60  17.18    0.21   338.10   22.20   7908.00     5.60  20.14    0.23   356.22    0.00      0.00     0.00   0.00    0.00     0.00    0.00   8.72
nvme11n1        26.40   8848.00     6.40  19.51    0.20   335.15   21.60   7656.00     3.60  14.29    0.24   354.44    0.00      0.00     0.00   0.00    0.00     0.00    0.00   8.32
nvme12n1        26.20   8920.80     6.20  19.14    0.21   340.49   21.80   7818.40     6.40  22.70    0.24   358.64    0.00      0.00     0.00   0.00    0.00     0.00    0.00   8.00
nvme13n1        25.60   8606.40     6.00  18.99    0.22   336.19   21.80   8010.40     3.40  13.49    0.27   367.45    0.00      0.00     0.00   0.00    0.00     0.00    0.00   8.32
nvme14n1        25.40   8674.40     6.20  19.62    0.21   341.51   22.00   8017.60     5.20  19.12    0.25   364.44    0.00      0.00     0.00   0.00    0.00     0.00    0.00   8.40
nvme15n1        25.80   8724.00     6.20  19.38    0.21   338.14   23.40   8625.60     3.40  12.69    0.25   368.62    0.00      0.00     0.00   0.00    0.00     0.00    0.00   8.72
nvme16n1        26.60   9034.40     6.40  19.39    0.21   339.64   23.80   8638.40     6.40  21.19    0.27   362.96    0.00      0.00     0.00   0.00    0.00     0.00    0.00   9.04
nvme17n1        26.60   8959.20     6.00  18.40    0.21   336.81   22.60   8600.00     2.80  11.02    0.25   380.53    0.00      0.00     0.00   0.00    0.00     0.00    0.00   9.68
nvme18n1        26.00   8875.20     7.20  21.69    0.21   341.35   24.80   9033.60     7.00  22.01    0.27   364.26    0.00      0.00     0.00   0.00    0.00     0.00    0.00   8.88
nvme19n1        25.80   8790.40     5.80  18.35    0.20   340.71   22.60   8420.00     3.80  14.39    0.27   372.57    0.00      0.00     0.00   0.00    0.00     0.00    0.00   8.80
nvme1n1         26.20   8857.60     6.20  19.14    0.24   338.08   23.40   8710.40     4.60  16.43    0.15   372.24    0.00      0.00     0.00   0.00    0.00     0.00    0.00   9.04
nvme20n1        26.00   8895.20     7.80  23.08    0.22   342.12   23.60   8680.80     5.40  18.62    0.29   367.83    0.00      0.00     0.00   0.00    0.00     0.00    0.00   9.04
nvme21n1        25.60   8683.20     6.00  18.99    0.23   339.19   24.60   8844.00     6.60  21.15    0.24   359.51    0.00      0.00     0.00   0.00    0.00     0.00    0.00   8.64
nvme22n1        22.80   7782.40     6.00  20.83    0.21   341.33   23.40   8829.60     4.20  15.22    0.28   377.33    0.00      0.00     0.00   0.00    0.00     0.00    0.00   8.24
nvme23n1        23.40   7945.60     6.40  21.48    0.24   339.56   25.00   8982.40     4.40  14.97    0.24   359.30    0.00      0.00     0.00   0.00    0.00     0.00    0.00   8.48
nvme24n1        23.60   8052.80     6.60  21.85    0.20   341.22   25.20   9037.60     3.60  12.50    0.25   358.63    0.00      0.00     0.00   0.00    0.00     0.00    0.00   8.80
nvme25n1        24.20   8100.80     6.20  20.39    0.21   334.74   25.00   9120.80     3.40  11.97    0.26   364.83    0.00      0.00     0.00   0.00    0.00     0.00    0.00   8.72
nvme26n1        25.40   8321.60     5.80  18.59    0.22   327.62   24.20   9036.00     4.40  15.38    0.26   373.39    0.00      0.00     0.00   0.00    0.00     0.00    0.00   8.96
nvme27n1        27.60   9129.60     6.20  18.34    0.21   330.78   23.40   8756.80     2.60  10.00    0.15   374.22    0.00      0.00     0.00   0.00    0.00     0.00    0.00   9.12
nvme28n1        25.20   8536.00     6.40  20.25    0.23   338.73   24.20   8820.80     5.00  17.12    0.28   364.50    0.00      0.00     0.00   0.00    0.00     0.00    0.00   9.12
nvme29n1        25.20   8637.60     6.00  19.23    0.21   342.76   22.40   8586.40     4.00  15.15    0.28   383.32    0.00      0.00     0.00   0.00    0.00     0.00    0.00   8.72
nvme2n1         25.40   8641.60     6.20  19.62    0.21   340.22   24.80   8709.60     2.80  10.14    0.25   351.19    0.00      0.00     0.00   0.00    0.00     0.00    0.00   9.76
nvme30n1        25.60   8606.40     6.00  18.99    0.23   336.19   23.80   8435.20     5.00  17.36    0.25   354.42    0.00      0.00     0.00   0.00    0.00     0.00    0.00   8.48
nvme31n1        25.40   8501.60     6.60  20.62    0.21   334.71   22.40   8788.00     2.40   9.68    0.28   392.32    0.00      0.00     0.00   0.00    0.00     0.00    0.00   9.28
nvme3n1         25.80   8744.80     6.60  20.37    0.21   338.95   23.20   9236.80     4.40  15.94    0.28   398.14    0.00      0.00     0.00   0.00    0.00     0.00    0.00   8.72
nvme4n1         26.00   8681.60     6.20  19.25    0.21   333.91   23.20   9042.40     3.40  12.78    0.28   389.76    0.00      0.00     0.00   0.00    0.00     0.00    0.00   8.88
nvme5n1         26.80   8882.40     6.00  18.29    0.20   331.43   23.60   8401.60     4.80  16.90    0.25   356.00    0.00      0.00     0.00   0.00    0.00     0.00    0.00   9.12
nvme6n1         26.80   9150.40     6.60  19.76    0.21   341.43   35.40   8271.20     4.40  11.06    0.18   233.65    0.00      0.00     0.00   0.00    0.00     0.00    0.00  10.64
nvme7n1         26.80   8990.40     6.40  19.28    0.21   335.46   22.80   8236.00     8.20  26.45    0.29   361.23    0.00      0.00     0.00   0.00    0.00     0.00    0.00   8.64
nvme8n1         25.80   8784.00     6.20  19.38    0.22   340.47   40.40   8325.60    25.80  38.97    0.16   206.08    0.00      0.00     0.00   0.00    0.00     0.00    0.00  10.96
nvme9n1         27.60   9326.40     6.20  18.34    0.21   337.91   31.00   8288.80    33.80  52.16    0.23   267.38    0.00      0.00     0.00   0.00    0.00     0.00    0.00   9.28

