Linux 5.4.0-216-generic (dskbi001) 	09/11/2026 	_x86_64_	(96 CPU)

Device            r/s     rkB/s   rrqm/s  %rrqm r_await rareq-sz     w/s     wkB/s   wrqm/s  %wrqm w_await wareq-sz     d/s     dkB/s   drqm/s  %drqm d_await dareq-sz  aqu-sz  %util
dm-0             4.72    832.73     0.00   0.00    0.77   176.61    6.97    655.57     0.00   0.00    0.89    94.06    0.01    339.93     0.00   0.00    0.32 23003.63    0.01   0.26
loop0            0.01      0.01     0.00   0.00    0.04     1.06    0.00      0.00     0.00   0.00    0.00     0.00    0.00      0.00     0.00   0.00    0.00     0.00    0.00   0.00
loop1            0.01      0.01     0.00   0.00    0.05     1.05    0.00      0.00     0.00   0.00    0.00     0.00    0.00      0.00     0.00   0.00    0.00     0.00    0.00   0.00
loop2            0.01      0.01     0.00   0.00    0.09     1.01    0.00      0.00     0.00   0.00    0.00     0.00    0.00      0.00     0.00   0.00    0.00     0.00    0.00   0.00
loop3            0.01      0.01     0.00   0.00    0.05     1.04    0.00      0.00     0.00   0.00    0.00     0.00    0.00      0.00     0.00   0.00    0.00     0.00    0.00   0.00
loop4            0.01      0.01     0.00   0.00    0.04     1.04    0.00      0.00     0.00   0.00    0.00     0.00    0.00      0.00     0.00   0.00    0.00     0.00    0.00   0.00
loop5            0.01      0.01     0.00   0.00    0.05     1.03    0.00      0.00     0.00   0.00    0.00     0.00    0.00      0.00     0.00   0.00    0.00     0.00    0.00   0.00
loop6            0.00      0.00     0.00   0.00    0.07     1.06    0.00      0.00     0.00   0.00    0.00     0.00    0.00      0.00     0.00   0.00    0.00     0.00    0.00   0.00
loop7            0.00      0.00     0.00   0.00    0.04    17.21    0.00      0.00     0.00   0.00    0.00     0.00    0.00      0.00     0.00   0.00    0.00     0.00    0.00   0.00
md0           6795.25 449559.76     0.00   0.00    0.00    66.16  671.24 286666.13     0.00   0.00    0.00   427.07    1.02  38187.40     0.00   0.00    0.00 37490.83    0.00   0.00
nvme0n1          4.50    832.79     0.58  11.37    1.43   185.08    4.16    655.57     3.35  44.61    2.11   157.62    0.01    341.32     0.00   0.00    0.32 23086.99    0.01   0.26
nvme10n1       214.73  12732.41     4.29   1.96    0.11    59.29   20.33   8835.39     0.95   4.47    0.44   434.60    0.52   1231.62     0.00   0.00    0.25  2389.45    0.00   6.08
nvme11n1       214.21  12686.53     4.31   1.97    0.11    59.23   20.40   8835.26     0.94   4.41    0.44   433.17    0.52   1231.71     0.00   0.00    0.25  2389.82    0.00   6.08
nvme12n1       214.89  12638.57     4.29   1.96    0.12    58.81   20.38   8835.61     0.94   4.41    0.44   433.61    0.52   1231.75     0.00   0.00    0.25  2390.26    0.00   6.06
nvme13n1       215.02  12712.60     4.29   1.96    0.11    59.12   20.35   8835.80     0.95   4.44    0.44   434.12    0.52   1231.69     0.00   0.00    0.25  2390.47    0.00   6.07
nvme14n1       215.71  12753.74     4.30   1.95    0.11    59.12   20.31   8834.69     0.94   4.43    0.44   434.95    0.52   1231.61     0.00   0.00    0.25  2390.46    0.00   6.08
nvme15n1       215.66  12677.65     4.26   1.94    0.11    58.78   20.38   8834.81     0.95   4.47    0.44   433.55    0.52   1231.66     0.00   0.00    0.25  2390.16    0.00   6.08
nvme16n1       215.01  12674.83     4.30   1.96    0.12    58.95   20.41   8833.97     0.96   4.48    0.44   432.74    0.52   1231.70     0.00   0.00    0.26  2390.17    0.00   6.08
nvme17n1       214.86  12659.40     4.28   1.95    0.11    58.92   20.49   8834.44     0.97   4.51    0.44   431.12    0.52   1231.79     0.00   0.00    0.26  2390.26    0.00   6.07
nvme18n1       215.38  12685.00     4.29   1.95    0.11    58.90   20.55   8834.72     0.98   4.56    0.43   429.86    0.52   1231.93     0.00   0.00    0.25  2389.90    0.00   6.08
nvme19n1       215.29  12649.70     4.30   1.96    0.11    58.76   20.41   8834.78     0.97   4.54    0.44   432.90    0.52   1231.99     0.00   0.00    0.25  2389.68    0.00   6.07
nvme1n1        215.26  12682.16     4.29   1.95    0.11    58.91   20.60   8836.60     0.99   4.58    0.44   428.87    0.52   1231.90     0.00   0.00    0.26  2388.82    0.00   6.08
nvme20n1       215.04  12668.59     4.27   1.95    0.11    58.91   20.55   8835.88     0.98   4.54    0.44   429.87    0.52   1232.02     0.00   0.00    0.25  2389.44    0.00   6.10
nvme21n1       215.10  12667.86     4.26   1.94    0.11    58.89   20.55   8835.06     0.97   4.50    0.43   429.99    0.52   1232.04     0.00   0.00    0.25  2389.20    0.00   6.07
nvme22n1       215.14  12729.03     4.25   1.94    0.11    59.17   20.50   8835.04     0.98   4.55    0.44   431.02    0.52   1232.01     0.00   0.00    0.25  2389.34    0.00   6.09
nvme23n1       215.08  12779.63     4.33   1.97    0.11    59.42   20.41   8835.08     0.95   4.45    0.44   432.94    0.52   1231.93     0.00   0.00    0.25  2389.50    0.00   6.06
nvme24n1       214.65  12733.51     4.27   1.95    0.11    59.32   20.46   8835.71     0.94   4.39    0.44   431.94    0.52   1231.98     0.00   0.00    0.25  2389.55    0.00   6.08
nvme25n1       214.72  12749.87     4.30   1.96    0.11    59.38   20.44   8836.32     0.93   4.34    0.44   432.30    0.52   1231.95     0.00   0.00    0.25  2389.62    0.00   6.08
nvme26n1       214.68  12645.26     4.28   1.95    0.11    58.90   20.46   8836.67     0.93   4.36    0.44   431.87    0.52   1232.07     0.00   0.00    0.25  2388.83    0.00   6.07
nvme27n1       214.89  12644.37     4.32   1.97    0.11    58.84   20.51   8836.98     0.95   4.44    0.44   430.85    0.52   1232.06     0.00   0.00    0.25  2389.53    0.00   6.08
nvme28n1       214.48  12582.39     4.27   1.95    0.11    58.67   20.39   8835.91     0.94   4.43    0.44   433.40    0.52   1231.96     0.00   0.00    0.25  2389.53    0.00   6.06
nvme29n1       215.38  12670.25     4.25   1.94    0.11    58.83   20.40   8836.34     0.95   4.44    0.44   433.12    0.52   1232.13     0.00   0.00    0.25  2389.48    0.00   6.06
nvme2n1        214.28  12648.22     4.26   1.95    0.11    59.03   20.78   8836.45     1.01   4.63    0.43   425.26    0.52   1231.91     0.00   0.00    0.26  2388.81    0.00   6.08
nvme30n1       216.20  12667.31     4.27   1.94    0.11    58.59   20.40   8835.83     0.94   4.39    0.44   433.23    0.52   1232.05     0.00   0.00    0.25  2389.37    0.00   6.07
nvme31n1       215.47  12628.99     4.27   1.94    0.11    58.61   20.39   8835.60     0.95   4.43    0.44   433.43    0.52   1231.91     0.00   0.00    0.25  2389.57    0.00   6.07
nvme3n1        214.96  12650.00     4.25   1.94    0.11    58.85   20.74   8835.64     0.99   4.56    0.43   426.06    0.52   1231.81     0.00   0.00    0.26  2389.25    0.00   6.07
nvme4n1        214.44  12625.57     4.30   1.96    0.11    58.88   20.67   8835.38     0.98   4.53    0.43   427.55    0.52   1231.73     0.00   0.00    0.26  2389.68    0.00   6.07
nvme5n1        214.99  12668.84     4.28   1.95    0.11    58.93   20.50   8835.22     0.96   4.49    0.44   431.04    0.52   1231.64     0.00   0.00    0.26  2389.51    0.00   6.08
nvme6n1        213.80  12544.25     4.27   1.96    0.11    58.67   20.59   8836.51     0.99   4.58    0.43   429.06    0.52   1231.66     0.00   0.00    0.26  2389.78    0.00   6.06
nvme7n1        214.03  12619.84     4.26   1.95    0.11    58.96   20.47   8835.92     0.97   4.50    0.44   431.56    0.52   1231.68     0.00   0.00    0.25  2389.46    0.00   6.07
nvme8n1        214.56  12648.89     4.29   1.96    0.11    58.95   20.54   8835.73     0.96   4.47    0.44   430.18    0.52   1231.77     0.00   0.00    0.25  2389.39    0.00   6.08
nvme9n1        214.62  12637.23     4.26   1.95    0.11    58.88   20.45   8836.51     0.96   4.47    0.44   432.20    0.52   1231.73     0.00   0.00    0.25  2389.64    0.00   6.08


Device            r/s     rkB/s   rrqm/s  %rrqm r_await rareq-sz     w/s     wkB/s   wrqm/s  %wrqm w_await wareq-sz     d/s     dkB/s   drqm/s  %drqm d_await dareq-sz  aqu-sz  %util
dm-0            99.20   2223.20     0.00   0.00    0.24    22.41    3.00     12.00     0.00   0.00    0.00     4.00    0.00      0.00     0.00   0.00    0.00     0.00    0.02   1.84
loop0            0.00      0.00     0.00   0.00    0.00     0.00    0.00      0.00     0.00   0.00    0.00     0.00    0.00      0.00     0.00   0.00    0.00     0.00    0.00   0.00
loop1            0.00      0.00     0.00   0.00    0.00     0.00    0.00      0.00     0.00   0.00    0.00     0.00    0.00      0.00     0.00   0.00    0.00     0.00    0.00   0.00
loop2            0.00      0.00     0.00   0.00    0.00     0.00    0.00      0.00     0.00   0.00    0.00     0.00    0.00      0.00     0.00   0.00    0.00     0.00    0.00   0.00
loop3            0.00      0.00     0.00   0.00    0.00     0.00    0.00      0.00     0.00   0.00    0.00     0.00    0.00      0.00     0.00   0.00    0.00     0.00    0.00   0.00
loop4            0.00      0.00     0.00   0.00    0.00     0.00    0.00      0.00     0.00   0.00    0.00     0.00    0.00      0.00     0.00   0.00    0.00     0.00    0.00   0.00
loop5            0.00      0.00     0.00   0.00    0.00     0.00    0.00      0.00     0.00   0.00    0.00     0.00    0.00      0.00     0.00   0.00    0.00     0.00    0.00   0.00
loop6            0.00      0.00     0.00   0.00    0.00     0.00    0.00      0.00     0.00   0.00    0.00     0.00    0.00      0.00     0.00   0.00    0.00     0.00    0.00   0.00
loop7            0.00      0.00     0.00   0.00    0.00     0.00    0.00      0.00     0.00   0.00    0.00     0.00    0.00      0.00     0.00   0.00    0.00     0.00    0.00   0.00
md0           11500.20 2273504.80     0.00   0.00    0.00   197.69 4224.40 1298026.40     0.00   0.00    0.00   307.27    0.00      0.00     0.00   0.00    0.00     0.00    0.00   0.00
nvme0n1         43.40   2282.40    63.80  59.51    0.10    52.59    0.40     12.00     2.60  86.67    0.00    30.00    0.00      0.00     0.00   0.00    0.00     0.00    0.00   1.84
nvme10n1       296.00  70264.00    30.60   9.37    0.15   237.38  123.20  39873.60     1.00   0.81    0.29   323.65    0.00      0.00     0.00   0.00    0.00     0.00    0.00  33.84
nvme11n1       300.40  68844.80    33.20   9.95    0.15   229.18  133.80  41004.80     1.00   0.74    0.27   306.46    0.00      0.00     0.00   0.00    0.00     0.00    0.00  36.72
nvme12n1       281.60  65020.80    29.60   9.51    0.16   230.90  138.80  41132.80     1.40   1.00    0.26   296.35    0.00      0.00     0.00   0.00    0.00     0.00    0.00  36.56
nvme13n1       290.80  67143.20    33.00  10.19    0.15   230.89  140.00  41441.60     1.00   0.71    0.27   296.01    0.00      0.00     0.00   0.00    0.00     0.00    0.00  38.24
nvme14n1       303.40  69838.40    71.40  19.05    0.15   230.19  146.40  41987.20     1.60   1.08    0.25   286.80    0.00      0.00     0.00   0.00    0.00     0.00    0.00  40.48
nvme15n1       297.20  68772.80    76.00  20.36    0.15   231.40  131.20  42309.60     0.80   0.61    0.28   322.48    0.00      0.00     0.00   0.00    0.00     0.00    0.00  36.32
nvme16n1       303.00  69840.80    77.80  20.43    0.14   230.50  130.40  41948.80     1.20   0.91    0.28   321.69    0.00      0.00     0.00   0.00    0.00     0.00    0.00  35.12
nvme17n1       311.40  68296.00    80.80  20.60    0.15   219.32  163.00  41088.00     1.00   0.61    0.21   252.07    0.00      0.00     0.00   0.00    0.00     0.00    0.00  40.72
nvme18n1       303.20  67848.80    34.40  10.19    0.14   223.78  150.80  41463.20     1.20   0.79    0.24   274.95    0.00      0.00     0.00   0.00    0.00     0.00    0.00  38.88
nvme19n1       304.40  67460.00    32.20   9.57    0.14   221.62  124.80  40067.20     0.60   0.48    0.28   321.05    0.00      0.00     0.00   0.00    0.00     0.00    0.00  34.80
nvme1n1        335.00  66066.40    31.80   8.67    0.14   197.21  127.40  40563.20     1.00   0.78    0.30   318.39    0.00      0.00     0.00   0.00    0.00     0.00    0.00  35.04
nvme20n1       366.80  67208.80    31.20   7.84    0.13   183.23  124.60  39812.00     0.60   0.48    0.30   319.52    0.00      0.00     0.00   0.00    0.00     0.00    0.00  34.72
nvme21n1       389.00  68640.00    30.80   7.34    0.12   176.45  124.20  39823.20     0.60   0.48    0.28   320.64    0.00      0.00     0.00   0.00    0.00     0.00    0.00  33.68
nvme22n1       386.20  68317.60    33.20   7.92    0.13   176.90  185.80  39990.40     0.60   0.32    0.19   215.23    0.00      0.00     0.00   0.00    0.00     0.00    0.00  45.36
nvme23n1       390.00  67070.40    30.60   7.28    0.13   171.98  128.40  40715.20     0.80   0.62    0.26   317.10    0.00      0.00     0.00   0.00    0.00     0.00    0.00  33.60
nvme24n1       431.00  68099.20    30.00   6.51    0.12   158.00  128.60  40998.40     0.80   0.62    0.28   318.81    0.00      0.00     0.00   0.00    0.00     0.00    0.00  34.08
nvme25n1       452.00  69877.60    30.40   6.30    0.12   154.60  127.00  41055.20     1.20   0.94    0.28   323.27    0.00      0.00     0.00   0.00    0.00     0.00    0.00  34.64
nvme26n1       437.60  66730.40    32.80   6.97    0.12   152.49  132.80  42245.60     1.20   0.90    0.28   318.11    0.00      0.00     0.00   0.00    0.00     0.00    0.00  35.92
nvme27n1       387.60  66259.20    31.20   7.45    0.12   170.95  131.00  41717.60     1.60   1.21    0.26   318.45    0.00      0.00     0.00   0.00    0.00     0.00    0.00  35.28
nvme28n1       340.60  68924.00    32.80   8.78    0.13   202.36  126.40  40727.20     1.60   1.25    0.28   322.21    0.00      0.00     0.00   0.00    0.00     0.00    0.00  34.32
nvme29n1       348.20  70369.60    30.80   8.13    0.13   202.10  128.20  40960.80     1.80   1.38    0.27   319.51    0.00      0.00     0.00   0.00    0.00     0.00    0.00  34.88
nvme2n1        334.40  64447.20    30.20   8.28    0.14   192.72  131.20  41483.20     0.80   0.61    0.27   316.18    0.00      0.00     0.00   0.00    0.00     0.00    0.00  34.64
nvme30n1       294.20  66539.20    30.40   9.37    0.15   226.17  127.80  41102.40     1.40   1.08    0.28   321.62    0.00      0.00     0.00   0.00    0.00     0.00    0.00  35.84
nvme31n1       308.80  68593.60    29.80   8.80    0.15   222.13  128.60  41218.40     1.40   1.08    0.28   320.52    0.00      0.00     0.00   0.00    0.00     0.00    0.00  35.44
nvme3n1        340.20  69397.60    32.20   8.65    0.14   203.99  125.80  40340.00     0.60   0.47    0.27   320.67    0.00      0.00     0.00   0.00    0.00     0.00    0.00  35.76
nvme4n1        348.00  69068.00    30.40   8.03    0.14   198.47  127.00  40457.60     0.40   0.31    0.28   318.56    0.00      0.00     0.00   0.00    0.00     0.00    0.00  34.24
nvme5n1        310.80  69844.80    31.40   9.18    0.14   224.73  129.40  41212.80     0.40   0.31    0.27   318.49    0.00      0.00     0.00   0.00    0.00     0.00    0.00  35.60
nvme6n1        283.40  64948.80    30.20   9.63    0.15   229.18  126.60  40214.40     0.60   0.47    0.27   317.65    0.00      0.00     0.00   0.00    0.00     0.00    0.00  35.20
nvme7n1        290.80  68736.00    31.60   9.80    0.15   236.37  124.20  39537.60     1.40   1.11    0.27   318.34    0.00      0.00     0.00   0.00    0.00     0.00    0.00  35.44
nvme8n1        291.40  67204.00    35.20  10.78    0.15   230.62  122.00  39321.60     1.20   0.97    0.28   322.31    0.00      0.00     0.00   0.00    0.00     0.00    0.00  34.00
nvme9n1        285.00  65972.80    32.80  10.32    0.15   231.48  125.80  40156.80     1.20   0.94    0.29   319.21    0.00      0.00     0.00   0.00    0.00     0.00    0.00  34.96


Device            r/s     rkB/s   rrqm/s  %rrqm r_await rareq-sz     w/s     wkB/s   wrqm/s  %wrqm w_await wareq-sz     d/s     dkB/s   drqm/s  %drqm d_await dareq-sz  aqu-sz  %util
dm-0             0.00      0.00     0.00   0.00    0.00     0.00    0.00      0.00     0.00   0.00    0.00     0.00    0.00      0.00     0.00   0.00    0.00     0.00    0.00   0.00
loop0            0.00      0.00     0.00   0.00    0.00     0.00    0.00      0.00     0.00   0.00    0.00     0.00    0.00      0.00     0.00   0.00    0.00     0.00    0.00   0.00
loop1            0.00      0.00     0.00   0.00    0.00     0.00    0.00      0.00     0.00   0.00    0.00     0.00    0.00      0.00     0.00   0.00    0.00     0.00    0.00   0.00
loop2            0.00      0.00     0.00   0.00    0.00     0.00    0.00      0.00     0.00   0.00    0.00     0.00    0.00      0.00     0.00   0.00    0.00     0.00    0.00   0.00
loop3            0.00      0.00     0.00   0.00    0.00     0.00    0.00      0.00     0.00   0.00    0.00     0.00    0.00      0.00     0.00   0.00    0.00     0.00    0.00   0.00
loop4            0.00      0.00     0.00   0.00    0.00     0.00    0.00      0.00     0.00   0.00    0.00     0.00    0.00      0.00     0.00   0.00    0.00     0.00    0.00   0.00
loop5            0.00      0.00     0.00   0.00    0.00     0.00    0.00      0.00     0.00   0.00    0.00     0.00    0.00      0.00     0.00   0.00    0.00     0.00    0.00   0.00
loop6            0.00      0.00     0.00   0.00    0.00     0.00    0.00      0.00     0.00   0.00    0.00     0.00    0.00      0.00     0.00   0.00    0.00     0.00    0.00   0.00
loop7            0.00      0.00     0.00   0.00    0.00     0.00    0.00      0.00     0.00   0.00    0.00     0.00    0.00      0.00     0.00   0.00    0.00     0.00    0.00   0.00
md0           3102.80 861912.00     0.00   0.00    0.00   277.79 2974.20 827032.00     0.00   0.00    0.00   278.07    0.00      0.00     0.00   0.00    0.00     0.00    0.00   0.00
nvme0n1          0.00      0.00     0.00   0.00    0.00     0.00    0.00      0.00     0.00   0.00    0.00     0.00    0.00      0.00     0.00   0.00    0.00     0.00    0.00   0.00
nvme10n1        79.00  21856.00    18.40  18.89    0.19   276.66   76.80  24824.00     1.80   2.29    0.26   323.23    0.00      0.00     0.00   0.00    0.00     0.00    0.00  24.32
nvme11n1        83.40  22446.40    17.80  17.59    0.19   269.14  106.60  25441.60     2.40   2.20    0.20   238.66    0.00      0.00     0.00   0.00    0.00     0.00    0.00  29.28
nvme12n1        82.60  23740.80    19.60  19.18    0.20   287.42   75.00  24279.20     2.20   2.85    0.27   323.72    0.00      0.00     0.00   0.00    0.00     0.00    0.00  25.44
nvme13n1        81.20  22536.00    19.60  19.44    0.19   277.54  102.00  24399.20     2.20   2.11    0.20   239.21    0.00      0.00     0.00   0.00    0.00     0.00    0.00  28.56
nvme14n1        82.20  22938.40    21.60  20.81    0.18   279.06   82.20  25216.80     2.80   3.29    0.26   306.77    0.00      0.00     0.00   0.00    0.00     0.00    0.00  25.52
nvme15n1        84.00  23660.00    20.60  19.69    0.19   281.67   85.20  26156.00     3.00   3.40    0.25   307.00    0.00      0.00     0.00   0.00    0.00     0.00    0.00  27.84
nvme16n1        86.20  23964.80    23.60  21.49    0.19   278.01   80.80  25870.40     2.40   2.88    0.27   320.18    0.00      0.00     0.00   0.00    0.00     0.00    0.00  25.68
nvme17n1        82.40  24466.40    22.20  21.22    0.20   296.92  150.20  25206.40     3.20   2.09    0.15   167.82    0.00      0.00     0.00   0.00    0.00     0.00    0.00  36.32
nvme18n1        83.20  24103.20    21.60  20.61    0.20   289.70  131.80  26232.00     3.40   2.51    0.18   199.03    0.00      0.00     0.00   0.00    0.00     0.00    0.00  34.08
nvme19n1        83.40  22876.00    21.20  20.27    0.19   274.29   76.20  24862.40     2.40   3.05    0.28   326.28    0.00      0.00     0.00   0.00    0.00     0.00    0.00  23.76
nvme1n1         79.20  23957.60    21.40  21.27    0.21   302.49   79.80  26551.20     1.80   2.21    0.28   332.72    0.00      0.00     0.00   0.00    0.00     0.00    0.00  24.48
nvme20n1        75.40  22047.20    21.40  22.11    0.20   292.40   78.00  25471.20     2.20   2.74    0.29   326.55    0.00      0.00     0.00   0.00    0.00     0.00    0.00  24.00
nvme21n1        76.00  23066.40    20.80  21.49    0.20   303.51   77.00  25434.40     2.20   2.78    0.29   330.32    0.00      0.00     0.00   0.00    0.00     0.00    0.00  24.96
nvme22n1        81.20  22888.00    22.20  21.47    0.19   281.87   92.60  25097.60     2.00   2.11    0.24   271.03    0.00      0.00     0.00   0.00    0.00     0.00    0.00  28.16
nvme23n1        79.40  22718.40    19.80  19.96    0.19   286.13   77.40  24955.20     2.20   2.76    0.27   322.42    0.00      0.00     0.00   0.00    0.00     0.00    0.00  23.68
nvme24n1        77.40  22845.60    28.00  26.57    0.20   295.16  180.00  23756.00     2.20   1.21    0.11   131.98    0.00      0.00     0.00   0.00    0.00     0.00    0.00  38.88
nvme25n1        75.60  22718.40    20.20  21.09    0.20   300.51   74.20  24132.00     2.20   2.88    0.27   325.23    0.00      0.00     0.00   0.00    0.00     0.00    0.00  23.52
nvme26n1        78.20  23032.00    21.00  21.17    0.19   294.53  104.80  24286.40     2.00   1.87    0.20   231.74    0.00      0.00     0.00   0.00    0.00     0.00    0.00  29.28
nvme27n1        74.80  23202.40    21.80  22.57    0.21   310.19   72.80  24259.20     1.80   2.41    0.26   333.23    0.00      0.00     0.00   0.00    0.00     0.00    0.00  23.76
nvme28n1        85.80  22664.00    19.20  18.29    0.19   264.15   82.80  25545.60     2.00   2.36    0.24   308.52    0.00      0.00     0.00   0.00    0.00     0.00    0.00  24.32
nvme29n1        81.60  23355.20    23.00  21.99    0.20   286.22   77.60  24416.00     2.00   2.51    0.24   314.64    0.00      0.00     0.00   0.00    0.00     0.00    0.00  24.32
nvme2n1         76.80  22984.00    20.00  20.66    0.20   299.27   80.40  25912.00     1.80   2.19    0.26   322.29    0.00      0.00     0.00   0.00    0.00     0.00    0.00  23.92
nvme30n1        81.20  24161.60    19.60  19.44    0.20   297.56   78.60  25820.00     1.80   2.24    0.27   328.50    0.00      0.00     0.00   0.00    0.00     0.00    0.00  24.56
nvme31n1        75.00  23703.20    21.00  21.88    0.21   316.04   74.40  25304.80     1.80   2.36    0.28   340.12    0.00      0.00     0.00   0.00    0.00     0.00    0.00  23.52
nvme3n1         80.20  21554.40    18.60  18.83    0.19   268.76   84.60  26679.20     1.60   1.86    0.26   315.36    0.00      0.00     0.00   0.00    0.00     0.00    0.00  24.64
nvme4n1         72.60  21456.80    19.20  20.92    0.20   295.55   80.60  26147.20     1.60   1.95    0.26   324.41    0.00      0.00     0.00   0.00    0.00     0.00    0.00  23.76
nvme5n1         79.20  22350.40    17.00  17.67    0.19   282.20   83.80  26948.00     1.60   1.87    0.26   321.58    0.00      0.00     0.00   0.00    0.00     0.00    0.00  24.88
nvme6n1         78.00  23084.00    19.00  19.59    0.20   295.95   87.00  27984.00     1.60   1.81    0.28   321.66    0.00      0.00     0.00   0.00    0.00     0.00    0.00  25.20
nvme7n1         83.00  21947.20    17.00  17.00    0.19   264.42   88.00  28006.40     1.80   2.00    0.26   318.25    0.00      0.00     0.00   0.00    0.00     0.00    0.00  24.08
nvme8n1         73.40  20974.40    19.20  20.73    0.20   285.75   78.40  25416.00     1.80   2.24    0.28   324.18    0.00      0.00     0.00   0.00    0.00     0.00    0.00  23.52
nvme9n1         78.00  21990.40    16.60  17.55    0.19   281.93   78.00  25609.60     1.80   2.26    0.28   328.33    0.00      0.00     0.00   0.00    0.00     0.00    0.00  24.08


Device            r/s     rkB/s   rrqm/s  %rrqm r_await rareq-sz     w/s     wkB/s   wrqm/s  %wrqm w_await wareq-sz     d/s     dkB/s   drqm/s  %drqm d_await dareq-sz  aqu-sz  %util
dm-0            13.60     54.40     0.00   0.00    3.06     4.00    1.40      5.60     0.00   0.00    0.00     4.00    0.00      0.00     0.00   0.00    0.00     0.00    0.04   0.24
loop0            0.00      0.00     0.00   0.00    0.00     0.00    0.00      0.00     0.00   0.00    0.00     0.00    0.00      0.00     0.00   0.00    0.00     0.00    0.00   0.00
loop1            0.00      0.00     0.00   0.00    0.00     0.00    0.00      0.00     0.00   0.00    0.00     0.00    0.00      0.00     0.00   0.00    0.00     0.00    0.00   0.00
loop2            0.00      0.00     0.00   0.00    0.00     0.00    0.00      0.00     0.00   0.00    0.00     0.00    0.00      0.00     0.00   0.00    0.00     0.00    0.00   0.00
loop3            0.00      0.00     0.00   0.00    0.00     0.00    0.00      0.00     0.00   0.00    0.00     0.00    0.00      0.00     0.00   0.00    0.00     0.00    0.00   0.00
loop4            0.00      0.00     0.00   0.00    0.00     0.00    0.00      0.00     0.00   0.00    0.00     0.00    0.00      0.00     0.00   0.00    0.00     0.00    0.00   0.00
loop5            0.00      0.00     0.00   0.00    0.00     0.00    0.00      0.00     0.00   0.00    0.00     0.00    0.00      0.00     0.00   0.00    0.00     0.00    0.00   0.00
loop6            0.00      0.00     0.00   0.00    0.00     0.00    0.00      0.00     0.00   0.00    0.00     0.00    0.00      0.00     0.00   0.00    0.00     0.00    0.00   0.00
loop7            0.00      0.00     0.00   0.00    0.00     0.00    0.00      0.00     0.00   0.00    0.00     0.00    0.00      0.00     0.00   0.00    0.00     0.00    0.00   0.00
md0           3057.80 810263.20     0.00   0.00    0.00   264.98 3693.40 1264300.80     0.00   0.00    0.00   342.31    0.00      0.00     0.00   0.00    0.00     0.00    0.00   0.00
nvme0n1          4.40     54.40     9.20  67.65    0.09    12.36    0.40      5.60     1.00  71.43    0.00    14.00    0.00      0.00     0.00   0.00    0.00     0.00    0.00   0.24
nvme10n1        63.60  22067.20    27.60  30.26    0.22   346.97  105.40  36880.80     5.80   5.22    0.27   349.91    0.00      0.00     0.00   0.00    0.00     0.00    0.00  26.64
nvme11n1        63.40  22462.40    24.60  27.95    0.23   354.30  107.60  37687.20     6.20   5.45    0.28   350.25    0.00      0.00     0.00   0.00    0.00     0.00    0.00  26.80
nvme12n1        67.20  23042.40    25.60  27.59    0.23   342.89  106.80  37332.80     6.20   5.49    0.27   349.56    0.00      0.00     0.00   0.00    0.00     0.00    0.00  27.84
nvme13n1        65.40  22567.20    25.20  27.81    0.23   345.06  105.60  36841.60     6.20   5.55    0.26   348.88    0.00      0.00     0.00   0.00    0.00     0.00    0.00  27.36
nvme14n1        67.80  23405.60    27.40  28.78    0.22   345.22  108.80  38353.60     5.80   5.06    0.28   352.51    0.00      0.00     0.00   0.00    0.00     0.00    0.00  28.40
nvme15n1        68.40  23824.00    25.40  27.08    0.23   348.30  129.20  39478.40     6.80   5.00    0.24   305.56    0.00      0.00     0.00   0.00    0.00     0.00    0.00  34.24
nvme16n1        69.20  24128.80    29.40  29.82    0.22   348.68  114.00  39934.40     6.20   5.16    0.27   350.30    0.00      0.00     0.00   0.00    0.00     0.00    0.00  29.28
nvme17n1        70.80  24433.60    27.00  27.61    0.23   345.11  128.40  39211.20     6.20   4.61    0.23   305.38    0.00      0.00     0.00   0.00    0.00     0.00    0.00  32.48
nvme18n1        74.20  25137.60    29.40  28.38    0.22   338.78  126.60  39685.60     6.00   4.52    0.25   313.47    0.00      0.00     0.00   0.00    0.00     0.00    0.00  32.64
nvme19n1        75.40  26103.20    27.60  26.80    0.23   346.20  115.80  40730.40     5.80   4.77    0.27   351.73    0.00      0.00     0.00   0.00    0.00     0.00    0.00  29.60
nvme1n1         80.00  26840.80    28.40  26.20    0.23   335.51  109.80  38493.60     5.00   4.36    0.28   350.58    0.00      0.00     0.00   0.00    0.00     0.00    0.00  29.60
nvme20n1        73.00  25104.80    28.20  27.87    0.23   343.90  112.60  39094.40     5.80   4.90    0.26   347.20    0.00      0.00     0.00   0.00    0.00     0.00    0.00  29.52
nvme21n1        68.00  24245.60    27.20  28.57    0.23   356.55  109.00  38437.60     5.80   5.05    0.27   352.64    0.00      0.00     0.00   0.00    0.00     0.00    0.00  28.32
nvme22n1        74.80  24503.20    27.20  26.67    0.22   327.58  134.80  38571.20     6.20   4.40    0.22   286.14    0.00      0.00     0.00   0.00    0.00     0.00    0.00  36.00
nvme23n1        68.80  23972.00    26.80  28.03    0.24   348.43  110.20  38147.20     5.80   5.00    0.26   346.16    0.00      0.00     0.00   0.00    0.00     0.00    0.00  28.08
nvme24n1        66.40  23037.60    26.20  28.29    0.22   346.95  116.80  37390.40     5.80   4.73    0.24   320.12    0.00      0.00     0.00   0.00    0.00     0.00    0.00  30.64
nvme25n1        67.00  23811.20    28.20  29.62    0.23   355.39  107.60  37763.20     5.40   4.78    0.27   350.96    0.00      0.00     0.00   0.00    0.00     0.00    0.00  27.68
nvme26n1        71.40  24605.60    26.20  26.84    0.22   344.62  111.20  38224.80     5.20   4.47    0.26   343.75    0.00      0.00     0.00   0.00    0.00     0.00    0.00  28.40
nvme27n1        70.60  24404.80    29.40  29.40    0.22   345.68  110.60  38429.60     5.20   4.49    0.26   347.46    0.00      0.00     0.00   0.00    0.00     0.00    0.00  28.80
nvme28n1        68.60  23476.00    25.40  27.02    0.22   342.22  107.80  37740.00     5.20   4.60    0.26   350.09    0.00      0.00     0.00   0.00    0.00     0.00    0.00  27.12
nvme29n1        69.40  23847.20    29.40  29.76    0.22   343.62  107.80  37608.80     5.00   4.43    0.27   348.88    0.00      0.00     0.00   0.00    0.00     0.00    0.00  28.24
nvme2n1         76.20  26356.80    31.60  29.31    0.23   345.89  111.20  39058.40     5.20   4.47    0.28   351.24    0.00      0.00     0.00   0.00    0.00     0.00    0.00  28.96
nvme30n1        71.00  24312.00    26.00  26.80    0.24   342.42  105.60  36957.60     5.00   4.52    0.27   349.98    0.00      0.00     0.00   0.00    0.00     0.00    0.00  27.52
nvme31n1        74.20  25675.20    30.40  29.06    0.23   346.03  106.80  37488.00     5.40   4.81    0.28   351.01    0.00      0.00     0.00   0.00    0.00     0.00    0.00  28.00
nvme3n1         77.00  26034.40    28.80  27.22    0.22   338.11  108.20  37796.80     5.40   4.75    0.27   349.32    0.00      0.00     0.00   0.00    0.00     0.00    0.00  29.28
nvme4n1         72.80  25466.40    30.80  29.73    0.22   349.81  105.20  37142.40     5.40   4.88    0.27   353.06    0.00      0.00     0.00   0.00    0.00     0.00    0.00  29.04
nvme5n1         73.20  25131.20    28.60  28.09    0.22   343.32  107.40  37772.00     5.40   4.79    0.27   351.69    0.00      0.00     0.00   0.00    0.00     0.00    0.00  29.36
nvme6n1         71.80  24786.40    31.40  30.43    0.22   345.21  107.80  38092.80     5.40   4.77    0.28   353.37    0.00      0.00     0.00   0.00    0.00     0.00    0.00  28.48
nvme7n1         74.20  25683.20    28.40  27.68    0.22   346.13  110.60  38934.40     5.80   4.98    0.27   352.03    0.00      0.00     0.00   0.00    0.00     0.00    0.00  28.72
nvme8n1         72.20  25079.20    30.80  29.90    0.24   347.36  109.00  38024.80     5.80   5.05    0.26   348.85    0.00      0.00     0.00   0.00    0.00     0.00    0.00  27.92
nvme9n1         67.80  23507.20    25.40  27.25    0.24   346.71  108.60  37836.80     5.80   5.07    0.26   348.41    0.00      0.00     0.00   0.00    0.00     0.00    0.00  27.12


Device            r/s     rkB/s   rrqm/s  %rrqm r_await rareq-sz     w/s     wkB/s   wrqm/s  %wrqm w_await wareq-sz     d/s     dkB/s   drqm/s  %drqm d_await dareq-sz  aqu-sz  %util
dm-0           123.00   1079.20     0.00   0.00    0.03     8.77    1.60     53.60     0.00   0.00    0.00    33.50    0.00      0.00     0.00   0.00    0.00     0.00    0.00   2.00
loop0            0.00      0.00     0.00   0.00    0.00     0.00    0.00      0.00     0.00   0.00    0.00     0.00    0.00      0.00     0.00   0.00    0.00     0.00    0.00   0.00
loop1            0.00      0.00     0.00   0.00    0.00     0.00    0.00      0.00     0.00   0.00    0.00     0.00    0.00      0.00     0.00   0.00    0.00     0.00    0.00   0.00
loop2            0.00      0.00     0.00   0.00    0.00     0.00    0.00      0.00     0.00   0.00    0.00     0.00    0.00      0.00     0.00   0.00    0.00     0.00    0.00   0.00
loop3            0.00      0.00     0.00   0.00    0.00     0.00    0.00      0.00     0.00   0.00    0.00     0.00    0.00      0.00     0.00   0.00    0.00     0.00    0.00   0.00
loop4            0.00      0.00     0.00   0.00    0.00     0.00    0.00      0.00     0.00   0.00    0.00     0.00    0.00      0.00     0.00   0.00    0.00     0.00    0.00   0.00
loop5            0.00      0.00     0.00   0.00    0.00     0.00    0.00      0.00     0.00   0.00    0.00     0.00    0.00      0.00     0.00   0.00    0.00     0.00    0.00   0.00
loop6            0.00      0.00     0.00   0.00    0.00     0.00    0.00      0.00     0.00   0.00    0.00     0.00    0.00      0.00     0.00   0.00    0.00     0.00    0.00   0.00
loop7            0.00      0.00     0.00   0.00    0.00     0.00    0.00      0.00     0.00   0.00    0.00     0.00    0.00      0.00     0.00   0.00    0.00     0.00    0.00   0.00
md0           4326.00 1376860.80     0.00   0.00    0.00   318.28 4022.60 1356893.60     0.00   0.00    0.00   337.32    0.00      0.00     0.00   0.00    0.00     0.00    0.00   0.00
nvme0n1         37.20   1079.20    86.20  69.85    0.11    29.01    0.60     53.60     1.00  62.50    0.00    89.33    0.00      0.00     0.00   0.00    0.00     0.00    0.00   2.00
nvme10n1       104.20  37813.60    39.20  27.34    0.24   362.89  119.20  42891.20     8.00   6.29    0.31   359.83    0.00      0.00     0.00   0.00    0.00     0.00    0.00  33.44
nvme11n1       105.80  38498.40    36.20  25.49    0.24   363.88  123.40  43772.80    10.00   7.50    0.31   354.72    0.00      0.00     0.00   0.00    0.00     0.00    0.00  32.88
nvme12n1       103.40  37647.20    37.80  26.77    0.24   364.09  120.60  42470.40     7.60   5.93    0.32   352.16    0.00      0.00     0.00   0.00    0.00     0.00    0.00  32.32
nvme13n1       103.00  37791.20    37.80  26.85    0.24   366.90  120.40  41395.20     6.20   4.90    0.32   343.81    0.00      0.00     0.00   0.00    0.00     0.00    0.00  32.64
nvme14n1       105.80  38954.40    39.00  26.93    0.23   368.19  118.40  40881.60    29.80  20.11    0.31   345.28    0.00      0.00     0.00   0.00    0.00     0.00    0.00  33.28
nvme15n1       109.40  39740.00    38.60  26.08    0.24   363.25  127.40  40780.00     7.00   5.21    0.27   320.09    0.00      0.00     0.00   0.00    0.00     0.00    0.00  35.36
nvme16n1       106.40  39200.00    38.60  26.62    0.24   368.42  112.60  40615.20     7.20   6.01    0.33   360.70    0.00      0.00     0.00   0.00    0.00     0.00    0.00  31.92
nvme17n1       107.20  38608.80    36.00  25.14    0.23   360.16  134.20  41379.20     8.80   6.15    0.25   308.34    0.00      0.00     0.00   0.00    0.00     0.00    0.00  35.60
nvme18n1       104.60  38214.40    39.80  27.56    0.23   365.34  126.80  41120.80     7.80   5.79    0.29   324.30    0.00      0.00     0.00   0.00    0.00     0.00    0.00  34.64
nvme19n1       110.40  38832.80    37.40  25.30    0.23   351.75  118.20  41679.20    11.60   8.94    0.29   352.62    0.00      0.00     0.00   0.00    0.00     0.00    0.00  32.72
nvme1n1         99.00  35792.80    33.00  25.00    0.24   361.54  118.60  42922.40     6.60   5.27    0.32   361.91    0.00      0.00     0.00   0.00    0.00     0.00    0.00  32.08
nvme20n1       103.20  38071.20    38.80  27.32    0.23   368.91  120.60  43354.40     5.60   4.44    0.35   359.49    0.00      0.00     0.00   0.00    0.00     0.00    0.00  32.56
nvme21n1       114.20  39423.20    36.20  24.07    0.23   345.21  121.80  43888.00     6.00   4.69    0.32   360.33    0.00      0.00     0.00   0.00    0.00     0.00    0.00  33.52
nvme22n1       105.20  38888.00    38.20  26.64    0.24   369.66  136.20  43504.00    13.40   8.96    0.29   319.41    0.00      0.00     0.00   0.00    0.00     0.00    0.00  36.16
nvme23n1       109.20  39020.00    37.60  25.61    0.23   357.33  117.40  43039.20     5.60   4.55    0.30   366.60    0.00      0.00     0.00   0.00    0.00     0.00    0.00  34.08
nvme24n1       103.00  38327.20    38.80  27.36    0.23   372.11  136.20  43559.20    13.80   9.20    0.26   319.82    0.00      0.00     0.00   0.00    0.00     0.00    0.00  36.56
nvme25n1       106.80  37611.20    35.60  25.00    0.22   352.16  118.60  43376.00     4.60   3.73    0.30   365.73    0.00      0.00     0.00   0.00    0.00     0.00    0.00  32.72
nvme26n1       104.20  37046.40    38.00  26.72    0.24   355.53  124.20  42127.20     5.40   4.17    0.30   339.19    0.00      0.00     0.00   0.00    0.00     0.00    0.00  34.16
nvme27n1       106.20  37393.60    35.00  24.79    0.23   352.11  118.00  42804.00     4.40   3.59    0.29   362.75    0.00      0.00     0.00   0.00    0.00     0.00    0.00  32.40
nvme28n1       100.80  36309.60    35.60  26.10    0.23   360.21  115.40  41827.20     7.80   6.33    0.30   362.45    0.00      0.00     0.00   0.00    0.00     0.00    0.00  32.16
nvme29n1       101.00  35909.60    35.40  25.95    0.23   355.54  115.20  42644.80     8.20   6.65    0.32   370.18    0.00      0.00     0.00   0.00    0.00     0.00    0.00  33.52
nvme2n1        101.60  36064.00    34.40  25.29    0.24   354.96  116.20  43118.40     5.00   4.13    0.31   371.07    0.00      0.00     0.00   0.00    0.00     0.00    0.00  33.52
nvme30n1        97.80  36208.00    34.00  25.80    0.24   370.22  117.60  43239.20     4.40   3.61    0.34   367.68    0.00      0.00     0.00   0.00    0.00     0.00    0.00  33.60
nvme31n1       101.80  36131.20    33.60  24.82    0.23   354.92  119.00  43489.60     5.60   4.49    0.30   365.46    0.00      0.00     0.00   0.00    0.00     0.00    0.00  33.12
nvme3n1         94.00  34424.00    33.20  26.10    0.24   366.21  117.00  42441.60     8.40   6.70    0.29   362.75    0.00      0.00     0.00   0.00    0.00     0.00    0.00  32.40
nvme4n1         96.20  34380.00    33.00  25.54    0.24   357.38  115.60  42306.40     5.00   4.15    0.30   365.97    0.00      0.00     0.00   0.00    0.00     0.00    0.00  31.84
nvme5n1         97.40  34320.80    32.20  24.85    0.23   352.37  113.20  41072.00     4.40   3.74    0.29   362.83    0.00      0.00     0.00   0.00    0.00     0.00    0.00  31.52
nvme6n1         99.40  35254.40    33.80  25.38    0.23   354.67  113.60  41296.80     6.80   5.65    0.30   363.53    0.00      0.00     0.00   0.00    0.00     0.00    0.00  33.28
nvme7n1         98.40  35786.40    32.80  25.00    0.23   363.68  119.00  42768.00     7.60   6.00    0.30   359.39    0.00      0.00     0.00   0.00    0.00     0.00    0.00  31.76
nvme8n1        101.60  36793.60    37.20  26.80    0.23   362.14  121.00  44036.80     5.00   3.97    0.33   363.94    0.00      0.00     0.00   0.00    0.00     0.00    0.00  33.28
nvme9n1        102.00  37236.00    36.00  26.09    0.24   365.06  122.80  43333.60     6.20   4.81    0.31   352.88    0.00      0.00     0.00   0.00    0.00     0.00    0.00  33.20


Device            r/s     rkB/s   rrqm/s  %rrqm r_await rareq-sz     w/s     wkB/s   wrqm/s  %wrqm w_await wareq-sz     d/s     dkB/s   drqm/s  %drqm d_await dareq-sz  aqu-sz  %util
dm-0             0.00      0.00     0.00   0.00    0.00     0.00    2.20      8.80     0.00   0.00    0.00     4.00    0.00      0.00     0.00   0.00    0.00     0.00    0.00   0.08
loop0            0.00      0.00     0.00   0.00    0.00     0.00    0.00      0.00     0.00   0.00    0.00     0.00    0.00      0.00     0.00   0.00    0.00     0.00    0.00   0.00
loop1            0.00      0.00     0.00   0.00    0.00     0.00    0.00      0.00     0.00   0.00    0.00     0.00    0.00      0.00     0.00   0.00    0.00     0.00    0.00   0.00
loop2            0.00      0.00     0.00   0.00    0.00     0.00    0.00      0.00     0.00   0.00    0.00     0.00    0.00      0.00     0.00   0.00    0.00     0.00    0.00   0.00
loop3            0.00      0.00     0.00   0.00    0.00     0.00    0.00      0.00     0.00   0.00    0.00     0.00    0.00      0.00     0.00   0.00    0.00     0.00    0.00   0.00
loop4            0.00      0.00     0.00   0.00    0.00     0.00    0.00      0.00     0.00   0.00    0.00     0.00    0.00      0.00     0.00   0.00    0.00     0.00    0.00   0.00
loop5            0.00      0.00     0.00   0.00    0.00     0.00    0.00      0.00     0.00   0.00    0.00     0.00    0.00      0.00     0.00   0.00    0.00     0.00    0.00   0.00
loop6            0.00      0.00     0.00   0.00    0.00     0.00    0.00      0.00     0.00   0.00    0.00     0.00    0.00      0.00     0.00   0.00    0.00     0.00    0.00   0.00
loop7            0.00      0.00     0.00   0.00    0.00     0.00    0.00      0.00     0.00   0.00    0.00     0.00    0.00      0.00     0.00   0.00    0.00     0.00    0.00   0.00
md0           2755.00 875588.80     0.00   0.00    0.00   317.82 2924.40 1068331.20     0.00   0.00    0.00   365.32    0.00      0.00     0.00   0.00    0.00     0.00    0.00   0.00
nvme0n1          0.00      0.00     0.00   0.00    0.00     0.00    0.40      8.80     1.80  81.82    0.00    22.00    0.00      0.00     0.00   0.00    0.00     0.00    0.00   0.08
nvme10n1        71.00  26746.40    23.20  24.63    0.24   376.71   88.60  33172.00     3.40   3.70    0.29   374.40    0.00      0.00     0.00   0.00    0.00     0.00    0.00  28.00
nvme11n1        66.60  25827.20    25.20  27.45    0.23   387.80   87.80  32877.60     3.00   3.30    0.30   374.46    0.00      0.00     0.00   0.00    0.00     0.00    0.00  26.80
nvme12n1        70.80  26153.60    24.80  25.94    0.23   369.40   88.20  33116.80     3.40   3.71    0.28   375.47    0.00      0.00     0.00   0.00    0.00     0.00    0.00  27.60
nvme13n1        67.20  25368.80    24.80  26.96    0.24   377.51   88.20  33188.80     3.40   3.71    0.31   376.29    0.00      0.00     0.00   0.00    0.00     0.00    0.00  26.96
nvme14n1        69.00  25111.20    23.40  25.32    0.22   363.93   88.40  33143.20     3.00   3.28    0.29   374.92    0.00      0.00     0.00   0.00    0.00     0.00    0.00  27.76
nvme15n1        66.40  24740.00    23.40  26.06    0.23   372.59  100.40  33416.80     3.60   3.46    0.25   332.84    0.00      0.00     0.00   0.00    0.00     0.00    0.00  29.84
nvme16n1        67.60  25028.00    21.00  23.70    0.24   370.24   87.20  33123.20     3.20   3.54    0.29   379.85    0.00      0.00     0.00   0.00    0.00     0.00    0.00  26.72
nvme17n1        63.60  24480.00    22.00  25.70    0.24   384.91  102.80  33512.80     3.80   3.56    0.24   326.00    0.00      0.00     0.00   0.00    0.00     0.00    0.00  27.36
nvme18n1        66.40  24584.80    21.20  24.20    0.23   370.25   99.60  33461.60     4.40   4.23    0.26   335.96    0.00      0.00     0.00   0.00    0.00     0.00    0.00  29.28
nvme19n1        63.20  24536.80    21.00  24.94    0.23   388.24   86.80  33136.80     2.80   3.12    0.29   381.76    0.00      0.00     0.00   0.00    0.00     0.00    0.00  25.60
nvme1n1         65.60  24821.60    22.60  25.62    0.23   378.38   85.40  32252.80     3.40   3.83    0.26   377.67    0.00      0.00     0.00   0.00    0.00     0.00    0.00  26.08
nvme20n1        67.80  25512.80    22.00  24.50    0.22   376.29   90.00  34116.00     2.80   3.02    0.31   379.07    0.00      0.00     0.00   0.00    0.00     0.00    0.00  27.12
nvme21n1        67.00  26298.40    24.40  26.70    0.24   392.51   91.60  34462.40     2.80   2.97    0.29   376.23    0.00      0.00     0.00   0.00    0.00     0.00    0.00  27.20
nvme22n1        67.80  25763.20    23.80  25.98    0.23   379.99  105.40  34176.00     3.20   2.95    0.25   324.25    0.00      0.00     0.00   0.00    0.00     0.00    0.00  31.52
nvme23n1        64.60  25301.60    22.40  25.75    0.24   391.67   90.20  34262.40     3.20   3.43    0.27   379.85    0.00      0.00     0.00   0.00    0.00     0.00    0.00  26.00
nvme24n1        65.60  25048.00    23.20  26.13    0.22   381.83  103.40  34564.80     3.00   2.82    0.24   334.28    0.00      0.00     0.00   0.00    0.00     0.00    0.00  30.00
nvme25n1        65.20  25511.20    22.00  25.23    0.24   391.28   91.60  34570.40     3.20   3.38    0.28   377.41    0.00      0.00     0.00   0.00    0.00     0.00    0.00  27.44
nvme26n1        64.80  25408.00    24.80  27.68    0.23   392.10   93.80  34131.20     3.40   3.50    0.27   363.87    0.00      0.00     0.00   0.00    0.00     0.00    0.00  28.56
nvme27n1        66.00  25654.40    20.60  23.79    0.24   388.70   90.00  34047.20     3.60   3.85    0.27   378.30    0.00      0.00     0.00   0.00    0.00     0.00    0.00  26.24
nvme28n1        68.00  25230.40    26.00  27.66    0.24   371.04   86.80  32577.60     4.00   4.41    0.27   375.32    0.00      0.00     0.00   0.00    0.00     0.00    0.00  27.28
nvme29n1        68.80  26448.80    19.60  22.17    0.24   384.43   89.00  33164.00     3.40   3.68    0.27   372.63    0.00      0.00     0.00   0.00    0.00     0.00    0.00  26.24
nvme2n1         64.60  24998.40    20.20  23.82    0.24   386.97   85.80  31775.20     3.00   3.38    0.29   370.34    0.00      0.00     0.00   0.00    0.00     0.00    0.00  26.24
nvme30n1        68.00  25908.80    24.40  26.41    0.23   381.01   88.80  33463.20     3.20   3.48    0.27   376.84    0.00      0.00     0.00   0.00    0.00     0.00    0.00  26.32
nvme31n1        67.00  25968.80    21.00  23.86    0.24   387.59   89.20  33276.80     3.40   3.67    0.27   373.06    0.00      0.00     0.00   0.00    0.00     0.00    0.00  27.04
nvme3n1         63.00  24170.40    22.40  26.23    0.23   383.66   81.60  30322.40     2.80   3.32    0.27   371.60    0.00      0.00     0.00   0.00    0.00     0.00    0.00  25.12
nvme4n1         59.80  23368.00    19.20  24.30    0.23   390.77   80.60  30302.40     3.20   3.82    0.28   375.96    0.00      0.00     0.00   0.00    0.00     0.00    0.00  24.80
nvme5n1         62.80  24071.20    23.40  27.15    0.23   383.30   82.00  31006.40     3.20   3.76    0.27   378.13    0.00      0.00     0.00   0.00    0.00     0.00    0.00  25.52
nvme6n1         62.00  23966.40    20.40  24.76    0.23   386.55   82.80  31380.00     3.20   3.72    0.29   378.99    0.00      0.00     0.00   0.00    0.00     0.00    0.00  25.12
nvme7n1         64.80  25004.80    23.80  26.86    0.23   385.88   84.00  31909.60     3.60   4.11    0.27   379.88    0.00      0.00     0.00   0.00    0.00     0.00    0.00  26.24
nvme8n1         68.00  26170.40    21.40  23.94    0.24   384.86   86.80  32651.20     3.60   3.98    0.28   376.17    0.00      0.00     0.00   0.00    0.00     0.00    0.00  27.04
nvme9n1         68.40  26283.20    26.00  27.54    0.24   384.26   87.00  32352.00     3.40   3.76    0.29   371.86    0.00      0.00     0.00   0.00    0.00     0.00    0.00  28.00


Device            r/s     rkB/s   rrqm/s  %rrqm r_await rareq-sz     w/s     wkB/s   wrqm/s  %wrqm w_await wareq-sz     d/s     dkB/s   drqm/s  %drqm d_await dareq-sz  aqu-sz  %util
dm-0            70.80    285.60     0.00   0.00    0.36     4.03    0.80      3.20     0.00   0.00    0.00     4.00    0.00      0.00     0.00   0.00    0.00     0.00    0.03   0.32
loop0            0.00      0.00     0.00   0.00    0.00     0.00    0.00      0.00     0.00   0.00    0.00     0.00    0.00      0.00     0.00   0.00    0.00     0.00    0.00   0.00
loop1            0.00      0.00     0.00   0.00    0.00     0.00    0.00      0.00     0.00   0.00    0.00     0.00    0.00      0.00     0.00   0.00    0.00     0.00    0.00   0.00
loop2            0.00      0.00     0.00   0.00    0.00     0.00    0.00      0.00     0.00   0.00    0.00     0.00    0.00      0.00     0.00   0.00    0.00     0.00    0.00   0.00
loop3            0.00      0.00     0.00   0.00    0.00     0.00    0.00      0.00     0.00   0.00    0.00     0.00    0.00      0.00     0.00   0.00    0.00     0.00    0.00   0.00
loop4            0.00      0.00     0.00   0.00    0.00     0.00    0.00      0.00     0.00   0.00    0.00     0.00    0.00      0.00     0.00   0.00    0.00     0.00    0.00   0.00
loop5            0.00      0.00     0.00   0.00    0.00     0.00    0.00      0.00     0.00   0.00    0.00     0.00    0.00      0.00     0.00   0.00    0.00     0.00    0.00   0.00
loop6            0.00      0.00     0.00   0.00    0.00     0.00    0.00      0.00     0.00   0.00    0.00     0.00    0.00      0.00     0.00   0.00    0.00     0.00    0.00   0.00
loop7            0.00      0.00     0.00   0.00    0.00     0.00    0.00      0.00     0.00   0.00    0.00     0.00    0.00      0.00     0.00   0.00    0.00     0.00    0.00   0.00
md0           7872.00 2433120.80     0.00   0.00    0.00   309.09 6014.40 2206551.20     0.00   0.00    0.00   366.88    0.00      0.00     0.00   0.00    0.00     0.00    0.00   0.00
nvme0n1          6.80    282.40    63.80  90.37    0.18    41.53    0.40      3.20     0.40  50.00    0.00     8.00    0.00      0.00     0.00   0.00    0.00     0.00    0.00   0.32
nvme10n1       188.80  66698.40    67.80  26.42    0.24   353.28  184.60  70198.40     3.00   1.60    0.34   380.27    0.00      0.00     0.00   0.00    0.00     0.00    0.00  44.08
nvme11n1       189.80  66956.80    64.80  25.45    0.24   352.78  177.60  67284.80     2.80   1.55    0.34   378.86    0.00      0.00     0.00   0.00    0.00     0.00    0.00  41.92
nvme12n1       180.40  65005.60    66.20  26.85    0.25   360.34  171.20  66124.80     2.40   1.38    0.34   386.24    0.00      0.00     0.00   0.00    0.00     0.00    0.00  42.24
nvme13n1       187.20  65618.40    63.80  25.42    0.24   350.53  177.00  66828.00     2.80   1.56    0.34   377.56    0.00      0.00     0.00   0.00    0.00     0.00    0.00  42.16
nvme14n1       182.40  64923.20    63.80  25.91    0.26   355.94  172.40  66653.60     2.80   1.60    0.35   386.62    0.00      0.00     0.00   0.00    0.00     0.00    0.00  40.08
nvme15n1       187.00  65812.80    62.80  25.14    0.25   351.94  192.00  66985.60     4.60   2.34    0.30   348.88    0.00      0.00     0.00   0.00    0.00     0.00    0.00  43.92
nvme16n1       181.80  64429.60    59.40  24.63    0.25   354.40  170.60  65909.60     2.00   1.16    0.35   386.34    0.00      0.00     0.00   0.00    0.00     0.00    0.00  40.56
nvme17n1       187.00  66130.40    61.80  24.84    0.25   353.64  236.00  68124.80     4.20   1.75    0.24   288.66    0.00      0.00     0.00   0.00    0.00     0.00    0.00  43.60
nvme18n1       187.00  65723.20    57.60  23.55    0.25   351.46  216.80  68356.80     4.40   1.99    0.30   315.30    0.00      0.00     0.00   0.00    0.00     0.00    0.00  44.56
nvme19n1       185.20  66442.40    64.40  25.80    0.24   358.76  182.00  69703.20     2.40   1.30    0.33   382.98    0.00      0.00     0.00   0.00    0.00     0.00    0.00  41.60
nvme1n1        191.40  66897.60    65.00  25.35    0.26   349.52  179.60  69357.60     2.80   1.54    0.38   386.18    0.00      0.00     0.00   0.00    0.00     0.00    0.00  42.80
nvme20n1       193.20  68443.20    60.60  23.88    0.24   354.26  182.00  70298.40     2.80   1.52    0.36   386.25    0.00      0.00     0.00   0.00    0.00     0.00    0.00  42.00
nvme21n1       192.00  68598.40    64.60  25.18    0.25   357.28  187.00  71093.60     3.00   1.58    0.34   380.18    0.00      0.00     0.00   0.00    0.00     0.00    0.00  42.72
nvme22n1       193.60  67545.60    63.60  24.73    0.26   348.89  215.20  70356.80     3.00   1.37    0.30   326.94    0.00      0.00     0.00   0.00    0.00     0.00    0.00  45.68
nvme23n1       188.40  67792.80    63.00  25.06    0.25   359.83  185.20  70924.00     3.00   1.59    0.33   382.96    0.00      0.00     0.00   0.00    0.00     0.00    0.00  40.48
nvme24n1       194.40  67983.20    63.20  24.53    0.24   349.71  233.80  71120.80     3.00   1.27    0.27   304.20    0.00      0.00     0.00   0.00    0.00     0.00    0.00  46.96
nvme25n1       198.60  69256.00    65.80  24.89    0.25   348.72  187.00  70941.60     3.00   1.58    0.33   379.37    0.00      0.00     0.00   0.00    0.00     0.00    0.00  42.72
nvme26n1       194.20  68005.60    62.00  24.20    0.25   350.18  190.40  68465.60     3.20   1.65    0.32   359.59    0.00      0.00     0.00   0.00    0.00     0.00    0.00  44.72
nvme27n1       191.20  68360.80    63.80  25.02    0.24   357.54  174.80  67681.60     3.00   1.69    0.31   387.19    0.00      0.00     0.00   0.00    0.00     0.00    0.00  42.48
nvme28n1       186.60  65350.40    63.20  25.30    0.24   350.22  175.60  68092.00     2.40   1.35    0.32   387.77    0.00      0.00     0.00   0.00    0.00     0.00    0.00  41.84
nvme29n1       181.60  65264.80    62.00  25.45    0.24   359.39  176.80  68303.20     2.60   1.45    0.33   386.33    0.00      0.00     0.00   0.00    0.00     0.00    0.00  41.76
nvme2n1        193.40  68673.60    63.80  24.81    0.26   355.09  183.20  70882.40     2.80   1.51    0.35   386.91    0.00      0.00     0.00   0.00    0.00     0.00    0.00  42.88
nvme30n1       189.40  65348.00    62.20  24.72    0.25   345.03  176.40  68364.00     2.80   1.56    0.38   387.55    0.00      0.00     0.00   0.00    0.00     0.00    0.00  41.68
nvme31n1       189.20  65736.00    65.80  25.80    0.26   347.44  178.20  68423.20     3.00   1.66    0.33   383.97    0.00      0.00     0.00   0.00    0.00     0.00    0.00  42.56
nvme3n1        194.00  68408.80    62.80  24.45    0.26   352.62  187.00  73131.20     3.20   1.68    0.35   391.08    0.00      0.00     0.00   0.00    0.00     0.00    0.00  42.16
nvme4n1        193.60  68974.40    65.60  25.31    0.26   356.27  188.00  73419.20     2.80   1.47    0.35   390.53    0.00      0.00     0.00   0.00    0.00     0.00    0.00  44.08
nvme5n1        197.80  69886.40    65.20  24.79    0.25   353.32  192.40  74069.60     2.80   1.43    0.33   384.98    0.00      0.00     0.00   0.00    0.00     0.00    0.00  41.60
nvme6n1        193.00  69162.40    67.40  25.88    0.25   358.35  188.20  72409.60     3.20   1.67    0.34   384.75    0.00      0.00     0.00   0.00    0.00     0.00    0.00  42.80
nvme7n1        195.60  70036.00    65.20  25.00    0.24   358.06  190.40  73446.40     3.40   1.75    0.32   385.75    0.00      0.00     0.00   0.00    0.00     0.00    0.00  44.00
nvme8n1        193.00  69321.60    68.60  26.22    0.26   359.18  185.80  72014.40     3.60   1.90    0.34   387.59    0.00      0.00     0.00   0.00    0.00     0.00    0.00  43.60
nvme9n1        190.80  68303.20    64.60  25.29    0.25   357.98  187.00  71464.00     2.80   1.48    0.36   382.16    0.00      0.00     0.00   0.00    0.00     0.00    0.00  43.44


Device            r/s     rkB/s   rrqm/s  %rrqm r_await rareq-sz     w/s     wkB/s   wrqm/s  %wrqm w_await wareq-sz     d/s     dkB/s   drqm/s  %drqm d_await dareq-sz  aqu-sz  %util
dm-0             0.60      4.80     0.00   0.00    0.00     8.00   18.80    106.40     0.00   0.00    0.00     5.66    0.00      0.00     0.00   0.00    0.00     0.00    0.00   0.08
loop0            0.00      0.00     0.00   0.00    0.00     0.00    0.00      0.00     0.00   0.00    0.00     0.00    0.00      0.00     0.00   0.00    0.00     0.00    0.00   0.00
loop1            0.00      0.00     0.00   0.00    0.00     0.00    0.00      0.00     0.00   0.00    0.00     0.00    0.00      0.00     0.00   0.00    0.00     0.00    0.00   0.00
loop2            0.00      0.00     0.00   0.00    0.00     0.00    0.00      0.00     0.00   0.00    0.00     0.00    0.00      0.00     0.00   0.00    0.00     0.00    0.00   0.00
loop3            0.00      0.00     0.00   0.00    0.00     0.00    0.00      0.00     0.00   0.00    0.00     0.00    0.00      0.00     0.00   0.00    0.00     0.00    0.00   0.00
loop4            0.00      0.00     0.00   0.00    0.00     0.00    0.00      0.00     0.00   0.00    0.00     0.00    0.00      0.00     0.00   0.00    0.00     0.00    0.00   0.00
loop5            0.00      0.00     0.00   0.00    0.00     0.00    0.00      0.00     0.00   0.00    0.00     0.00    0.00      0.00     0.00   0.00    0.00     0.00    0.00   0.00
loop6            0.00      0.00     0.00   0.00    0.00     0.00    0.00      0.00     0.00   0.00    0.00     0.00    0.00      0.00     0.00   0.00    0.00     0.00    0.00   0.00
loop7            0.00      0.00     0.00   0.00    0.00     0.00    0.00      0.00     0.00   0.00    0.00     0.00    0.00      0.00     0.00   0.00    0.00     0.00    0.00   0.00
md0           4100.00 1256178.40     0.00   0.00    0.00   306.38 4296.60 1601736.80     0.00   0.00    0.00   372.79    0.00      0.00     0.00   0.00    0.00     0.00    0.00   0.00
nvme0n1          0.80      8.00     0.00   0.00    0.25    10.00   16.20    106.40     2.60  13.83    0.07     6.57    0.00      0.00     0.00   0.00    0.00     0.00    0.00   0.08
nvme10n1        97.20  35718.40    29.40  23.22    0.23   367.47  121.60  48181.60     7.20   5.59    0.31   396.23    0.00      0.00     0.00   0.00    0.00     0.00    0.00  36.32
nvme11n1        94.60  35371.20    28.60  23.21    0.23   373.90  123.60  48899.20     7.60   5.79    0.31   395.62    0.00      0.00     0.00   0.00    0.00     0.00    0.00  35.28
nvme12n1        94.00  34035.20    29.80  24.07    0.24   362.08  127.00  49204.80     7.60   5.65    0.29   387.44    0.00      0.00     0.00   0.00    0.00     0.00    0.00  35.36
nvme13n1        92.20  33952.00    28.80  23.80    0.24   368.24  127.80  49468.00     6.80   5.05    0.29   387.07    0.00      0.00     0.00   0.00    0.00     0.00    0.00  37.04
nvme14n1        91.60  33787.20    30.00  24.67    0.23   368.86  131.40  49534.40    26.40  16.73    0.29   376.97    0.00      0.00     0.00   0.00    0.00     0.00    0.00  35.52
nvme15n1        98.00  35232.80    28.60  22.59    0.23   359.52  149.40  50431.20    13.80   8.46    0.26   337.56    0.00      0.00     0.00   0.00    0.00     0.00    0.00  42.08
nvme16n1        96.80  35408.80    29.00  23.05    0.23   365.79  128.80  50963.20     8.00   5.85    0.28   395.68    0.00      0.00     0.00   0.00    0.00     0.00    0.00  37.20
nvme17n1        98.40  35421.60    30.00  23.36    0.24   359.98  155.60  49783.20     9.40   5.70    0.23   319.94    0.00      0.00     0.00   0.00    0.00     0.00    0.00  38.56
nvme18n1        99.00  35656.80    31.60  24.20    0.23   360.17  149.40  49598.40    13.20   8.12    0.25   331.98    0.00      0.00     0.00   0.00    0.00     0.00    0.00  39.52
nvme19n1        99.40  35286.40    28.80  22.46    0.23   354.99  122.40  48126.40     8.60   6.56    0.29   393.19    0.00      0.00     0.00   0.00    0.00     0.00    0.00  36.48
nvme1n1         99.20  36257.60    34.40  25.75    0.22   365.50  125.80  48689.60     7.20   5.41    0.31   387.04    0.00      0.00     0.00   0.00    0.00     0.00    0.00  37.92
nvme20n1       102.60  36627.20    32.80  24.22    0.23   356.99  123.40  48908.80     7.80   5.95    0.29   396.34    0.00      0.00     0.00   0.00    0.00     0.00    0.00  37.04
nvme21n1       103.00  36945.60    30.40  22.79    0.23   358.70  124.00  49168.00     8.40   6.34    0.29   396.52    0.00      0.00     0.00   0.00    0.00     0.00    0.00  37.84
nvme22n1       101.80  36693.60    34.40  25.26    0.23   360.45  147.20  48181.60    11.60   7.30    0.25   327.32    0.00      0.00     0.00   0.00    0.00     0.00    0.00  44.72
nvme23n1       103.00  36179.20    30.20  22.67    0.23   351.25  117.20  46525.60     8.20   6.54    0.29   396.98    0.00      0.00     0.00   0.00    0.00     0.00    0.00  35.52
nvme24n1       100.40  36792.00    32.80  24.62    0.23   366.45  134.20  47341.60    13.40   9.08    0.27   352.77    0.00      0.00     0.00   0.00    0.00     0.00    0.00  40.80
nvme25n1       103.00  36522.40    32.40  23.93    0.24   354.59  119.00  46736.00     9.20   7.18    0.28   392.74    0.00      0.00     0.00   0.00    0.00     0.00    0.00  36.56
nvme26n1        99.60  36450.40    35.80  26.44    0.23   365.97  129.20  47328.80    10.00   7.18    0.28   366.32    0.00      0.00     0.00   0.00    0.00     0.00    0.00  39.52
nvme27n1       101.20  35608.00    32.40  24.25    0.24   351.86  117.80  46552.00     8.80   6.95    0.28   395.18    0.00      0.00     0.00   0.00    0.00     0.00    0.00  34.88
nvme28n1       100.40  35600.80    35.20  25.96    0.23   354.59  121.60  46685.60     9.40   7.18    0.28   383.93    0.00      0.00     0.00   0.00    0.00     0.00    0.00  36.56
nvme29n1       103.20  35733.60    33.20  24.34    0.23   346.26  121.60  46809.60     8.20   6.32    0.28   384.95    0.00      0.00     0.00   0.00    0.00     0.00    0.00  36.32
nvme2n1        100.80  36277.60    32.40  24.32    0.23   359.90  121.20  48408.00     5.60   4.42    0.30   399.41    0.00      0.00     0.00   0.00    0.00     0.00    0.00  36.56
nvme30n1       101.20  36781.60    35.20  25.81    0.23   363.45  123.20  48383.20     9.00   6.81    0.32   392.72    0.00      0.00     0.00   0.00    0.00     0.00    0.00  37.36
nvme31n1       104.80  36626.40    32.80  23.84    0.23   349.49  124.00  48495.20     9.20   6.91    0.29   391.09    0.00      0.00     0.00   0.00    0.00     0.00    0.00  36.24
nvme3n1        100.20  36536.80    31.40  23.86    0.23   364.64  122.20  48326.40     7.60   5.86    0.29   395.47    0.00      0.00     0.00   0.00    0.00     0.00    0.00  37.04
nvme4n1        104.80  38451.20    34.40  24.71    0.23   366.90  125.60  49057.60     7.00   5.28    0.31   390.59    0.00      0.00     0.00   0.00    0.00     0.00    0.00  37.60
nvme5n1        105.40  38212.00    34.20  24.50    0.22   362.54  126.80  49151.20     8.00   5.93    0.28   387.63    0.00      0.00     0.00   0.00    0.00     0.00    0.00  38.96
nvme6n1        106.00  38192.80    34.20  24.39    0.24   360.31  125.60  48780.00     7.60   5.71    0.30   388.38    0.00      0.00     0.00   0.00    0.00     0.00    0.00  37.28
nvme7n1        105.00  38210.40    33.20  24.02    0.24   363.91  123.00  48278.40     6.60   5.09    0.29   392.51    0.00      0.00     0.00   0.00    0.00     0.00    0.00  37.60
nvme8n1        105.40  37543.20    32.20  23.40    0.23   356.20  123.60  48365.60     7.00   5.36    0.29   391.31    0.00      0.00     0.00   0.00    0.00     0.00    0.00  36.96
nvme9n1         99.00  35512.00    30.20  23.37    0.23   358.71  120.40  47008.00     6.80   5.35    0.30   390.43    0.00      0.00     0.00   0.00    0.00     0.00    0.00  37.20


Device            r/s     rkB/s   rrqm/s  %rrqm r_await rareq-sz     w/s     wkB/s   wrqm/s  %wrqm w_await wareq-sz     d/s     dkB/s   drqm/s  %drqm d_await dareq-sz  aqu-sz  %util
dm-0             0.00      0.00     0.00   0.00    0.00     0.00    3.80     17.60     0.00   0.00    0.00     4.63    0.00      0.00     0.00   0.00    0.00     0.00    0.00   0.16
loop0            0.00      0.00     0.00   0.00    0.00     0.00    0.00      0.00     0.00   0.00    0.00     0.00    0.00      0.00     0.00   0.00    0.00     0.00    0.00   0.00
loop1            0.00      0.00     0.00   0.00    0.00     0.00    0.00      0.00     0.00   0.00    0.00     0.00    0.00      0.00     0.00   0.00    0.00     0.00    0.00   0.00
loop2            0.00      0.00     0.00   0.00    0.00     0.00    0.00      0.00     0.00   0.00    0.00     0.00    0.00      0.00     0.00   0.00    0.00     0.00    0.00   0.00
loop3            0.00      0.00     0.00   0.00    0.00     0.00    0.00      0.00     0.00   0.00    0.00     0.00    0.00      0.00     0.00   0.00    0.00     0.00    0.00   0.00
loop4            0.00      0.00     0.00   0.00    0.00     0.00    0.00      0.00     0.00   0.00    0.00     0.00    0.00      0.00     0.00   0.00    0.00     0.00    0.00   0.00
loop5            0.00      0.00     0.00   0.00    0.00     0.00    0.00      0.00     0.00   0.00    0.00     0.00    0.00      0.00     0.00   0.00    0.00     0.00    0.00   0.00
loop6            0.00      0.00     0.00   0.00    0.00     0.00    0.00      0.00     0.00   0.00    0.00     0.00    0.00      0.00     0.00   0.00    0.00     0.00    0.00   0.00
loop7            0.00      0.00     0.00   0.00    0.00     0.00    0.00      0.00     0.00   0.00    0.00     0.00    0.00      0.00     0.00   0.00    0.00     0.00    0.00   0.00
md0           7772.40 2578473.60     0.00   0.00    0.00   331.75 6175.60 2337545.60     0.00   0.00    0.00   378.51    0.00      0.00     0.00   0.00    0.00     0.00    0.00   0.00
nvme0n1          0.00      0.00     0.00   0.00    0.00     0.00    0.60     17.60     3.20  84.21    0.00    29.33    0.00      0.00     0.00   0.00    0.00     0.00    0.00   0.16
nvme10n1       189.80  69549.60    57.00  23.10    0.26   366.44  193.80  75213.60     3.40   1.72    0.35   388.10    0.00      0.00     0.00   0.00    0.00     0.00    0.00  45.44
nvme11n1       192.20  69603.20    56.80  22.81    0.25   362.14  203.00  75841.60     3.20   1.55    0.33   373.60    0.00      0.00     0.00   0.00    0.00     0.00    0.00  46.88
nvme12n1       190.20  69627.20    54.80  22.37    0.25   366.07  199.80  76197.60     3.40   1.67    0.33   381.37    0.00      0.00     0.00   0.00    0.00     0.00    0.00  47.28
nvme13n1       193.20  69158.40    60.00  23.70    0.26   357.96  192.80  74573.60     3.80   1.93    0.36   386.79    0.00      0.00     0.00   0.00    0.00     0.00    0.00  47.20
nvme14n1       192.60  70449.60    53.00  21.58    0.26   365.78  198.80  76940.00     3.80   1.88    0.34   387.02    0.00      0.00     0.00   0.00    0.00     0.00    0.00  46.96
nvme15n1       195.00  70796.00    59.60  23.41    0.25   363.06  214.00  76508.00     5.00   2.28    0.31   357.51    0.00      0.00     0.00   0.00    0.00     0.00    0.00  51.04
nvme16n1       197.80  72830.40    55.20  21.82    0.25   368.20  200.20  77312.00     3.20   1.57    0.35   386.17    0.00      0.00     0.00   0.00    0.00     0.00    0.00  46.80
nvme17n1       200.60  72122.40    57.60  22.31    0.25   359.53  223.20  75289.60     4.80   2.11    0.28   337.32    0.00      0.00     0.00   0.00    0.00     0.00    0.00  49.60
nvme18n1       199.80  72948.00    57.20  22.26    0.26   365.11  219.00  75208.00     4.60   2.06    0.32   343.42    0.00      0.00     0.00   0.00    0.00     0.00    0.00  49.04
nvme19n1       196.40  71224.00    55.40  22.00    0.26   362.65  191.80  73563.20     3.20   1.64    0.34   383.54    0.00      0.00     0.00   0.00    0.00     0.00    0.00  46.48
nvme1n1        195.00  71088.80    58.40  23.05    0.26   364.56  184.40  72646.40     3.60   1.91    0.39   393.96    0.00      0.00     0.00   0.00    0.00     0.00    0.00  47.20
nvme20n1       198.40  72378.40    57.20  22.38    0.25   364.81  189.00  72811.20     3.00   1.56    0.37   385.24    0.00      0.00     0.00   0.00    0.00     0.00    0.00  46.32
nvme21n1       196.20  71649.60    56.00  22.20    0.26   365.19  187.80  72845.60     3.20   1.68    0.34   387.89    0.00      0.00     0.00   0.00    0.00     0.00    0.00  46.24
nvme22n1       195.60  70760.80    58.40  22.99    0.25   361.76  211.00  73897.60     3.20   1.49    0.31   350.23    0.00      0.00     0.00   0.00    0.00     0.00    0.00  49.68
nvme23n1       194.20  70387.20    57.40  22.81    0.25   362.45  191.00  73653.60     3.60   1.85    0.33   385.62    0.00      0.00     0.00   0.00    0.00     0.00    0.00  46.96
nvme24n1       189.80  68908.00    56.00  22.78    0.26   363.06  215.40  72033.60     3.60   1.64    0.28   334.42    0.00      0.00     0.00   0.00    0.00     0.00    0.00  51.04
nvme25n1       194.60  69010.40    55.00  22.04    0.24   354.63  185.60  71545.60     3.40   1.80    0.32   385.48    0.00      0.00     0.00   0.00    0.00     0.00    0.00  47.20
nvme26n1       195.80  70055.20    54.00  21.62    0.26   357.79  200.00  72382.40     3.60   1.77    0.32   361.91    0.00      0.00     0.00   0.00    0.00     0.00    0.00  48.96
nvme27n1       188.20  69027.20    54.20  22.36    0.25   366.78  181.00  70838.40     3.40   1.84    0.31   391.37    0.00      0.00     0.00   0.00    0.00     0.00    0.00  46.08
nvme28n1       193.40  69945.60    57.40  22.89    0.25   361.66  184.60  71998.40     4.00   2.12    0.32   390.02    0.00      0.00     0.00   0.00    0.00     0.00    0.00  47.04
nvme29n1       190.60  69612.80    57.80  23.27    0.25   365.23  180.40  71130.40     3.40   1.85    0.33   394.29    0.00      0.00     0.00   0.00    0.00     0.00    0.00  45.68
nvme2n1        195.80  69654.40    60.20  23.52    0.24   355.74  184.40  71700.00     3.40   1.81    0.34   388.83    0.00      0.00     0.00   0.00    0.00     0.00    0.00  46.40
nvme30n1       192.80  70270.40    57.60  23.00    0.25   364.47  182.20  71275.20     3.60   1.94    0.39   391.19    0.00      0.00     0.00   0.00    0.00     0.00    0.00  46.00
nvme31n1       194.60  70516.80    58.40  23.08    0.25   362.37  183.60  71709.60     3.40   1.82    0.35   390.58    0.00      0.00     0.00   0.00    0.00     0.00    0.00  46.24
nvme3n1        193.20  70900.80    56.80  22.72    0.25   366.98  185.00  72196.80     3.40   1.80    0.34   390.25    0.00      0.00     0.00   0.00    0.00     0.00    0.00  48.00
nvme4n1        192.40  70281.60    59.60  23.65    0.26   365.29  183.60  71332.00     3.60   1.92    0.33   388.52    0.00      0.00     0.00   0.00    0.00     0.00    0.00  46.40
nvme5n1        189.80  70196.00    56.60  22.97    0.25   369.84  184.40  71586.40     3.40   1.81    0.33   388.21    0.00      0.00     0.00   0.00    0.00     0.00    0.00  48.00
nvme6n1        190.60  70291.20    58.40  23.45    0.25   368.79  185.60  72105.60     3.20   1.69    0.35   388.50    0.00      0.00     0.00   0.00    0.00     0.00    0.00  46.88
nvme7n1        190.40  69556.80    58.00  23.35    0.25   365.32  187.60  72700.80     3.40   1.78    0.33   387.53    0.00      0.00     0.00   0.00    0.00     0.00    0.00  46.80
nvme8n1        189.60  69281.60    57.20  23.18    0.26   365.41  188.80  73056.80     3.20   1.67    0.36   386.95    0.00      0.00     0.00   0.00    0.00     0.00    0.00  46.48
nvme9n1        196.60  70692.00    56.00  22.17    0.25   359.57  192.40  74732.00     3.60   1.84    0.35   388.42    0.00      0.00     0.00   0.00    0.00     0.00    0.00  47.28


Device            r/s     rkB/s   rrqm/s  %rrqm r_await rareq-sz     w/s     wkB/s   wrqm/s  %wrqm w_await wareq-sz     d/s     dkB/s   drqm/s  %drqm d_await dareq-sz  aqu-sz  %util
dm-0             0.20      0.80     0.00   0.00    0.00     4.00    1.20      4.80     0.00   0.00    0.00     4.00    0.00      0.00     0.00   0.00    0.00     0.00    0.00   0.16
loop0            0.00      0.00     0.00   0.00    0.00     0.00    0.00      0.00     0.00   0.00    0.00     0.00    0.00      0.00     0.00   0.00    0.00     0.00    0.00   0.00
loop1            0.00      0.00     0.00   0.00    0.00     0.00    0.00      0.00     0.00   0.00    0.00     0.00    0.00      0.00     0.00   0.00    0.00     0.00    0.00   0.00
loop2            0.00      0.00     0.00   0.00    0.00     0.00    0.00      0.00     0.00   0.00    0.00     0.00    0.00      0.00     0.00   0.00    0.00     0.00    0.00   0.00
loop3            0.00      0.00     0.00   0.00    0.00     0.00    0.00      0.00     0.00   0.00    0.00     0.00    0.00      0.00     0.00   0.00    0.00     0.00    0.00   0.00
loop4            0.00      0.00     0.00   0.00    0.00     0.00    0.00      0.00     0.00   0.00    0.00     0.00    0.00      0.00     0.00   0.00    0.00     0.00    0.00   0.00
loop5            0.00      0.00     0.00   0.00    0.00     0.00    0.00      0.00     0.00   0.00    0.00     0.00    0.00      0.00     0.00   0.00    0.00     0.00    0.00   0.00
loop6            0.00      0.00     0.00   0.00    0.00     0.00    0.00      0.00     0.00   0.00    0.00     0.00    0.00      0.00     0.00   0.00    0.00     0.00    0.00   0.00
loop7            0.00      0.00     0.00   0.00    0.00     0.00    0.00      0.00     0.00   0.00    0.00     0.00    0.00      0.00     0.00   0.00    0.00     0.00    0.00   0.00
md0           4074.20 1514676.00     0.00   0.00    0.00   371.77 3952.80 1589394.40     0.00   0.00    0.00   402.09    0.00      0.00     0.00   0.00    0.00     0.00    0.00   0.00
nvme0n1          0.20      0.80     0.00   0.00    0.00     4.00    0.40      4.80     0.80  66.67    0.00    12.00    0.00      0.00     0.00   0.00    0.00     0.00    0.00   0.16
nvme10n1       110.60  43164.80    27.40  19.86    0.24   390.28  114.40  49103.20     7.80   6.38    0.31   429.22    0.00      0.00     0.00   0.00    0.00     0.00    0.00  38.32
nvme11n1       107.00  41759.20    29.00  21.32    0.23   390.27  115.60  47757.60     7.80   6.32    0.30   413.13    0.00      0.00     0.00   0.00    0.00     0.00    0.00  38.48
nvme12n1       109.60  43110.40    30.00  21.49    0.24   393.34  112.00  48038.40     7.40   6.20    0.30   428.91    0.00      0.00     0.00   0.00    0.00     0.00    0.00  38.08
nvme13n1       104.40  41565.60    28.20  21.27    0.24   398.14  112.40  47885.60     9.40   7.72    0.30   426.03    0.00      0.00     0.00   0.00    0.00     0.00    0.00  37.36
nvme14n1       110.20  42338.40    28.40  20.49    0.24   384.20  115.40  48413.60    10.60   8.41    0.30   419.53    0.00      0.00     0.00   0.00    0.00     0.00    0.00  38.32
nvme15n1       106.00  41542.40    28.60  21.25    0.24   391.91  130.60  48854.40    24.20  15.63    0.27   374.08    0.00      0.00     0.00   0.00    0.00     0.00    0.00  41.20
nvme16n1       104.00  39924.80    28.20  21.33    0.24   383.89  112.60  47553.60     9.00   7.40    0.31   422.32    0.00      0.00     0.00   0.00    0.00     0.00    0.00  38.56
nvme17n1        99.40  38868.80    26.20  20.86    0.24   391.03  138.80  49270.40     9.80   6.59    0.26   354.97    0.00      0.00     0.00   0.00    0.00     0.00    0.00  38.96
nvme18n1       103.00  40404.00    25.80  20.03    0.25   392.27  131.40  50067.20     8.80   6.28    0.28   381.03    0.00      0.00     0.00   0.00    0.00     0.00    0.00  39.76
nvme19n1       100.60  39500.80    26.20  20.66    0.24   392.65  119.00  49679.20     8.20   6.45    0.29   417.47    0.00      0.00     0.00   0.00    0.00     0.00    0.00  36.88
nvme1n1         99.60  40181.60    29.60  22.91    0.25   403.43  109.60  46830.40     7.20   6.16    0.33   427.28    0.00      0.00     0.00   0.00    0.00     0.00    0.00  36.40
nvme20n1        97.20  38930.40    26.00  21.10    0.24   400.52  116.60  49555.20     8.20   6.57    0.33   425.00    0.00      0.00     0.00   0.00    0.00     0.00    0.00  37.12
nvme21n1        97.40  39208.80    25.80  20.94    0.25   402.55  115.40  48843.20     6.60   5.41    0.31   423.25    0.00      0.00     0.00   0.00    0.00     0.00    0.00  37.68
nvme22n1       101.40  40004.80    26.20  20.53    0.25   394.52  136.80  50492.80    10.20   6.94    0.29   369.10    0.00      0.00     0.00   0.00    0.00     0.00    0.00  43.04
nvme23n1       103.00  39904.00    27.40  21.01    0.24   387.42  118.60  49432.00     7.00   5.57    0.30   416.80    0.00      0.00     0.00   0.00    0.00     0.00    0.00  38.40
nvme24n1       106.80  41099.20    27.00  20.18    0.23   384.82  136.20  49113.60    12.20   8.22    0.26   360.60    0.00      0.00     0.00   0.00    0.00     0.00    0.00  42.16
nvme25n1       101.40  39899.20    28.80  22.12    0.24   393.48  116.00  48079.20     6.80   5.54    0.31   414.48    0.00      0.00     0.00   0.00    0.00     0.00    0.00  36.72
nvme26n1       103.00  39985.60    29.20  22.09    0.25   388.21  120.20  48089.60     7.40   5.80    0.29   400.08    0.00      0.00     0.00   0.00    0.00     0.00    0.00  37.12
nvme27n1       101.60  39664.80    26.00  20.38    0.24   390.40  113.60  47615.20     6.40   5.33    0.29   419.15    0.00      0.00     0.00   0.00    0.00     0.00    0.00  36.32
nvme28n1       100.80  39708.80    30.20  23.05    0.25   393.94  114.80  48062.40     7.60   6.21    0.29   418.66    0.00      0.00     0.00   0.00    0.00     0.00    0.00  36.80
nvme29n1       100.20  39311.20    25.40  20.22    0.25   392.33  112.60  47068.00     7.20   6.01    0.29   418.01    0.00      0.00     0.00   0.00    0.00     0.00    0.00  35.36
nvme2n1        106.60  41382.40    26.00  19.61    0.24   388.20  112.20  47184.80     8.80   7.27    0.30   420.54    0.00      0.00     0.00   0.00    0.00     0.00    0.00  36.80
nvme30n1       102.00  39579.20    30.20  22.84    0.25   388.03  112.40  46450.40     8.20   6.80    0.35   413.26    0.00      0.00     0.00   0.00    0.00     0.00    0.00  36.72
nvme31n1       100.80  39570.40    26.00  20.50    0.25   392.56  110.60  45904.00    10.40   8.60    0.31   415.05    0.00      0.00     0.00   0.00    0.00     0.00    0.00  35.92
nvme3n1        102.40  40802.40    30.20  22.78    0.23   398.46  110.80  46930.40     8.80   7.36    0.30   423.56    0.00      0.00     0.00   0.00    0.00     0.00    0.00  37.36
nvme4n1        103.20  39484.80    25.00  19.50    0.24   382.60  112.00  47448.00     7.20   6.04    0.30   423.64    0.00      0.00     0.00   0.00    0.00     0.00    0.00  36.48
nvme5n1        102.80  40069.60    29.60  22.36    0.24   389.78  111.20  48027.20     6.80   5.76    0.29   431.90    0.00      0.00     0.00   0.00    0.00     0.00    0.00  39.12
nvme6n1        104.60  40382.40    26.20  20.03    0.25   386.07  113.40  48437.60     8.60   7.05    0.31   427.14    0.00      0.00     0.00   0.00    0.00     0.00    0.00  37.12
nvme7n1        107.00  40854.40    28.80  21.21    0.23   381.82  110.00  47352.00     6.00   5.17    0.29   430.47    0.00      0.00     0.00   0.00    0.00     0.00    0.00  37.60
nvme8n1        106.80  41316.00    32.60  23.39    0.24   386.85  114.00  48920.00     7.80   6.40    0.31   429.12    0.00      0.00     0.00   0.00    0.00     0.00    0.00  38.48
nvme9n1        107.60  42384.80    29.00  21.23    0.24   393.91  113.60  48762.40     9.20   7.49    0.31   429.25    0.00      0.00     0.00   0.00    0.00     0.00    0.00  38.80


Device            r/s     rkB/s   rrqm/s  %rrqm r_await rareq-sz     w/s     wkB/s   wrqm/s  %wrqm w_await wareq-sz     d/s     dkB/s   drqm/s  %drqm d_await dareq-sz  aqu-sz  %util
dm-0             0.00      0.00     0.00   0.00    0.00     0.00    1.40      5.60     0.00   0.00    0.00     4.00    0.00      0.00     0.00   0.00    0.00     0.00    0.00   0.08
loop0            0.00      0.00     0.00   0.00    0.00     0.00    0.00      0.00     0.00   0.00    0.00     0.00    0.00      0.00     0.00   0.00    0.00     0.00    0.00   0.00
loop1            0.00      0.00     0.00   0.00    0.00     0.00    0.00      0.00     0.00   0.00    0.00     0.00    0.00      0.00     0.00   0.00    0.00     0.00    0.00   0.00
loop2            0.00      0.00     0.00   0.00    0.00     0.00    0.00      0.00     0.00   0.00    0.00     0.00    0.00      0.00     0.00   0.00    0.00     0.00    0.00   0.00
loop3            0.00      0.00     0.00   0.00    0.00     0.00    0.00      0.00     0.00   0.00    0.00     0.00    0.00      0.00     0.00   0.00    0.00     0.00    0.00   0.00
loop4            0.00      0.00     0.00   0.00    0.00     0.00    0.00      0.00     0.00   0.00    0.00     0.00    0.00      0.00     0.00   0.00    0.00     0.00    0.00   0.00
loop5            0.00      0.00     0.00   0.00    0.00     0.00    0.00      0.00     0.00   0.00    0.00     0.00    0.00      0.00     0.00   0.00    0.00     0.00    0.00   0.00
loop6            0.00      0.00     0.00   0.00    0.00     0.00    0.00      0.00     0.00   0.00    0.00     0.00    0.00      0.00     0.00   0.00    0.00     0.00    0.00   0.00
loop7            0.00      0.00     0.00   0.00    0.00     0.00    0.00      0.00     0.00   0.00    0.00     0.00    0.00      0.00     0.00   0.00    0.00     0.00    0.00   0.00
md0           5702.40 1808852.80     0.00   0.00    0.00   317.21 4966.20 1904017.60     0.00   0.00    0.00   383.40    0.00      0.00     0.00   0.00    0.00     0.00    0.00   0.00
nvme0n1          0.00      0.00     0.00   0.00    0.00     0.00    0.40      5.60     1.00  71.43    0.00    14.00    0.00      0.00     0.00   0.00    0.00     0.00    0.00   0.08
nvme10n1       144.60  52269.60    42.60  22.76    0.24   361.48  150.80  59123.20     6.00   3.83    0.32   392.06    0.00      0.00     0.00   0.00    0.00     0.00    0.00  41.84
nvme11n1       145.20  52617.60    45.80  23.98    0.24   362.38  154.60  57861.60     5.40   3.38    0.32   374.27    0.00      0.00     0.00   0.00    0.00     0.00    0.00  44.56
nvme12n1       144.40  52532.80    42.80  22.86    0.24   363.80  149.60  57157.60     5.20   3.36    0.31   382.07    0.00      0.00     0.00   0.00    0.00     0.00    0.00  43.44
nvme13n1       142.80  51307.20    44.60  23.80    0.24   359.29  146.20  57239.20     5.20   3.43    0.35   391.51    0.00      0.00     0.00   0.00    0.00     0.00    0.00  42.80
nvme14n1       140.60  51364.80    43.20  23.50    0.24   365.33  144.60  56472.00     5.20   3.47    0.32   390.54    0.00      0.00     0.00   0.00    0.00     0.00    0.00  42.32
nvme15n1       136.40  49533.60    44.80  24.72    0.24   363.15  160.00  57288.80     6.80   4.08    0.29   358.06    0.00      0.00     0.00   0.00    0.00     0.00    0.00  45.68
nvme16n1       140.00  50379.20    44.20  24.00    0.24   359.85  149.80  58096.00     5.60   3.60    0.32   387.82    0.00      0.00     0.00   0.00    0.00     0.00    0.00  42.56
nvme17n1       141.20  50833.60    45.00  24.17    0.23   360.01  171.00  58483.20     6.60   3.72    0.27   342.01    0.00      0.00     0.00   0.00    0.00     0.00    0.00  44.00
nvme18n1       137.40  49900.00    42.80  23.75    0.25   363.17  169.00  57901.60     6.00   3.43    0.28   342.61    0.00      0.00     0.00   0.00    0.00     0.00    0.00  43.20
nvme19n1       142.20  51450.40    44.20  23.71    0.25   361.82  151.80  59101.60     5.80   3.68    0.30   389.34    0.00      0.00     0.00   0.00    0.00     0.00    0.00  43.52
nvme1n1        141.60  50680.80    41.40  22.62    0.25   357.92  147.60  58157.60     6.20   4.03    0.34   394.02    0.00      0.00     0.00   0.00    0.00     0.00    0.00  41.60
nvme20n1       136.00  50304.80    44.20  24.53    0.25   369.89  149.00  58726.40     5.80   3.75    0.35   394.14    0.00      0.00     0.00   0.00    0.00     0.00    0.00  41.92
nvme21n1       144.00  51713.60    43.40  23.16    0.24   359.12  151.60  59394.40     5.80   3.68    0.32   391.78    0.00      0.00     0.00   0.00    0.00     0.00    0.00  42.72
nvme22n1       141.80  52592.00    44.00  23.68    0.25   370.89  172.40  60723.20     5.60   3.15    0.29   352.22    0.00      0.00     0.00   0.00    0.00     0.00    0.00  44.80
nvme23n1       142.00  51787.20    43.20  23.33    0.25   364.70  151.80  59763.20     5.60   3.56    0.31   393.70    0.00      0.00     0.00   0.00    0.00     0.00    0.00  42.56
nvme24n1       137.20  49820.00    45.40  24.86    0.23   363.12  172.40  59077.60     5.40   3.04    0.27   342.68    0.00      0.00     0.00   0.00    0.00     0.00    0.00  48.72
nvme25n1       136.40  50292.00    40.80  23.02    0.24   368.71  153.20  60815.20     5.80   3.65    0.30   396.97    0.00      0.00     0.00   0.00    0.00     0.00    0.00  41.60
nvme26n1       139.00  49706.40    45.20  24.54    0.23   357.60  155.20  59935.20     5.40   3.36    0.31   386.18    0.00      0.00     0.00   0.00    0.00     0.00    0.00  42.24
nvme27n1       139.20  50122.40    41.20  22.84    0.24   360.07  148.80  59224.80     5.60   3.63    0.30   398.02    0.00      0.00     0.00   0.00    0.00     0.00    0.00  42.24
nvme28n1       144.60  51736.00    44.20  23.41    0.23   357.79  148.40  58863.20     5.60   3.64    0.31   396.65    0.00      0.00     0.00   0.00    0.00     0.00    0.00  41.52
nvme29n1       134.20  48887.20    41.40  23.58    0.24   364.29  145.20  58038.40     5.80   3.84    0.32   399.71    0.00      0.00     0.00   0.00    0.00     0.00    0.00  40.00
nvme2n1        140.00  50113.60    42.00  23.08    0.24   357.95  148.00  58127.20     5.60   3.65    0.31   392.75    0.00      0.00     0.00   0.00    0.00     0.00    0.00  41.84
nvme30n1       135.60  48538.40    41.00  23.22    0.24   357.95  146.80  57400.80     5.60   3.67    0.37   391.01    0.00      0.00     0.00   0.00    0.00     0.00    0.00  40.64
nvme31n1       135.60  48872.00    40.40  22.95    0.24   360.41  144.00  56893.60     6.00   4.00    0.32   395.09    0.00      0.00     0.00   0.00    0.00     0.00    0.00  41.04
nvme3n1        138.20  50020.00    44.60  24.40    0.24   361.94  149.00  58721.60     5.60   3.62    0.32   394.10    0.00      0.00     0.00   0.00    0.00     0.00    0.00  41.60
nvme4n1        141.60  51680.80    40.80  22.37    0.25   364.98  150.80  60110.40     6.20   3.95    0.32   398.61    0.00      0.00     0.00   0.00    0.00     0.00    0.00  40.40
nvme5n1        143.80  51571.20    46.00  24.24    0.23   358.63  150.80  59233.60     6.40   4.07    0.31   392.80    0.00      0.00     0.00   0.00    0.00     0.00    0.00  42.08
nvme6n1        142.80  51777.60    42.80  23.06    0.25   362.59  149.00  58634.40     6.60   4.24    0.32   393.52    0.00      0.00     0.00   0.00    0.00     0.00    0.00  42.16
nvme7n1        141.00  51232.80    44.40  23.95    0.24   363.35  148.20  58343.20     6.40   4.14    0.31   393.68    0.00      0.00     0.00   0.00    0.00     0.00    0.00  42.16
nvme8n1        143.00  52380.00    41.20  22.37    0.24   366.29  148.20  57919.20     5.80   3.77    0.33   390.82    0.00      0.00     0.00   0.00    0.00     0.00    0.00  42.64
nvme9n1        147.00  52957.60    46.00  23.83    0.24   360.26  150.00  58825.60     5.80   3.72    0.33   392.17    0.00      0.00     0.00   0.00    0.00     0.00    0.00  43.60


Device            r/s     rkB/s   rrqm/s  %rrqm r_await rareq-sz     w/s     wkB/s   wrqm/s  %wrqm w_await wareq-sz     d/s     dkB/s   drqm/s  %drqm d_await dareq-sz  aqu-sz  %util
dm-0            56.00    561.60     0.00   0.00    0.03    10.03    2.20     29.60     0.00   0.00    0.00    13.45    0.00      0.00     0.00   0.00    0.00     0.00    0.00   0.56
loop0            0.00      0.00     0.00   0.00    0.00     0.00    0.00      0.00     0.00   0.00    0.00     0.00    0.00      0.00     0.00   0.00    0.00     0.00    0.00   0.00
loop1            0.00      0.00     0.00   0.00    0.00     0.00    0.00      0.00     0.00   0.00    0.00     0.00    0.00      0.00     0.00   0.00    0.00     0.00    0.00   0.00
loop2            0.00      0.00     0.00   0.00    0.00     0.00    0.00      0.00     0.00   0.00    0.00     0.00    0.00      0.00     0.00   0.00    0.00     0.00    0.00   0.00
loop3            0.00      0.00     0.00   0.00    0.00     0.00    0.00      0.00     0.00   0.00    0.00     0.00    0.00      0.00     0.00   0.00    0.00     0.00    0.00   0.00
loop4            0.00      0.00     0.00   0.00    0.00     0.00    0.00      0.00     0.00   0.00    0.00     0.00    0.00      0.00     0.00   0.00    0.00     0.00    0.00   0.00
loop5            0.00      0.00     0.00   0.00    0.00     0.00    0.00      0.00     0.00   0.00    0.00     0.00    0.00      0.00     0.00   0.00    0.00     0.00    0.00   0.00
loop6            0.00      0.00     0.00   0.00    0.00     0.00    0.00      0.00     0.00   0.00    0.00     0.00    0.00      0.00     0.00   0.00    0.00     0.00    0.00   0.00
loop7            0.00      0.00     0.00   0.00    0.00     0.00    0.00      0.00     0.00   0.00    0.00     0.00    0.00      0.00     0.00   0.00    0.00     0.00    0.00   0.00
md0           6043.20 2200963.20     0.00   0.00    0.00   364.20 5645.80 2258446.40     0.00   0.00    0.00   400.02    0.00      0.00     0.00   0.00    0.00     0.00    0.00   0.00
nvme0n1         14.20    561.60    41.80  74.64    0.13    39.55    1.00     29.60     1.20  54.55    0.00    29.60    0.00      0.00     0.00   0.00    0.00     0.00    0.00   0.56
nvme10n1       148.20  57757.60    39.40  21.00    0.27   389.73  156.00  67338.40    10.40   6.25    0.34   431.66    0.00      0.00     0.00   0.00    0.00     0.00    0.00  37.76
nvme11n1       155.00  58440.00    38.80  20.02    0.28   377.03  167.60  69886.40    10.60   5.95    0.33   416.98    0.00      0.00     0.00   0.00    0.00     0.00    0.00  38.56
nvme12n1       153.00  59594.40    39.20  20.40    0.28   389.51  172.40  70809.60    10.20   5.59    0.32   410.73    0.00      0.00     0.00   0.00    0.00     0.00    0.00  39.44
nvme13n1       159.40  59927.20    40.80  20.38    0.29   375.95  172.00  69878.40    10.20   5.60    0.33   406.27    0.00      0.00     0.00   0.00    0.00     0.00    0.00  38.08
nvme14n1       156.00  60588.80    39.80  20.33    0.27   388.39  163.60  69279.20    11.60   6.62    0.33   423.47    0.00      0.00     0.00   0.00    0.00     0.00    0.00  38.40
nvme15n1       163.40  61038.40    39.00  19.27    0.25   373.55  190.20  69404.00    27.80  12.75    0.29   364.90    0.00      0.00     0.00   0.00    0.00     0.00    0.00  44.16
nvme16n1       154.40  60479.20    40.20  20.66    0.26   391.70  169.40  70396.00    17.80   9.51    0.33   415.56    0.00      0.00     0.00   0.00    0.00     0.00    0.00  40.24
nvme17n1       164.40  61525.60    40.00  19.57    0.28   374.24  210.40  70212.80    17.00   7.48    0.26   333.71    0.00      0.00     0.00   0.00    0.00     0.00    0.00  41.68
nvme18n1       157.00  61989.60    41.80  21.03    0.28   394.84  208.20  71781.60    11.60   5.28    0.29   344.77    0.00      0.00     0.00   0.00    0.00     0.00    0.00  42.40
nvme19n1       159.00  61532.80    40.60  20.34    0.26   387.00  165.80  71260.00    11.00   6.22    0.33   429.79    0.00      0.00     0.00   0.00    0.00     0.00    0.00  39.68
nvme1n1        150.60  58531.20    39.80  20.90    0.27   388.65  153.40  66256.00    12.40   7.48    0.36   431.92    0.00      0.00     0.00   0.00    0.00     0.00    0.00  38.64
nvme20n1       156.80  62236.00    41.80  21.05    0.28   396.91  160.80  69808.80     8.60   5.08    0.37   434.13    0.00      0.00     0.00   0.00    0.00     0.00    0.00  40.00
nvme21n1       160.00  61169.60    39.40  19.76    0.28   382.31  164.20  70205.60    10.00   5.74    0.34   427.56    0.00      0.00     0.00   0.00    0.00     0.00    0.00  40.80
nvme22n1       162.40  63115.20    41.40  20.31    0.28   388.64  191.80  70870.40    10.40   5.14    0.30   369.50    0.00      0.00     0.00   0.00    0.00     0.00    0.00  46.80
nvme23n1       157.00  62384.80    38.00  19.49    0.29   397.36  165.60  71267.20    10.80   6.12    0.34   430.36    0.00      0.00     0.00   0.00    0.00     0.00    0.00  39.60
nvme24n1       159.40  62058.40    44.20  21.71    0.27   389.32  210.60  72121.60    16.00   7.06    0.28   342.46    0.00      0.00     0.00   0.00    0.00     0.00    0.00  42.72
nvme25n1       161.60  62384.00    39.80  19.76    0.28   386.04  170.80  71351.20     9.80   5.43    0.31   417.75    0.00      0.00     0.00   0.00    0.00     0.00    0.00  40.24
nvme26n1       152.40  60729.60    39.00  20.38    0.28   398.49  171.60  70266.40     9.60   5.30    0.31   409.48    0.00      0.00     0.00   0.00    0.00     0.00    0.00  41.12
nvme27n1       158.00  60158.40    39.20  19.88    0.26   380.75  168.40  70823.20    10.00   5.61    0.29   420.57    0.00      0.00     0.00   0.00    0.00     0.00    0.00  40.40
nvme28n1       150.00  59081.60    40.00  21.05    0.27   393.88  165.60  70678.40    10.40   5.91    0.31   426.80    0.00      0.00     0.00   0.00    0.00     0.00    0.00  40.48
nvme29n1       155.00  59743.20    39.40  20.27    0.27   385.44  160.80  68624.00    11.20   6.51    0.31   426.77    0.00      0.00     0.00   0.00    0.00     0.00    0.00  39.12
nvme2n1        157.60  59266.40    36.60  18.85    0.27   376.06  156.00  65529.60    12.80   7.58    0.31   420.06    0.00      0.00     0.00   0.00    0.00     0.00    0.00  37.76
nvme30n1       158.00  59360.00    39.40  19.96    0.26   375.70  160.00  67751.20    10.80   6.32    0.34   423.44    0.00      0.00     0.00   0.00    0.00     0.00    0.00  39.92
nvme31n1       149.80  57920.00    37.80  20.15    0.26   386.65  154.20  65886.40    10.80   6.55    0.32   427.28    0.00      0.00     0.00   0.00    0.00     0.00    0.00  39.52
nvme3n1        153.20  59514.40    41.40  21.27    0.28   388.48  154.00  64894.40    11.40   6.89    0.31   421.39    0.00      0.00     0.00   0.00    0.00     0.00    0.00  38.72
nvme4n1        156.20  60150.40    36.80  19.07    0.27   385.09  152.80  65588.80    11.80   7.17    0.32   429.25    0.00      0.00     0.00   0.00    0.00     0.00    0.00  38.80
nvme5n1        151.20  58430.40    43.20  22.22    0.26   386.44  149.60  64240.00    10.20   6.38    0.32   429.41    0.00      0.00     0.00   0.00    0.00     0.00    0.00  38.32
nvme6n1        147.80  57482.40    39.00  20.88    0.26   388.92  147.40  63612.80    12.40   7.76    0.33   431.57    0.00      0.00     0.00   0.00    0.00     0.00    0.00  38.72
nvme7n1        148.00  57332.80    39.20  20.94    0.26   387.38  149.20  64304.00    11.20   6.98    0.32   430.99    0.00      0.00     0.00   0.00    0.00     0.00    0.00  38.96
nvme8n1        147.60  56431.20    39.00  20.90    0.27   382.33  149.60  63755.20    10.80   6.73    0.35   426.17    0.00      0.00     0.00   0.00    0.00     0.00    0.00  38.64
nvme9n1        149.00  56887.20    37.20  19.98    0.25   381.79  153.20  65953.60    11.60   7.04    0.36   430.51    0.00      0.00     0.00   0.00    0.00     0.00    0.00  38.24


Device            r/s     rkB/s   rrqm/s  %rrqm r_await rareq-sz     w/s     wkB/s   wrqm/s  %wrqm w_await wareq-sz     d/s     dkB/s   drqm/s  %drqm d_await dareq-sz  aqu-sz  %util
dm-0           682.00  22943.20     0.00   0.00    0.12    33.64    7.40     38.40     0.00   0.00    0.00     5.19    0.00      0.00     0.00   0.00    0.00     0.00    0.08   5.28
loop0            0.00      0.00     0.00   0.00    0.00     0.00    0.00      0.00     0.00   0.00    0.00     0.00    0.00      0.00     0.00   0.00    0.00     0.00    0.00   0.00
loop1            0.00      0.00     0.00   0.00    0.00     0.00    0.00      0.00     0.00   0.00    0.00     0.00    0.00      0.00     0.00   0.00    0.00     0.00    0.00   0.00
loop2            0.00      0.00     0.00   0.00    0.00     0.00    0.00      0.00     0.00   0.00    0.00     0.00    0.00      0.00     0.00   0.00    0.00     0.00    0.00   0.00
loop3            0.00      0.00     0.00   0.00    0.00     0.00    0.00      0.00     0.00   0.00    0.00     0.00    0.00      0.00     0.00   0.00    0.00     0.00    0.00   0.00
loop4            0.00      0.00     0.00   0.00    0.00     0.00    0.00      0.00     0.00   0.00    0.00     0.00    0.00      0.00     0.00   0.00    0.00     0.00    0.00   0.00
loop5            0.00      0.00     0.00   0.00    0.00     0.00    0.00      0.00     0.00   0.00    0.00     0.00    0.00      0.00     0.00   0.00    0.00     0.00    0.00   0.00
loop6            0.00      0.00     0.00   0.00    0.00     0.00    0.00      0.00     0.00   0.00    0.00     0.00    0.00      0.00     0.00   0.00    0.00     0.00    0.00   0.00
loop7            0.00      0.00     0.00   0.00    0.00     0.00    0.00      0.00     0.00   0.00    0.00     0.00    0.00      0.00     0.00   0.00    0.00     0.00    0.00   0.00
md0           3349.80 1328539.20     0.00   0.00    0.00   396.60 2036.00 944630.40     0.00   0.00    0.00   463.96    0.00      0.00     0.00   0.00    0.00     0.00    0.00   0.00
nvme0n1        592.20  22943.20    89.80  13.17    0.11    38.74    1.00     38.40     6.40  86.49    0.00    38.40    0.00      0.00     0.00   0.00    0.00     0.00    0.00   5.28
nvme10n1        87.20  35454.40    21.20  19.56    0.28   406.59   63.20  30080.80     0.00   0.00    0.40   475.96    0.00      0.00     0.00   0.00    0.00     0.00    0.00  22.00
nvme11n1        90.40  36161.60    21.60  19.29    0.27   400.02   65.80  30244.80     0.00   0.00    0.39   459.65    0.00      0.00     0.00   0.00    0.00     0.00    0.00  22.32
nvme12n1        89.40  35405.60    22.60  20.18    0.26   396.04   65.00  30814.40     0.00   0.00    0.40   474.07    0.00      0.00     0.00   0.00    0.00     0.00    0.00  21.92
nvme13n1        89.00  35680.80    21.60  19.53    0.27   400.91   62.80  29164.80     0.00   0.00    0.40   464.41    0.00      0.00     0.00   0.00    0.00     0.00    0.00  21.92
nvme14n1        90.20  35989.60    23.20  20.46    0.27   399.00   61.60  28656.80     0.00   0.00    0.39   465.21    0.00      0.00     0.00   0.00    0.00     0.00    0.00  21.28
nvme15n1        89.20  35586.40    22.00  19.78    0.28   398.95   61.20  28650.40     0.20   0.33    0.38   468.14    0.00      0.00     0.00   0.00    0.00     0.00    0.00  21.92
nvme16n1        89.60  35120.80    21.60  19.42    0.29   391.97   61.60  29491.20     0.00   0.00    0.41   478.75    0.00      0.00     0.00   0.00    0.00     0.00    0.00  20.72
nvme17n1        86.40  34449.60    22.40  20.59    0.27   398.72   75.80  30923.20     1.00   1.30    0.34   407.96    0.00      0.00     0.00   0.00    0.00     0.00    0.00  22.88
nvme18n1        87.80  34390.40    21.00  19.30    0.29   391.69   72.40  30491.20     1.00   1.36    0.37   421.15    0.00      0.00     0.00   0.00    0.00     0.00    0.00  21.76
nvme19n1        84.60  33765.60    20.00  19.12    0.27   399.12   64.40  30763.20     0.00   0.00    0.42   477.69    0.00      0.00     0.00   0.00    0.00     0.00    0.00  21.52
nvme1n1         81.60  32708.00    21.00  20.47    0.29   400.83   64.00  30050.40     0.00   0.00    0.41   469.54    0.00      0.00     0.00   0.00    0.00     0.00    0.00  21.52
nvme20n1        86.20  33888.00    21.00  19.59    0.27   393.13   64.20  30899.20     0.00   0.00    0.45   481.30    0.00      0.00     0.00   0.00    0.00     0.00    0.00  21.20
nvme21n1        85.60  34160.80    20.40  19.25    0.27   399.07   65.60  31144.00     0.00   0.00    0.42   474.76    0.00      0.00     0.00   0.00    0.00     0.00    0.00  21.60
nvme22n1        87.80  34944.00    21.80  19.89    0.28   398.00   65.60  30531.20     0.00   0.00    0.40   465.41    0.00      0.00     0.00   0.00    0.00     0.00    0.00  21.12
nvme23n1        89.20  34978.40    21.20  19.20    0.27   392.13   64.60  30840.00     0.00   0.00    0.40   477.40    0.00      0.00     0.00   0.00    0.00     0.00    0.00  21.52
nvme24n1        91.60  36368.00    22.40  19.65    0.28   397.03   75.40  30494.40     0.00   0.00    0.34   404.44    0.00      0.00     0.00   0.00    0.00     0.00    0.00  23.52
nvme25n1        91.80  35181.60    23.00  20.03    0.26   383.24   63.80  30348.00     0.00   0.00    0.39   475.67    0.00      0.00     0.00   0.00    0.00     0.00    0.00  21.52
nvme26n1        86.40  34256.80    21.80  20.15    0.29   396.49   66.80  30531.20     0.00   0.00    0.38   457.05    0.00      0.00     0.00   0.00    0.00     0.00    0.00  21.52
nvme27n1        89.40  34783.20    22.80  20.32    0.25   389.07   63.00  30046.40     0.00   0.00    0.36   476.93    0.00      0.00     0.00   0.00    0.00     0.00    0.00  22.00
nvme28n1        84.40  33827.20    22.20  20.83    0.28   400.80   63.20  30112.80     0.00   0.00    0.37   476.47    0.00      0.00     0.00   0.00    0.00     0.00    0.00  21.12
nvme29n1        84.00  32741.60    22.00  20.75    0.26   389.78   62.40  29754.40     0.00   0.00    0.38   476.83    0.00      0.00     0.00   0.00    0.00     0.00    0.00  21.12
nvme2n1         83.80  33300.00    20.60  19.73    0.26   397.37   64.60  30996.00     0.00   0.00    0.38   479.81    0.00      0.00     0.00   0.00    0.00     0.00    0.00  22.08
nvme30n1        83.40  33088.80    21.20  20.27    0.29   396.75   63.40  30515.20     0.00   0.00    0.44   481.31    0.00      0.00     0.00   0.00    0.00     0.00    0.00  20.80
nvme31n1        81.80  32384.00    20.40  19.96    0.29   395.89   64.40  30704.80     0.00   0.00    0.40   476.78    0.00      0.00     0.00   0.00    0.00     0.00    0.00  22.16
nvme3n1         85.20  33880.00    22.20  20.67    0.28   397.65   65.40  31407.20     0.00   0.00    0.41   480.23    0.00      0.00     0.00   0.00    0.00     0.00    0.00  21.60
nvme4n1         84.40  33900.00    20.60  19.62    0.26   401.66   66.60  31409.60     0.00   0.00    0.41   471.62    0.00      0.00     0.00   0.00    0.00     0.00    0.00  22.24
nvme5n1         86.00  33737.60    22.00  20.37    0.26   392.30   63.20  30720.00     0.00   0.00    0.38   486.08    0.00      0.00     0.00   0.00    0.00     0.00    0.00  21.68
nvme6n1         81.00  33060.80    21.80  21.21    0.28   408.16   64.80  31256.00     0.00   0.00    0.42   482.35    0.00      0.00     0.00   0.00    0.00     0.00    0.00  22.00
nvme7n1         83.20  33708.00    20.20  19.54    0.28   405.14   64.80  31334.40     0.00   0.00    0.39   483.56    0.00      0.00     0.00   0.00    0.00     0.00    0.00  22.32
nvme8n1         84.20  34087.20    21.00  19.96    0.28   404.84   66.00  31251.20     0.00   0.00    0.39   473.50    0.00      0.00     0.00   0.00    0.00     0.00    0.00  22.08
nvme9n1         87.40  34781.60    19.80  18.47    0.27   397.96   64.00  30630.40     0.00   0.00    0.40   478.60    0.00      0.00     0.00   0.00    0.00     0.00    0.00  22.72


Device            r/s     rkB/s   rrqm/s  %rrqm r_await rareq-sz     w/s     wkB/s   wrqm/s  %wrqm w_await wareq-sz     d/s     dkB/s   drqm/s  %drqm d_await dareq-sz  aqu-sz  %util
dm-0           167.60    695.20     0.00   0.00    0.17     4.15   11.60     46.40     0.00   0.00    0.07     4.00    0.00      0.00     0.00   0.00    0.00     0.00    0.03   0.88
loop0            0.00      0.00     0.00   0.00    0.00     0.00    0.00      0.00     0.00   0.00    0.00     0.00    0.00      0.00     0.00   0.00    0.00     0.00    0.00   0.00
loop1            0.00      0.00     0.00   0.00    0.00     0.00    0.00      0.00     0.00   0.00    0.00     0.00    0.00      0.00     0.00   0.00    0.00     0.00    0.00   0.00
loop2            0.00      0.00     0.00   0.00    0.00     0.00    0.00      0.00     0.00   0.00    0.00     0.00    0.00      0.00     0.00   0.00    0.00     0.00    0.00   0.00
loop3            0.00      0.00     0.00   0.00    0.00     0.00    0.00      0.00     0.00   0.00    0.00     0.00    0.00      0.00     0.00   0.00    0.00     0.00    0.00   0.00
loop4            0.00      0.00     0.00   0.00    0.00     0.00    0.00      0.00     0.00   0.00    0.00     0.00    0.00      0.00     0.00   0.00    0.00     0.00    0.00   0.00
loop5            0.00      0.00     0.00   0.00    0.00     0.00    0.00      0.00     0.00   0.00    0.00     0.00    0.00      0.00     0.00   0.00    0.00     0.00    0.00   0.00
loop6            0.00      0.00     0.00   0.00    0.00     0.00    0.00      0.00     0.00   0.00    0.00     0.00    0.00      0.00     0.00   0.00    0.00     0.00    0.00   0.00
loop7            0.00      0.00     0.00   0.00    0.00     0.00    0.00      0.00     0.00   0.00    0.00     0.00    0.00      0.00     0.00   0.00    0.00     0.00    0.00   0.00
md0           7417.40 2612948.00     0.00   0.00    0.00   352.27 6331.80 2681916.80     0.00   0.00    0.00   423.56    0.00      0.00     0.00   0.00    0.00     0.00    0.00   0.00
nvme0n1         30.20    695.20   137.40  81.98    0.12    23.02    6.20     46.40     5.40  46.55    0.03     7.48    0.00      0.00     0.00   0.00    0.00     0.00    0.00   0.88
nvme10n1       190.00  74228.00    51.20  21.23    0.29   390.67  184.60  85060.80     6.20   3.25    0.36   460.78    0.00      0.00     0.00   0.00    0.00     0.00    0.00  44.00
nvme11n1       192.00  73221.60    51.00  20.99    0.30   381.36  187.20  82554.40    10.40   5.26    0.37   441.00    0.00      0.00     0.00   0.00    0.00     0.00    0.00  43.92
nvme12n1       187.60  72561.60    50.80  21.31    0.30   386.79  182.60  82132.80     7.60   4.00    0.35   449.80    0.00      0.00     0.00   0.00    0.00     0.00    0.00  42.16
nvme13n1       188.40  70424.80    51.20  21.37    0.28   373.80  184.20  81604.00     9.40   4.86    0.36   443.02    0.00      0.00     0.00   0.00    0.00     0.00    0.00  45.04
nvme14n1       177.40  69142.40    47.60  21.16    0.30   389.75  178.20  79663.20    12.20   6.41    0.36   447.04    0.00      0.00     0.00   0.00    0.00     0.00    0.00  42.80
nvme15n1       181.80  69714.40    49.00  21.23    0.27   383.47  211.40  79771.20    20.80   8.96    0.29   377.35    0.00      0.00     0.00   0.00    0.00     0.00    0.00  48.72
nvme16n1       183.60  70830.40    46.80  20.31    0.30   385.79  181.20  80046.40    20.60  10.21    0.35   441.76    0.00      0.00     0.00   0.00    0.00     0.00    0.00  42.72
nvme17n1       188.40  73132.00    50.20  21.04    0.28   388.17  231.80  80842.40     9.00   3.74    0.26   348.76    0.00      0.00     0.00   0.00    0.00     0.00    0.00  47.68
nvme18n1       188.40  73648.80    48.20  20.37    0.30   390.92  220.20  80896.80    10.60   4.59    0.29   367.38    0.00      0.00     0.00   0.00    0.00     0.00    0.00  45.36
nvme19n1       194.60  73940.80    50.40  20.57    0.28   379.96  181.40  81836.00     7.40   3.92    0.34   451.14    0.00      0.00     0.00   0.00    0.00     0.00    0.00  45.04
nvme1n1        185.40  73023.20    52.40  22.04    0.30   393.87  187.20  86063.20     7.20   3.70    0.38   459.74    0.00      0.00     0.00   0.00    0.00     0.00    0.00  44.48
nvme20n1       186.60  72576.00    47.40  20.26    0.28   388.94  181.00  82096.80     7.00   3.72    0.38   453.57    0.00      0.00     0.00   0.00    0.00     0.00    0.00  42.72
nvme21n1       190.60  73166.40    50.20  20.85    0.28   383.87  182.20  82518.40     8.60   4.51    0.36   452.90    0.00      0.00     0.00   0.00    0.00     0.00    0.00  42.96
nvme22n1       183.20  72092.80    47.60  20.62    0.29   393.52  213.20  81877.60     9.60   4.31    0.32   384.04    0.00      0.00     0.00   0.00    0.00     0.00    0.00  48.88
nvme23n1       192.20  73159.20    50.00  20.64    0.27   380.64  182.40  82924.80    10.60   5.49    0.34   454.63    0.00      0.00     0.00   0.00    0.00     0.00    0.00  44.24
nvme24n1       184.80  73126.40    47.60  20.48    0.28   395.71  239.60  83940.80    17.40   6.77    0.27   350.34    0.00      0.00     0.00   0.00    0.00     0.00    0.00  48.32
nvme25n1       191.00  73069.60    48.60  20.28    0.27   382.56  185.20  83683.20     9.60   4.93    0.36   451.85    0.00      0.00     0.00   0.00    0.00     0.00    0.00  45.04
nvme26n1       184.40  72688.00    48.00  20.65    0.29   394.19  188.60  83852.80     6.40   3.28    0.35   444.61    0.00      0.00     0.00   0.00    0.00     0.00    0.00  45.52
nvme27n1       192.80  72500.00    49.80  20.53    0.26   376.04  185.00  83484.00     8.40   4.34    0.32   451.26    0.00      0.00     0.00   0.00    0.00     0.00    0.00  45.76
nvme28n1       185.80  73080.00    48.60  20.73    0.28   393.33  183.80  83676.80     6.60   3.47    0.34   455.26    0.00      0.00     0.00   0.00    0.00     0.00    0.00  43.76
nvme29n1       189.40  72578.40    50.20  20.95    0.27   383.20  182.40  83344.00    10.80   5.59    0.34   456.93    0.00      0.00     0.00   0.00    0.00     0.00    0.00  44.64
nvme2n1        191.40  73362.40    51.40  21.17    0.28   383.29  187.40  86129.60    10.00   5.07    0.35   459.60    0.00      0.00     0.00   0.00    0.00     0.00    0.00  44.80
nvme30n1       186.60  74308.00    51.60  21.66    0.29   398.22  185.60  83798.40     8.00   4.13    0.41   451.50    0.00      0.00     0.00   0.00    0.00     0.00    0.00  44.88
nvme31n1       190.80  73381.60    52.80  21.67    0.29   384.60  186.40  83800.80    10.00   5.09    0.35   449.58    0.00      0.00     0.00   0.00    0.00     0.00    0.00  44.24
nvme3n1        195.20  75645.60    51.80  20.97    0.28   387.53  189.00  85638.40    10.20   5.12    0.34   453.11    0.00      0.00     0.00   0.00    0.00     0.00    0.00  45.60
nvme4n1        193.40  75621.60    51.60  21.06    0.30   391.01  188.40  86348.80     8.40   4.27    0.37   458.33    0.00      0.00     0.00   0.00    0.00     0.00    0.00  44.08
nvme5n1        195.40  76210.40    53.60  21.53    0.30   390.02  186.80  85499.20     9.60   4.89    0.34   457.70    0.00      0.00     0.00   0.00    0.00     0.00    0.00  44.96
nvme6n1        196.20  76199.20    52.80  21.20    0.31   388.38  183.60  84788.80     8.20   4.28    0.35   461.81    0.00      0.00     0.00   0.00    0.00     0.00    0.00  44.16
nvme7n1        192.40  74660.00    54.20  21.98    0.28   388.05  182.60  83613.60     9.00   4.70    0.34   457.91    0.00      0.00     0.00   0.00    0.00     0.00    0.00  44.72
nvme8n1        186.20  73809.60    52.20  21.90    0.30   396.40  181.00  83858.40     6.80   3.62    0.39   463.31    0.00      0.00     0.00   0.00    0.00     0.00    0.00  42.80
nvme9n1        190.40  74687.20    53.20  21.84    0.29   392.26  185.20  84784.00    10.20   5.22    0.36   457.80    0.00      0.00     0.00   0.00    0.00     0.00    0.00  45.84


Device            r/s     rkB/s   rrqm/s  %rrqm r_await rareq-sz     w/s     wkB/s   wrqm/s  %wrqm w_await wareq-sz     d/s     dkB/s   drqm/s  %drqm d_await dareq-sz  aqu-sz  %util
dm-0             0.00      0.00     0.00   0.00    0.00     0.00   15.40     76.00     0.00   0.00    0.00     4.94    0.00      0.00     0.00   0.00    0.00     0.00    0.00   0.16
loop0            0.00      0.00     0.00   0.00    0.00     0.00    0.00      0.00     0.00   0.00    0.00     0.00    0.00      0.00     0.00   0.00    0.00     0.00    0.00   0.00
loop1            0.00      0.00     0.00   0.00    0.00     0.00    0.00      0.00     0.00   0.00    0.00     0.00    0.00      0.00     0.00   0.00    0.00     0.00    0.00   0.00
loop2            0.00      0.00     0.00   0.00    0.00     0.00    0.00      0.00     0.00   0.00    0.00     0.00    0.00      0.00     0.00   0.00    0.00     0.00    0.00   0.00
loop3            0.00      0.00     0.00   0.00    0.00     0.00    0.00      0.00     0.00   0.00    0.00     0.00    0.00      0.00     0.00   0.00    0.00     0.00    0.00   0.00
loop4            0.00      0.00     0.00   0.00    0.00     0.00    0.00      0.00     0.00   0.00    0.00     0.00    0.00      0.00     0.00   0.00    0.00     0.00    0.00   0.00
loop5            0.00      0.00     0.00   0.00    0.00     0.00    0.00      0.00     0.00   0.00    0.00     0.00    0.00      0.00     0.00   0.00    0.00     0.00    0.00   0.00
loop6            0.00      0.00     0.00   0.00    0.00     0.00    0.00      0.00     0.00   0.00    0.00     0.00    0.00      0.00     0.00   0.00    0.00     0.00    0.00   0.00
loop7            0.00      0.00     0.00   0.00    0.00     0.00    0.00      0.00     0.00   0.00    0.00     0.00    0.00      0.00     0.00   0.00    0.00     0.00    0.00   0.00
md0           6740.00 2452894.40     0.00   0.00    0.00   363.93 5396.60 2414861.60     0.00   0.00    0.00   447.48    0.00      0.00     0.00   0.00    0.00     0.00    0.00   0.00
nvme0n1          0.00      0.00     0.00   0.00    0.00     0.00   12.60     76.00     2.80  18.18    0.05     6.03    0.00      0.00     0.00   0.00    0.00     0.00    0.00   0.16
nvme10n1       182.00  68839.20    40.40  18.17    0.25   378.24  161.40  74450.40     9.20   5.39    0.34   461.28    0.00      0.00     0.00   0.00    0.00     0.00    0.00  46.96
nvme11n1       179.00  68263.20    42.40  19.15    0.26   381.36  167.80  74723.20     9.20   5.20    0.35   445.31    0.00      0.00     0.00   0.00    0.00     0.00    0.00  46.88
nvme12n1       182.60  69066.40    42.40  18.84    0.25   378.24  162.60  74530.40     9.20   5.36    0.35   458.37    0.00      0.00     0.00   0.00    0.00     0.00    0.00  49.12
nvme13n1       177.80  67040.00    43.80  19.77    0.25   377.05  157.80  73421.60     8.80   5.28    0.36   465.28    0.00      0.00     0.00   0.00    0.00     0.00    0.00  47.52
nvme14n1       170.20  65626.40    40.20  19.11    0.27   385.58  155.60  72709.60     9.00   5.47    0.37   467.29    0.00      0.00     0.00   0.00    0.00     0.00    0.00  47.44
nvme15n1       178.40  66823.20    41.80  18.98    0.26   374.57  177.40  73551.20    10.40   5.54    0.30   414.61    0.00      0.00     0.00   0.00    0.00     0.00    0.00  51.52
nvme16n1       175.80  68113.60    42.00  19.28    0.25   387.45  159.80  74956.00     8.40   4.99    0.37   469.06    0.00      0.00     0.00   0.00    0.00     0.00    0.00  46.48
nvme17n1       181.80  68532.00    42.80  19.06    0.26   376.96  197.60  75334.40     9.80   4.73    0.27   381.25    0.00      0.00     0.00   0.00    0.00     0.00    0.00  49.12
nvme18n1       180.20  68393.60    42.60  19.12    0.27   379.54  190.20  75571.20     9.60   4.80    0.32   397.32    0.00      0.00     0.00   0.00    0.00     0.00    0.00  49.36
nvme19n1       182.80  68115.20    41.60  18.54    0.25   372.62  162.40  74785.60     8.00   4.69    0.35   460.50    0.00      0.00     0.00   0.00    0.00     0.00    0.00  46.88
nvme1n1        171.60  66173.60    42.20  19.74    0.27   385.63  157.00  72962.40     8.20   4.96    0.40   464.73    0.00      0.00     0.00   0.00    0.00     0.00    0.00  45.60
nvme20n1       181.00  67355.20    42.20  18.91    0.25   372.13  160.20  73622.40     8.00   4.76    0.37   459.57    0.00      0.00     0.00   0.00    0.00     0.00    0.00  47.52
nvme21n1       176.40  66652.80    39.20  18.18    0.27   377.85  155.80  72779.20     7.80   4.77    0.36   467.13    0.00      0.00     0.00   0.00    0.00     0.00    0.00  46.96
nvme22n1       175.80  65736.80    41.60  19.14    0.25   373.93  179.80  71287.20     7.80   4.16    0.31   396.48    0.00      0.00     0.00   0.00    0.00     0.00    0.00  51.44
nvme23n1       174.00  65884.00    38.80  18.23    0.25   378.64  154.60  71716.00     7.80   4.80    0.34   463.88    0.00      0.00     0.00   0.00    0.00     0.00    0.00  46.16
nvme24n1       170.80  65931.20    40.40  19.13    0.25   386.01  186.80  72196.80     7.80   4.01    0.29   386.49    0.00      0.00     0.00   0.00    0.00     0.00    0.00  50.56
nvme25n1       177.40  66239.20    39.80  18.32    0.25   373.39  156.20  72178.40     7.80   4.76    0.34   462.09    0.00      0.00     0.00   0.00    0.00     0.00    0.00  46.56
nvme26n1       175.20  67104.80    42.40  19.49    0.27   383.02  163.00  71404.00     8.00   4.68    0.33   438.06    0.00      0.00     0.00   0.00    0.00     0.00    0.00  48.16
nvme27n1       174.80  65795.20    40.80  18.92    0.25   376.40  150.60  70484.80     8.20   5.16    0.32   468.03    0.00      0.00     0.00   0.00    0.00     0.00    0.00  45.84
nvme28n1       176.60  67530.40    41.40  18.99    0.26   382.39  155.80  72433.60     8.00   4.88    0.32   464.91    0.00      0.00     0.00   0.00    0.00     0.00    0.00  46.32
nvme29n1       173.20  67112.00    42.60  19.74    0.26   387.48  157.40  73260.00     8.00   4.84    0.34   465.44    0.00      0.00     0.00   0.00    0.00     0.00    0.00  45.92
nvme2n1        172.40  66276.80    43.20  20.04    0.26   384.44  159.00  73293.60     8.00   4.79    0.34   460.97    0.00      0.00     0.00   0.00    0.00     0.00    0.00  46.88
nvme30n1       177.00  66764.00    42.00  19.18    0.25   377.20  156.80  73320.00     8.00   4.85    0.38   467.60    0.00      0.00     0.00   0.00    0.00     0.00    0.00  46.16
nvme31n1       173.80  66250.40    43.00  19.83    0.26   381.19  159.40  73028.80     8.00   4.78    0.35   458.15    0.00      0.00     0.00   0.00    0.00     0.00    0.00  46.08
nvme3n1        172.00  64655.20    42.00  19.63    0.25   375.90  158.60  72319.20     7.80   4.69    0.34   455.98    0.00      0.00     0.00   0.00    0.00     0.00    0.00  46.72
nvme4n1        169.60  65126.40    40.60  19.31    0.25   384.00  158.00  73157.60     8.40   5.05    0.34   463.02    0.00      0.00     0.00   0.00    0.00     0.00    0.00  45.92
nvme5n1        174.80  66297.60    42.60  19.60    0.25   379.28  159.00  73719.20     8.40   5.02    0.33   463.64    0.00      0.00     0.00   0.00    0.00     0.00    0.00  46.88
nvme6n1        173.00  66200.80    39.80  18.70    0.26   382.66  159.00  73772.80     8.80   5.24    0.36   463.98    0.00      0.00     0.00   0.00    0.00     0.00    0.00  46.48
nvme7n1        170.20  64850.40    42.40  19.94    0.26   381.02  157.00  73118.40     8.80   5.31    0.34   465.72    0.00      0.00     0.00   0.00    0.00     0.00    0.00  44.32
nvme8n1        175.40  66003.20    39.60  18.42    0.26   376.30  158.40  73863.20     9.00   5.38    0.36   466.31    0.00      0.00     0.00   0.00    0.00     0.00    0.00  44.56
nvme9n1        173.60  67028.80    44.20  20.29    0.27   386.11  162.20  75404.80     9.40   5.48    0.36   464.89    0.00      0.00     0.00   0.00    0.00     0.00    0.00  44.48


Device            r/s     rkB/s   rrqm/s  %rrqm r_await rareq-sz     w/s     wkB/s   wrqm/s  %wrqm w_await wareq-sz     d/s     dkB/s   drqm/s  %drqm d_await dareq-sz  aqu-sz  %util
dm-0             0.00      0.00     0.00   0.00    0.00     0.00    1.40      5.60     0.00   0.00    0.00     4.00    0.00      0.00     0.00   0.00    0.00     0.00    0.00   0.08
loop0            0.00      0.00     0.00   0.00    0.00     0.00    0.00      0.00     0.00   0.00    0.00     0.00    0.00      0.00     0.00   0.00    0.00     0.00    0.00   0.00
loop1            0.00      0.00     0.00   0.00    0.00     0.00    0.00      0.00     0.00   0.00    0.00     0.00    0.00      0.00     0.00   0.00    0.00     0.00    0.00   0.00
loop2            0.00      0.00     0.00   0.00    0.00     0.00    0.00      0.00     0.00   0.00    0.00     0.00    0.00      0.00     0.00   0.00    0.00     0.00    0.00   0.00
loop3            0.00      0.00     0.00   0.00    0.00     0.00    0.00      0.00     0.00   0.00    0.00     0.00    0.00      0.00     0.00   0.00    0.00     0.00    0.00   0.00
loop4            0.00      0.00     0.00   0.00    0.00     0.00    0.00      0.00     0.00   0.00    0.00     0.00    0.00      0.00     0.00   0.00    0.00     0.00    0.00   0.00
loop5            0.00      0.00     0.00   0.00    0.00     0.00    0.00      0.00     0.00   0.00    0.00     0.00    0.00      0.00     0.00   0.00    0.00     0.00    0.00   0.00
loop6            0.00      0.00     0.00   0.00    0.00     0.00    0.00      0.00     0.00   0.00    0.00     0.00    0.00      0.00     0.00   0.00    0.00     0.00    0.00   0.00
loop7            0.00      0.00     0.00   0.00    0.00     0.00    0.00      0.00     0.00   0.00    0.00     0.00    0.00      0.00     0.00   0.00    0.00     0.00    0.00   0.00
md0           1954.00 796878.40     0.00   0.00    0.00   407.82 2429.00 844675.20     0.00   0.00    0.00   347.75    0.00      0.00     0.00   0.00    0.00     0.00    0.00   0.00
nvme0n1          0.00      0.00     0.00   0.00    0.00     0.00    0.40      5.60     1.00  71.43    0.00    14.00    0.00      0.00     0.00   0.00    0.00     0.00    0.00   0.08
nvme10n1        51.80  21468.80    12.40  19.31    0.24   414.46   68.20  26234.40     6.40   8.58    0.28   384.67    0.00      0.00     0.00   0.00    0.00     0.00    0.00  23.92
nvme11n1        50.60  21361.60    13.60  21.18    0.24   422.17   72.80  27433.60     5.00   6.43    0.28   376.84    0.00      0.00     0.00   0.00    0.00     0.00    0.00  23.52
nvme12n1        50.60  20559.20    12.40  19.68    0.23   406.31   70.60  26712.80     5.00   6.61    0.29   378.37    0.00      0.00     0.00   0.00    0.00     0.00    0.00  22.88
nvme13n1        47.60  20902.40    13.00  21.45    0.25   439.13   70.60  25966.40     8.60  10.86    0.29   367.80    0.00      0.00     0.00   0.00    0.00     0.00    0.00  21.84
nvme14n1        50.20  20678.40    12.80  20.32    0.24   411.92   68.60  25758.40     4.60   6.28    0.29   375.49    0.00      0.00     0.00   0.00    0.00     0.00    0.00  22.00
nvme15n1        48.60  21100.00    12.80  20.85    0.24   434.16   78.00  25795.20     9.40  10.76    0.24   330.71    0.00      0.00     0.00   0.00    0.00     0.00    0.00  25.20
nvme16n1        48.60  20698.40    12.80  20.85    0.24   425.89   70.20  25364.00     7.60   9.77    0.27   361.31    0.00      0.00     0.00   0.00    0.00     0.00    0.00  22.16
nvme17n1        47.00  20049.60    12.60  21.14    0.24   426.59   79.60  25205.60    11.60  12.72    0.24   316.65    0.00      0.00     0.00   0.00    0.00     0.00    0.00  22.08
nvme18n1        49.40  20776.00    13.80  21.84    0.24   420.57   76.20  25484.80     5.60   6.85    0.26   334.45    0.00      0.00     0.00   0.00    0.00     0.00    0.00  23.60
nvme19n1        48.80  21076.00    12.60  20.52    0.24   431.89   68.20  25289.60     8.40  10.97    0.27   370.82    0.00      0.00     0.00   0.00    0.00     0.00    0.00  22.56
nvme1n1         51.80  22368.00    14.20  21.52    0.25   431.81   69.00  26908.80     5.80   7.75    0.30   389.98    0.00      0.00     0.00   0.00    0.00     0.00    0.00  23.12
nvme20n1        49.40  21154.40    14.00  22.08    0.25   428.23   67.20  25324.00     6.40   8.70    0.30   376.85    0.00      0.00     0.00   0.00    0.00     0.00    0.00  21.76
nvme21n1        49.20  21376.80    13.20  21.15    0.25   434.49   70.40  25665.60     6.80   8.81    0.28   364.57    0.00      0.00     0.00   0.00    0.00     0.00    0.00  21.68
nvme22n1        48.40  20680.00    13.40  21.68    0.24   427.27   80.40  26284.80     7.60   8.64    0.25   326.93    0.00      0.00     0.00   0.00    0.00     0.00    0.00  25.52
nvme23n1        46.00  20315.20    13.20  22.30    0.25   441.63   69.00  25916.80     4.80   6.50    0.27   375.61    0.00      0.00     0.00   0.00    0.00     0.00    0.00  21.12
nvme24n1        49.00  20236.80    13.40  21.47    0.24   413.00   82.40  26081.60    13.00  13.63    0.25   316.52    0.00      0.00     0.00   0.00    0.00     0.00    0.00  23.52
nvme25n1        46.40  20461.60    13.20  22.15    0.24   440.98   71.00  26493.60     7.60   9.67    0.27   373.15    0.00      0.00     0.00   0.00    0.00     0.00    0.00  21.44
nvme26n1        49.20  20183.20    13.20  21.15    0.23   410.23   71.60  26387.20     5.20   6.77    0.27   368.54    0.00      0.00     0.00   0.00    0.00     0.00    0.00  22.48
nvme27n1        46.20  20236.00    12.80  21.69    0.24   438.01   70.60  26528.00     8.40  10.63    0.27   375.75    0.00      0.00     0.00   0.00    0.00     0.00    0.00  20.88
nvme28n1        50.00  20932.80    13.40  21.14    0.24   418.66   67.20  25820.80     5.00   6.93    0.28   384.24    0.00      0.00     0.00   0.00    0.00     0.00    0.00  21.92
nvme29n1        48.20  20952.80    12.80  20.98    0.24   434.71   68.60  26172.00     4.40   6.03    0.28   381.52    0.00      0.00     0.00   0.00    0.00     0.00    0.00  22.16
nvme2n1         52.20  22160.80    13.40  20.43    0.24   424.54   67.40  26090.40     6.60   8.92    0.28   387.10    0.00      0.00     0.00   0.00    0.00     0.00    0.00  22.72
nvme30n1        50.60  21070.40    14.20  21.91    0.24   416.41   70.40  26881.60     9.00  11.34    0.31   381.84    0.00      0.00     0.00   0.00    0.00     0.00    0.00  22.56
nvme31n1        52.00  22321.60    13.80  20.97    0.24   429.26   71.20  27151.20     4.60   6.07    0.28   381.34    0.00      0.00     0.00   0.00    0.00     0.00    0.00  23.04
nvme3n1         52.20  22209.60    14.20  21.39    0.25   425.47   69.00  26320.80     4.20   5.74    0.28   381.46    0.00      0.00     0.00   0.00    0.00     0.00    0.00  23.52
nvme4n1         51.40  22332.80    13.20  20.43    0.24   434.49   68.40  26550.40     5.20   7.07    0.29   388.16    0.00      0.00     0.00   0.00    0.00     0.00    0.00  21.52
nvme5n1         53.00  21701.60    14.00  20.90    0.24   409.46   67.40  25916.80     9.40  12.24    0.27   384.52    0.00      0.00     0.00   0.00    0.00     0.00    0.00  23.76
nvme6n1         50.40  21258.40    12.60  20.00    0.25   421.79   66.60  25480.80     4.40   6.20    0.28   382.59    0.00      0.00     0.00   0.00    0.00     0.00    0.00  22.48
nvme7n1         52.60  21636.00    13.60  20.54    0.24   411.33   67.40  25948.80     6.60   8.92    0.27   385.00    0.00      0.00     0.00   0.00    0.00     0.00    0.00  23.04
nvme8n1         49.40  21462.40    13.20  21.09    0.24   434.46   67.60  26200.00     7.80  10.34    0.28   387.57    0.00      0.00     0.00   0.00    0.00     0.00    0.00  21.52
nvme9n1         51.60  21247.20    13.80  21.10    0.24   411.77   66.20  25492.00     4.60   6.50    0.30   385.08    0.00      0.00     0.00   0.00    0.00     0.00    0.00  22.88


Device            r/s     rkB/s   rrqm/s  %rrqm r_await rareq-sz     w/s     wkB/s   wrqm/s  %wrqm w_await wareq-sz     d/s     dkB/s   drqm/s  %drqm d_await dareq-sz  aqu-sz  %util
dm-0             0.00      0.00     0.00   0.00    0.00     0.00    0.00      0.00     0.00   0.00    0.00     0.00    0.00      0.00     0.00   0.00    0.00     0.00    0.00   0.00
loop0            0.00      0.00     0.00   0.00    0.00     0.00    0.00      0.00     0.00   0.00    0.00     0.00    0.00      0.00     0.00   0.00    0.00     0.00    0.00   0.00
loop1            0.00      0.00     0.00   0.00    0.00     0.00    0.00      0.00     0.00   0.00    0.00     0.00    0.00      0.00     0.00   0.00    0.00     0.00    0.00   0.00
loop2            0.00      0.00     0.00   0.00    0.00     0.00    0.00      0.00     0.00   0.00    0.00     0.00    0.00      0.00     0.00   0.00    0.00     0.00    0.00   0.00
loop3            0.00      0.00     0.00   0.00    0.00     0.00    0.00      0.00     0.00   0.00    0.00     0.00    0.00      0.00     0.00   0.00    0.00     0.00    0.00   0.00
loop4            0.00      0.00     0.00   0.00    0.00     0.00    0.00      0.00     0.00   0.00    0.00     0.00    0.00      0.00     0.00   0.00    0.00     0.00    0.00   0.00
loop5            0.00      0.00     0.00   0.00    0.00     0.00    0.00      0.00     0.00   0.00    0.00     0.00    0.00      0.00     0.00   0.00    0.00     0.00    0.00   0.00
loop6            0.00      0.00     0.00   0.00    0.00     0.00    0.00      0.00     0.00   0.00    0.00     0.00    0.00      0.00     0.00   0.00    0.00     0.00    0.00   0.00
loop7            0.00      0.00     0.00   0.00    0.00     0.00    0.00      0.00     0.00   0.00    0.00     0.00    0.00      0.00     0.00   0.00    0.00     0.00    0.00   0.00
md0           8928.40 3245293.60     0.00   0.00    0.00   363.48 6729.80 2914904.80     0.00   0.00    0.00   433.13    0.00      0.00     0.00   0.00    0.00     0.00    0.00   0.00
nvme0n1          0.00      0.00     0.00   0.00    0.00     0.00    0.00      0.00     0.00   0.00    0.00     0.00    0.00      0.00     0.00   0.00    0.00     0.00    0.00   0.00
nvme10n1       235.40  87988.00    57.60  19.66    0.28   373.78  203.00  91153.60     5.40   2.59    0.38   449.03    0.00      0.00     0.00   0.00    0.00     0.00    0.00  45.76
nvme11n1       228.40  87736.00    55.20  19.46    0.30   384.13  208.40  91833.60     5.20   2.43    0.40   440.66    0.00      0.00     0.00   0.00    0.00     0.00    0.00  45.12
nvme12n1       225.20  87166.40    56.00  19.91    0.31   387.06  201.40  91017.60     5.20   2.52    0.39   451.92    0.00      0.00     0.00   0.00    0.00     0.00    0.00  44.08
nvme13n1       220.60  85847.20    55.40  20.07    0.32   389.15  197.00  89968.00     4.80   2.38    0.43   456.69    0.00      0.00     0.00   0.00    0.00     0.00    0.00  44.56
nvme14n1       226.80  87136.80    55.80  19.75    0.32   384.20  197.20  90052.80     4.80   2.38    0.41   456.66    0.00      0.00     0.00   0.00    0.00     0.00    0.00  44.40
nvme15n1       233.40  87803.20    52.80  18.45    0.29   376.19  225.20  91187.20     7.40   3.18    0.33   404.92    0.00      0.00     0.00   0.00    0.00     0.00    0.00  47.28
nvme16n1       234.40  89872.00    55.60  19.17    0.29   383.41  201.00  91550.40     4.80   2.33    0.40   455.47    0.00      0.00     0.00   0.00    0.00     0.00    0.00  45.20
nvme17n1       238.20  90056.00    57.40  19.42    0.29   378.07  263.40  93093.60     8.80   3.23    0.28   353.43    0.00      0.00     0.00   0.00    0.00     0.00    0.00  47.84
nvme18n1       234.60  88976.00    54.20  18.77    0.30   379.27  247.80  93040.80     6.40   2.52    0.33   375.47    0.00      0.00     0.00   0.00    0.00     0.00    0.00  47.12
nvme19n1       239.00  89673.60    56.20  19.04    0.29   375.20  204.60  92275.20     5.00   2.39    0.38   451.00    0.00      0.00     0.00   0.00    0.00     0.00    0.00  44.08
nvme1n1        231.20  90248.00    53.20  18.71    0.30   390.35  196.40  88915.20     5.80   2.87    0.40   452.73    0.00      0.00     0.00   0.00    0.00     0.00    0.00  44.08
nvme20n1       228.20  88263.20    53.60  19.02    0.29   386.78  200.00  91039.20     5.20   2.53    0.42   455.20    0.00      0.00     0.00   0.00    0.00     0.00    0.00  43.52
nvme21n1       234.00  88644.00    57.40  19.70    0.29   378.82  202.60  91197.60     5.40   2.60    0.39   450.14    0.00      0.00     0.00   0.00    0.00     0.00    0.00  43.84
nvme22n1       228.40  88592.80    53.40  18.95    0.31   387.88  230.40  91848.80     5.20   2.21    0.36   398.65    0.00      0.00     0.00   0.00    0.00     0.00    0.00  48.48
nvme23n1       238.60  90896.00    57.80  19.50    0.30   380.96  202.40  91224.80     5.60   2.69    0.37   450.72    0.00      0.00     0.00   0.00    0.00     0.00    0.00  44.64
nvme24n1       237.60  91315.20    53.60  18.41    0.29   384.32  255.20  91557.60     5.40   2.07    0.31   358.77    0.00      0.00     0.00   0.00    0.00     0.00    0.00  48.24
nvme25n1       235.80  90793.60    59.40  20.12    0.29   385.04  200.60  90928.00     5.40   2.62    0.38   453.28    0.00      0.00     0.00   0.00    0.00     0.00    0.00  45.36
nvme26n1       231.80  90867.20    54.40  19.01    0.31   392.01  215.20  91720.00     5.60   2.54    0.37   426.21    0.00      0.00     0.00   0.00    0.00     0.00    0.00  46.24
nvme27n1       237.40  91157.60    62.20  20.76    0.29   383.98  204.00  92076.80     5.80   2.76    0.34   451.36    0.00      0.00     0.00   0.00    0.00     0.00    0.00  46.32
nvme28n1       237.00  91442.40    52.40  18.11    0.29   385.83  203.20  91672.80     5.60   2.68    0.36   451.15    0.00      0.00     0.00   0.00    0.00     0.00    0.00  45.60
nvme29n1       236.00  89778.40    64.00  21.33    0.28   380.42  201.20  91004.80     5.80   2.80    0.36   452.31    0.00      0.00     0.00   0.00    0.00     0.00    0.00  46.00
nvme2n1        235.00  88532.00    62.80  21.09    0.29   376.73  197.40  88780.00     6.20   3.05    0.37   449.75    0.00      0.00     0.00   0.00    0.00     0.00    0.00  44.64
nvme30n1       233.40  90326.40    51.00  17.93    0.29   387.00  201.00  90195.20     5.60   2.71    0.43   448.73    0.00      0.00     0.00   0.00    0.00     0.00    0.00  45.12
nvme31n1       234.40  88886.40    63.40  21.29    0.28   379.21  197.40  88563.20     6.00   2.95    0.37   448.65    0.00      0.00     0.00   0.00    0.00     0.00    0.00  46.00
nvme3n1        223.40  87403.20    53.80  19.41    0.28   391.24  195.00  89150.40     6.20   3.08    0.37   457.18    0.00      0.00     0.00   0.00    0.00     0.00    0.00  43.92
nvme4n1        232.60  88557.60    62.00  21.05    0.29   380.73  203.60  90663.20     6.20   2.96    0.37   445.30    0.00      0.00     0.00   0.00    0.00     0.00    0.00  46.00
nvme5n1        222.60  86615.20    56.60  20.27    0.29   389.11  201.80  90880.80     6.00   2.89    0.37   450.35    0.00      0.00     0.00   0.00    0.00     0.00    0.00  44.80
nvme6n1        226.40  86424.00    60.60  21.11    0.30   381.73  198.40  90388.80     5.80   2.84    0.40   455.59    0.00      0.00     0.00   0.00    0.00     0.00    0.00  45.36
nvme7n1        220.60  85633.60    54.60  19.84    0.30   388.18  198.60  89363.20     5.80   2.84    0.37   449.97    0.00      0.00     0.00   0.00    0.00     0.00    0.00  44.72
nvme8n1        232.80  87254.40    56.60  19.56    0.31   374.80  197.00  89052.00     5.80   2.86    0.40   452.04    0.00      0.00     0.00   0.00    0.00     0.00    0.00  44.96
nvme9n1        221.00  87652.80    55.20  19.99    0.31   396.62  197.40  90052.80     5.60   2.76    0.40   456.19    0.00      0.00     0.00   0.00    0.00     0.00    0.00  44.32


Device            r/s     rkB/s   rrqm/s  %rrqm r_await rareq-sz     w/s     wkB/s   wrqm/s  %wrqm w_await wareq-sz     d/s     dkB/s   drqm/s  %drqm d_await dareq-sz  aqu-sz  %util
dm-0             0.00      0.00     0.00   0.00    0.00     0.00    1.60      6.40     0.00   0.00    0.00     4.00    0.00      0.00     0.00   0.00    0.00     0.00    0.00   0.16
loop0            0.00      0.00     0.00   0.00    0.00     0.00    0.00      0.00     0.00   0.00    0.00     0.00    0.00      0.00     0.00   0.00    0.00     0.00    0.00   0.00
loop1            0.00      0.00     0.00   0.00    0.00     0.00    0.00      0.00     0.00   0.00    0.00     0.00    0.00      0.00     0.00   0.00    0.00     0.00    0.00   0.00
loop2            0.00      0.00     0.00   0.00    0.00     0.00    0.00      0.00     0.00   0.00    0.00     0.00    0.00      0.00     0.00   0.00    0.00     0.00    0.00   0.00
loop3            0.00      0.00     0.00   0.00    0.00     0.00    0.00      0.00     0.00   0.00    0.00     0.00    0.00      0.00     0.00   0.00    0.00     0.00    0.00   0.00
loop4            0.00      0.00     0.00   0.00    0.00     0.00    0.00      0.00     0.00   0.00    0.00     0.00    0.00      0.00     0.00   0.00    0.00     0.00    0.00   0.00
loop5            0.00      0.00     0.00   0.00    0.00     0.00    0.00      0.00     0.00   0.00    0.00     0.00    0.00      0.00     0.00   0.00    0.00     0.00    0.00   0.00
loop6            0.00      0.00     0.00   0.00    0.00     0.00    0.00      0.00     0.00   0.00    0.00     0.00    0.00      0.00     0.00   0.00    0.00     0.00    0.00   0.00
loop7            0.00      0.00     0.00   0.00    0.00     0.00    0.00      0.00     0.00   0.00    0.00     0.00    0.00      0.00     0.00   0.00    0.00     0.00    0.00   0.00
md0           2061.60 844492.00     0.00   0.00    0.00   409.63 2306.40 963480.80     0.00   0.00    0.00   417.74    0.00      0.00     0.00   0.00    0.00     0.00    0.00   0.00
nvme0n1          0.00      0.00     0.00   0.00    0.00     0.00    0.60      6.40     1.00  62.50    0.00    10.67    0.00      0.00     0.00   0.00    0.00     0.00    0.00   0.16
nvme10n1        58.60  22784.80    14.20  19.51    0.25   388.82   67.60  29476.00    11.80  14.86    0.28   436.04    0.00      0.00     0.00   0.00    0.00     0.00    0.00  24.80
nvme11n1        51.60  21550.40    14.60  22.05    0.25   417.64   61.40  28139.20     9.00  12.78    0.28   458.29    0.00      0.00     0.00   0.00    0.00     0.00    0.00  22.88
nvme12n1        50.20  20226.40    12.40  19.81    0.25   402.92   61.40  27242.40     7.20  10.50    0.28   443.69    0.00      0.00     0.00   0.00    0.00     0.00    0.00  22.08
nvme13n1        50.00  21115.20    15.20  23.31    0.24   422.30   62.00  27750.40     5.20   7.74    0.28   447.59    0.00      0.00     0.00   0.00    0.00     0.00    0.00  22.08
nvme14n1        51.80  21564.00    11.80  18.55    0.24   416.29   63.60  28308.80     7.20  10.17    0.28   445.11    0.00      0.00     0.00   0.00    0.00     0.00    0.00  22.56
nvme15n1        54.80  22583.20    15.60  22.16    0.24   412.10   77.80  29638.40    10.00  11.39    0.24   380.96    0.00      0.00     0.00   0.00    0.00     0.00    0.00  27.04
nvme16n1        55.60  22810.40    13.20  19.19    0.25   410.26   72.00  29044.80    10.00  12.20    0.27   403.40    0.00      0.00     0.00   0.00    0.00     0.00    0.00  23.92
nvme17n1        56.40  22366.40    16.00  22.10    0.23   396.57   82.80  27418.40    21.60  20.69    0.21   331.14    0.00      0.00     0.00   0.00    0.00     0.00    0.00  26.80
nvme18n1        51.80  21867.20    13.40  20.55    0.25   422.15   72.40  27358.40     9.20  11.27    0.23   377.88    0.00      0.00     0.00   0.00    0.00     0.00    0.00  26.24
nvme19n1        51.80  22166.40    14.60  21.99    0.24   427.92   63.00  27413.60     8.20  11.52    0.28   435.14    0.00      0.00     0.00   0.00    0.00     0.00    0.00  24.56
nvme1n1         50.40  21182.40    14.00  21.74    0.25   420.29   60.60  27646.40     4.20   6.48    0.28   456.21    0.00      0.00     0.00   0.00    0.00     0.00    0.00  22.96
nvme20n1        51.60  21640.00    13.40  20.62    0.25   419.38   62.00  27286.40     6.00   8.82    0.27   440.10    0.00      0.00     0.00   0.00    0.00     0.00    0.00  23.44
nvme21n1        50.60  20972.00    14.00  21.67    0.23   414.47   60.80  27025.60     5.80   8.71    0.29   444.50    0.00      0.00     0.00   0.00    0.00     0.00    0.00  23.92
nvme22n1        51.60  21345.60    13.80  21.10    0.24   413.67   78.60  28117.60     7.40   8.60    0.22   357.73    0.00      0.00     0.00   0.00    0.00     0.00    0.00  27.52
nvme23n1        50.40  21433.60    12.80  20.25    0.24   425.27   61.20  28340.80     4.80   7.27    0.29   463.08    0.00      0.00     0.00   0.00    0.00     0.00    0.00  23.52
nvme24n1        50.80  21304.00    14.00  21.60    0.25   419.37   75.40  29194.40    16.80  18.22    0.25   387.19    0.00      0.00     0.00   0.00    0.00     0.00    0.00  26.00
nvme25n1        51.20  20932.00    14.20  21.71    0.25   408.83   64.80  28749.60     3.80   5.54    0.27   443.67    0.00      0.00     0.00   0.00    0.00     0.00    0.00  23.84
nvme26n1        51.80  21436.80    14.00  21.28    0.24   413.84   65.60  29032.00     6.20   8.64    0.27   442.56    0.00      0.00     0.00   0.00    0.00     0.00    0.00  24.08
nvme27n1        50.40  21146.40    14.20  21.98    0.23   419.57   63.40  28564.00     5.80   8.38    0.26   450.54    0.00      0.00     0.00   0.00    0.00     0.00    0.00  23.52
nvme28n1        52.40  21980.00    13.80  20.85    0.24   419.47   62.60  28864.80     5.20   7.67    0.28   461.10    0.00      0.00     0.00   0.00    0.00     0.00    0.00  23.84
nvme29n1        54.00  22821.60    15.40  22.19    0.25   422.62   67.00  29792.00     5.20   7.20    0.27   444.66    0.00      0.00     0.00   0.00    0.00     0.00    0.00  25.20
nvme2n1         50.40  20876.00    13.80  21.50    0.24   414.21   63.60  27939.20     6.60   9.40    0.28   439.30    0.00      0.00     0.00   0.00    0.00     0.00    0.00  22.24
nvme30n1        53.80  22545.60    13.80  20.41    0.25   419.06   65.80  29360.80     5.40   7.58    0.30   446.21    0.00      0.00     0.00   0.00    0.00     0.00    0.00  23.52
nvme31n1        53.20  21937.60    15.00  21.99    0.24   412.36   64.60  28067.20     5.20   7.45    0.26   434.48    0.00      0.00     0.00   0.00    0.00     0.00    0.00  23.12
nvme3n1         53.60  22180.80    14.00  20.71    0.25   413.82   65.80  28453.60     6.00   8.36    0.28   432.43    0.00      0.00     0.00   0.00    0.00     0.00    0.00  23.20
nvme4n1         55.40  22252.00    14.20  20.40    0.25   401.66   62.20  28049.60     6.40   9.33    0.28   450.96    0.00      0.00     0.00   0.00    0.00     0.00    0.00  24.32
nvme5n1         50.20  21069.60    12.60  20.06    0.24   419.71   61.20  27814.40     6.60   9.73    0.27   454.48    0.00      0.00     0.00   0.00    0.00     0.00    0.00  22.80
nvme6n1         51.20  21070.40    14.00  21.47    0.24   411.53   60.20  27532.80     8.40  12.24    0.28   457.36    0.00      0.00     0.00   0.00    0.00     0.00    0.00  23.04
nvme7n1         51.20  21512.80    14.40  21.95    0.25   420.17   61.80  27584.80     4.80   7.21    0.28   446.36    0.00      0.00     0.00   0.00    0.00     0.00    0.00  22.32
nvme8n1         55.60  21972.00    14.60  20.80    0.24   395.18   63.60  27905.60    10.60  14.29    0.28   438.77    0.00      0.00     0.00   0.00    0.00     0.00    0.00  23.44
nvme9n1         54.40  22871.20    14.20  20.70    0.24   420.43   63.60  29259.20     4.00   5.92    0.29   460.05    0.00      0.00     0.00   0.00    0.00     0.00    0.00  23.28


Device            r/s     rkB/s   rrqm/s  %rrqm r_await rareq-sz     w/s     wkB/s   wrqm/s  %wrqm w_await wareq-sz     d/s     dkB/s   drqm/s  %drqm d_await dareq-sz  aqu-sz  %util
dm-0             0.20      0.80     0.00   0.00    0.00     4.00    1.40      5.60     0.00   0.00    0.00     4.00    0.00      0.00     0.00   0.00    0.00     0.00    0.00   0.16
loop0            0.00      0.00     0.00   0.00    0.00     0.00    0.00      0.00     0.00   0.00    0.00     0.00    0.00      0.00     0.00   0.00    0.00     0.00    0.00   0.00
loop1            0.00      0.00     0.00   0.00    0.00     0.00    0.00      0.00     0.00   0.00    0.00     0.00    0.00      0.00     0.00   0.00    0.00     0.00    0.00   0.00
loop2            0.00      0.00     0.00   0.00    0.00     0.00    0.00      0.00     0.00   0.00    0.00     0.00    0.00      0.00     0.00   0.00    0.00     0.00    0.00   0.00
loop3            0.00      0.00     0.00   0.00    0.00     0.00    0.00      0.00     0.00   0.00    0.00     0.00    0.00      0.00     0.00   0.00    0.00     0.00    0.00   0.00
loop4            0.00      0.00     0.00   0.00    0.00     0.00    0.00      0.00     0.00   0.00    0.00     0.00    0.00      0.00     0.00   0.00    0.00     0.00    0.00   0.00
loop5            0.00      0.00     0.00   0.00    0.00     0.00    0.00      0.00     0.00   0.00    0.00     0.00    0.00      0.00     0.00   0.00    0.00     0.00    0.00   0.00
loop6            0.00      0.00     0.00   0.00    0.00     0.00    0.00      0.00     0.00   0.00    0.00     0.00    0.00      0.00     0.00   0.00    0.00     0.00    0.00   0.00
loop7            0.00      0.00     0.00   0.00    0.00     0.00    0.00      0.00     0.00   0.00    0.00     0.00    0.00      0.00     0.00   0.00    0.00     0.00    0.00   0.00
md0           8305.20 3010621.60     0.00   0.00    0.00   362.50 6171.00 2796287.20     0.00   0.00    0.00   453.13    0.00      0.00     0.00   0.00    0.00     0.00    0.00   0.00
nvme0n1          0.20      0.80     0.00   0.00    0.00     4.00    0.40      5.60     1.00  71.43    0.00    14.00    0.00      0.00     0.00   0.00    0.00     0.00    0.00   0.16
nvme10n1       212.80  85510.40    53.60  20.12    0.28   401.83  182.20  86647.20     2.20   1.19    0.36   475.56    0.00      0.00     0.00   0.00    0.00     0.00    0.00  47.52
nvme11n1       212.60  84833.60    55.40  20.67    0.30   399.03  184.00  85054.40     2.20   1.18    0.38   462.25    0.00      0.00     0.00   0.00    0.00     0.00    0.00  44.96
nvme12n1       209.80  84564.00    51.80  19.80    0.29   403.07  182.80  84968.80     2.20   1.19    0.36   464.82    0.00      0.00     0.00   0.00    0.00     0.00    0.00  43.68
nvme13n1       211.00  84345.60    55.60  20.86    0.29   399.74  186.80  87388.00     2.00   1.06    0.39   467.82    0.00      0.00     0.00   0.00    0.00     0.00    0.00  44.48
nvme14n1       208.40  83679.20    50.60  19.54    0.29   401.53  183.80  88588.80     2.20   1.18    0.38   481.98    0.00      0.00     0.00   0.00    0.00     0.00    0.00  44.96
nvme15n1       214.80  86064.00    57.40  21.09    0.28   400.67  211.60  90053.60     4.40   2.04    0.31   425.58    0.00      0.00     0.00   0.00    0.00     0.00    0.00  49.68
nvme16n1       219.00  86685.60    55.40  20.19    0.29   395.82  187.20  90307.20     2.00   1.06    0.38   482.41    0.00      0.00     0.00   0.00    0.00     0.00    0.00  45.68
nvme17n1       214.40  85567.20    58.20  21.35    0.29   399.10  242.60  89062.40     5.00   2.02    0.28   367.12    0.00      0.00     0.00   0.00    0.00     0.00    0.00  48.88
nvme18n1       216.00  85452.00    55.20  20.35    0.28   395.61  227.40  89773.60     4.40   1.90    0.33   394.78    0.00      0.00     0.00   0.00    0.00     0.00    0.00  46.64
nvme19n1       210.00  84135.20    57.20  21.41    0.29   400.64  188.40  90223.20     2.00   1.05    0.38   478.89    0.00      0.00     0.00   0.00    0.00     0.00    0.00  44.96
nvme1n1        210.80  84681.60    56.60  21.17    0.28   401.72  187.20  89938.40     1.80   0.95    0.40   480.44    0.00      0.00     0.00   0.00    0.00     0.00    0.00  45.60
nvme20n1       216.00  84383.20    54.80  20.24    0.28   390.66  189.00  90624.80     2.00   1.05    0.40   479.50    0.00      0.00     0.00   0.00    0.00     0.00    0.00  45.44
nvme21n1       215.00  85466.40    58.80  21.48    0.29   397.52  193.20  91240.00     2.20   1.13    0.39   472.26    0.00      0.00     0.00   0.00    0.00     0.00    0.00  46.80
nvme22n1       223.40  87416.00    54.00  19.47    0.27   391.30  221.40  91950.40     2.00   0.90    0.32   415.31    0.00      0.00     0.00   0.00    0.00     0.00    0.00  51.12
nvme23n1       212.80  86852.00    61.60  22.45    0.28   408.14  190.60  91365.60     2.00   1.04    0.38   479.36    0.00      0.00     0.00   0.00    0.00     0.00    0.00  47.20
nvme24n1       217.80  87517.60    54.40  19.99    0.28   401.83  243.00  92230.40     1.80   0.74    0.29   379.55    0.00      0.00     0.00   0.00    0.00     0.00    0.00  52.96
nvme25n1       218.40  87492.80    60.40  21.66    0.28   400.61  194.20  92424.80     2.00   1.02    0.36   475.93    0.00      0.00     0.00   0.00    0.00     0.00    0.00  48.64
nvme26n1       219.20  87327.20    53.00  19.47    0.28   398.39  204.60  91012.80     1.80   0.87    0.35   444.83    0.00      0.00     0.00   0.00    0.00     0.00    0.00  48.96
nvme27n1       214.80  86416.00    59.20  21.61    0.28   402.31  187.60  90351.20     1.80   0.95    0.34   481.62    0.00      0.00     0.00   0.00    0.00     0.00    0.00  47.68
nvme28n1       212.00  84888.00    55.60  20.78    0.28   400.42  188.60  90248.00     1.80   0.95    0.36   478.52    0.00      0.00     0.00   0.00    0.00     0.00    0.00  46.72
nvme29n1       209.40  86134.40    57.00  21.40    0.28   411.34  182.00  89508.80     1.80   0.98    0.36   491.81    0.00      0.00     0.00   0.00    0.00     0.00    0.00  47.20
nvme2n1        205.80  83436.00    57.40  21.81    0.28   405.42  185.40  88874.40     1.80   0.96    0.37   479.37    0.00      0.00     0.00   0.00    0.00     0.00    0.00  45.20
nvme30n1       209.00  84993.60    57.80  21.66    0.30   406.67  184.60  88690.40     1.80   0.97    0.42   480.45    0.00      0.00     0.00   0.00    0.00     0.00    0.00  46.96
nvme31n1       207.00  84865.60    56.40  21.41    0.29   409.98  184.60  88926.40     1.80   0.97    0.39   481.72    0.00      0.00     0.00   0.00    0.00     0.00    0.00  45.68
nvme3n1        205.40  82556.80    54.40  20.94    0.28   401.93  186.00  89353.60     2.00   1.06    0.36   480.40    0.00      0.00     0.00   0.00    0.00     0.00    0.00  45.20
nvme4n1        207.80  83064.80    56.40  21.35    0.27   399.73  184.40  87604.00     2.00   1.07    0.36   475.08    0.00      0.00     0.00   0.00    0.00     0.00    0.00  45.52
nvme5n1        207.00  84112.80    55.20  21.05    0.29   406.34  185.80  89697.60     1.80   0.96    0.36   482.76    0.00      0.00     0.00   0.00    0.00     0.00    0.00  44.48
nvme6n1        206.20  82555.20    57.00  21.66    0.28   400.36  184.40  88603.20     1.80   0.97    0.37   480.49    0.00      0.00     0.00   0.00    0.00     0.00    0.00  45.68
nvme7n1        206.20  82396.80    52.40  20.26    0.28   399.60  181.20  87327.20     2.00   1.09    0.36   481.94    0.00      0.00     0.00   0.00    0.00     0.00    0.00  46.32
nvme8n1        204.80  82337.60    54.60  21.05    0.29   402.04  182.00  87312.80     2.20   1.19    0.39   479.74    0.00      0.00     0.00   0.00    0.00     0.00    0.00  44.96
nvme9n1        216.40  84600.80    54.40  20.09    0.28   390.95  182.40  85999.20     2.40   1.30    0.37   471.49    0.00      0.00     0.00   0.00    0.00     0.00    0.00  47.36


Device            r/s     rkB/s   rrqm/s  %rrqm r_await rareq-sz     w/s     wkB/s   wrqm/s  %wrqm w_await wareq-sz     d/s     dkB/s   drqm/s  %drqm d_await dareq-sz  aqu-sz  %util
dm-0             0.60      2.40     0.00   0.00    0.00     4.00    2.40     25.60     0.00   0.00    0.00    10.67    0.00      0.00     0.00   0.00    0.00     0.00    0.00   0.24
loop0            0.00      0.00     0.00   0.00    0.00     0.00    0.00      0.00     0.00   0.00    0.00     0.00    0.00      0.00     0.00   0.00    0.00     0.00    0.00   0.00
loop1            0.00      0.00     0.00   0.00    0.00     0.00    0.00      0.00     0.00   0.00    0.00     0.00    0.00      0.00     0.00   0.00    0.00     0.00    0.00   0.00
loop2            0.00      0.00     0.00   0.00    0.00     0.00    0.00      0.00     0.00   0.00    0.00     0.00    0.00      0.00     0.00   0.00    0.00     0.00    0.00   0.00
loop3            0.00      0.00     0.00   0.00    0.00     0.00    0.00      0.00     0.00   0.00    0.00     0.00    0.00      0.00     0.00   0.00    0.00     0.00    0.00   0.00
loop4            0.00      0.00     0.00   0.00    0.00     0.00    0.00      0.00     0.00   0.00    0.00     0.00    0.00      0.00     0.00   0.00    0.00     0.00    0.00   0.00
loop5            0.00      0.00     0.00   0.00    0.00     0.00    0.00      0.00     0.00   0.00    0.00     0.00    0.00      0.00     0.00   0.00    0.00     0.00    0.00   0.00
loop6            0.00      0.00     0.00   0.00    0.00     0.00    0.00      0.00     0.00   0.00    0.00     0.00    0.00      0.00     0.00   0.00    0.00     0.00    0.00   0.00
loop7            0.00      0.00     0.00   0.00    0.00     0.00    0.00      0.00     0.00   0.00    0.00     0.00    0.00      0.00     0.00   0.00    0.00     0.00    0.00   0.00
md0           2662.60 1040874.40     0.00   0.00    0.00   390.92 3125.00 1316077.60     0.00   0.00    0.00   421.14    0.00      0.00     0.00   0.00    0.00     0.00    0.00   0.00
nvme0n1          0.60      2.40     0.00   0.00    0.00     4.00    1.60     25.60     0.80  33.33    0.00    16.00    0.00      0.00     0.00   0.00    0.00     0.00    0.00   0.24
nvme10n1        67.60  29271.20    19.20  22.12    0.25   433.01   86.00  39425.60     6.60   7.13    0.29   458.44    0.00      0.00     0.00   0.00    0.00     0.00    0.00  31.60
nvme11n1        68.00  28968.80    17.40  20.37    0.24   426.01   86.80  38608.00    11.00  11.25    0.30   444.79    0.00      0.00     0.00   0.00    0.00     0.00    0.00  31.76
nvme12n1        67.20  29029.60    20.80  23.64    0.24   431.99   84.40  38472.00     8.20   8.86    0.29   455.83    0.00      0.00     0.00   0.00    0.00     0.00    0.00  30.80
nvme13n1        65.40  28856.00    17.60  21.20    0.25   441.22   83.60  38904.00    11.20  11.81    0.31   465.36    0.00      0.00     0.00   0.00    0.00     0.00    0.00  30.72
nvme14n1        67.40  28695.20    21.00  23.76    0.26   425.74   84.80  38280.00     8.00   8.62    0.30   451.42    0.00      0.00     0.00   0.00    0.00     0.00    0.00  31.60
nvme15n1        67.20  27986.40    16.60  19.81    0.25   416.46  100.40  38336.00    12.00  10.68    0.24   381.83    0.00      0.00     0.00   0.00    0.00     0.00    0.00  35.52
nvme16n1        67.80  28745.60    19.60  22.43    0.25   423.98   89.60  39229.60    16.40  15.47    0.27   437.83    0.00      0.00     0.00   0.00    0.00     0.00    0.00  30.16
nvme17n1        68.60  29776.80    17.40  20.23    0.26   434.06  110.00  39821.60    19.60  15.12    0.23   362.01    0.00      0.00     0.00   0.00    0.00     0.00    0.00  33.12
nvme18n1        70.80  29723.20    20.40  22.37    0.24   419.82  102.40  40020.00    12.60  10.96    0.27   390.82    0.00      0.00     0.00   0.00    0.00     0.00    0.00  34.08
nvme19n1        68.80  29466.40    17.60  20.37    0.25   428.29   88.20  39835.20    10.40  10.55    0.30   451.65    0.00      0.00     0.00   0.00    0.00     0.00    0.00  31.84
nvme1n1         64.60  27423.20    16.40  20.25    0.25   424.51   89.20  39944.80    10.00  10.08    0.30   447.81    0.00      0.00     0.00   0.00    0.00     0.00    0.00  30.24
nvme20n1        69.20  29260.80    20.60  22.94    0.25   422.84   85.20  38606.40    11.60  11.98    0.33   453.13    0.00      0.00     0.00   0.00    0.00     0.00    0.00  31.28
nvme21n1        66.80  28551.20    18.60  21.78    0.26   427.41   81.80  36934.40     8.00   8.91    0.30   451.52    0.00      0.00     0.00   0.00    0.00     0.00    0.00  30.56
nvme22n1        66.60  29234.40    20.40  23.45    0.25   438.95  104.40  37008.80    15.60  13.00    0.24   354.49    0.00      0.00     0.00   0.00    0.00     0.00    0.00  35.76
nvme23n1        67.60  29100.80    17.60  20.66    0.25   430.49   82.80  37991.20     8.60   9.41    0.30   458.83    0.00      0.00     0.00   0.00    0.00     0.00    0.00  30.48
nvme24n1        67.40  29031.20    20.60  23.41    0.24   430.73  102.00  38419.20    19.40  15.98    0.25   376.66    0.00      0.00     0.00   0.00    0.00     0.00    0.00  34.64
nvme25n1        70.40  28373.60    16.00  18.52    0.24   403.03   83.40  37930.40    10.00  10.71    0.30   454.80    0.00      0.00     0.00   0.00    0.00     0.00    0.00  30.40
nvme26n1        66.80  28112.00    20.00  23.04    0.24   420.84   89.40  38881.60     6.20   6.49    0.28   434.92    0.00      0.00     0.00   0.00    0.00     0.00    0.00  31.92
nvme27n1        66.40  28791.20    17.20  20.57    0.25   433.60   87.20  39548.00     6.80   7.23    0.28   453.53    0.00      0.00     0.00   0.00    0.00     0.00    0.00  30.40
nvme28n1        66.80  28362.40    18.20  21.41    0.25   424.59   88.40  39487.20     7.80   8.11    0.28   446.69    0.00      0.00     0.00   0.00    0.00     0.00    0.00  31.04
nvme29n1        66.40  28700.00    17.80  21.14    0.24   432.23   88.20  39809.60     5.00   5.36    0.29   451.36    0.00      0.00     0.00   0.00    0.00     0.00    0.00  31.36
nvme2n1         66.00  27729.60    17.40  20.86    0.26   420.15   87.80  39401.60     6.80   7.19    0.29   448.77    0.00      0.00     0.00   0.00    0.00     0.00    0.00  30.56
nvme30n1        65.40  28197.60    18.60  22.14    0.25   431.16   88.00  39653.60     5.60   5.98    0.30   450.61    0.00      0.00     0.00   0.00    0.00     0.00    0.00  31.04
nvme31n1        63.40  27273.60    18.20  22.30    0.25   430.18   88.20  39937.60     5.20   5.57    0.29   452.81    0.00      0.00     0.00   0.00    0.00     0.00    0.00  30.24
nvme3n1         64.20  28728.80    17.60  21.52    0.24   447.49   90.00  40221.60     8.00   8.16    0.29   446.91    0.00      0.00     0.00   0.00    0.00     0.00    0.00  29.52
nvme4n1         69.20  28936.00    17.80  20.46    0.25   418.15   89.20  40252.80     8.40   8.61    0.29   451.26    0.00      0.00     0.00   0.00    0.00     0.00    0.00  30.64
nvme5n1         66.60  29124.80    18.80  22.01    0.25   437.31   86.80  39773.60     8.20   8.63    0.29   458.22    0.00      0.00     0.00   0.00    0.00     0.00    0.00  30.88
nvme6n1         69.00  29456.00    17.80  20.51    0.25   426.90   86.80  39613.60     8.60   9.01    0.28   456.38    0.00      0.00     0.00   0.00    0.00     0.00    0.00  31.68
nvme7n1         70.20  29351.20    19.20  21.48    0.24   418.11   88.40  40233.60     9.40   9.61    0.30   455.13    0.00      0.00     0.00   0.00    0.00     0.00    0.00  30.88
nvme8n1         68.60  29207.20    19.40  22.05    0.25   425.76   87.60  40086.40     6.80   7.20    0.30   457.61    0.00      0.00     0.00   0.00    0.00     0.00    0.00  31.04
nvme9n1         67.60  29112.00    17.80  20.84    0.25   430.65   86.80  39326.40     8.40   8.82    0.29   453.07    0.00      0.00     0.00   0.00    0.00     0.00    0.00  29.60


Device            r/s     rkB/s   rrqm/s  %rrqm r_await rareq-sz     w/s     wkB/s   wrqm/s  %wrqm w_await wareq-sz     d/s     dkB/s   drqm/s  %drqm d_await dareq-sz  aqu-sz  %util
dm-0             0.00      0.00     0.00   0.00    0.00     0.00   19.60     80.80     0.00   0.00    0.00     4.12    0.00      0.00     0.00   0.00    0.00     0.00    0.00   0.16
loop0            0.00      0.00     0.00   0.00    0.00     0.00    0.00      0.00     0.00   0.00    0.00     0.00    0.00      0.00     0.00   0.00    0.00     0.00    0.00   0.00
loop1            0.00      0.00     0.00   0.00    0.00     0.00    0.00      0.00     0.00   0.00    0.00     0.00    0.00      0.00     0.00   0.00    0.00     0.00    0.00   0.00
loop2            0.00      0.00     0.00   0.00    0.00     0.00    0.00      0.00     0.00   0.00    0.00     0.00    0.00      0.00     0.00   0.00    0.00     0.00    0.00   0.00
loop3            0.00      0.00     0.00   0.00    0.00     0.00    0.00      0.00     0.00   0.00    0.00     0.00    0.00      0.00     0.00   0.00    0.00     0.00    0.00   0.00
loop4            0.00      0.00     0.00   0.00    0.00     0.00    0.00      0.00     0.00   0.00    0.00     0.00    0.00      0.00     0.00   0.00    0.00     0.00    0.00   0.00
loop5            0.00      0.00     0.00   0.00    0.00     0.00    0.00      0.00     0.00   0.00    0.00     0.00    0.00      0.00     0.00   0.00    0.00     0.00    0.00   0.00
loop6            0.00      0.00     0.00   0.00    0.00     0.00    0.00      0.00     0.00   0.00    0.00     0.00    0.00      0.00     0.00   0.00    0.00     0.00    0.00   0.00
loop7            0.00      0.00     0.00   0.00    0.00     0.00    0.00      0.00     0.00   0.00    0.00     0.00    0.00      0.00     0.00   0.00    0.00     0.00    0.00   0.00
md0           7834.00 3017624.80     0.00   0.00    0.00   385.20 4918.00 2429617.60     0.00   0.00    0.00   494.03    0.00      0.00     0.00   0.00    0.00     0.00    0.00   0.00
nvme0n1          0.00      0.00     0.00   0.00    0.00     0.00   15.60     80.80     4.00  20.41    0.05     5.18    0.00      0.00     0.00   0.00    0.00     0.00    0.00   0.16
nvme10n1       206.00  83368.80    47.80  18.83    0.29   404.70  151.80  78550.40     0.40   0.26    0.41   517.46    0.00      0.00     0.00   0.00    0.00     0.00    0.00  38.00
nvme11n1       197.00  82454.40    55.80  22.07    0.31   418.55  151.80  77860.00     0.40   0.26    0.42   512.91    0.00      0.00     0.00   0.00    0.00     0.00    0.00  37.60
nvme12n1       202.20  82886.40    48.20  19.25    0.28   409.92  153.20  79084.80     0.60   0.39    0.39   516.22    0.00      0.00     0.00   0.00    0.00     0.00    0.00  37.84
nvme13n1       202.00  83152.80    53.60  20.97    0.31   411.65  159.00  80626.40     0.40   0.25    0.46   507.08    0.00      0.00     0.00   0.00    0.00     0.00    0.00  37.04
nvme14n1       207.80  83508.00    50.40  19.52    0.30   401.87  157.20  79818.40     0.40   0.25    0.42   507.75    0.00      0.00     0.00   0.00    0.00     0.00    0.00  37.12
nvme15n1       202.20  83152.80    53.60  20.95    0.28   411.24  168.20  79874.40     2.60   1.52    0.36   474.88    0.00      0.00     0.00   0.00    0.00     0.00    0.00  38.40
nvme16n1       201.80  82507.20    50.00  19.86    0.29   408.86  153.00  78287.20     0.40   0.26    0.40   511.68    0.00      0.00     0.00   0.00    0.00     0.00    0.00  36.72
nvme17n1       197.60  81722.40    51.60  20.71    0.28   413.57  191.40  78023.20     1.60   0.83    0.30   407.64    0.00      0.00     0.00   0.00    0.00     0.00    0.00  38.88
nvme18n1       204.00  83370.40    50.20  19.75    0.30   408.68  179.20  77677.60     2.80   1.54    0.35   433.47    0.00      0.00     0.00   0.00    0.00     0.00    0.00  38.96
nvme19n1       202.80  82974.40    50.80  20.03    0.30   409.14  148.00  76909.60     0.40   0.27    0.40   519.66    0.00      0.00     0.00   0.00    0.00     0.00    0.00  37.92
nvme1n1        204.80  84801.60    53.40  20.68    0.30   414.07  149.20  78270.40     0.40   0.27    0.45   524.60    0.00      0.00     0.00   0.00    0.00     0.00    0.00  37.60
nvme20n1       198.20  81799.20    50.60  20.34    0.29   412.71  151.60  79368.00     0.40   0.26    0.44   523.54    0.00      0.00     0.00   0.00    0.00     0.00    0.00  37.36
nvme21n1       195.60  80339.20    49.20  20.10    0.29   410.73  150.20  79011.20     0.40   0.27    0.40   526.04    0.00      0.00     0.00   0.00    0.00     0.00    0.00  37.60
nvme22n1       192.00  79458.40    49.40  20.46    0.29   413.85  168.60  78174.40     0.40   0.24    0.33   463.67    0.00      0.00     0.00   0.00    0.00     0.00    0.00  38.56
nvme23n1       188.80  78632.80    48.60  20.47    0.30   416.49  148.20  78184.80     0.40   0.27    0.39   527.56    0.00      0.00     0.00   0.00    0.00     0.00    0.00  36.72
nvme24n1       192.80  80101.60    47.00  19.60    0.30   415.46  198.40  78152.00     0.40   0.20    0.30   393.91    0.00      0.00     0.00   0.00    0.00     0.00    0.00  40.00
nvme25n1       196.20  80595.20    51.20  20.70    0.29   410.78  151.00  78044.00     0.40   0.26    0.37   516.85    0.00      0.00     0.00   0.00    0.00     0.00    0.00  37.28
nvme26n1       189.20  78429.60    47.20  19.97    0.30   414.53  155.20  77928.00     0.40   0.26    0.40   502.11    0.00      0.00     0.00   0.00    0.00     0.00    0.00  37.84
nvme27n1       195.40  79654.40    47.20  19.46    0.29   407.65  149.80  78402.40     0.40   0.27    0.39   523.38    0.00      0.00     0.00   0.00    0.00     0.00    0.00  37.36
nvme28n1       200.00  82190.40    49.20  19.74    0.27   410.95  150.40  78106.40     0.40   0.27    0.37   519.32    0.00      0.00     0.00   0.00    0.00     0.00    0.00  38.08
nvme29n1       205.00  82882.40    48.60  19.16    0.28   404.30  147.80  78024.80     0.40   0.27    0.38   527.91    0.00      0.00     0.00   0.00    0.00     0.00    0.00  38.64
nvme2n1        210.40  85896.00    51.00  19.51    0.28   408.25  150.00  78335.20     0.40   0.27    0.40   522.23    0.00      0.00     0.00   0.00    0.00     0.00    0.00  37.76
nvme30n1       204.00  83760.80    51.80  20.25    0.30   410.59  150.60  78620.80     0.40   0.26    0.47   522.05    0.00      0.00     0.00   0.00    0.00     0.00    0.00  38.80
nvme31n1       205.80  83490.40    48.80  19.17    0.31   405.69  147.80  78427.20     0.40   0.27    0.42   530.63    0.00      0.00     0.00   0.00    0.00     0.00    0.00  38.24
nvme3n1        213.20  87032.00    52.20  19.67    0.30   408.22  151.00  78339.20     0.40   0.26    0.39   518.80    0.00      0.00     0.00   0.00    0.00     0.00    0.00  38.72
nvme4n1        211.80  85687.20    51.60  19.59    0.29   404.57  147.20  76864.00     0.40   0.27    0.40   522.17    0.00      0.00     0.00   0.00    0.00     0.00    0.00  38.40
nvme5n1        208.20  85972.80    51.20  19.74    0.29   412.93  144.80  75522.40     0.40   0.28    0.38   521.56    0.00      0.00     0.00   0.00    0.00     0.00    0.00  37.92
nvme6n1        212.20  85936.00    50.20  19.13    0.30   404.98  143.60  75439.20     0.40   0.28    0.42   525.34    0.00      0.00     0.00   0.00    0.00     0.00    0.00  37.20
nvme7n1        210.40  85914.40    53.00  20.12    0.31   408.34  147.80  77492.80     0.40   0.27    0.40   524.31    0.00      0.00     0.00   0.00    0.00     0.00    0.00  37.52
nvme8n1        207.20  84234.40    50.00  19.44    0.30   406.54  149.60  79010.40     0.40   0.27    0.43   528.14    0.00      0.00     0.00   0.00    0.00     0.00    0.00  37.60
nvme9n1        202.20  83795.20    53.80  21.02    0.30   414.42  152.00  79432.80     0.40   0.26    0.42   522.58    0.00      0.00     0.00   0.00    0.00     0.00    0.00  37.84


Device            r/s     rkB/s   rrqm/s  %rrqm r_await rareq-sz     w/s     wkB/s   wrqm/s  %wrqm w_await wareq-sz     d/s     dkB/s   drqm/s  %drqm d_await dareq-sz  aqu-sz  %util
dm-0             7.60     30.40     0.00   0.00    0.00     4.00    9.80     84.00     0.00   0.00    0.00     8.57    0.00      0.00     0.00   0.00    0.00     0.00    0.00   0.56
loop0            0.00      0.00     0.00   0.00    0.00     0.00    0.00      0.00     0.00   0.00    0.00     0.00    0.00      0.00     0.00   0.00    0.00     0.00    0.00   0.00
loop1            0.00      0.00     0.00   0.00    0.00     0.00    0.00      0.00     0.00   0.00    0.00     0.00    0.00      0.00     0.00   0.00    0.00     0.00    0.00   0.00
loop2            0.00      0.00     0.00   0.00    0.00     0.00    0.00      0.00     0.00   0.00    0.00     0.00    0.00      0.00     0.00   0.00    0.00     0.00    0.00   0.00
loop3            0.00      0.00     0.00   0.00    0.00     0.00    0.00      0.00     0.00   0.00    0.00     0.00    0.00      0.00     0.00   0.00    0.00     0.00    0.00   0.00
loop4            0.00      0.00     0.00   0.00    0.00     0.00    0.00      0.00     0.00   0.00    0.00     0.00    0.00      0.00     0.00   0.00    0.00     0.00    0.00   0.00
loop5            0.00      0.00     0.00   0.00    0.00     0.00    0.00      0.00     0.00   0.00    0.00     0.00    0.00      0.00     0.00   0.00    0.00     0.00    0.00   0.00
loop6            0.00      0.00     0.00   0.00    0.00     0.00    0.00      0.00     0.00   0.00    0.00     0.00    0.00      0.00     0.00   0.00    0.00     0.00    0.00   0.00
loop7            0.00      0.00     0.00   0.00    0.00     0.00    0.00      0.00     0.00   0.00    0.00     0.00    0.00      0.00     0.00   0.00    0.00     0.00    0.00   0.00
md0           3985.60 1557548.80     0.00   0.00    0.00   390.79 4349.40 1837642.40     0.00   0.00    0.00   422.50    0.00      0.00     0.00   0.00    0.00     0.00    0.00   0.00
nvme0n1          1.80     30.40     5.80  76.32    0.11    16.89    2.60     84.00     7.20  73.47    0.00    32.31    0.00      0.00     0.00   0.00    0.00     0.00    0.00   0.56
nvme10n1       102.60  42775.20    30.00  22.62    0.25   416.91  124.40  55654.40    11.60   8.53    0.30   447.38    0.00      0.00     0.00   0.00    0.00     0.00    0.00  41.04
nvme11n1       102.40  41895.20    21.60  17.42    0.26   409.13  120.60  55796.00     7.80   6.07    0.32   462.65    0.00      0.00     0.00   0.00    0.00     0.00    0.00  40.48
nvme12n1        99.00  41989.60    27.60  21.80    0.25   424.14  121.80  55438.40    11.00   8.28    0.32   455.16    0.00      0.00     0.00   0.00    0.00     0.00    0.00  39.68
nvme13n1       102.40  42062.40    24.40  19.24    0.25   410.77  123.80  56318.40     8.60   6.50    0.33   454.91    0.00      0.00     0.00   0.00    0.00     0.00    0.00  40.16
nvme14n1        97.00  40712.00    27.20  21.90    0.25   419.71  124.80  56592.80    11.20   8.24    0.31   453.47    0.00      0.00     0.00   0.00    0.00     0.00    0.00  40.40
nvme15n1       100.20  40877.60    23.60  19.06    0.26   407.96  143.80  56103.20    11.20   7.23    0.25   390.15    0.00      0.00     0.00   0.00    0.00     0.00    0.00  44.08
nvme16n1       100.20  41230.40    26.00  20.60    0.25   411.48  130.80  56977.60    13.00   9.04    0.30   435.61    0.00      0.00     0.00   0.00    0.00     0.00    0.00  40.56
nvme17n1       101.60  42320.80    23.80  18.98    0.26   416.54  167.60  56859.20    16.20   8.81    0.22   339.26    0.00      0.00     0.00   0.00    0.00     0.00    0.00  43.20
nvme18n1       101.80  42361.60    25.20  19.84    0.25   416.13  160.40  56299.20    18.00  10.09    0.25   350.99    0.00      0.00     0.00   0.00    0.00     0.00    0.00  43.68
nvme19n1        99.60  42360.80    24.40  19.68    0.26   425.31  122.80  56062.40    10.20   7.67    0.32   456.53    0.00      0.00     0.00   0.00    0.00     0.00    0.00  41.28
nvme1n1        106.60  43799.20    22.80  17.62    0.26   410.87  119.20  54212.00     8.80   6.88    0.35   454.80    0.00      0.00     0.00   0.00    0.00     0.00    0.00  39.92
nvme20n1       102.20  42042.40    25.60  20.03    0.25   411.37  124.80  55854.40    11.60   8.50    0.34   447.55    0.00      0.00     0.00   0.00    0.00     0.00    0.00  39.84
nvme21n1        98.20  42091.20    24.20  19.77    0.26   428.63  122.80  56332.80     9.40   7.11    0.31   458.74    0.00      0.00     0.00   0.00    0.00     0.00    0.00  40.40
nvme22n1       101.40  41060.00    26.80  20.90    0.25   404.93  153.80  55611.20    12.20   7.35    0.24   361.58    0.00      0.00     0.00   0.00    0.00     0.00    0.00  46.24
nvme23n1       100.00  42504.80    24.40  19.61    0.26   425.05  121.80  56218.40     9.80   7.45    0.31   461.56    0.00      0.00     0.00   0.00    0.00     0.00    0.00  39.36
nvme24n1       103.00  42900.00    26.40  20.40    0.26   416.50  147.00  56295.20    25.20  14.63    0.27   382.96    0.00      0.00     0.00   0.00    0.00     0.00    0.00  42.00
nvme25n1       101.80  42634.40    22.60  18.17    0.24   418.81  120.40  54847.20    11.00   8.37    0.32   455.54    0.00      0.00     0.00   0.00    0.00     0.00    0.00  40.96
nvme26n1       105.20  42594.40    26.80  20.30    0.25   404.89  127.40  54889.60     8.00   5.91    0.31   430.84    0.00      0.00     0.00   0.00    0.00     0.00    0.00  40.56
nvme27n1       103.00  42831.20    23.80  18.77    0.25   415.84  121.60  54940.00     9.00   6.89    0.31   451.81    0.00      0.00     0.00   0.00    0.00     0.00    0.00  39.92
nvme28n1       108.00  44362.40    28.00  20.59    0.25   410.76  123.20  55383.20     9.80   7.37    0.31   449.54    0.00      0.00     0.00   0.00    0.00     0.00    0.00  40.72
nvme29n1       105.40  43591.20    25.80  19.66    0.25   413.58  120.20  54395.20     9.80   7.54    0.31   452.54    0.00      0.00     0.00   0.00    0.00     0.00    0.00  41.12
nvme2n1        101.20  43376.80    28.60  22.03    0.25   428.62  119.80  54908.00    10.00   7.70    0.31   458.33    0.00      0.00     0.00   0.00    0.00     0.00    0.00  40.48
nvme30n1       106.00  43707.20    26.80  20.18    0.25   412.33  117.00  53278.40     7.80   6.25    0.37   455.37    0.00      0.00     0.00   0.00    0.00     0.00    0.00  40.56
nvme31n1       104.20  43428.00    26.40  20.21    0.25   416.78  116.40  53493.60     8.60   6.88    0.33   459.57    0.00      0.00     0.00   0.00    0.00     0.00    0.00  40.32
nvme3n1        104.40  43702.40    24.60  19.07    0.26   418.61  123.00  55524.80     9.00   6.82    0.30   451.42    0.00      0.00     0.00   0.00    0.00     0.00    0.00  40.72
nvme4n1        103.60  43961.60    27.40  20.92    0.26   424.34  122.40  56679.20     9.80   7.41    0.31   463.07    0.00      0.00     0.00   0.00    0.00     0.00    0.00  41.04
nvme5n1        106.00  44096.00    24.00  18.46    0.26   416.00  123.40  56000.00     7.40   5.66    0.31   453.81    0.00      0.00     0.00   0.00    0.00     0.00    0.00  41.60
nvme6n1        101.40  42708.00    27.60  21.40    0.25   421.18  120.00  54732.80    10.80   8.26    0.32   456.11    0.00      0.00     0.00   0.00    0.00     0.00    0.00  40.56
nvme7n1        108.00  44202.40    22.80  17.43    0.26   409.28  118.60  54566.40     9.20   7.20    0.31   460.09    0.00      0.00     0.00   0.00    0.00     0.00    0.00  40.88
nvme8n1        106.00  45176.00    28.40  21.13    0.25   426.19  121.60  55159.20    11.40   8.57    0.31   453.61    0.00      0.00     0.00   0.00    0.00     0.00    0.00  42.24
nvme9n1        110.80  44488.80    23.80  17.68    0.27   401.52  120.80  55548.00     8.60   6.65    0.33   459.83    0.00      0.00     0.00   0.00    0.00     0.00    0.00  43.52


Device            r/s     rkB/s   rrqm/s  %rrqm r_await rareq-sz     w/s     wkB/s   wrqm/s  %wrqm w_await wareq-sz     d/s     dkB/s   drqm/s  %drqm d_await dareq-sz  aqu-sz  %util
dm-0             0.00      0.00     0.00   0.00    0.00     0.00    3.80     15.20     0.00   0.00    0.00     4.00    0.00      0.00     0.00   0.00    0.00     0.00    0.00   0.08
loop0            0.00      0.00     0.00   0.00    0.00     0.00    0.00      0.00     0.00   0.00    0.00     0.00    0.00      0.00     0.00   0.00    0.00     0.00    0.00   0.00
loop1            0.00      0.00     0.00   0.00    0.00     0.00    0.00      0.00     0.00   0.00    0.00     0.00    0.00      0.00     0.00   0.00    0.00     0.00    0.00   0.00
loop2            0.00      0.00     0.00   0.00    0.00     0.00    0.00      0.00     0.00   0.00    0.00     0.00    0.00      0.00     0.00   0.00    0.00     0.00    0.00   0.00
loop3            0.00      0.00     0.00   0.00    0.00     0.00    0.00      0.00     0.00   0.00    0.00     0.00    0.00      0.00     0.00   0.00    0.00     0.00    0.00   0.00
loop4            0.00      0.00     0.00   0.00    0.00     0.00    0.00      0.00     0.00   0.00    0.00     0.00    0.00      0.00     0.00   0.00    0.00     0.00    0.00   0.00
loop5            0.00      0.00     0.00   0.00    0.00     0.00    0.00      0.00     0.00   0.00    0.00     0.00    0.00      0.00     0.00   0.00    0.00     0.00    0.00   0.00
loop6            0.00      0.00     0.00   0.00    0.00     0.00    0.00      0.00     0.00   0.00    0.00     0.00    0.00      0.00     0.00   0.00    0.00     0.00    0.00   0.00
loop7            0.00      0.00     0.00   0.00    0.00     0.00    0.00      0.00     0.00   0.00    0.00     0.00    0.00      0.00     0.00   0.00    0.00     0.00    0.00   0.00
md0           3695.80 1445902.40     0.00   0.00    0.00   391.23 2425.20 1332033.60     0.00   0.00    0.00   549.25    0.00      0.00     0.00   0.00    0.00     0.00    0.00   0.00
nvme0n1          0.00      0.00     0.00   0.00    0.00     0.00    0.40     15.20     3.40  89.47    0.00    38.00    0.00      0.00     0.00   0.00    0.00     0.00    0.00   0.08
nvme10n1        94.20  38914.40    25.40  21.24    0.27   413.10   72.80  40977.60     2.60   3.45    0.34   562.88    0.00      0.00     0.00   0.00    0.00     0.00    0.00  32.16
nvme11n1        93.20  38761.60    23.60  20.21    0.25   415.90   73.60  41128.80     2.40   3.16    0.35   558.82    0.00      0.00     0.00   0.00    0.00     0.00    0.00  32.08
nvme12n1        94.40  38740.80    26.20  21.72    0.25   410.39   73.00  40810.40     2.20   2.93    0.33   559.05    0.00      0.00     0.00   0.00    0.00     0.00    0.00  32.16
nvme13n1        94.80  38876.80    25.80  21.39    0.25   410.09   72.80  40810.40     2.20   2.93    0.35   560.58    0.00      0.00     0.00   0.00    0.00     0.00    0.00  31.44
nvme14n1        93.20  38922.40    25.20  21.28    0.25   417.62   71.60  39596.80     2.40   3.24    0.34   553.03    0.00      0.00     0.00   0.00    0.00     0.00    0.00  31.36
nvme15n1        95.60  38445.60    25.20  20.86    0.25   402.15   76.80  38782.40     2.80   3.52    0.29   504.98    0.00      0.00     0.00   0.00    0.00     0.00    0.00  33.44
nvme16n1        90.80  38999.20    25.80  22.13    0.26   429.51   70.40  39936.00     2.20   3.03    0.35   567.27    0.00      0.00     0.00   0.00    0.00     0.00    0.00  30.40
nvme17n1        98.00  38741.60    24.00  19.67    0.24   395.32   88.80  40237.60     3.60   3.90    0.25   453.13    0.00      0.00     0.00   0.00    0.00     0.00    0.00  34.72
nvme18n1        92.60  38871.20    26.80  22.45    0.25   419.78   85.80  39825.60     4.20   4.67    0.29   464.17    0.00      0.00     0.00   0.00    0.00     0.00    0.00  33.28
nvme19n1        97.60  38565.60    25.80  20.91    0.25   395.14   70.60  38933.60     2.40   3.29    0.31   551.47    0.00      0.00     0.00   0.00    0.00     0.00    0.00  32.56
nvme1n1         88.40  37076.00    23.40  20.93    0.26   419.41   71.60  40609.60     2.80   3.76    0.37   567.17    0.00      0.00     0.00   0.00    0.00     0.00    0.00  31.92
nvme20n1        92.20  39220.80    26.60  22.39    0.25   425.39   71.20  39788.80     2.40   3.26    0.37   558.83    0.00      0.00     0.00   0.00    0.00     0.00    0.00  30.96
nvme21n1        96.20  39317.60    25.00  20.63    0.26   408.71   72.20  40510.40     2.40   3.22    0.34   561.09    0.00      0.00     0.00   0.00    0.00     0.00    0.00  33.12
nvme22n1        95.40  39806.40    28.40  22.94    0.25   417.26   86.80  41432.80     2.80   3.12    0.28   477.34    0.00      0.00     0.00   0.00    0.00     0.00    0.00  35.52
nvme23n1        97.40  39597.60    25.80  20.94    0.25   406.55   74.20  42106.40     2.80   3.64    0.34   567.47    0.00      0.00     0.00   0.00    0.00     0.00    0.00  33.44
nvme24n1        95.80  39816.00    28.00  22.62    0.25   415.62   88.80  41978.40     2.80   3.06    0.27   472.73    0.00      0.00     0.00   0.00    0.00     0.00    0.00  36.80
nvme25n1        98.20  39620.80    27.40  21.82    0.25   403.47   71.60  41380.80     2.80   3.76    0.33   577.94    0.00      0.00     0.00   0.00    0.00     0.00    0.00  32.08
nvme26n1        94.80  39747.20    26.80  22.04    0.25   419.27   74.20  41678.40     3.00   3.89    0.32   561.70    0.00      0.00     0.00   0.00    0.00     0.00    0.00  31.68
nvme27n1        98.00  39940.80    27.80  22.10    0.24   407.56   70.00  41246.40     3.20   4.37    0.32   589.23    0.00      0.00     0.00   0.00    0.00     0.00    0.00  32.96
nvme28n1        95.40  39815.20    26.00  21.42    0.24   417.35   72.60  41308.00     3.20   4.22    0.30   568.98    0.00      0.00     0.00   0.00    0.00     0.00    0.00  32.40
nvme29n1        96.20  38782.40    26.80  21.79    0.25   403.14   72.40  41126.40     3.20   4.23    0.31   568.04    0.00      0.00     0.00   0.00    0.00     0.00    0.00  31.20
nvme2n1         91.20  36984.80    24.80  21.38    0.25   405.54   71.80  40824.80     2.60   3.49    0.34   568.59    0.00      0.00     0.00   0.00    0.00     0.00    0.00  30.48
nvme30n1        90.80  38294.40    24.60  21.32    0.25   421.74   72.80  41237.60     2.80   3.70    0.35   566.45    0.00      0.00     0.00   0.00    0.00     0.00    0.00  31.36
nvme31n1        95.20  38420.00    26.00  21.45    0.25   403.57   72.20  40517.60     2.80   3.73    0.33   561.19    0.00      0.00     0.00   0.00    0.00     0.00    0.00  30.40
nvme3n1         90.60  37620.80    22.20  19.68    0.25   415.24   72.40  41038.40     2.40   3.21    0.33   566.83    0.00      0.00     0.00   0.00    0.00     0.00    0.00  31.04
nvme4n1         90.40  37796.80    25.60  22.07    0.25   418.11   71.40  41186.40     2.40   3.25    0.34   576.84    0.00      0.00     0.00   0.00    0.00     0.00    0.00  30.80
nvme5n1         89.60  37525.60    23.00  20.43    0.25   418.81   72.20  41156.00     2.80   3.73    0.33   570.03    0.00      0.00     0.00   0.00    0.00     0.00    0.00  31.28
nvme6n1         91.00  37854.40    25.80  22.09    0.25   415.98   73.20  42392.00     2.40   3.17    0.37   579.13    0.00      0.00     0.00   0.00    0.00     0.00    0.00  31.36
nvme7n1         91.80  38523.20    23.20  20.17    0.25   419.64   74.20  42778.40     2.40   3.13    0.33   576.53    0.00      0.00     0.00   0.00    0.00     0.00    0.00  31.68
nvme8n1         92.00  38362.40    25.00  21.37    0.25   416.98   73.40  42213.60     2.60   3.42    0.36   575.12    0.00      0.00     0.00   0.00    0.00     0.00    0.00  31.52
nvme9n1         92.40  38696.80    23.60  20.34    0.25   418.80   72.60  41152.80     2.60   3.46    0.35   566.84    0.00      0.00     0.00   0.00    0.00     0.00    0.00  30.56


Device            r/s     rkB/s   rrqm/s  %rrqm r_await rareq-sz     w/s     wkB/s   wrqm/s  %wrqm w_await wareq-sz     d/s     dkB/s   drqm/s  %drqm d_await dareq-sz  aqu-sz  %util
dm-0             0.20      0.80     0.00   0.00    0.00     4.00    6.60     35.20     0.00   0.00    0.00     5.33    0.00      0.00     0.00   0.00    0.00     0.00    0.00   0.16
loop0            0.00      0.00     0.00   0.00    0.00     0.00    0.00      0.00     0.00   0.00    0.00     0.00    0.00      0.00     0.00   0.00    0.00     0.00    0.00   0.00
loop1            0.00      0.00     0.00   0.00    0.00     0.00    0.00      0.00     0.00   0.00    0.00     0.00    0.00      0.00     0.00   0.00    0.00     0.00    0.00   0.00
loop2            0.00      0.00     0.00   0.00    0.00     0.00    0.00      0.00     0.00   0.00    0.00     0.00    0.00      0.00     0.00   0.00    0.00     0.00    0.00   0.00
loop3            0.00      0.00     0.00   0.00    0.00     0.00    0.00      0.00     0.00   0.00    0.00     0.00    0.00      0.00     0.00   0.00    0.00     0.00    0.00   0.00
loop4            0.00      0.00     0.00   0.00    0.00     0.00    0.00      0.00     0.00   0.00    0.00     0.00    0.00      0.00     0.00   0.00    0.00     0.00    0.00   0.00
loop5            0.00      0.00     0.00   0.00    0.00     0.00    0.00      0.00     0.00   0.00    0.00     0.00    0.00      0.00     0.00   0.00    0.00     0.00    0.00   0.00
loop6            0.00      0.00     0.00   0.00    0.00     0.00    0.00      0.00     0.00   0.00    0.00     0.00    0.00      0.00     0.00   0.00    0.00     0.00    0.00   0.00
loop7            0.00      0.00     0.00   0.00    0.00     0.00    0.00      0.00     0.00   0.00    0.00     0.00    0.00      0.00     0.00   0.00    0.00     0.00    0.00   0.00
md0           6356.80 2353275.20     0.00   0.00    0.00   370.20 5059.40 2458746.40     0.00   0.00    0.00   485.98    0.00      0.00     0.00   0.00    0.00     0.00    0.00   0.00
nvme0n1          0.20      0.80     0.00   0.00    0.00     4.00    1.20     35.20     5.40  81.82    0.00    29.33    0.00      0.00     0.00   0.00    0.00     0.00    0.00   0.16
nvme10n1       166.20  66125.60    39.60  19.24    0.27   397.87  145.20  76111.20     8.40   5.47    0.36   524.18    0.00      0.00     0.00   0.00    0.00     0.00    0.00  44.16
nvme11n1       165.80  66992.80    40.80  19.75    0.28   404.06  153.40  77000.00     9.20   5.66    0.35   501.96    0.00      0.00     0.00   0.00    0.00     0.00    0.00  45.28
nvme12n1       169.20  67048.00    37.40  18.10    0.28   396.26  148.40  75804.00     6.80   4.38    0.34   510.81    0.00      0.00     0.00   0.00    0.00     0.00    0.00  43.68
nvme13n1       169.20  68048.80    40.60  19.35    0.27   402.18  146.40  75372.00     9.60   6.15    0.37   514.84    0.00      0.00     0.00   0.00    0.00     0.00    0.00  44.24
nvme14n1       169.40  67468.00    37.00  17.93    0.28   398.28  146.00  74940.00     6.80   4.45    0.36   513.29    0.00      0.00     0.00   0.00    0.00     0.00    0.00  45.36
nvme15n1       168.60  68395.20    41.80  19.87    0.28   405.67  170.40  76783.20    11.00   6.06    0.30   450.61    0.00      0.00     0.00   0.00    0.00     0.00    0.00  50.00
nvme16n1       171.40  69035.20    38.20  18.23    0.28   402.77  147.80  76704.80     9.40   5.98    0.36   518.98    0.00      0.00     0.00   0.00    0.00     0.00    0.00  44.64
nvme17n1       168.00  68199.20    43.60  20.60    0.27   405.95  201.00  76369.60    11.40   5.37    0.25   379.95    0.00      0.00     0.00   0.00    0.00     0.00    0.00  47.04
nvme18n1       170.80  68264.80    36.80  17.73    0.30   399.68  181.00  77146.40    14.40   7.37    0.30   426.22    0.00      0.00     0.00   0.00    0.00     0.00    0.00  47.04
nvme19n1       167.20  67274.40    45.20  21.28    0.26   402.36  148.20  76712.00     7.80   5.00    0.34   517.62    0.00      0.00     0.00   0.00    0.00     0.00    0.00  44.96
nvme1n1        157.40  64360.00    33.00  17.33    0.28   408.89  144.00  74984.80     5.60   3.74    0.38   520.73    0.00      0.00     0.00   0.00    0.00     0.00    0.00  44.80
nvme20n1       170.80  67695.20    37.80  18.12    0.28   396.34  147.60  75862.40     9.20   5.87    0.38   513.97    0.00      0.00     0.00   0.00    0.00     0.00    0.00  45.92
nvme21n1       168.60  68869.60    42.60  20.17    0.26   408.48  146.40  76033.60     7.00   4.56    0.35   519.36    0.00      0.00     0.00   0.00    0.00     0.00    0.00  44.80
nvme22n1       169.60  69120.80    37.40  18.07    0.26   407.55  176.60  74130.40     8.60   4.64    0.27   419.76    0.00      0.00     0.00   0.00    0.00     0.00    0.00  50.88
nvme23n1       171.00  68644.00    43.80  20.39    0.27   401.43  139.80  72923.20     7.20   4.90    0.35   521.63    0.00      0.00     0.00   0.00    0.00     0.00    0.00  44.48
nvme24n1       171.60  69192.00    37.40  17.89    0.27   403.22  185.40  75263.20    20.60  10.00    0.27   405.95    0.00      0.00     0.00   0.00    0.00     0.00    0.00  48.88
nvme25n1       169.00  68727.20    43.80  20.58    0.27   406.67  143.60  74764.80     7.00   4.65    0.34   520.65    0.00      0.00     0.00   0.00    0.00     0.00    0.00  44.40
nvme26n1       174.60  69338.40    37.40  17.64    0.28   397.13  154.80  74847.20     5.80   3.61    0.34   483.51    0.00      0.00     0.00   0.00    0.00     0.00    0.00  44.40
nvme27n1       167.80  67701.60    42.80  20.32    0.27   403.47  147.00  76228.80     6.60   4.30    0.35   518.56    0.00      0.00     0.00   0.00    0.00     0.00    0.00  45.28
nvme28n1       170.80  67908.00    36.80  17.73    0.27   397.59  149.40  76088.80     7.40   4.72    0.33   509.30    0.00      0.00     0.00   0.00    0.00     0.00    0.00  42.88
nvme29n1       164.20  65065.60    41.40  20.14    0.28   396.26  146.00  75406.40     6.00   3.95    0.35   516.48    0.00      0.00     0.00   0.00    0.00     0.00    0.00  43.52
nvme2n1        156.80  64847.20    40.60  20.57    0.27   413.57  142.60  75378.40     7.20   4.81    0.34   528.60    0.00      0.00     0.00   0.00    0.00     0.00    0.00  44.80
nvme30n1       159.20  64072.00    36.20  18.53    0.28   402.46  145.20  75631.20     8.00   5.22    0.40   520.88    0.00      0.00     0.00   0.00    0.00     0.00    0.00  43.28
nvme31n1       155.20  62548.80    40.00  20.49    0.26   403.02  143.80  75135.20     6.60   4.39    0.34   522.50    0.00      0.00     0.00   0.00    0.00     0.00    0.00  44.56
nvme3n1        161.80  65400.80    35.40  17.95    0.28   404.21  143.20  75391.20     5.20   3.50    0.34   526.47    0.00      0.00     0.00   0.00    0.00     0.00    0.00  44.00
nvme4n1        158.80  64296.80    40.80  20.44    0.27   404.89  142.40  74522.40     7.60   5.07    0.35   523.33    0.00      0.00     0.00   0.00    0.00     0.00    0.00  44.24
nvme5n1        157.20  63738.40    38.60  19.71    0.26   405.46  144.80  75487.20     5.60   3.72    0.34   521.32    0.00      0.00     0.00   0.00    0.00     0.00    0.00  44.00
nvme6n1        158.40  64944.00    38.80  19.68    0.28   410.00  145.60  75930.40     5.60   3.70    0.35   521.50    0.00      0.00     0.00   0.00    0.00     0.00    0.00  43.28
nvme7n1        159.60  65133.60    39.20  19.72    0.26   408.11  144.60  75713.60     6.60   4.37    0.34   523.61    0.00      0.00     0.00   0.00    0.00     0.00    0.00  43.28
nvme8n1        164.20  65959.20    40.60  19.82    0.28   401.70  147.00  75536.80     7.40   4.79    0.36   513.86    0.00      0.00     0.00   0.00    0.00     0.00    0.00  42.64
nvme9n1        159.60  65317.60    39.20  19.72    0.27   409.26  146.00  76070.40     7.80   5.07    0.36   521.03    0.00      0.00     0.00   0.00    0.00     0.00    0.00  42.72


Device            r/s     rkB/s   rrqm/s  %rrqm r_await rareq-sz     w/s     wkB/s   wrqm/s  %wrqm w_await wareq-sz     d/s     dkB/s   drqm/s  %drqm d_await dareq-sz  aqu-sz  %util
dm-0             0.00      0.00     0.00   0.00    0.00     0.00   10.80     52.00     0.00   0.00    0.00     4.81    0.00      0.00     0.00   0.00    0.00     0.00    0.00   0.16
loop0            0.00      0.00     0.00   0.00    0.00     0.00    0.00      0.00     0.00   0.00    0.00     0.00    0.00      0.00     0.00   0.00    0.00     0.00    0.00   0.00
loop1            0.00      0.00     0.00   0.00    0.00     0.00    0.00      0.00     0.00   0.00    0.00     0.00    0.00      0.00     0.00   0.00    0.00     0.00    0.00   0.00
loop2            0.00      0.00     0.00   0.00    0.00     0.00    0.00      0.00     0.00   0.00    0.00     0.00    0.00      0.00     0.00   0.00    0.00     0.00    0.00   0.00
loop3            0.00      0.00     0.00   0.00    0.00     0.00    0.00      0.00     0.00   0.00    0.00     0.00    0.00      0.00     0.00   0.00    0.00     0.00    0.00   0.00
loop4            0.00      0.00     0.00   0.00    0.00     0.00    0.00      0.00     0.00   0.00    0.00     0.00    0.00      0.00     0.00   0.00    0.00     0.00    0.00   0.00
loop5            0.00      0.00     0.00   0.00    0.00     0.00    0.00      0.00     0.00   0.00    0.00     0.00    0.00      0.00     0.00   0.00    0.00     0.00    0.00   0.00
loop6            0.00      0.00     0.00   0.00    0.00     0.00    0.00      0.00     0.00   0.00    0.00     0.00    0.00      0.00     0.00   0.00    0.00     0.00    0.00   0.00
loop7            0.00      0.00     0.00   0.00    0.00     0.00    0.00      0.00     0.00   0.00    0.00     0.00    0.00      0.00     0.00   0.00    0.00     0.00    0.00   0.00
md0           1795.00 795670.40     0.00   0.00    0.00   443.27 1075.40 533328.80     0.00   0.00    0.00   495.94    0.00      0.00     0.00   0.00    0.00     0.00    0.00   0.00
nvme0n1          0.00      0.00     0.00   0.00    0.00     0.00    1.20     52.00     9.60  88.89    0.17    43.33    0.00      0.00     0.00   0.00    0.00     0.00    0.00   0.16
nvme10n1        48.40  20868.00    13.80  22.19    0.24   431.16   33.20  16998.40     0.00   0.00    0.36   512.00    0.00      0.00     0.00   0.00    0.00     0.00    0.00  19.04
nvme11n1        45.60  20510.40    12.00  20.83    0.24   449.79   34.00  17288.00     0.00   0.00    0.40   508.47    0.00      0.00     0.00   0.00    0.00     0.00    0.00  18.72
nvme12n1        47.60  20387.20    12.20  20.40    0.24   428.30   33.60  17203.20     0.00   0.00    0.38   512.00    0.00      0.00     0.00   0.00    0.00     0.00    0.00  18.32
nvme13n1        46.60  20456.00    12.60  21.28    0.24   438.97   33.60  16938.40     0.00   0.00    0.38   504.12    0.00      0.00     0.00   0.00    0.00     0.00    0.00  18.56
nvme14n1        47.00  19879.20    13.00  21.67    0.24   422.96   32.80  16604.00     0.00   0.00    0.37   506.22    0.00      0.00     0.00   0.00    0.00     0.00    0.00  18.72
nvme15n1        45.20  19699.20    12.20  21.25    0.24   435.82   33.00  16764.00     0.00   0.00    0.36   508.00    0.00      0.00     0.00   0.00    0.00     0.00    0.00  18.16
nvme16n1        45.60  19214.40    12.60  21.65    0.23   421.37   32.80  16793.60     0.00   0.00    0.38   512.00    0.00      0.00     0.00   0.00    0.00     0.00    0.00  18.32
nvme17n1        44.20  19177.60    11.60  20.79    0.24   433.88   38.00  17017.60     0.00   0.00    0.31   447.83    0.00      0.00     0.00   0.00    0.00     0.00    0.00  19.52
nvme18n1        46.60  19587.20    12.20  20.75    0.23   420.33   36.60  17096.80     0.00   0.00    0.35   467.13    0.00      0.00     0.00   0.00    0.00     0.00    0.00  19.84
nvme19n1        45.20  19947.20    12.00  20.98    0.24   441.31   33.20  16998.40     0.00   0.00    0.38   512.00    0.00      0.00     0.00   0.00    0.00     0.00    0.00  18.48
nvme1n1         46.20  19723.20    11.60  20.07    0.24   426.91   33.80  17172.00     0.00   0.00    0.43   508.05    0.00      0.00     0.00   0.00    0.00     0.00    0.00  18.24
nvme20n1        46.20  19720.80    12.20  20.89    0.24   426.86   34.00  17116.00     0.00   0.00    0.41   503.41    0.00      0.00     0.00   0.00    0.00     0.00    0.00  18.40
nvme21n1        46.60  20276.80    11.20  19.38    0.24   435.12   33.60  17003.20     0.00   0.00    0.38   506.05    0.00      0.00     0.00   0.00    0.00     0.00    0.00  18.72
nvme22n1        48.20  20314.40    12.20  20.20    0.23   421.46   34.20  17011.20     0.00   0.00    0.35   497.40    0.00      0.00     0.00   0.00    0.00     0.00    0.00  18.72
nvme23n1        47.40  20159.20    12.20  20.47    0.24   425.30   34.00  17239.20     0.00   0.00    0.37   507.04    0.00      0.00     0.00   0.00    0.00     0.00    0.00  18.08
nvme24n1        46.20  19764.00    11.80  20.34    0.24   427.79   41.20  17233.60     0.00   0.00    0.29   418.29    0.00      0.00     0.00   0.00    0.00     0.00    0.00  21.52
nvme25n1        44.40  18984.80    11.80  21.00    0.24   427.59   33.60  17203.20     0.00   0.00    0.36   512.00    0.00      0.00     0.00   0.00    0.00     0.00    0.00  18.32
nvme26n1        44.00  18923.20    11.40  20.58    0.23   430.07   35.00  17615.20     0.00   0.00    0.38   503.29    0.00      0.00     0.00   0.00    0.00     0.00    0.00  18.80
nvme27n1        43.80  19323.20    12.00  21.51    0.24   441.17   35.20  18022.40     0.00   0.00    0.35   512.00    0.00      0.00     0.00   0.00    0.00     0.00    0.00  18.80
nvme28n1        44.60  18875.20    11.20  20.07    0.23   423.21   36.00  18055.20     0.00   0.00    0.36   501.53    0.00      0.00     0.00   0.00    0.00     0.00    0.00  19.28
nvme29n1        45.20  19333.60    11.60  20.42    0.24   427.73   35.20  17512.00     0.00   0.00    0.35   497.50    0.00      0.00     0.00   0.00    0.00     0.00    0.00  19.04
nvme2n1         46.40  19204.00    12.00  20.55    0.23   413.88   33.20  16998.40     0.00   0.00    0.39   512.00    0.00      0.00     0.00   0.00    0.00     0.00    0.00  18.96
nvme30n1        45.40  19431.20    10.80  19.22    0.24   428.00   34.60  17593.60     0.00   0.00    0.43   508.49    0.00      0.00     0.00   0.00    0.00     0.00    0.00  18.56
nvme31n1        46.20  19663.20    12.00  20.62    0.23   425.61   34.40  17208.80     0.00   0.00    0.37   500.26    0.00      0.00     0.00   0.00    0.00     0.00    0.00  17.84
nvme3n1         44.80  19334.40    10.80  19.42    0.24   431.57   34.80  17720.80     0.00   0.00    0.36   509.22    0.00      0.00     0.00   0.00    0.00     0.00    0.00  17.84
nvme4n1         48.80  19394.40    12.80  20.78    0.23   397.43   35.00  17513.60     0.00   0.00    0.37   500.39    0.00      0.00     0.00   0.00    0.00     0.00    0.00  19.44
nvme5n1         44.00  19532.00    11.60  20.86    0.25   443.91   34.40  17612.80     0.00   0.00    0.35   512.00    0.00      0.00     0.00   0.00    0.00     0.00    0.00  17.36
nvme6n1         47.20  19038.40    12.60  21.07    0.22   403.36   34.00  17408.00     0.00   0.00    0.39   512.00    0.00      0.00     0.00   0.00    0.00     0.00    0.00  18.80
nvme7n1         44.20  19648.80    10.20  18.75    0.24   444.54   34.00  16900.80     0.00   0.00    0.36   497.08    0.00      0.00     0.00   0.00    0.00     0.00    0.00  17.60
nvme8n1         47.80  19870.40    12.60  20.86    0.23   415.70   32.80  16631.20     0.00   0.00    0.40   507.05    0.00      0.00     0.00   0.00    0.00     0.00    0.00  18.96
nvme9n1         45.60  20420.00    11.40  20.00    0.24   447.81   33.60  16855.20     0.00   0.00    0.39   501.64    0.00      0.00     0.00   0.00    0.00     0.00    0.00  17.84


Device            r/s     rkB/s   rrqm/s  %rrqm r_await rareq-sz     w/s     wkB/s   wrqm/s  %wrqm w_await wareq-sz     d/s     dkB/s   drqm/s  %drqm d_await dareq-sz  aqu-sz  %util
dm-0            10.20    392.80     0.00   0.00    0.00    38.51    5.00     20.80     0.00   0.00    0.00     4.16    0.00      0.00     0.00   0.00    0.00     0.00    0.00   0.24
loop0            0.00      0.00     0.00   0.00    0.00     0.00    0.00      0.00     0.00   0.00    0.00     0.00    0.00      0.00     0.00   0.00    0.00     0.00    0.00   0.00
loop1            0.00      0.00     0.00   0.00    0.00     0.00    0.00      0.00     0.00   0.00    0.00     0.00    0.00      0.00     0.00   0.00    0.00     0.00    0.00   0.00
loop2            0.00      0.00     0.00   0.00    0.00     0.00    0.00      0.00     0.00   0.00    0.00     0.00    0.00      0.00     0.00   0.00    0.00     0.00    0.00   0.00
loop3            0.00      0.00     0.00   0.00    0.00     0.00    0.00      0.00     0.00   0.00    0.00     0.00    0.00      0.00     0.00   0.00    0.00     0.00    0.00   0.00
loop4            0.00      0.00     0.00   0.00    0.00     0.00    0.00      0.00     0.00   0.00    0.00     0.00    0.00      0.00     0.00   0.00    0.00     0.00    0.00   0.00
loop5            0.00      0.00     0.00   0.00    0.00     0.00    0.00      0.00     0.00   0.00    0.00     0.00    0.00      0.00     0.00   0.00    0.00     0.00    0.00   0.00
loop6            0.00      0.00     0.00   0.00    0.00     0.00    0.00      0.00     0.00   0.00    0.00     0.00    0.00      0.00     0.00   0.00    0.00     0.00    0.00   0.00
loop7            0.00      0.00     0.00   0.00    0.00     0.00    0.00      0.00     0.00   0.00    0.00     0.00    0.00      0.00     0.00   0.00    0.00     0.00    0.00   0.00
md0           9409.00 3723492.80     0.00   0.00    0.00   395.74 7203.40 3558882.40     0.00   0.00    0.00   494.06    0.00      0.00     0.00   0.00    0.00     0.00    0.00   0.00
nvme0n1          4.20    392.80     6.00  58.82    0.14    93.52    1.00     20.80     4.00  80.00    0.00    20.80    0.00      0.00     0.00   0.00    0.00     0.00    0.00   0.24
nvme10n1       244.60 104227.20    61.00  19.96    0.30   426.11  210.80 113416.00    12.20   5.47    0.39   538.03    0.00      0.00     0.00   0.00    0.00     0.00    0.00  50.00
nvme11n1       244.60 104399.20    56.80  18.85    0.32   426.82  216.20 112600.00     9.80   4.34    0.39   520.81    0.00      0.00     0.00   0.00    0.00     0.00    0.00  48.96
nvme12n1       239.40 101840.80    63.00  20.83    0.31   425.40  207.40 110576.00    11.20   5.12    0.38   533.15    0.00      0.00     0.00   0.00    0.00     0.00    0.00  49.68
nvme13n1       243.00 104048.00    54.00  18.18    0.33   428.18  215.40 112251.20    12.20   5.36    0.38   521.13    0.00      0.00     0.00   0.00    0.00     0.00    0.00  49.20
nvme14n1       243.20 102030.40    62.40  20.42    0.32   419.53  207.40 110436.00    12.60   5.73    0.39   532.48    0.00      0.00     0.00   0.00    0.00     0.00    0.00  49.76
nvme15n1       241.20 102107.20    54.60  18.46    0.31   423.33  231.20 110411.20    13.20   5.40    0.33   477.56    0.00      0.00     0.00   0.00    0.00     0.00    0.00  54.08
nvme16n1       239.40 103116.00    61.40  20.41    0.32   430.73  205.80 110825.60    12.40   5.68    0.39   538.51    0.00      0.00     0.00   0.00    0.00     0.00    0.00  50.40
nvme17n1       243.80 102616.80    58.60  19.38    0.32   420.91  276.80 110614.40    20.60   6.93    0.28   399.62    0.00      0.00     0.00   0.00    0.00     0.00    0.00  52.08
nvme18n1       240.00 102820.00    60.20  20.05    0.32   428.42  254.20 109232.80    20.80   7.56    0.33   429.71    0.00      0.00     0.00   0.00    0.00     0.00    0.00  52.72
nvme19n1       243.80 104252.00    57.00  18.95    0.32   427.61  203.40 108692.00     9.00   4.24    0.39   534.38    0.00      0.00     0.00   0.00    0.00     0.00    0.00  48.96
nvme1n1        245.20 105244.00    61.40  20.03    0.34   429.22  205.60 110779.20     8.20   3.84    0.45   538.81    0.00      0.00     0.00   0.00    0.00     0.00    0.00  49.68
nvme20n1       249.00 106258.40    62.60  20.09    0.30   426.74  205.40 110037.60    10.20   4.73    0.42   535.72    0.00      0.00     0.00   0.00    0.00     0.00    0.00  49.44
nvme21n1       247.60 105697.60    59.40  19.35    0.32   426.89  205.60 109992.00    11.00   5.08    0.40   534.98    0.00      0.00     0.00   0.00    0.00     0.00    0.00  49.12
nvme22n1       241.00 102918.40    62.80  20.67    0.32   427.05  248.80 110038.40    12.20   4.67    0.32   442.28    0.00      0.00     0.00   0.00    0.00     0.00    0.00  56.80
nvme23n1       239.00 103069.60    56.40  19.09    0.31   431.25  208.00 112732.00    12.00   5.45    0.38   541.98    0.00      0.00     0.00   0.00    0.00     0.00    0.00  48.32
nvme24n1       237.20 103070.40    60.60  20.35    0.30   434.53  257.00 114141.60    28.20   9.89    0.32   444.13    0.00      0.00     0.00   0.00    0.00     0.00    0.00  52.16
nvme25n1       240.40 102737.60    57.20  19.22    0.31   427.36  207.60 111557.60    11.00   5.03    0.37   537.37    0.00      0.00     0.00   0.00    0.00     0.00    0.00  48.72
nvme26n1       245.00 104148.00    62.00  20.20    0.31   425.09  212.40 112066.40     8.80   3.98    0.39   527.62    0.00      0.00     0.00   0.00    0.00     0.00    0.00  49.52
nvme27n1       242.60 104124.00    57.20  19.08    0.31   429.20  210.20 112769.60    12.40   5.57    0.37   536.49    0.00      0.00     0.00   0.00    0.00     0.00    0.00  48.08
nvme28n1       245.00 103112.00    57.40  18.98    0.31   420.87  205.00 111044.80     9.20   4.30    0.36   541.68    0.00      0.00     0.00   0.00    0.00     0.00    0.00  49.92
nvme29n1       238.80 102794.40    58.20  19.60    0.31   430.46  205.40 111115.20    13.80   6.30    0.38   540.97    0.00      0.00     0.00   0.00    0.00     0.00    0.00  48.80
nvme2n1        243.60 105452.00    59.60  19.66    0.31   432.89  210.20 111856.00    12.60   5.66    0.39   532.14    0.00      0.00     0.00   0.00    0.00     0.00    0.00  49.60
nvme30n1       243.80 104462.40    59.60  19.64    0.32   428.48  206.00 111700.80     7.40   3.47    0.45   542.24    0.00      0.00     0.00   0.00    0.00     0.00    0.00  49.68
nvme31n1       248.40 105182.40    58.40  19.04    0.32   423.44  211.60 112019.20    13.00   5.79    0.39   529.39    0.00      0.00     0.00   0.00    0.00     0.00    0.00  50.56
nvme3n1        251.40 105776.00    60.40  19.37    0.31   420.75  213.00 111474.40     9.40   4.23    0.38   523.35    0.00      0.00     0.00   0.00    0.00     0.00    0.00  50.64
nvme4n1        246.60 106820.00    60.60  19.73    0.32   433.17  211.60 112753.60    11.80   5.28    0.39   532.86    0.00      0.00     0.00   0.00    0.00     0.00    0.00  50.80
nvme5n1        248.40 107141.60    64.40  20.59    0.31   431.33  211.20 112376.80    10.00   4.52    0.38   532.09    0.00      0.00     0.00   0.00    0.00     0.00    0.00  48.96
nvme6n1        248.00 107455.20    61.00  19.74    0.34   433.29  212.40 113366.40    12.40   5.52    0.39   533.74    0.00      0.00     0.00   0.00    0.00     0.00    0.00  50.64
nvme7n1        243.20 105556.80    62.60  20.47    0.31   434.03  209.40 112279.20     7.60   3.50    0.38   536.19    0.00      0.00     0.00   0.00    0.00     0.00    0.00  49.84
nvme8n1        247.60 105488.00    61.20  19.82    0.32   426.04  210.00 112448.80    13.00   5.83    0.40   535.47    0.00      0.00     0.00   0.00    0.00     0.00    0.00  50.40
nvme9n1        240.40 104550.40    60.40  20.08    0.31   434.90  208.60 113359.20    10.20   4.66    0.41   543.43    0.00      0.00     0.00   0.00    0.00     0.00    0.00  48.24


Device            r/s     rkB/s   rrqm/s  %rrqm r_await rareq-sz     w/s     wkB/s   wrqm/s  %wrqm w_await wareq-sz     d/s     dkB/s   drqm/s  %drqm d_await dareq-sz  aqu-sz  %util
dm-0             0.00      0.00     0.00   0.00    0.00     0.00    1.60      6.40     0.00   0.00    0.00     4.00    0.00      0.00     0.00   0.00    0.00     0.00    0.00   0.16
loop0            0.00      0.00     0.00   0.00    0.00     0.00    0.00      0.00     0.00   0.00    0.00     0.00    0.00      0.00     0.00   0.00    0.00     0.00    0.00   0.00
loop1            0.00      0.00     0.00   0.00    0.00     0.00    0.00      0.00     0.00   0.00    0.00     0.00    0.00      0.00     0.00   0.00    0.00     0.00    0.00   0.00
loop2            0.00      0.00     0.00   0.00    0.00     0.00    0.00      0.00     0.00   0.00    0.00     0.00    0.00      0.00     0.00   0.00    0.00     0.00    0.00   0.00
loop3            0.00      0.00     0.00   0.00    0.00     0.00    0.00      0.00     0.00   0.00    0.00     0.00    0.00      0.00     0.00   0.00    0.00     0.00    0.00   0.00
loop4            0.00      0.00     0.00   0.00    0.00     0.00    0.00      0.00     0.00   0.00    0.00     0.00    0.00      0.00     0.00   0.00    0.00     0.00    0.00   0.00
loop5            0.00      0.00     0.00   0.00    0.00     0.00    0.00      0.00     0.00   0.00    0.00     0.00    0.00      0.00     0.00   0.00    0.00     0.00    0.00   0.00
loop6            0.00      0.00     0.00   0.00    0.00     0.00    0.00      0.00     0.00   0.00    0.00     0.00    0.00      0.00     0.00   0.00    0.00     0.00    0.00   0.00
loop7            0.00      0.00     0.00   0.00    0.00     0.00    0.00      0.00     0.00   0.00    0.00     0.00    0.00      0.00     0.00   0.00    0.00     0.00    0.00   0.00
md0           1681.20 818632.00     0.00   0.00    0.00   486.93 1401.60 688369.60     0.00   0.00    0.00   491.13    0.00      0.00     0.00   0.00    0.00     0.00    0.00   0.00
nvme0n1          0.00      0.00     0.00   0.00    0.00     0.00    0.60      6.40     1.00  62.50    0.00    10.67    0.00      0.00     0.00   0.00    0.00     0.00    0.00   0.16
nvme10n1        42.80  19968.00     8.80  17.05    0.24   466.54   44.60  22300.80     2.20   4.70    0.32   500.02    0.00      0.00     0.00   0.00    0.00     0.00    0.00  19.92
nvme11n1        47.20  20233.60    11.40  19.45    0.22   428.68   44.40  22052.80     2.40   5.13    0.31   496.68    0.00      0.00     0.00   0.00    0.00     0.00    0.00  20.72
nvme12n1        44.40  20308.00     8.80  16.54    0.23   457.39   43.80  21961.60     2.40   5.19    0.30   501.41    0.00      0.00     0.00   0.00    0.00     0.00    0.00  20.64
nvme13n1        46.20  20580.80    11.80  20.34    0.23   445.47   42.60  21049.60     2.40   5.33    0.31   494.12    0.00      0.00     0.00   0.00    0.00     0.00    0.00  20.64
nvme14n1        44.80  20162.40     9.00  16.73    0.25   450.05   40.40  20004.00     2.40   5.61    0.30   495.15    0.00      0.00     0.00   0.00    0.00     0.00    0.00  19.60
nvme15n1        44.20  20460.00    12.20  21.63    0.23   462.90   44.00  20014.40     2.40   5.17    0.27   454.87    0.00      0.00     0.00   0.00    0.00     0.00    0.00  20.24
nvme16n1        43.80  20143.20     9.00  17.05    0.25   459.89   38.80  19865.60     2.40   5.83    0.32   512.00    0.00      0.00     0.00   0.00    0.00     0.00    0.00  19.12
nvme17n1        43.80  20200.00    12.40  22.06    0.23   461.19   47.00  19935.20     2.60   5.24    0.25   424.15    0.00      0.00     0.00   0.00    0.00     0.00    0.00  20.64
nvme18n1        44.00  19968.80     8.20  15.71    0.24   453.84   45.40  20096.00     3.00   6.20    0.28   442.64    0.00      0.00     0.00   0.00    0.00     0.00    0.00  20.40
nvme19n1        42.40  19362.40    12.00  22.06    0.23   456.66   39.40  20174.40     2.40   5.74    0.31   512.04    0.00      0.00     0.00   0.00    0.00     0.00    0.00  19.76
nvme1n1         45.80  20549.60    10.80  19.08    0.23   448.68   41.20  20646.40     2.40   5.50    0.31   501.13    0.00      0.00     0.00   0.00    0.00     0.00    0.00  20.72
nvme20n1        42.40  19225.60     9.20  17.83    0.24   453.43   40.60  20560.80     2.40   5.58    0.31   506.42    0.00      0.00     0.00   0.00    0.00     0.00    0.00  18.64
nvme21n1        41.40  18952.00    10.60  20.38    0.24   457.78   40.60  20480.80     2.40   5.58    0.31   504.45    0.00      0.00     0.00   0.00    0.00     0.00    0.00  19.60
nvme22n1        42.40  19456.80     8.60  16.86    0.24   458.89   48.20  20695.20     2.60   5.12    0.26   429.36    0.00      0.00     0.00   0.00    0.00     0.00    0.00  20.96
nvme23n1        42.40  19640.80    11.00  20.60    0.23   463.23   40.40  20354.40     2.40   5.61    0.31   503.82    0.00      0.00     0.00   0.00    0.00     0.00    0.00  18.64
nvme24n1        42.00  19211.20     9.20  17.97    0.23   457.41   46.80  20300.00     2.20   4.49    0.27   433.76    0.00      0.00     0.00   0.00    0.00     0.00    0.00  20.88
nvme25n1        43.00  19539.20    11.00  20.37    0.23   454.40   41.00  20684.80     2.20   5.09    0.30   504.51    0.00      0.00     0.00   0.00    0.00     0.00    0.00  18.88
nvme26n1        43.20  19642.40     9.60  18.18    0.23   454.69   43.00  20307.20     2.40   5.29    0.29   472.26    0.00      0.00     0.00   0.00    0.00     0.00    0.00  20.40
nvme27n1        44.00  19931.20    11.00  20.00    0.24   452.98   40.20  19966.40     2.40   5.63    0.29   496.68    0.00      0.00     0.00   0.00    0.00     0.00    0.00  18.48
nvme28n1        44.00  20072.80     9.40  17.60    0.24   456.20   40.00  20141.60     2.40   5.66    0.30   503.54    0.00      0.00     0.00   0.00    0.00     0.00    0.00  19.20
nvme29n1        44.20  20010.40    11.00  19.93    0.24   452.72   39.80  19692.80     2.40   5.69    0.30   494.79    0.00      0.00     0.00   0.00    0.00     0.00    0.00  18.72
nvme2n1         44.60  20776.00     9.60  17.71    0.23   465.83   40.40  20355.20     2.40   5.61    0.31   503.84    0.00      0.00     0.00   0.00    0.00     0.00    0.00  19.60
nvme30n1        44.80  20455.20    10.60  19.13    0.24   456.59   38.40  19456.00     2.40   5.88    0.31   506.67    0.00      0.00     0.00   0.00    0.00     0.00    0.00  19.12
nvme31n1        44.20  20431.20    10.00  18.45    0.23   462.24   39.00  19601.60     2.40   5.80    0.30   502.61    0.00      0.00     0.00   0.00    0.00     0.00    0.00  19.60
nvme3n1         44.20  20318.40    11.60  20.79    0.24   459.69   41.00  20696.00     2.20   5.09    0.31   504.78    0.00      0.00     0.00   0.00    0.00     0.00    0.00  19.44
nvme4n1         44.60  20298.40     8.80  16.48    0.25   455.12   41.60  20907.20     2.40   5.45    0.31   502.58    0.00      0.00     0.00   0.00    0.00     0.00    0.00  19.04
nvme5n1         45.20  20093.60    12.20  21.25    0.23   444.55   42.80  21317.60     2.20   4.89    0.32   498.07    0.00      0.00     0.00   0.00    0.00     0.00    0.00  21.04
nvme6n1         44.60  20115.20     8.80  16.48    0.24   451.01   43.80  22032.80     2.20   4.78    0.32   503.03    0.00      0.00     0.00   0.00    0.00     0.00    0.00  20.24
nvme7n1         45.20  19697.60    11.40  20.14    0.23   435.79   43.40  21938.40     2.20   4.82    0.31   505.49    0.00      0.00     0.00   0.00    0.00     0.00    0.00  21.04
nvme8n1         42.20  19538.40     8.80  17.25    0.24   463.00   42.60  21708.80     2.40   5.33    0.31   509.60    0.00      0.00     0.00   0.00    0.00     0.00    0.00  19.76
nvme9n1         45.40  19864.00    12.00  20.91    0.22   437.53   44.00  22251.20     2.40   5.17    0.33   505.71    0.00      0.00     0.00   0.00    0.00     0.00    0.00  20.72


Device            r/s     rkB/s   rrqm/s  %rrqm r_await rareq-sz     w/s     wkB/s   wrqm/s  %wrqm w_await wareq-sz     d/s     dkB/s   drqm/s  %drqm d_await dareq-sz  aqu-sz  %util
dm-0             0.00      0.00     0.00   0.00    0.00     0.00   21.20     88.00     0.00   0.00    0.00     4.15    0.00      0.00     0.00   0.00    0.00     0.00    0.00   0.16
loop0            0.00      0.00     0.00   0.00    0.00     0.00    0.00      0.00     0.00   0.00    0.00     0.00    0.00      0.00     0.00   0.00    0.00     0.00    0.00   0.00
loop1            0.00      0.00     0.00   0.00    0.00     0.00    0.00      0.00     0.00   0.00    0.00     0.00    0.00      0.00     0.00   0.00    0.00     0.00    0.00   0.00
loop2            0.00      0.00     0.00   0.00    0.00     0.00    0.00      0.00     0.00   0.00    0.00     0.00    0.00      0.00     0.00   0.00    0.00     0.00    0.00   0.00
loop3            0.00      0.00     0.00   0.00    0.00     0.00    0.00      0.00     0.00   0.00    0.00     0.00    0.00      0.00     0.00   0.00    0.00     0.00    0.00   0.00
loop4            0.00      0.00     0.00   0.00    0.00     0.00    0.00      0.00     0.00   0.00    0.00     0.00    0.00      0.00     0.00   0.00    0.00     0.00    0.00   0.00
loop5            0.00      0.00     0.00   0.00    0.00     0.00    0.00      0.00     0.00   0.00    0.00     0.00    0.00      0.00     0.00   0.00    0.00     0.00    0.00   0.00
loop6            0.00      0.00     0.00   0.00    0.00     0.00    0.00      0.00     0.00   0.00    0.00     0.00    0.00      0.00     0.00   0.00    0.00     0.00    0.00   0.00
loop7            0.00      0.00     0.00   0.00    0.00     0.00    0.00      0.00     0.00   0.00    0.00     0.00    0.00      0.00     0.00   0.00    0.00     0.00    0.00   0.00
md0           8746.60 3475489.60     0.00   0.00    0.00   397.35 6495.80 3246260.00     0.00   0.00    0.00   499.75    0.00      0.00     0.00   0.00    0.00     0.00    0.00   0.00
nvme0n1          0.00      0.00     0.00   0.00    0.00     0.00   17.40     88.00     3.80  17.92    0.05     5.06    0.00      0.00     0.00   0.00    0.00     0.00    0.00   0.16
nvme10n1       234.80  99596.00    55.00  18.98    0.29   424.17  194.80 103494.40     6.00   2.99    0.39   531.29    0.00      0.00     0.00   0.00    0.00     0.00    0.00  51.36
nvme11n1       232.40  99427.20    57.80  19.92    0.29   427.83  192.60 101572.00     5.80   2.92    0.40   527.37    0.00      0.00     0.00   0.00    0.00     0.00    0.00  50.80
nvme12n1       231.80  98056.80    54.40  19.01    0.30   423.02  188.80 101432.80     5.80   2.98    0.38   537.25    0.00      0.00     0.00   0.00    0.00     0.00    0.00  51.20
nvme13n1       230.40  97251.20    56.40  19.67    0.30   422.10  192.00 100793.60     6.20   3.13    0.42   524.97    0.00      0.00     0.00   0.00    0.00     0.00    0.00  51.44
nvme14n1       230.40  96560.80    51.60  18.30    0.30   419.10  188.40 101249.60     5.80   2.99    0.41   537.42    0.00      0.00     0.00   0.00    0.00     0.00    0.00  51.28
nvme15n1       226.60  97099.20    53.00  18.96    0.29   428.50  215.60 101568.00     6.80   3.06    0.33   471.09    0.00      0.00     0.00   0.00    0.00     0.00    0.00  55.12
nvme16n1       232.00  96560.80    52.60  18.48    0.30   416.21  188.80 101837.60     5.40   2.78    0.40   539.39    0.00      0.00     0.00   0.00    0.00     0.00    0.00  50.00
nvme17n1       227.40  96728.80    55.60  19.65    0.29   425.37  253.00 103819.20     7.60   2.92    0.29   410.35    0.00      0.00     0.00   0.00    0.00     0.00    0.00  54.48
nvme18n1       230.00  95760.00    52.40  18.56    0.32   416.35  238.00 103403.20    16.00   6.30    0.33   434.47    0.00      0.00     0.00   0.00    0.00     0.00    0.00  53.36
nvme19n1       227.00  95711.20    55.00  19.50    0.29   421.64  194.20 102192.80     4.20   2.12    0.38   526.22    0.00      0.00     0.00   0.00    0.00     0.00    0.00  51.28
nvme1n1        235.40  97899.20    51.00  17.81    0.30   415.88  196.40 103428.80     4.80   2.39    0.42   526.62    0.00      0.00     0.00   0.00    0.00     0.00    0.00  53.04
nvme20n1       226.40  93648.00    51.60  18.56    0.30   413.64  189.60 100252.80     8.80   4.44    0.37   528.76    0.00      0.00     0.00   0.00    0.00     0.00    0.00  49.84
nvme21n1       217.80  93987.20    53.20  19.63    0.29   431.53  181.40  98169.60     2.40   1.31    0.39   541.18    0.00      0.00     0.00   0.00    0.00     0.00    0.00  50.32
nvme22n1       226.00  93176.80    47.40  17.34    0.29   412.29  222.60  98782.40    10.40   4.46    0.30   443.77    0.00      0.00     0.00   0.00    0.00     0.00    0.00  55.52
nvme23n1       223.00  95294.40    53.60  19.38    0.29   427.33  190.60 101605.60     5.60   2.85    0.37   533.08    0.00      0.00     0.00   0.00    0.00     0.00    0.00  51.76
nvme24n1       228.80  95588.80    48.80  17.58    0.28   417.78  240.20 101348.00    26.80  10.04    0.30   421.93    0.00      0.00     0.00   0.00    0.00     0.00    0.00  54.96
nvme25n1       222.60  95379.20    55.80  20.04    0.29   428.48  190.20 102225.60     3.20   1.65    0.38   537.46    0.00      0.00     0.00   0.00    0.00     0.00    0.00  51.76
nvme26n1       232.80  95126.40    47.00  16.80    0.29   408.62  204.80 101095.20     6.80   3.21    0.35   493.63    0.00      0.00     0.00   0.00    0.00     0.00    0.00  53.52
nvme27n1       221.80  94569.60    53.00  19.29    0.29   426.37  185.80  98574.40     3.00   1.59    0.37   530.54    0.00      0.00     0.00   0.00    0.00     0.00    0.00  51.84
nvme28n1       227.20  94556.80    48.80  17.68    0.29   416.18  185.40  99591.20     4.80   2.52    0.36   537.17    0.00      0.00     0.00   0.00    0.00     0.00    0.00  51.52
nvme29n1       225.00  95107.20    52.60  18.95    0.30   422.70  187.40 101548.00     4.20   2.19    0.37   541.88    0.00      0.00     0.00   0.00    0.00     0.00    0.00  52.16
nvme2n1        232.80  98145.60    55.20  19.17    0.30   421.59  195.20 103237.60     4.80   2.40    0.38   528.88    0.00      0.00     0.00   0.00    0.00     0.00    0.00  53.20
nvme30n1       230.20  95904.80    49.60  17.73    0.29   416.62  192.60 103456.80     5.20   2.63    0.44   537.16    0.00      0.00     0.00   0.00    0.00     0.00    0.00  52.80
nvme31n1       222.40  95292.00    51.60  18.83    0.29   428.47  191.20 102924.80     3.20   1.65    0.39   538.31    0.00      0.00     0.00   0.00    0.00     0.00    0.00  52.88
nvme3n1        231.80  97341.60    54.00  18.89    0.30   419.94  194.40 104661.60     7.40   3.67    0.37   538.38    0.00      0.00     0.00   0.00    0.00     0.00    0.00  53.12
nvme4n1        230.40  97234.40    53.60  18.87    0.29   422.02  196.80 106051.20     5.20   2.57    0.39   538.88    0.00      0.00     0.00   0.00    0.00     0.00    0.00  53.28
nvme5n1        237.00  98419.20    54.80  18.78    0.30   415.27  204.40 107406.40     6.00   2.85    0.37   525.47    0.00      0.00     0.00   0.00    0.00     0.00    0.00  55.52
nvme6n1        228.20  97107.20    52.60  18.73    0.30   425.54  197.80 105266.40     5.00   2.47    0.40   532.19    0.00      0.00     0.00   0.00    0.00     0.00    0.00  52.32
nvme7n1        232.00  98403.20    56.00  19.44    0.29   424.15  197.20 105047.20     5.80   2.86    0.37   532.69    0.00      0.00     0.00   0.00    0.00     0.00    0.00  53.52
nvme8n1        235.20  98280.80    53.20  18.45    0.31   417.86  194.40 104143.20     5.80   2.90    0.41   535.72    0.00      0.00     0.00   0.00    0.00     0.00    0.00  53.12
nvme9n1        234.80  99352.00    55.20  19.03    0.29   423.13  197.00 103739.20     6.00   2.96    0.41   526.59    0.00      0.00     0.00   0.00    0.00     0.00    0.00  53.20


Device            r/s     rkB/s   rrqm/s  %rrqm r_await rareq-sz     w/s     wkB/s   wrqm/s  %wrqm w_await wareq-sz     d/s     dkB/s   drqm/s  %drqm d_await dareq-sz  aqu-sz  %util
dm-0             0.00      0.00     0.00   0.00    0.00     0.00    0.40     11.20     0.00   0.00    0.00    28.00    0.00      0.00     0.00   0.00    0.00     0.00    0.00   0.08
loop0            0.00      0.00     0.00   0.00    0.00     0.00    0.00      0.00     0.00   0.00    0.00     0.00    0.00      0.00     0.00   0.00    0.00     0.00    0.00   0.00
loop1            0.00      0.00     0.00   0.00    0.00     0.00    0.00      0.00     0.00   0.00    0.00     0.00    0.00      0.00     0.00   0.00    0.00     0.00    0.00   0.00
loop2            0.00      0.00     0.00   0.00    0.00     0.00    0.00      0.00     0.00   0.00    0.00     0.00    0.00      0.00     0.00   0.00    0.00     0.00    0.00   0.00
loop3            0.00      0.00     0.00   0.00    0.00     0.00    0.00      0.00     0.00   0.00    0.00     0.00    0.00      0.00     0.00   0.00    0.00     0.00    0.00   0.00
loop4            0.00      0.00     0.00   0.00    0.00     0.00    0.00      0.00     0.00   0.00    0.00     0.00    0.00      0.00     0.00   0.00    0.00     0.00    0.00   0.00
loop5            0.00      0.00     0.00   0.00    0.00     0.00    0.00      0.00     0.00   0.00    0.00     0.00    0.00      0.00     0.00   0.00    0.00     0.00    0.00   0.00
loop6            0.00      0.00     0.00   0.00    0.00     0.00    0.00      0.00     0.00   0.00    0.00     0.00    0.00      0.00     0.00   0.00    0.00     0.00    0.00   0.00
loop7            0.00      0.00     0.00   0.00    0.00     0.00    0.00      0.00     0.00   0.00    0.00     0.00    0.00      0.00     0.00   0.00    0.00     0.00    0.00   0.00
md0           6666.00 2718137.60     0.00   0.00    0.00   407.76 5273.00 2692730.40     0.00   0.00    0.00   510.66    0.00      0.00     0.00   0.00    0.00     0.00    0.00   0.00
nvme0n1          0.00      0.00     0.00   0.00    0.00     0.00    0.20     11.20     0.20  50.00    0.00    56.00    0.00      0.00     0.00   0.00    0.00     0.00    0.00   0.08
nvme10n1       165.80  71593.60    44.40  21.12    0.28   431.81  151.60  81018.40     8.20   5.13    0.36   534.42    0.00      0.00     0.00   0.00    0.00     0.00    0.00  46.72
nvme11n1       165.60  71327.20    42.40  20.38    0.26   430.72  160.40  81784.80     8.00   4.75    0.36   509.88    0.00      0.00     0.00   0.00    0.00     0.00    0.00  50.48
nvme12n1       164.60  72376.00    41.80  20.25    0.28   439.71  157.20  81954.40     7.80   4.73    0.35   521.34    0.00      0.00     0.00   0.00    0.00     0.00    0.00  47.76
nvme13n1       171.00  72921.60    42.80  20.02    0.27   426.44  157.40  82905.60     8.00   4.84    0.38   526.72    0.00      0.00     0.00   0.00    0.00     0.00    0.00  47.20
nvme14n1       171.00  72165.60    42.20  19.79    0.27   422.02  153.80  81228.00     8.00   4.94    0.36   528.14    0.00      0.00     0.00   0.00    0.00     0.00    0.00  47.92
nvme15n1       171.80  72439.20    43.60  20.24    0.27   421.65  173.60  81050.40     9.60   5.24    0.31   466.88    0.00      0.00     0.00   0.00    0.00     0.00    0.00  50.88
nvme16n1       171.00  73094.40    43.80  20.39    0.28   427.45  150.20  80573.60     8.20   5.18    0.36   536.44    0.00      0.00     0.00   0.00    0.00     0.00    0.00  47.76
nvme17n1       175.80  74277.60    43.60  19.87    0.26   422.51  197.40  81854.40    10.40   5.00    0.26   414.66    0.00      0.00     0.00   0.00    0.00     0.00    0.00  51.20
nvme18n1       175.60  74000.00    44.20  20.11    0.28   421.41  181.00  81540.00    10.20   5.33    0.31   450.50    0.00      0.00     0.00   0.00    0.00     0.00    0.00  50.80
nvme19n1       169.00  72459.20    43.60  20.51    0.28   428.75  152.20  81276.00     8.60   5.35    0.37   534.01    0.00      0.00     0.00   0.00    0.00     0.00    0.00  46.72
nvme1n1        173.60  74538.40    44.00  20.22    0.28   429.37  156.80  82762.40     8.40   5.08    0.40   527.82    0.00      0.00     0.00   0.00    0.00     0.00    0.00  47.68
nvme20n1       166.00  72293.60    40.00  19.42    0.29   435.50  152.40  81742.40     8.60   5.34    0.35   536.37    0.00      0.00     0.00   0.00    0.00     0.00    0.00  47.28
nvme21n1       168.40  72323.20    42.40  20.11    0.27   429.47  150.60  80478.40     8.40   5.28    0.36   534.39    0.00      0.00     0.00   0.00    0.00     0.00    0.00  47.28
nvme22n1       169.00  73436.00    40.60  19.37    0.28   434.53  177.20  81196.80     8.60   4.63    0.30   458.22    0.00      0.00     0.00   0.00    0.00     0.00    0.00  51.44
nvme23n1       174.00  73137.60    43.80  20.11    0.28   420.33  154.00  80800.00     8.60   5.29    0.33   524.68    0.00      0.00     0.00   0.00    0.00     0.00    0.00  47.52
nvme24n1       174.00  75031.20    42.00  19.44    0.28   431.21  190.80  81512.80     8.40   4.22    0.28   427.22    0.00      0.00     0.00   0.00    0.00     0.00    0.00  50.08
nvme25n1       176.80  75300.00    42.60  19.42    0.27   425.90  152.80  80763.20     8.80   5.45    0.35   528.55    0.00      0.00     0.00   0.00    0.00     0.00    0.00  48.00
nvme26n1       175.60  75695.20    42.40  19.45    0.27   431.07  162.80  81485.60     8.80   5.13    0.34   500.53    0.00      0.00     0.00   0.00    0.00     0.00    0.00  48.32
nvme27n1       179.40  76504.00    44.40  19.84    0.27   426.44  155.00  81153.60     8.80   5.37    0.33   523.57    0.00      0.00     0.00   0.00    0.00     0.00    0.00  48.32
nvme28n1       178.40  76291.20    45.60  20.36    0.27   427.64  152.80  80399.20     8.40   5.21    0.33   526.17    0.00      0.00     0.00   0.00    0.00     0.00    0.00  48.40
nvme29n1       175.40  74423.20    45.20  20.49    0.27   424.31  154.20  81439.20     8.20   5.05    0.35   528.14    0.00      0.00     0.00   0.00    0.00     0.00    0.00  47.68
nvme2n1        172.40  74050.40    41.80  19.51    0.27   429.53  153.40  81430.40     8.20   5.07    0.36   530.84    0.00      0.00     0.00   0.00    0.00     0.00    0.00  46.48
nvme30n1       175.80  75900.80    44.80  20.31    0.27   431.75  158.20  83162.40     8.20   4.93    0.40   525.68    0.00      0.00     0.00   0.00    0.00     0.00    0.00  48.56
nvme31n1       171.80  74305.60    43.00  20.02    0.28   432.51  160.00  84082.40     8.40   4.99    0.36   525.51    0.00      0.00     0.00   0.00    0.00     0.00    0.00  47.52
nvme3n1        171.80  74370.40    44.80  20.68    0.27   432.89  152.60  81287.20     8.00   4.98    0.35   532.68    0.00      0.00     0.00   0.00    0.00     0.00    0.00  47.28
nvme4n1        180.00  75264.80    41.80  18.85    0.27   418.14  155.80  81961.60     8.40   5.12    0.36   526.07    0.00      0.00     0.00   0.00    0.00     0.00    0.00  47.68
nvme5n1        172.20  74476.80    45.20  20.79    0.28   432.50  151.80  80922.40     8.60   5.36    0.36   533.09    0.00      0.00     0.00   0.00    0.00     0.00    0.00  47.36
nvme6n1        173.60  73032.80    41.40  19.26    0.28   420.70  152.20  80519.20     8.80   5.47    0.37   529.04    0.00      0.00     0.00   0.00    0.00     0.00    0.00  47.20
nvme7n1        166.60  72549.60    44.60  21.12    0.28   435.47  151.00  79908.00     8.80   5.51    0.35   529.19    0.00      0.00     0.00   0.00    0.00     0.00    0.00  48.00
nvme8n1        168.00  73102.40    41.00  19.62    0.29   435.13  151.40  80250.40     8.20   5.14    0.38   530.06    0.00      0.00     0.00   0.00    0.00     0.00    0.00  46.56
nvme9n1        165.20  71837.60    42.80  20.58    0.27   434.85  147.40  79238.40     8.00   5.15    0.39   537.57    0.00      0.00     0.00   0.00    0.00     0.00    0.00  46.96


Device            r/s     rkB/s   rrqm/s  %rrqm r_await rareq-sz     w/s     wkB/s   wrqm/s  %wrqm w_await wareq-sz     d/s     dkB/s   drqm/s  %drqm d_await dareq-sz  aqu-sz  %util
dm-0             0.00      0.00     0.00   0.00    0.00     0.00    1.80      7.20     0.00   0.00    0.00     4.00    0.00      0.00     0.00   0.00    0.00     0.00    0.00   0.08
loop0            0.00      0.00     0.00   0.00    0.00     0.00    0.00      0.00     0.00   0.00    0.00     0.00    0.00      0.00     0.00   0.00    0.00     0.00    0.00   0.00
loop1            0.00      0.00     0.00   0.00    0.00     0.00    0.00      0.00     0.00   0.00    0.00     0.00    0.00      0.00     0.00   0.00    0.00     0.00    0.00   0.00
loop2            0.00      0.00     0.00   0.00    0.00     0.00    0.00      0.00     0.00   0.00    0.00     0.00    0.00      0.00     0.00   0.00    0.00     0.00    0.00   0.00
loop3            0.00      0.00     0.00   0.00    0.00     0.00    0.00      0.00     0.00   0.00    0.00     0.00    0.00      0.00     0.00   0.00    0.00     0.00    0.00   0.00
loop4            0.00      0.00     0.00   0.00    0.00     0.00    0.00      0.00     0.00   0.00    0.00     0.00    0.00      0.00     0.00   0.00    0.00     0.00    0.00   0.00
loop5            0.00      0.00     0.00   0.00    0.00     0.00    0.00      0.00     0.00   0.00    0.00     0.00    0.00      0.00     0.00   0.00    0.00     0.00    0.00   0.00
loop6            0.00      0.00     0.00   0.00    0.00     0.00    0.00      0.00     0.00   0.00    0.00     0.00    0.00      0.00     0.00   0.00    0.00     0.00    0.00   0.00
loop7            0.00      0.00     0.00   0.00    0.00     0.00    0.00      0.00     0.00   0.00    0.00     0.00    0.00      0.00     0.00   0.00    0.00     0.00    0.00   0.00
md0           2753.60 1124872.80     0.00   0.00    0.00   408.51 2643.80 1175193.60     0.00   0.00    0.00   444.51    0.00      0.00     0.00   0.00    0.00     0.00    0.00   0.00
nvme0n1          0.00      0.00     0.00   0.00    0.00     0.00    0.40      7.20     1.40  77.78    0.00    18.00    0.00      0.00     0.00   0.00    0.00     0.00    0.00   0.08
nvme10n1        70.20  28524.00    18.20  20.59    0.24   406.32   67.80  32383.20     8.80  11.49    0.29   477.63    0.00      0.00     0.00   0.00    0.00     0.00    0.00  27.92
nvme11n1        69.40  28651.20    19.80  22.20    0.25   412.84   68.00  32284.00    13.20  16.26    0.29   474.76    0.00      0.00     0.00   0.00    0.00     0.00    0.00  27.04
nvme12n1        71.60  28388.00    16.80  19.00    0.25   396.48   66.40  32091.20     8.40  11.23    0.29   483.30    0.00      0.00     0.00   0.00    0.00     0.00    0.00  27.44
nvme13n1        69.40  27872.80    19.40  21.85    0.24   401.63   69.00  33137.60    11.00  13.75    0.29   480.26    0.00      0.00     0.00   0.00    0.00     0.00    0.00  26.56
nvme14n1        69.40  27318.40    16.20  18.93    0.23   393.64   68.00  32520.80    11.20  14.14    0.32   478.25    0.00      0.00     0.00   0.00    0.00     0.00    0.00  28.16
nvme15n1        67.60  27500.00    18.40  21.40    0.24   406.80   78.80  33657.60    15.40  16.35    0.25   427.13    0.00      0.00     0.00   0.00    0.00     0.00    0.00  30.32
nvme16n1        72.00  27955.20    16.40  18.55    0.24   388.27   71.80  33925.60    11.40  13.70    0.29   472.50    0.00      0.00     0.00   0.00    0.00     0.00    0.00  28.80
nvme17n1        68.20  27784.80    18.60  21.43    0.26   407.40   84.60  33142.40    21.00  19.89    0.23   391.75    0.00      0.00     0.00   0.00    0.00     0.00    0.00  29.92
nvme18n1        68.40  27292.80    16.80  19.72    0.23   399.02   78.00  33520.00    16.60  17.55    0.25   429.74    0.00      0.00     0.00   0.00    0.00     0.00    0.00  28.96
nvme19n1        72.00  29160.00    19.40  21.23    0.24   405.00   72.60  34640.80    11.40  13.57    0.28   477.15    0.00      0.00     0.00   0.00    0.00     0.00    0.00  28.40
nvme1n1         69.80  28512.80    20.20  22.44    0.24   408.49   70.80  34313.60     9.80  12.16    0.31   484.66    0.00      0.00     0.00   0.00    0.00     0.00    0.00  28.80
nvme20n1        73.40  29087.20    18.20  19.87    0.23   396.28   71.60  34704.00    10.00  12.25    0.29   484.69    0.00      0.00     0.00   0.00    0.00     0.00    0.00  29.20
nvme21n1        70.00  28447.20    19.00  21.35    0.24   406.39   70.80  34020.00    10.60  13.02    0.30   480.51    0.00      0.00     0.00   0.00    0.00     0.00    0.00  28.40
nvme22n1        71.40  28359.20    19.20  21.19    0.23   397.19   84.40  33378.40    10.60  11.16    0.24   395.48    0.00      0.00     0.00   0.00    0.00     0.00    0.00  33.36
nvme23n1        71.00  28956.00    19.20  21.29    0.25   407.83   69.80  33285.60    11.20  13.83    0.28   476.87    0.00      0.00     0.00   0.00    0.00     0.00    0.00  28.72
nvme24n1        72.20  28400.00    20.00  21.69    0.24   393.35   78.80  32583.20    31.80  28.75    0.26   413.49    0.00      0.00     0.00   0.00    0.00     0.00    0.00  30.32
nvme25n1        68.40  27780.00    18.80  21.56    0.24   406.14   68.40  33039.20    11.60  14.50    0.28   483.03    0.00      0.00     0.00   0.00    0.00     0.00    0.00  27.76
nvme26n1        69.80  27813.60    18.60  21.04    0.23   398.48   73.00  33033.60    12.20  14.32    0.27   452.52    0.00      0.00     0.00   0.00    0.00     0.00    0.00  30.32
nvme27n1        69.40  27555.20    18.20  20.78    0.25   397.05   71.40  33309.60    12.20  14.59    0.28   466.52    0.00      0.00     0.00   0.00    0.00     0.00    0.00  27.92
nvme28n1        66.20  27045.60    16.80  20.24    0.24   408.54   69.20  33079.20    11.40  14.14    0.28   478.02    0.00      0.00     0.00   0.00    0.00     0.00    0.00  27.20
nvme29n1        69.00  27704.80    17.20  19.95    0.25   401.52   70.20  33594.40    11.60  14.18    0.28   478.55    0.00      0.00     0.00   0.00    0.00     0.00    0.00  28.24
nvme2n1         69.60  28140.80    19.40  21.80    0.24   404.32   71.80  34312.80    13.20  15.53    0.30   477.89    0.00      0.00     0.00   0.00    0.00     0.00    0.00  27.12
nvme30n1        68.00  27511.20    18.40  21.30    0.24   404.58   70.80  33868.00    11.00  13.45    0.31   478.36    0.00      0.00     0.00   0.00    0.00     0.00    0.00  27.92
nvme31n1        72.40  28395.20    19.00  20.79    0.24   392.20   71.20  34103.20     9.20  11.44    0.30   478.98    0.00      0.00     0.00   0.00    0.00     0.00    0.00  28.24
nvme3n1         71.00  28673.60    20.40  22.32    0.23   403.85   72.40  34572.00    11.00  13.19    0.29   477.51    0.00      0.00     0.00   0.00    0.00     0.00    0.00  27.52
nvme4n1         71.20  28652.00    19.20  21.24    0.24   402.42   73.40  34528.00    12.20  14.25    0.29   470.41    0.00      0.00     0.00   0.00    0.00     0.00    0.00  28.48
nvme5n1         70.40  28445.60    19.80  21.95    0.24   404.06   70.80  33710.40    12.00  14.49    0.29   476.14    0.00      0.00     0.00   0.00    0.00     0.00    0.00  28.16
nvme6n1         71.20  28844.80    17.40  19.64    0.26   405.12   68.80  32817.60    11.40  14.21    0.31   477.00    0.00      0.00     0.00   0.00    0.00     0.00    0.00  27.68
nvme7n1         72.00  28679.20    20.00  21.74    0.24   398.32   69.40  33540.80    10.20  12.81    0.29   483.30    0.00      0.00     0.00   0.00    0.00     0.00    0.00  28.40
nvme8n1         71.60  28737.60    18.20  20.27    0.24   401.36   69.40  32966.40     8.40  10.80    0.30   475.02    0.00      0.00     0.00   0.00    0.00     0.00    0.00  27.52
nvme9n1         70.00  27828.00    20.20  22.39    0.23   397.54   68.00  32390.40    12.40  15.42    0.31   476.33    0.00      0.00     0.00   0.00    0.00     0.00    0.00  28.08


Device            r/s     rkB/s   rrqm/s  %rrqm r_await rareq-sz     w/s     wkB/s   wrqm/s  %wrqm w_await wareq-sz     d/s     dkB/s   drqm/s  %drqm d_await dareq-sz  aqu-sz  %util
dm-0             0.00      0.00     0.00   0.00    0.00     0.00    1.40      5.60     0.00   0.00    0.00     4.00    0.00      0.00     0.00   0.00    0.00     0.00    0.00   0.08
loop0            0.00      0.00     0.00   0.00    0.00     0.00    0.00      0.00     0.00   0.00    0.00     0.00    0.00      0.00     0.00   0.00    0.00     0.00    0.00   0.00
loop1            0.00      0.00     0.00   0.00    0.00     0.00    0.00      0.00     0.00   0.00    0.00     0.00    0.00      0.00     0.00   0.00    0.00     0.00    0.00   0.00
loop2            0.00      0.00     0.00   0.00    0.00     0.00    0.00      0.00     0.00   0.00    0.00     0.00    0.00      0.00     0.00   0.00    0.00     0.00    0.00   0.00
loop3            0.00      0.00     0.00   0.00    0.00     0.00    0.00      0.00     0.00   0.00    0.00     0.00    0.00      0.00     0.00   0.00    0.00     0.00    0.00   0.00
loop4            0.00      0.00     0.00   0.00    0.00     0.00    0.00      0.00     0.00   0.00    0.00     0.00    0.00      0.00     0.00   0.00    0.00     0.00    0.00   0.00
loop5            0.00      0.00     0.00   0.00    0.00     0.00    0.00      0.00     0.00   0.00    0.00     0.00    0.00      0.00     0.00   0.00    0.00     0.00    0.00   0.00
loop6            0.00      0.00     0.00   0.00    0.00     0.00    0.00      0.00     0.00   0.00    0.00     0.00    0.00      0.00     0.00   0.00    0.00     0.00    0.00   0.00
loop7            0.00      0.00     0.00   0.00    0.00     0.00    0.00      0.00     0.00   0.00    0.00     0.00    0.00      0.00     0.00   0.00    0.00     0.00    0.00   0.00
md0           8536.40 3470835.20     0.00   0.00    0.00   406.59 6210.60 3228835.20     0.00   0.00    0.00   519.89    0.00      0.00     0.00   0.00    0.00     0.00    0.00   0.00
nvme0n1          0.00      0.00     0.00   0.00    0.00     0.00    0.40      5.60     1.00  71.43    0.00    14.00    0.00      0.00     0.00   0.00    0.00     0.00    0.00   0.08
nvme10n1       215.60  92768.00    52.60  19.61    0.29   430.28  181.00  99639.20     4.00   2.16    0.38   550.49    0.00      0.00     0.00   0.00    0.00     0.00    0.00  51.76
nvme11n1       218.20  93952.80    56.40  20.54    0.29   430.58  192.00 101795.20     3.80   1.94    0.38   530.18    0.00      0.00     0.00   0.00    0.00     0.00    0.00  51.68
nvme12n1       220.40  94201.60    50.60  18.67    0.29   427.41  188.40 100932.80     3.80   1.98    0.36   535.74    0.00      0.00     0.00   0.00    0.00     0.00    0.00  52.48
nvme13n1       220.40  96348.00    54.80  19.91    0.29   437.15  189.80 100705.60     5.20   2.67    0.40   530.59    0.00      0.00     0.00   0.00    0.00     0.00    0.00  52.80
nvme14n1       226.00  95545.60    50.00  18.12    0.29   422.77  185.00 100703.20     6.40   3.34    0.38   544.34    0.00      0.00     0.00   0.00    0.00     0.00    0.00  53.52
nvme15n1       225.80  98214.40    52.40  18.84    0.28   434.96  207.60  99897.60     7.20   3.35    0.32   481.20    0.00      0.00     0.00   0.00    0.00     0.00    0.00  55.36
nvme16n1       227.00  98596.80    53.60  19.10    0.29   434.35  185.80 100349.60     4.20   2.21    0.37   540.09    0.00      0.00     0.00   0.00    0.00     0.00    0.00  52.80
nvme17n1       224.60  97280.00    56.20  20.01    0.28   433.13  239.80  99791.20    19.60   7.56    0.28   416.14    0.00      0.00     0.00   0.00    0.00     0.00    0.00  55.04
nvme18n1       228.60  97782.40    53.60  18.99    0.30   427.74  219.80  99196.00     7.80   3.43    0.32   451.30    0.00      0.00     0.00   0.00    0.00     0.00    0.00  54.32
nvme19n1       223.20  96539.20    57.40  20.46    0.28   432.52  182.00  99064.80     5.80   3.09    0.39   544.31    0.00      0.00     0.00   0.00    0.00     0.00    0.00  52.16
nvme1n1        215.20  92852.00    57.60  21.11    0.29   431.47  180.80  99786.40     3.40   1.85    0.41   551.92    0.00      0.00     0.00   0.00    0.00     0.00    0.00  51.36
nvme20n1       226.40  96740.00    52.20  18.74    0.29   427.30  180.80  99209.60     3.60   1.95    0.38   548.73    0.00      0.00     0.00   0.00    0.00     0.00    0.00  52.72
nvme21n1       222.20  96610.40    57.20  20.47    0.28   434.79  184.00  99820.00     4.20   2.23    0.39   542.50    0.00      0.00     0.00   0.00    0.00     0.00    0.00  51.36
nvme22n1       219.40  94452.80    53.60  19.63    0.27   430.51  217.20  99458.40     5.40   2.43    0.31   457.91    0.00      0.00     0.00   0.00    0.00     0.00    0.00  56.64
nvme23n1       216.60  94454.40    53.20  19.72    0.28   436.08  184.60  99830.40     2.60   1.39    0.36   540.79    0.00      0.00     0.00   0.00    0.00     0.00    0.00  51.12
nvme24n1       219.00  95132.00    53.00  19.49    0.28   434.39  228.40  99277.60    20.60   8.27    0.30   434.67    0.00      0.00     0.00   0.00    0.00     0.00    0.00  55.76
nvme25n1       222.20  96137.60    53.60  19.43    0.29   432.66  177.80  97858.40     3.80   2.09    0.37   550.38    0.00      0.00     0.00   0.00    0.00     0.00    0.00  52.64
nvme26n1       226.80  96998.40    58.60  20.53    0.28   427.68  194.40  98298.40     5.20   2.61    0.35   505.65    0.00      0.00     0.00   0.00    0.00     0.00    0.00  54.00
nvme27n1       224.20  96336.80    53.80  19.35    0.28   429.69  182.40  98267.20     5.60   2.98    0.35   538.75    0.00      0.00     0.00   0.00    0.00     0.00    0.00  54.08
nvme28n1       221.20  95549.60    56.60  20.37    0.28   431.96  185.20 100987.20     4.00   2.11    0.36   545.29    0.00      0.00     0.00   0.00    0.00     0.00    0.00  53.20
nvme29n1       219.00  94596.00    52.00  19.19    0.28   431.95  183.40  98895.20     5.00   2.65    0.36   539.23    0.00      0.00     0.00   0.00    0.00     0.00    0.00  52.64
nvme2n1        218.80  92644.80    50.40  18.72    0.29   423.42  186.00 102170.40     5.60   2.92    0.37   549.30    0.00      0.00     0.00   0.00    0.00     0.00    0.00  52.08
nvme30n1       222.00  96336.00    56.00  20.14    0.28   433.95  181.40 100032.80     5.60   2.99    0.42   551.45    0.00      0.00     0.00   0.00    0.00     0.00    0.00  52.88
nvme31n1       223.20  95401.60    52.40  19.01    0.29   427.43  180.00  99389.60     6.60   3.54    0.38   552.16    0.00      0.00     0.00   0.00    0.00     0.00    0.00  52.72
nvme3n1        214.80  92518.40    54.80  20.33    0.28   430.72  188.00 102830.40     4.20   2.19    0.36   546.97    0.00      0.00     0.00   0.00    0.00     0.00    0.00  51.92
nvme4n1        225.80  94701.60    51.00  18.42    0.27   419.40  193.40 104200.00     7.60   3.78    0.37   538.78    0.00      0.00     0.00   0.00    0.00     0.00    0.00  53.60
nvme5n1        225.20  95785.60    54.40  19.46    0.29   425.34  190.60 104007.20     4.40   2.26    0.37   545.68    0.00      0.00     0.00   0.00    0.00     0.00    0.00  52.08
nvme6n1        221.40  94540.00    51.80  18.96    0.30   427.01  185.20 100640.80     3.40   1.80    0.39   543.42    0.00      0.00     0.00   0.00    0.00     0.00    0.00  52.80
nvme7n1        219.20  93718.40    55.60  20.23    0.29   427.55  186.60 100664.00     4.00   2.10    0.36   539.46    0.00      0.00     0.00   0.00    0.00     0.00    0.00  50.96
nvme8n1        216.00  92296.80    51.00  19.10    0.29   427.30  183.60 100356.00     3.20   1.71    0.40   546.60    0.00      0.00     0.00   0.00    0.00     0.00    0.00  52.24
nvme9n1        216.80  93192.00    54.60  20.12    0.28   429.85  186.00  99650.40     4.40   2.31    0.38   535.75    0.00      0.00     0.00   0.00    0.00     0.00    0.00  52.08


Device            r/s     rkB/s   rrqm/s  %rrqm r_await rareq-sz     w/s     wkB/s   wrqm/s  %wrqm w_await wareq-sz     d/s     dkB/s   drqm/s  %drqm d_await dareq-sz  aqu-sz  %util
dm-0             0.20      0.80     0.00   0.00    0.00     4.00    2.80     28.00     0.00   0.00    0.00    10.00    0.00      0.00     0.00   0.00    0.00     0.00    0.00   0.16
loop0            0.00      0.00     0.00   0.00    0.00     0.00    0.00      0.00     0.00   0.00    0.00     0.00    0.00      0.00     0.00   0.00    0.00     0.00    0.00   0.00
loop1            0.00      0.00     0.00   0.00    0.00     0.00    0.00      0.00     0.00   0.00    0.00     0.00    0.00      0.00     0.00   0.00    0.00     0.00    0.00   0.00
loop2            0.00      0.00     0.00   0.00    0.00     0.00    0.00      0.00     0.00   0.00    0.00     0.00    0.00      0.00     0.00   0.00    0.00     0.00    0.00   0.00
loop3            0.00      0.00     0.00   0.00    0.00     0.00    0.00      0.00     0.00   0.00    0.00     0.00    0.00      0.00     0.00   0.00    0.00     0.00    0.00   0.00
loop4            0.00      0.00     0.00   0.00    0.00     0.00    0.00      0.00     0.00   0.00    0.00     0.00    0.00      0.00     0.00   0.00    0.00     0.00    0.00   0.00
loop5            0.00      0.00     0.00   0.00    0.00     0.00    0.00      0.00     0.00   0.00    0.00     0.00    0.00      0.00     0.00   0.00    0.00     0.00    0.00   0.00
loop6            0.00      0.00     0.00   0.00    0.00     0.00    0.00      0.00     0.00   0.00    0.00     0.00    0.00      0.00     0.00   0.00    0.00     0.00    0.00   0.00
loop7            0.00      0.00     0.00   0.00    0.00     0.00    0.00      0.00     0.00   0.00    0.00     0.00    0.00      0.00     0.00   0.00    0.00     0.00    0.00   0.00
md0           4097.40 1696004.00     0.00   0.00    0.00   413.92 3093.20 1567046.40     0.00   0.00    0.00   506.61    0.00      0.00     0.00   0.00    0.00     0.00    0.00   0.00
nvme0n1          0.20      0.80     0.00   0.00    0.00     4.00    1.80     28.00     1.00  35.71    0.00    15.56    0.00      0.00     0.00   0.00    0.00     0.00    0.00   0.16
nvme10n1       107.20  45806.40    29.60  21.64    0.26   427.30   93.80  48869.60     6.40   6.39    0.35   521.00    0.00      0.00     0.00   0.00    0.00     0.00    0.00  36.00
nvme11n1       107.00  46312.00    28.60  21.09    0.26   432.82   93.40  48927.20     6.40   6.41    0.38   523.85    0.00      0.00     0.00   0.00    0.00     0.00    0.00  37.04
nvme12n1       104.00  44758.40    30.80  22.85    0.26   430.37   91.00  47713.60     6.00   6.19    0.36   524.33    0.00      0.00     0.00   0.00    0.00     0.00    0.00  35.68
nvme13n1       102.00  44072.00    27.40  21.17    0.25   432.08   87.80  46368.80     6.20   6.60    0.37   528.12    0.00      0.00     0.00   0.00    0.00     0.00    0.00  35.36
nvme14n1       103.00  44191.20    29.40  22.21    0.26   429.04   89.00  46316.80     6.40   6.71    0.38   520.41    0.00      0.00     0.00   0.00    0.00     0.00    0.00  35.36
nvme15n1        98.80  43483.20    27.00  21.46    0.25   440.11   95.60  46106.40     7.20   7.00    0.32   482.28    0.00      0.00     0.00   0.00    0.00     0.00    0.00  37.20
nvme16n1       102.40  44285.60    28.80  21.95    0.26   432.48   87.60  45257.60     6.40   6.81    0.35   516.64    0.00      0.00     0.00   0.00    0.00     0.00    0.00  35.52
nvme17n1       102.80  43436.00    27.00  20.80    0.26   422.53  110.20  45346.40     7.00   5.97    0.27   411.49    0.00      0.00     0.00   0.00    0.00     0.00    0.00  35.84
nvme18n1       101.80  43434.40    27.60  21.33    0.26   426.66  103.80  45016.80     6.60   5.98    0.31   433.69    0.00      0.00     0.00   0.00    0.00     0.00    0.00  36.72
nvme19n1       100.60  43886.40    27.80  21.65    0.26   436.25   86.60  44959.20     6.40   6.88    0.35   519.16    0.00      0.00     0.00   0.00    0.00     0.00    0.00  35.68
nvme1n1        103.60  44791.20    28.20  21.40    0.26   432.35   88.20  46138.40     6.00   6.37    0.37   523.11    0.00      0.00     0.00   0.00    0.00     0.00    0.00  36.00
nvme20n1       104.20  44731.20    28.20  21.30    0.26   429.28   87.40  45563.20     6.20   6.62    0.36   521.32    0.00      0.00     0.00   0.00    0.00     0.00    0.00  35.84
nvme21n1       103.80  44393.60    27.60  21.00    0.25   427.68   88.40  45810.40     5.80   6.16    0.36   518.22    0.00      0.00     0.00   0.00    0.00     0.00    0.00  34.80
nvme22n1       107.20  45603.20    28.00  20.71    0.24   425.40  106.40  46898.40     5.60   5.00    0.30   440.77    0.00      0.00     0.00   0.00    0.00     0.00    0.00  38.72
nvme23n1       107.20  45716.80    27.20  20.24    0.25   426.46   90.00  46706.40     5.80   6.05    0.35   518.96    0.00      0.00     0.00   0.00    0.00     0.00    0.00  35.68
nvme24n1       105.20  45156.80    29.60  21.96    0.25   429.25  103.60  47339.20     5.80   5.30    0.31   456.94    0.00      0.00     0.00   0.00    0.00     0.00    0.00  38.96
nvme25n1       109.00  44805.60    27.00  19.85    0.25   411.06   93.60  49007.20     5.60   5.65    0.35   523.58    0.00      0.00     0.00   0.00    0.00     0.00    0.00  36.56
nvme26n1        99.40  43140.00    30.60  23.54    0.25   434.00   95.80  46656.00     5.80   5.71    0.33   487.01    0.00      0.00     0.00   0.00    0.00     0.00    0.00  36.32
nvme27n1       108.60  44117.60    25.60  19.08    0.24   406.24   90.60  47209.60     5.80   6.02    0.33   521.08    0.00      0.00     0.00   0.00    0.00     0.00    0.00  37.60
nvme28n1       102.60  45112.00    30.40  22.86    0.25   439.69   89.80  47923.20     5.80   6.07    0.36   533.67    0.00      0.00     0.00   0.00    0.00     0.00    0.00  36.24
nvme29n1       110.00  45121.60    26.40  19.35    0.26   410.20   89.80  47680.80     5.80   6.07    0.34   530.97    0.00      0.00     0.00   0.00    0.00     0.00    0.00  36.24
nvme2n1        103.40  42513.60    27.80  21.19    0.25   411.16   85.40  45364.00     6.00   6.56    0.35   531.19    0.00      0.00     0.00   0.00    0.00     0.00    0.00  35.36
nvme30n1       106.00  45173.60    30.60  22.40    0.25   426.17   90.60  47979.20     5.80   6.02    0.40   529.57    0.00      0.00     0.00   0.00    0.00     0.00    0.00  36.00
nvme31n1       108.40  44766.40    27.20  20.06    0.25   412.97   89.80  47252.80     5.80   6.07    0.35   526.20    0.00      0.00     0.00   0.00    0.00     0.00    0.00  36.96
nvme3n1        101.40  43104.00    27.00  21.03    0.25   425.09   86.60  45460.80     6.20   6.68    0.35   524.95    0.00      0.00     0.00   0.00    0.00     0.00    0.00  35.92
nvme4n1        101.60  43731.20    26.80  20.87    0.26   430.43   88.60  47832.00     6.40   6.74    0.36   539.86    0.00      0.00     0.00   0.00    0.00     0.00    0.00  36.08
nvme5n1        101.00  43844.80    29.00  22.31    0.26   434.11   90.40  49015.20     7.00   7.19    0.35   542.20    0.00      0.00     0.00   0.00    0.00     0.00    0.00  35.84
nvme6n1        100.80  43702.40    27.40  21.37    0.26   433.56   91.00  48397.60     7.00   7.14    0.37   531.84    0.00      0.00     0.00   0.00    0.00     0.00    0.00  35.68
nvme7n1        106.40  44373.60    28.40  21.07    0.25   417.05   92.40  48636.00     7.00   7.04    0.35   526.36    0.00      0.00     0.00   0.00    0.00     0.00    0.00  37.28
nvme8n1        101.20  44244.00    27.60  21.43    0.26   437.19   92.00  48992.00     6.60   6.69    0.38   532.52    0.00      0.00     0.00   0.00    0.00     0.00    0.00  35.52
nvme9n1        104.40  44613.60    28.80  21.62    0.25   427.33   93.00  49188.00     6.40   6.44    0.38   528.90    0.00      0.00     0.00   0.00    0.00     0.00    0.00  36.08


Device            r/s     rkB/s   rrqm/s  %rrqm r_await rareq-sz     w/s     wkB/s   wrqm/s  %wrqm w_await wareq-sz     d/s     dkB/s   drqm/s  %drqm d_await dareq-sz  aqu-sz  %util
dm-0             0.00      0.00     0.00   0.00    0.00     0.00    5.00     20.00     0.00   0.00    0.00     4.00    0.00      0.00     0.00   0.00    0.00     0.00    0.00   0.16
loop0            0.00      0.00     0.00   0.00    0.00     0.00    0.00      0.00     0.00   0.00    0.00     0.00    0.00      0.00     0.00   0.00    0.00     0.00    0.00   0.00
loop1            0.00      0.00     0.00   0.00    0.00     0.00    0.00      0.00     0.00   0.00    0.00     0.00    0.00      0.00     0.00   0.00    0.00     0.00    0.00   0.00
loop2            0.00      0.00     0.00   0.00    0.00     0.00    0.00      0.00     0.00   0.00    0.00     0.00    0.00      0.00     0.00   0.00    0.00     0.00    0.00   0.00
loop3            0.00      0.00     0.00   0.00    0.00     0.00    0.00      0.00     0.00   0.00    0.00     0.00    0.00      0.00     0.00   0.00    0.00     0.00    0.00   0.00
loop4            0.00      0.00     0.00   0.00    0.00     0.00    0.00      0.00     0.00   0.00    0.00     0.00    0.00      0.00     0.00   0.00    0.00     0.00    0.00   0.00
loop5            0.00      0.00     0.00   0.00    0.00     0.00    0.00      0.00     0.00   0.00    0.00     0.00    0.00      0.00     0.00   0.00    0.00     0.00    0.00   0.00
loop6            0.00      0.00     0.00   0.00    0.00     0.00    0.00      0.00     0.00   0.00    0.00     0.00    0.00      0.00     0.00   0.00    0.00     0.00    0.00   0.00
loop7            0.00      0.00     0.00   0.00    0.00     0.00    0.00      0.00     0.00   0.00    0.00     0.00    0.00      0.00     0.00   0.00    0.00     0.00    0.00   0.00
md0           9922.00 3976753.60     0.00   0.00    0.00   400.80 7101.20 3679222.40     0.00   0.00    0.00   518.11    0.00      0.00     0.00   0.00    0.00     0.00    0.00   0.00
nvme0n1          0.00      0.00     0.00   0.00    0.00     0.00    1.00     20.00     4.00  80.00    0.20    20.00    0.00      0.00     0.00   0.00    0.00     0.00    0.00   0.16
nvme10n1       252.40 108381.60    65.40  20.58    0.30   429.40  202.80 112332.00     9.20   4.34    0.39   553.91    0.00      0.00     0.00   0.00    0.00     0.00    0.00  54.96
nvme11n1       249.60 108270.40    63.60  20.31    0.30   433.78  210.80 112199.20    11.40   5.13    0.40   532.25    0.00      0.00     0.00   0.00    0.00     0.00    0.00  55.52
nvme12n1       252.00 107460.00    67.20  21.05    0.29   426.43  207.20 111864.00     9.00   4.16    0.38   539.88    0.00      0.00     0.00   0.00    0.00     0.00    0.00  54.40
nvme13n1       250.00 107754.40    63.00  20.13    0.31   431.02  204.00 110393.60     9.80   4.58    0.39   541.15    0.00      0.00     0.00   0.00    0.00     0.00    0.00  55.36
nvme14n1       254.20 109865.60    66.00  20.61    0.30   432.20  203.20 111056.80    10.80   5.05    0.41   546.54    0.00      0.00     0.00   0.00    0.00     0.00    0.00  56.64
nvme15n1       255.20 108662.40    64.00  20.05    0.28   425.79  229.00 112698.40    12.00   4.98    0.33   492.13    0.00      0.00     0.00   0.00    0.00     0.00    0.00  59.84
nvme16n1       248.60 107214.40    65.00  20.73    0.29   431.27  203.60 112816.80     9.60   4.50    0.39   554.11    0.00      0.00     0.00   0.00    0.00     0.00    0.00  56.24
nvme17n1       253.80 107761.60    65.20  20.44    0.28   424.59  263.20 112696.80    28.00   9.62    0.28   428.18    0.00      0.00     0.00   0.00    0.00     0.00    0.00  58.64
nvme18n1       246.40 108216.00    62.40  20.21    0.30   439.19  237.20 113061.60    16.00   6.32    0.35   476.65    0.00      0.00     0.00   0.00    0.00     0.00    0.00  57.68
nvme19n1       252.60 109176.80    65.20  20.52    0.29   432.21  209.20 115399.20    10.20   4.65    0.37   551.62    0.00      0.00     0.00   0.00    0.00     0.00    0.00  57.52
nvme1n1        249.80 107648.80    65.20  20.70    0.29   430.94  203.80 113234.40     7.40   3.50    0.42   555.62    0.00      0.00     0.00   0.00    0.00     0.00    0.00  55.68
nvme20n1       254.00 109727.20    65.60  20.53    0.30   432.00  212.00 116775.20    10.80   4.85    0.38   550.83    0.00      0.00     0.00   0.00    0.00     0.00    0.00  57.60
nvme21n1       251.40 108946.40    64.40  20.39    0.30   433.36  209.80 115811.20     9.40   4.29    0.39   552.01    0.00      0.00     0.00   0.00    0.00     0.00    0.00  56.32
nvme22n1       252.60 110240.00    66.20  20.77    0.28   436.42  240.00 116196.80    14.20   5.59    0.33   484.15    0.00      0.00     0.00   0.00    0.00     0.00    0.00  62.16
nvme23n1       258.60 113206.40    65.40  20.19    0.29   437.77  212.20 117926.40     8.80   3.98    0.37   555.73    0.00      0.00     0.00   0.00    0.00     0.00    0.00  56.40
nvme24n1       261.40 112654.40    67.80  20.60    0.28   430.97  267.20 117862.40    34.60  11.46    0.31   441.10    0.00      0.00     0.00   0.00    0.00     0.00    0.00  62.40
nvme25n1       261.80 113232.80    67.20  20.43    0.29   432.52  210.80 116872.00    10.40   4.70    0.38   554.42    0.00      0.00     0.00   0.00    0.00     0.00    0.00  57.92
nvme26n1       264.20 112817.60    68.00  20.47    0.29   427.02  216.20 117796.80     9.20   4.08    0.38   544.85    0.00      0.00     0.00   0.00    0.00     0.00    0.00  57.84
nvme27n1       262.80 112217.60    64.60  19.73    0.29   427.01  210.60 116781.60    12.00   5.39    0.36   554.52    0.00      0.00     0.00   0.00    0.00     0.00    0.00  56.96
nvme28n1       262.40 111693.60    66.60  20.24    0.27   425.66  215.20 118406.40    10.60   4.69    0.36   550.22    0.00      0.00     0.00   0.00    0.00     0.00    0.00  57.92
nvme29n1       262.40 112568.00    65.00  19.85    0.29   428.99  214.40 118806.40    10.20   4.54    0.37   554.13    0.00      0.00     0.00   0.00    0.00     0.00    0.00  57.84
nvme2n1        257.40 110740.80    63.60  19.81    0.30   430.23  206.80 113203.20    10.80   4.96    0.38   547.40    0.00      0.00     0.00   0.00    0.00     0.00    0.00  57.04
nvme30n1       262.00 111555.20    64.80  19.83    0.29   425.78  215.00 117824.80    10.60   4.70    0.43   548.02    0.00      0.00     0.00   0.00    0.00     0.00    0.00  57.20
nvme31n1       256.80 109749.60    66.40  20.54    0.30   427.37  212.80 114612.80    10.40   4.66    0.38   538.59    0.00      0.00     0.00   0.00    0.00     0.00    0.00  57.12
nvme3n1        254.80 110032.00    67.40  20.92    0.29   431.84  205.00 112630.40     6.80   3.21    0.37   549.42    0.00      0.00     0.00   0.00    0.00     0.00    0.00  56.64
nvme4n1        252.60 109432.80    61.00  19.45    0.30   433.23  201.80 110891.20    10.80   5.08    0.38   549.51    0.00      0.00     0.00   0.00    0.00     0.00    0.00  55.68
nvme5n1        257.80 109855.20    66.20  20.43    0.29   426.13  202.60 110738.40     8.40   3.98    0.37   546.59    0.00      0.00     0.00   0.00    0.00     0.00    0.00  56.00
nvme6n1        250.40 107554.40    63.60  20.25    0.29   429.53  200.40 110951.20     7.40   3.56    0.39   553.65    0.00      0.00     0.00   0.00    0.00     0.00    0.00  55.92
nvme7n1        250.00 106511.20    65.20  20.69    0.29   426.04  199.80 109840.00    10.20   4.86    0.38   549.75    0.00      0.00     0.00   0.00    0.00     0.00    0.00  56.32
nvme8n1        248.00 106640.00    64.20  20.56    0.31   430.00  202.40 111992.00     8.80   4.17    0.41   553.32    0.00      0.00     0.00   0.00    0.00     0.00    0.00  56.40
nvme9n1        256.40 107802.40    63.80  19.93    0.29   420.45  205.80 112584.00    12.00   5.51    0.40   547.06    0.00      0.00     0.00   0.00    0.00     0.00    0.00  56.00


Device            r/s     rkB/s   rrqm/s  %rrqm r_await rareq-sz     w/s     wkB/s   wrqm/s  %wrqm w_await wareq-sz     d/s     dkB/s   drqm/s  %drqm d_await dareq-sz  aqu-sz  %util
dm-0             0.00      0.00     0.00   0.00    0.00     0.00   13.00     56.00     0.00   0.00    0.00     4.31    0.00      0.00     0.00   0.00    0.00     0.00    0.00   0.16
loop0            0.00      0.00     0.00   0.00    0.00     0.00    0.00      0.00     0.00   0.00    0.00     0.00    0.00      0.00     0.00   0.00    0.00     0.00    0.00   0.00
loop1            0.00      0.00     0.00   0.00    0.00     0.00    0.00      0.00     0.00   0.00    0.00     0.00    0.00      0.00     0.00   0.00    0.00     0.00    0.00   0.00
loop2            0.00      0.00     0.00   0.00    0.00     0.00    0.00      0.00     0.00   0.00    0.00     0.00    0.00      0.00     0.00   0.00    0.00     0.00    0.00   0.00
loop3            0.00      0.00     0.00   0.00    0.00     0.00    0.00      0.00     0.00   0.00    0.00     0.00    0.00      0.00     0.00   0.00    0.00     0.00    0.00   0.00
loop4            0.00      0.00     0.00   0.00    0.00     0.00    0.00      0.00     0.00   0.00    0.00     0.00    0.00      0.00     0.00   0.00    0.00     0.00    0.00   0.00
loop5            0.00      0.00     0.00   0.00    0.00     0.00    0.00      0.00     0.00   0.00    0.00     0.00    0.00      0.00     0.00   0.00    0.00     0.00    0.00   0.00
loop6            0.00      0.00     0.00   0.00    0.00     0.00    0.00      0.00     0.00   0.00    0.00     0.00    0.00      0.00     0.00   0.00    0.00     0.00    0.00   0.00
loop7            0.00      0.00     0.00   0.00    0.00     0.00    0.00      0.00     0.00   0.00    0.00     0.00    0.00      0.00     0.00   0.00    0.00     0.00    0.00   0.00
md0           4031.20 1698470.40     0.00   0.00    0.00   421.33 4064.60 1873635.20     0.00   0.00    0.00   460.96    0.00      0.00     0.00   0.00    0.00     0.00    0.00   0.00
nvme0n1          0.00      0.00     0.00   0.00    0.00     0.00   10.40     56.00     2.60  20.00    0.02     5.38    0.00      0.00     0.00   0.00    0.00     0.00    0.00   0.16
nvme10n1       104.60  46292.80    28.20  21.23    0.28   442.57  113.80  56456.80    14.40  11.23    0.33   496.11    0.00      0.00     0.00   0.00    0.00     0.00    0.00  36.88
nvme11n1       103.00  45565.60    25.00  19.53    0.26   442.38  111.20  55737.60    17.20  13.40    0.34   501.24    0.00      0.00     0.00   0.00    0.00     0.00    0.00  36.96
nvme12n1       104.40  46235.20    30.20  22.44    0.27   442.87  112.20  55580.80    14.60  11.51    0.31   495.37    0.00      0.00     0.00   0.00    0.00     0.00    0.00  36.72
nvme13n1       101.40  45325.60    28.40  21.88    0.28   447.00  112.00  56058.40    16.60  12.91    0.34   500.52    0.00      0.00     0.00   0.00    0.00     0.00    0.00  35.84
nvme14n1       104.60  46429.60    29.80  22.17    0.28   443.88  111.00  56100.00    14.40  11.48    0.33   505.41    0.00      0.00     0.00   0.00    0.00     0.00    0.00  36.56
nvme15n1       105.60  46560.80    29.20  21.66    0.28   440.92  128.20  54442.40    15.00  10.47    0.26   424.67    0.00      0.00     0.00   0.00    0.00     0.00    0.00  41.92
nvme16n1       107.80  47304.00    29.00  21.20    0.28   438.81  108.80  54756.00    13.60  11.11    0.32   503.27    0.00      0.00     0.00   0.00    0.00     0.00    0.00  37.28
nvme17n1       106.60  46900.00    28.00  20.80    0.28   439.96  146.60  53264.80    29.80  16.89    0.22   363.33    0.00      0.00     0.00   0.00    0.00     0.00    0.00  38.24
nvme18n1       107.00  46499.20    29.20  21.44    0.27   434.57  131.20  53104.80    17.20  11.59    0.27   404.76    0.00      0.00     0.00   0.00    0.00     0.00    0.00  36.64
nvme19n1       104.60  45700.00    26.00  19.91    0.27   436.90  106.20  51871.20    14.60  12.09    0.30   488.43    0.00      0.00     0.00   0.00    0.00     0.00    0.00  35.76
nvme1n1        102.60  44480.00    26.60  20.59    0.28   433.53  110.00  53750.40    14.00  11.29    0.34   488.64    0.00      0.00     0.00   0.00    0.00     0.00    0.00  35.12
nvme20n1       104.60  45598.40    30.20  22.40    0.27   435.93  103.60  51921.60    14.40  12.20    0.32   501.17    0.00      0.00     0.00   0.00    0.00     0.00    0.00  35.12
nvme21n1        99.40  44072.80    24.60  19.84    0.28   443.39  101.60  51861.60    13.40  11.65    0.32   510.45    0.00      0.00     0.00   0.00    0.00     0.00    0.00  33.84
nvme22n1       104.80  43851.20    27.00  20.49    0.26   418.43  129.00  52590.40    16.20  11.16    0.25   407.68    0.00      0.00     0.00   0.00    0.00     0.00    0.00  41.28
nvme23n1        99.00  44699.20    25.80  20.67    0.27   451.51  106.20  53156.80    13.80  11.50    0.31   500.53    0.00      0.00     0.00   0.00    0.00     0.00    0.00  35.92
nvme24n1       104.20  44674.40    24.60  19.10    0.26   428.74  129.40  53226.40    38.60  22.98    0.27   411.33    0.00      0.00     0.00   0.00    0.00     0.00    0.00  38.08
nvme25n1        97.80  44528.80    26.00  21.00    0.27   455.30  109.40  54216.80    14.20  11.49    0.31   495.58    0.00      0.00     0.00   0.00    0.00     0.00    0.00  34.64
nvme26n1       104.60  43863.20    23.40  18.28    0.26   419.34  108.60  54469.60    16.80  13.40    0.32   501.56    0.00      0.00     0.00   0.00    0.00     0.00    0.00  35.60
nvme27n1       100.60  44256.00    27.40  21.41    0.28   439.92  121.40  55708.00    16.40  11.90    0.29   458.88    0.00      0.00     0.00   0.00    0.00     0.00    0.00  36.00
nvme28n1       105.00  43688.80    25.60  19.60    0.25   416.08  109.00  54717.60    15.20  12.24    0.31   502.00    0.00      0.00     0.00   0.00    0.00     0.00    0.00  35.36
nvme29n1        97.80  43549.60    26.00  21.00    0.28   445.29  108.20  53904.80    12.60  10.43    0.31   498.20    0.00      0.00     0.00   0.00    0.00     0.00    0.00  35.36
nvme2n1        102.40  44633.60    28.40  21.71    0.28   435.88  107.60  53148.80    12.80  10.63    0.31   493.95    0.00      0.00     0.00   0.00    0.00     0.00    0.00  35.12
nvme30n1       105.60  43696.80    25.60  19.51    0.26   413.80  109.60  54261.60    14.80  11.90    0.36   495.09    0.00      0.00     0.00   0.00    0.00     0.00    0.00  35.28
nvme31n1       101.20  44588.00    26.60  20.81    0.28   440.59  110.00  53939.20    12.80  10.42    0.32   490.36    0.00      0.00     0.00   0.00    0.00     0.00    0.00  35.36
nvme3n1        102.20  45457.60    25.20  19.78    0.27   444.79  109.00  54183.20    13.40  10.95    0.32   497.09    0.00      0.00     0.00   0.00    0.00     0.00    0.00  35.68
nvme4n1        100.40  44236.00    29.20  22.53    0.27   440.60  107.20  54001.60    13.80  11.40    0.31   503.75    0.00      0.00     0.00   0.00    0.00     0.00    0.00  36.08
nvme5n1        100.00  44842.40    24.00  19.35    0.27   448.42  107.60  53483.20    15.40  12.52    0.31   497.06    0.00      0.00     0.00   0.00    0.00     0.00    0.00  35.60
nvme6n1        101.40  44491.20    29.60  22.60    0.28   438.77  108.60  53680.80    15.00  12.14    0.31   494.30    0.00      0.00     0.00   0.00    0.00     0.00    0.00  34.08
nvme7n1        100.00  44643.20    24.40  19.61    0.26   446.43  107.60  54250.40    13.20  10.93    0.32   504.19    0.00      0.00     0.00   0.00    0.00     0.00    0.00  35.44
nvme8n1        105.20  45821.60    30.80  22.65    0.28   435.57  112.20  55329.60    16.00  12.48    0.33   493.13    0.00      0.00     0.00   0.00    0.00     0.00    0.00  35.84
nvme9n1        103.00  46090.40    25.00  19.53    0.27   447.48  112.20  55740.80    13.60  10.81    0.31   496.80    0.00      0.00     0.00   0.00    0.00     0.00    0.00  36.56


Device            r/s     rkB/s   rrqm/s  %rrqm r_await rareq-sz     w/s     wkB/s   wrqm/s  %wrqm w_await wareq-sz     d/s     dkB/s   drqm/s  %drqm d_await dareq-sz  aqu-sz  %util
dm-0           376.80   4660.80     0.00   0.00    0.16    12.37    8.80     35.20     0.00   0.00    0.09     4.00    0.00      0.00     0.00   0.00    0.00     0.00    0.06   3.52
loop0            0.00      0.00     0.00   0.00    0.00     0.00    0.00      0.00     0.00   0.00    0.00     0.00    0.00      0.00     0.00   0.00    0.00     0.00    0.00   0.00
loop1            0.00      0.00     0.00   0.00    0.00     0.00    0.00      0.00     0.00   0.00    0.00     0.00    0.00      0.00     0.00   0.00    0.00     0.00    0.00   0.00
loop2            0.00      0.00     0.00   0.00    0.00     0.00    0.00      0.00     0.00   0.00    0.00     0.00    0.00      0.00     0.00   0.00    0.00     0.00    0.00   0.00
loop3            0.00      0.00     0.00   0.00    0.00     0.00    0.00      0.00     0.00   0.00    0.00     0.00    0.00      0.00     0.00   0.00    0.00     0.00    0.00   0.00
loop4            0.00      0.00     0.00   0.00    0.00     0.00    0.00      0.00     0.00   0.00    0.00     0.00    0.00      0.00     0.00   0.00    0.00     0.00    0.00   0.00
loop5            0.00      0.00     0.00   0.00    0.00     0.00    0.00      0.00     0.00   0.00    0.00     0.00    0.00      0.00     0.00   0.00    0.00     0.00    0.00   0.00
loop6            0.00      0.00     0.00   0.00    0.00     0.00    0.00      0.00     0.00   0.00    0.00     0.00    0.00      0.00     0.00   0.00    0.00     0.00    0.00   0.00
loop7            0.00      0.00     0.00   0.00    0.00     0.00    0.00      0.00     0.00   0.00    0.00     0.00    0.00      0.00     0.00   0.00    0.00     0.00    0.00   0.00
md0           3949.00 1788365.60     0.00   0.00    0.00   452.87 2339.00 1235853.60     0.00   0.00    0.00   528.37    0.00      0.00     0.00   0.00    0.00     0.00    0.00   0.00
nvme0n1        196.60   4660.80   180.20  47.82    0.10    23.71    3.60     35.20     5.20  59.09    0.06     9.78    0.00      0.00     0.00   0.00    0.00     0.00    0.00   3.52
nvme10n1       104.20  44416.00    26.40  20.21    0.30   426.26   70.00  38139.20     0.00   0.00    0.41   544.85    0.00      0.00     0.00   0.00    0.00     0.00    0.00  24.08
nvme11n1       104.80  44542.40    22.40  17.61    0.30   425.02   70.60  38798.40     0.00   0.00    0.43   549.55    0.00      0.00     0.00   0.00    0.00     0.00    0.00  23.92
nvme12n1       104.00  44305.60    26.20  20.12    0.30   426.02   72.20  39697.60     0.00   0.00    0.40   549.83    0.00      0.00     0.00   0.00    0.00     0.00    0.00  23.84
nvme13n1       102.00  43583.20    23.40  18.66    0.31   427.29   71.60  39491.20     0.00   0.00    0.43   551.55    0.00      0.00     0.00   0.00    0.00     0.00    0.00  23.36
nvme14n1       101.00  42746.40    23.80  19.07    0.31   423.23   72.00  39418.40     0.00   0.00    0.42   547.48    0.00      0.00     0.00   0.00    0.00     0.00    0.00  23.04
nvme15n1       102.00  43579.20    23.80  18.92    0.29   427.25   74.60  39814.40     0.40   0.53    0.36   533.71    0.00      0.00     0.00   0.00    0.00     0.00    0.00  23.92
nvme16n1       101.20  43381.60    23.40  18.78    0.30   428.67   72.60  39887.20     0.00   0.00    0.42   549.41    0.00      0.00     0.00   0.00    0.00     0.00    0.00  23.20
nvme17n1       103.80  43775.20    23.00  18.14    0.30   421.73   87.80  39764.00     0.40   0.45    0.33   452.89    0.00      0.00     0.00   0.00    0.00     0.00    0.00  25.04
nvme18n1       101.60  43290.40    22.60  18.20    0.31   426.09   82.40  40624.00     0.40   0.48    0.38   493.01    0.00      0.00     0.00   0.00    0.00     0.00    0.00  23.84
nvme19n1       104.60  44467.20    24.20  18.79    0.32   425.12   74.80  40785.60     0.00   0.00    0.43   545.26    0.00      0.00     0.00   0.00    0.00     0.00    0.00  23.44
nvme1n1        107.00  44192.00    21.20  16.54    0.28   413.01   74.20  40608.00     0.00   0.00    0.45   547.28    0.00      0.00     0.00   0.00    0.00     0.00    0.00  24.96
nvme20n1       105.00  44388.00    23.20  18.10    0.29   422.74   74.00  40395.20     0.00   0.00    0.39   545.88    0.00      0.00     0.00   0.00    0.00     0.00    0.00  23.44
nvme21n1       106.60  45133.60    24.00  18.38    0.28   423.39   73.40  40366.40     0.00   0.00    0.42   549.95    0.00      0.00     0.00   0.00    0.00     0.00    0.00  23.76
nvme22n1       103.40  44720.00    25.20  19.60    0.30   432.50   78.20  40422.40     0.00   0.00    0.37   516.91    0.00      0.00     0.00   0.00    0.00     0.00    0.00  24.08
nvme23n1       103.60  44292.80    24.20  18.94    0.30   427.54   74.00  40678.40     0.00   0.00    0.40   549.71    0.00      0.00     0.00   0.00    0.00     0.00    0.00  24.72
nvme24n1       108.60  45298.40    24.20  18.22    0.27   417.11   92.80  40523.20     0.00   0.00    0.32   436.67    0.00      0.00     0.00   0.00    0.00     0.00    0.00  27.20
nvme25n1       103.00  43684.80    24.00  18.90    0.28   424.12   71.80  39440.80     0.00   0.00    0.39   549.31    0.00      0.00     0.00   0.00    0.00     0.00    0.00  24.40
nvme26n1       106.80  43822.40    22.40  17.34    0.28   410.32   76.00  39560.00     0.00   0.00    0.41   520.53    0.00      0.00     0.00   0.00    0.00     0.00    0.00  25.36
nvme27n1       104.40  44751.20    24.00  18.69    0.28   428.65   73.80  39786.40     0.00   0.00    0.38   539.11    0.00      0.00     0.00   0.00    0.00     0.00    0.00  24.88
nvme28n1       107.00  44219.20    22.80  17.57    0.28   413.26   72.60  39548.00     0.00   0.00    0.38   544.74    0.00      0.00     0.00   0.00    0.00     0.00    0.00  24.88
nvme29n1       102.40  44287.20    25.40  19.87    0.29   432.49   73.80  40360.80     0.00   0.00    0.40   546.89    0.00      0.00     0.00   0.00    0.00     0.00    0.00  24.64
nvme2n1        101.20  43764.00    26.20  20.57    0.30   432.45   73.60  40336.80     0.00   0.00    0.40   548.05    0.00      0.00     0.00   0.00    0.00     0.00    0.00  24.32
nvme30n1       108.20  44011.20    23.00  17.53    0.29   406.76   73.40  39881.60     0.00   0.00    0.46   543.35    0.00      0.00     0.00   0.00    0.00     0.00    0.00  23.60
nvme31n1       102.80  44084.80    26.00  20.19    0.28   428.84   74.60  40655.20     0.00   0.00    0.42   544.98    0.00      0.00     0.00   0.00    0.00     0.00    0.00  24.96
nvme3n1        104.20  43562.40    20.80  16.64    0.27   418.07   73.20  39626.40     0.00   0.00    0.38   541.34    0.00      0.00     0.00   0.00    0.00     0.00    0.00  24.80
nvme4n1         99.20  42901.60    25.20  20.26    0.28   432.48   72.00  39418.40     0.00   0.00    0.42   547.48    0.00      0.00     0.00   0.00    0.00     0.00    0.00  24.00
nvme5n1        101.00  42479.20    20.60  16.94    0.28   420.59   72.60  39581.60     0.00   0.00    0.37   545.20    0.00      0.00     0.00   0.00    0.00     0.00    0.00  23.28
nvme6n1        100.60  43097.60    26.00  20.54    0.29   428.41   72.40  39828.00     0.00   0.00    0.39   550.11    0.00      0.00     0.00   0.00    0.00     0.00    0.00  24.56
nvme7n1        101.80  43600.80    21.20  17.24    0.28   428.30   73.20  40046.40     0.00   0.00    0.38   547.08    0.00      0.00     0.00   0.00    0.00     0.00    0.00  24.16
nvme8n1        101.60  43581.60    26.80  20.87    0.30   428.95   71.40  39275.20     0.00   0.00    0.43   550.07    0.00      0.00     0.00   0.00    0.00     0.00    0.00  23.84
nvme9n1        104.40  44420.00    21.20  16.88    0.30   425.48   72.00  38889.60     0.00   0.00    0.41   540.13    0.00      0.00     0.00   0.00    0.00     0.00    0.00  23.92


Device            r/s     rkB/s   rrqm/s  %rrqm r_await rareq-sz     w/s     wkB/s   wrqm/s  %wrqm w_await wareq-sz     d/s     dkB/s   drqm/s  %drqm d_await dareq-sz  aqu-sz  %util
dm-0           984.00   9175.20     0.00   0.00    0.12     9.32    5.00     28.80     0.00   0.00    0.00     5.76    0.00      0.00     0.00   0.00    0.00     0.00    0.12   5.12
loop0            0.00      0.00     0.00   0.00    0.00     0.00    0.00      0.00     0.00   0.00    0.00     0.00    0.00      0.00     0.00   0.00    0.00     0.00    0.00   0.00
loop1            0.00      0.00     0.00   0.00    0.00     0.00    0.00      0.00     0.00   0.00    0.00     0.00    0.00      0.00     0.00   0.00    0.00     0.00    0.00   0.00
loop2            0.00      0.00     0.00   0.00    0.00     0.00    0.00      0.00     0.00   0.00    0.00     0.00    0.00      0.00     0.00   0.00    0.00     0.00    0.00   0.00
loop3            0.00      0.00     0.00   0.00    0.00     0.00    0.00      0.00     0.00   0.00    0.00     0.00    0.00      0.00     0.00   0.00    0.00     0.00    0.00   0.00
loop4            0.00      0.00     0.00   0.00    0.00     0.00    0.00      0.00     0.00   0.00    0.00     0.00    0.00      0.00     0.00   0.00    0.00     0.00    0.00   0.00
loop5            0.00      0.00     0.00   0.00    0.00     0.00    0.00      0.00     0.00   0.00    0.00     0.00    0.00      0.00     0.00   0.00    0.00     0.00    0.00   0.00
loop6            0.00      0.00     0.00   0.00    0.00     0.00    0.00      0.00     0.00   0.00    0.00     0.00    0.00      0.00     0.00   0.00    0.00     0.00    0.00   0.00
loop7            0.00      0.00     0.00   0.00    0.00     0.00    0.00      0.00     0.00   0.00    0.00     0.00    0.00      0.00     0.00   0.00    0.00     0.00    0.00   0.00
md0           9169.00 3826076.80     0.00   0.00    0.00   417.28 6809.80 3592770.40     0.00   0.00    0.00   527.59    0.00      0.00     0.00   0.00    0.00     0.00    0.00   0.00
nvme0n1        593.00   9175.20   391.00  39.74    0.09    15.47    0.80     28.80     4.20  84.00    0.00    36.00    0.00      0.00     0.00   0.00    0.00     0.00    0.00   5.12
nvme10n1       240.20 107042.40    63.00  20.78    0.32   445.64  201.00 115069.60     8.80   4.19    0.40   572.49    0.00      0.00     0.00   0.00    0.00     0.00    0.00  53.44
nvme11n1       239.20 107059.20    62.40  20.69    0.32   447.57  204.40 114824.00     9.20   4.31    0.41   561.76    0.00      0.00     0.00   0.00    0.00     0.00    0.00  51.92
nvme12n1       238.20 107154.40    60.40  20.23    0.33   449.85  200.00 115736.00     8.40   4.03    0.39   578.68    0.00      0.00     0.00   0.00    0.00     0.00    0.00  52.64
nvme13n1       235.00 106610.40    63.00  21.14    0.33   453.66  202.40 115666.40     6.80   3.25    0.42   571.47    0.00      0.00     0.00   0.00    0.00     0.00    0.00  52.32
nvme14n1       236.40 105953.60    62.00  20.78    0.32   448.20  201.20 116353.60     9.40   4.46    0.42   578.30    0.00      0.00     0.00   0.00    0.00     0.00    0.00  52.72
nvme15n1       234.80 105380.00    61.40  20.73    0.32   448.81  227.60 116424.00    10.60   4.45    0.35   511.53    0.00      0.00     0.00   0.00    0.00     0.00    0.00  57.68
nvme16n1       231.60 103626.40    57.40  19.86    0.33   447.44  202.80 114224.00     7.80   3.70    0.42   563.23    0.00      0.00     0.00   0.00    0.00     0.00    0.00  52.08
nvme17n1       236.20 104284.80    61.80  20.74    0.32   441.51  277.20 113694.40    19.60   6.60    0.28   410.15    0.00      0.00     0.00   0.00    0.00     0.00    0.00  55.52
nvme18n1       230.60 103452.80    57.20  19.87    0.33   448.62  252.60 111606.40    16.60   6.17    0.33   441.83    0.00      0.00     0.00   0.00    0.00     0.00    0.00  52.80
nvme19n1       232.00 103540.80    62.20  21.14    0.32   446.30  197.80 110870.40     5.00   2.47    0.39   560.52    0.00      0.00     0.00   0.00    0.00     0.00    0.00  51.28
nvme1n1        241.00 108404.80    63.00  20.72    0.32   449.81  195.00 111719.20     9.20   4.51    0.43   572.92    0.00      0.00     0.00   0.00    0.00     0.00    0.00  51.84
nvme20n1       229.40 104354.40    59.40  20.57    0.32   454.90  195.40 112112.00     9.20   4.50    0.40   573.76    0.00      0.00     0.00   0.00    0.00     0.00    0.00  50.80
nvme21n1       225.40 101829.60    61.60  21.46    0.31   451.77  193.40 110184.00     5.00   2.52    0.41   569.72    0.00      0.00     0.00   0.00    0.00     0.00    0.00  51.60
nvme22n1       225.20 102169.60    58.00  20.48    0.33   453.68  235.40 110880.80    11.80   4.77    0.33   471.03    0.00      0.00     0.00   0.00    0.00     0.00    0.00  56.96
nvme23n1       227.00 101992.00    60.00  20.91    0.32   449.30  190.40 109754.40     5.80   2.96    0.40   576.44    0.00      0.00     0.00   0.00    0.00     0.00    0.00  50.48
nvme24n1       222.20 101316.80    56.40  20.24    0.31   455.97  254.80 108220.80    38.00  12.98    0.30   424.73    0.00      0.00     0.00   0.00    0.00     0.00    0.00  53.84
nvme25n1       226.80 103622.40    60.00  20.92    0.32   456.89  189.40 108808.00     6.40   3.27    0.39   574.49    0.00      0.00     0.00   0.00    0.00     0.00    0.00  50.40
nvme26n1       225.80 102418.40    57.40  20.27    0.31   453.58  199.40 109573.60    10.20   4.87    0.37   549.52    0.00      0.00     0.00   0.00    0.00     0.00    0.00  51.44
nvme27n1       225.60 101786.40    59.40  20.84    0.31   451.18  191.00 109736.00     6.40   3.24    0.38   574.53    0.00      0.00     0.00   0.00    0.00     0.00    0.00  52.56
nvme28n1       228.20 103878.40    56.60  19.87    0.30   455.21  192.80 110802.40     9.00   4.46    0.37   574.70    0.00      0.00     0.00   0.00    0.00     0.00    0.00  50.88
nvme29n1       232.60 105568.00    61.40  20.88    0.32   453.86  192.80 111978.40     7.00   3.50    0.37   580.80    0.00      0.00     0.00   0.00    0.00     0.00    0.00  50.96
nvme2n1        238.60 107874.40    61.80  20.57    0.33   452.11  194.80 111963.20     8.80   4.32    0.40   574.76    0.00      0.00     0.00   0.00    0.00     0.00    0.00  51.68
nvme30n1       233.40 105970.40    60.40  20.56    0.32   454.03  193.00 110248.00    11.80   5.76    0.46   571.23    0.00      0.00     0.00   0.00    0.00     0.00    0.00  50.24
nvme31n1       238.80 109328.00    62.00  20.61    0.32   457.82  189.80 110528.80     8.20   4.14    0.40   582.34    0.00      0.00     0.00   0.00    0.00     0.00    0.00  51.68
nvme3n1        238.60 108824.80    62.80  20.84    0.31   456.10  198.60 114133.60     8.20   3.97    0.39   574.69    0.00      0.00     0.00   0.00    0.00     0.00    0.00  51.20
nvme4n1        242.80 110107.20    61.40  20.18    0.32   453.49  197.80 114021.60     7.40   3.61    0.40   576.45    0.00      0.00     0.00   0.00    0.00     0.00    0.00  51.84
nvme5n1        247.60 112221.60    63.60  20.44    0.32   453.24  199.20 112905.60     9.40   4.51    0.39   566.80    0.00      0.00     0.00   0.00    0.00     0.00    0.00  50.56
nvme6n1        246.40 111840.00    61.80  20.05    0.34   453.90  200.00 114359.20     8.80   4.21    0.41   571.80    0.00      0.00     0.00   0.00    0.00     0.00    0.00  51.92
nvme7n1        244.80 109885.60    64.20  20.78    0.31   448.88  200.00 115240.80     9.80   4.67    0.40   576.20    0.00      0.00     0.00   0.00    0.00     0.00    0.00  50.72
nvme8n1        244.40 109084.80    63.80  20.70    0.34   446.34  201.20 115581.60     8.20   3.92    0.44   574.46    0.00      0.00     0.00   0.00    0.00     0.00    0.00  52.00
nvme9n1        241.20 107466.40    64.00  20.97    0.31   445.55  199.80 115312.80     9.20   4.40    0.40   577.14    0.00      0.00     0.00   0.00    0.00     0.00    0.00  52.24


Device            r/s     rkB/s   rrqm/s  %rrqm r_await rareq-sz     w/s     wkB/s   wrqm/s  %wrqm w_await wareq-sz     d/s     dkB/s   drqm/s  %drqm d_await dareq-sz  aqu-sz  %util
dm-0             0.00      0.00     0.00   0.00    0.00     0.00    0.00      0.00     0.00   0.00    0.00     0.00    0.00      0.00     0.00   0.00    0.00     0.00    0.00   0.00
loop0            0.00      0.00     0.00   0.00    0.00     0.00    0.00      0.00     0.00   0.00    0.00     0.00    0.00      0.00     0.00   0.00    0.00     0.00    0.00   0.00
loop1            0.00      0.00     0.00   0.00    0.00     0.00    0.00      0.00     0.00   0.00    0.00     0.00    0.00      0.00     0.00   0.00    0.00     0.00    0.00   0.00
loop2            0.00      0.00     0.00   0.00    0.00     0.00    0.00      0.00     0.00   0.00    0.00     0.00    0.00      0.00     0.00   0.00    0.00     0.00    0.00   0.00
loop3            0.00      0.00     0.00   0.00    0.00     0.00    0.00      0.00     0.00   0.00    0.00     0.00    0.00      0.00     0.00   0.00    0.00     0.00    0.00   0.00
loop4            0.00      0.00     0.00   0.00    0.00     0.00    0.00      0.00     0.00   0.00    0.00     0.00    0.00      0.00     0.00   0.00    0.00     0.00    0.00   0.00
loop5            0.00      0.00     0.00   0.00    0.00     0.00    0.00      0.00     0.00   0.00    0.00     0.00    0.00      0.00     0.00   0.00    0.00     0.00    0.00   0.00
loop6            0.00      0.00     0.00   0.00    0.00     0.00    0.00      0.00     0.00   0.00    0.00     0.00    0.00      0.00     0.00   0.00    0.00     0.00    0.00   0.00
loop7            0.00      0.00     0.00   0.00    0.00     0.00    0.00      0.00     0.00   0.00    0.00     0.00    0.00      0.00     0.00   0.00    0.00     0.00    0.00   0.00
md0           1837.80 782472.00     0.00   0.00    0.00   425.77 1658.20 1003586.40     0.00   0.00    0.00   605.23    0.00      0.00     0.00   0.00    0.00     0.00    0.00   0.00
nvme0n1          0.00      0.00     0.00   0.00    0.00     0.00    0.00      0.00     0.00   0.00    0.00     0.00    0.00      0.00     0.00   0.00    0.00     0.00    0.00   0.00
nvme10n1        46.20  21364.80    11.80  20.34    0.25   462.44   46.60  28656.80     2.80   5.67    0.29   614.95    0.00      0.00     0.00   0.00    0.00     0.00    0.00  22.96
nvme11n1        46.40  21114.40    12.20  20.82    0.26   455.05   47.00  28956.00     3.00   6.00    0.31   616.09    0.00      0.00     0.00   0.00    0.00     0.00    0.00  24.00
nvme12n1        44.40  20711.20    10.60  19.27    0.27   466.47   45.80  28753.60     3.00   6.15    0.30   627.81    0.00      0.00     0.00   0.00    0.00     0.00    0.00  22.72
nvme13n1        46.40  20764.80    12.80  21.62    0.25   447.52   47.20  28744.80     3.00   5.98    0.31   609.00    0.00      0.00     0.00   0.00    0.00     0.00    0.00  23.20
nvme14n1        44.00  20407.20    10.20  18.82    0.26   463.80   48.20  29036.00     3.00   5.86    0.32   602.41    0.00      0.00     0.00   0.00    0.00     0.00    0.00  22.80
nvme15n1        45.60  21060.80    11.20  19.72    0.25   461.86   58.60  28968.00     3.40   5.48    0.25   494.33    0.00      0.00     0.00   0.00    0.00     0.00    0.00  26.16
nvme16n1        45.40  20556.00    10.20  18.35    0.26   452.78   47.00  28783.20     3.20   6.37    0.31   612.41    0.00      0.00     0.00   0.00    0.00     0.00    0.00  22.88
nvme17n1        45.80  20800.80    11.40  19.93    0.24   454.17   63.40  29352.00     4.00   5.93    0.22   462.97    0.00      0.00     0.00   0.00    0.00     0.00    0.00  26.88
nvme18n1        47.20  21602.40    10.60  18.34    0.25   457.68   58.40  29721.60     4.40   7.01    0.25   508.93    0.00      0.00     0.00   0.00    0.00     0.00    0.00  25.84
nvme19n1        45.60  21269.60    11.60  20.28    0.25   466.44   47.20  28790.40     3.60   7.09    0.29   609.97    0.00      0.00     0.00   0.00    0.00     0.00    0.00  22.72
nvme1n1         46.00  21954.40    14.60  24.09    0.25   477.27   46.40  29280.00     3.40   6.83    0.31   631.03    0.00      0.00     0.00   0.00    0.00     0.00    0.00  24.40
nvme20n1        47.80  21584.00    12.60  20.86    0.25   451.55   48.00  28831.20     3.60   6.98    0.29   600.65    0.00      0.00     0.00   0.00    0.00     0.00    0.00  24.08
nvme21n1        48.80  22304.80    11.40  18.94    0.25   457.07   47.40  28924.00     3.80   7.42    0.30   610.21    0.00      0.00     0.00   0.00    0.00     0.00    0.00  23.36
nvme22n1        49.00  22089.60    12.80  20.71    0.24   450.81   67.80  28787.20     3.80   5.31    0.21   424.59    0.00      0.00     0.00   0.00    0.00     0.00    0.00  29.84
nvme23n1        52.20  22951.20    10.40  16.61    0.25   439.68   47.80  28893.60     3.60   7.00    0.30   604.47    0.00      0.00     0.00   0.00    0.00     0.00    0.00  24.24
nvme24n1        48.00  22607.20    13.80  22.33    0.26   470.98   52.20  28755.20     3.40   6.12    0.26   550.87    0.00      0.00     0.00   0.00    0.00     0.00    0.00  25.84
nvme25n1        50.20  23158.40    10.20  16.89    0.25   461.32   46.40  29099.20     2.80   5.69    0.31   627.14    0.00      0.00     0.00   0.00    0.00     0.00    0.00  24.88
nvme26n1        49.20  23744.00    14.00  22.15    0.26   482.60   47.60  29502.40     3.00   5.93    0.31   619.80    0.00      0.00     0.00   0.00    0.00     0.00    0.00  24.56
nvme27n1        47.60  22588.80    11.00  18.77    0.25   474.55   46.40  29356.80     3.00   6.07    0.30   632.69    0.00      0.00     0.00   0.00    0.00     0.00    0.00  23.60
nvme28n1        49.40  22813.60    13.60  21.59    0.26   461.81   46.60  29109.60     2.80   5.67    0.30   624.67    0.00      0.00     0.00   0.00    0.00     0.00    0.00  24.16
nvme29n1        48.00  22756.00    12.80  21.05    0.26   474.08   46.20  29219.20     2.80   5.71    0.30   632.45    0.00      0.00     0.00   0.00    0.00     0.00    0.00  23.20
nvme2n1         45.60  21262.40    10.80  19.15    0.25   466.28   45.20  28958.40     3.20   6.61    0.31   640.67    0.00      0.00     0.00   0.00    0.00     0.00    0.00  23.44
nvme30n1        47.80  22197.60    14.20  22.90    0.26   464.38   46.60  29308.80     2.80   5.67    0.32   628.94    0.00      0.00     0.00   0.00    0.00     0.00    0.00  23.84
nvme31n1        47.40  22061.60    11.40  19.39    0.25   465.43   48.00  29716.80     3.20   6.25    0.30   619.10    0.00      0.00     0.00   0.00    0.00     0.00    0.00  23.76
nvme3n1         45.80  21373.60    14.60  24.17    0.24   466.67   46.60  28833.60     3.20   6.43    0.30   618.75    0.00      0.00     0.00   0.00    0.00     0.00    0.00  23.84
nvme4n1         47.80  21764.80    11.00  18.71    0.24   455.33   46.40  29320.00     3.20   6.45    0.29   631.90    0.00      0.00     0.00   0.00    0.00     0.00    0.00  23.52
nvme5n1         46.20  21731.20    13.40  22.48    0.25   470.37   46.60  29900.80     3.20   6.43    0.29   641.65    0.00      0.00     0.00   0.00    0.00     0.00    0.00  23.36
nvme6n1         46.40  21918.40    11.20  19.44    0.27   472.38   47.80  30264.80     3.20   6.27    0.29   633.15    0.00      0.00     0.00   0.00    0.00     0.00    0.00  24.08
nvme7n1         48.80  22708.80    12.40  20.26    0.25   465.34   49.20  30538.40     3.00   5.75    0.30   620.70    0.00      0.00     0.00   0.00    0.00     0.00    0.00  24.72
nvme8n1         48.00  22117.60    12.00  20.00    0.25   460.78   47.60  29800.00     3.00   5.93    0.29   626.05    0.00      0.00     0.00   0.00    0.00     0.00    0.00  23.92
nvme9n1         47.40  21428.80    12.40  20.74    0.24   452.08   46.80  28981.60     2.80   5.65    0.30   619.26    0.00      0.00     0.00   0.00    0.00     0.00    0.00  24.08


Device            r/s     rkB/s   rrqm/s  %rrqm r_await rareq-sz     w/s     wkB/s   wrqm/s  %wrqm w_await wareq-sz     d/s     dkB/s   drqm/s  %drqm d_await dareq-sz  aqu-sz  %util
dm-0             0.00      0.00     0.00   0.00    0.00     0.00    2.40     11.20     0.00   0.00    0.00     4.67    0.00      0.00     0.00   0.00    0.00     0.00    0.00   0.16
loop0            0.00      0.00     0.00   0.00    0.00     0.00    0.00      0.00     0.00   0.00    0.00     0.00    0.00      0.00     0.00   0.00    0.00     0.00    0.00   0.00
loop1            0.00      0.00     0.00   0.00    0.00     0.00    0.00      0.00     0.00   0.00    0.00     0.00    0.00      0.00     0.00   0.00    0.00     0.00    0.00   0.00
loop2            0.00      0.00     0.00   0.00    0.00     0.00    0.00      0.00     0.00   0.00    0.00     0.00    0.00      0.00     0.00   0.00    0.00     0.00    0.00   0.00
loop3            0.00      0.00     0.00   0.00    0.00     0.00    0.00      0.00     0.00   0.00    0.00     0.00    0.00      0.00     0.00   0.00    0.00     0.00    0.00   0.00
loop4            0.00      0.00     0.00   0.00    0.00     0.00    0.00      0.00     0.00   0.00    0.00     0.00    0.00      0.00     0.00   0.00    0.00     0.00    0.00   0.00
loop5            0.00      0.00     0.00   0.00    0.00     0.00    0.00      0.00     0.00   0.00    0.00     0.00    0.00      0.00     0.00   0.00    0.00     0.00    0.00   0.00
loop6            0.00      0.00     0.00   0.00    0.00     0.00    0.00      0.00     0.00   0.00    0.00     0.00    0.00      0.00     0.00   0.00    0.00     0.00    0.00   0.00
loop7            0.00      0.00     0.00   0.00    0.00     0.00    0.00      0.00     0.00   0.00    0.00     0.00    0.00      0.00     0.00   0.00    0.00     0.00    0.00   0.00
md0           10093.00 4391151.20     0.00   0.00    0.00   435.07 6794.20 3664320.00     0.00   0.00    0.00   539.33    0.00      0.00     0.00   0.00    0.00     0.00    0.00   0.00
nvme0n1          0.00      0.00     0.00   0.00    0.00     0.00    1.00     11.20     1.40  58.33    0.00    11.20    0.00      0.00     0.00   0.00    0.00     0.00    0.00   0.16
nvme10n1       258.40 120218.40    63.60  19.75    0.32   465.24  203.00 117893.60     6.20   2.96    0.42   580.76    0.00      0.00     0.00   0.00    0.00     0.00    0.00  45.12
nvme11n1       260.20 120700.80    64.60  19.89    0.35   463.88  206.40 118176.00     5.20   2.46    0.44   572.56    0.00      0.00     0.00   0.00    0.00     0.00    0.00  45.92
nvme12n1       262.20 120573.60    62.80  19.32    0.33   459.85  201.20 116435.20     5.20   2.52    0.39   578.70    0.00      0.00     0.00   0.00    0.00     0.00    0.00  44.88
nvme13n1       257.80 120233.60    66.00  20.38    0.33   466.38  198.40 115966.40     6.20   3.03    0.43   584.51    0.00      0.00     0.00   0.00    0.00     0.00    0.00  45.20
nvme14n1       262.00 119764.80    62.60  19.29    0.35   457.12  201.40 115952.80     6.00   2.89    0.42   575.73    0.00      0.00     0.00   0.00    0.00     0.00    0.00  45.92
nvme15n1       256.60 118647.20    65.00  20.21    0.33   462.38  210.00 118166.40     4.20   1.96    0.39   562.70    0.00      0.00     0.00   0.00    0.00     0.00    0.00  45.84
nvme16n1       257.40 117489.60    61.40  19.26    0.35   456.45  217.20 117084.00     9.40   4.15    0.40   539.06    0.00      0.00     0.00   0.00    0.00     0.00    0.00  45.76
nvme17n1       256.60 118474.40    64.20  20.01    0.34   461.71  269.40 117148.00    11.00   3.92    0.29   434.85    0.00      0.00     0.00   0.00    0.00     0.00    0.00  46.64
nvme18n1       255.60 117953.60    61.20  19.32    0.35   461.48  256.20 116780.80    13.80   5.11    0.35   455.82    0.00      0.00     0.00   0.00    0.00     0.00    0.00  46.88
nvme19n1       260.80 118545.60    64.40  19.80    0.33   454.55  204.00 117515.20     5.60   2.67    0.41   576.05    0.00      0.00     0.00   0.00    0.00     0.00    0.00  45.04
nvme1n1        264.40 120898.40    64.80  19.68    0.32   457.26  199.80 114323.20     2.20   1.09    0.43   572.19    0.00      0.00     0.00   0.00    0.00     0.00    0.00  46.56
nvme20n1       260.00 119432.80    61.40  19.10    0.34   459.36  204.60 116622.40     5.80   2.76    0.41   570.00    0.00      0.00     0.00   0.00    0.00     0.00    0.00  45.84
nvme21n1       261.00 119803.20    66.00  20.18    0.33   459.02  200.40 115544.00     4.00   1.96    0.41   576.57    0.00      0.00     0.00   0.00    0.00     0.00    0.00  46.08
nvme22n1       260.00 120200.80    60.00  18.75    0.32   462.31  226.00 114564.00     8.00   3.42    0.33   506.92    0.00      0.00     0.00   0.00    0.00     0.00    0.00  48.00
nvme23n1       262.40 120649.60    67.00  20.34    0.33   459.79  195.40 114692.80     5.60   2.79    0.38   586.96    0.00      0.00     0.00   0.00    0.00     0.00    0.00  46.32
nvme24n1       260.20 119406.40    61.40  19.09    0.32   458.90  268.40 114964.80    31.40  10.47    0.30   428.33    0.00      0.00     0.00   0.00    0.00     0.00    0.00  48.48
nvme25n1       261.20 118628.00    66.00  20.17    0.32   454.17  199.00 114079.20     6.60   3.21    0.38   573.26    0.00      0.00     0.00   0.00    0.00     0.00    0.00  45.12
nvme26n1       256.40 119976.00    63.20  19.77    0.34   467.93  206.00 113555.20     2.60   1.25    0.38   551.24    0.00      0.00     0.00   0.00    0.00     0.00    0.00  45.36
nvme27n1       263.00 121842.40    65.40  19.91    0.31   463.28  200.80 115481.60     6.80   3.28    0.37   575.11    0.00      0.00     0.00   0.00    0.00     0.00    0.00  45.20
nvme28n1       265.20 122473.60    62.60  19.10    0.31   461.82  199.20 114128.80     4.60   2.26    0.37   572.94    0.00      0.00     0.00   0.00    0.00     0.00    0.00  44.80
nvme29n1       264.40 121156.80    65.20  19.78    0.32   458.23  194.60 111552.00     7.20   3.57    0.36   573.24    0.00      0.00     0.00   0.00    0.00     0.00    0.00  46.00
nvme2n1        267.60 121954.40    62.80  19.01    0.34   455.73  201.40 113756.80     5.80   2.80    0.39   564.83    0.00      0.00     0.00   0.00    0.00     0.00    0.00  46.40
nvme30n1       266.00 121747.20    62.80  19.10    0.33   457.70  197.00 113346.40     3.20   1.60    0.44   575.36    0.00      0.00     0.00   0.00    0.00     0.00    0.00  46.16
nvme31n1       263.80 120920.80    66.40  20.11    0.33   458.38  197.40 112994.40     6.80   3.33    0.38   572.41    0.00      0.00     0.00   0.00    0.00     0.00    0.00  46.08
nvme3n1        258.60 120132.80    66.40  20.43    0.32   464.55  192.20 112392.80     1.80   0.93    0.40   584.77    0.00      0.00     0.00   0.00    0.00     0.00    0.00  46.88
nvme4n1        262.60 121844.00    63.20  19.40    0.33   463.99  199.40 115235.20     7.00   3.39    0.40   577.91    0.00      0.00     0.00   0.00    0.00     0.00    0.00  46.24
nvme5n1        263.60 122915.20    66.40  20.12    0.31   466.29  201.80 116559.20     2.20   1.08    0.39   577.60    0.00      0.00     0.00   0.00    0.00     0.00    0.00  46.80
nvme6n1        265.40 121610.40    63.20  19.23    0.35   458.22  201.60 116292.80     6.20   2.98    0.42   576.85    0.00      0.00     0.00   0.00    0.00     0.00    0.00  45.76
nvme7n1        269.00 122828.80    64.80  19.41    0.32   456.61  206.60 117554.40     3.00   1.43    0.38   569.00    0.00      0.00     0.00   0.00    0.00     0.00    0.00  46.40
nvme8n1        264.00 121591.20    65.40  19.85    0.35   460.57  205.40 118006.40     6.20   2.93    0.43   574.52    0.00      0.00     0.00   0.00    0.00     0.00    0.00  46.16
nvme9n1        261.20 118923.20    65.20  19.98    0.34   455.30  203.20 116174.40     5.00   2.40    0.40   571.72    0.00      0.00     0.00   0.00    0.00     0.00    0.00  45.92


Device            r/s     rkB/s   rrqm/s  %rrqm r_await rareq-sz     w/s     wkB/s   wrqm/s  %wrqm w_await wareq-sz     d/s     dkB/s   drqm/s  %drqm d_await dareq-sz  aqu-sz  %util
dm-0             0.00      0.00     0.00   0.00    0.00     0.00    7.20     30.40     0.00   0.00    0.00     4.22    0.00      0.00     0.00   0.00    0.00     0.00    0.00   0.16
loop0            0.00      0.00     0.00   0.00    0.00     0.00    0.00      0.00     0.00   0.00    0.00     0.00    0.00      0.00     0.00   0.00    0.00     0.00    0.00   0.00
loop1            0.00      0.00     0.00   0.00    0.00     0.00    0.00      0.00     0.00   0.00    0.00     0.00    0.00      0.00     0.00   0.00    0.00     0.00    0.00   0.00
loop2            0.00      0.00     0.00   0.00    0.00     0.00    0.00      0.00     0.00   0.00    0.00     0.00    0.00      0.00     0.00   0.00    0.00     0.00    0.00   0.00
loop3            0.00      0.00     0.00   0.00    0.00     0.00    0.00      0.00     0.00   0.00    0.00     0.00    0.00      0.00     0.00   0.00    0.00     0.00    0.00   0.00
loop4            0.00      0.00     0.00   0.00    0.00     0.00    0.00      0.00     0.00   0.00    0.00     0.00    0.00      0.00     0.00   0.00    0.00     0.00    0.00   0.00
loop5            0.00      0.00     0.00   0.00    0.00     0.00    0.00      0.00     0.00   0.00    0.00     0.00    0.00      0.00     0.00   0.00    0.00     0.00    0.00   0.00
loop6            0.00      0.00     0.00   0.00    0.00     0.00    0.00      0.00     0.00   0.00    0.00     0.00    0.00      0.00     0.00   0.00    0.00     0.00    0.00   0.00
loop7            0.00      0.00     0.00   0.00    0.00     0.00    0.00      0.00     0.00   0.00    0.00     0.00    0.00      0.00     0.00   0.00    0.00     0.00    0.00   0.00
md0           3714.80 1590785.60     0.00   0.00    0.00   428.23 3335.80 1884736.00     0.00   0.00    0.00   565.00    0.00      0.00     0.00   0.00    0.00     0.00    0.00   0.00
nvme0n1          0.00      0.00     0.00   0.00    0.00     0.00    6.00     30.40     1.20  16.67    0.03     5.07    0.00      0.00     0.00   0.00    0.00     0.00    0.00   0.16
nvme10n1       100.00  44605.60    20.80  17.22    0.25   446.06   98.00  55769.60     3.40   3.35    0.33   569.08    0.00      0.00     0.00   0.00    0.00     0.00    0.00  41.68
nvme11n1        96.40  44494.40    25.80  21.11    0.26   461.56   97.00  56451.20     3.40   3.39    0.35   581.97    0.00      0.00     0.00   0.00    0.00     0.00    0.00  42.16
nvme12n1        96.60  44146.40    20.40  17.44    0.26   457.00   97.80  55598.40     3.80   3.74    0.33   568.49    0.00      0.00     0.00   0.00    0.00     0.00    0.00  40.56
nvme13n1        98.00  45121.60    25.40  20.58    0.26   460.42   99.40  56456.80     3.80   3.68    0.34   567.98    0.00      0.00     0.00   0.00    0.00     0.00    0.00  42.40
nvme14n1        97.80  45022.40    20.80  17.54    0.26   460.35   98.60  55268.80     4.00   3.90    0.34   560.54    0.00      0.00     0.00   0.00    0.00     0.00    0.00  42.80
nvme15n1       100.20  45550.40    27.40  21.47    0.25   454.59   97.60  55386.40     3.60   3.56    0.32   567.48    0.00      0.00     0.00   0.00    0.00     0.00    0.00  42.88
nvme16n1       100.60  45519.20    21.80  17.81    0.26   452.48  115.80  55496.00     4.60   3.82    0.30   479.24    0.00      0.00     0.00   0.00    0.00     0.00    0.00  46.64
nvme17n1       100.00  44657.60    27.60  21.63    0.25   446.58  129.60  55854.40     4.40   3.28    0.24   430.98    0.00      0.00     0.00   0.00    0.00     0.00    0.00  45.76
nvme18n1        96.80  44076.00    21.60  18.24    0.26   455.33  121.40  55400.80     4.40   3.50    0.27   456.35    0.00      0.00     0.00   0.00    0.00     0.00    0.00  44.72
nvme19n1        98.40  45033.60    27.00  21.53    0.25   457.66   98.20  56457.60     3.40   3.35    0.32   574.92    0.00      0.00     0.00   0.00    0.00     0.00    0.00  43.36
nvme1n1         93.00  41564.00    23.20  19.97    0.25   446.92   94.80  55180.00     2.80   2.87    0.33   582.07    0.00      0.00     0.00   0.00    0.00     0.00    0.00  41.76
nvme20n1        98.60  44729.60    22.80  18.78    0.25   453.65  102.00  57373.60     3.80   3.59    0.31   562.49    0.00      0.00     0.00   0.00    0.00     0.00    0.00  44.16
nvme21n1        95.00  43670.40    26.40  21.75    0.25   459.69   99.60  57215.20     3.40   3.30    0.31   574.45    0.00      0.00     0.00   0.00    0.00     0.00    0.00  43.28
nvme22n1        96.20  44115.20    21.40  18.20    0.25   458.58  120.80  56848.80     3.40   2.74    0.25   470.60    0.00      0.00     0.00   0.00    0.00     0.00    0.00  47.52
nvme23n1        98.00  44430.40    24.80  20.20    0.25   453.37  101.20  57229.60     3.40   3.25    0.31   565.51    0.00      0.00     0.00   0.00    0.00     0.00    0.00  44.00
nvme24n1       100.20  45469.60    22.40  18.27    0.26   453.79  129.80  57294.40     3.60   2.70    0.25   441.41    0.00      0.00     0.00   0.00    0.00     0.00    0.00  49.20
nvme25n1        99.00  45449.60    25.60  20.55    0.25   459.09  100.00  56313.60     3.60   3.47    0.30   563.14    0.00      0.00     0.00   0.00    0.00     0.00    0.00  43.04
nvme26n1        98.40  45109.60    23.60  19.34    0.26   458.43  103.40  55961.60     3.40   3.18    0.32   541.21    0.00      0.00     0.00   0.00    0.00     0.00    0.00  42.96
nvme27n1        98.00  44744.80    22.80  18.87    0.25   456.58   97.60  55909.60     3.00   2.98    0.31   572.84    0.00      0.00     0.00   0.00    0.00     0.00    0.00  42.08
nvme28n1        97.40  44508.80    24.20  19.90    0.25   456.97   97.00  56039.20     3.00   3.00    0.32   577.72    0.00      0.00     0.00   0.00    0.00     0.00    0.00  41.60
nvme29n1        94.60  43268.80    21.60  18.59    0.26   457.39   97.40  56492.00     3.00   2.99    0.31   580.00    0.00      0.00     0.00   0.00    0.00     0.00    0.00  41.52
nvme2n1         91.80  41439.20    21.40  18.90    0.27   451.41   95.40  55224.80     2.80   2.85    0.32   578.88    0.00      0.00     0.00   0.00    0.00     0.00    0.00  41.12
nvme30n1        94.00  42893.60    24.20  20.47    0.25   456.31   96.80  56470.40     3.00   3.01    0.37   583.37    0.00      0.00     0.00   0.00    0.00     0.00    0.00  41.68
nvme31n1        93.60  41962.40    20.60  18.04    0.26   448.32   98.80  56480.80     2.80   2.76    0.32   571.67    0.00      0.00     0.00   0.00    0.00     0.00    0.00  41.68
nvme3n1         91.20  40992.80    22.20  19.58    0.25   449.48   95.00  54945.60     3.00   3.06    0.31   578.37    0.00      0.00     0.00   0.00    0.00     0.00    0.00  41.44
nvme4n1         94.00  42762.40    20.40  17.83    0.25   454.92   96.60  55716.80     3.20   3.21    0.33   576.78    0.00      0.00     0.00   0.00    0.00     0.00    0.00  41.20
nvme5n1         94.20  43194.40    23.20  19.76    0.25   458.54   97.40  55710.40     3.20   3.18    0.32   571.98    0.00      0.00     0.00   0.00    0.00     0.00    0.00  42.00
nvme6n1         91.60  42932.80    21.60  19.08    0.26   468.70   95.20  55956.80     3.20   3.25    0.34   587.78    0.00      0.00     0.00   0.00    0.00     0.00    0.00  41.44
nvme7n1         95.00  43060.00    23.00  19.49    0.25   453.26   97.00  55872.80     3.40   3.39    0.33   576.01    0.00      0.00     0.00   0.00    0.00     0.00    0.00  40.80
nvme8n1         96.80  44588.80    21.20  17.97    0.26   460.63   94.80  55529.60     3.20   3.27    0.36   585.76    0.00      0.00     0.00   0.00    0.00     0.00    0.00  40.80
nvme9n1         99.60  45640.00    24.60  19.81    0.26   458.23   98.00  56192.00     3.40   3.35    0.33   573.39    0.00      0.00     0.00   0.00    0.00     0.00    0.00  42.08


Device            r/s     rkB/s   rrqm/s  %rrqm r_await rareq-sz     w/s     wkB/s   wrqm/s  %wrqm w_await wareq-sz     d/s     dkB/s   drqm/s  %drqm d_await dareq-sz  aqu-sz  %util
dm-0             0.40      1.60     0.00   0.00    0.00     4.00    2.00      8.00     0.00   0.00    0.00     4.00    0.00      0.00     0.00   0.00    0.00     0.00    0.00   0.24
loop0            0.00      0.00     0.00   0.00    0.00     0.00    0.00      0.00     0.00   0.00    0.00     0.00    0.00      0.00     0.00   0.00    0.00     0.00    0.00   0.00
loop1            0.00      0.00     0.00   0.00    0.00     0.00    0.00      0.00     0.00   0.00    0.00     0.00    0.00      0.00     0.00   0.00    0.00     0.00    0.00   0.00
loop2            0.00      0.00     0.00   0.00    0.00     0.00    0.00      0.00     0.00   0.00    0.00     0.00    0.00      0.00     0.00   0.00    0.00     0.00    0.00   0.00
loop3            0.00      0.00     0.00   0.00    0.00     0.00    0.00      0.00     0.00   0.00    0.00     0.00    0.00      0.00     0.00   0.00    0.00     0.00    0.00   0.00
loop4            0.00      0.00     0.00   0.00    0.00     0.00    0.00      0.00     0.00   0.00    0.00     0.00    0.00      0.00     0.00   0.00    0.00     0.00    0.00   0.00
loop5            0.00      0.00     0.00   0.00    0.00     0.00    0.00      0.00     0.00   0.00    0.00     0.00    0.00      0.00     0.00   0.00    0.00     0.00    0.00   0.00
loop6            0.00      0.00     0.00   0.00    0.00     0.00    0.00      0.00     0.00   0.00    0.00     0.00    0.00      0.00     0.00   0.00    0.00     0.00    0.00   0.00
loop7            0.00      0.00     0.00   0.00    0.00     0.00    0.00      0.00     0.00   0.00    0.00     0.00    0.00      0.00     0.00   0.00    0.00     0.00    0.00   0.00
md0           7782.60 3487723.20     0.00   0.00    0.00   448.14 5344.60 3222285.60     0.00   0.00    0.00   602.90    0.00      0.00     0.00   0.00    0.00     0.00    0.00   0.00
nvme0n1          0.40      1.60     0.00   0.00    0.00     4.00    0.60      8.00     1.40  70.00    0.00    13.33    0.00      0.00     0.00   0.00    0.00     0.00    0.00   0.24
nvme10n1       213.40  97336.80    49.80  18.92    0.28   456.12  160.60  99962.40     9.20   5.42    0.35   622.43    0.00      0.00     0.00   0.00    0.00     0.00    0.00  53.28
nvme11n1       205.80  95672.80    48.20  18.98    0.29   464.88  155.80  99428.00     6.00   3.71    0.39   638.18    0.00      0.00     0.00   0.00    0.00     0.00    0.00  50.56
nvme12n1       208.00  94068.00    48.00  18.75    0.29   452.25  159.40  99695.20     6.80   4.09    0.35   625.44    0.00      0.00     0.00   0.00    0.00     0.00    0.00  53.28
nvme13n1       200.20  92713.60    46.00  18.68    0.29   463.10  158.40 100371.20     7.40   4.46    0.39   633.66    0.00      0.00     0.00   0.00    0.00     0.00    0.00  51.12
nvme14n1       200.00  90208.00    48.00  19.35    0.30   451.04  159.40 101218.40     9.00   5.34    0.37   635.00    0.00      0.00     0.00   0.00    0.00     0.00    0.00  52.32
nvme15n1       195.00  89836.80    44.60  18.61    0.29   460.70  156.00 100053.60     5.00   3.11    0.34   641.37    0.00      0.00     0.00   0.00    0.00     0.00    0.00  52.32
nvme16n1       192.20  89424.00    50.80  20.91    0.29   465.27  173.40  99768.00     9.60   5.25    0.34   575.36    0.00      0.00     0.00   0.00    0.00     0.00    0.00  55.76
nvme17n1       195.60  89859.20    43.20  18.09    0.29   459.40  205.60  98836.80    14.60   6.63    0.26   480.72    0.00      0.00     0.00   0.00    0.00     0.00    0.00  52.48
nvme18n1       193.20  88836.80    47.40  19.70    0.30   459.82  192.20  99990.40    17.00   8.13    0.32   520.24    0.00      0.00     0.00   0.00    0.00     0.00    0.00  53.84
nvme19n1       197.60  90848.00    43.40  18.01    0.28   459.76  157.60  99108.80     7.00   4.25    0.36   628.86    0.00      0.00     0.00   0.00    0.00     0.00    0.00  53.20
nvme1n1        203.20  93372.80    46.20  18.52    0.28   459.51  155.40  95636.80     3.40   2.14    0.38   615.42    0.00      0.00     0.00   0.00    0.00     0.00    0.00  51.92
nvme20n1       204.20  93395.20    50.00  19.67    0.28   457.37  156.00  97799.20     7.40   4.53    0.36   626.92    0.00      0.00     0.00   0.00    0.00     0.00    0.00  52.80
nvme21n1       203.80  93064.00    44.20  17.82    0.28   456.64  152.20  95650.40     6.40   4.04    0.38   628.45    0.00      0.00     0.00   0.00    0.00     0.00    0.00  52.32
nvme22n1       202.80  93328.00    47.00  18.82    0.29   460.20  174.20  96082.40     8.60   4.70    0.31   551.56    0.00      0.00     0.00   0.00    0.00     0.00    0.00  55.36
nvme23n1       208.40  94300.80    46.20  18.15    0.28   452.50  155.20  97154.40     6.40   3.96    0.36   625.99    0.00      0.00     0.00   0.00    0.00     0.00    0.00  52.48
nvme24n1       205.60  94168.00    50.80  19.81    0.28   458.02  198.40  96837.60    40.20  16.85    0.28   488.09    0.00      0.00     0.00   0.00    0.00     0.00    0.00  56.16
nvme25n1       205.40  94004.00    46.40  18.43    0.28   457.66  165.00  96876.00     4.20   2.48    0.33   587.13    0.00      0.00     0.00   0.00    0.00     0.00    0.00  53.52
nvme26n1       204.80  93604.80    48.00  18.99    0.29   457.05  163.40  96995.20     5.60   3.31    0.35   593.61    0.00      0.00     0.00   0.00    0.00     0.00    0.00  54.16
nvme27n1       207.20  93598.40    47.20  18.55    0.27   451.73  157.00  95487.20     5.20   3.21    0.33   608.20    0.00      0.00     0.00   0.00    0.00     0.00    0.00  52.64
nvme28n1       201.80  93802.40    45.80  18.50    0.28   464.83  152.00  96130.40     6.00   3.80    0.33   632.44    0.00      0.00     0.00   0.00    0.00     0.00    0.00  53.76
nvme29n1       208.40  94151.20    44.80  17.69    0.27   451.78  154.20  96358.40     6.60   4.10    0.35   624.89    0.00      0.00     0.00   0.00    0.00     0.00    0.00  54.72
nvme2n1        204.00  92907.20    46.20  18.47    0.28   455.43  151.20  94959.20     7.80   4.91    0.35   628.04    0.00      0.00     0.00   0.00    0.00     0.00    0.00  53.84
nvme30n1       205.60  95012.00    45.80  18.22    0.28   462.12  151.20  95742.40     3.40   2.20    0.42   633.22    0.00      0.00     0.00   0.00    0.00     0.00    0.00  53.04
nvme31n1       207.60  93625.60    47.20  18.52    0.28   450.99  150.40  95662.40     7.20   4.57    0.35   636.05    0.00      0.00     0.00   0.00    0.00     0.00    0.00  52.48
nvme3n1        205.00  94133.60    47.00  18.65    0.28   459.19  153.00  95921.60     3.20   2.05    0.34   626.94    0.00      0.00     0.00   0.00    0.00     0.00    0.00  52.24
nvme4n1        209.20  94978.40    47.60  18.54    0.28   454.01  157.00  96529.60     5.20   3.21    0.34   614.84    0.00      0.00     0.00   0.00    0.00     0.00    0.00  52.00
nvme5n1        204.20  92906.40    47.00  18.71    0.29   454.98  152.80  95981.60     6.80   4.26    0.35   628.15    0.00      0.00     0.00   0.00    0.00     0.00    0.00  52.08
nvme6n1        201.80  92956.80    47.60  19.09    0.29   460.64  152.00  96693.60     5.00   3.18    0.37   636.14    0.00      0.00     0.00   0.00    0.00     0.00    0.00  52.48
nvme7n1        207.60  94886.40    46.40  18.27    0.29   457.06  154.60  97827.20     4.40   2.77    0.35   632.78    0.00      0.00     0.00   0.00    0.00     0.00    0.00  52.96
nvme8n1        209.60  95590.40    50.60  19.45    0.29   456.06  156.00  98660.80     6.20   3.82    0.38   632.44    0.00      0.00     0.00   0.00    0.00     0.00    0.00  53.52
nvme9n1        211.00  96944.00    49.00  18.85    0.30   459.45  159.80 100041.60     7.00   4.20    0.35   626.04    0.00      0.00     0.00   0.00    0.00     0.00    0.00  52.72


Device            r/s     rkB/s   rrqm/s  %rrqm r_await rareq-sz     w/s     wkB/s   wrqm/s  %wrqm w_await wareq-sz     d/s     dkB/s   drqm/s  %drqm d_await dareq-sz  aqu-sz  %util
dm-0           509.60   7029.60     0.00   0.00    0.21    13.79   14.80    746.40     0.00   0.00    0.11    50.43    0.00      0.00     0.00   0.00    0.00     0.00    0.11  18.24
loop0            0.00      0.00     0.00   0.00    0.00     0.00    0.00      0.00     0.00   0.00    0.00     0.00    0.00      0.00     0.00   0.00    0.00     0.00    0.00   0.00
loop1            0.00      0.00     0.00   0.00    0.00     0.00    0.00      0.00     0.00   0.00    0.00     0.00    0.00      0.00     0.00   0.00    0.00     0.00    0.00   0.00
loop2            0.00      0.00     0.00   0.00    0.00     0.00    0.00      0.00     0.00   0.00    0.00     0.00    0.00      0.00     0.00   0.00    0.00     0.00    0.00   0.00
loop3            0.00      0.00     0.00   0.00    0.00     0.00    0.00      0.00     0.00   0.00    0.00     0.00    0.00      0.00     0.00   0.00    0.00     0.00    0.00   0.00
loop4            0.00      0.00     0.00   0.00    0.00     0.00    0.00      0.00     0.00   0.00    0.00     0.00    0.00      0.00     0.00   0.00    0.00     0.00    0.00   0.00
loop5            0.00      0.00     0.00   0.00    0.00     0.00    0.00      0.00     0.00   0.00    0.00     0.00    0.00      0.00     0.00   0.00    0.00     0.00    0.00   0.00
loop6            0.00      0.00     0.00   0.00    0.00     0.00    0.00      0.00     0.00   0.00    0.00     0.00    0.00      0.00     0.00   0.00    0.00     0.00    0.00   0.00
loop7            0.00      0.00     0.00   0.00    0.00     0.00    0.00      0.00     0.00   0.00    0.00     0.00    0.00      0.00     0.00   0.00    0.00     0.00    0.00   0.00
md0           3642.40 1709387.20     0.00   0.00    0.00   469.30 2762.40 1703840.80     0.00   0.00    0.00   616.80    0.00      0.00     0.00   0.00    0.00     0.00    0.00   0.00
nvme0n1        226.80   7029.60   282.80  55.49    0.10    30.99   13.20    746.40     2.00  13.16    0.06    56.55    0.00      0.00     0.00   0.00    0.00     0.00    0.00  18.24
nvme10n1        97.60  46843.20    24.80  20.26    0.25   479.95   81.20  52895.20     3.60   4.25    0.32   651.42    0.00      0.00     0.00   0.00    0.00     0.00    0.00  40.64
nvme11n1        95.80  46249.60    21.80  18.54    0.27   482.77   81.40  52500.00     3.40   4.01    0.32   644.96    0.00      0.00     0.00   0.00    0.00     0.00    0.00  39.52
nvme12n1        96.00  46196.00    22.40  18.92    0.25   481.21   79.60  51566.40     3.60   4.33    0.33   647.82    0.00      0.00     0.00   0.00    0.00     0.00    0.00  39.36
nvme13n1        97.60  46476.80    23.60  19.47    0.25   476.20   79.40  50970.40     3.60   4.34    0.34   641.94    0.00      0.00     0.00   0.00    0.00     0.00    0.00  40.56
nvme14n1        95.20  46477.60    21.60  18.49    0.25   488.21   78.20  51475.20     3.60   4.40    0.32   658.25    0.00      0.00     0.00   0.00    0.00     0.00    0.00  39.76
nvme15n1        96.00  45941.60    23.20  19.46    0.25   478.56   79.00  51372.00     3.60   4.36    0.32   650.28    0.00      0.00     0.00   0.00    0.00     0.00    0.00  39.84
nvme16n1        95.20  45879.20    21.40  18.35    0.27   481.92   92.40  51963.20     4.60   4.74    0.29   562.37    0.00      0.00     0.00   0.00    0.00     0.00    0.00  42.24
nvme17n1        96.60  46496.80    22.60  18.96    0.26   481.33  110.60  51083.20     4.20   3.66    0.22   461.87    0.00      0.00     0.00   0.00    0.00     0.00    0.00  42.08
nvme18n1        98.20  47130.40    21.20  17.76    0.27   479.94   97.00  50056.00     5.40   5.27    0.27   516.04    0.00      0.00     0.00   0.00    0.00     0.00    0.00  40.88
nvme19n1        98.40  46061.60    23.00  18.95    0.25   468.11   77.80  47860.00     3.40   4.19    0.30   615.17    0.00      0.00     0.00   0.00    0.00     0.00    0.00  39.84
nvme1n1         91.40  44442.40    21.00  18.68    0.26   486.24   81.60  51609.60     3.80   4.45    0.36   632.47    0.00      0.00     0.00   0.00    0.00     0.00    0.00  40.00
nvme20n1        96.60  45750.40    20.60  17.58    0.26   473.61   74.20  47393.60     3.40   4.38    0.32   638.73    0.00      0.00     0.00   0.00    0.00     0.00    0.00  38.88
nvme21n1        95.40  46015.20    21.80  18.60    0.25   482.34   73.20  47605.60     3.40   4.44    0.33   650.35    0.00      0.00     0.00   0.00    0.00     0.00    0.00  38.48
nvme22n1        93.60  46142.40    21.40  18.61    0.25   492.97   93.60  49511.20     3.40   3.51    0.26   528.97    0.00      0.00     0.00   0.00    0.00     0.00    0.00  43.52
nvme23n1        99.80  48120.80    22.60  18.46    0.25   482.17   78.60  50136.80     3.40   4.15    0.31   637.87    0.00      0.00     0.00   0.00    0.00     0.00    0.00  40.00
nvme24n1        97.20  46457.60    22.20  18.59    0.24   477.96  101.60  50020.00     3.80   3.61    0.25   492.32    0.00      0.00     0.00   0.00    0.00     0.00    0.00  44.16
nvme25n1        96.00  45766.40    21.80  18.51    0.25   476.73   78.40  49580.80     4.00   4.85    0.32   632.41    0.00      0.00     0.00   0.00    0.00     0.00    0.00  38.88
nvme26n1        90.40  44036.00    20.60  18.56    0.26   487.12   83.40  49908.80     4.00   4.58    0.31   598.43    0.00      0.00     0.00   0.00    0.00     0.00    0.00  39.20
nvme27n1        91.40  44326.40    22.80  19.96    0.24   484.97   84.60  49868.00     3.80   4.30    0.30   589.46    0.00      0.00     0.00   0.00    0.00     0.00    0.00  39.28
nvme28n1        91.60  44957.60    20.80  18.51    0.26   490.80   80.40  50579.20     4.00   4.74    0.31   629.09    0.00      0.00     0.00   0.00    0.00     0.00    0.00  39.92
nvme29n1        95.00  44864.00    21.80  18.66    0.25   472.25   80.00  50640.80     4.00   4.76    0.31   633.01    0.00      0.00     0.00   0.00    0.00     0.00    0.00  39.92
nvme2n1         91.20  43976.00    21.00  18.72    0.27   482.19   80.20  51557.60     3.80   4.52    0.34   642.86    0.00      0.00     0.00   0.00    0.00     0.00    0.00  39.60
nvme30n1        90.40  44579.20    21.80  19.43    0.26   493.13   80.40  51311.20     4.20   4.96    0.35   638.20    0.00      0.00     0.00   0.00    0.00     0.00    0.00  39.76
nvme31n1        93.80  44539.20    21.80  18.86    0.26   474.83   83.40  52116.00     4.00   4.58    0.32   624.89    0.00      0.00     0.00   0.00    0.00     0.00    0.00  40.40
nvme3n1         92.20  45276.80    21.80  19.12    0.26   491.07   82.60  52682.40     4.00   4.62    0.33   637.80    0.00      0.00     0.00   0.00    0.00     0.00    0.00  39.92
nvme4n1         95.60  46661.60    21.40  18.29    0.26   488.09   83.40  53912.00     4.00   4.58    0.31   646.43    0.00      0.00     0.00   0.00    0.00     0.00    0.00  41.44
nvme5n1         95.00  46672.80    23.00  19.49    0.25   491.29   85.00  53792.80     3.80   4.28    0.32   632.86    0.00      0.00     0.00   0.00    0.00     0.00    0.00  40.72
nvme6n1         97.80  47188.80    22.00  18.36    0.26   482.50   82.00  53405.60     3.60   4.21    0.33   651.29    0.00      0.00     0.00   0.00    0.00     0.00    0.00  41.04
nvme7n1         99.00  48381.60    21.80  18.05    0.27   488.70   83.80  54040.80     3.60   4.12    0.32   644.88    0.00      0.00     0.00   0.00    0.00     0.00    0.00  40.32
nvme8n1        100.20  49264.80    25.40  20.22    0.26   491.66   83.40  54836.00     3.60   4.14    0.34   657.51    0.00      0.00     0.00   0.00    0.00     0.00    0.00  41.76
nvme9n1         97.20  47961.60    21.80  18.32    0.27   493.43   81.60  53423.20     3.40   4.00    0.33   654.70    0.00      0.00     0.00   0.00    0.00     0.00    0.00  41.20


Device            r/s     rkB/s   rrqm/s  %rrqm r_await rareq-sz     w/s     wkB/s   wrqm/s  %wrqm w_await wareq-sz     d/s     dkB/s   drqm/s  %drqm d_await dareq-sz  aqu-sz  %util
dm-0             0.20      0.80     0.00   0.00    0.00     4.00   16.20     76.00     0.00   0.00    0.00     4.69    0.00      0.00     0.00   0.00    0.00     0.00    0.00   0.16
loop0            0.00      0.00     0.00   0.00    0.00     0.00    0.00      0.00     0.00   0.00    0.00     0.00    0.00      0.00     0.00   0.00    0.00     0.00    0.00   0.00
loop1            0.00      0.00     0.00   0.00    0.00     0.00    0.00      0.00     0.00   0.00    0.00     0.00    0.00      0.00     0.00   0.00    0.00     0.00    0.00   0.00
loop2            0.00      0.00     0.00   0.00    0.00     0.00    0.00      0.00     0.00   0.00    0.00     0.00    0.00      0.00     0.00   0.00    0.00     0.00    0.00   0.00
loop3            0.00      0.00     0.00   0.00    0.00     0.00    0.00      0.00     0.00   0.00    0.00     0.00    0.00      0.00     0.00   0.00    0.00     0.00    0.00   0.00
loop4            0.00      0.00     0.00   0.00    0.00     0.00    0.00      0.00     0.00   0.00    0.00     0.00    0.00      0.00     0.00   0.00    0.00     0.00    0.00   0.00
loop5            0.00      0.00     0.00   0.00    0.00     0.00    0.00      0.00     0.00   0.00    0.00     0.00    0.00      0.00     0.00   0.00    0.00     0.00    0.00   0.00
loop6            0.00      0.00     0.00   0.00    0.00     0.00    0.00      0.00     0.00   0.00    0.00     0.00    0.00      0.00     0.00   0.00    0.00     0.00    0.00   0.00
loop7            0.00      0.00     0.00   0.00    0.00     0.00    0.00      0.00     0.00   0.00    0.00     0.00    0.00      0.00     0.00   0.00    0.00     0.00    0.00   0.00
md0           8438.80 3663812.00     0.00   0.00    0.00   434.16 5768.40 3491744.80     0.00   0.00    0.00   605.32    0.00      0.00     0.00   0.00    0.00     0.00    0.00   0.00
nvme0n1          0.20      0.80     0.00   0.00    0.00     4.00    8.00     76.00     8.20  50.62    0.05     9.50    0.00      0.00     0.00   0.00    0.00     0.00    0.00   0.16
nvme10n1       232.40 108330.40    52.20  18.34    0.28   466.14  170.00 109424.80     8.00   4.49    0.37   643.68    0.00      0.00     0.00   0.00    0.00     0.00    0.00  55.44
nvme11n1       236.20 107065.60    50.00  17.47    0.29   453.28  183.40 108183.20     9.20   4.78    0.37   589.88    0.00      0.00     0.00   0.00    0.00     0.00    0.00  56.08
nvme12n1       230.60 107736.80    53.00  18.69    0.29   467.20  169.20 107078.40     4.00   2.31    0.39   632.85    0.00      0.00     0.00   0.00    0.00     0.00    0.00  54.40
nvme13n1       230.40 106123.20    49.20  17.60    0.30   460.60  166.20 108855.20     9.80   5.57    0.42   654.97    0.00      0.00     0.00   0.00    0.00     0.00    0.00  54.00
nvme14n1       230.00 107089.60    51.80  18.38    0.30   465.61  170.20 109153.60     7.20   4.06    0.39   641.33    0.00      0.00     0.00   0.00    0.00     0.00    0.00  55.68
nvme15n1       233.80 106250.40    48.40  17.15    0.28   454.45  169.40 107798.40    11.20   6.20    0.36   636.35    0.00      0.00     0.00   0.00    0.00     0.00    0.00  55.28
nvme16n1       230.20 105872.00    52.40  18.54    0.30   459.91  187.80 106530.40     6.80   3.49    0.35   567.25    0.00      0.00     0.00   0.00    0.00     0.00    0.00  57.76
nvme17n1       227.00 104026.40    49.20  17.81    0.30   458.27  236.80 106756.00    27.60  10.44    0.26   450.83    0.00      0.00     0.00   0.00    0.00     0.00    0.00  56.08
nvme18n1       227.60 102705.60    50.00  18.01    0.28   451.25  210.00 106245.60    14.00   6.25    0.32   505.93    0.00      0.00     0.00   0.00    0.00     0.00    0.00  57.20
nvme19n1       221.80 102170.40    52.20  19.05    0.29   460.64  162.40 105392.80    10.80   6.24    0.38   648.97    0.00      0.00     0.00   0.00    0.00     0.00    0.00  55.20
nvme1n1        220.20 100887.20    47.00  17.59    0.29   458.16  168.80 110720.80     6.40   3.65    0.41   655.93    0.00      0.00     0.00   0.00    0.00     0.00    0.00  54.80
nvme20n1       220.00 101676.00    46.00  17.29    0.29   462.16  158.60 104164.00     3.20   1.98    0.37   656.77    0.00      0.00     0.00   0.00    0.00     0.00    0.00  54.32
nvme21n1       216.20 100282.40    51.40  19.21    0.30   463.84  157.60 104380.00     6.60   4.02    0.39   662.31    0.00      0.00     0.00   0.00    0.00     0.00    0.00  52.56
nvme22n1       218.80 100292.00    46.20  17.43    0.29   458.37  185.60 104097.60     5.40   2.83    0.30   560.87    0.00      0.00     0.00   0.00    0.00     0.00    0.00  56.80
nvme23n1       217.40 100421.60    49.80  18.64    0.29   461.92  158.60 102120.80     8.00   4.80    0.36   643.89    0.00      0.00     0.00   0.00    0.00     0.00    0.00  52.24
nvme24n1       212.60  99117.60    46.60  17.98    0.29   466.22  181.60 102333.60    37.60  17.15    0.32   563.51    0.00      0.00     0.00   0.00    0.00     0.00    0.00  53.60
nvme25n1       214.80  99288.00    50.40  19.00    0.29   462.23  195.60 104995.20    11.00   5.32    0.31   536.79    0.00      0.00     0.00   0.00    0.00     0.00    0.00  55.68
nvme26n1       219.60 100998.40    46.20  17.38    0.29   459.92  165.20 106540.80     8.40   4.84    0.37   644.92    0.00      0.00     0.00   0.00    0.00     0.00    0.00  52.88
nvme27n1       216.60 101143.20    52.20  19.42    0.28   466.96  170.00 107424.80     9.20   5.13    0.35   631.91    0.00      0.00     0.00   0.00    0.00     0.00    0.00  54.00
nvme28n1       215.80  98948.00    44.80  17.19    0.28   458.52  163.00 107392.00     6.60   3.89    0.36   658.85    0.00      0.00     0.00   0.00    0.00     0.00    0.00  54.08
nvme29n1       218.20 101323.20    47.80  17.97    0.30   464.36  165.20 108866.40     8.80   5.06    0.37   659.00    0.00      0.00     0.00   0.00    0.00     0.00    0.00  55.12
nvme2n1        222.20 100740.00    49.20  18.13    0.30   453.38  169.40 108532.80     7.60   4.29    0.37   640.69    0.00      0.00     0.00   0.00    0.00     0.00    0.00  53.76
nvme30n1       221.40 100804.00    44.80  16.83    0.29   455.30  165.60 109115.20     4.80   2.82    0.42   658.91    0.00      0.00     0.00   0.00    0.00     0.00    0.00  54.40
nvme31n1       220.20 100488.80    49.00  18.20    0.28   456.35  167.00 108549.60     6.60   3.80    0.37   650.00    0.00      0.00     0.00   0.00    0.00     0.00    0.00  54.72
nvme3n1        217.20  99326.40    45.60  17.35    0.29   457.30  164.60 108191.20     6.60   3.86    0.36   657.30    0.00      0.00     0.00   0.00    0.00     0.00    0.00  53.68
nvme4n1        221.00 101423.20    48.20  17.90    0.28   458.93  168.20 108837.60     7.00   4.00    0.37   647.07    0.00      0.00     0.00   0.00    0.00     0.00    0.00  54.40
nvme5n1        223.20 101515.20    46.40  17.21    0.29   454.82  166.00 109237.60     4.40   2.58    0.38   658.06    0.00      0.00     0.00   0.00    0.00     0.00    0.00  54.00
nvme6n1        221.80 102564.80    49.00  18.09    0.29   462.42  171.60 110949.60     8.40   4.67    0.40   646.56    0.00      0.00     0.00   0.00    0.00     0.00    0.00  54.56
nvme7n1        227.20 102862.40    46.20  16.90    0.29   452.74  169.40 109656.00     4.80   2.76    0.37   647.32    0.00      0.00     0.00   0.00    0.00     0.00    0.00  54.72
nvme8n1        226.80 105062.40    50.00  18.06    0.29   463.24  168.20 109452.00     6.40   3.67    0.40   650.73    0.00      0.00     0.00   0.00    0.00     0.00    0.00  54.80
nvme9n1        232.60 107178.40    49.40  17.52    0.29   460.78  167.60 110419.20     7.40   4.23    0.38   658.83    0.00      0.00     0.00   0.00    0.00     0.00    0.00  55.28


Device            r/s     rkB/s   rrqm/s  %rrqm r_await rareq-sz     w/s     wkB/s   wrqm/s  %wrqm w_await wareq-sz     d/s     dkB/s   drqm/s  %drqm d_await dareq-sz  aqu-sz  %util
dm-0             0.00      0.00     0.00   0.00    0.00     0.00    5.40     48.00     0.00   0.00    0.00     8.89    0.00      0.00     0.00   0.00    0.00     0.00    0.00   0.16
loop0            0.00      0.00     0.00   0.00    0.00     0.00    0.00      0.00     0.00   0.00    0.00     0.00    0.00      0.00     0.00   0.00    0.00     0.00    0.00   0.00
loop1            0.00      0.00     0.00   0.00    0.00     0.00    0.00      0.00     0.00   0.00    0.00     0.00    0.00      0.00     0.00   0.00    0.00     0.00    0.00   0.00
loop2            0.00      0.00     0.00   0.00    0.00     0.00    0.00      0.00     0.00   0.00    0.00     0.00    0.00      0.00     0.00   0.00    0.00     0.00    0.00   0.00
loop3            0.00      0.00     0.00   0.00    0.00     0.00    0.00      0.00     0.00   0.00    0.00     0.00    0.00      0.00     0.00   0.00    0.00     0.00    0.00   0.00
loop4            0.00      0.00     0.00   0.00    0.00     0.00    0.00      0.00     0.00   0.00    0.00     0.00    0.00      0.00     0.00   0.00    0.00     0.00    0.00   0.00
loop5            0.00      0.00     0.00   0.00    0.00     0.00    0.00      0.00     0.00   0.00    0.00     0.00    0.00      0.00     0.00   0.00    0.00     0.00    0.00   0.00
loop6            0.00      0.00     0.00   0.00    0.00     0.00    0.00      0.00     0.00   0.00    0.00     0.00    0.00      0.00     0.00   0.00    0.00     0.00    0.00   0.00
loop7            0.00      0.00     0.00   0.00    0.00     0.00    0.00      0.00     0.00   0.00    0.00     0.00    0.00      0.00     0.00   0.00    0.00     0.00    0.00   0.00
md0           4595.40 2103214.40     0.00   0.00    0.00   457.68 2775.40 1936255.20     0.00   0.00    0.00   697.65    0.00      0.00     0.00   0.00    0.00     0.00    0.00   0.00
nvme0n1          0.00      0.00     0.00   0.00    0.00     0.00    1.20     48.00     4.20  77.78    0.00    40.00    0.00      0.00     0.00   0.00    0.00     0.00    0.00   0.16
nvme10n1       123.60  58695.20    26.60  17.71    0.27   474.88   83.60  61364.80     2.00   2.34    0.35   734.03    0.00      0.00     0.00   0.00    0.00     0.00    0.00  39.04
nvme11n1       122.00  58192.00    28.60  18.99    0.27   476.98   82.00  61056.80     3.80   4.43    0.38   744.60    0.00      0.00     0.00   0.00    0.00     0.00    0.00  41.28
nvme12n1       121.00  58011.20    26.20  17.80    0.28   479.43   79.80  61865.60     0.20   0.25    0.40   775.26    0.00      0.00     0.00   0.00    0.00     0.00    0.00  39.68
nvme13n1       120.80  57752.00    29.00  19.36    0.28   478.08   82.40  59738.40     3.60   4.19    0.36   724.98    0.00      0.00     0.00   0.00    0.00     0.00    0.00  40.08
nvme14n1       118.00  57144.00    26.20  18.17    0.27   484.27   76.40  58810.40     3.80   4.74    0.37   769.77    0.00      0.00     0.00   0.00    0.00     0.00    0.00  39.12
nvme15n1       118.60  57535.20    29.20  19.76    0.27   485.12   78.00  58133.60     3.40   4.18    0.34   745.30    0.00      0.00     0.00   0.00    0.00     0.00    0.00  39.04
nvme16n1       120.60  56972.00    25.60  17.51    0.27   472.40   90.60  58797.60     3.20   3.41    0.32   648.98    0.00      0.00     0.00   0.00    0.00     0.00    0.00  40.64
nvme17n1       118.80  57662.40    28.40  19.29    0.26   485.37  115.20  59424.00    17.00  12.86    0.24   515.83    0.00      0.00     0.00   0.00    0.00     0.00    0.00  41.84
nvme18n1       120.60  57252.80    26.60  18.07    0.28   474.73  100.80  60527.20    10.80   9.68    0.30   600.47    0.00      0.00     0.00   0.00    0.00     0.00    0.00  40.96
nvme19n1       120.40  57352.80    28.40  19.09    0.28   476.35   81.20  59500.80     5.80   6.67    0.34   732.77    0.00      0.00     0.00   0.00    0.00     0.00    0.00  40.88
nvme1n1        125.80  58552.00    28.40  18.42    0.27   465.44   75.40  58765.60     2.20   2.84    0.42   779.38    0.00      0.00     0.00   0.00    0.00     0.00    0.00  40.64
nvme20n1       121.80  58020.00    27.40  18.36    0.27   476.35   78.40  60254.40     3.80   4.62    0.35   768.55    0.00      0.00     0.00   0.00    0.00     0.00    0.00  38.88
nvme21n1       122.80  57856.00    27.00  18.02    0.28   471.14   81.40  61224.00     2.00   2.40    0.38   752.14    0.00      0.00     0.00   0.00    0.00     0.00    0.00  39.36
nvme22n1       123.20  57752.00    27.80  18.41    0.27   468.77  100.40  61715.20     3.40   3.28    0.28   614.69    0.00      0.00     0.00   0.00    0.00     0.00    0.00  42.08
nvme23n1       121.60  55828.00    26.60  17.95    0.27   459.11   82.40  60660.00     6.40   7.21    0.34   736.17    0.00      0.00     0.00   0.00    0.00     0.00    0.00  39.44
nvme24n1       117.40  55800.00    27.00  18.70    0.27   475.30  107.60  59770.40    35.20  24.65    0.27   555.49    0.00      0.00     0.00   0.00    0.00     0.00    0.00  42.80
nvme25n1       115.00  53504.80    25.00  17.86    0.26   465.26   79.40  59608.80     5.80   6.81    0.37   750.74    0.00      0.00     0.00   0.00    0.00     0.00    0.00  38.24
nvme26n1       116.40  55114.40    26.40  18.49    0.27   473.49   88.40  59829.60     0.80   0.90    0.33   676.81    0.00      0.00     0.00   0.00    0.00     0.00    0.00  40.64
nvme27n1       117.00  54616.00    25.00  17.61    0.26   466.80   83.20  59664.00     2.60   3.03    0.32   717.12    0.00      0.00     0.00   0.00    0.00     0.00    0.00  40.48
nvme28n1       114.20  55056.80    26.60  18.89    0.26   482.11   74.80  59782.40     0.20   0.27    0.35   799.23    0.00      0.00     0.00   0.00    0.00     0.00    0.00  38.56
nvme29n1       118.00  55602.40    24.20  17.02    0.27   471.21   79.00  59600.00     1.60   1.99    0.33   754.43    0.00      0.00     0.00   0.00    0.00     0.00    0.00  38.08
nvme2n1        124.40  59072.00    27.40  18.05    0.28   474.86   77.40  58412.00     2.20   2.76    0.34   754.68    0.00      0.00     0.00   0.00    0.00     0.00    0.00  39.44
nvme30n1       119.40  55835.20    26.80  18.33    0.27   467.63   77.00  59758.40     2.20   2.78    0.42   776.08    0.00      0.00     0.00   0.00    0.00     0.00    0.00  39.76
nvme31n1       121.20  57516.80    26.40  17.89    0.27   474.56   77.20  58140.80     3.20   3.98    0.35   753.12    0.00      0.00     0.00   0.00    0.00     0.00    0.00  40.24
nvme3n1        127.20  59268.00    27.60  17.83    0.26   465.94   74.80  57788.80     0.80   1.06    0.34   772.58    0.00      0.00     0.00   0.00    0.00     0.00    0.00  39.84
nvme4n1        123.80  59974.40    27.40  18.12    0.28   484.45   76.20  58892.80     2.80   3.54    0.36   772.87    0.00      0.00     0.00   0.00    0.00     0.00    0.00  38.64
nvme5n1        123.80  59065.60    27.20  18.01    0.26   477.11   76.40  59519.20     1.20   1.55    0.37   779.05    0.00      0.00     0.00   0.00    0.00     0.00    0.00  38.96
nvme6n1        124.00  59320.00    27.60  18.21    0.29   478.39   79.00  60258.40     2.00   2.47    0.38   762.76    0.00      0.00     0.00   0.00    0.00     0.00    0.00  38.00
nvme7n1        124.20  59283.20    27.80  18.29    0.27   477.32   78.20  60911.20     0.60   0.76    0.36   778.92    0.00      0.00     0.00   0.00    0.00     0.00    0.00  40.00
nvme8n1        125.00  60443.20    28.40  18.51    0.28   483.55   81.20  61248.80     3.00   3.56    0.36   754.30    0.00      0.00     0.00   0.00    0.00     0.00    0.00  40.00
nvme9n1        123.80  59136.80    29.00  18.98    0.27   477.68   82.20  61592.80     1.60   1.91    0.35   749.30    0.00      0.00     0.00   0.00    0.00     0.00    0.00  40.32


Device            r/s     rkB/s   rrqm/s  %rrqm r_await rareq-sz     w/s     wkB/s   wrqm/s  %wrqm w_await wareq-sz     d/s     dkB/s   drqm/s  %drqm d_await dareq-sz  aqu-sz  %util
dm-0             0.00      0.00     0.00   0.00    0.00     0.00    5.00     24.80     0.00   0.00    0.00     4.96    0.00      0.00     0.00   0.00    0.00     0.00    0.00   0.24
loop0            0.00      0.00     0.00   0.00    0.00     0.00    0.00      0.00     0.00   0.00    0.00     0.00    0.00      0.00     0.00   0.00    0.00     0.00    0.00   0.00
loop1            0.00      0.00     0.00   0.00    0.00     0.00    0.00      0.00     0.00   0.00    0.00     0.00    0.00      0.00     0.00   0.00    0.00     0.00    0.00   0.00
loop2            0.00      0.00     0.00   0.00    0.00     0.00    0.00      0.00     0.00   0.00    0.00     0.00    0.00      0.00     0.00   0.00    0.00     0.00    0.00   0.00
loop3            0.00      0.00     0.00   0.00    0.00     0.00    0.00      0.00     0.00   0.00    0.00     0.00    0.00      0.00     0.00   0.00    0.00     0.00    0.00   0.00
loop4            0.00      0.00     0.00   0.00    0.00     0.00    0.00      0.00     0.00   0.00    0.00     0.00    0.00      0.00     0.00   0.00    0.00     0.00    0.00   0.00
loop5            0.00      0.00     0.00   0.00    0.00     0.00    0.00      0.00     0.00   0.00    0.00     0.00    0.00      0.00     0.00   0.00    0.00     0.00    0.00   0.00
loop6            0.00      0.00     0.00   0.00    0.00     0.00    0.00      0.00     0.00   0.00    0.00     0.00    0.00      0.00     0.00   0.00    0.00     0.00    0.00   0.00
loop7            0.00      0.00     0.00   0.00    0.00     0.00    0.00      0.00     0.00   0.00    0.00     0.00    0.00      0.00     0.00   0.00    0.00     0.00    0.00   0.00
md0           7552.40 3288105.60     0.00   0.00    0.00   435.37 5131.00 3384896.80     0.00   0.00    0.00   659.70    0.00      0.00     0.00   0.00    0.00     0.00    0.00   0.00
nvme0n1          0.00      0.00     0.00   0.00    0.00     0.00    1.80     24.80     3.20  64.00    0.11    13.78    0.00      0.00     0.00   0.00    0.00     0.00    0.00   0.24
nvme10n1       197.40  94667.20    43.20  17.96    0.30   479.57  148.20 101838.40     2.00   1.33    0.36   687.17    0.00      0.00     0.00   0.00    0.00     0.00    0.00  49.52
nvme11n1       203.00  96940.80    45.80  18.41    0.30   477.54  157.40 103720.80     2.00   1.25    0.37   658.96    0.00      0.00     0.00   0.00    0.00     0.00    0.00  51.28
nvme12n1       208.40  97385.60    44.20  17.50    0.31   467.30  155.80 101857.60     2.00   1.27    0.36   653.77    0.00      0.00     0.00   0.00    0.00     0.00    0.00  50.80
nvme13n1       203.60  97749.60    46.40  18.56    0.31   480.11  159.00 102436.80     1.80   1.12    0.37   644.26    0.00      0.00     0.00   0.00    0.00     0.00    0.00  50.24
nvme14n1       200.60  96244.00    42.00  17.31    0.31   479.78  149.60 102717.60     1.80   1.19    0.36   686.61    0.00      0.00     0.00   0.00    0.00     0.00    0.00  49.52
nvme15n1       199.00  96272.80    48.60  19.63    0.29   483.78  153.80 104949.60     1.60   1.03    0.34   682.38    0.00      0.00     0.00   0.00    0.00     0.00    0.00  49.36
nvme16n1       199.80  96398.40    42.80  17.64    0.32   482.47  178.80 103938.40     4.00   2.19    0.32   581.31    0.00      0.00     0.00   0.00    0.00     0.00    0.00  53.60
nvme17n1       197.40  94633.60    47.20  19.30    0.29   479.40  206.80 102188.00     5.20   2.45    0.27   494.14    0.00      0.00     0.00   0.00    0.00     0.00    0.00  52.48
nvme18n1       200.00  94405.60    43.20  17.76    0.31   472.03  195.60 101428.00     3.00   1.51    0.29   518.55    0.00      0.00     0.00   0.00    0.00     0.00    0.00  51.60
nvme19n1       196.60  92519.20    46.40  19.09    0.29   470.60  152.60 100959.20     1.60   1.04    0.34   661.59    0.00      0.00     0.00   0.00    0.00     0.00    0.00  49.20
nvme1n1        206.40  97518.40    44.00  17.57    0.30   472.47  153.60 105591.20     2.00   1.29    0.39   687.44    0.00      0.00     0.00   0.00    0.00     0.00    0.00  51.76
nvme20n1       192.20  90460.80    41.20  17.65    0.30   470.66  150.80  99871.20     1.60   1.05    0.35   662.28    0.00      0.00     0.00   0.00    0.00     0.00    0.00  46.08
nvme21n1       189.40  89936.00    46.40  19.68    0.30   474.85  152.00 100954.40     1.80   1.17    0.35   664.17    0.00      0.00     0.00   0.00    0.00     0.00    0.00  48.80
nvme22n1       191.80  90547.20    40.20  17.33    0.29   472.09  181.20 101285.60     1.80   0.98    0.28   558.97    0.00      0.00     0.00   0.00    0.00     0.00    0.00  54.16
nvme23n1       193.60  90708.00    45.60  19.06    0.29   468.53  150.60 100632.80     1.80   1.18    0.34   668.21    0.00      0.00     0.00   0.00    0.00     0.00    0.00  49.12
nvme24n1       192.40  90052.80    39.80  17.14    0.29   468.05  187.40 101692.80     1.60   0.85    0.28   542.65    0.00      0.00     0.00   0.00    0.00     0.00    0.00  50.40
nvme25n1       185.40  89222.40    46.40  20.02    0.29   481.24  164.80 101804.80     1.60   0.96    0.32   617.75    0.00      0.00     0.00   0.00    0.00     0.00    0.00  49.68
nvme26n1       192.60  90424.00    40.40  17.34    0.30   469.49  154.00 102771.20     1.80   1.16    0.35   667.35    0.00      0.00     0.00   0.00    0.00     0.00    0.00  49.52
nvme27n1       198.80  93077.60    44.20  18.19    0.29   468.20  158.80 106444.00     1.80   1.12    0.33   670.30    0.00      0.00     0.00   0.00    0.00     0.00    0.00  50.64
nvme28n1       205.40  95954.40    40.80  16.57    0.29   467.16  155.60 103891.20     2.00   1.27    0.32   667.68    0.00      0.00     0.00   0.00    0.00     0.00    0.00  50.96
nvme29n1       201.40  95043.20    45.40  18.40    0.29   471.91  149.20 101596.00     2.00   1.32    0.33   680.94    0.00      0.00     0.00   0.00    0.00     0.00    0.00  49.84
nvme2n1        198.20  94964.80    46.00  18.84    0.32   479.14  152.40 104187.20     2.20   1.42    0.35   683.64    0.00      0.00     0.00   0.00    0.00     0.00    0.00  49.44
nvme30n1       209.20  97736.80    41.80  16.65    0.30   467.19  153.00 103224.80     2.00   1.29    0.38   674.67    0.00      0.00     0.00   0.00    0.00     0.00    0.00  50.24
nvme31n1       202.80  95334.40    47.20  18.88    0.30   470.09  149.60 101950.40     2.00   1.32    0.35   681.49    0.00      0.00     0.00   0.00    0.00     0.00    0.00  49.92
nvme3n1        203.20  94910.40    43.00  17.47    0.29   467.08  154.00 104917.60     2.00   1.28    0.35   681.28    0.00      0.00     0.00   0.00    0.00     0.00    0.00  50.64
nvme4n1        199.40  95865.60    43.80  18.01    0.30   480.77  156.60 107708.80     2.00   1.26    0.36   687.80    0.00      0.00     0.00   0.00    0.00     0.00    0.00  49.36
nvme5n1        202.00  95540.00    43.80  17.82    0.29   472.97  153.40 105768.80     2.00   1.29    0.34   689.50    0.00      0.00     0.00   0.00    0.00     0.00    0.00  50.56
nvme6n1        203.00  97072.80    43.40  17.61    0.33   478.19  157.20 107232.80     2.00   1.26    0.37   682.14    0.00      0.00     0.00   0.00    0.00     0.00    0.00  49.52
nvme7n1        207.40  97270.40    45.40  17.96    0.30   469.00  154.40 104798.40     2.20   1.40    0.35   678.75    0.00      0.00     0.00   0.00    0.00     0.00    0.00  49.84
nvme8n1        203.00  96616.80    46.00  18.47    0.29   475.94  153.00 103700.80     2.20   1.42    0.35   677.78    0.00      0.00     0.00   0.00    0.00     0.00    0.00  49.44
nvme9n1        198.40  95724.80    45.80  18.76    0.31   482.48  151.80 102776.80     2.20   1.43    0.35   677.05    0.00      0.00     0.00   0.00    0.00     0.00    0.00  50.32


Device            r/s     rkB/s   rrqm/s  %rrqm r_await rareq-sz     w/s     wkB/s   wrqm/s  %wrqm w_await wareq-sz     d/s     dkB/s   drqm/s  %drqm d_await dareq-sz  aqu-sz  %util
dm-0             3.00     12.00     0.00   0.00    0.00     4.00    3.20     12.80     0.00   0.00    0.00     4.00    0.00      0.00     0.00   0.00    0.00     0.00    0.00   0.32
loop0            0.00      0.00     0.00   0.00    0.00     0.00    0.00      0.00     0.00   0.00    0.00     0.00    0.00      0.00     0.00   0.00    0.00     0.00    0.00   0.00
loop1            0.00      0.00     0.00   0.00    0.00     0.00    0.00      0.00     0.00   0.00    0.00     0.00    0.00      0.00     0.00   0.00    0.00     0.00    0.00   0.00
loop2            0.00      0.00     0.00   0.00    0.00     0.00    0.00      0.00     0.00   0.00    0.00     0.00    0.00      0.00     0.00   0.00    0.00     0.00    0.00   0.00
loop3            0.00      0.00     0.00   0.00    0.00     0.00    0.00      0.00     0.00   0.00    0.00     0.00    0.00      0.00     0.00   0.00    0.00     0.00    0.00   0.00
loop4            0.00      0.00     0.00   0.00    0.00     0.00    0.00      0.00     0.00   0.00    0.00     0.00    0.00      0.00     0.00   0.00    0.00     0.00    0.00   0.00
loop5            0.00      0.00     0.00   0.00    0.00     0.00    0.00      0.00     0.00   0.00    0.00     0.00    0.00      0.00     0.00   0.00    0.00     0.00    0.00   0.00
loop6            0.00      0.00     0.00   0.00    0.00     0.00    0.00      0.00     0.00   0.00    0.00     0.00    0.00      0.00     0.00   0.00    0.00     0.00    0.00   0.00
loop7            0.00      0.00     0.00   0.00    0.00     0.00    0.00      0.00     0.00   0.00    0.00     0.00    0.00      0.00     0.00   0.00    0.00     0.00    0.00   0.00
md0           2814.00 1386950.40     0.00   0.00    0.00   492.88 1568.60 1050298.40     0.00   0.00    0.00   669.58    0.00      0.00     0.00   0.00    0.00     0.00    0.00   0.00
nvme0n1          3.00     12.00     0.00   0.00    0.13     4.00    0.80     12.80     2.40  75.00    0.00    16.00    0.00      0.00     0.00   0.00    0.00     0.00    0.00   0.32
nvme10n1        76.20  37273.60    19.60  20.46    0.27   489.15   43.00  32443.20     3.20   6.93    0.34   754.49    0.00      0.00     0.00   0.00    0.00     0.00    0.00  24.00
nvme11n1        76.00  37949.60    17.40  18.63    0.29   499.34   42.60  33849.60     2.80   6.17    0.37   794.59    0.00      0.00     0.00   0.00    0.00     0.00    0.00  24.56
nvme12n1        77.60  37635.20    19.60  20.16    0.28   484.99   46.80  33984.00     3.40   6.77    0.37   726.15    0.00      0.00     0.00   0.00    0.00     0.00    0.00  24.00
nvme13n1        76.00  37789.60    17.80  18.98    0.30   497.23   43.00  33264.80     2.00   4.44    0.39   773.60    0.00      0.00     0.00   0.00    0.00     0.00    0.00  23.84
nvme14n1        73.80  37248.00    19.60  20.99    0.31   504.72   45.20  34329.60     2.80   5.83    0.40   759.50    0.00      0.00     0.00   0.00    0.00     0.00    0.00  23.52
nvme15n1        77.00  38530.40    17.60  18.60    0.27   500.39   44.00  34049.60     1.60   3.51    0.36   773.85    0.00      0.00     0.00   0.00    0.00     0.00    0.00  24.00
nvme16n1        77.00  38160.00    19.60  20.29    0.29   495.58   48.00  34002.40     2.80   5.51    0.35   708.38    0.00      0.00     0.00   0.00    0.00     0.00    0.00  24.72
nvme17n1        76.80  37146.40    17.80  18.82    0.28   483.68   63.40  33952.00    15.60  19.75    0.26   535.52    0.00      0.00     0.00   0.00    0.00     0.00    0.00  26.48
nvme18n1        74.80  36901.60    19.00  20.26    0.28   493.34   54.00  34560.80    10.40  16.15    0.31   640.01    0.00      0.00     0.00   0.00    0.00     0.00    0.00  25.12
nvme19n1        75.20  36009.60    19.20  20.34    0.28   478.85   47.00  34334.40     4.00   7.84    0.36   730.52    0.00      0.00     0.00   0.00    0.00     0.00    0.00  23.52
nvme1n1         67.40  34064.80    14.20  17.40    0.28   505.41   43.60  33053.60     3.80   8.02    0.40   758.11    0.00      0.00     0.00   0.00    0.00     0.00    0.00  22.88
nvme20n1        71.60  35294.40    17.00  19.19    0.27   492.94   43.80  33700.80     2.40   5.19    0.34   769.42    0.00      0.00     0.00   0.00    0.00     0.00    0.00  23.28
nvme21n1        74.60  35364.80    19.80  20.97    0.27   474.06   46.40  33714.40     1.60   3.33    0.34   726.60    0.00      0.00     0.00   0.00    0.00     0.00    0.00  24.72
nvme22n1        70.20  34882.40    15.40  17.99    0.28   496.90   46.60  32427.20     5.00   9.69    0.32   695.86    0.00      0.00     0.00   0.00    0.00     0.00    0.00  24.56
nvme23n1        71.80  34432.80    19.20  21.10    0.25   479.57   41.60  31598.40     1.40   3.26    0.33   759.58    0.00      0.00     0.00   0.00    0.00     0.00    0.00  24.00
nvme24n1        68.40  34113.60    15.40  18.38    0.27   498.74   54.60  32164.80    37.20  40.52    0.28   589.10    0.00      0.00     0.00   0.00    0.00     0.00    0.00  26.00
nvme25n1        71.20  34473.60    17.60  19.82    0.26   484.18   43.00  31920.80     3.80   8.12    0.34   742.34    0.00      0.00     0.00   0.00    0.00     0.00    0.00  23.84
nvme26n1        69.40  34792.00    15.60  18.35    0.29   501.33   48.20  31958.40     3.00   5.86    0.32   663.04    0.00      0.00     0.00   0.00    0.00     0.00    0.00  25.36
nvme27n1        73.00  34415.20    17.80  19.60    0.26   471.44   45.20  32297.60     2.80   5.83    0.32   714.55    0.00      0.00     0.00   0.00    0.00     0.00    0.00  24.24
nvme28n1        69.00  34752.00    15.60  18.44    0.28   503.65   41.60  31717.60     2.20   5.02    0.34   762.44    0.00      0.00     0.00   0.00    0.00     0.00    0.00  23.20
nvme29n1        71.20  34920.00    18.00  20.18    0.26   490.45   43.60  32194.40     1.80   3.96    0.34   738.40    0.00      0.00     0.00   0.00    0.00     0.00    0.00  23.36
nvme2n1         70.40  34902.40    17.60  20.00    0.27   495.77   42.40  32103.20     4.80  10.17    0.35   757.15    0.00      0.00     0.00   0.00    0.00     0.00    0.00  24.56
nvme30n1        70.60  34667.20    16.40  18.85    0.28   491.04   42.00  32200.80     1.60   3.67    0.43   766.69    0.00      0.00     0.00   0.00    0.00     0.00    0.00  23.68
nvme31n1        70.60  33435.20    18.00  20.32    0.29   473.59   46.20  33012.80     3.80   7.60    0.34   714.56    0.00      0.00     0.00   0.00    0.00     0.00    0.00  23.76
nvme3n1         70.20  35208.80    14.60  17.22    0.27   501.55   43.00  32611.20     3.00   6.52    0.33   758.40    0.00      0.00     0.00   0.00    0.00     0.00    0.00  23.20
nvme4n1         74.20  36015.20    18.60  20.04    0.27   485.38   42.00  33043.20     2.40   5.41    0.36   786.74    0.00      0.00     0.00   0.00    0.00     0.00    0.00  25.04
nvme5n1         72.60  36112.00    15.40  17.50    0.28   497.41   43.40  33934.40     5.20  10.70    0.36   781.90    0.00      0.00     0.00   0.00    0.00     0.00    0.00  23.44
nvme6n1         74.80  36776.00    18.60  19.91    0.28   491.66   41.00  31701.60     4.20   9.29    0.38   773.21    0.00      0.00     0.00   0.00    0.00     0.00    0.00  24.16
nvme7n1         74.00  36668.80    15.40  17.23    0.29   495.52   40.60  31900.80     2.60   6.02    0.37   785.73    0.00      0.00     0.00   0.00    0.00     0.00    0.00  23.12
nvme8n1         77.20  36925.60    19.40  20.08    0.28   478.31   43.00  31728.80     4.80  10.04    0.35   737.88    0.00      0.00     0.00   0.00    0.00     0.00    0.00  24.16
nvme9n1         77.20  38385.60    17.20  18.22    0.29   497.22   41.20  32478.40     3.80   8.44    0.36   788.31    0.00      0.00     0.00   0.00    0.00     0.00    0.00  24.56


Device            r/s     rkB/s   rrqm/s  %rrqm r_await rareq-sz     w/s     wkB/s   wrqm/s  %wrqm w_await wareq-sz     d/s     dkB/s   drqm/s  %drqm d_await dareq-sz  aqu-sz  %util
dm-0             0.00      0.00     0.00   0.00    0.00     0.00    2.80     11.20     0.00   0.00    0.00     4.00    0.00      0.00     0.00   0.00    0.00     0.00    0.00   0.16
loop0            0.00      0.00     0.00   0.00    0.00     0.00    0.00      0.00     0.00   0.00    0.00     0.00    0.00      0.00     0.00   0.00    0.00     0.00    0.00   0.00
loop1            0.00      0.00     0.00   0.00    0.00     0.00    0.00      0.00     0.00   0.00    0.00     0.00    0.00      0.00     0.00   0.00    0.00     0.00    0.00   0.00
loop2            0.00      0.00     0.00   0.00    0.00     0.00    0.00      0.00     0.00   0.00    0.00     0.00    0.00      0.00     0.00   0.00    0.00     0.00    0.00   0.00
loop3            0.00      0.00     0.00   0.00    0.00     0.00    0.00      0.00     0.00   0.00    0.00     0.00    0.00      0.00     0.00   0.00    0.00     0.00    0.00   0.00
loop4            0.00      0.00     0.00   0.00    0.00     0.00    0.00      0.00     0.00   0.00    0.00     0.00    0.00      0.00     0.00   0.00    0.00     0.00    0.00   0.00
loop5            0.00      0.00     0.00   0.00    0.00     0.00    0.00      0.00     0.00   0.00    0.00     0.00    0.00      0.00     0.00   0.00    0.00     0.00    0.00   0.00
loop6            0.00      0.00     0.00   0.00    0.00     0.00    0.00      0.00     0.00   0.00    0.00     0.00    0.00      0.00     0.00   0.00    0.00     0.00    0.00   0.00
loop7            0.00      0.00     0.00   0.00    0.00     0.00    0.00      0.00     0.00   0.00    0.00     0.00    0.00      0.00     0.00   0.00    0.00     0.00    0.00   0.00
md0           9877.60 4366640.00     0.00   0.00    0.00   442.07 5935.80 4234394.40     0.00   0.00    0.00   713.37    0.00      0.00     0.00   0.00    0.00     0.00    0.00   0.00
nvme0n1          0.00      0.00     0.00   0.00    0.00     0.00    0.80     11.20     2.00  71.43    0.00    14.00    0.00      0.00     0.00   0.00    0.00     0.00    0.00   0.16
nvme10n1       261.60 124847.20    57.00  17.89    0.30   477.24  178.80 130945.60     1.20   0.67    0.39   732.36    0.00      0.00     0.00   0.00    0.00     0.00    0.00  59.84
nvme11n1       258.60 125080.00    60.00  18.83    0.33   483.68  184.40 132131.20     1.40   0.75    0.41   716.55    0.00      0.00     0.00   0.00    0.00     0.00    0.00  59.44
nvme12n1       263.60 126667.20    57.80  17.98    0.32   480.53  181.60 132913.60     1.20   0.66    0.42   731.90    0.00      0.00     0.00   0.00    0.00     0.00    0.00  59.36
nvme13n1       262.00 127267.20    61.80  19.09    0.36   485.75  185.80 136057.60     1.20   0.64    0.44   732.28    0.00      0.00     0.00   0.00    0.00     0.00    0.00  59.36
nvme14n1       268.60 127759.20    58.40  17.86    0.33   475.65  184.00 134805.60     1.20   0.65    0.42   732.64    0.00      0.00     0.00   0.00    0.00     0.00    0.00  61.12
nvme15n1       266.20 127232.00    60.40  18.49    0.31   477.96  177.60 132424.80     1.20   0.67    0.38   745.64    0.00      0.00     0.00   0.00    0.00     0.00    0.00  59.68
nvme16n1       261.80 126341.60    59.40  18.49    0.32   482.59  205.80 132376.00     4.40   2.09    0.36   643.23    0.00      0.00     0.00   0.00    0.00     0.00    0.00  63.44
nvme17n1       261.00 125919.20    61.60  19.09    0.32   482.45  245.20 132430.40     4.40   1.76    0.30   540.09    0.00      0.00     0.00   0.00    0.00     0.00    0.00  61.92
nvme18n1       256.00 124830.40    56.20  18.00    0.33   487.62  227.40 129522.40     3.20   1.39    0.32   569.58    0.00      0.00     0.00   0.00    0.00     0.00    0.00  62.16
nvme19n1       258.60 124713.60    59.40  18.68    0.32   482.26  175.00 129376.00     1.40   0.79    0.40   739.29    0.00      0.00     0.00   0.00    0.00     0.00    0.00  59.20
nvme1n1        256.40 124602.40    58.60  18.60    0.31   485.97  169.20 126948.00     0.60   0.35    0.44   750.28    0.00      0.00     0.00   0.00    0.00     0.00    0.00  58.32
nvme20n1       252.40 122879.20    57.60  18.58    0.32   486.84  172.40 129508.00     1.20   0.69    0.40   751.21    0.00      0.00     0.00   0.00    0.00     0.00    0.00  60.40
nvme21n1       261.00 124254.40    59.40  18.54    0.31   476.07  177.40 128956.80     1.20   0.67    0.39   726.93    0.00      0.00     0.00   0.00    0.00     0.00    0.00  60.08
nvme22n1       254.80 123572.80    56.40  18.12    0.30   484.98  208.00 129561.60     0.80   0.38    0.32   622.89    0.00      0.00     0.00   0.00    0.00     0.00    0.00  63.84
nvme23n1       251.60 122104.80    58.20  18.79    0.31   485.31  172.60 130667.20     0.80   0.46    0.38   757.05    0.00      0.00     0.00   0.00    0.00     0.00    0.00  60.24
nvme24n1       265.80 123813.60    56.20  17.45    0.29   465.81  225.80 130444.00     0.60   0.27    0.30   577.70    0.00      0.00     0.00   0.00    0.00     0.00    0.00  62.40
nvme25n1       255.40 123211.20    57.80  18.45    0.31   482.42  201.80 128199.20     0.80   0.39    0.34   635.28    0.00      0.00     0.00   0.00    0.00     0.00    0.00  62.08
nvme26n1       264.00 127445.60    57.20  17.81    0.31   482.75  185.40 130100.80     0.60   0.32    0.37   701.73    0.00      0.00     0.00   0.00    0.00     0.00    0.00  61.52
nvme27n1       269.40 129648.80    58.80  17.92    0.29   481.25  178.80 127986.40     0.60   0.33    0.36   715.81    0.00      0.00     0.00   0.00    0.00     0.00    0.00  59.84
nvme28n1       264.00 126534.40    55.60  17.40    0.31   479.30  169.20 126948.00     0.60   0.35    0.37   750.28    0.00      0.00     0.00   0.00    0.00     0.00    0.00  60.08
nvme29n1       261.80 127192.80    61.40  19.00    0.31   485.84  170.40 127041.60     0.60   0.35    0.36   745.55    0.00      0.00     0.00   0.00    0.00     0.00    0.00  60.88
nvme2n1        248.20 122041.60    57.80  18.89    0.33   491.71  170.20 127924.80     0.80   0.47    0.40   751.61    0.00      0.00     0.00   0.00    0.00     0.00    0.00  58.96
nvme30n1       263.40 125354.40    56.20  17.58    0.32   475.91  172.20 127667.20     0.60   0.35    0.45   741.39    0.00      0.00     0.00   0.00    0.00     0.00    0.00  60.00
nvme31n1       254.60 124369.60    57.80  18.50    0.30   488.49  170.40 126234.40     0.60   0.35    0.39   740.81    0.00      0.00     0.00   0.00    0.00     0.00    0.00  59.68
nvme3n1        256.00 122301.60    56.00  17.95    0.31   477.74  174.60 130514.40     1.00   0.57    0.39   747.51    0.00      0.00     0.00   0.00    0.00     0.00    0.00  59.20
nvme4n1        257.40 124229.60    56.00  17.87    0.31   482.63  180.80 132647.20     1.00   0.55    0.39   733.67    0.00      0.00     0.00   0.00    0.00     0.00    0.00  60.56
nvme5n1        261.60 126911.20    59.40  18.50    0.31   485.13  179.60 133700.80     1.00   0.55    0.38   744.44    0.00      0.00     0.00   0.00    0.00     0.00    0.00  60.08
nvme6n1        262.60 128385.60    58.00  18.09    0.34   488.90  183.20 136211.20     1.20   0.65    0.41   743.51    0.00      0.00     0.00   0.00    0.00     0.00    0.00  60.16
nvme7n1        263.60 127684.80    59.20  18.34    0.31   484.39  182.00 135816.80     1.20   0.66    0.38   746.25    0.00      0.00     0.00   0.00    0.00     0.00    0.00  60.96
nvme8n1        263.80 126808.80    57.20  17.82    0.32   480.70  181.20 135126.40     1.40   0.77    0.41   745.73    0.00      0.00     0.00   0.00    0.00     0.00    0.00  60.80
nvme9n1        263.40 127000.00    61.60  18.95    0.32   482.16  181.80 132331.20     1.40   0.76    0.40   727.89    0.00      0.00     0.00   0.00    0.00     0.00    0.00  59.36


Device            r/s     rkB/s   rrqm/s  %rrqm r_await rareq-sz     w/s     wkB/s   wrqm/s  %wrqm w_await wareq-sz     d/s     dkB/s   drqm/s  %drqm d_await dareq-sz  aqu-sz  %util
dm-0             0.00      0.00     0.00   0.00    0.00     0.00    0.80      3.20     0.00   0.00    0.00     4.00    0.00      0.00     0.00   0.00    0.00     0.00    0.00   0.08
loop0            0.00      0.00     0.00   0.00    0.00     0.00    0.00      0.00     0.00   0.00    0.00     0.00    0.00      0.00     0.00   0.00    0.00     0.00    0.00   0.00
loop1            0.00      0.00     0.00   0.00    0.00     0.00    0.00      0.00     0.00   0.00    0.00     0.00    0.00      0.00     0.00   0.00    0.00     0.00    0.00   0.00
loop2            0.00      0.00     0.00   0.00    0.00     0.00    0.00      0.00     0.00   0.00    0.00     0.00    0.00      0.00     0.00   0.00    0.00     0.00    0.00   0.00
loop3            0.00      0.00     0.00   0.00    0.00     0.00    0.00      0.00     0.00   0.00    0.00     0.00    0.00      0.00     0.00   0.00    0.00     0.00    0.00   0.00
loop4            0.00      0.00     0.00   0.00    0.00     0.00    0.00      0.00     0.00   0.00    0.00     0.00    0.00      0.00     0.00   0.00    0.00     0.00    0.00   0.00
loop5            0.00      0.00     0.00   0.00    0.00     0.00    0.00      0.00     0.00   0.00    0.00     0.00    0.00      0.00     0.00   0.00    0.00     0.00    0.00   0.00
loop6            0.00      0.00     0.00   0.00    0.00     0.00    0.00      0.00     0.00   0.00    0.00     0.00    0.00      0.00     0.00   0.00    0.00     0.00    0.00   0.00
loop7            0.00      0.00     0.00   0.00    0.00     0.00    0.00      0.00     0.00   0.00    0.00     0.00    0.00      0.00     0.00   0.00    0.00     0.00    0.00   0.00
md0           3849.40 1824399.20     0.00   0.00    0.00   473.94 2971.00 1898622.40     0.00   0.00    0.00   639.05    0.00      0.00     0.00   0.00    0.00     0.00    0.00   0.00
nvme0n1          0.00      0.00     0.00   0.00    0.00     0.00    0.40      3.20     0.40  50.00    0.00     8.00    0.00      0.00     0.00   0.00    0.00     0.00    0.00   0.08
nvme10n1        98.80  48760.00    24.80  20.06    0.28   493.52   85.40  57003.20     5.40   5.95    0.34   667.48    0.00      0.00     0.00   0.00    0.00     0.00    0.00  38.64
nvme11n1        98.60  49061.60    22.80  18.78    0.28   497.58   85.60  57914.40     5.40   5.93    0.33   676.57    0.00      0.00     0.00   0.00    0.00     0.00    0.00  38.80
nvme12n1        96.40  47804.00    23.80  19.80    0.28   495.89   86.60  57376.00     3.20   3.56    0.34   662.54    0.00      0.00     0.00   0.00    0.00     0.00    0.00  38.32
nvme13n1       100.80  49218.40    22.00  17.92    0.28   488.28   89.00  57989.60     4.40   4.71    0.33   651.57    0.00      0.00     0.00   0.00    0.00     0.00    0.00  38.40
nvme14n1        99.80  49154.40    23.40  18.99    0.29   492.53   87.20  58146.40     6.00   6.44    0.33   666.82    0.00      0.00     0.00   0.00    0.00     0.00    0.00  39.12
nvme15n1        97.20  48674.40    23.20  19.27    0.29   500.77   84.80  56747.20     4.80   5.36    0.32   669.19    0.00      0.00     0.00   0.00    0.00     0.00    0.00  38.96
nvme16n1       100.40  47588.00    22.80  18.51    0.27   473.98   97.40  55776.80     6.20   5.98    0.27   572.66    0.00      0.00     0.00   0.00    0.00     0.00    0.00  42.96
nvme17n1        94.80  48198.40    23.00  19.52    0.28   508.42  116.20  56031.20    14.40  11.03    0.24   482.20    0.00      0.00     0.00   0.00    0.00     0.00    0.00  40.88
nvme18n1       101.00  49532.80    23.80  19.07    0.28   490.42  101.60  55840.00    10.60   9.45    0.30   549.61    0.00      0.00     0.00   0.00    0.00     0.00    0.00  39.92
nvme19n1        97.60  48584.80    23.80  19.60    0.27   497.80   83.60  54807.20     4.60   5.22    0.32   655.59    0.00      0.00     0.00   0.00    0.00     0.00    0.00  38.08
nvme1n1        102.00  49968.00    23.80  18.92    0.29   489.88   83.60  56488.00     7.60   8.33    0.35   675.69    0.00      0.00     0.00   0.00    0.00     0.00    0.00  38.40
nvme20n1       101.40  49444.80    23.80  19.01    0.26   487.62   82.60  54067.20     3.80   4.40    0.32   654.57    0.00      0.00     0.00   0.00    0.00     0.00    0.00  37.68
nvme21n1        97.20  49405.60    23.00  19.13    0.27   508.29   80.40  54386.40     3.60   4.29    0.34   676.45    0.00      0.00     0.00   0.00    0.00     0.00    0.00  37.84
nvme22n1       102.20  49532.80    23.00  18.37    0.27   484.67  100.40  54708.00    11.80  10.52    0.25   544.90    0.00      0.00     0.00   0.00    0.00     0.00    0.00  42.88
nvme23n1       100.60  50482.40    23.60  19.00    0.27   501.81   80.40  54890.40     3.00   3.60    0.32   682.72    0.00      0.00     0.00   0.00    0.00     0.00    0.00  39.20
nvme24n1       107.00  50329.60    24.00  18.32    0.27   470.37  100.00  55395.20    43.60  30.36    0.27   553.95    0.00      0.00     0.00   0.00    0.00     0.00    0.00  42.08
nvme25n1       100.60  50386.40    26.20  20.66    0.26   500.86   84.80  54912.80     6.60   7.22    0.30   647.56    0.00      0.00     0.00   0.00    0.00     0.00    0.00  39.12
nvme26n1       103.20  49350.40    24.00  18.87    0.28   478.20   83.60  54188.00     9.60  10.30    0.30   648.18    0.00      0.00     0.00   0.00    0.00     0.00    0.00  38.16
nvme27n1       100.00  48879.20    24.00  19.35    0.26   488.79   81.60  54518.40     3.60   4.23    0.31   668.12    0.00      0.00     0.00   0.00    0.00     0.00    0.00  38.08
nvme28n1       104.60  50548.00    24.20  18.79    0.27   483.25   82.00  55658.40     8.40   9.29    0.30   678.76    0.00      0.00     0.00   0.00    0.00     0.00    0.00  38.56
nvme29n1       102.00  50495.20    24.00  19.05    0.27   495.05   80.80  55202.40     1.80   2.18    0.31   683.20    0.00      0.00     0.00   0.00    0.00     0.00    0.00  39.76
nvme2n1        100.40  50084.80    25.20  20.06    0.29   498.85   85.00  56864.80     5.20   5.76    0.31   669.00    0.00      0.00     0.00   0.00    0.00     0.00    0.00  38.88
nvme30n1       104.20  49971.20    23.60  18.47    0.28   479.57   80.80  55742.40     9.00  10.02    0.36   689.88    0.00      0.00     0.00   0.00    0.00     0.00    0.00  38.40
nvme31n1       100.40  49418.40    25.40  20.19    0.27   492.22   83.00  55738.40     3.60   4.16    0.33   671.55    0.00      0.00     0.00   0.00    0.00     0.00    0.00  38.72
nvme3n1        102.80  50379.20    22.40  17.89    0.27   490.07   84.40  56113.60     7.80   8.46    0.31   664.85    0.00      0.00     0.00   0.00    0.00     0.00    0.00  38.16
nvme4n1        101.20  50500.00    25.00  19.81    0.27   499.01   84.60  56524.00     6.20   6.83    0.32   668.13    0.00      0.00     0.00   0.00    0.00     0.00    0.00  40.40
nvme5n1        102.00  50144.80    21.80  17.61    0.27   491.62   82.80  56380.00     4.00   4.61    0.32   680.92    0.00      0.00     0.00   0.00    0.00     0.00    0.00  38.88
nvme6n1        100.40  49739.20    25.00  19.94    0.27   495.41   85.00  56378.40     6.20   6.80    0.32   663.28    0.00      0.00     0.00   0.00    0.00     0.00    0.00  39.28
nvme7n1        100.00  49240.00    21.20  17.49    0.28   492.40   82.40  55660.00     7.40   8.24    0.33   675.49    0.00      0.00     0.00   0.00    0.00     0.00    0.00  38.48
nvme8n1        100.40  49359.20    24.20  19.42    0.27   491.63   86.00  55952.80     6.40   6.93    0.31   650.61    0.00      0.00     0.00   0.00    0.00     0.00    0.00  37.60
nvme9n1         98.40  48596.00    22.40  18.54    0.28   493.86   83.00  56174.40     4.20   4.82    0.34   676.80    0.00      0.00     0.00   0.00    0.00     0.00    0.00  37.84


Device            r/s     rkB/s   rrqm/s  %rrqm r_await rareq-sz     w/s     wkB/s   wrqm/s  %wrqm w_await wareq-sz     d/s     dkB/s   drqm/s  %drqm d_await dareq-sz  aqu-sz  %util
dm-0             0.40      1.60     0.00   0.00    0.00     4.00    4.20     66.40     0.00   0.00    0.00    15.81    0.00      0.00     0.00   0.00    0.00     0.00    0.00   0.16
loop0            0.00      0.00     0.00   0.00    0.00     0.00    0.00      0.00     0.00   0.00    0.00     0.00    0.00      0.00     0.00   0.00    0.00     0.00    0.00   0.00
loop1            0.00      0.00     0.00   0.00    0.00     0.00    0.00      0.00     0.00   0.00    0.00     0.00    0.00      0.00     0.00   0.00    0.00     0.00    0.00   0.00
loop2            0.00      0.00     0.00   0.00    0.00     0.00    0.00      0.00     0.00   0.00    0.00     0.00    0.00      0.00     0.00   0.00    0.00     0.00    0.00   0.00
loop3            0.00      0.00     0.00   0.00    0.00     0.00    0.00      0.00     0.00   0.00    0.00     0.00    0.00      0.00     0.00   0.00    0.00     0.00    0.00   0.00
loop4            0.00      0.00     0.00   0.00    0.00     0.00    0.00      0.00     0.00   0.00    0.00     0.00    0.00      0.00     0.00   0.00    0.00     0.00    0.00   0.00
loop5            0.00      0.00     0.00   0.00    0.00     0.00    0.00      0.00     0.00   0.00    0.00     0.00    0.00      0.00     0.00   0.00    0.00     0.00    0.00   0.00
loop6            0.00      0.00     0.00   0.00    0.00     0.00    0.00      0.00     0.00   0.00    0.00     0.00    0.00      0.00     0.00   0.00    0.00     0.00    0.00   0.00
loop7            0.00      0.00     0.00   0.00    0.00     0.00    0.00      0.00     0.00   0.00    0.00     0.00    0.00      0.00     0.00   0.00    0.00     0.00    0.00   0.00
md0           9372.60 4117939.20     0.00   0.00    0.00   439.36 5768.60 3944096.80     0.00   0.00    0.00   683.72    0.00      0.00     0.00   0.00    0.00     0.00    0.00   0.00
nvme0n1          0.40      1.60     0.00   0.00    0.00     4.00    1.40     66.40     2.80  66.67    0.00    47.43    0.00      0.00     0.00   0.00    0.00     0.00    0.00   0.16
nvme10n1       243.80 117252.80    53.20  17.91    0.29   480.94  168.80 122073.60     1.60   0.94    0.39   723.18    0.00      0.00     0.00   0.00    0.00     0.00    0.00  63.52
nvme11n1       244.80 117120.80    53.20  17.85    0.29   478.43  169.60 123004.00     1.60   0.93    0.40   725.26    0.00      0.00     0.00   0.00    0.00     0.00    0.00  63.52
nvme12n1       249.40 117864.00    53.60  17.69    0.30   472.59  171.80 121951.20     1.80   1.04    0.40   709.84    0.00      0.00     0.00   0.00    0.00     0.00    0.00  62.40
nvme13n1       248.20 118845.60    55.80  18.36    0.31   478.83  170.40 121540.00     1.80   1.05    0.40   713.26    0.00      0.00     0.00   0.00    0.00     0.00    0.00  64.16
nvme14n1       255.80 121589.60    54.40  17.54    0.30   475.33  174.20 122783.20     1.80   1.02    0.39   704.84    0.00      0.00     0.00   0.00    0.00     0.00    0.00  63.68
nvme15n1       252.20 119956.80    56.20  18.22    0.29   475.64  174.00 122533.60     2.20   1.25    0.39   704.22    0.00      0.00     0.00   0.00    0.00     0.00    0.00  64.00
nvme16n1       253.60 121166.40    56.40  18.19    0.29   477.79  195.80 122563.20     5.20   2.59    0.35   625.96    0.00      0.00     0.00   0.00    0.00     0.00    0.00  66.64
nvme17n1       247.60 117491.20    57.80  18.93    0.29   474.52  233.80 122472.00     4.60   1.93    0.30   523.83    0.00      0.00     0.00   0.00    0.00     0.00    0.00  65.52
nvme18n1       247.60 118183.20    53.80  17.85    0.30   477.32  222.40 123303.20     4.80   2.11    0.33   554.42    0.00      0.00     0.00   0.00    0.00     0.00    0.00  65.28
nvme19n1       247.00 116889.60    58.40  19.12    0.30   473.24  173.60 122129.60     2.20   1.25    0.40   703.51    0.00      0.00     0.00   0.00    0.00     0.00    0.00  62.96
nvme1n1        249.60 118710.40    55.20  18.11    0.29   475.60  169.60 121629.60     2.40   1.40    0.40   717.16    0.00      0.00     0.00   0.00    0.00     0.00    0.00  64.80
nvme20n1       243.60 116797.60    53.80  18.09    0.28   479.46  173.40 123964.00     2.20   1.25    0.39   714.90    0.00      0.00     0.00   0.00    0.00     0.00    0.00  63.28
nvme21n1       242.60 116480.00    57.80  19.24    0.29   480.13  176.00 125089.60     2.40   1.35    0.39   710.74    0.00      0.00     0.00   0.00    0.00     0.00    0.00  63.12
nvme22n1       241.60 114415.20    51.80  17.66    0.28   473.57  208.20 123303.20     2.20   1.05    0.31   592.23    0.00      0.00     0.00   0.00    0.00     0.00    0.00  68.32
nvme23n1       243.60 115447.20    56.00  18.69    0.29   473.92  175.00 123524.00     2.20   1.24    0.37   705.85    0.00      0.00     0.00   0.00    0.00     0.00    0.00  63.68
nvme24n1       240.40 114551.20    51.60  17.67    0.28   476.50  221.00 123216.80     2.20   0.99    0.30   557.54    0.00      0.00     0.00   0.00    0.00     0.00    0.00  66.64
nvme25n1       241.60 116195.20    55.00  18.54    0.29   480.94  189.60 123228.80     2.40   1.25    0.34   649.94    0.00      0.00     0.00   0.00    0.00     0.00    0.00  66.96
nvme26n1       246.60 117896.00    52.80  17.64    0.29   478.09  186.40 124225.60     2.60   1.38    0.35   666.45    0.00      0.00     0.00   0.00    0.00     0.00    0.00  64.16
nvme27n1       248.60 119966.40    58.20  18.97    0.29   482.57  174.20 123839.20     2.60   1.47    0.35   710.90    0.00      0.00     0.00   0.00    0.00     0.00    0.00  64.16
nvme28n1       250.40 120331.20    54.60  17.90    0.29   480.56  170.00 123214.40     2.40   1.39    0.36   724.79    0.00      0.00     0.00   0.00    0.00     0.00    0.00  64.48
nvme29n1       250.40 119306.40    60.40  19.43    0.28   476.46  173.00 123292.80     2.40   1.37    0.35   712.68    0.00      0.00     0.00   0.00    0.00     0.00    0.00  63.20
nvme2n1        250.00 118257.60    57.80  18.78    0.30   473.03  169.40 120835.20     2.40   1.40    0.38   713.31    0.00      0.00     0.00   0.00    0.00     0.00    0.00  63.76
nvme30n1       252.00 119326.40    55.60  18.08    0.30   473.52  171.60 121127.20     2.40   1.38    0.41   705.87    0.00      0.00     0.00   0.00    0.00     0.00    0.00  64.32
nvme31n1       249.60 118932.80    57.80  18.80    0.30   476.49  170.80 122449.60     2.40   1.39    0.39   716.92    0.00      0.00     0.00   0.00    0.00     0.00    0.00  63.84
nvme3n1        249.40 118013.60    54.20  17.85    0.28   473.19  167.40 121809.60     2.20   1.30    0.36   727.66    0.00      0.00     0.00   0.00    0.00     0.00    0.00  63.52
nvme4n1        246.20 118562.40    58.60  19.23    0.29   481.57  167.20 121236.00     2.00   1.18    0.37   725.10    0.00      0.00     0.00   0.00    0.00     0.00    0.00  63.52
nvme5n1        245.60 118654.40    54.80  18.24    0.29   483.12  169.00 122332.80     2.00   1.17    0.38   723.86    0.00      0.00     0.00   0.00    0.00     0.00    0.00  63.76
nvme6n1        246.80 117614.40    55.80  18.44    0.30   476.56  169.40 122165.60     1.60   0.94    0.41   721.17    0.00      0.00     0.00   0.00    0.00     0.00    0.00  64.56
nvme7n1        242.20 116708.80    54.20  18.29    0.29   481.87  170.40 122906.40     1.60   0.93    0.37   721.28    0.00      0.00     0.00   0.00    0.00     0.00    0.00  63.36
nvme8n1        241.80 115652.00    54.20  18.31    0.30   478.30  170.40 122531.20     1.60   0.93    0.37   719.08    0.00      0.00     0.00   0.00    0.00     0.00    0.00  61.52
nvme9n1        243.60 115884.00    53.20  17.92    0.29   475.71  171.00 121762.40     1.60   0.93    0.38   712.06    0.00      0.00     0.00   0.00    0.00     0.00    0.00  63.04


Device            r/s     rkB/s   rrqm/s  %rrqm r_await rareq-sz     w/s     wkB/s   wrqm/s  %wrqm w_await wareq-sz     d/s     dkB/s   drqm/s  %drqm d_await dareq-sz  aqu-sz  %util
dm-0            20.60    101.60     0.00   0.00    0.04     4.93   20.60     85.60     0.00   0.00    0.00     4.16    0.00      0.00     0.00   0.00    0.00     0.00    0.00   0.40
loop0            0.00      0.00     0.00   0.00    0.00     0.00    0.00      0.00     0.00   0.00    0.00     0.00    0.00      0.00     0.00   0.00    0.00     0.00    0.00   0.00
loop1            0.00      0.00     0.00   0.00    0.00     0.00    0.00      0.00     0.00   0.00    0.00     0.00    0.00      0.00     0.00   0.00    0.00     0.00    0.00   0.00
loop2            0.00      0.00     0.00   0.00    0.00     0.00    0.00      0.00     0.00   0.00    0.00     0.00    0.00      0.00     0.00   0.00    0.00     0.00    0.00   0.00
loop3            0.00      0.00     0.00   0.00    0.00     0.00    0.00      0.00     0.00   0.00    0.00     0.00    0.00      0.00     0.00   0.00    0.00     0.00    0.00   0.00
loop4            0.00      0.00     0.00   0.00    0.00     0.00    0.00      0.00     0.00   0.00    0.00     0.00    0.00      0.00     0.00   0.00    0.00     0.00    0.00   0.00
loop5            0.00      0.00     0.00   0.00    0.00     0.00    0.00      0.00     0.00   0.00    0.00     0.00    0.00      0.00     0.00   0.00    0.00     0.00    0.00   0.00
loop6            0.00      0.00     0.00   0.00    0.00     0.00    0.00      0.00     0.00   0.00    0.00     0.00    0.00      0.00     0.00   0.00    0.00     0.00    0.00   0.00
loop7            0.00      0.00     0.00   0.00    0.00     0.00    0.00      0.00     0.00   0.00    0.00     0.00    0.00      0.00     0.00   0.00    0.00     0.00    0.00   0.00
md0           7536.20 2863986.40     0.00   0.00    0.00   380.03 5032.80 2444023.20     0.00   0.00    0.00   485.62    0.00      0.00     0.00   0.00    0.00     0.00    0.00   0.00
nvme0n1          8.40    101.60    12.20  59.22    0.07    12.10   16.20     85.60     4.40  21.36    0.05     5.28    0.00      0.00     0.00   0.00    0.00     0.00    0.00   0.40
nvme10n1       199.00  82028.80    48.60  19.63    0.27   412.21  153.80  78363.20     6.00   3.75    0.35   509.51    0.00      0.00     0.00   0.00    0.00     0.00    0.00  42.80
nvme11n1       198.40  81949.60    44.60  18.35    0.28   413.05  150.80  78076.00     6.20   3.95    0.37   517.75    0.00      0.00     0.00   0.00    0.00     0.00    0.00  42.72
nvme12n1       195.40  80339.20    47.60  19.59    0.27   411.15  146.80  77462.40     5.60   3.67    0.38   527.67    0.00      0.00     0.00   0.00    0.00     0.00    0.00  42.40
nvme13n1       199.20  81755.20    44.60  18.29    0.28   410.42  150.40  78420.80     5.40   3.47    0.39   521.41    0.00      0.00     0.00   0.00    0.00     0.00    0.00  42.40
nvme14n1       200.40  81200.00    48.60  19.52    0.29   405.19  150.60  78407.20     6.00   3.83    0.37   520.63    0.00      0.00     0.00   0.00    0.00     0.00    0.00  41.84
nvme15n1       196.80  80298.40    45.40  18.74    0.28   408.02  151.80  79465.60     6.80   4.29    0.36   523.49    0.00      0.00     0.00   0.00    0.00     0.00    0.00  41.52
nvme16n1       197.60  79088.80    49.60  20.06    0.28   400.25  159.40  78336.80     7.60   4.55    0.33   491.45    0.00      0.00     0.00   0.00    0.00     0.00    0.00  42.16
nvme17n1       195.00  79165.60    45.60  18.95    0.28   405.98  200.40  78079.20    12.40   5.83    0.27   389.62    0.00      0.00     0.00   0.00    0.00     0.00    0.00  42.56
nvme18n1       194.20  78450.40    44.40  18.61    0.29   403.97  187.20  77373.60    12.00   6.02    0.30   413.32    0.00      0.00     0.00   0.00    0.00     0.00    0.00  43.28
nvme19n1       192.60  78004.80    44.60  18.80    0.29   405.01  146.40  76988.80     6.00   3.94    0.36   525.88    0.00      0.00     0.00   0.00    0.00     0.00    0.00  42.00
nvme1n1        198.20  81414.40    43.60  18.03    0.28   410.77  149.80  78848.00     5.80   3.73    0.39   526.36    0.00      0.00     0.00   0.00    0.00     0.00    0.00  43.12
nvme20n1       200.80  80550.40    44.20  18.04    0.28   401.15  151.80  77249.60     4.60   2.94    0.34   508.89    0.00      0.00     0.00   0.00    0.00     0.00    0.00  43.04
nvme21n1       195.40  79828.00    44.60  18.58    0.26   408.54  146.20  75724.00     5.00   3.31    0.37   517.95    0.00      0.00     0.00   0.00    0.00     0.00    0.00  41.68
nvme22n1       194.40  80043.20    42.40  17.91    0.26   411.74  163.80  75415.20     6.80   3.99    0.31   460.41    0.00      0.00     0.00   0.00    0.00     0.00    0.00  45.68
nvme23n1       195.00  79647.20    43.20  18.14    0.26   408.45  140.40  73683.20     5.40   3.70    0.33   524.81    0.00      0.00     0.00   0.00    0.00     0.00    0.00  41.68
nvme24n1       197.00  79672.00    46.40  19.06    0.27   404.43  180.40  73768.80    37.60  17.25    0.28   408.92    0.00      0.00     0.00   0.00    0.00     0.00    0.00  44.64
nvme25n1       196.40  79724.80    44.60  18.51    0.27   405.93  143.40  72994.40     8.20   5.41    0.33   509.03    0.00      0.00     0.00   0.00    0.00     0.00    0.00  42.40
nvme26n1       195.00  80600.80    46.20  19.15    0.27   413.34  149.00  74740.00     4.00   2.61    0.34   501.61    0.00      0.00     0.00   0.00    0.00     0.00    0.00  42.88
nvme27n1       194.00  79347.20    44.80  18.76    0.26   409.01  142.80  75580.00     4.80   3.25    0.34   529.27    0.00      0.00     0.00   0.00    0.00     0.00    0.00  42.56
nvme28n1       194.60  79927.20    43.80  18.37    0.27   410.73  145.00  76984.00     4.40   2.95    0.34   530.92    0.00      0.00     0.00   0.00    0.00     0.00    0.00  41.20
nvme29n1       194.00  78629.60    44.60  18.69    0.27   405.31  147.20  77888.00     7.20   4.66    0.34   529.13    0.00      0.00     0.00   0.00    0.00     0.00    0.00  41.28
nvme2n1        199.80  81856.00    46.20  18.78    0.28   409.69  149.80  79668.00     6.40   4.10    0.36   531.83    0.00      0.00     0.00   0.00    0.00     0.00    0.00  42.40
nvme30n1       193.20  78719.20    42.20  17.93    0.27   407.45  148.80  77736.00     6.00   3.88    0.41   522.42    0.00      0.00     0.00   0.00    0.00     0.00    0.00  41.92
nvme31n1       196.40  80420.00    44.60  18.51    0.27   409.47  146.40  78940.80     6.60   4.31    0.37   539.21    0.00      0.00     0.00   0.00    0.00     0.00    0.00  42.72
nvme3n1        201.40  83038.40    44.00  17.93    0.27   412.31  150.40  79464.80     5.00   3.22    0.36   528.36    0.00      0.00     0.00   0.00    0.00     0.00    0.00  43.52
nvme4n1        203.20  83566.40    47.80  19.04    0.28   411.25  148.80  79053.60     6.20   4.00    0.36   531.27    0.00      0.00     0.00   0.00    0.00     0.00    0.00  43.44
nvme5n1        204.80  83349.60    44.00  17.68    0.27   406.98  149.20  78440.00     4.00   2.61    0.34   525.74    0.00      0.00     0.00   0.00    0.00     0.00    0.00  44.24
nvme6n1        204.20  83512.00    48.40  19.16    0.27   408.97  151.40  78764.00     5.40   3.44    0.36   520.24    0.00      0.00     0.00   0.00    0.00     0.00    0.00  42.96
nvme7n1        204.00  83154.40    44.40  17.87    0.28   407.62  146.80  78313.60     5.80   3.80    0.35   533.47    0.00      0.00     0.00   0.00    0.00     0.00    0.00  43.28
nvme8n1        199.60  83244.00    48.00  19.39    0.27   417.05  146.80  77768.80     4.80   3.17    0.36   529.76    0.00      0.00     0.00   0.00    0.00     0.00    0.00  43.36
nvme9n1        199.60  82406.40    44.20  18.13    0.29   412.86  148.80  79184.80     4.20   2.75    0.37   532.16    0.00      0.00     0.00   0.00    0.00     0.00    0.00  42.72


Device            r/s     rkB/s   rrqm/s  %rrqm r_await rareq-sz     w/s     wkB/s   wrqm/s  %wrqm w_await wareq-sz     d/s     dkB/s   drqm/s  %drqm d_await dareq-sz  aqu-sz  %util
dm-0             0.00      0.00     0.00   0.00    0.00     0.00    2.40     19.20     0.00   0.00    0.00     8.00    0.00      0.00     0.00   0.00    0.00     0.00    0.00   0.16
loop0            0.00      0.00     0.00   0.00    0.00     0.00    0.00      0.00     0.00   0.00    0.00     0.00    0.00      0.00     0.00   0.00    0.00     0.00    0.00   0.00
loop1            0.00      0.00     0.00   0.00    0.00     0.00    0.00      0.00     0.00   0.00    0.00     0.00    0.00      0.00     0.00   0.00    0.00     0.00    0.00   0.00
loop2            0.00      0.00     0.00   0.00    0.00     0.00    0.00      0.00     0.00   0.00    0.00     0.00    0.00      0.00     0.00   0.00    0.00     0.00    0.00   0.00
loop3            0.00      0.00     0.00   0.00    0.00     0.00    0.00      0.00     0.00   0.00    0.00     0.00    0.00      0.00     0.00   0.00    0.00     0.00    0.00   0.00
loop4            0.00      0.00     0.00   0.00    0.00     0.00    0.00      0.00     0.00   0.00    0.00     0.00    0.00      0.00     0.00   0.00    0.00     0.00    0.00   0.00
loop5            0.00      0.00     0.00   0.00    0.00     0.00    0.00      0.00     0.00   0.00    0.00     0.00    0.00      0.00     0.00   0.00    0.00     0.00    0.00   0.00
loop6            0.00      0.00     0.00   0.00    0.00     0.00    0.00      0.00     0.00   0.00    0.00     0.00    0.00      0.00     0.00   0.00    0.00     0.00    0.00   0.00
loop7            0.00      0.00     0.00   0.00    0.00     0.00    0.00      0.00     0.00   0.00    0.00     0.00    0.00      0.00     0.00   0.00    0.00     0.00    0.00   0.00
md0           2655.00 930859.20     0.00   0.00    0.00   350.61 1741.00 788240.00     0.00   0.00    0.00   452.75    0.00      0.00     0.00   0.00    0.00     0.00    0.00   0.00
nvme0n1          0.00      0.00     0.00   0.00    0.00     0.00    0.80     19.20     1.60  66.67    0.00    24.00    0.00      0.00     0.00   0.00    0.00     0.00    0.00   0.16
nvme10n1        67.60  26427.20    18.00  21.03    0.24   390.93   57.20  27077.60     0.00   0.00    0.37   473.38    0.00      0.00     0.00   0.00    0.00     0.00    0.00  23.84
nvme11n1        66.00  25876.00    17.80  21.24    0.25   392.06   57.40  27349.60     0.00   0.00    0.36   476.47    0.00      0.00     0.00   0.00    0.00     0.00    0.00  23.36
nvme12n1        64.60  25085.60    15.60  19.45    0.25   388.32   56.00  26644.00     0.00   0.00    0.36   475.79    0.00      0.00     0.00   0.00    0.00     0.00    0.00  22.24
nvme13n1        66.40  25219.20    16.80  20.19    0.23   379.81   56.00  26360.00     0.00   0.00    0.35   470.71    0.00      0.00     0.00   0.00    0.00     0.00    0.00  22.96
nvme14n1        65.20  25671.20    15.60  19.31    0.25   393.73   55.00  25925.60     0.00   0.00    0.36   471.37    0.00      0.00     0.00   0.00    0.00     0.00    0.00  21.28
nvme15n1        67.80  26180.00    18.40  21.35    0.24   386.14   53.20  25242.40     0.00   0.00    0.36   474.48    0.00      0.00     0.00   0.00    0.00     0.00    0.00  23.04
nvme16n1        65.00  25375.20    15.80  19.55    0.23   390.39   56.40  24934.40     0.60   1.05    0.33   442.10    0.00      0.00     0.00   0.00    0.00     0.00    0.00  22.40
nvme17n1        64.80  25037.60    18.00  21.74    0.24   386.38   67.40  24510.40     0.20   0.30    0.27   363.66    0.00      0.00     0.00   0.00    0.00     0.00    0.00  24.32
nvme18n1        66.20  26000.00    16.20  19.66    0.24   392.75   64.20  24191.20     0.80   1.23    0.29   376.81    0.00      0.00     0.00   0.00    0.00     0.00    0.00  23.44
nvme19n1        69.40  26691.20    18.60  21.14    0.24   384.60   53.00  24316.80     0.00   0.00    0.34   458.81    0.00      0.00     0.00   0.00    0.00     0.00    0.00  22.16
nvme1n1         68.40  27483.20    18.60  21.38    0.25   401.80   54.80  26624.00     0.00   0.00    0.37   485.84    0.00      0.00     0.00   0.00    0.00     0.00    0.00  22.48
nvme20n1        68.00  26555.20    16.80  19.81    0.24   390.52   50.80  23914.40     0.00   0.00    0.35   470.76    0.00      0.00     0.00   0.00    0.00     0.00    0.00  21.20
nvme21n1        67.00  26684.80    18.40  21.55    0.24   398.28   49.00  23553.60     0.00   0.00    0.37   480.69    0.00      0.00     0.00   0.00    0.00     0.00    0.00  20.96
nvme22n1        69.80  26998.40    17.00  19.59    0.24   386.80   59.20  23725.60     0.00   0.00    0.30   400.77    0.00      0.00     0.00   0.00    0.00     0.00    0.00  23.28
nvme23n1        68.20  26591.20    18.40  21.25    0.23   389.90   50.00  23981.60     0.00   0.00    0.33   479.63    0.00      0.00     0.00   0.00    0.00     0.00    0.00  21.60
nvme24n1        69.40  26743.20    17.60  20.23    0.23   385.35   60.40  23801.60     0.00   0.00    0.28   394.07    0.00      0.00     0.00   0.00    0.00     0.00    0.00  24.40
nvme25n1        66.40  26244.80    17.60  20.95    0.24   395.25   51.00  23918.40     0.00   0.00    0.34   468.99    0.00      0.00     0.00   0.00    0.00     0.00    0.00  21.68
nvme26n1        67.60  26248.00    17.40  20.47    0.24   388.28   57.00  24424.00     0.00   0.00    0.31   428.49    0.00      0.00     0.00   0.00    0.00     0.00    0.00  23.84
nvme27n1        67.40  26623.20    17.40  20.52    0.24   395.00   52.40  25000.80     0.00   0.00    0.32   477.11    0.00      0.00     0.00   0.00    0.00     0.00    0.00  22.56
nvme28n1        66.80  26024.00    17.80  21.04    0.24   389.58   51.20  24706.40     0.00   0.00    0.34   482.55    0.00      0.00     0.00   0.00    0.00     0.00    0.00  22.08
nvme29n1        66.00  25896.80    16.40  19.90    0.24   392.38   52.60  24897.60     0.00   0.00    0.33   473.34    0.00      0.00     0.00   0.00    0.00     0.00    0.00  22.08
nvme2n1         71.00  28404.00    17.60  19.86    0.25   400.06   56.80  27012.00     0.00   0.00    0.35   475.56    0.00      0.00     0.00   0.00    0.00     0.00    0.00  23.44
nvme30n1        68.80  27368.80    18.20  20.92    0.24   397.80   52.60  24866.40     0.00   0.00    0.38   472.75    0.00      0.00     0.00   0.00    0.00     0.00    0.00  21.60
nvme31n1        67.60  27219.20    16.80  19.91    0.26   402.65   54.20  26419.20     0.00   0.00    0.35   487.44    0.00      0.00     0.00   0.00    0.00     0.00    0.00  22.24
nvme3n1         72.80  28576.00    19.00  20.70    0.25   392.53   55.80  26440.00     0.00   0.00    0.33   473.84    0.00      0.00     0.00   0.00    0.00     0.00    0.00  22.40
nvme4n1         71.40  28208.80    18.60  20.67    0.24   395.08   56.80  26676.00     0.00   0.00    0.34   469.65    0.00      0.00     0.00   0.00    0.00     0.00    0.00  23.36
nvme5n1         73.00  28696.80    19.60  21.17    0.25   393.11   54.00  26132.80     0.00   0.00    0.34   483.94    0.00      0.00     0.00   0.00    0.00     0.00    0.00  23.12
nvme6n1         70.20  27715.20    18.00  20.41    0.26   394.80   55.60  26472.80     0.00   0.00    0.35   476.13    0.00      0.00     0.00   0.00    0.00     0.00    0.00  22.56
nvme7n1         69.80  26892.00    19.00  21.40    0.25   385.27   56.40  26420.80     0.00   0.00    0.33   468.45    0.00      0.00     0.00   0.00    0.00     0.00    0.00  22.32
nvme8n1         67.60  26740.00    17.80  20.84    0.24   395.56   55.00  26208.00     0.00   0.00    0.35   476.51    0.00      0.00     0.00   0.00    0.00     0.00    0.00  22.48
nvme9n1         68.80  27148.00    18.00  20.74    0.24   394.59   56.00  26798.40     0.00   0.00    0.36   478.54    0.00      0.00     0.00   0.00    0.00     0.00    0.00  23.44

