run,mode,ts,start_level,output_level,n_inputs_total,n_inputs_start,n_inputs_next,n_outputs,input_entries,reason
baseline_run1,baseline,2026/04/15-06:35:08.795282,0,1,4,4,0,,263094129,LevelL0FilesNum
baseline_run1,baseline,2026/04/15-06:35:09.207024,0,1,8,4,4,,526094224,LevelL0FilesNum
baseline_run1,baseline,2026/04/15-06:35:09.645887,0,1,4,4,0,,263085088,LevelL0FilesNum
baseline_run1,baseline,2026/04/15-06:35:10.035143,0,1,8,4,4,,715968770,LevelL0FilesNum
baseline_run1,baseline,2026/04/15-06:35:10.388013,0,1,4,4,0,,263110885,LevelL0FilesNum
baseline_run1,baseline,2026/04/15-06:35:10.804493,0,1,4,4,0,,263094663,LevelL0FilesNum
baseline_run1,baseline,2026/04/15-06:35:11.170406,0,1,9,5,4,,959453936,LevelL0FilesNum
baseline_run1,baseline,2026/04/15-06:35:11.490202,0,1,4,4,0,,263079103,LevelL0FilesNum
baseline_run1,baseline,2026/04/15-06:35:11.888281,0,1,4,4,0,,263114144,LevelL0FilesNum
baseline_run1,baseline,2026/04/15-06:35:12.276845,0,1,4,4,0,,263094462,LevelL0FilesNum
baseline_run1,baseline,2026/04/15-06:35:12.589114,1,2,2,1,1,,202520729,LevelMaxLevelSize
baseline_run1,baseline,2026/04/15-06:35:12.589239,1,2,2,1,1,,202520817,LevelMaxLevelSize
baseline_run1,baseline,2026/04/15-06:35:12.668426,0,1,4,4,0,,263108075,LevelL0FilesNum
baseline_run1,baseline,2026/04/15-06:35:13.037517,0,1,14,7,7,,1937334628,LevelL0FilesNum
baseline_run1,baseline,2026/04/15-06:35:13.364974,0,1,4,4,0,,263110089,LevelL0FilesNum
baseline_run1,baseline,2026/04/15-06:35:13.757907,0,1,4,4,0,,263102962,LevelL0FilesNum
baseline_run1,baseline,2026/04/15-06:35:14.146634,0,1,4,4,0,,263103853,LevelL0FilesNum
baseline_run1,baseline,2026/04/15-06:35:14.546593,0,1,4,4,0,,263098280,LevelL0FilesNum
baseline_run1,baseline,2026/04/15-06:35:14.938153,0,1,4,4,0,,263131800,LevelL0FilesNum
baseline_run1,baseline,2026/04/15-06:35:15.336261,0,1,4,4,0,,263105627,LevelL0FilesNum
baseline_run1,baseline,2026/04/15-06:35:15.727541,0,1,4,4,0,,263095521,LevelL0FilesNum
baseline_run1,baseline,2026/04/15-06:35:15.945055,1,2,4,3,1,,378395696,LevelMaxLevelSize
baseline_run1,baseline,2026/04/15-06:35:16.116489,0,1,4,4,0,,263090474,LevelL0FilesNum
baseline_run1,baseline,2026/04/15-06:35:16.493904,0,1,28,11,17,,3921993171,LevelL0FilesNum
baseline_run1,baseline,2026/04/15-06:35:16.831092,0,1,4,4,0,,263097832,LevelL0FilesNum
baseline_run1,baseline,2026/04/15-06:35:17.222550,0,1,4,4,0,,263079881,LevelL0FilesNum
baseline_run1,baseline,2026/04/15-06:35:17.647016,0,1,4,4,0,,263126297,LevelL0FilesNum
baseline_run1,baseline,2026/04/15-06:35:18.115136,0,1,4,4,0,,263110876,LevelL0FilesNum
baseline_run1,baseline,2026/04/15-06:35:18.686774,0,1,4,4,0,,263091435,LevelL0FilesNum
baseline_run1,baseline,2026/04/15-06:35:19.047745,0,1,6,6,0,,1380764063,LevelL0FilesNum
baseline_run1,baseline,2026/04/15-06:35:21.057165,0,1,4,4,0,,263095479,LevelL0FilesNum
baseline_run1,baseline,2026/04/15-06:35:21.449352,0,1,4,4,0,,263112196,LevelL0FilesNum
baseline_run1,baseline,2026/04/15-06:35:21.917323,0,1,4,4,0,,263089310,LevelL0FilesNum
baseline_run1,baseline,2026/04/15-06:35:22.398975,1,2,2,1,1,,202536182,LevelMaxLevelSize
baseline_run1,baseline,2026/04/15-06:35:22.399021,1,2,5,4,1,,567061006,LevelMaxLevelSize
baseline_run1,baseline,2026/04/15-06:35:22.399060,1,2,2,1,1,,202536233,LevelMaxLevelSize
baseline_run1,baseline,2026/04/15-06:35:22.399097,1,2,4,3,1,,392473233,LevelMaxLevelSize
baseline_run1,baseline,2026/04/15-06:35:22.399214,1,2,4,2,2,,332327121,LevelMaxLevelSize
baseline_run1,baseline,2026/04/15-06:35:22.399356,1,2,4,2,2,,334772193,LevelMaxLevelSize
baseline_run1,baseline,2026/04/15-06:35:22.399376,1,2,6,5,1,,718116934,LevelMaxLevelSize
baseline_run1,baseline,2026/04/15-06:35:22.478787,0,1,4,4,0,,263101668,LevelL0FilesNum
baseline_run1,baseline,2026/04/15-06:35:22.888073,0,1,4,4,0,,263112970,LevelL0FilesNum
baseline_run1,baseline,2026/04/15-06:35:23.286112,0,1,4,4,0,,263119395,LevelL0FilesNum
baseline_run1,baseline,2026/04/15-06:35:23.651619,0,1,28,10,18,,4983099513,LevelL0FilesNum
baseline_run1,baseline,2026/04/15-06:35:23.977841,0,1,4,4,0,,263094792,LevelL0FilesNum
baseline_run1,baseline,2026/04/15-06:35:24.411388,0,1,4,4,0,,263103893,LevelL0FilesNum
baseline_run1,baseline,2026/04/15-06:35:24.796123,0,1,4,4,0,,263121391,LevelL0FilesNum
baseline_run1,baseline,2026/04/15-06:35:25.209671,0,1,4,4,0,,263101107,LevelL0FilesNum
baseline_run1,baseline,2026/04/15-06:35:25.684930,0,1,4,4,0,,263093308,LevelL0FilesNum
baseline_run1,baseline,2026/04/15-06:35:26.263307,0,1,4,4,0,,263119314,LevelL0FilesNum
baseline_run1,baseline,2026/04/15-06:35:26.624860,0,1,7,7,0,,1643812109,LevelL0FilesNum
baseline_run1,baseline,2026/04/15-06:35:29.056204,0,1,4,4,0,,263111868,LevelL0FilesNum
baseline_run1,baseline,2026/04/15-06:35:29.463113,0,1,4,4,0,,263111984,LevelL0FilesNum
baseline_run1,baseline,2026/04/15-06:35:29.860174,0,1,4,4,0,,263091432,LevelL0FilesNum
baseline_run1,baseline,2026/04/15-06:35:30.353522,0,1,4,4,0,,263104901,LevelL0FilesNum
baseline_run1,baseline,2026/04/15-06:35:30.941200,0,1,4,4,0,,263118374,LevelL0FilesNum
baseline_run1,baseline,2026/04/15-06:35:31.282100,1,2,3,2,1,,273027467,LevelMaxLevelSize
baseline_run1,baseline,2026/04/15-06:35:31.282155,1,2,3,2,1,,316292946,LevelMaxLevelSize
baseline_run1,baseline,2026/04/15-06:35:31.282243,1,2,2,1,1,,192608614,LevelMaxLevelSize
baseline_run1,baseline,2026/04/15-06:35:31.282246,1,2,2,1,1,,113870921,LevelMaxLevelSize
baseline_run1,baseline,2026/04/15-06:35:31.282350,1,2,2,1,1,,5750,LevelMaxLevelSize
baseline_run1,baseline,2026/04/15-06:35:31.282498,1,2,8,7,1,,1029840120,LevelMaxLevelSize
baseline_run1,baseline,2026/04/15-06:35:31.331741,0,1,6,6,0,,1380799789,LevelL0FilesNum
baseline_run1,baseline,2026/04/15-06:35:31.331877,1,2,9,8,1,,1139650437,LevelMaxLevelSize
baseline_run1,baseline,2026/04/15-06:35:31.670001,0,1,4,4,0,,263115066,LevelL0FilesNum
baseline_run1,baseline,2026/04/15-06:35:32.053227,0,1,4,4,0,,263098552,LevelL0FilesNum
baseline_run1,baseline,2026/04/15-06:35:32.512311,0,1,4,4,0,,263136942,LevelL0FilesNum
baseline_run1,baseline,2026/04/15-06:35:32.893165,0,1,4,4,0,,263092717,LevelL0FilesNum
baseline_run1,baseline,2026/04/15-06:35:33.320157,0,1,4,4,0,,263100846,LevelL0FilesNum
baseline_run1,baseline,2026/04/15-06:35:33.694251,0,1,25,10,15,,5465918130,LevelL0FilesNum
baseline_run1,baseline,2026/04/15-06:35:34.032919,0,1,4,4,0,,263091380,LevelL0FilesNum
baseline_run1,baseline,2026/04/15-06:35:34.439594,0,1,4,4,0,,263126708,LevelL0FilesNum
baseline_run1,baseline,2026/04/15-06:35:34.837211,0,1,4,4,0,,263097708,LevelL0FilesNum
baseline_run1,baseline,2026/04/15-06:35:35.231491,0,1,4,4,0,,263096533,LevelL0FilesNum
baseline_run1,baseline,2026/04/15-06:35:35.699103,0,1,4,4,0,,263104077,LevelL0FilesNum
baseline_run1,baseline,2026/04/15-06:35:36.265772,0,1,4,4,0,,263091297,LevelL0FilesNum
baseline_run1,baseline,2026/04/15-06:35:36.636521,0,1,7,7,0,,1643781767,LevelL0FilesNum
baseline_run1,baseline,2026/04/15-06:35:39.076018,0,1,4,4,0,,263106950,LevelL0FilesNum
baseline_run1,baseline,2026/04/15-06:35:39.477496,0,1,4,4,0,,263120406,LevelL0FilesNum
baseline_run1,baseline,2026/04/15-06:35:39.865265,0,1,4,4,0,,263103124,LevelL0FilesNum
baseline_run1,baseline,2026/04/15-06:35:40.358381,0,1,4,4,0,,263117167,LevelL0FilesNum
baseline_run1,baseline,2026/04/15-06:35:40.962156,0,1,4,4,0,,263113973,LevelL0FilesNum
baseline_run1,baseline,2026/04/15-06:35:41.351726,0,1,6,6,0,,1380798852,LevelL0FilesNum
baseline_run1,baseline,2026/04/15-06:35:42.082959,1,2,2,1,1,,166434823,LevelMaxLevelSize
baseline_run1,baseline,2026/04/15-06:35:42.083122,1,2,2,1,1,,166263392,LevelMaxLevelSize
baseline_run1,baseline,2026/04/15-06:35:42.083182,1,2,2,1,1,,165465461,LevelMaxLevelSize
baseline_run1,baseline,2026/04/15-06:35:42.083183,1,2,2,1,1,,131983385,LevelMaxLevelSize
baseline_run1,baseline,2026/04/15-06:35:42.083295,1,2,2,1,1,,166278829,LevelMaxLevelSize
baseline_run1,baseline,2026/04/15-06:35:42.083510,1,2,2,1,1,,99192321,LevelMaxLevelSize
baseline_run1,baseline,2026/04/15-06:35:42.083517,1,2,2,1,1,,99241245,LevelMaxLevelSize
baseline_run1,baseline,2026/04/15-06:35:42.083523,1,2,2,1,1,,196940306,LevelMaxLevelSize
baseline_run1,baseline,2026/04/15-06:35:42.083528,1,2,2,1,1,,136555061,LevelMaxLevelSize
baseline_run1,baseline,2026/04/15-06:35:42.084061,2,3,2,1,1,,202539537,LevelMaxLevelSize
baseline_run1,baseline,2026/04/15-06:35:42.084163,2,3,2,1,1,,202543811,LevelMaxLevelSize
baseline_run1,baseline,2026/04/15-06:35:42.084190,2,3,2,1,1,,153017698,LevelMaxLevelSize
baseline_run1,baseline,2026/04/15-06:35:42.084541,2,3,3,1,2,,270054629,LevelMaxLevelSize
baseline_run1,baseline,2026/04/15-06:35:42.084550,2,3,3,1,2,,270063127,LevelMaxLevelSize
baseline_run1,baseline,2026/04/15-06:35:42.084570,2,3,3,1,2,,266264411,LevelMaxLevelSize
baseline_run1,baseline,2026/04/15-06:35:42.084641,2,3,3,1,2,,270063110,LevelMaxLevelSize
baseline_run1,baseline,2026/04/15-06:35:42.084745,2,3,3,1,2,,270062794,LevelMaxLevelSize
baseline_run1,baseline,2026/04/15-06:35:42.084865,2,3,2,1,1,,112861968,LevelMaxLevelSize
baseline_run1,baseline,2026/04/15-06:35:42.084958,2,3,2,1,1,,108114072,LevelMaxLevelSize
baseline_run1,baseline,2026/04/15-06:35:42.084966,2,3,3,1,2,,216204547,LevelMaxLevelSize
baseline_run1,baseline,2026/04/15-06:35:42.084963,2,3,2,1,1,,108707423,LevelMaxLevelSize
baseline_run1,baseline,2026/04/15-06:35:42.085076,2,3,5,1,4,,382210211,LevelMaxLevelSize
baseline_run1,baseline,2026/04/15-06:35:42.085079,2,3,5,1,4,,393829670,LevelMaxLevelSize
baseline_run1,baseline,2026/04/15-06:35:42.193366,0,1,4,4,0,,263089212,LevelL0FilesNum
baseline_run1,baseline,2026/04/15-06:35:42.193757,2,3,3,1,2,,208862366,LevelMaxLevelSize
baseline_run1,baseline,2026/04/15-06:35:42.193843,2,3,3,1,2,,208561241,LevelMaxLevelSize
baseline_run1,baseline,2026/04/15-06:35:42.193858,2,3,3,1,2,,208381229,LevelMaxLevelSize
baseline_run1,baseline,2026/04/15-06:35:42.272108,2,3,3,1,2,,233574890,LevelMaxLevelSize
baseline_run1,baseline,2026/04/15-06:35:42.275924,2,3,3,1,2,,208190068,LevelMaxLevelSize
baseline_run1,baseline,2026/04/15-06:35:42.360467,2,3,5,2,3,,296575987,LevelMaxLevelSize
baseline_run1,baseline,2026/04/15-06:35:42.469283,2,3,3,1,2,,270057896,LevelMaxLevelSize
baseline_run1,baseline,2026/04/15-06:35:42.469283,2,3,3,1,2,,205799457,LevelMaxLevelSize
baseline_run1,baseline,2026/04/15-06:35:42.602865,0,1,4,4,0,,263114345,LevelL0FilesNum
baseline_run1,baseline,2026/04/15-06:35:43.001085,0,1,4,4,0,,263127690,LevelL0FilesNum
baseline_run1,baseline,2026/04/15-06:35:43.405826,0,1,4,4,0,,263095851,LevelL0FilesNum
baseline_run1,baseline,2026/04/15-06:35:43.774998,0,1,27,9,18,,5784614295,LevelL0FilesNum
baseline_run1,baseline,2026/04/15-06:35:44.091751,0,1,4,4,0,,263098676,LevelL0FilesNum
baseline_run1,baseline,2026/04/15-06:35:44.491547,0,1,4,4,0,,263108689,LevelL0FilesNum
baseline_run1,baseline,2026/04/15-06:35:44.874907,0,1,4,4,0,,263100731,LevelL0FilesNum
baseline_run1,baseline,2026/04/15-06:35:45.271174,0,1,4,4,0,,263077965,LevelL0FilesNum
baseline_run1,baseline,2026/04/15-06:35:45.670622,0,1,4,4,0,,263116130,LevelL0FilesNum
baseline_run1,baseline,2026/04/15-06:35:46.140338,0,1,4,4,0,,263095777,LevelL0FilesNum
baseline_run1,baseline,2026/04/15-06:35:46.698669,0,1,4,4,0,,263108748,LevelL0FilesNum
baseline_run1,baseline,2026/04/15-06:35:47.093882,0,1,7,7,0,,1643707612,LevelL0FilesNum
baseline_run1,baseline,2026/04/15-06:35:49.455111,0,1,4,4,0,,263116297,LevelL0FilesNum
baseline_run1,baseline,2026/04/15-06:35:49.851162,0,1,4,4,0,,263104605,LevelL0FilesNum
baseline_run1,baseline,2026/04/15-06:35:50.231516,0,1,4,4,0,,263094501,LevelL0FilesNum
baseline_run1,baseline,2026/04/15-06:35:50.699771,0,1,4,4,0,,263089747,LevelL0FilesNum
baseline_run1,baseline,2026/04/15-06:35:51.292627,0,1,4,4,0,,263102572,LevelL0FilesNum
baseline_run1,baseline,2026/04/15-06:35:51.664638,0,1,6,6,0,,1380778326,LevelL0FilesNum
baseline_run1,baseline,2026/04/15-06:35:52.321767,1,2,4,3,1,,486890438,LevelMaxLevelSize
baseline_run1,baseline,2026/04/15-06:35:52.321768,1,2,3,2,1,,358113396,LevelMaxLevelSize
baseline_run1,baseline,2026/04/15-06:35:52.322286,1,2,4,3,1,,502448008,LevelMaxLevelSize
baseline_run1,baseline,2026/04/15-06:35:52.322287,2,3,2,1,1,,166089945,LevelMaxLevelSize
baseline_run1,baseline,2026/04/15-06:35:52.322339,2,3,2,1,1,,165244336,LevelMaxLevelSize
baseline_run1,baseline,2026/04/15-06:35:52.322356,2,3,3,1,2,,267451869,LevelMaxLevelSize
baseline_run1,baseline,2026/04/15-06:35:52.322567,2,3,3,1,2,,270066065,LevelMaxLevelSize
baseline_run1,baseline,2026/04/15-06:35:52.322569,2,3,3,1,2,,268513612,LevelMaxLevelSize
baseline_run1,baseline,2026/04/15-06:35:52.322704,2,3,3,1,2,,270065952,LevelMaxLevelSize
baseline_run1,baseline,2026/04/15-06:35:52.322795,2,3,4,1,3,,282127710,LevelMaxLevelSize
baseline_run1,baseline,2026/04/15-06:35:52.323009,2,3,4,1,3,,325773268,LevelMaxLevelSize
baseline_run1,baseline,2026/04/15-06:35:52.323020,2,3,4,1,3,,311767847,LevelMaxLevelSize
baseline_run1,baseline,2026/04/15-06:35:52.323029,2,3,4,1,3,,331088371,LevelMaxLevelSize
baseline_run1,baseline,2026/04/15-06:35:52.323030,2,3,4,1,3,,308259791,LevelMaxLevelSize
baseline_run1,baseline,2026/04/15-06:35:52.323031,2,3,4,1,3,,334959724,LevelMaxLevelSize
baseline_run1,baseline,2026/04/15-06:35:52.323035,2,3,4,1,3,,336141940,LevelMaxLevelSize
baseline_run1,baseline,2026/04/15-06:35:52.323162,2,3,5,1,4,,354452173,LevelMaxLevelSize
baseline_run1,baseline,2026/04/15-06:35:52.323214,2,3,5,1,4,,366120672,LevelMaxLevelSize
baseline_run1,baseline,2026/04/15-06:35:52.323328,2,3,5,1,4,,404588918,LevelMaxLevelSize
baseline_run1,baseline,2026/04/15-06:35:52.323329,2,3,5,1,4,,405102432,LevelMaxLevelSize
baseline_run1,baseline,2026/04/15-06:35:52.323429,2,3,6,1,5,,418892947,LevelMaxLevelSize
baseline_run1,baseline,2026/04/15-06:35:52.323442,2,3,6,1,5,,435212674,LevelMaxLevelSize
baseline_run1,baseline,2026/04/15-06:35:52.427082,0,1,4,4,0,,263101646,LevelL0FilesNum
baseline_run1,baseline,2026/04/15-06:35:52.828459,0,1,4,4,0,,263066190,LevelL0FilesNum
baseline_run1,baseline,2026/04/15-06:35:52.974623,2,3,2,1,1,,176657407,LevelMaxLevelSize
baseline_run1,baseline,2026/04/15-06:35:52.974623,2,3,3,2,1,,311340324,LevelMaxLevelSize
baseline_run1,baseline,2026/04/15-06:35:53.175921,2,3,4,2,2,,331044655,LevelMaxLevelSize
baseline_run1,baseline,2026/04/15-06:35:53.175934,2,3,4,1,3,,332345511,LevelMaxLevelSize
baseline_run1,baseline,2026/04/15-06:35:53.175935,2,3,2,1,1,,202546904,LevelMaxLevelSize
baseline_run1,baseline,2026/04/15-06:35:53.201299,0,1,4,4,0,,263119164,LevelL0FilesNum
baseline_run1,baseline,2026/04/15-06:35:53.214828,2,3,3,1,2,,263756885,LevelMaxLevelSize
baseline_run1,baseline,2026/04/15-06:35:53.214828,2,3,5,1,4,,341353186,LevelMaxLevelSize
baseline_run1,baseline,2026/04/15-06:35:53.214829,2,3,4,1,3,,334627481,LevelMaxLevelSize
baseline_run1,baseline,2026/04/15-06:35:53.214830,2,3,2,1,1,,202547038,LevelMaxLevelSize
baseline_run1,baseline,2026/04/15-06:35:53.599118,0,1,4,4,0,,263065782,LevelL0FilesNum
baseline_run1,baseline,2026/04/15-06:35:53.983916,0,1,4,4,0,,263108900,LevelL0FilesNum
baseline_run1,baseline,2026/04/15-06:35:54.344132,0,1,30,11,19,,6683928891,LevelL0FilesNum
baseline_run1,baseline,2026/04/15-06:35:54.672528,0,1,4,4,0,,263098713,LevelL0FilesNum
baseline_run1,baseline,2026/04/15-06:35:55.063768,0,1,4,4,0,,263116156,LevelL0FilesNum
baseline_run1,baseline,2026/04/15-06:35:55.448768,0,1,4,4,0,,263077720,LevelL0FilesNum
baseline_run1,baseline,2026/04/15-06:35:55.919799,0,1,4,4,0,,263113909,LevelL0FilesNum
baseline_run1,baseline,2026/04/15-06:35:56.502728,0,1,4,4,0,,263119158,LevelL0FilesNum
baseline_run1,baseline,2026/04/15-06:35:56.875785,0,1,6,6,0,,1380687540,LevelL0FilesNum
baseline_run1,baseline,2026/04/15-06:35:58.895148,0,1,4,4,0,,263121041,LevelL0FilesNum
baseline_run1,baseline,2026/04/15-06:35:59.301596,0,1,4,4,0,,263121106,LevelL0FilesNum
baseline_run1,baseline,2026/04/15-06:35:59.769332,0,1,4,4,0,,263114242,LevelL0FilesNum
baseline_run1,baseline,2026/04/15-06:36:00.366345,0,1,4,4,0,,263111865,LevelL0FilesNum
baseline_run1,baseline,2026/04/15-06:36:00.752723,0,1,5,5,0,,1117811843,LevelL0FilesNum
baseline_run1,baseline,2026/04/15-06:36:02.471577,0,1,4,4,0,,263123471,LevelL0FilesNum
baseline_run1,baseline,2026/04/15-06:36:02.969861,0,1,4,4,0,,263117245,LevelL0FilesNum
baseline_run1,baseline,2026/04/15-06:36:03.580045,0,1,4,4,0,,263125650,LevelL0FilesNum
baseline_run1,baseline,2026/04/15-06:36:03.972544,0,1,4,4,0,,854737128,LevelL0FilesNum
baseline_run1,baseline,2026/04/15-06:36:04.646959,1,2,2,1,1,,94285267,LevelMaxLevelSize
baseline_run1,baseline,2026/04/15-06:36:04.647081,1,2,2,1,1,,128532312,LevelMaxLevelSize
baseline_run1,baseline,2026/04/15-06:36:04.647084,1,2,2,1,1,,141460475,LevelMaxLevelSize
baseline_run1,baseline,2026/04/15-06:36:04.647082,1,2,2,1,1,,176217155,LevelMaxLevelSize
baseline_run1,baseline,2026/04/15-06:36:04.647168,1,2,2,1,1,,213414616,LevelMaxLevelSize
baseline_run1,baseline,2026/04/15-06:36:04.647174,1,2,2,1,1,,127435301,LevelMaxLevelSize
baseline_run1,baseline,2026/04/15-06:36:04.647742,2,3,3,1,2,,270070703,LevelMaxLevelSize
baseline_run1,baseline,2026/04/15-06:36:04.647941,2,3,3,1,2,,267540474,LevelMaxLevelSize
baseline_run1,baseline,2026/04/15-06:36:04.647983,2,3,3,1,2,,267597511,LevelMaxLevelSize
baseline_run1,baseline,2026/04/15-06:36:04.648251,2,3,4,1,3,,278952294,LevelMaxLevelSize
baseline_run1,baseline,2026/04/15-06:36:04.648265,2,3,4,1,3,,280063504,LevelMaxLevelSize
baseline_run1,baseline,2026/04/15-06:36:04.648323,2,3,3,1,2,,212162004,LevelMaxLevelSize
baseline_run1,baseline,2026/04/15-06:36:04.648459,2,3,4,1,3,,306899922,LevelMaxLevelSize
baseline_run1,baseline,2026/04/15-06:36:04.648593,2,3,5,1,4,,361773172,LevelMaxLevelSize
baseline_run1,baseline,2026/04/15-06:36:04.648620,2,3,5,1,4,,344995195,LevelMaxLevelSize
baseline_run1,baseline,2026/04/15-06:36:04.648626,2,3,4,1,3,,337584005,LevelMaxLevelSize
baseline_run1,baseline,2026/04/15-06:36:04.648759,2,3,5,1,4,,405102367,LevelMaxLevelSize
baseline_run1,baseline,2026/04/15-06:36:04.649098,2,3,5,1,4,,405101602,LevelMaxLevelSize
baseline_run1,baseline,2026/04/15-06:36:04.649104,2,3,6,1,5,,412987289,LevelMaxLevelSize
baseline_run1,baseline,2026/04/15-06:36:04.649105,2,3,7,1,6,,484199208,LevelMaxLevelSize
baseline_run1,baseline,2026/04/15-06:36:04.649112,2,3,5,1,4,,405101416,LevelMaxLevelSize
baseline_run1,baseline,2026/04/15-06:36:04.649114,2,3,5,1,4,,405101232,LevelMaxLevelSize
baseline_run1,baseline,2026/04/15-06:36:04.649115,2,3,6,1,5,,434326692,LevelMaxLevelSize
baseline_run1,baseline,2026/04/15-06:36:04.649141,2,3,7,1,6,,454985137,LevelMaxLevelSize
baseline_run1,baseline,2026/04/15-06:36:04.649152,2,3,6,1,5,,468542148,LevelMaxLevelSize
baseline_run1,baseline,2026/04/15-06:36:04.649152,2,3,5,1,4,,405101531,LevelMaxLevelSize
baseline_run1,baseline,2026/04/15-06:36:04.649169,2,3,6,1,5,,472616416,LevelMaxLevelSize
baseline_run1,baseline,2026/04/15-06:36:04.649317,2,3,3,1,2,,174961918,LevelMaxLevelSize
baseline_run1,baseline,2026/04/15-06:36:04.649321,2,3,7,1,6,,477337506,LevelMaxLevelSize
baseline_run1,baseline,2026/04/15-06:36:04.649330,2,3,8,1,7,,543587792,LevelMaxLevelSize
baseline_run1,baseline,2026/04/15-06:36:04.757089,1,2,2,1,1,,183193389,LevelMaxLevelSize
baseline_run1,baseline,2026/04/15-06:36:04.757092,0,1,4,4,0,,263105794,LevelL0FilesNum
baseline_run1,baseline,2026/04/15-06:36:04.757095,1,2,2,1,1,,183745026,LevelMaxLevelSize
baseline_run1,baseline,2026/04/15-06:36:04.950682,2,3,2,1,1,,5052636,LevelMaxLevelSize
baseline_run1,baseline,2026/04/15-06:36:04.950799,2,3,3,1,2,,193104867,LevelMaxLevelSize
baseline_run1,baseline,2026/04/15-06:36:04.952419,2,3,3,1,2,,178665760,LevelMaxLevelSize
baseline_run1,baseline,2026/04/15-06:36:04.952437,2,3,9,1,8,,583070066,LevelMaxLevelSize
baseline_run1,baseline,2026/04/15-06:36:04.982716,2,3,2,1,1,,107787378,LevelMaxLevelSize
baseline_run1,baseline,2026/04/15-06:36:05.053980,2,3,3,1,2,,203279263,LevelMaxLevelSize
baseline_run1,baseline,2026/04/15-06:36:05.054114,2,3,3,1,2,,190193751,LevelMaxLevelSize
baseline_run1,baseline,2026/04/15-06:36:05.054124,2,3,4,1,3,,259941582,LevelMaxLevelSize
baseline_run1,baseline,2026/04/15-06:36:05.160408,2,3,2,1,1,,155354888,LevelMaxLevelSize
baseline_run1,baseline,2026/04/15-06:36:05.160479,2,3,3,1,2,,167287121,LevelMaxLevelSize
baseline_run1,baseline,2026/04/15-06:36:05.160544,2,3,9,1,8,,674758922,LevelMaxLevelSize
baseline_run1,baseline,2026/04/15-06:36:05.204830,2,3,2,1,1,,115328755,LevelMaxLevelSize
baseline_run1,baseline,2026/04/15-06:36:05.214825,2,3,2,1,1,,115207112,LevelMaxLevelSize
baseline_run1,baseline,2026/04/15-06:36:05.254283,0,1,4,4,0,,263084974,LevelL0FilesNum
baseline_run1,baseline,2026/04/15-06:36:05.262678,2,3,2,1,1,,114912944,LevelMaxLevelSize
baseline_run1,baseline,2026/04/15-06:36:05.287089,2,3,2,1,1,,114555536,LevelMaxLevelSize
baseline_run1,baseline,2026/04/15-06:36:05.293975,2,3,5,1,4,,319849113,LevelMaxLevelSize
baseline_run1,baseline,2026/04/15-06:36:05.316792,2,3,4,1,3,,257637548,LevelMaxLevelSize
baseline_run1,baseline,2026/04/15-06:36:05.657219,0,1,4,4,0,,263119087,LevelL0FilesNum
baseline_run1,baseline,2026/04/15-06:36:06.041070,0,1,4,4,0,,263096353,LevelL0FilesNum
baseline_run1,baseline,2026/04/15-06:36:06.429377,0,1,35,10,25,,7034049208,LevelL0FilesNum
baseline_run1,baseline,2026/04/15-06:36:06.733005,0,1,4,4,0,,263110132,LevelL0FilesNum
baseline_run1,baseline,2026/04/15-06:36:07.124897,0,1,4,4,0,,263105672,LevelL0FilesNum
baseline_run1,baseline,2026/04/15-06:36:07.516328,0,1,4,4,0,,263088345,LevelL0FilesNum
baseline_run1,baseline,2026/04/15-06:36:07.913369,0,1,4,4,0,,263126556,LevelL0FilesNum
baseline_run1,baseline,2026/04/15-06:36:08.381456,0,1,4,4,0,,263113917,LevelL0FilesNum
baseline_run1,baseline,2026/04/15-06:36:08.940430,0,1,4,4,0,,263099517,LevelL0FilesNum
baseline_run1,baseline,2026/04/15-06:36:09.311784,0,1,7,7,0,,1643734731,LevelL0FilesNum
baseline_run1,baseline,2026/04/15-06:36:11.691638,0,1,4,4,0,,263102580,LevelL0FilesNum
baseline_run1,baseline,2026/04/15-06:36:12.079787,0,1,4,4,0,,263092446,LevelL0FilesNum
baseline_run1,baseline,2026/04/15-06:36:12.464181,0,1,4,4,0,,263113890,LevelL0FilesNum
baseline_run1,baseline,2026/04/15-06:36:12.930012,0,1,4,4,0,,263121229,LevelL0FilesNum
baseline_run1,baseline,2026/04/15-06:36:13.495422,0,1,4,4,0,,263097692,LevelL0FilesNum
baseline_run1,baseline,2026/04/15-06:36:13.854683,0,1,6,6,0,,1380771206,LevelL0FilesNum
baseline_run1,baseline,2026/04/15-06:36:15.964296,0,1,4,4,0,,263121426,LevelL0FilesNum
baseline_run1,baseline,2026/04/15-06:36:16.357424,0,1,4,4,0,,263103848,LevelL0FilesNum
baseline_run1,baseline,2026/04/15-06:36:16.825799,0,1,4,4,0,,263100655,LevelL0FilesNum
baseline_run1,baseline,2026/04/15-06:36:16.908637,1,2,2,1,1,,121049523,LevelMaxLevelSize
baseline_run1,baseline,2026/04/15-06:36:16.908652,1,2,2,1,1,,156790874,LevelMaxLevelSize
baseline_run1,baseline,2026/04/15-06:36:16.908656,2,3,3,1,2,,265969960,LevelMaxLevelSize
baseline_run1,baseline,2026/04/15-06:36:16.908658,2,3,3,1,2,,209435602,LevelMaxLevelSize
baseline_run1,baseline,2026/04/15-06:36:16.908770,2,3,4,1,3,,259624537,LevelMaxLevelSize
baseline_run1,baseline,2026/04/15-06:36:16.908890,2,3,3,1,2,,190994254,LevelMaxLevelSize
baseline_run1,baseline,2026/04/15-06:36:16.908890,2,3,5,1,4,,396952805,LevelMaxLevelSize
baseline_run1,baseline,2026/04/15-06:36:16.908902,2,3,5,1,4,,398835800,LevelMaxLevelSize
baseline_run1,baseline,2026/04/15-06:36:16.908972,2,3,3,1,2,,181009971,LevelMaxLevelSize
baseline_run1,baseline,2026/04/15-06:36:16.909475,2,3,4,1,3,,337585658,LevelMaxLevelSize
baseline_run1,baseline,2026/04/15-06:36:16.909489,2,3,5,1,4,,398867107,LevelMaxLevelSize
baseline_run1,baseline,2026/04/15-06:36:16.909492,2,3,5,1,4,,405100556,LevelMaxLevelSize
baseline_run1,baseline,2026/04/15-06:36:16.909642,2,3,5,1,4,,405100547,LevelMaxLevelSize
baseline_run1,baseline,2026/04/15-06:36:16.909736,2,3,5,1,4,,405098371,LevelMaxLevelSize
baseline_run1,baseline,2026/04/15-06:36:16.909781,2,3,5,1,4,,405098930,LevelMaxLevelSize
baseline_run1,baseline,2026/04/15-06:36:16.909782,2,3,4,1,3,,246011066,LevelMaxLevelSize
baseline_run1,baseline,2026/04/15-06:36:16.909925,2,3,6,1,5,,463849696,LevelMaxLevelSize
baseline_run1,baseline,2026/04/15-06:36:16.909921,2,3,7,1,6,,432623123,LevelMaxLevelSize
baseline_run1,baseline,2026/04/15-06:36:16.909951,2,3,6,1,5,,441789079,LevelMaxLevelSize
baseline_run1,baseline,2026/04/15-06:36:16.909960,2,3,5,1,4,,371899534,LevelMaxLevelSize
baseline_run1,baseline,2026/04/15-06:36:16.909965,2,3,6,1,5,,471090458,LevelMaxLevelSize
baseline_run1,baseline,2026/04/15-06:36:16.910020,2,3,6,1,5,,472615286,LevelMaxLevelSize
baseline_run1,baseline,2026/04/15-06:36:16.910147,2,3,6,1,5,,467535371,LevelMaxLevelSize
baseline_run1,baseline,2026/04/15-06:36:16.910151,2,3,6,1,5,,472615113,LevelMaxLevelSize
baseline_run1,baseline,2026/04/15-06:36:16.910159,2,3,2,1,1,,93360750,LevelMaxLevelSize
baseline_run1,baseline,2026/04/15-06:36:16.910396,2,3,6,1,5,,323530894,LevelMaxLevelSize
baseline_run1,baseline,2026/04/15-06:36:16.910416,2,3,5,1,4,,182387508,LevelMaxLevelSize
baseline_run1,baseline,2026/04/15-06:36:16.910431,2,3,6,1,5,,382764285,LevelMaxLevelSize
baseline_run1,baseline,2026/04/15-06:36:16.910433,2,3,10,1,9,,612581600,LevelMaxLevelSize
baseline_run1,baseline,2026/04/15-06:36:16.910445,2,3,4,1,3,,220203390,LevelMaxLevelSize
baseline_run1,baseline,2026/04/15-06:36:16.910448,2,3,7,1,6,,504255867,LevelMaxLevelSize
baseline_run1,baseline,2026/04/15-06:36:17.210014,2,3,3,1,2,,187885587,LevelMaxLevelSize
baseline_run1,baseline,2026/04/15-06:36:17.210016,2,3,5,1,4,,331602284,LevelMaxLevelSize
baseline_run1,baseline,2026/04/15-06:36:17.242061,0,1,4,4,0,,263073187,LevelL0FilesNum
baseline_run1,baseline,2026/04/15-06:36:17.283848,2,3,2,1,1,,105164061,LevelMaxLevelSize
baseline_run1,baseline,2026/04/15-06:36:17.283848,2,3,4,1,3,,263687988,LevelMaxLevelSize
baseline_run1,baseline,2026/04/15-06:36:17.283861,2,3,10,1,9,,693449684,LevelMaxLevelSize
baseline_run1,baseline,2026/04/15-06:36:17.651423,0,1,4,4,0,,263118568,LevelL0FilesNum
baseline_run1,baseline,2026/04/15-06:36:18.033122,0,1,4,4,0,,263126485,LevelL0FilesNum
baseline_run1,baseline,2026/04/15-06:36:18.401074,0,1,48,11,37,,8259008841,LevelL0FilesNum
baseline_run1,baseline,2026/04/15-06:36:18.713552,0,1,4,4,0,,263122174,LevelL0FilesNum
baseline_run1,baseline,2026/04/15-06:36:19.095543,0,1,4,4,0,,263121291,LevelL0FilesNum
baseline_run1,baseline,2026/04/15-06:36:19.492634,0,1,4,4,0,,263101580,LevelL0FilesNum
baseline_run1,baseline,2026/04/15-06:36:19.956913,0,1,4,4,0,,263107851,LevelL0FilesNum
baseline_run1,baseline,2026/04/15-06:36:20.519328,0,1,4,4,0,,263093640,LevelL0FilesNum
baseline_run1,baseline,2026/04/15-06:36:20.876727,0,1,6,6,0,,1380763906,LevelL0FilesNum
baseline_run1,baseline,2026/04/15-06:36:22.822314,0,1,4,4,0,,263106060,LevelL0FilesNum
baseline_run1,baseline,2026/04/15-06:36:23.214777,0,1,4,4,0,,263113028,LevelL0FilesNum
baseline_run1,baseline,2026/04/15-06:36:23.698340,0,1,4,4,0,,263117068,LevelL0FilesNum
baseline_run1,baseline,2026/04/15-06:36:24.269506,0,1,4,4,0,,263109717,LevelL0FilesNum
baseline_run1,baseline,2026/04/15-06:36:24.628081,0,1,5,5,0,,1117751172,LevelL0FilesNum
baseline_run1,baseline,2026/04/15-06:36:26.239986,0,1,4,4,0,,263086144,LevelL0FilesNum
baseline_run1,baseline,2026/04/15-06:36:26.709157,0,1,4,4,0,,263118973,LevelL0FilesNum
baseline_run1,baseline,2026/04/15-06:36:27.264623,0,1,4,4,0,,263098553,LevelL0FilesNum
baseline_run1,baseline,2026/04/15-06:36:27.634049,0,1,4,4,0,,854705193,LevelL0FilesNum
baseline_run1,baseline,2026/04/15-06:36:28.896390,0,1,4,4,0,,263095555,LevelL0FilesNum
baseline_run1,baseline,2026/04/15-06:36:29.477783,0,1,4,4,0,,263109918,LevelL0FilesNum
baseline_run1,baseline,2026/04/15-06:36:30.143629,0,1,4,4,0,,263092580,LevelL0FilesNum
baseline_run1,baseline,2026/04/15-06:36:30.529926,2,3,4,1,3,,331368205,LevelMaxLevelSize
baseline_run1,baseline,2026/04/15-06:36:30.530044,2,3,5,1,4,,397070663,LevelMaxLevelSize
baseline_run1,baseline,2026/04/15-06:36:30.530064,2,3,4,1,3,,331829761,LevelMaxLevelSize
baseline_run1,baseline,2026/04/15-06:36:30.530064,2,3,6,1,5,,455200921,LevelMaxLevelSize
baseline_run1,baseline,2026/04/15-06:36:30.530424,0,1,50,6,44,,8233922757,LevelL0FilesNum
baseline_run1,baseline,2026/04/15-06:36:30.530643,2,3,3,1,2,,270066647,LevelMaxLevelSize
baseline_run1,baseline,2026/04/15-06:36:30.530862,2,3,4,1,3,,337583230,LevelMaxLevelSize
baseline_run1,baseline,2026/04/15-06:36:30.530988,2,3,3,1,2,,258858093,LevelMaxLevelSize
baseline_run1,baseline,2026/04/15-06:36:30.530997,2,3,3,1,2,,270066886,LevelMaxLevelSize
baseline_run1,baseline,2026/04/15-06:36:30.531024,2,3,3,1,2,,264393089,LevelMaxLevelSize
baseline_run1,baseline,2026/04/15-06:36:30.531039,2,3,4,1,3,,337583325,LevelMaxLevelSize
baseline_run1,baseline,2026/04/15-06:36:30.531053,2,3,4,1,3,,337583435,LevelMaxLevelSize
baseline_run1,baseline,2026/04/15-06:36:30.531148,2,3,4,1,3,,229275979,LevelMaxLevelSize
baseline_run1,baseline,2026/04/15-06:36:30.531609,2,3,4,1,3,,297933463,LevelMaxLevelSize
baseline_run1,baseline,2026/04/15-06:36:30.532476,2,3,6,1,5,,386993549,LevelMaxLevelSize
baseline_run1,baseline,2026/04/15-06:36:30.532488,2,3,7,1,6,,500917546,LevelMaxLevelSize
baseline_run1,baseline,2026/04/15-06:36:30.532488,2,3,3,1,2,,170130913,LevelMaxLevelSize
baseline_run1,baseline,2026/04/15-06:36:30.532495,2,3,5,1,4,,341677285,LevelMaxLevelSize
baseline_run1,baseline,2026/04/15-06:36:30.532506,2,3,7,1,6,,471521452,LevelMaxLevelSize
baseline_run1,baseline,2026/04/15-06:36:30.532510,2,3,7,1,6,,540129266,LevelMaxLevelSize
baseline_run1,baseline,2026/04/15-06:36:30.532519,2,3,4,1,3,,275083446,LevelMaxLevelSize
baseline_run1,baseline,2026/04/15-06:36:30.532520,2,3,6,1,5,,359370660,LevelMaxLevelSize
baseline_run1,baseline,2026/04/15-06:36:30.532520,2,3,7,1,6,,502735710,LevelMaxLevelSize
baseline_run1,baseline,2026/04/15-06:36:30.532532,2,3,4,1,3,,257632252,LevelMaxLevelSize
baseline_run1,baseline,2026/04/15-06:36:30.532537,2,3,6,1,5,,472613450,LevelMaxLevelSize
baseline_run1,baseline,2026/04/15-06:36:30.532538,2,3,5,1,4,,355897469,LevelMaxLevelSize
baseline_run1,baseline,2026/04/15-06:36:30.532546,2,3,6,1,5,,355193030,LevelMaxLevelSize
baseline_run1,baseline,2026/04/15-06:36:30.532561,2,3,5,1,4,,291431368,LevelMaxLevelSize
baseline_run1,baseline,2026/04/15-06:36:30.532568,2,3,6,1,5,,399566163,LevelMaxLevelSize
baseline_run1,baseline,2026/04/15-06:36:30.532573,2,3,7,1,6,,527783141,LevelMaxLevelSize
baseline_run1,baseline,2026/04/15-06:36:30.532594,2,3,5,1,4,,277015860,LevelMaxLevelSize
baseline_run1,baseline,2026/04/15-06:36:30.532600,2,3,4,1,3,,260708600,LevelMaxLevelSize
baseline_run1,baseline,2026/04/15-06:36:30.532603,2,3,7,1,6,,433251992,LevelMaxLevelSize
baseline_run1,baseline,2026/04/15-06:36:30.532606,2,3,7,1,6,,490268885,LevelMaxLevelSize
baseline_run1,baseline,2026/04/15-06:36:30.532611,2,3,8,1,7,,497586089,LevelMaxLevelSize
baseline_run1,baseline,2026/04/15-06:36:30.535693,2,3,11,1,10,,788774826,LevelMaxLevelSize
baseline_run1,baseline,2026/04/15-06:36:30.923238,2,3,5,1,4,,93267210,LevelMaxLevelSize
baseline_run1,baseline,2026/04/15-06:36:31.092978,0,1,5,5,0,,328860211,LevelL0FilesNum
baseline_run1,baseline,2026/04/15-06:36:31.139282,2,3,8,1,7,,516503673,LevelMaxLevelSize
baseline_run1,baseline,2026/04/15-06:36:31.161749,2,3,6,1,5,,338384069,LevelMaxLevelSize
baseline_run1,baseline,2026/04/15-06:36:31.172673,2,3,4,1,3,,331271698,LevelMaxLevelSize
baseline_run1,baseline,2026/04/15-06:36:31.465737,0,1,4,4,0,,263107730,LevelL0FilesNum
baseline_run1,baseline,2026/04/15-06:36:31.865181,0,1,4,4,0,,263093555,LevelL0FilesNum
baseline_run1,baseline,2026/04/15-06:36:32.247038,0,1,4,4,0,,263116158,LevelL0FilesNum
baseline_run1,baseline,2026/04/15-06:36:32.643852,0,1,4,4,0,,263135911,LevelL0FilesNum
baseline_run1,baseline,2026/04/15-06:36:33.029291,0,1,4,4,0,,263109136,LevelL0FilesNum
baseline_run1,baseline,2026/04/15-06:36:33.425380,0,1,4,4,0,,263095344,LevelL0FilesNum
baseline_run1,baseline,2026/04/15-06:36:33.809377,0,1,4,4,0,,263097777,LevelL0FilesNum
baseline_run1,baseline,2026/04/15-06:36:34.287325,0,1,4,4,0,,263125505,LevelL0FilesNum
baseline_run1,baseline,2026/04/15-06:36:34.840076,0,1,4,4,0,,263081023,LevelL0FilesNum
baseline_run1,baseline,2026/04/15-06:36:35.216234,0,1,7,7,0,,1643768519,LevelL0FilesNum
baseline_run1,baseline,2026/04/15-06:36:37.648420,0,1,4,4,0,,263109909,LevelL0FilesNum
baseline_run1,baseline,2026/04/15-06:36:38.035223,0,1,4,4,0,,263102891,LevelL0FilesNum
baseline_run1,baseline,2026/04/15-06:36:38.421981,0,1,4,4,0,,263114061,LevelL0FilesNum
baseline_run1,baseline,2026/04/15-06:36:38.884197,0,1,4,4,0,,263107832,LevelL0FilesNum
baseline_run1,baseline,2026/04/15-06:36:39.453077,0,1,4,4,0,,263108029,LevelL0FilesNum
baseline_run1,baseline,2026/04/15-06:36:39.814023,0,1,6,6,0,,1380773930,LevelL0FilesNum
baseline_run1,baseline,2026/04/15-06:36:41.777503,0,1,4,4,0,,263096437,LevelL0FilesNum
baseline_run1,baseline,2026/04/15-06:36:42.168925,0,1,4,4,0,,263095364,LevelL0FilesNum
baseline_run1,baseline,2026/04/15-06:36:42.632383,0,1,4,4,0,,263094465,LevelL0FilesNum
baseline_run1,baseline,2026/04/15-06:36:43.084217,2,3,4,1,3,,307002990,LevelMaxLevelSize
baseline_run1,baseline,2026/04/15-06:36:43.084870,2,3,3,1,2,,270065392,LevelMaxLevelSize
baseline_run1,baseline,2026/04/15-06:36:43.085169,2,3,4,1,3,,315165548,LevelMaxLevelSize
baseline_run1,baseline,2026/04/15-06:36:43.085240,2,3,4,1,3,,329267594,LevelMaxLevelSize
baseline_run1,baseline,2026/04/15-06:36:43.085376,2,3,4,1,3,,331337676,LevelMaxLevelSize
baseline_run1,baseline,2026/04/15-06:36:43.085503,0,1,63,11,52,,10023229987,LevelL0FilesNum
baseline_run1,baseline,2026/04/15-06:36:43.085631,2,3,4,1,3,,337582013,LevelMaxLevelSize
baseline_run1,baseline,2026/04/15-06:36:43.085822,2,3,4,1,3,,320394808,LevelMaxLevelSize
baseline_run1,baseline,2026/04/15-06:36:43.085837,2,3,3,1,2,,200136512,LevelMaxLevelSize
baseline_run1,baseline,2026/04/15-06:36:43.085976,2,3,5,1,4,,389299408,LevelMaxLevelSize
baseline_run1,baseline,2026/04/15-06:36:43.085982,2,3,3,1,2,,192544027,LevelMaxLevelSize
baseline_run1,baseline,2026/04/15-06:36:43.085985,2,3,5,1,4,,379073474,LevelMaxLevelSize
baseline_run1,baseline,2026/04/15-06:36:43.086061,2,3,5,1,4,,405098929,LevelMaxLevelSize
baseline_run1,baseline,2026/04/15-06:36:43.086073,2,3,5,1,4,,402410169,LevelMaxLevelSize
baseline_run1,baseline,2026/04/15-06:36:43.086132,2,3,5,1,4,,405098506,LevelMaxLevelSize
baseline_run1,baseline,2026/04/15-06:36:43.086217,2,3,5,1,4,,405098484,LevelMaxLevelSize
baseline_run1,baseline,2026/04/15-06:36:43.086231,2,3,6,1,5,,409735651,LevelMaxLevelSize
baseline_run1,baseline,2026/04/15-06:36:43.086357,2,3,4,1,3,,240927192,LevelMaxLevelSize
baseline_run1,baseline,2026/04/15-06:36:43.086357,2,3,6,1,5,,449785207,LevelMaxLevelSize
baseline_run1,baseline,2026/04/15-06:36:43.086363,2,3,7,1,6,,485516014,LevelMaxLevelSize
baseline_run1,baseline,2026/04/15-06:36:43.086421,2,3,7,1,6,,540153693,LevelMaxLevelSize
baseline_run1,baseline,2026/04/15-06:36:43.086673,2,3,5,1,4,,333504537,LevelMaxLevelSize
baseline_run1,baseline,2026/04/15-06:36:43.086674,2,3,6,1,5,,344398103,LevelMaxLevelSize
baseline_run1,baseline,2026/04/15-06:36:43.086660,2,3,6,1,5,,412859448,LevelMaxLevelSize
baseline_run1,baseline,2026/04/15-06:36:43.086677,2,3,9,1,8,,574136501,LevelMaxLevelSize
baseline_run1,baseline,2026/04/15-06:36:43.086680,2,3,6,1,5,,391252418,LevelMaxLevelSize
baseline_run1,baseline,2026/04/15-06:36:43.086689,2,3,10,1,9,,564273798,LevelMaxLevelSize
baseline_run1,baseline,2026/04/15-06:36:43.086707,2,3,10,1,9,,648651361,LevelMaxLevelSize
baseline_run1,baseline,2026/04/15-06:36:43.405293,0,1,4,4,0,,263077323,LevelL0FilesNum
baseline_run1,baseline,2026/04/15-06:36:43.805892,0,1,4,4,0,,263098875,LevelL0FilesNum
baseline_run1,baseline,2026/04/15-06:36:44.206288,0,1,4,4,0,,263099367,LevelL0FilesNum
baseline_run1,baseline,2026/04/15-06:36:44.668681,0,1,4,4,0,,263105821,LevelL0FilesNum
baseline_run1,baseline,2026/04/15-06:36:45.230394,0,1,4,4,0,,263110953,LevelL0FilesNum
baseline_run1,baseline,2026/04/15-06:36:45.595121,0,1,6,6,0,,1380817007,LevelL0FilesNum
baseline_run1,baseline,2026/04/15-06:36:47.622653,0,1,4,4,0,,263109962,LevelL0FilesNum
baseline_run1,baseline,2026/04/15-06:36:48.008167,0,1,4,4,0,,263110988,LevelL0FilesNum
baseline_run1,baseline,2026/04/15-06:36:48.475267,0,1,4,4,0,,263116396,LevelL0FilesNum
baseline_run1,baseline,2026/04/15-06:36:49.055059,0,1,4,4,0,,263128846,LevelL0FilesNum
baseline_run1,baseline,2026/04/15-06:36:49.431162,0,1,5,5,0,,1117799368,LevelL0FilesNum
baseline_run1,baseline,2026/04/15-06:36:51.090119,0,1,4,4,0,,263104721,LevelL0FilesNum
baseline_run1,baseline,2026/04/15-06:36:51.567687,0,1,4,4,0,,263108914,LevelL0FilesNum
baseline_run1,baseline,2026/04/15-06:36:52.147426,0,1,4,4,0,,263097720,LevelL0FilesNum
baseline_run1,baseline,2026/04/15-06:36:52.513777,0,1,4,4,0,,854748079,LevelL0FilesNum
baseline_run1,baseline,2026/04/15-06:36:53.807979,0,1,4,4,0,,263089013,LevelL0FilesNum
baseline_run1,baseline,2026/04/15-06:36:54.381579,0,1,4,4,0,,263113154,LevelL0FilesNum
baseline_run1,baseline,2026/04/15-06:36:55.024962,0,1,4,4,0,,263116143,LevelL0FilesNum
baseline_run1,baseline,2026/04/15-06:36:55.500160,0,1,4,4,0,,854683571,LevelL0FilesNum
baseline_run1,baseline,2026/04/15-06:36:56.830913,0,1,4,4,0,,263119349,LevelL0FilesNum
baseline_run1,baseline,2026/04/15-06:36:57.499136,0,1,4,4,0,,263076734,LevelL0FilesNum
baseline_run1,baseline,2026/04/15-06:36:58.401841,2,3,4,1,3,,327602526,LevelMaxLevelSize
baseline_run1,baseline,2026/04/15-06:36:58.403178,2,3,3,1,2,,270064569,LevelMaxLevelSize
baseline_run1,baseline,2026/04/15-06:36:58.403191,2,3,3,1,2,,270064577,LevelMaxLevelSize
baseline_run1,baseline,2026/04/15-06:36:58.403208,0,1,52,7,45,,9258122418,LevelL0FilesNum
baseline_run1,baseline,2026/04/15-06:36:58.403311,2,3,4,1,3,,208432610,LevelMaxLevelSize
baseline_run1,baseline,2026/04/15-06:36:58.403499,2,3,4,1,3,,336250589,LevelMaxLevelSize
baseline_run1,baseline,2026/04/15-06:36:58.403506,2,3,3,1,2,,196612348,LevelMaxLevelSize
baseline_run1,baseline,2026/04/15-06:36:58.403508,2,3,4,1,3,,337580921,LevelMaxLevelSize
baseline_run1,baseline,2026/04/15-06:36:58.404410,2,3,3,1,2,,186402221,LevelMaxLevelSize
baseline_run1,baseline,2026/04/15-06:36:58.404420,2,3,5,1,4,,305617561,LevelMaxLevelSize
baseline_run1,baseline,2026/04/15-06:36:58.404428,2,3,3,1,2,,171151356,LevelMaxLevelSize
baseline_run1,baseline,2026/04/15-06:36:58.404432,2,3,6,1,5,,431852542,LevelMaxLevelSize
baseline_run1,baseline,2026/04/15-06:36:58.404433,2,3,3,1,2,,193963656,LevelMaxLevelSize
baseline_run1,baseline,2026/04/15-06:36:58.404434,2,3,4,1,3,,247959237,LevelMaxLevelSize
baseline_run1,baseline,2026/04/15-06:36:58.404440,2,3,4,1,3,,274029486,LevelMaxLevelSize
baseline_run1,baseline,2026/04/15-06:36:58.404445,2,3,5,1,4,,405114200,LevelMaxLevelSize
baseline_run1,baseline,2026/04/15-06:36:58.404453,2,3,4,1,3,,254586396,LevelMaxLevelSize
baseline_run1,baseline,2026/04/15-06:36:58.404461,2,3,6,1,5,,462229570,LevelMaxLevelSize
baseline_run1,baseline,2026/04/15-06:36:58.404468,2,3,8,1,7,,573088588,LevelMaxLevelSize
baseline_run1,baseline,2026/04/15-06:36:58.404482,2,3,4,1,3,,247266476,LevelMaxLevelSize
baseline_run1,baseline,2026/04/15-06:36:58.404485,2,3,6,1,5,,472634180,LevelMaxLevelSize
baseline_run1,baseline,2026/04/15-06:36:58.404489,2,3,6,1,5,,393491567,LevelMaxLevelSize
baseline_run1,baseline,2026/04/15-06:36:58.404506,2,3,5,1,4,,402817686,LevelMaxLevelSize
baseline_run1,baseline,2026/04/15-06:36:58.404516,2,3,6,1,5,,472634255,LevelMaxLevelSize
baseline_run1,baseline,2026/04/15-06:36:58.404518,2,3,8,1,7,,607672138,LevelMaxLevelSize
baseline_run1,baseline,2026/04/15-06:36:58.404525,2,3,8,1,7,,605089793,LevelMaxLevelSize
baseline_run1,baseline,2026/04/15-06:36:58.404533,2,3,5,1,4,,405114010,LevelMaxLevelSize
baseline_run1,baseline,2026/04/15-06:36:58.404538,2,3,8,1,7,,593349195,LevelMaxLevelSize
baseline_run1,baseline,2026/04/15-06:36:58.404550,2,3,6,1,5,,408898763,LevelMaxLevelSize
baseline_run1,baseline,2026/04/15-06:36:58.404575,2,3,6,1,5,,472634448,LevelMaxLevelSize
baseline_run1,baseline,2026/04/15-06:36:58.404743,2,3,6,1,5,,362432429,LevelMaxLevelSize
baseline_run1,baseline,2026/04/15-06:36:58.404747,2,3,6,1,5,,379046274,LevelMaxLevelSize
baseline_run1,baseline,2026/04/15-06:36:58.404754,2,3,8,1,7,,532688621,LevelMaxLevelSize
baseline_run1,baseline,2026/04/15-06:36:58.404892,2,3,7,1,6,,429864762,LevelMaxLevelSize
baseline_run1,baseline,2026/04/15-06:36:58.404894,2,3,5,1,4,,286915140,LevelMaxLevelSize
baseline_run1,baseline,2026/04/15-06:36:58.418940,2,3,8,1,7,,487506101,LevelMaxLevelSize
baseline_run1,baseline,2026/04/15-06:36:58.817713,2,3,6,1,5,,396672379,LevelMaxLevelSize
baseline_run1,baseline,2026/04/15-06:36:58.861599,2,3,13,1,12,,852393278,LevelMaxLevelSize
baseline_run1,baseline,2026/04/15-06:36:58.875244,2,3,5,1,4,,338597647,LevelMaxLevelSize
baseline_run1,baseline,2026/04/15-06:36:58.880754,2,3,7,1,6,,445865030,LevelMaxLevelSize
baseline_run1,baseline,2026/04/15-06:36:58.914256,2,3,9,1,8,,608085009,LevelMaxLevelSize
baseline_run1,baseline,2026/04/15-06:36:58.985453,2,3,5,1,4,,310202641,LevelMaxLevelSize
baseline_run1,baseline,2026/04/15-06:36:59.010985,2,3,5,1,4,,338326304,LevelMaxLevelSize
baseline_run1,baseline,2026/04/15-06:36:59.019983,2,3,7,1,6,,456009230,LevelMaxLevelSize
baseline_run1,baseline,2026/04/15-06:36:59.034959,2,3,7,1,6,,456619828,LevelMaxLevelSize
baseline_run1,baseline,2026/04/15-06:36:59.036224,2,3,7,1,6,,472729717,LevelMaxLevelSize
baseline_run1,baseline,2026/04/15-06:36:59.056009,2,3,4,1,3,,329141977,LevelMaxLevelSize
baseline_run1,baseline,2026/04/15-06:36:59.098206,0,1,6,6,0,,394650496,LevelL0FilesNum
baseline_run1,baseline,2026/04/15-06:36:59.150021,2,3,7,1,6,,440243103,LevelMaxLevelSize
baseline_run1,baseline,2026/04/15-06:36:59.181931,2,3,7,1,6,,422506158,LevelMaxLevelSize
baseline_run1,baseline,2026/04/15-06:36:59.214832,2,3,3,1,2,,261858087,LevelMaxLevelSize
baseline_run1,baseline,2026/04/15-06:36:59.224003,2,3,4,1,3,,327808711,LevelMaxLevelSize
baseline_run1,baseline,2026/04/15-06:36:59.285088,2,3,9,1,8,,616956665,LevelMaxLevelSize
baseline_run1,baseline,2026/04/15-06:36:59.316805,2,3,6,1,5,,320687109,LevelMaxLevelSize
baseline_run1,baseline,2026/04/15-06:36:59.335707,2,3,8,1,7,,592476610,LevelMaxLevelSize
baseline_run1,baseline,2026/04/15-06:36:59.340195,2,3,6,1,5,,459979884,LevelMaxLevelSize
baseline_run1,baseline,2026/04/15-06:36:59.365405,2,3,6,1,5,,459804471,LevelMaxLevelSize
baseline_run1,baseline,2026/04/15-06:36:59.374024,2,3,6,1,5,,422173749,LevelMaxLevelSize
baseline_run1,baseline,2026/04/15-06:36:59.383168,2,3,6,1,5,,426151227,LevelMaxLevelSize
baseline_run1,baseline,2026/04/15-06:36:59.512603,0,1,4,4,0,,263115148,LevelL0FilesNum
baseline_run1,baseline,2026/04/15-06:37:00.067201,0,1,4,4,0,,263104903,LevelL0FilesNum
baseline_run1,baseline,2026/04/15-06:37:00.644357,0,1,4,4,0,,263112983,LevelL0FilesNum
baseline_run1,baseline,2026/04/15-06:37:01.038092,0,1,4,4,0,,263103689,LevelL0FilesNum
baseline_run1,baseline,2026/04/15-06:37:01.421357,0,1,4,4,0,,263119263,LevelL0FilesNum
baseline_run1,baseline,2026/04/15-06:37:12.022309,1,2,3,2,1,,231255490,LevelMaxLevelSize
baseline_run1,baseline,2026/04/15-06:37:12.022606,1,2,3,2,1,,273512348,LevelMaxLevelSize
baseline_run1,baseline,2026/04/15-06:37:12.022613,1,2,2,1,1,,197503631,LevelMaxLevelSize
baseline_run1,baseline,2026/04/15-06:37:12.022723,1,2,3,2,1,,240348785,LevelMaxLevelSize
baseline_run1,baseline,2026/04/15-06:37:12.022816,1,2,3,2,1,,268760782,LevelMaxLevelSize
baseline_run1,baseline,2026/04/15-06:37:12.022833,1,2,2,1,1,,135164309,LevelMaxLevelSize
baseline_run1,baseline,2026/04/15-06:37:12.022838,1,2,2,1,1,,182245654,LevelMaxLevelSize
baseline_run1,baseline,2026/04/15-06:37:12.022840,1,2,2,1,1,,172866864,LevelMaxLevelSize
baseline_run1,baseline,2026/04/15-06:37:12.022842,1,2,3,2,1,,264216735,LevelMaxLevelSize
baseline_run1,baseline,2026/04/15-06:37:12.022850,1,2,2,1,1,,146074356,LevelMaxLevelSize
baseline_run1,baseline,2026/04/15-06:37:12.022854,1,2,3,2,1,,285108534,LevelMaxLevelSize
baseline_run1,baseline,2026/04/15-06:37:12.022948,1,2,2,1,1,,162329777,LevelMaxLevelSize
baseline_run1,baseline,2026/04/15-06:37:12.022950,1,2,4,3,1,,468652665,LevelMaxLevelSize
baseline_run1,baseline,2026/04/15-06:37:12.023111,1,2,3,2,1,,254566465,LevelMaxLevelSize
baseline_run1,baseline,2026/04/15-06:37:12.023115,1,2,2,1,1,,238062371,LevelMaxLevelSize
baseline_run1,baseline,2026/04/15-06:37:12.023215,1,2,4,3,1,,392526845,LevelMaxLevelSize
baseline_run1,baseline,2026/04/15-06:37:12.024361,2,3,4,1,3,,235303983,LevelMaxLevelSize
baseline_run1,baseline,2026/04/15-06:37:12.024539,2,3,4,1,3,,337592574,LevelMaxLevelSize
baseline_run1,baseline,2026/04/15-06:37:12.024677,2,3,7,1,6,,499091542,LevelMaxLevelSize
baseline_run1,baseline,2026/04/15-06:37:12.024682,2,3,5,1,4,,385201381,LevelMaxLevelSize
baseline_run1,baseline,2026/04/15-06:37:12.024700,2,3,5,1,4,,390291060,LevelMaxLevelSize
baseline_run1,baseline,2026/04/15-06:37:12.024744,2,3,4,1,3,,337592411,LevelMaxLevelSize
baseline_run1,baseline,2026/04/15-06:37:12.024740,2,3,6,1,5,,447058036,LevelMaxLevelSize
baseline_run1,baseline,2026/04/15-06:37:12.024738,2,3,5,1,4,,394615609,LevelMaxLevelSize
baseline_run1,baseline,2026/04/15-06:37:12.024764,2,3,7,1,6,,540153431,LevelMaxLevelSize
baseline_run1,baseline,2026/04/15-06:37:12.024786,2,3,5,1,4,,379331721,LevelMaxLevelSize
baseline_run1,baseline,2026/04/15-06:37:12.024825,2,3,5,1,4,,343816693,LevelMaxLevelSize
baseline_run1,baseline,2026/04/15-06:37:12.024877,2,3,4,1,3,,257258581,LevelMaxLevelSize
baseline_run1,baseline,2026/04/15-06:37:12.024960,2,3,9,1,8,,637071875,LevelMaxLevelSize
baseline_run1,baseline,2026/04/15-06:37:12.026850,2,3,4,1,3,,295082530,LevelMaxLevelSize
baseline_run1,baseline,2026/04/15-06:37:12.026901,2,3,4,1,3,,337592550,LevelMaxLevelSize
baseline_run1,baseline,2026/04/15-06:37:12.026966,2,3,7,1,6,,472846436,LevelMaxLevelSize
baseline_run1,baseline,2026/04/15-06:37:12.027567,2,3,7,1,6,,483650578,LevelMaxLevelSize
baseline_run1,baseline,2026/04/15-06:37:12.027660,2,3,4,1,3,,254595446,LevelMaxLevelSize
baseline_run1,baseline,2026/04/15-06:37:12.027667,2,3,7,1,6,,449316100,LevelMaxLevelSize
baseline_run1,baseline,2026/04/15-06:37:12.047397,2,3,6,1,5,,370499562,LevelMaxLevelSize
baseline_run1,baseline,2026/04/15-06:37:12.364031,0,1,5,5,0,,328878449,LevelL0FilesNum
baseline_run1,baseline,2026/04/15-06:37:12.387666,1,2,2,1,1,,145415753,LevelMaxLevelSize
baseline_run1,baseline,2026/04/15-06:37:12.421766,2,3,3,1,2,,197618904,LevelMaxLevelSize
baseline_run1,baseline,2026/04/15-06:37:12.463847,2,3,2,1,1,,30103494,LevelMaxLevelSize
baseline_run1,baseline,2026/04/15-06:37:12.469943,2,3,2,1,1,,116583143,LevelMaxLevelSize
baseline_run1,baseline,2026/04/15-06:37:12.513623,2,3,2,1,1,,115474560,LevelMaxLevelSize
baseline_run1,baseline,2026/04/15-06:37:12.541589,2,3,3,1,2,,197688503,LevelMaxLevelSize
baseline_run1,baseline,2026/04/15-06:37:12.578278,2,3,2,1,1,,139562670,LevelMaxLevelSize
baseline_run1,baseline,2026/04/15-06:37:12.588247,2,3,2,1,1,,138589247,LevelMaxLevelSize
baseline_run1,baseline,2026/04/15-06:37:12.614813,2,3,3,1,2,,196822231,LevelMaxLevelSize
baseline_run1,baseline,2026/04/15-06:37:12.615830,2,3,2,1,1,,139649049,LevelMaxLevelSize
baseline_run1,baseline,2026/04/15-06:37:12.639844,2,3,2,1,1,,138876047,LevelMaxLevelSize
baseline_run1,baseline,2026/04/15-06:37:12.640775,2,3,4,1,3,,234547356,LevelMaxLevelSize
baseline_run1,baseline,2026/04/15-06:37:12.658709,2,3,2,1,1,,138934367,LevelMaxLevelSize
baseline_run1,baseline,2026/04/15-06:37:12.673714,2,3,2,1,1,,138300423,LevelMaxLevelSize
baseline_run1,baseline,2026/04/15-06:37:12.689648,2,3,4,1,3,,242511168,LevelMaxLevelSize
baseline_run1,baseline,2026/04/15-06:37:12.696793,2,3,3,1,2,,197209762,LevelMaxLevelSize
baseline_run1,baseline,2026/04/15-06:37:12.711742,2,3,2,1,1,,139793504,LevelMaxLevelSize
baseline_run1,baseline,2026/04/15-06:37:12.726741,2,3,3,1,2,,196976856,LevelMaxLevelSize
baseline_run1,baseline,2026/04/15-06:37:12.742322,2,3,3,1,2,,196808728,LevelMaxLevelSize
baseline_run1,baseline,2026/04/15-06:37:12.747251,2,3,3,1,2,,196676569,LevelMaxLevelSize
baseline_run1,baseline,2026/04/15-06:37:12.788635,0,1,4,4,0,,263088296,LevelL0FilesNum
baseline_run1,baseline,2026/04/15-06:37:12.821811,2,3,5,1,4,,392597658,LevelMaxLevelSize
baseline_run1,baseline,2026/04/15-06:37:12.831301,2,3,4,1,3,,289129757,LevelMaxLevelSize
baseline_run1,baseline,2026/04/15-06:37:12.848078,2,3,5,1,4,,392695090,LevelMaxLevelSize
baseline_run1,baseline,2026/04/15-06:37:12.859889,2,3,2,1,1,,97854560,LevelMaxLevelSize
baseline_run1,baseline,2026/04/15-06:37:12.895024,2,3,5,1,4,,279121952,LevelMaxLevelSize
baseline_run1,baseline,2026/04/15-06:37:12.901799,2,3,3,1,2,,186595052,LevelMaxLevelSize
baseline_run1,baseline,2026/04/15-06:37:12.915347,2,3,4,1,3,,216563736,LevelMaxLevelSize
baseline_run1,baseline,2026/04/15-06:37:12.932191,2,3,6,1,5,,434262036,LevelMaxLevelSize
baseline_run1,baseline,2026/04/15-06:37:12.941536,2,3,6,1,5,,459951610,LevelMaxLevelSize
baseline_run1,baseline,2026/04/15-06:37:12.947421,2,3,5,1,4,,310523603,LevelMaxLevelSize
baseline_run1,baseline,2026/04/15-06:37:12.950679,2,3,5,1,4,,254861054,LevelMaxLevelSize
baseline_run1,baseline,2026/04/15-06:37:12.951296,2,3,4,1,3,,263197253,LevelMaxLevelSize
baseline_run1,baseline,2026/04/15-06:37:12.953895,2,3,2,1,1,,90058878,LevelMaxLevelSize
baseline_run1,baseline,2026/04/15-06:37:12.972983,2,3,8,1,7,,563401303,LevelMaxLevelSize
baseline_run1,baseline,2026/04/15-06:37:12.985709,2,3,2,1,1,,139300039,LevelMaxLevelSize
baseline_run1,baseline,2026/04/15-06:37:13.000971,2,3,2,1,1,,139247837,LevelMaxLevelSize
baseline_run1,baseline,2026/04/15-06:37:13.018832,2,3,3,1,2,,195632420,LevelMaxLevelSize
baseline_run1,baseline,2026/04/15-06:37:13.030616,2,3,2,1,1,,125745102,LevelMaxLevelSize
baseline_run1,baseline,2026/04/15-06:37:13.048379,2,3,2,1,1,,94521737,LevelMaxLevelSize
baseline_run1,baseline,2026/04/15-06:37:13.081708,2,3,5,1,4,,314605665,LevelMaxLevelSize
baseline_run1,baseline,2026/04/15-06:37:13.088649,2,3,6,1,5,,401111979,LevelMaxLevelSize
baseline_run1,baseline,2026/04/15-06:37:13.102654,2,3,9,1,8,,655678982,LevelMaxLevelSize
baseline_run1,baseline,2026/04/15-06:37:13.120446,2,3,3,1,2,,138182456,LevelMaxLevelSize
baseline_run1,baseline,2026/04/15-06:37:13.153300,2,3,3,1,2,,183444377,LevelMaxLevelSize
baseline_run1,baseline,2026/04/15-06:37:13.173049,2,3,2,1,1,,93875681,LevelMaxLevelSize
baseline_run1,baseline,2026/04/15-06:37:13.173049,2,3,2,1,1,,116199808,LevelMaxLevelSize
baseline_run1,baseline,2026/04/15-06:37:13.173120,2,3,2,1,1,,116110412,LevelMaxLevelSize
baseline_run1,baseline,2026/04/15-06:37:13.173505,2,3,3,1,2,,201010299,LevelMaxLevelSize
baseline_run1,baseline,2026/04/15-06:37:13.196662,2,3,2,1,1,,115697827,LevelMaxLevelSize
baseline_run1,baseline,2026/04/15-06:37:13.200042,2,3,2,1,1,,115683287,LevelMaxLevelSize
baseline_run1,baseline,2026/04/15-06:37:13.211482,2,3,2,1,1,,115406807,LevelMaxLevelSize
baseline_run1,baseline,2026/04/15-06:37:13.212139,2,3,2,1,1,,96022761,LevelMaxLevelSize
baseline_run1,baseline,2026/04/15-06:37:13.214050,2,3,5,1,4,,277139076,LevelMaxLevelSize
baseline_run1,baseline,2026/04/15-06:37:13.245764,0,1,4,4,0,,263124557,LevelL0FilesNum
baseline_run1,baseline,2026/04/15-06:37:13.695346,0,1,4,4,0,,263108921,LevelL0FilesNum
baseline_run1,baseline,2026/04/15-06:37:14.087815,0,1,30,13,17,,4719658987,LevelL0FilesNum
baseline_run1,baseline,2026/04/15-06:37:14.394257,0,1,4,4,0,,263088375,LevelL0FilesNum
baseline_run1,baseline,2026/04/15-06:37:14.876965,0,1,4,4,0,,263091155,LevelL0FilesNum
baseline_run1,baseline,2026/04/15-06:37:15.452229,0,1,4,4,0,,263112872,LevelL0FilesNum
baseline_run1,baseline,2026/04/15-06:37:15.814693,0,1,4,4,0,,854764286,LevelL0FilesNum
baseline_run1,baseline,2026/04/15-06:37:17.125703,0,1,4,4,0,,263119441,LevelL0FilesNum
baseline_run1,baseline,2026/04/15-06:37:17.700002,0,1,4,4,0,,263096424,LevelL0FilesNum
baseline_run1,baseline,2026/04/15-06:37:18.390366,0,1,4,4,0,,263097528,LevelL0FilesNum
baseline_run1,baseline,2026/04/15-06:37:18.849419,0,1,4,4,0,,854768994,LevelL0FilesNum
baseline_run1,baseline,2026/04/15-06:37:20.221767,0,1,4,4,0,,263114107,LevelL0FilesNum
baseline_run1,baseline,2026/04/15-06:37:20.902957,0,1,4,4,0,,263102704,LevelL0FilesNum
baseline_run1,baseline,2026/04/15-06:37:21.217661,1,2,2,1,1,,135401903,LevelMaxLevelSize
baseline_run1,baseline,2026/04/15-06:37:21.217734,1,2,2,1,1,,63783016,LevelMaxLevelSize
baseline_run1,baseline,2026/04/15-06:37:21.217735,1,2,2,1,1,,84407384,LevelMaxLevelSize
baseline_run1,baseline,2026/04/15-06:37:21.217876,1,2,2,1,1,,181310063,LevelMaxLevelSize
baseline_run1,baseline,2026/04/15-06:37:21.218224,1,2,2,1,1,,182913580,LevelMaxLevelSize
baseline_run1,baseline,2026/04/15-06:37:21.218230,1,2,2,1,1,,181325392,LevelMaxLevelSize
baseline_run1,baseline,2026/04/15-06:37:21.218759,1,2,2,1,1,,181965403,LevelMaxLevelSize
baseline_run1,baseline,2026/04/15-06:37:21.218818,1,2,3,2,1,,260202500,LevelMaxLevelSize
baseline_run1,baseline,2026/04/15-06:37:21.219233,1,2,4,3,1,,386569579,LevelMaxLevelSize
baseline_run1,baseline,2026/04/15-06:37:21.219433,2,3,2,1,1,,107481410,LevelMaxLevelSize
baseline_run1,baseline,2026/04/15-06:37:21.219641,2,3,6,1,5,,400029898,LevelMaxLevelSize
baseline_run1,baseline,2026/04/15-06:37:21.219642,2,3,3,1,2,,265456062,LevelMaxLevelSize
baseline_run1,baseline,2026/04/15-06:37:21.219992,2,3,3,1,2,,197027654,LevelMaxLevelSize
baseline_run1,baseline,2026/04/15-06:37:21.219996,2,3,4,1,3,,192384278,LevelMaxLevelSize
baseline_run1,baseline,2026/04/15-06:37:21.220177,2,3,4,1,3,,251102013,LevelMaxLevelSize
baseline_run1,baseline,2026/04/15-06:37:21.220184,2,3,7,1,6,,540153146,LevelMaxLevelSize
baseline_run1,baseline,2026/04/15-06:37:21.220197,2,3,2,1,1,,87026145,LevelMaxLevelSize
baseline_run1,baseline,2026/04/15-06:37:21.220461,2,3,7,1,6,,444599731,LevelMaxLevelSize
baseline_run1,baseline,2026/04/15-06:37:21.220475,2,3,9,1,8,,653231740,LevelMaxLevelSize
baseline_run1,baseline,2026/04/15-06:37:21.459865,2,3,2,1,1,,95415112,LevelMaxLevelSize
baseline_run1,baseline,2026/04/15-06:37:21.460022,2,3,6,1,5,,445095223,LevelMaxLevelSize
baseline_run1,baseline,2026/04/15-06:37:21.541966,2,3,10,1,9,,664563398,LevelMaxLevelSize
baseline_run1,baseline,2026/04/15-06:37:21.543609,2,3,3,1,2,,186421371,LevelMaxLevelSize
baseline_run1,baseline,2026/04/15-06:37:21.543656,2,3,3,1,2,,186042022,LevelMaxLevelSize
baseline_run1,baseline,2026/04/15-06:37:21.544001,2,3,5,1,4,,306269520,LevelMaxLevelSize
baseline_run1,baseline,2026/04/15-06:37:21.544951,2,3,7,1,6,,501887635,LevelMaxLevelSize
baseline_run1,baseline,2026/04/15-06:37:21.544951,2,3,5,1,4,,263059358,LevelMaxLevelSize
baseline_run1,baseline,2026/04/15-06:37:21.544963,2,3,12,2,10,,769965022,LevelMaxLevelSize
baseline_run1,baseline,2026/04/15-06:37:21.547373,2,3,4,1,3,,229258104,LevelMaxLevelSize
baseline_run1,baseline,2026/04/15-06:37:21.547454,2,3,7,1,6,,428473593,LevelMaxLevelSize
baseline_run1,baseline,2026/04/15-06:37:21.620903,0,1,4,4,0,,263121470,LevelL0FilesNum
baseline_run1,baseline,2026/04/15-06:37:21.921010,2,3,2,1,1,,148663179,LevelMaxLevelSize
baseline_run1,baseline,2026/04/15-06:37:21.921142,2,3,2,1,1,,147771703,LevelMaxLevelSize
baseline_run1,baseline,2026/04/15-06:37:21.921155,2,3,7,1,6,,594694722,LevelMaxLevelSize
baseline_run1,baseline,2026/04/15-06:37:21.921166,2,3,2,1,1,,147211824,LevelMaxLevelSize
baseline_run1,baseline,2026/04/15-06:37:22.026953,0,1,4,4,0,,263096254,LevelL0FilesNum
baseline_run1,baseline,2026/04/15-06:37:22.417398,0,1,4,4,0,,263114050,LevelL0FilesNum
baseline_run1,baseline,2026/04/15-06:37:22.800654,0,1,38,10,28,,4988390788,LevelL0FilesNum
baseline_run1,baseline,2026/04/15-06:37:23.089641,0,1,4,4,0,,263108894,LevelL0FilesNum
baseline_run1,baseline,2026/04/15-06:37:23.477609,0,1,4,4,0,,263088383,LevelL0FilesNum
baseline_run1,baseline,2026/04/15-06:37:23.871318,0,1,4,4,0,,263100811,LevelL0FilesNum
baseline_run1,baseline,2026/04/15-06:37:24.272030,0,1,4,4,0,,263101719,LevelL0FilesNum
baseline_run1,baseline,2026/04/15-06:37:24.745608,0,1,4,4,0,,263096936,LevelL0FilesNum
baseline_run1,baseline,2026/04/15-06:37:25.302903,0,1,4,4,0,,263118459,LevelL0FilesNum
baseline_run1,baseline,2026/04/15-06:37:25.674056,0,1,7,7,0,,1643770630,LevelL0FilesNum
baseline_run1,baseline,2026/04/15-06:37:28.081730,0,1,4,4,0,,263095373,LevelL0FilesNum
baseline_run1,baseline,2026/04/15-06:37:28.486470,0,1,4,4,0,,263091608,LevelL0FilesNum
baseline_run1,baseline,2026/04/15-06:37:28.875177,0,1,4,4,0,,263106693,LevelL0FilesNum
baseline_run1,baseline,2026/04/15-06:37:29.347924,0,1,4,4,0,,263110075,LevelL0FilesNum
baseline_run1,baseline,2026/04/15-06:37:29.932353,0,1,4,4,0,,263107835,LevelL0FilesNum
baseline_run1,baseline,2026/04/15-06:37:30.307100,0,1,6,6,0,,1380604341,LevelL0FilesNum
baseline_run1,baseline,2026/04/15-06:37:30.384885,1,2,2,1,1,,140958190,LevelMaxLevelSize
baseline_run1,baseline,2026/04/15-06:37:30.385427,1,2,2,1,1,,180827882,LevelMaxLevelSize
baseline_run1,baseline,2026/04/15-06:37:30.385481,1,2,2,1,1,,131355766,LevelMaxLevelSize
baseline_run1,baseline,2026/04/15-06:37:30.385482,1,2,4,3,1,,385530002,LevelMaxLevelSize
baseline_run1,baseline,2026/04/15-06:37:30.385485,1,2,2,1,1,,171401105,LevelMaxLevelSize
baseline_run1,baseline,2026/04/15-06:37:30.385762,1,2,2,1,1,,107563417,LevelMaxLevelSize
baseline_run1,baseline,2026/04/15-06:37:30.385767,1,2,3,1,2,,119880668,LevelMaxLevelSize
baseline_run1,baseline,2026/04/15-06:37:30.385774,1,2,2,1,1,,145672756,LevelMaxLevelSize
baseline_run1,baseline,2026/04/15-06:37:30.385774,1,2,3,1,2,,162916030,LevelMaxLevelSize
baseline_run1,baseline,2026/04/15-06:37:30.385778,1,2,2,1,1,,102799718,LevelMaxLevelSize
baseline_run1,baseline,2026/04/15-06:37:30.385926,1,2,3,1,2,,137878439,LevelMaxLevelSize
baseline_run1,baseline,2026/04/15-06:37:30.386390,1,2,2,1,1,,143951774,LevelMaxLevelSize
baseline_run1,baseline,2026/04/15-06:37:30.386561,2,3,2,1,1,,153091122,LevelMaxLevelSize
baseline_run1,baseline,2026/04/15-06:37:30.386570,1,2,2,1,1,,131357483,LevelMaxLevelSize
baseline_run1,baseline,2026/04/15-06:37:30.386800,2,3,4,1,3,,266246851,LevelMaxLevelSize
baseline_run1,baseline,2026/04/15-06:37:30.386823,2,3,3,1,2,,230088109,LevelMaxLevelSize
baseline_run1,baseline,2026/04/15-06:37:30.386829,2,3,3,1,2,,302130231,LevelMaxLevelSize
baseline_run1,baseline,2026/04/15-06:37:30.386882,2,3,4,1,3,,364153593,LevelMaxLevelSize
baseline_run1,baseline,2026/04/15-06:37:30.386893,2,3,2,1,1,,100445666,LevelMaxLevelSize
baseline_run1,baseline,2026/04/15-06:37:30.387245,2,3,6,1,5,,406964006,LevelMaxLevelSize
baseline_run1,baseline,2026/04/15-06:37:30.387251,2,3,12,1,11,,698955661,LevelMaxLevelSize
baseline_run1,baseline,2026/04/15-06:37:30.387252,2,3,11,1,10,,738830586,LevelMaxLevelSize
baseline_run1,baseline,2026/04/15-06:37:30.578691,2,3,3,1,2,,170781045,LevelMaxLevelSize
baseline_run1,baseline,2026/04/15-06:37:30.578702,2,3,5,1,4,,336151238,LevelMaxLevelSize
baseline_run1,baseline,2026/04/15-06:37:30.593552,2,3,4,1,3,,260929784,LevelMaxLevelSize
baseline_run1,baseline,2026/04/15-06:37:30.593553,2,3,4,1,3,,227822883,LevelMaxLevelSize
baseline_run1,baseline,2026/04/15-06:37:30.622811,2,3,5,1,4,,311291811,LevelMaxLevelSize
baseline_run1,baseline,2026/04/15-06:37:30.622811,2,3,4,1,3,,251821865,LevelMaxLevelSize
baseline_run1,baseline,2026/04/15-06:37:30.635335,2,3,4,1,3,,239218841,LevelMaxLevelSize
baseline_run1,baseline,2026/04/15-06:37:30.635430,2,3,6,1,5,,397777097,LevelMaxLevelSize
baseline_run1,baseline,2026/04/15-06:37:30.642691,2,3,4,1,3,,260715820,LevelMaxLevelSize
baseline_run1,baseline,2026/04/15-06:37:30.642692,2,3,6,1,5,,383854891,LevelMaxLevelSize
baseline_run1,baseline,2026/04/15-06:37:30.642814,2,3,6,1,5,,406737320,LevelMaxLevelSize
baseline_run1,baseline,2026/04/15-06:37:30.652723,2,3,3,1,2,,166106665,LevelMaxLevelSize
baseline_run1,baseline,2026/04/15-06:37:30.652730,2,3,2,1,1,,48812203,LevelMaxLevelSize
baseline_run1,baseline,2026/04/15-06:37:30.662229,2,3,2,1,1,,106970955,LevelMaxLevelSize
baseline_run1,baseline,2026/04/15-06:37:30.662232,2,3,6,1,5,,406634521,LevelMaxLevelSize
baseline_run1,baseline,2026/04/15-06:37:30.662233,2,3,5,1,4,,334396488,LevelMaxLevelSize
baseline_run1,baseline,2026/04/15-06:37:30.673447,2,3,2,1,1,,87089655,LevelMaxLevelSize
baseline_run1,baseline,2026/04/15-06:37:30.673516,2,3,4,1,3,,260814279,LevelMaxLevelSize
baseline_run1,baseline,2026/04/15-06:37:30.673516,2,3,6,2,4,,330774123,LevelMaxLevelSize
baseline_run1,baseline,2026/04/15-06:37:30.676362,2,3,4,1,3,,260712589,LevelMaxLevelSize
baseline_run1,baseline,2026/04/15-06:37:30.676378,2,3,7,1,6,,457031193,LevelMaxLevelSize
baseline_run1,baseline,2026/04/15-06:37:30.707928,2,3,6,1,5,,415076430,LevelMaxLevelSize
baseline_run1,baseline,2026/04/15-06:37:30.707943,2,3,4,1,3,,260288695,LevelMaxLevelSize
baseline_run1,baseline,2026/04/15-06:37:30.732553,2,3,3,1,2,,160931984,LevelMaxLevelSize
baseline_run1,baseline,2026/04/15-06:37:30.732557,2,3,4,1,3,,260950724,LevelMaxLevelSize
baseline_run1,baseline,2026/04/15-06:37:30.732609,2,3,12,1,11,,847356222,LevelMaxLevelSize
baseline_run1,baseline,2026/04/15-06:37:30.759171,0,1,4,4,0,,263108804,LevelL0FilesNum
baseline_run1,baseline,2026/04/15-06:37:30.766684,2,3,7,1,6,,419267080,LevelMaxLevelSize
baseline_run1,baseline,2026/04/15-06:37:30.865203,2,3,7,1,6,,464129503,LevelMaxLevelSize
baseline_run1,baseline,2026/04/15-06:37:31.165395,0,1,4,4,0,,263107039,LevelL0FilesNum
baseline_run1,baseline,2026/04/15-06:37:31.220464,2,3,2,1,1,,131879836,LevelMaxLevelSize
baseline_run1,baseline,2026/04/15-06:37:31.220540,2,3,2,1,1,,131008235,LevelMaxLevelSize
baseline_run1,baseline,2026/04/15-06:37:31.220542,2,3,4,1,3,,194294348,LevelMaxLevelSize
baseline_run1,baseline,2026/04/15-06:37:31.220657,2,3,5,1,4,,338219470,LevelMaxLevelSize
baseline_run1,baseline,2026/04/15-06:37:31.220660,2,3,2,1,1,,130926216,LevelMaxLevelSize
baseline_run1,baseline,2026/04/15-06:37:31.584349,0,1,4,4,0,,263096694,LevelL0FilesNum
baseline_run1,baseline,2026/04/15-06:37:31.981507,0,1,4,4,0,,263111147,LevelL0FilesNum
baseline_run1,baseline,2026/04/15-06:37:32.388174,0,1,4,4,0,,263119766,LevelL0FilesNum
baseline_run1,baseline,2026/04/15-06:37:32.750388,0,1,31,10,21,,6111783740,LevelL0FilesNum
baseline_run1,baseline,2026/04/15-06:37:33.074608,0,1,4,4,0,,263094286,LevelL0FilesNum
baseline_run1,baseline,2026/04/15-06:37:33.462127,0,1,4,4,0,,263119009,LevelL0FilesNum
baseline_run1,baseline,2026/04/15-06:37:33.855523,0,1,4,4,0,,263082277,LevelL0FilesNum
baseline_run1,baseline,2026/04/15-06:37:34.251784,0,1,4,4,0,,263139059,LevelL0FilesNum
baseline_run1,baseline,2026/04/15-06:37:34.731496,0,1,4,4,0,,263106601,LevelL0FilesNum
baseline_run1,baseline,2026/04/15-06:37:35.297040,0,1,4,4,0,,263083117,LevelL0FilesNum
baseline_run1,baseline,2026/04/15-06:37:35.653911,0,1,7,7,0,,1643651824,LevelL0FilesNum
baseline_run1,baseline,2026/04/15-06:37:38.080732,0,1,4,4,0,,263105819,LevelL0FilesNum
baseline_run1,baseline,2026/04/15-06:37:38.494580,0,1,4,4,0,,263120349,LevelL0FilesNum
baseline_run1,baseline,2026/04/15-06:37:38.888747,0,1,4,4,0,,263085324,LevelL0FilesNum
baseline_run1,baseline,2026/04/15-06:37:39.362746,0,1,4,4,0,,263125400,LevelL0FilesNum
baseline_run1,baseline,2026/04/15-06:37:39.934448,0,1,4,4,0,,263076768,LevelL0FilesNum
baseline_run1,baseline,2026/04/15-06:37:40.313315,0,1,6,6,0,,1380736814,LevelL0FilesNum
baseline_run1,baseline,2026/04/15-06:37:41.955378,1,2,2,1,1,,142940489,LevelMaxLevelSize
baseline_run1,baseline,2026/04/15-06:37:41.955436,1,2,2,1,1,,75071036,LevelMaxLevelSize
baseline_run1,baseline,2026/04/15-06:37:41.955447,1,2,2,1,1,,165049915,LevelMaxLevelSize
baseline_run1,baseline,2026/04/15-06:37:41.955492,1,2,2,1,1,,192514731,LevelMaxLevelSize
baseline_run1,baseline,2026/04/15-06:37:41.955758,1,2,2,1,1,,127496572,LevelMaxLevelSize
baseline_run1,baseline,2026/04/15-06:37:41.956013,1,2,2,1,1,,195262535,LevelMaxLevelSize
baseline_run1,baseline,2026/04/15-06:37:41.956102,1,2,2,1,1,,205094916,LevelMaxLevelSize
baseline_run1,baseline,2026/04/15-06:37:41.956102,1,2,2,1,1,,84642172,LevelMaxLevelSize
baseline_run1,baseline,2026/04/15-06:37:41.956160,1,2,2,1,1,,177422184,LevelMaxLevelSize
baseline_run1,baseline,2026/04/15-06:37:41.956173,1,2,3,2,1,,272379539,LevelMaxLevelSize
baseline_run1,baseline,2026/04/15-06:37:41.956181,1,2,2,1,1,,151189329,LevelMaxLevelSize
baseline_run1,baseline,2026/04/15-06:37:41.956199,1,2,2,1,1,,156801485,LevelMaxLevelSize
baseline_run1,baseline,2026/04/15-06:37:41.956190,1,2,2,1,1,,122350673,LevelMaxLevelSize
baseline_run1,baseline,2026/04/15-06:37:41.956227,1,2,2,1,1,,232163921,LevelMaxLevelSize
baseline_run1,baseline,2026/04/15-06:37:41.956227,1,2,2,1,1,,151996505,LevelMaxLevelSize
baseline_run1,baseline,2026/04/15-06:37:41.956228,1,2,2,1,1,,197588659,LevelMaxLevelSize
baseline_run1,baseline,2026/04/15-06:37:41.956234,1,2,2,1,1,,149272428,LevelMaxLevelSize
baseline_run1,baseline,2026/04/15-06:37:41.958399,2,3,6,1,5,,446952233,LevelMaxLevelSize
baseline_run1,baseline,2026/04/15-06:37:41.958463,2,3,5,1,4,,354522220,LevelMaxLevelSize
baseline_run1,baseline,2026/04/15-06:37:41.958490,2,3,4,1,3,,222904389,LevelMaxLevelSize
baseline_run1,baseline,2026/04/15-06:37:41.958551,2,3,7,1,6,,451180545,LevelMaxLevelSize
baseline_run1,baseline,2026/04/15-06:37:41.958557,2,3,4,1,3,,262139823,LevelMaxLevelSize
baseline_run1,baseline,2026/04/15-06:37:41.958654,2,3,6,1,5,,504130311,LevelMaxLevelSize
baseline_run1,baseline,2026/04/15-06:37:41.958672,2,3,2,1,1,,212979124,LevelMaxLevelSize
baseline_run1,baseline,2026/04/15-06:37:41.958680,2,3,6,1,5,,446468487,LevelMaxLevelSize
baseline_run1,baseline,2026/04/15-06:37:41.958708,2,3,6,1,5,,377429044,LevelMaxLevelSize
baseline_run1,baseline,2026/04/15-06:37:41.958836,2,3,5,1,4,,278762769,LevelMaxLevelSize
baseline_run1,baseline,2026/04/15-06:37:41.958840,2,3,9,1,8,,670207639,LevelMaxLevelSize
baseline_run1,baseline,2026/04/15-06:37:41.958843,2,3,9,1,8,,583061107,LevelMaxLevelSize
baseline_run1,baseline,2026/04/15-06:37:42.052339,0,1,4,4,0,,263106751,LevelL0FilesNum
baseline_run1,baseline,2026/04/15-06:37:42.052417,1,2,2,1,1,,114741469,LevelMaxLevelSize
baseline_run1,baseline,2026/04/15-06:37:42.116396,2,3,2,1,1,,247847770,LevelMaxLevelSize
baseline_run1,baseline,2026/04/15-06:37:42.141841,2,3,2,1,1,,111701268,LevelMaxLevelSize
baseline_run1,baseline,2026/04/15-06:37:42.248480,2,3,5,1,4,,338280528,LevelMaxLevelSize
baseline_run1,baseline,2026/04/15-06:37:42.248502,2,3,5,1,4,,294999509,LevelMaxLevelSize
baseline_run1,baseline,2026/04/15-06:37:42.274994,2,3,6,1,5,,402042938,LevelMaxLevelSize
baseline_run1,baseline,2026/04/15-06:37:42.275064,2,3,8,1,7,,432702870,LevelMaxLevelSize
baseline_run1,baseline,2026/04/15-06:37:42.301013,2,3,6,1,5,,376222467,LevelMaxLevelSize
baseline_run1,baseline,2026/04/15-06:37:42.309601,2,3,3,1,2,,189384103,LevelMaxLevelSize
baseline_run1,baseline,2026/04/15-06:37:42.309658,2,3,5,1,4,,281928124,LevelMaxLevelSize
baseline_run1,baseline,2026/04/15-06:37:42.309680,2,3,2,1,1,,81886130,LevelMaxLevelSize
baseline_run1,baseline,2026/04/15-06:37:42.310187,2,3,4,1,3,,253747871,LevelMaxLevelSize
baseline_run1,baseline,2026/04/15-06:37:42.310234,2,3,5,1,4,,255332214,LevelMaxLevelSize
baseline_run1,baseline,2026/04/15-06:37:42.310235,2,3,5,1,4,,316696108,LevelMaxLevelSize
baseline_run1,baseline,2026/04/15-06:37:42.311936,2,3,3,1,2,,189430834,LevelMaxLevelSize
baseline_run1,baseline,2026/04/15-06:37:42.340036,2,3,3,1,2,,184278392,LevelMaxLevelSize
baseline_run1,baseline,2026/04/15-06:37:42.362939,2,3,3,1,2,,189153509,LevelMaxLevelSize
baseline_run1,baseline,2026/04/15-06:37:42.395411,2,3,3,1,2,,188888610,LevelMaxLevelSize
baseline_run1,baseline,2026/04/15-06:37:42.401659,2,3,4,1,3,,244709340,LevelMaxLevelSize
baseline_run1,baseline,2026/04/15-06:37:42.402515,2,3,3,1,2,,174687478,LevelMaxLevelSize
baseline_run1,baseline,2026/04/15-06:37:42.414697,2,3,3,1,2,,189417309,LevelMaxLevelSize
baseline_run1,baseline,2026/04/15-06:37:42.442343,2,3,3,1,2,,189301944,LevelMaxLevelSize
baseline_run1,baseline,2026/04/15-06:37:42.457338,2,3,4,1,3,,368325282,LevelMaxLevelSize
baseline_run1,baseline,2026/04/15-06:37:42.471658,2,3,5,1,4,,201222684,LevelMaxLevelSize
baseline_run1,baseline,2026/04/15-06:37:42.483127,0,1,4,4,0,,263087863,LevelL0FilesNum
baseline_run1,baseline,2026/04/15-06:37:42.486173,2,3,3,1,2,,189117052,LevelMaxLevelSize
baseline_run1,baseline,2026/04/15-06:37:42.504533,2,3,3,1,2,,188848971,LevelMaxLevelSize
baseline_run1,baseline,2026/04/15-06:37:42.561277,2,3,5,1,4,,244918867,LevelMaxLevelSize
baseline_run1,baseline,2026/04/15-06:37:42.592602,2,3,2,1,1,,93347351,LevelMaxLevelSize
baseline_run1,baseline,2026/04/15-06:37:42.595845,2,3,4,1,3,,257326665,LevelMaxLevelSize
baseline_run1,baseline,2026/04/15-06:37:42.644631,2,3,2,1,1,,87153796,LevelMaxLevelSize
baseline_run1,baseline,2026/04/15-06:37:42.724779,2,3,6,1,5,,306861064,LevelMaxLevelSize
baseline_run1,baseline,2026/04/15-06:37:42.765177,2,3,5,1,4,,326804657,LevelMaxLevelSize
baseline_run1,baseline,2026/04/15-06:37:42.772385,2,3,5,1,4,,334957887,LevelMaxLevelSize
baseline_run1,baseline,2026/04/15-06:37:42.782791,2,3,6,1,5,,334184628,LevelMaxLevelSize
baseline_run1,baseline,2026/04/15-06:37:42.803383,2,3,6,1,5,,358941971,LevelMaxLevelSize
baseline_run1,baseline,2026/04/15-06:37:42.809832,2,3,7,1,6,,395986704,LevelMaxLevelSize
baseline_run1,baseline,2026/04/15-06:37:42.812747,2,3,7,1,6,,425305913,LevelMaxLevelSize
baseline_run1,baseline,2026/04/15-06:37:42.815977,2,3,3,1,2,,159740761,LevelMaxLevelSize
baseline_run1,baseline,2026/04/15-06:37:42.817407,2,3,7,1,6,,422251000,LevelMaxLevelSize
baseline_run1,baseline,2026/04/15-06:37:42.844563,2,3,7,1,6,,474794688,LevelMaxLevelSize
baseline_run1,baseline,2026/04/15-06:37:42.855540,2,3,7,1,6,,474678377,LevelMaxLevelSize
baseline_run1,baseline,2026/04/15-06:37:42.871098,2,3,4,1,3,,236395458,LevelMaxLevelSize
baseline_run1,baseline,2026/04/15-06:37:42.892612,2,3,5,1,4,,314835092,LevelMaxLevelSize
baseline_run1,baseline,2026/04/15-06:37:42.924382,2,3,4,1,3,,219090464,LevelMaxLevelSize
baseline_run1,baseline,2026/04/15-06:37:42.925145,0,1,4,4,0,,263118979,LevelL0FilesNum
baseline_run1,baseline,2026/04/15-06:37:43.356085,0,1,4,4,0,,263104474,LevelL0FilesNum
baseline_run1,baseline,2026/04/15-06:37:43.745128,0,1,4,4,0,,263107692,LevelL0FilesNum
baseline_run1,baseline,2026/04/15-06:37:44.098756,0,1,31,10,21,,6114458465,LevelL0FilesNum
baseline_run1,baseline,2026/04/15-06:37:44.414631,0,1,4,4,0,,263108994,LevelL0FilesNum
baseline_run1,baseline,2026/04/15-06:37:44.811582,0,1,4,4,0,,263126375,LevelL0FilesNum
baseline_run1,baseline,2026/04/15-06:37:45.203026,0,1,4,4,0,,263129834,LevelL0FilesNum
baseline_run1,baseline,2026/04/15-06:37:45.595065,0,1,4,4,0,,263092663,LevelL0FilesNum
baseline_run1,baseline,2026/04/15-06:37:46.074379,0,1,4,4,0,,263100458,LevelL0FilesNum
baseline_run1,baseline,2026/04/15-06:37:46.640124,0,1,4,4,0,,263083165,LevelL0FilesNum
baseline_run1,baseline,2026/04/15-06:37:46.988620,0,1,7,7,0,,1643623310,LevelL0FilesNum
baseline_run1,baseline,2026/04/15-06:37:49.359871,0,1,4,4,0,,263099405,LevelL0FilesNum
baseline_run1,baseline,2026/04/15-06:37:49.753595,0,1,4,4,0,,263106734,LevelL0FilesNum
baseline_run1,baseline,2026/04/15-06:37:50.145157,0,1,4,4,0,,263106774,LevelL0FilesNum
baseline_run1,baseline,2026/04/15-06:37:50.608457,0,1,4,4,0,,263123369,LevelL0FilesNum
baseline_run1,baseline,2026/04/15-06:37:51.167537,0,1,4,4,0,,263117148,LevelL0FilesNum
baseline_run1,baseline,2026/04/15-06:37:51.523435,0,1,6,6,0,,1380779285,LevelL0FilesNum
baseline_run1,baseline,2026/04/15-06:37:53.192821,1,2,2,1,1,,144364486,LevelMaxLevelSize
baseline_run1,baseline,2026/04/15-06:37:53.192822,1,2,2,1,1,,189722217,LevelMaxLevelSize
baseline_run1,baseline,2026/04/15-06:37:53.192824,1,2,2,1,1,,131365020,LevelMaxLevelSize
baseline_run1,baseline,2026/04/15-06:37:53.192952,1,2,2,1,1,,116190408,LevelMaxLevelSize
baseline_run1,baseline,2026/04/15-06:37:53.193039,1,2,2,1,1,,130148357,LevelMaxLevelSize
baseline_run1,baseline,2026/04/15-06:37:53.193200,1,2,3,1,2,,146680905,LevelMaxLevelSize
baseline_run1,baseline,2026/04/15-06:37:53.193267,1,2,2,1,1,,92199518,LevelMaxLevelSize
baseline_run1,baseline,2026/04/15-06:37:53.193769,1,2,3,2,1,,362043550,LevelMaxLevelSize
baseline_run1,baseline,2026/04/15-06:37:53.193780,1,2,2,1,1,,88495234,LevelMaxLevelSize
baseline_run1,baseline,2026/04/15-06:37:53.193809,1,2,3,2,1,,405078802,LevelMaxLevelSize
baseline_run1,baseline,2026/04/15-06:37:53.194283,1,2,2,1,1,,157375091,LevelMaxLevelSize
baseline_run1,baseline,2026/04/15-06:37:53.194292,2,3,3,1,2,,267333506,LevelMaxLevelSize
baseline_run1,baseline,2026/04/15-06:37:53.194293,1,2,2,1,1,,149570626,LevelMaxLevelSize
baseline_run1,baseline,2026/04/15-06:37:53.194427,2,3,3,1,2,,247900935,LevelMaxLevelSize
baseline_run1,baseline,2026/04/15-06:37:53.194823,2,3,6,1,5,,404835661,LevelMaxLevelSize
baseline_run1,baseline,2026/04/15-06:37:53.194826,2,3,8,1,7,,566841426,LevelMaxLevelSize
baseline_run1,baseline,2026/04/15-06:37:53.194828,2,3,3,1,2,,317767850,LevelMaxLevelSize
baseline_run1,baseline,2026/04/15-06:37:53.194833,2,3,6,1,5,,417483609,LevelMaxLevelSize
baseline_run1,baseline,2026/04/15-06:37:53.194847,2,3,6,1,5,,451824885,LevelMaxLevelSize
baseline_run1,baseline,2026/04/15-06:37:53.194855,2,3,5,1,4,,389042481,LevelMaxLevelSize
baseline_run1,baseline,2026/04/15-06:37:53.194864,2,3,8,1,7,,544088799,LevelMaxLevelSize
baseline_run1,baseline,2026/04/15-06:37:53.195090,2,3,4,1,3,,261884643,LevelMaxLevelSize
baseline_run1,baseline,2026/04/15-06:37:53.195141,2,3,7,1,6,,343357379,LevelMaxLevelSize
baseline_run1,baseline,2026/04/15-06:37:53.195143,2,3,5,1,4,,343721641,LevelMaxLevelSize
baseline_run1,baseline,2026/04/15-06:37:53.195148,2,3,5,1,4,,332874386,LevelMaxLevelSize
baseline_run1,baseline,2026/04/15-06:37:53.195720,2,3,8,1,7,,472554834,LevelMaxLevelSize
baseline_run1,baseline,2026/04/15-06:37:53.195756,2,3,5,1,4,,340619970,LevelMaxLevelSize
baseline_run1,baseline,2026/04/15-06:37:53.195773,2,3,6,1,5,,396874039,LevelMaxLevelSize
baseline_run1,baseline,2026/04/15-06:37:53.195792,2,3,10,1,9,,618749745,LevelMaxLevelSize
baseline_run1,baseline,2026/04/15-06:37:53.195907,2,3,14,1,13,,986861944,LevelMaxLevelSize
baseline_run1,baseline,2026/04/15-06:37:53.196064,2,3,2,1,1,,17567658,LevelMaxLevelSize
baseline_run1,baseline,2026/04/15-06:37:53.196065,2,3,9,1,8,,413472631,LevelMaxLevelSize
baseline_run1,baseline,2026/04/15-06:37:53.196071,2,3,6,1,5,,389978999,LevelMaxLevelSize
baseline_run1,baseline,2026/04/15-06:37:53.196140,2,3,6,1,5,,321256530,LevelMaxLevelSize
baseline_run1,baseline,2026/04/15-06:37:53.196380,2,3,2,1,1,,67522044,LevelMaxLevelSize
baseline_run1,baseline,2026/04/15-06:37:53.242833,2,3,19,1,18,,1176934980,LevelMaxLevelSize
baseline_run1,baseline,2026/04/15-06:37:53.361307,0,1,4,4,0,,263112891,LevelL0FilesNum
baseline_run1,baseline,2026/04/15-06:37:53.421350,2,3,4,1,3,,239535139,LevelMaxLevelSize
baseline_run1,baseline,2026/04/15-06:37:53.421396,2,3,3,1,2,,113908761,LevelMaxLevelSize
baseline_run1,baseline,2026/04/15-06:37:53.476159,2,3,7,1,6,,393211494,LevelMaxLevelSize
baseline_run1,baseline,2026/04/15-06:37:53.517935,2,3,4,1,3,,183056524,LevelMaxLevelSize
baseline_run1,baseline,2026/04/15-06:37:53.520598,2,3,4,1,3,,274218032,LevelMaxLevelSize
baseline_run1,baseline,2026/04/15-06:37:53.546120,2,3,6,1,5,,401973449,LevelMaxLevelSize
baseline_run1,baseline,2026/04/15-06:37:53.551920,2,3,3,1,2,,204592687,LevelMaxLevelSize
baseline_run1,baseline,2026/04/15-06:37:53.561582,2,3,4,1,3,,218500232,LevelMaxLevelSize
baseline_run1,baseline,2026/04/15-06:37:53.583945,2,3,4,1,3,,274621106,LevelMaxLevelSize
baseline_run1,baseline,2026/04/15-06:37:53.658930,2,3,3,1,2,,205005144,LevelMaxLevelSize
baseline_run1,baseline,2026/04/15-06:37:53.696825,2,3,6,1,5,,284882202,LevelMaxLevelSize
baseline_run1,baseline,2026/04/15-06:37:53.720366,2,3,2,1,1,,95709781,LevelMaxLevelSize
baseline_run1,baseline,2026/04/15-06:37:53.810995,0,1,4,4,0,,263128561,LevelL0FilesNum
baseline_run1,baseline,2026/04/15-06:37:53.848691,2,3,4,1,3,,338707887,LevelMaxLevelSize
baseline_run1,baseline,2026/04/15-06:37:53.864881,2,3,2,1,1,,91507239,LevelMaxLevelSize
baseline_run1,baseline,2026/04/15-06:37:53.953461,2,3,4,1,3,,244097174,LevelMaxLevelSize
baseline_run1,baseline,2026/04/15-06:37:53.954639,2,3,4,1,3,,257528455,LevelMaxLevelSize
baseline_run1,baseline,2026/04/15-06:37:53.955241,2,3,7,1,6,,498368803,LevelMaxLevelSize
baseline_run1,baseline,2026/04/15-06:37:54.077002,2,3,4,1,3,,225323071,LevelMaxLevelSize
baseline_run1,baseline,2026/04/15-06:37:54.154853,2,3,2,1,1,,117217037,LevelMaxLevelSize
baseline_run1,baseline,2026/04/15-06:37:54.154938,2,3,3,1,2,,120823691,LevelMaxLevelSize
baseline_run1,baseline,2026/04/15-06:37:54.154950,2,3,2,1,1,,128606631,LevelMaxLevelSize
baseline_run1,baseline,2026/04/15-06:37:54.154952,2,3,2,1,1,,171780605,LevelMaxLevelSize
baseline_run1,baseline,2026/04/15-06:37:54.155002,2,3,5,1,4,,362592872,LevelMaxLevelSize
baseline_run1,baseline,2026/04/15-06:37:54.184758,0,1,4,4,0,,263110968,LevelL0FilesNum
baseline_run1,baseline,2026/04/15-06:37:54.596964,0,1,4,4,0,,263141002,LevelL0FilesNum
baseline_run1,baseline,2026/04/15-06:37:54.984459,0,1,4,4,0,,263098574,LevelL0FilesNum
baseline_run1,baseline,2026/04/15-06:37:55.359863,0,1,33,10,23,,6181119914,LevelL0FilesNum
baseline_run1,baseline,2026/04/15-06:37:55.707942,0,1,4,4,0,,263099757,LevelL0FilesNum
baseline_run1,baseline,2026/04/15-06:37:56.128785,0,1,4,4,0,,263121414,LevelL0FilesNum
baseline_run1,baseline,2026/04/15-06:37:56.543697,0,1,4,4,0,,263095285,LevelL0FilesNum
baseline_run1,baseline,2026/04/15-06:37:56.947796,0,1,4,4,0,,263121250,LevelL0FilesNum
baseline_run1,baseline,2026/04/15-06:37:57.422608,0,1,4,4,0,,263120426,LevelL0FilesNum
baseline_run1,baseline,2026/04/15-06:37:57.987421,0,1,4,4,0,,263096498,LevelL0FilesNum
baseline_run1,baseline,2026/04/15-06:37:58.362738,0,1,7,7,0,,1643667578,LevelL0FilesNum
baseline_run1,baseline,2026/04/15-06:38:00.797923,0,1,4,4,0,,263111916,LevelL0FilesNum
baseline_run1,baseline,2026/04/15-06:38:01.184323,0,1,4,4,0,,263095409,LevelL0FilesNum
baseline_run1,baseline,2026/04/15-06:38:01.589289,0,1,4,4,0,,263124735,LevelL0FilesNum
baseline_run1,baseline,2026/04/15-06:38:02.070947,0,1,4,4,0,,263116324,LevelL0FilesNum
baseline_run1,baseline,2026/04/15-06:38:02.651337,0,1,4,4,0,,263093665,LevelL0FilesNum
baseline_run1,baseline,2026/04/15-06:38:03.010438,0,1,6,6,0,,1380747697,LevelL0FilesNum
baseline_run1,baseline,2026/04/15-06:38:04.604443,1,2,2,1,1,,186442012,LevelMaxLevelSize
baseline_run1,baseline,2026/04/15-06:38:04.604446,1,2,2,1,1,,144809106,LevelMaxLevelSize
baseline_run1,baseline,2026/04/15-06:38:04.604559,1,2,2,1,1,,186319298,LevelMaxLevelSize
baseline_run1,baseline,2026/04/15-06:38:04.604721,1,2,2,1,1,,65840089,LevelMaxLevelSize
baseline_run1,baseline,2026/04/15-06:38:04.605003,1,2,2,1,1,,198247628,LevelMaxLevelSize
baseline_run1,baseline,2026/04/15-06:38:04.605117,1,2,2,1,1,,167008433,LevelMaxLevelSize
baseline_run1,baseline,2026/04/15-06:38:04.605137,1,2,2,1,1,,157102547,LevelMaxLevelSize
baseline_run1,baseline,2026/04/15-06:38:04.605143,1,2,2,1,1,,181788962,LevelMaxLevelSize
baseline_run1,baseline,2026/04/15-06:38:04.605149,1,2,2,1,1,,74308199,LevelMaxLevelSize
baseline_run1,baseline,2026/04/15-06:38:04.605154,1,2,2,1,1,,148285619,LevelMaxLevelSize
baseline_run1,baseline,2026/04/15-06:38:04.605163,1,2,2,1,1,,111754929,LevelMaxLevelSize
baseline_run1,baseline,2026/04/15-06:38:04.605169,1,2,2,1,1,,186041685,LevelMaxLevelSize
baseline_run1,baseline,2026/04/15-06:38:04.605173,1,2,3,1,2,,215294397,LevelMaxLevelSize
baseline_run1,baseline,2026/04/15-06:38:04.605182,1,2,2,1,1,,70736551,LevelMaxLevelSize
baseline_run1,baseline,2026/04/15-06:38:04.605400,1,2,2,1,1,,228355944,LevelMaxLevelSize
baseline_run1,baseline,2026/04/15-06:38:04.605403,1,2,3,1,2,,151706979,LevelMaxLevelSize
baseline_run1,baseline,2026/04/15-06:38:04.605740,2,3,2,1,1,,270063701,LevelMaxLevelSize
baseline_run1,baseline,2026/04/15-06:38:04.605746,1,2,2,1,1,,158850286,LevelMaxLevelSize
baseline_run1,baseline,2026/04/15-06:38:04.606255,2,3,6,1,5,,440176907,LevelMaxLevelSize
baseline_run1,baseline,2026/04/15-06:38:04.606334,2,3,5,1,4,,271321437,LevelMaxLevelSize
baseline_run1,baseline,2026/04/15-06:38:04.606415,2,3,7,1,6,,457468966,LevelMaxLevelSize
baseline_run1,baseline,2026/04/15-06:38:04.606416,2,3,6,1,5,,438311515,LevelMaxLevelSize
baseline_run1,baseline,2026/04/15-06:38:04.606479,2,3,6,1,5,,509616119,LevelMaxLevelSize
baseline_run1,baseline,2026/04/15-06:38:04.606739,2,3,5,1,4,,454143667,LevelMaxLevelSize
baseline_run1,baseline,2026/04/15-06:38:04.606774,2,3,6,1,5,,510722425,LevelMaxLevelSize
baseline_run1,baseline,2026/04/15-06:38:04.606952,2,3,7,1,6,,530147023,LevelMaxLevelSize
baseline_run1,baseline,2026/04/15-06:38:04.606974,2,3,8,1,7,,526242491,LevelMaxLevelSize
baseline_run1,baseline,2026/04/15-06:38:04.606986,2,3,10,1,9,,567248508,LevelMaxLevelSize
baseline_run1,baseline,2026/04/15-06:38:04.699250,0,1,4,4,0,,263116223,LevelL0FilesNum
baseline_run1,baseline,2026/04/15-06:38:04.702577,2,3,2,1,1,,113285305,LevelMaxLevelSize
baseline_run1,baseline,2026/04/15-06:38:04.702583,2,3,4,2,2,,365715146,LevelMaxLevelSize
baseline_run1,baseline,2026/04/15-06:38:04.764012,2,3,2,1,1,,112056520,LevelMaxLevelSize
baseline_run1,baseline,2026/04/15-06:38:04.764027,2,3,12,1,11,,665993904,LevelMaxLevelSize
baseline_run1,baseline,2026/04/15-06:38:04.933758,2,3,3,1,2,,336296725,LevelMaxLevelSize
baseline_run1,baseline,2026/04/15-06:38:04.933780,2,3,8,1,7,,510605600,LevelMaxLevelSize
baseline_run1,baseline,2026/04/15-06:38:04.936871,2,3,3,1,2,,184548169,LevelMaxLevelSize
baseline_run1,baseline,2026/04/15-06:38:04.936876,2,3,3,1,2,,184821404,LevelMaxLevelSize
baseline_run1,baseline,2026/04/15-06:38:04.936883,2,3,4,1,3,,241228919,LevelMaxLevelSize
baseline_run1,baseline,2026/04/15-06:38:04.955253,2,3,7,1,6,,415808758,LevelMaxLevelSize
baseline_run1,baseline,2026/04/15-06:38:04.955266,2,3,5,1,4,,333481203,LevelMaxLevelSize
baseline_run1,baseline,2026/04/15-06:38:04.971287,2,3,2,1,1,,68474663,LevelMaxLevelSize
baseline_run1,baseline,2026/04/15-06:38:04.971341,2,3,5,1,4,,316753742,LevelMaxLevelSize
baseline_run1,baseline,2026/04/15-06:38:04.971360,2,3,7,1,6,,476220823,LevelMaxLevelSize
baseline_run1,baseline,2026/04/15-06:38:04.971364,2,3,3,1,2,,168835729,LevelMaxLevelSize
baseline_run1,baseline,2026/04/15-06:38:04.971796,2,3,2,1,1,,109421507,LevelMaxLevelSize
baseline_run1,baseline,2026/04/15-06:38:04.981656,2,3,3,1,2,,190491093,LevelMaxLevelSize
baseline_run1,baseline,2026/04/15-06:38:05.022713,2,3,3,1,2,,172536383,LevelMaxLevelSize
baseline_run1,baseline,2026/04/15-06:38:05.024692,2,3,3,1,2,,155789693,LevelMaxLevelSize
baseline_run1,baseline,2026/04/15-06:38:05.026416,2,3,5,2,3,,248573242,LevelMaxLevelSize
baseline_run1,baseline,2026/04/15-06:38:05.028979,2,3,4,1,3,,236796015,LevelMaxLevelSize
baseline_run1,baseline,2026/04/15-06:38:05.036090,2,3,4,1,3,,259795446,LevelMaxLevelSize
baseline_run1,baseline,2026/04/15-06:38:05.063706,2,3,3,1,2,,152072487,LevelMaxLevelSize
baseline_run1,baseline,2026/04/15-06:38:05.101622,2,3,2,1,1,,134191782,LevelMaxLevelSize
baseline_run1,baseline,2026/04/15-06:38:05.132985,2,3,3,1,2,,259169172,LevelMaxLevelSize
baseline_run1,baseline,2026/04/15-06:38:05.136012,2,3,4,1,3,,246043313,LevelMaxLevelSize
baseline_run1,baseline,2026/04/15-06:38:05.138221,2,3,6,1,5,,372955024,LevelMaxLevelSize
baseline_run1,baseline,2026/04/15-06:38:05.237725,0,1,4,4,0,,263116175,LevelL0FilesNum
baseline_run1,baseline,2026/04/15-06:38:05.247473,2,3,6,1,5,,327265787,LevelMaxLevelSize
baseline_run1,baseline,2026/04/15-06:38:05.253169,2,3,8,2,6,,468976222,LevelMaxLevelSize
baseline_run1,baseline,2026/04/15-06:38:05.307884,2,3,3,1,2,,159768682,LevelMaxLevelSize
baseline_run1,baseline,2026/04/15-06:38:05.374220,2,3,8,1,7,,484825554,LevelMaxLevelSize
baseline_run1,baseline,2026/04/15-06:38:05.375089,2,3,7,1,6,,452181589,LevelMaxLevelSize
baseline_run1,baseline,2026/04/15-06:38:05.384015,2,3,7,1,6,,465250098,LevelMaxLevelSize
baseline_run1,baseline,2026/04/15-06:38:05.403553,2,3,7,1,6,,475659955,LevelMaxLevelSize
baseline_run1,baseline,2026/04/15-06:38:05.428124,2,3,7,1,6,,462150860,LevelMaxLevelSize
baseline_run1,baseline,2026/04/15-06:38:05.428828,2,3,15,1,14,,976515706,LevelMaxLevelSize
baseline_run1,baseline,2026/04/15-06:38:05.437430,2,3,7,1,6,,464428015,LevelMaxLevelSize
baseline_run1,baseline,2026/04/15-06:38:05.443699,2,3,9,1,8,,527297663,LevelMaxLevelSize
baseline_run1,baseline,2026/04/15-06:38:05.639717,0,1,4,4,0,,263112130,LevelL0FilesNum
baseline_run1,baseline,2026/04/15-06:38:06.063719,0,1,4,4,0,,263125611,LevelL0FilesNum
baseline_run1,baseline,2026/04/15-06:38:06.451561,0,1,4,4,0,,263120305,LevelL0FilesNum
baseline_run1,baseline,2026/04/15-06:38:06.837754,0,1,26,10,16,,6027882600,LevelL0FilesNum
baseline_run1,baseline,2026/04/15-06:38:07.142177,0,1,4,4,0,,263109382,LevelL0FilesNum
baseline_run1,baseline,2026/04/15-06:38:07.543489,0,1,4,4,0,,263096653,LevelL0FilesNum
baseline_run1,baseline,2026/04/15-06:38:07.926441,0,1,4,4,0,,263112115,LevelL0FilesNum
baseline_run1,baseline,2026/04/15-06:38:08.341721,0,1,4,4,0,,263086184,LevelL0FilesNum
baseline_run1,baseline,2026/04/15-06:38:08.827005,0,1,4,4,0,,263086520,LevelL0FilesNum
baseline_run1,baseline,2026/04/15-06:38:09.385146,0,1,4,4,0,,263103017,LevelL0FilesNum
baseline_run1,baseline,2026/04/15-06:38:09.755033,0,1,7,7,0,,1643798392,LevelL0FilesNum
baseline_run1,baseline,2026/04/15-06:38:12.193169,0,1,4,4,0,,263104486,LevelL0FilesNum
baseline_run1,baseline,2026/04/15-06:38:12.596152,0,1,4,4,0,,263122535,LevelL0FilesNum
baseline_run1,baseline,2026/04/15-06:38:13.006086,0,1,4,4,0,,263093365,LevelL0FilesNum
baseline_run1,baseline,2026/04/15-06:38:13.496664,0,1,4,4,0,,263114080,LevelL0FilesNum
baseline_run1,baseline,2026/04/15-06:38:14.087115,0,1,4,4,0,,263107675,LevelL0FilesNum
baseline_run1,baseline,2026/04/15-06:38:14.459837,0,1,6,6,0,,1380747325,LevelL0FilesNum
baseline_run1,baseline,2026/04/15-06:38:15.901736,1,2,2,1,1,,137186606,LevelMaxLevelSize
baseline_run1,baseline,2026/04/15-06:38:15.901898,1,2,2,1,1,,171145285,LevelMaxLevelSize
baseline_run1,baseline,2026/04/15-06:38:15.901968,1,2,2,1,1,,162066511,LevelMaxLevelSize
baseline_run1,baseline,2026/04/15-06:38:15.901983,1,2,2,1,1,,178004350,LevelMaxLevelSize
baseline_run1,baseline,2026/04/15-06:38:15.901984,1,2,2,1,1,,140188944,LevelMaxLevelSize
baseline_run1,baseline,2026/04/15-06:38:15.901984,1,2,2,1,1,,130271947,LevelMaxLevelSize
baseline_run1,baseline,2026/04/15-06:38:15.902148,1,2,2,1,1,,157432520,LevelMaxLevelSize
baseline_run1,baseline,2026/04/15-06:38:15.902339,1,2,2,1,1,,142843137,LevelMaxLevelSize
baseline_run1,baseline,2026/04/15-06:38:15.902343,1,2,2,1,1,,147122285,LevelMaxLevelSize
baseline_run1,baseline,2026/04/15-06:38:15.902352,1,2,2,1,1,,102918339,LevelMaxLevelSize
baseline_run1,baseline,2026/04/15-06:38:15.902354,1,2,2,1,1,,163835319,LevelMaxLevelSize
baseline_run1,baseline,2026/04/15-06:38:15.902361,1,2,3,2,1,,359455969,LevelMaxLevelSize
baseline_run1,baseline,2026/04/15-06:38:15.902528,1,2,2,1,1,,144256149,LevelMaxLevelSize
baseline_run1,baseline,2026/04/15-06:38:15.902531,1,2,2,1,1,,150243153,LevelMaxLevelSize
baseline_run1,baseline,2026/04/15-06:38:15.902732,1,2,3,2,1,,402851955,LevelMaxLevelSize
baseline_run1,baseline,2026/04/15-06:38:15.902742,1,2,3,1,2,,135214202,LevelMaxLevelSize
baseline_run1,baseline,2026/04/15-06:38:15.902751,1,2,3,2,1,,401983017,LevelMaxLevelSize
baseline_run1,baseline,2026/04/15-06:38:15.902758,1,2,2,1,1,,96719692,LevelMaxLevelSize
baseline_run1,baseline,2026/04/15-06:38:15.905197,2,3,6,1,5,,362400221,LevelMaxLevelSize
baseline_run1,baseline,2026/04/15-06:38:15.905404,2,3,5,1,4,,331211717,LevelMaxLevelSize
baseline_run1,baseline,2026/04/15-06:38:15.905609,2,3,8,1,7,,529551709,LevelMaxLevelSize
baseline_run1,baseline,2026/04/15-06:38:15.905634,2,3,7,1,6,,414101621,LevelMaxLevelSize
baseline_run1,baseline,2026/04/15-06:38:15.905652,2,3,8,1,7,,464446269,LevelMaxLevelSize
baseline_run1,baseline,2026/04/15-06:38:15.905676,2,3,7,1,6,,495268788,LevelMaxLevelSize
baseline_run1,baseline,2026/04/15-06:38:16.016430,0,1,4,4,0,,263100519,LevelL0FilesNum
baseline_run1,baseline,2026/04/15-06:38:16.016645,1,2,5,4,1,,598294203,LevelMaxLevelSize
baseline_run1,baseline,2026/04/15-06:38:16.121769,2,3,2,1,1,,116129043,LevelMaxLevelSize
baseline_run1,baseline,2026/04/15-06:38:16.179689,2,3,2,1,1,,102255404,LevelMaxLevelSize
baseline_run1,baseline,2026/04/15-06:38:16.179699,2,3,10,1,9,,694587354,LevelMaxLevelSize
baseline_run1,baseline,2026/04/15-06:38:16.185224,2,3,4,1,3,,255313680,LevelMaxLevelSize
baseline_run1,baseline,2026/04/15-06:38:16.187445,2,3,3,1,2,,163547400,LevelMaxLevelSize
baseline_run1,baseline,2026/04/15-06:38:16.187450,2,3,2,1,1,,96639056,LevelMaxLevelSize
baseline_run1,baseline,2026/04/15-06:38:16.187453,2,3,3,1,2,,287613391,LevelMaxLevelSize
baseline_run1,baseline,2026/04/15-06:38:16.193141,2,3,2,1,1,,63841316,LevelMaxLevelSize
baseline_run1,baseline,2026/04/15-06:38:16.193145,2,3,4,1,3,,201617330,LevelMaxLevelSize
baseline_run1,baseline,2026/04/15-06:38:16.193147,2,3,8,1,7,,512912284,LevelMaxLevelSize
baseline_run1,baseline,2026/04/15-06:38:16.201989,2,3,3,1,2,,197163746,LevelMaxLevelSize
baseline_run1,baseline,2026/04/15-06:38:16.202007,2,3,11,1,10,,729131000,LevelMaxLevelSize
baseline_run1,baseline,2026/04/15-06:38:16.215344,2,3,7,1,6,,428409973,LevelMaxLevelSize
baseline_run1,baseline,2026/04/15-06:38:16.218057,2,3,6,1,5,,407515455,LevelMaxLevelSize
baseline_run1,baseline,2026/04/15-06:38:16.218074,2,3,7,1,6,,383404236,LevelMaxLevelSize
baseline_run1,baseline,2026/04/15-06:38:16.222222,2,3,3,1,2,,215794464,LevelMaxLevelSize
baseline_run1,baseline,2026/04/15-06:38:16.222224,2,3,4,1,3,,206332873,LevelMaxLevelSize
baseline_run1,baseline,2026/04/15-06:38:16.234269,2,3,6,1,5,,361535926,LevelMaxLevelSize
baseline_run1,baseline,2026/04/15-06:38:16.234275,2,3,7,2,5,,365070273,LevelMaxLevelSize
baseline_run1,baseline,2026/04/15-06:38:16.253531,2,3,2,1,1,,142947435,LevelMaxLevelSize
baseline_run1,baseline,2026/04/15-06:38:16.253531,2,3,3,1,2,,206018252,LevelMaxLevelSize
baseline_run1,baseline,2026/04/15-06:38:16.253572,2,3,2,1,1,,82276529,LevelMaxLevelSize
baseline_run1,baseline,2026/04/15-06:38:16.270607,2,3,6,1,5,,402441467,LevelMaxLevelSize
baseline_run1,baseline,2026/04/15-06:38:16.287775,2,3,3,1,2,,196426234,LevelMaxLevelSize
baseline_run1,baseline,2026/04/15-06:38:16.347053,2,3,4,1,3,,241201834,LevelMaxLevelSize
baseline_run1,baseline,2026/04/15-06:38:16.389082,2,3,7,1,6,,439644710,LevelMaxLevelSize
baseline_run1,baseline,2026/04/15-06:38:16.427449,2,3,6,1,5,,446008372,LevelMaxLevelSize
baseline_run1,baseline,2026/04/15-06:38:16.433776,2,3,4,1,3,,229397986,LevelMaxLevelSize
baseline_run1,baseline,2026/04/15-06:38:16.449586,2,3,15,1,14,,948639890,LevelMaxLevelSize
baseline_run1,baseline,2026/04/15-06:38:16.601359,0,1,4,4,0,,263102781,LevelL0FilesNum
baseline_run1,baseline,2026/04/15-06:38:16.734087,2,3,4,1,3,,245809904,LevelMaxLevelSize
baseline_run1,baseline,2026/04/15-06:38:16.805059,2,3,3,1,2,,238202799,LevelMaxLevelSize
baseline_run1,baseline,2026/04/15-06:38:16.805062,2,3,2,1,1,,153668293,LevelMaxLevelSize
baseline_run1,baseline,2026/04/15-06:38:16.805070,2,3,2,1,1,,137917919,LevelMaxLevelSize
baseline_run1,baseline,2026/04/15-06:38:16.805074,2,3,2,1,1,,144863501,LevelMaxLevelSize
baseline_run1,baseline,2026/04/15-06:38:16.823013,2,3,2,1,1,,100739719,LevelMaxLevelSize
baseline_run1,baseline,2026/04/15-06:38:16.823013,2,3,2,1,1,,102358419,LevelMaxLevelSize
baseline_run1,baseline,2026/04/15-06:38:16.823109,2,3,2,1,1,,101578174,LevelMaxLevelSize
baseline_run1,baseline,2026/04/15-06:38:16.823119,2,3,2,1,1,,128433106,LevelMaxLevelSize
baseline_run1,baseline,2026/04/15-06:38:16.823242,2,3,3,1,2,,222072160,LevelMaxLevelSize
baseline_run1,baseline,2026/04/15-06:38:16.823264,2,3,3,1,2,,177635284,LevelMaxLevelSize
baseline_run1,baseline,2026/04/15-06:38:16.972888,0,1,4,4,0,,263120333,LevelL0FilesNum
baseline_run1,baseline,2026/04/15-06:38:17.278114,2,3,3,1,2,,229995420,LevelMaxLevelSize
baseline_run1,baseline,2026/04/15-06:38:17.278117,2,3,2,1,1,,105450311,LevelMaxLevelSize
baseline_run1,baseline,2026/04/15-06:38:17.278482,2,3,3,1,2,,210340139,LevelMaxLevelSize
baseline_run1,baseline,2026/04/15-06:38:17.278490,2,3,3,1,2,,210531075,LevelMaxLevelSize
baseline_run1,baseline,2026/04/15-06:38:17.278492,2,3,3,1,2,,210071979,LevelMaxLevelSize
baseline_run1,baseline,2026/04/15-06:38:17.278501,2,3,3,1,2,,182462660,LevelMaxLevelSize
baseline_run1,baseline,2026/04/15-06:38:17.278505,2,3,3,1,2,,210143464,LevelMaxLevelSize
baseline_run1,baseline,2026/04/15-06:38:17.278508,2,3,3,1,2,,219142381,LevelMaxLevelSize
baseline_run1,baseline,2026/04/15-06:38:17.278528,2,3,2,1,1,,143857151,LevelMaxLevelSize
baseline_run1,baseline,2026/04/15-06:38:17.407328,0,1,4,4,0,,263082017,LevelL0FilesNum
baseline_run1,baseline,2026/04/15-06:38:17.812987,0,1,23,9,14,,5524421092,LevelL0FilesNum
baseline_run1,baseline,2026/04/15-06:38:18.132271,0,1,4,4,0,,263090439,LevelL0FilesNum
baseline_run1,baseline,2026/04/15-06:38:18.530978,0,1,4,4,0,,263120338,LevelL0FilesNum
baseline_run1,baseline,2026/04/15-06:38:18.935261,0,1,4,4,0,,263107937,LevelL0FilesNum
baseline_run1,baseline,2026/04/15-06:38:19.357123,0,1,4,4,0,,263098848,LevelL0FilesNum
baseline_run1,baseline,2026/04/15-06:38:19.760358,0,1,4,4,0,,263124343,LevelL0FilesNum
baseline_run1,baseline,2026/04/15-06:38:20.250927,0,1,4,4,0,,263133886,LevelL0FilesNum
baseline_run1,baseline,2026/04/15-06:38:20.815027,0,1,4,4,0,,263080910,LevelL0FilesNum
baseline_run1,baseline,2026/04/15-06:38:21.187769,0,1,7,7,0,,1643684047,LevelL0FilesNum
baseline_run1,baseline,2026/04/15-06:38:23.613525,0,1,4,4,0,,263102700,LevelL0FilesNum
baseline_run1,baseline,2026/04/15-06:38:24.009301,0,1,4,4,0,,263105603,LevelL0FilesNum
baseline_run1,baseline,2026/04/15-06:38:24.413370,0,1,4,4,0,,263106730,LevelL0FilesNum
baseline_run1,baseline,2026/04/15-06:38:24.894558,0,1,4,4,0,,263115433,LevelL0FilesNum
baseline_run1,baseline,2026/04/15-06:38:25.472027,0,1,4,4,0,,263118301,LevelL0FilesNum
baseline_run1,baseline,2026/04/15-06:38:25.851027,0,1,6,6,0,,1380721911,LevelL0FilesNum
baseline_run1,baseline,2026/04/15-06:38:26.136516,1,2,2,1,1,,142500488,LevelMaxLevelSize
baseline_run1,baseline,2026/04/15-06:38:26.136570,1,2,2,1,1,,124912007,LevelMaxLevelSize
baseline_run1,baseline,2026/04/15-06:38:26.136587,1,2,2,1,1,,145750551,LevelMaxLevelSize
baseline_run1,baseline,2026/04/15-06:38:26.136591,1,2,2,1,1,,164111650,LevelMaxLevelSize
baseline_run1,baseline,2026/04/15-06:38:26.136596,1,2,2,1,1,,150256764,LevelMaxLevelSize
baseline_run1,baseline,2026/04/15-06:38:26.136609,1,2,2,1,1,,154227253,LevelMaxLevelSize
baseline_run1,baseline,2026/04/15-06:38:26.140464,2,3,4,1,3,,201193194,LevelMaxLevelSize
baseline_run1,baseline,2026/04/15-06:38:26.140481,2,3,4,1,3,,331111231,LevelMaxLevelSize
baseline_run1,baseline,2026/04/15-06:38:26.140509,2,3,7,1,6,,455822206,LevelMaxLevelSize
baseline_run1,baseline,2026/04/15-06:38:26.140519,2,3,8,1,7,,502452371,LevelMaxLevelSize
baseline_run1,baseline,2026/04/15-06:38:26.140567,2,3,5,1,4,,417985605,LevelMaxLevelSize
baseline_run1,baseline,2026/04/15-06:38:26.140577,2,3,7,1,6,,479966020,LevelMaxLevelSize
baseline_run1,baseline,2026/04/15-06:38:26.140715,2,3,6,1,5,,518257645,LevelMaxLevelSize
baseline_run1,baseline,2026/04/15-06:38:26.140849,2,3,8,1,7,,538908336,LevelMaxLevelSize
baseline_run1,baseline,2026/04/15-06:38:26.140853,2,3,4,1,3,,263523832,LevelMaxLevelSize
baseline_run1,baseline,2026/04/15-06:38:26.140925,2,3,8,1,7,,572135568,LevelMaxLevelSize
baseline_run1,baseline,2026/04/15-06:38:26.141188,2,3,10,1,9,,742709592,LevelMaxLevelSize
baseline_run1,baseline,2026/04/15-06:38:26.141184,2,3,8,1,7,,502045699,LevelMaxLevelSize
baseline_run1,baseline,2026/04/15-06:38:26.141202,2,3,8,1,7,,489210231,LevelMaxLevelSize
baseline_run1,baseline,2026/04/15-06:38:26.141202,2,3,5,1,4,,239650348,LevelMaxLevelSize
baseline_run1,baseline,2026/04/15-06:38:26.141206,2,3,10,1,9,,631266442,LevelMaxLevelSize
baseline_run1,baseline,2026/04/15-06:38:26.141207,2,3,13,1,12,,842141256,LevelMaxLevelSize
baseline_run1,baseline,2026/04/15-06:38:26.141486,2,3,8,2,6,,588569838,LevelMaxLevelSize
baseline_run1,baseline,2026/04/15-06:38:26.141498,2,3,9,1,8,,607861256,LevelMaxLevelSize
baseline_run1,baseline,2026/04/15-06:38:26.141502,2,3,6,1,5,,383678998,LevelMaxLevelSize
baseline_run1,baseline,2026/04/15-06:38:26.141503,2,3,16,1,15,,1114538576,LevelMaxLevelSize
baseline_run1,baseline,2026/04/15-06:38:26.141621,2,3,10,1,9,,604331529,LevelMaxLevelSize
baseline_run1,baseline,2026/04/15-06:38:26.141626,2,3,8,1,7,,509339329,LevelMaxLevelSize
baseline_run1,baseline,2026/04/15-06:38:26.286631,0,1,4,4,0,,263122326,LevelL0FilesNum
baseline_run1,baseline,2026/04/15-06:38:26.288606,2,3,2,1,1,,270061273,LevelMaxLevelSize
baseline_run1,baseline,2026/04/15-06:38:26.288632,2,3,10,1,9,,669168014,LevelMaxLevelSize
baseline_run1,baseline,2026/04/15-06:38:26.420474,2,3,8,1,7,,483267259,LevelMaxLevelSize
baseline_run1,baseline,2026/04/15-06:38:26.420479,2,3,9,1,8,,590060778,LevelMaxLevelSize
baseline_run1,baseline,2026/04/15-06:38:26.461155,2,3,5,1,4,,334916209,LevelMaxLevelSize
baseline_run1,baseline,2026/04/15-06:38:26.461284,2,3,2,1,1,,79301687,LevelMaxLevelSize
baseline_run1,baseline,2026/04/15-06:38:26.461288,2,3,5,1,4,,334429710,LevelMaxLevelSize
baseline_run1,baseline,2026/04/15-06:38:26.475951,2,3,4,1,3,,251847305,LevelMaxLevelSize
baseline_run1,baseline,2026/04/15-06:38:26.476060,2,3,19,1,18,,1148941753,LevelMaxLevelSize
baseline_run1,baseline,2026/04/15-06:38:26.480685,2,3,7,1,6,,377519669,LevelMaxLevelSize
baseline_run1,baseline,2026/04/15-06:38:26.491134,2,3,3,1,2,,189730233,LevelMaxLevelSize
baseline_run1,baseline,2026/04/15-06:38:26.514092,2,3,5,1,4,,335412601,LevelMaxLevelSize
baseline_run1,baseline,2026/04/15-06:38:26.619587,2,3,6,1,5,,437253551,LevelMaxLevelSize
baseline_run1,baseline,2026/04/15-06:38:26.762553,0,1,4,4,0,,263115272,LevelL0FilesNum
baseline_run1,baseline,2026/04/15-06:38:27.212189,0,1,4,4,0,,263121150,LevelL0FilesNum
baseline_run1,baseline,2026/04/15-06:38:27.615342,0,1,4,4,0,,263127596,LevelL0FilesNum
baseline_run1,baseline,2026/04/15-06:38:28.010991,0,1,4,4,0,,263105690,LevelL0FilesNum
baseline_run1,baseline,2026/04/15-06:38:28.392986,0,1,4,4,0,,263121541,LevelL0FilesNum
baseline_run1,baseline,2026/04/15-06:38:28.764458,0,1,36,12,24,,6797138326,LevelL0FilesNum
baseline_run1,baseline,2026/04/15-06:38:29.082274,0,1,4,4,0,,263106843,LevelL0FilesNum
baseline_run1,baseline,2026/04/15-06:38:29.477149,0,1,4,4,0,,263121427,LevelL0FilesNum
baseline_run1,baseline,2026/04/15-06:38:29.945901,0,1,4,4,0,,263118026,LevelL0FilesNum
baseline_run1,baseline,2026/04/15-06:38:30.508401,0,1,4,4,0,,263091377,LevelL0FilesNum
baseline_run1,baseline,2026/04/15-06:38:30.875527,0,1,5,5,0,,1117789231,LevelL0FilesNum
baseline_run1,baseline,2026/04/15-06:38:32.526249,0,1,4,4,0,,263115956,LevelL0FilesNum
baseline_run1,baseline,2026/04/15-06:38:32.991358,0,1,4,4,0,,263093437,LevelL0FilesNum
baseline_run1,baseline,2026/04/15-06:38:33.584443,0,1,4,4,0,,263115925,LevelL0FilesNum
baseline_run1,baseline,2026/04/15-06:38:33.964249,0,1,4,4,0,,854753004,LevelL0FilesNum
baseline_run1,baseline,2026/04/15-06:38:35.252494,0,1,4,4,0,,263126483,LevelL0FilesNum
baseline_run1,baseline,2026/04/15-06:38:35.833929,0,1,4,4,0,,263089151,LevelL0FilesNum
baseline_run1,baseline,2026/04/15-06:38:38.881484,1,2,2,1,1,,99197627,LevelMaxLevelSize
baseline_run1,baseline,2026/04/15-06:38:38.881495,1,2,2,1,1,,144482588,LevelMaxLevelSize
baseline_run1,baseline,2026/04/15-06:38:38.881496,1,2,2,1,1,,111344200,LevelMaxLevelSize
baseline_run1,baseline,2026/04/15-06:38:38.881499,1,2,2,1,1,,56980041,LevelMaxLevelSize
baseline_run1,baseline,2026/04/15-06:38:38.881646,1,2,2,1,1,,209290565,LevelMaxLevelSize
baseline_run1,baseline,2026/04/15-06:38:38.881651,1,2,3,2,1,,327884445,LevelMaxLevelSize
baseline_run1,baseline,2026/04/15-06:38:38.881769,1,2,2,1,1,,165327457,LevelMaxLevelSize
baseline_run1,baseline,2026/04/15-06:38:38.881874,1,2,2,1,1,,219924740,LevelMaxLevelSize
baseline_run1,baseline,2026/04/15-06:38:38.881898,1,2,2,1,1,,147815086,LevelMaxLevelSize
baseline_run1,baseline,2026/04/15-06:38:38.881906,1,2,3,1,2,,233194738,LevelMaxLevelSize
baseline_run1,baseline,2026/04/15-06:38:38.883583,2,3,3,1,2,,216110023,LevelMaxLevelSize
baseline_run1,baseline,2026/04/15-06:38:38.884024,2,3,4,1,3,,313500695,LevelMaxLevelSize
baseline_run1,baseline,2026/04/15-06:38:38.884470,2,3,4,1,3,,210874450,LevelMaxLevelSize
baseline_run1,baseline,2026/04/15-06:38:38.884487,2,3,5,1,4,,304528216,LevelMaxLevelSize
baseline_run1,baseline,2026/04/15-06:38:38.884658,2,3,5,1,4,,396462102,LevelMaxLevelSize
baseline_run1,baseline,2026/04/15-06:38:38.884739,2,3,6,1,5,,433364972,LevelMaxLevelSize
baseline_run1,baseline,2026/04/15-06:38:38.884872,2,3,7,1,6,,448300385,LevelMaxLevelSize
baseline_run1,baseline,2026/04/15-06:38:38.884884,2,3,7,1,6,,472569702,LevelMaxLevelSize
baseline_run1,baseline,2026/04/15-06:38:38.884886,2,3,7,1,6,,493469661,LevelMaxLevelSize
baseline_run1,baseline,2026/04/15-06:38:38.885033,2,3,9,1,8,,553329243,LevelMaxLevelSize
baseline_run1,baseline,2026/04/15-06:38:38.885185,2,3,9,1,8,,569799441,LevelMaxLevelSize
baseline_run1,baseline,2026/04/15-06:38:38.885192,2,3,9,1,8,,675911666,LevelMaxLevelSize
baseline_run1,baseline,2026/04/15-06:38:38.885442,2,3,7,1,6,,589355233,LevelMaxLevelSize
baseline_run1,baseline,2026/04/15-06:38:38.885441,2,3,9,1,8,,723389865,LevelMaxLevelSize
baseline_run1,baseline,2026/04/15-06:38:38.885451,2,3,11,1,10,,810092193,LevelMaxLevelSize
baseline_run1,baseline,2026/04/15-06:38:38.885456,2,3,7,1,6,,561326874,LevelMaxLevelSize
baseline_run1,baseline,2026/04/15-06:38:38.885463,2,3,13,1,12,,898797809,LevelMaxLevelSize
baseline_run1,baseline,2026/04/15-06:38:38.885560,2,3,16,1,15,,1060364081,LevelMaxLevelSize
baseline_run1,baseline,2026/04/15-06:38:39.001953,2,3,6,1,5,,400390595,LevelMaxLevelSize
baseline_run1,baseline,2026/04/15-06:38:39.098086,2,3,5,1,4,,266353313,LevelMaxLevelSize
baseline_run1,baseline,2026/04/15-06:38:39.098103,2,3,16,1,15,,1106364858,LevelMaxLevelSize
baseline_run1,baseline,2026/04/15-06:38:39.202208,2,3,5,1,4,,239411253,LevelMaxLevelSize
baseline_run1,baseline,2026/04/15-06:38:39.202208,2,3,6,1,5,,324023664,LevelMaxLevelSize
baseline_run1,baseline,2026/04/15-06:38:39.202208,2,3,2,1,1,,75162351,LevelMaxLevelSize
baseline_run1,baseline,2026/04/15-06:38:39.204646,2,3,5,1,4,,319246539,LevelMaxLevelSize
baseline_run1,baseline,2026/04/15-06:38:39.204652,2,3,5,1,4,,332605035,LevelMaxLevelSize
baseline_run1,baseline,2026/04/15-06:38:39.238754,2,3,7,1,6,,466504212,LevelMaxLevelSize
baseline_run1,baseline,2026/04/15-06:38:39.238768,2,3,7,1,6,,494534558,LevelMaxLevelSize
baseline_run1,baseline,2026/04/15-06:38:39.238778,2,3,3,1,2,,156818760,LevelMaxLevelSize
baseline_run1,baseline,2026/04/15-06:38:39.317740,0,1,4,4,0,,263114260,LevelL0FilesNum
baseline_run1,baseline,2026/04/15-06:38:39.318078,1,2,2,1,1,,233589894,LevelMaxLevelSize
baseline_run1,baseline,2026/04/15-06:38:39.345637,2,3,4,1,3,,231924735,LevelMaxLevelSize
baseline_run1,baseline,2026/04/15-06:38:39.345640,2,3,2,1,1,,115564010,LevelMaxLevelSize
baseline_run1,baseline,2026/04/15-06:38:39.352685,2,3,6,1,5,,434734553,LevelMaxLevelSize
baseline_run1,baseline,2026/04/15-06:38:39.409052,2,3,3,1,2,,129496819,LevelMaxLevelSize
baseline_run1,baseline,2026/04/15-06:38:39.409082,2,3,3,1,2,,183263441,LevelMaxLevelSize
baseline_run1,baseline,2026/04/15-06:38:39.409082,2,3,2,1,1,,105324242,LevelMaxLevelSize
baseline_run1,baseline,2026/04/15-06:38:39.622600,2,3,3,1,2,,194302959,LevelMaxLevelSize
baseline_run1,baseline,2026/04/15-06:38:39.622730,2,3,3,1,2,,182483559,LevelMaxLevelSize
baseline_run1,baseline,2026/04/15-06:38:39.622745,2,3,2,1,1,,170283144,LevelMaxLevelSize
baseline_run1,baseline,2026/04/15-06:38:39.622817,2,3,8,1,7,,586440689,LevelMaxLevelSize
baseline_run1,baseline,2026/04/15-06:38:39.807979,0,1,4,4,0,,263099437,LevelL0FilesNum
baseline_run1,baseline,2026/04/15-06:38:39.866904,2,3,3,1,2,,197540534,LevelMaxLevelSize
baseline_run1,baseline,2026/04/15-06:38:39.867021,2,3,3,1,2,,210309252,LevelMaxLevelSize
baseline_run1,baseline,2026/04/15-06:38:39.867104,2,3,5,1,4,,329933346,LevelMaxLevelSize
baseline_run1,baseline,2026/04/15-06:38:39.867107,2,3,4,1,3,,253163844,LevelMaxLevelSize
baseline_run1,baseline,2026/04/15-06:38:40.235046,0,1,4,4,0,,263115083,LevelL0FilesNum
baseline_run1,baseline,2026/04/15-06:38:40.638372,0,1,33,10,23,,5858373020,LevelL0FilesNum
baseline_run1,baseline,2026/04/15-06:38:40.956654,0,1,4,4,0,,263103120,LevelL0FilesNum
baseline_run1,baseline,2026/04/15-06:38:41.355682,0,1,4,4,0,,263104697,LevelL0FilesNum
baseline_run1,baseline,2026/04/15-06:38:41.749721,0,1,4,4,0,,263108006,LevelL0FilesNum
baseline_run1,baseline,2026/04/15-06:38:42.153816,0,1,4,4,0,,263096426,LevelL0FilesNum
baseline_run1,baseline,2026/04/15-06:38:42.629977,0,1,4,4,0,,263088395,LevelL0FilesNum
baseline_run1,baseline,2026/04/15-06:38:43.207537,0,1,4,4,0,,263103906,LevelL0FilesNum
baseline_run1,baseline,2026/04/15-06:38:43.572870,0,1,7,7,0,,1643742947,LevelL0FilesNum
baseline_run1,baseline,2026/04/15-06:38:46.042061,0,1,4,4,0,,263118409,LevelL0FilesNum
baseline_run1,baseline,2026/04/15-06:38:46.452775,0,1,4,4,0,,263111178,LevelL0FilesNum
baseline_run1,baseline,2026/04/15-06:38:46.840867,0,1,4,4,0,,263095549,LevelL0FilesNum
baseline_run1,baseline,2026/04/15-06:38:47.331848,0,1,4,4,0,,263109681,LevelL0FilesNum
baseline_run1,baseline,2026/04/15-06:38:47.911045,0,1,4,4,0,,263100369,LevelL0FilesNum
baseline_run1,baseline,2026/04/15-06:38:48.291787,0,1,6,6,0,,1380720712,LevelL0FilesNum
baseline_run1,baseline,2026/04/15-06:38:49.483718,1,2,2,1,1,,52264885,LevelMaxLevelSize
baseline_run1,baseline,2026/04/15-06:38:49.484621,1,2,2,1,1,,174271851,LevelMaxLevelSize
baseline_run1,baseline,2026/04/15-06:38:49.484737,1,2,2,1,1,,78536868,LevelMaxLevelSize
baseline_run1,baseline,2026/04/15-06:38:49.484741,1,2,2,1,1,,165303570,LevelMaxLevelSize
baseline_run1,baseline,2026/04/15-06:38:49.484746,1,2,2,1,1,,139554191,LevelMaxLevelSize
baseline_run1,baseline,2026/04/15-06:38:49.484882,1,2,2,1,1,,101596043,LevelMaxLevelSize
baseline_run1,baseline,2026/04/15-06:38:49.484883,1,2,3,2,1,,372324629,LevelMaxLevelSize
baseline_run1,baseline,2026/04/15-06:38:49.487716,2,3,4,1,3,,328227281,LevelMaxLevelSize
baseline_run1,baseline,2026/04/15-06:38:49.487754,2,3,3,1,2,,266127153,LevelMaxLevelSize
baseline_run1,baseline,2026/04/15-06:38:49.487761,2,3,5,1,4,,376406013,LevelMaxLevelSize
baseline_run1,baseline,2026/04/15-06:38:49.487761,2,3,4,1,3,,344221664,LevelMaxLevelSize
baseline_run1,baseline,2026/04/15-06:38:49.487844,2,3,6,1,5,,418961907,LevelMaxLevelSize
baseline_run1,baseline,2026/04/15-06:38:49.487888,2,3,5,1,4,,366358401,LevelMaxLevelSize
baseline_run1,baseline,2026/04/15-06:38:49.488599,2,3,11,1,10,,591839878,LevelMaxLevelSize
baseline_run1,baseline,2026/04/15-06:38:49.488604,2,3,3,1,2,,181658645,LevelMaxLevelSize
baseline_run1,baseline,2026/04/15-06:38:49.488665,2,3,11,1,10,,586898057,LevelMaxLevelSize
baseline_run1,baseline,2026/04/15-06:38:49.488673,2,3,5,1,4,,349850945,LevelMaxLevelSize
baseline_run1,baseline,2026/04/15-06:38:49.488673,2,3,6,1,5,,521662096,LevelMaxLevelSize
baseline_run1,baseline,2026/04/15-06:38:49.488680,2,3,8,1,7,,706277304,LevelMaxLevelSize
baseline_run1,baseline,2026/04/15-06:38:49.488698,2,3,8,1,7,,495713479,LevelMaxLevelSize
baseline_run1,baseline,2026/04/15-06:38:49.488701,2,3,9,1,8,,570143135,LevelMaxLevelSize
baseline_run1,baseline,2026/04/15-06:38:49.488704,2,3,7,1,6,,421454471,LevelMaxLevelSize
baseline_run1,baseline,2026/04/15-06:38:49.488706,2,3,6,1,5,,407020015,LevelMaxLevelSize
baseline_run1,baseline,2026/04/15-06:38:49.488855,2,3,9,1,8,,494941668,LevelMaxLevelSize
baseline_run1,baseline,2026/04/15-06:38:49.489097,2,3,17,1,16,,1101349438,LevelMaxLevelSize
baseline_run1,baseline,2026/04/15-06:38:49.489098,2,3,10,1,9,,599075932,LevelMaxLevelSize
baseline_run1,baseline,2026/04/15-06:38:49.489192,2,3,15,1,14,,1108482296,LevelMaxLevelSize
baseline_run1,baseline,2026/04/15-06:38:49.489313,2,3,17,1,16,,1129557977,LevelMaxLevelSize
baseline_run1,baseline,2026/04/15-06:38:49.489362,2,3,16,1,15,,1129787498,LevelMaxLevelSize
baseline_run1,baseline,2026/04/15-06:38:49.587481,0,1,4,4,0,,263097967,LevelL0FilesNum
baseline_run1,baseline,2026/04/15-06:38:49.599201,2,3,14,1,13,,1182722633,LevelMaxLevelSize
baseline_run1,baseline,2026/04/15-06:38:49.710756,2,3,7,1,6,,479413312,LevelMaxLevelSize
baseline_run1,baseline,2026/04/15-06:38:49.783307,2,3,4,1,3,,224972743,LevelMaxLevelSize
baseline_run1,baseline,2026/04/15-06:38:49.783311,2,3,4,1,3,,276071630,LevelMaxLevelSize
baseline_run1,baseline,2026/04/15-06:38:49.783311,2,3,2,1,1,,69945377,LevelMaxLevelSize
baseline_run1,baseline,2026/04/15-06:38:49.783314,2,3,10,1,9,,642504726,LevelMaxLevelSize
baseline_run1,baseline,2026/04/15-06:38:49.849820,2,3,5,1,4,,313695372,LevelMaxLevelSize
baseline_run1,baseline,2026/04/15-06:38:49.849839,2,3,5,1,4,,333716248,LevelMaxLevelSize
baseline_run1,baseline,2026/04/15-06:38:49.877122,2,3,5,1,4,,337636296,LevelMaxLevelSize
baseline_run1,baseline,2026/04/15-06:38:49.877134,2,3,2,1,1,,181272185,LevelMaxLevelSize
baseline_run1,baseline,2026/04/15-06:38:49.877137,2,3,3,1,2,,318384868,LevelMaxLevelSize
baseline_run1,baseline,2026/04/15-06:38:49.998893,0,1,4,4,0,,263099651,LevelL0FilesNum
baseline_run1,baseline,2026/04/15-06:38:50.314190,2,3,3,1,2,,231395924,LevelMaxLevelSize
baseline_run1,baseline,2026/04/15-06:38:50.314199,2,3,2,1,1,,115530279,LevelMaxLevelSize
baseline_run1,baseline,2026/04/15-06:38:50.314202,2,3,5,1,4,,296500402,LevelMaxLevelSize
baseline_run1,baseline,2026/04/15-06:38:50.314242,2,3,3,1,2,,230346628,LevelMaxLevelSize
baseline_run1,baseline,2026/04/15-06:38:50.314370,2,3,2,1,1,,121426379,LevelMaxLevelSize
baseline_run1,baseline,2026/04/15-06:38:50.314374,2,3,4,1,3,,188999799,LevelMaxLevelSize
baseline_run1,baseline,2026/04/15-06:38:50.431471,0,1,4,4,0,,263101450,LevelL0FilesNum
baseline_run1,baseline,2026/04/15-06:38:50.830514,0,1,4,4,0,,263125550,LevelL0FilesNum
baseline_run1,baseline,2026/04/15-06:38:51.228386,0,1,4,4,0,,263092315,LevelL0FilesNum
baseline_run1,baseline,2026/04/15-06:38:51.617040,0,1,4,4,0,,263120179,LevelL0FilesNum
baseline_run1,baseline,2026/04/15-06:38:51.984870,0,1,32,11,21,,6412270554,LevelL0FilesNum
baseline_run1,baseline,2026/04/15-06:38:52.296148,0,1,4,4,0,,263114911,LevelL0FilesNum
baseline_run1,baseline,2026/04/15-06:38:52.684965,0,1,4,4,0,,263109816,LevelL0FilesNum
baseline_run1,baseline,2026/04/15-06:38:53.078606,0,1,4,4,0,,263107816,LevelL0FilesNum
baseline_run1,baseline,2026/04/15-06:38:53.562666,0,1,4,4,0,,263083083,LevelL0FilesNum
baseline_run1,baseline,2026/04/15-06:38:54.129465,0,1,4,4,0,,263129596,LevelL0FilesNum
baseline_run1,baseline,2026/04/15-06:38:54.493542,0,1,6,6,0,,1380762913,LevelL0FilesNum
baseline_run1,baseline,2026/04/15-06:38:56.525091,0,1,4,4,0,,263115472,LevelL0FilesNum
baseline_run1,baseline,2026/04/15-06:38:56.922610,0,1,4,4,0,,263112905,LevelL0FilesNum
baseline_run1,baseline,2026/04/15-06:38:57.405457,0,1,4,4,0,,263098454,LevelL0FilesNum
baseline_run1,baseline,2026/04/15-06:38:57.987460,0,1,4,4,0,,263117182,LevelL0FilesNum
baseline_run1,baseline,2026/04/15-06:38:58.352464,0,1,5,5,0,,1117816865,LevelL0FilesNum
baseline_run1,baseline,2026/04/15-06:39:01.724334,1,2,2,1,1,,68080358,LevelMaxLevelSize
baseline_run1,baseline,2026/04/15-06:39:01.725603,1,2,2,1,1,,176817727,LevelMaxLevelSize
baseline_run1,baseline,2026/04/15-06:39:01.725606,1,2,2,1,1,,205563976,LevelMaxLevelSize
baseline_run1,baseline,2026/04/15-06:39:01.725608,1,2,2,1,1,,129933971,LevelMaxLevelSize
baseline_run1,baseline,2026/04/15-06:39:01.729158,2,3,4,1,3,,265902301,LevelMaxLevelSize
baseline_run1,baseline,2026/04/15-06:39:01.729663,2,3,2,1,1,,202552534,LevelMaxLevelSize
baseline_run1,baseline,2026/04/15-06:39:01.729685,2,3,2,1,1,,270061923,LevelMaxLevelSize
baseline_run1,baseline,2026/04/15-06:39:01.729879,2,3,5,1,4,,325324801,LevelMaxLevelSize
baseline_run1,baseline,2026/04/15-06:39:01.730054,2,3,3,1,2,,212189972,LevelMaxLevelSize
baseline_run1,baseline,2026/04/15-06:39:01.730072,2,3,5,1,4,,412115290,LevelMaxLevelSize
baseline_run1,baseline,2026/04/15-06:39:01.730076,2,3,5,1,4,,382343684,LevelMaxLevelSize
baseline_run1,baseline,2026/04/15-06:39:01.730246,2,3,6,1,5,,459293347,LevelMaxLevelSize
baseline_run1,baseline,2026/04/15-06:39:01.730252,2,3,7,1,6,,497594204,LevelMaxLevelSize
baseline_run1,baseline,2026/04/15-06:39:01.730595,2,3,2,1,1,,173452911,LevelMaxLevelSize
baseline_run1,baseline,2026/04/15-06:39:01.730604,2,3,10,1,9,,590719692,LevelMaxLevelSize
baseline_run1,baseline,2026/04/15-06:39:01.730613,2,3,9,1,8,,560012905,LevelMaxLevelSize
baseline_run1,baseline,2026/04/15-06:39:01.730617,2,3,8,1,7,,504566971,LevelMaxLevelSize
baseline_run1,baseline,2026/04/15-06:39:01.730619,2,3,8,1,7,,458593332,LevelMaxLevelSize
baseline_run1,baseline,2026/04/15-06:39:01.730622,2,3,7,1,6,,422472500,LevelMaxLevelSize
baseline_run1,baseline,2026/04/15-06:39:01.730631,2,3,10,1,9,,671485495,LevelMaxLevelSize
baseline_run1,baseline,2026/04/15-06:39:01.730945,2,3,7,1,6,,504756128,LevelMaxLevelSize
baseline_run1,baseline,2026/04/15-06:39:01.730945,2,3,7,1,6,,538848660,LevelMaxLevelSize
baseline_run1,baseline,2026/04/15-06:39:01.730952,2,3,10,1,9,,561370592,LevelMaxLevelSize
baseline_run1,baseline,2026/04/15-06:39:01.730957,2,3,10,1,9,,840875784,LevelMaxLevelSize
baseline_run1,baseline,2026/04/15-06:39:01.731226,2,3,14,1,13,,1218082407,LevelMaxLevelSize
baseline_run1,baseline,2026/04/15-06:39:01.731234,2,3,16,1,15,,977884941,LevelMaxLevelSize
baseline_run1,baseline,2026/04/15-06:39:01.731237,2,3,8,1,7,,709342766,LevelMaxLevelSize
baseline_run1,baseline,2026/04/15-06:39:01.731535,2,3,19,1,18,,1552042516,LevelMaxLevelSize
baseline_run1,baseline,2026/04/15-06:39:01.731546,2,3,6,1,5,,329551339,LevelMaxLevelSize
baseline_run1,baseline,2026/04/15-06:39:01.731555,2,3,12,1,11,,594901447,LevelMaxLevelSize
baseline_run1,baseline,2026/04/15-06:39:01.731555,2,3,8,1,7,,528834776,LevelMaxLevelSize
baseline_run1,baseline,2026/04/15-06:39:01.731555,2,3,18,1,17,,1152523593,LevelMaxLevelSize
baseline_run1,baseline,2026/04/15-06:39:01.881800,2,3,2,1,1,,56873844,LevelMaxLevelSize
baseline_run1,baseline,2026/04/15-06:39:02.033677,2,3,3,1,2,,199548620,LevelMaxLevelSize
baseline_run1,baseline,2026/04/15-06:39:02.047469,0,1,4,4,0,,263114111,LevelL0FilesNum
baseline_run1,baseline,2026/04/15-06:39:02.047744,1,2,2,1,1,,204911832,LevelMaxLevelSize
baseline_run1,baseline,2026/04/15-06:39:02.048630,2,3,3,1,2,,176669812,LevelMaxLevelSize
baseline_run1,baseline,2026/04/15-06:39:02.218601,2,3,4,1,3,,228409438,LevelMaxLevelSize
baseline_run1,baseline,2026/04/15-06:39:02.218726,2,3,4,1,3,,238761210,LevelMaxLevelSize
baseline_run1,baseline,2026/04/15-06:39:02.218726,2,3,2,1,1,,63752828,LevelMaxLevelSize
baseline_run1,baseline,2026/04/15-06:39:02.218758,2,3,3,1,2,,160453848,LevelMaxLevelSize
baseline_run1,baseline,2026/04/15-06:39:02.357287,2,3,4,1,3,,278399596,LevelMaxLevelSize
baseline_run1,baseline,2026/04/15-06:39:02.357292,2,3,4,1,3,,267606393,LevelMaxLevelSize
baseline_run1,baseline,2026/04/15-06:39:02.527231,0,1,4,4,0,,263113083,LevelL0FilesNum
baseline_run1,baseline,2026/04/15-06:39:02.528335,2,3,3,1,2,,155897745,LevelMaxLevelSize
baseline_run1,baseline,2026/04/15-06:39:02.528366,2,3,7,1,6,,521659028,LevelMaxLevelSize
baseline_run1,baseline,2026/04/15-06:39:02.965770,0,1,4,4,0,,263116100,LevelL0FilesNum
baseline_run1,baseline,2026/04/15-06:39:03.385149,0,1,37,8,29,,5879073937,LevelL0FilesNum
baseline_run1,baseline,2026/04/15-06:39:03.690292,0,1,4,4,0,,263103445,LevelL0FilesNum
baseline_run1,baseline,2026/04/15-06:39:04.104898,0,1,4,4,0,,263105659,LevelL0FilesNum
baseline_run1,baseline,2026/04/15-06:39:04.416917,3,4,2,1,1,,147277887,LevelMaxLevelSize
baseline_run1,baseline,2026/04/15-06:39:04.416922,3,4,2,1,1,,132800353,LevelMaxLevelSize
baseline_run1,baseline,2026/04/15-06:39:04.417018,3,4,2,1,1,,63198331,LevelMaxLevelSize
baseline_run1,baseline,2026/04/15-06:39:04.417144,3,4,3,1,2,,196104289,LevelMaxLevelSize
baseline_run1,baseline,2026/04/15-06:39:04.417214,3,4,3,2,1,,252512395,LevelMaxLevelSize
baseline_run1,baseline,2026/04/15-06:39:04.417216,3,4,3,2,1,,253476445,LevelMaxLevelSize
baseline_run1,baseline,2026/04/15-06:39:04.417220,3,4,3,2,1,,252507042,LevelMaxLevelSize
baseline_run1,baseline,2026/04/15-06:39:04.417332,3,4,3,2,1,,253312193,LevelMaxLevelSize
baseline_run1,baseline,2026/04/15-06:39:04.536772,0,1,4,4,0,,263104393,LevelL0FilesNum
baseline_run1,baseline,2026/04/15-06:39:04.957858,0,1,4,4,0,,263113174,LevelL0FilesNum
baseline_run1,baseline,2026/04/15-06:39:05.380276,0,1,4,4,0,,263100748,LevelL0FilesNum
baseline_run1,baseline,2026/04/15-06:39:05.796764,0,1,4,4,0,,263099613,LevelL0FilesNum
baseline_run1,baseline,2026/04/15-06:39:06.291478,0,1,4,4,0,,263106903,LevelL0FilesNum
baseline_run1,baseline,2026/04/15-06:39:06.864798,0,1,4,4,0,,263101384,LevelL0FilesNum
baseline_run1,baseline,2026/04/15-06:39:07.222946,0,1,7,7,0,,1643732892,LevelL0FilesNum
baseline_run1,baseline,2026/04/15-06:39:09.603306,0,1,4,4,0,,263114153,LevelL0FilesNum
baseline_run1,baseline,2026/04/15-06:39:10.008566,0,1,4,4,0,,263103746,LevelL0FilesNum
baseline_run1,baseline,2026/04/15-06:39:10.401153,0,1,4,4,0,,263129396,LevelL0FilesNum
baseline_run1,baseline,2026/04/15-06:39:10.761526,0,1,4,4,0,,854797450,LevelL0FilesNum
baseline_run1,baseline,2026/04/15-06:39:12.167696,0,1,40,4,36,,5990391472,LevelL0FilesNum
baseline_run1,baseline,2026/04/15-06:39:12.168589,2,3,2,1,1,,191974795,LevelMaxLevelSize
baseline_run1,baseline,2026/04/15-06:39:12.168755,2,3,4,1,3,,319977231,LevelMaxLevelSize
baseline_run1,baseline,2026/04/15-06:39:12.168757,2,3,4,1,3,,335798587,LevelMaxLevelSize
baseline_run1,baseline,2026/04/15-06:39:12.168828,2,3,4,1,3,,347908239,LevelMaxLevelSize
baseline_run1,baseline,2026/04/15-06:39:12.168848,2,3,5,1,4,,391979202,LevelMaxLevelSize
baseline_run1,baseline,2026/04/15-06:39:12.168915,2,3,4,1,3,,192827197,LevelMaxLevelSize
baseline_run1,baseline,2026/04/15-06:39:12.169127,2,3,2,1,1,,98172713,LevelMaxLevelSize
baseline_run1,baseline,2026/04/15-06:39:12.169145,2,3,7,1,6,,571929004,LevelMaxLevelSize
baseline_run1,baseline,2026/04/15-06:39:12.169149,2,3,6,1,5,,532082635,LevelMaxLevelSize
baseline_run1,baseline,2026/04/15-06:39:12.169150,2,3,3,1,2,,198876366,LevelMaxLevelSize
baseline_run1,baseline,2026/04/15-06:39:12.169324,2,3,7,1,6,,415602812,LevelMaxLevelSize
baseline_run1,baseline,2026/04/15-06:39:12.169332,2,3,8,1,7,,620605171,LevelMaxLevelSize
baseline_run1,baseline,2026/04/15-06:39:12.169409,2,3,9,1,8,,582208917,LevelMaxLevelSize
baseline_run1,baseline,2026/04/15-06:39:12.169825,2,3,13,1,12,,859320226,LevelMaxLevelSize
baseline_run1,baseline,2026/04/15-06:39:12.169838,2,3,10,1,9,,684994531,LevelMaxLevelSize
baseline_run1,baseline,2026/04/15-06:39:12.169844,2,3,7,1,6,,786915267,LevelMaxLevelSize
baseline_run1,baseline,2026/04/15-06:39:12.169845,2,3,9,1,8,,537531304,LevelMaxLevelSize
baseline_run1,baseline,2026/04/15-06:39:12.169846,2,3,10,1,9,,918754488,LevelMaxLevelSize
baseline_run1,baseline,2026/04/15-06:39:12.169848,2,3,10,1,9,,685142135,LevelMaxLevelSize
baseline_run1,baseline,2026/04/15-06:39:12.169847,2,3,10,1,9,,614556059,LevelMaxLevelSize
baseline_run1,baseline,2026/04/15-06:39:12.169850,2,3,7,1,6,,378046449,LevelMaxLevelSize
baseline_run1,baseline,2026/04/15-06:39:12.169853,2,3,10,1,9,,730701901,LevelMaxLevelSize
baseline_run1,baseline,2026/04/15-06:39:12.170088,2,3,7,1,6,,405236002,LevelMaxLevelSize
baseline_run1,baseline,2026/04/15-06:39:12.170191,2,3,11,1,10,,624977108,LevelMaxLevelSize
baseline_run1,baseline,2026/04/15-06:39:12.170191,2,3,9,1,8,,778495501,LevelMaxLevelSize
baseline_run1,baseline,2026/04/15-06:39:12.170203,2,3,8,1,7,,697092945,LevelMaxLevelSize
baseline_run1,baseline,2026/04/15-06:39:12.553748,0,1,4,4,0,,263110597,LevelL0FilesNum
baseline_run1,baseline,2026/04/15-06:39:12.946062,0,1,4,4,0,,263108921,LevelL0FilesNum
baseline_run1,baseline,2026/04/15-06:39:13.341656,0,1,4,4,0,,263112445,LevelL0FilesNum
baseline_run1,baseline,2026/04/15-06:39:13.557525,3,4,2,1,1,,202553521,LevelMaxLevelSize
baseline_run1,baseline,2026/04/15-06:39:13.557613,3,4,2,1,1,,202553406,LevelMaxLevelSize
baseline_run1,baseline,2026/04/15-06:39:13.557771,3,4,2,1,1,,71153948,LevelMaxLevelSize
baseline_run1,baseline,2026/04/15-06:39:13.557777,3,4,2,1,1,,132988582,LevelMaxLevelSize
baseline_run1,baseline,2026/04/15-06:39:13.557823,3,4,2,1,1,,175248658,LevelMaxLevelSize
baseline_run1,baseline,2026/04/15-06:39:13.557828,3,4,2,1,1,,84372855,LevelMaxLevelSize
baseline_run1,baseline,2026/04/15-06:39:13.557893,3,4,2,1,1,,169999315,LevelMaxLevelSize
baseline_run1,baseline,2026/04/15-06:39:13.557957,3,4,3,1,2,,197051386,LevelMaxLevelSize
baseline_run1,baseline,2026/04/15-06:39:13.693310,3,4,2,1,1,,168770495,LevelMaxLevelSize
baseline_run1,baseline,2026/04/15-06:39:13.693402,3,4,2,1,1,,168527475,LevelMaxLevelSize
baseline_run1,baseline,2026/04/15-06:39:13.693405,3,4,2,1,1,,167214411,LevelMaxLevelSize
baseline_run1,baseline,2026/04/15-06:39:13.693406,3,4,2,1,1,,168088977,LevelMaxLevelSize
baseline_run1,baseline,2026/04/15-06:39:13.693425,3,4,2,1,1,,168769452,LevelMaxLevelSize
baseline_run1,baseline,2026/04/15-06:39:13.693583,3,4,2,1,1,,167284969,LevelMaxLevelSize
baseline_run1,baseline,2026/04/15-06:39:13.693604,3,4,2,1,1,,166984731,LevelMaxLevelSize
baseline_run1,baseline,2026/04/15-06:39:13.693619,3,4,2,1,1,,164185232,LevelMaxLevelSize
baseline_run1,baseline,2026/04/15-06:39:13.737704,0,1,4,4,0,,263119550,LevelL0FilesNum
baseline_run1,baseline,2026/04/15-06:39:13.766425,3,4,2,1,1,,168371285,LevelMaxLevelSize
baseline_run1,baseline,2026/04/15-06:39:13.766556,3,4,2,1,1,,182797598,LevelMaxLevelSize
baseline_run1,baseline,2026/04/15-06:39:13.766558,3,4,2,1,1,,183277075,LevelMaxLevelSize
baseline_run1,baseline,2026/04/15-06:39:13.766769,3,4,2,1,1,,163583863,LevelMaxLevelSize
baseline_run1,baseline,2026/04/15-06:39:13.766775,3,4,2,1,1,,182756614,LevelMaxLevelSize
baseline_run1,baseline,2026/04/15-06:39:13.766776,3,4,2,1,1,,163791507,LevelMaxLevelSize
baseline_run1,baseline,2026/04/15-06:39:13.766783,3,4,2,1,1,,163557878,LevelMaxLevelSize
baseline_run1,baseline,2026/04/15-06:39:13.766793,3,4,3,1,2,,189321775,LevelMaxLevelSize
baseline_run1,baseline,2026/04/15-06:39:14.128492,0,1,4,4,0,,263109169,LevelL0FilesNum
baseline_run1,baseline,2026/04/15-06:39:14.520307,0,1,4,4,0,,263094693,LevelL0FilesNum
baseline_run1,baseline,2026/04/15-06:39:14.912912,0,1,4,4,0,,263121595,LevelL0FilesNum
baseline_run1,baseline,2026/04/15-06:39:15.302429,0,1,4,4,0,,263114958,LevelL0FilesNum
baseline_run1,baseline,2026/04/15-06:39:15.696263,0,1,4,4,0,,263106749,LevelL0FilesNum
baseline_run1,baseline,2026/04/15-06:39:16.088290,0,1,4,4,0,,263099677,LevelL0FilesNum
baseline_run1,baseline,2026/04/15-06:39:16.449750,0,1,7,7,0,,1643765602,LevelL0FilesNum
baseline_run1,baseline,2026/04/15-06:39:21.126062,1,2,3,2,1,,327148781,LevelMaxLevelSize
baseline_run1,baseline,2026/04/15-06:39:21.126091,1,2,2,1,1,,175087478,LevelMaxLevelSize
baseline_run1,baseline,2026/04/15-06:39:21.126120,1,2,3,2,1,,235766665,LevelMaxLevelSize
baseline_run1,baseline,2026/04/15-06:39:21.126137,1,2,2,1,1,,191824497,LevelMaxLevelSize
baseline_run1,baseline,2026/04/15-06:39:21.128698,2,3,5,1,4,,364588344,LevelMaxLevelSize
baseline_run1,baseline,2026/04/15-06:39:21.131442,2,3,2,1,1,,213639663,LevelMaxLevelSize
baseline_run1,baseline,2026/04/15-06:39:21.131448,2,3,4,1,3,,318423088,LevelMaxLevelSize
baseline_run1,baseline,2026/04/15-06:39:21.131670,2,3,5,1,4,,376313110,LevelMaxLevelSize
baseline_run1,baseline,2026/04/15-06:39:21.131763,2,3,2,1,1,,148007528,LevelMaxLevelSize
baseline_run1,baseline,2026/04/15-06:39:21.132184,2,3,7,1,6,,463498014,LevelMaxLevelSize
baseline_run1,baseline,2026/04/15-06:39:21.132192,2,3,8,1,7,,492734679,LevelMaxLevelSize
baseline_run1,baseline,2026/04/15-06:39:21.132204,2,3,6,1,5,,439886289,LevelMaxLevelSize
baseline_run1,baseline,2026/04/15-06:39:21.132207,2,3,11,1,10,,730170000,LevelMaxLevelSize
baseline_run1,baseline,2026/04/15-06:39:21.132212,2,3,8,1,7,,651257293,LevelMaxLevelSize
baseline_run1,baseline,2026/04/15-06:39:21.132213,2,3,7,1,6,,459747767,LevelMaxLevelSize
baseline_run1,baseline,2026/04/15-06:39:21.132214,2,3,3,1,2,,326380079,LevelMaxLevelSize
baseline_run1,baseline,2026/04/15-06:39:21.132218,2,3,4,1,3,,283071906,LevelMaxLevelSize
baseline_run1,baseline,2026/04/15-06:39:21.132218,2,3,6,1,5,,427392530,LevelMaxLevelSize
baseline_run1,baseline,2026/04/15-06:39:21.132218,2,3,10,1,9,,674533585,LevelMaxLevelSize
baseline_run1,baseline,2026/04/15-06:39:21.132233,2,3,10,1,9,,607011058,LevelMaxLevelSize
baseline_run1,baseline,2026/04/15-06:39:21.132461,2,3,10,1,9,,684652157,LevelMaxLevelSize
baseline_run1,baseline,2026/04/15-06:39:21.132476,2,3,6,1,5,,473642607,LevelMaxLevelSize
baseline_run1,baseline,2026/04/15-06:39:21.132485,2,3,9,1,8,,512206438,LevelMaxLevelSize
baseline_run1,baseline,2026/04/15-06:39:21.132559,2,3,5,1,4,,265996292,LevelMaxLevelSize
baseline_run1,baseline,2026/04/15-06:39:21.133001,2,3,11,1,10,,715912897,LevelMaxLevelSize
baseline_run1,baseline,2026/04/15-06:39:21.474783,2,3,3,1,2,,161217229,LevelMaxLevelSize
baseline_run1,baseline,2026/04/15-06:39:21.474786,2,3,3,1,2,,216307379,LevelMaxLevelSize
baseline_run1,baseline,2026/04/15-06:39:21.509469,2,3,3,1,2,,239328161,LevelMaxLevelSize
baseline_run1,baseline,2026/04/15-06:39:21.509470,2,3,3,1,2,,180745869,LevelMaxLevelSize
baseline_run1,baseline,2026/04/15-06:39:21.509470,2,3,3,1,2,,180496451,LevelMaxLevelSize
baseline_run1,baseline,2026/04/15-06:39:21.532604,0,1,4,4,0,,263107119,LevelL0FilesNum
baseline_run1,baseline,2026/04/15-06:39:21.599520,2,3,3,1,2,,179888702,LevelMaxLevelSize
baseline_run1,baseline,2026/04/15-06:39:21.599668,2,3,4,1,3,,262455430,LevelMaxLevelSize
baseline_run1,baseline,2026/04/15-06:39:21.599673,2,3,4,1,3,,246848658,LevelMaxLevelSize
baseline_run1,baseline,2026/04/15-06:39:21.599686,2,3,3,1,2,,180482805,LevelMaxLevelSize
baseline_run1,baseline,2026/04/15-06:39:21.805097,2,3,3,1,2,,182051141,LevelMaxLevelSize
baseline_run1,baseline,2026/04/15-06:39:21.805107,2,3,9,1,8,,603991931,LevelMaxLevelSize
baseline_run1,baseline,2026/04/15-06:39:21.805107,2,3,3,1,2,,221888385,LevelMaxLevelSize
baseline_run1,baseline,2026/04/15-06:39:21.805117,2,3,4,1,3,,303075152,LevelMaxLevelSize
baseline_run1,baseline,2026/04/15-06:39:21.805119,2,3,3,1,2,,149692944,LevelMaxLevelSize
baseline_run1,baseline,2026/04/15-06:39:21.986219,0,1,4,4,0,,263121200,LevelL0FilesNum
baseline_run1,baseline,2026/04/15-06:39:22.406237,3,4,2,1,1,,174572383,LevelMaxLevelSize
baseline_run1,baseline,2026/04/15-06:39:22.406414,3,4,2,1,1,,174216765,LevelMaxLevelSize
baseline_run1,baseline,2026/04/15-06:39:22.406418,3,4,2,1,1,,174098261,LevelMaxLevelSize
baseline_run1,baseline,2026/04/15-06:39:22.406442,3,4,2,1,1,,174501505,LevelMaxLevelSize
baseline_run1,baseline,2026/04/15-06:39:22.423111,0,1,4,4,0,,263098631,LevelL0FilesNum
baseline_run1,baseline,2026/04/15-06:39:22.431435,3,4,2,1,1,,173897203,LevelMaxLevelSize
baseline_run1,baseline,2026/04/15-06:39:22.431438,3,4,2,1,1,,173600578,LevelMaxLevelSize
baseline_run1,baseline,2026/04/15-06:39:22.431578,3,4,2,1,1,,174005842,LevelMaxLevelSize
baseline_run1,baseline,2026/04/15-06:39:22.431584,3,4,2,1,1,,116001999,LevelMaxLevelSize
baseline_run1,baseline,2026/04/15-06:39:22.431647,3,4,2,1,1,,126446906,LevelMaxLevelSize
baseline_run1,baseline,2026/04/15-06:39:22.431702,3,4,2,1,1,,164441921,LevelMaxLevelSize
baseline_run1,baseline,2026/04/15-06:39:22.431717,3,4,2,1,1,,163545458,LevelMaxLevelSize
baseline_run1,baseline,2026/04/15-06:39:22.487267,3,4,2,1,1,,162751630,LevelMaxLevelSize
baseline_run1,baseline,2026/04/15-06:39:22.487268,3,4,2,1,1,,157047668,LevelMaxLevelSize
baseline_run1,baseline,2026/04/15-06:39:22.487425,3,4,2,1,1,,162659167,LevelMaxLevelSize
baseline_run1,baseline,2026/04/15-06:39:22.487430,3,4,2,1,1,,171947645,LevelMaxLevelSize
baseline_run1,baseline,2026/04/15-06:39:22.487442,3,4,2,1,1,,162659107,LevelMaxLevelSize
baseline_run1,baseline,2026/04/15-06:39:22.487436,3,4,2,1,1,,162419236,LevelMaxLevelSize
baseline_run1,baseline,2026/04/15-06:39:22.487456,3,4,2,1,1,,163180755,LevelMaxLevelSize
baseline_run1,baseline,2026/04/15-06:39:22.509064,3,4,2,1,1,,156206811,LevelMaxLevelSize
baseline_run1,baseline,2026/04/15-06:39:22.509149,3,4,2,1,1,,156138213,LevelMaxLevelSize
baseline_run1,baseline,2026/04/15-06:39:22.509158,3,4,2,1,1,,156084199,LevelMaxLevelSize
baseline_run1,baseline,2026/04/15-06:39:22.509159,3,4,2,1,1,,154362804,LevelMaxLevelSize
baseline_run1,baseline,2026/04/15-06:39:22.509168,3,4,2,1,1,,154594609,LevelMaxLevelSize
baseline_run1,baseline,2026/04/15-06:39:22.509172,3,4,2,1,1,,154533198,LevelMaxLevelSize
baseline_run1,baseline,2026/04/15-06:39:22.509181,3,4,2,1,1,,154497868,LevelMaxLevelSize
baseline_run1,baseline,2026/04/15-06:39:22.509185,3,4,2,1,1,,154271064,LevelMaxLevelSize
baseline_run1,baseline,2026/04/15-06:39:22.872873,0,1,4,4,0,,263087038,LevelL0FilesNum
baseline_run1,baseline,2026/04/15-06:39:22.887331,3,4,2,1,1,,154186072,LevelMaxLevelSize
baseline_run1,baseline,2026/04/15-06:39:22.887334,3,4,2,1,1,,154363795,LevelMaxLevelSize
baseline_run1,baseline,2026/04/15-06:39:22.887337,3,4,2,1,1,,154335760,LevelMaxLevelSize
baseline_run1,baseline,2026/04/15-06:39:22.887496,3,4,2,1,1,,154192320,LevelMaxLevelSize
baseline_run1,baseline,2026/04/15-06:39:22.887554,3,4,2,1,1,,153881681,LevelMaxLevelSize
baseline_run1,baseline,2026/04/15-06:39:22.887561,3,4,2,1,1,,80587013,LevelMaxLevelSize
baseline_run1,baseline,2026/04/15-06:39:22.887573,3,4,2,1,1,,153841176,LevelMaxLevelSize
baseline_run1,baseline,2026/04/15-06:39:22.887580,3,4,2,1,1,,153868907,LevelMaxLevelSize
baseline_run1,baseline,2026/04/15-06:39:23.273454,0,1,41,12,29,,6564915489,LevelL0FilesNum
baseline_run1,baseline,2026/04/15-06:39:23.578662,0,1,4,4,0,,263130606,LevelL0FilesNum
baseline_run1,baseline,2026/04/15-06:39:23.969176,0,1,4,4,0,,263103983,LevelL0FilesNum
baseline_run1,baseline,2026/04/15-06:39:24.438506,0,1,4,4,0,,263116043,LevelL0FilesNum
baseline_run1,baseline,2026/04/15-06:39:25.006204,0,1,4,4,0,,263090511,LevelL0FilesNum
baseline_run1,baseline,2026/04/15-06:39:25.371562,0,1,5,5,0,,1117693731,LevelL0FilesNum
baseline_run1,baseline,2026/04/15-06:39:26.994843,0,1,4,4,0,,263103520,LevelL0FilesNum
baseline_run1,baseline,2026/04/15-06:39:27.487047,0,1,4,4,0,,263106881,LevelL0FilesNum
baseline_run1,baseline,2026/04/15-06:39:28.059592,0,1,4,4,0,,263120427,LevelL0FilesNum
baseline_run1,baseline,2026/04/15-06:39:28.427065,0,1,4,4,0,,854773075,LevelL0FilesNum
baseline_run1,baseline,2026/04/15-06:39:32.852004,1,2,2,1,1,,146304725,LevelMaxLevelSize
baseline_run1,baseline,2026/04/15-06:39:32.852029,1,2,2,1,1,,171230543,LevelMaxLevelSize
baseline_run1,baseline,2026/04/15-06:39:32.852086,1,2,2,1,1,,161863494,LevelMaxLevelSize
baseline_run1,baseline,2026/04/15-06:39:32.852410,1,2,2,1,1,,191180027,LevelMaxLevelSize
baseline_run1,baseline,2026/04/15-06:39:32.852496,1,2,2,1,1,,180760211,LevelMaxLevelSize
baseline_run1,baseline,2026/04/15-06:39:32.852559,1,2,2,1,1,,169584073,LevelMaxLevelSize
baseline_run1,baseline,2026/04/15-06:39:32.854704,1,2,2,1,1,,70610118,LevelMaxLevelSize
baseline_run1,baseline,2026/04/15-06:39:32.854729,1,2,2,1,1,,152582413,LevelMaxLevelSize
baseline_run1,baseline,2026/04/15-06:39:32.855007,1,2,2,1,1,,199184363,LevelMaxLevelSize
baseline_run1,baseline,2026/04/15-06:39:32.855008,1,2,2,1,1,,89285869,LevelMaxLevelSize
baseline_run1,baseline,2026/04/15-06:39:32.855039,1,2,3,1,2,,204509269,LevelMaxLevelSize
baseline_run1,baseline,2026/04/15-06:39:32.855114,1,2,3,2,1,,340373233,LevelMaxLevelSize
baseline_run1,baseline,2026/04/15-06:39:32.855266,1,2,3,2,1,,315101713,LevelMaxLevelSize
baseline_run1,baseline,2026/04/15-06:39:32.855512,1,2,2,1,1,,219977029,LevelMaxLevelSize
baseline_run1,baseline,2026/04/15-06:39:32.855515,1,2,3,2,1,,273497452,LevelMaxLevelSize
baseline_run1,baseline,2026/04/15-06:39:32.856630,2,3,2,1,1,,214437200,LevelMaxLevelSize
baseline_run1,baseline,2026/04/15-06:39:32.857244,2,3,3,1,2,,349417115,LevelMaxLevelSize
baseline_run1,baseline,2026/04/15-06:39:32.857307,2,3,5,1,4,,407151277,LevelMaxLevelSize
baseline_run1,baseline,2026/04/15-06:39:32.857355,2,3,3,1,2,,198769875,LevelMaxLevelSize
baseline_run1,baseline,2026/04/15-06:39:32.857359,2,3,7,1,6,,456231875,LevelMaxLevelSize
baseline_run1,baseline,2026/04/15-06:39:32.857475,2,3,3,1,2,,204892179,LevelMaxLevelSize
baseline_run1,baseline,2026/04/15-06:39:32.857478,2,3,6,1,5,,458119658,LevelMaxLevelSize
baseline_run1,baseline,2026/04/15-06:39:32.857566,2,3,2,1,1,,54070474,LevelMaxLevelSize
baseline_run1,baseline,2026/04/15-06:39:32.857762,2,3,8,1,7,,552398499,LevelMaxLevelSize
baseline_run1,baseline,2026/04/15-06:39:32.857809,2,3,5,1,4,,260882572,LevelMaxLevelSize
baseline_run1,baseline,2026/04/15-06:39:32.857882,2,3,4,1,3,,220812947,LevelMaxLevelSize
baseline_run1,baseline,2026/04/15-06:39:32.858021,2,3,11,1,10,,737281597,LevelMaxLevelSize
baseline_run1,baseline,2026/04/15-06:39:32.858096,2,3,10,1,9,,742912031,LevelMaxLevelSize
baseline_run1,baseline,2026/04/15-06:39:32.858234,2,3,5,1,4,,464812337,LevelMaxLevelSize
baseline_run1,baseline,2026/04/15-06:39:32.858332,2,3,7,1,6,,467952282,LevelMaxLevelSize
baseline_run1,baseline,2026/04/15-06:39:32.858402,2,3,9,1,8,,544829503,LevelMaxLevelSize
baseline_run1,baseline,2026/04/15-06:39:33.009396,2,3,3,1,2,,161157518,LevelMaxLevelSize
baseline_run1,baseline,2026/04/15-06:39:33.055059,2,3,2,1,1,,109861605,LevelMaxLevelSize
baseline_run1,baseline,2026/04/15-06:39:33.055092,2,3,11,1,10,,783102776,LevelMaxLevelSize
baseline_run1,baseline,2026/04/15-06:39:33.153575,0,1,4,4,0,,263107998,LevelL0FilesNum
baseline_run1,baseline,2026/04/15-06:39:33.165582,2,3,2,1,1,,126847227,LevelMaxLevelSize
baseline_run1,baseline,2026/04/15-06:39:33.191237,2,3,3,1,2,,181934786,LevelMaxLevelSize
baseline_run1,baseline,2026/04/15-06:39:33.191258,2,3,4,1,3,,238122177,LevelMaxLevelSize
baseline_run1,baseline,2026/04/15-06:39:33.192045,2,3,3,1,2,,192231314,LevelMaxLevelSize
baseline_run1,baseline,2026/04/15-06:39:33.202806,2,3,3,1,2,,185930400,LevelMaxLevelSize
baseline_run1,baseline,2026/04/15-06:39:33.202806,2,3,5,1,4,,312371847,LevelMaxLevelSize
baseline_run1,baseline,2026/04/15-06:39:33.229392,2,3,3,1,2,,246713062,LevelMaxLevelSize
baseline_run1,baseline,2026/04/15-06:39:33.229452,2,3,3,1,2,,165432337,LevelMaxLevelSize
baseline_run1,baseline,2026/04/15-06:39:33.236567,2,3,2,1,1,,125611526,LevelMaxLevelSize
baseline_run1,baseline,2026/04/15-06:39:33.250397,2,3,2,1,1,,114945594,LevelMaxLevelSize
baseline_run1,baseline,2026/04/15-06:39:33.269900,2,3,3,1,2,,195991457,LevelMaxLevelSize
baseline_run1,baseline,2026/04/15-06:39:33.304879,2,3,3,1,2,,158111161,LevelMaxLevelSize
baseline_run1,baseline,2026/04/15-06:39:33.308676,2,3,3,1,2,,224779142,LevelMaxLevelSize
baseline_run1,baseline,2026/04/15-06:39:33.309718,2,3,3,1,2,,152759981,LevelMaxLevelSize
baseline_run1,baseline,2026/04/15-06:39:33.312332,2,3,3,1,2,,168681819,LevelMaxLevelSize
baseline_run1,baseline,2026/04/15-06:39:33.329360,2,3,3,1,2,,202498085,LevelMaxLevelSize
baseline_run1,baseline,2026/04/15-06:39:33.339606,2,3,3,1,2,,193424724,LevelMaxLevelSize
baseline_run1,baseline,2026/04/15-06:39:33.358422,2,3,3,1,2,,205683793,LevelMaxLevelSize
baseline_run1,baseline,2026/04/15-06:39:33.370671,2,3,4,1,3,,274905779,LevelMaxLevelSize
baseline_run1,baseline,2026/04/15-06:39:33.387469,2,3,3,1,2,,179451522,LevelMaxLevelSize
baseline_run1,baseline,2026/04/15-06:39:33.449690,2,3,5,1,4,,316805802,LevelMaxLevelSize
baseline_run1,baseline,2026/04/15-06:39:33.474593,2,3,5,1,4,,326215665,LevelMaxLevelSize
baseline_run1,baseline,2026/04/15-06:39:33.499282,2,3,3,1,2,,160351249,LevelMaxLevelSize
baseline_run1,baseline,2026/04/15-06:39:33.531677,2,3,4,1,3,,226718457,LevelMaxLevelSize
baseline_run1,baseline,2026/04/15-06:39:33.549125,2,3,4,1,3,,216808565,LevelMaxLevelSize
baseline_run1,baseline,2026/04/15-06:39:33.580974,2,3,4,1,3,,238974655,LevelMaxLevelSize
baseline_run1,baseline,2026/04/15-06:39:33.625107,0,1,4,4,0,,263106833,LevelL0FilesNum
baseline_run1,baseline,2026/04/15-06:39:33.640463,2,3,3,1,2,,194238611,LevelMaxLevelSize
baseline_run1,baseline,2026/04/15-06:39:33.648279,2,3,3,1,2,,213917141,LevelMaxLevelSize
baseline_run1,baseline,2026/04/15-06:39:33.652031,2,3,3,1,2,,161066238,LevelMaxLevelSize
baseline_run1,baseline,2026/04/15-06:39:33.658822,2,3,3,1,2,,143625813,LevelMaxLevelSize
baseline_run1,baseline,2026/04/15-06:39:33.666339,2,3,3,1,2,,159634578,LevelMaxLevelSize
baseline_run1,baseline,2026/04/15-06:39:33.682477,2,3,3,1,2,,158563286,LevelMaxLevelSize
baseline_run1,baseline,2026/04/15-06:39:33.696042,2,3,4,1,3,,237036440,LevelMaxLevelSize
baseline_run1,baseline,2026/04/15-06:39:33.726684,2,3,6,1,5,,532898608,LevelMaxLevelSize
baseline_run1,baseline,2026/04/15-06:39:33.731645,2,3,5,1,4,,303822894,LevelMaxLevelSize
baseline_run1,baseline,2026/04/15-06:39:33.774619,2,3,5,1,4,,300118248,LevelMaxLevelSize
baseline_run1,baseline,2026/04/15-06:39:33.776896,2,3,6,2,4,,343775016,LevelMaxLevelSize
baseline_run1,baseline,2026/04/15-06:39:33.796692,2,3,3,1,2,,103124533,LevelMaxLevelSize
baseline_run1,baseline,2026/04/15-06:39:33.811429,2,3,4,1,3,,284388989,LevelMaxLevelSize
baseline_run1,baseline,2026/04/15-06:39:33.816517,2,3,6,1,5,,413352123,LevelMaxLevelSize
baseline_run1,baseline,2026/04/15-06:39:33.819345,2,3,10,2,8,,617410235,LevelMaxLevelSize
baseline_run1,baseline,2026/04/15-06:39:34.078729,0,1,4,4,0,,263115159,LevelL0FilesNum
baseline_run1,baseline,2026/04/15-06:39:34.424973,3,4,2,1,1,,160449232,LevelMaxLevelSize
baseline_run1,baseline,2026/04/15-06:39:34.424976,3,4,2,1,1,,160554960,LevelMaxLevelSize
baseline_run1,baseline,2026/04/15-06:39:34.425069,3,4,2,1,1,,160401100,LevelMaxLevelSize
baseline_run1,baseline,2026/04/15-06:39:34.425077,3,4,2,1,1,,160226930,LevelMaxLevelSize
baseline_run1,baseline,2026/04/15-06:39:34.425156,3,4,2,1,1,,160234167,LevelMaxLevelSize
baseline_run1,baseline,2026/04/15-06:39:34.425197,3,4,2,1,1,,159715683,LevelMaxLevelSize
baseline_run1,baseline,2026/04/15-06:39:34.425326,3,4,2,1,1,,159604241,LevelMaxLevelSize
baseline_run1,baseline,2026/04/15-06:39:34.425334,3,4,3,1,2,,178276578,LevelMaxLevelSize
baseline_run1,baseline,2026/04/15-06:39:34.429707,3,4,2,1,1,,159239900,LevelMaxLevelSize
baseline_run1,baseline,2026/04/15-06:39:34.429714,3,4,2,1,1,,159180325,LevelMaxLevelSize
baseline_run1,baseline,2026/04/15-06:39:34.430081,3,4,2,1,1,,154479080,LevelMaxLevelSize
baseline_run1,baseline,2026/04/15-06:39:34.430089,3,4,2,1,1,,154844678,LevelMaxLevelSize
baseline_run1,baseline,2026/04/15-06:39:34.430092,3,4,2,1,1,,153902399,LevelMaxLevelSize
baseline_run1,baseline,2026/04/15-06:39:34.430093,3,4,2,1,1,,158808367,LevelMaxLevelSize
baseline_run1,baseline,2026/04/15-06:39:34.430093,3,4,2,1,1,,153800657,LevelMaxLevelSize
baseline_run1,baseline,2026/04/15-06:39:34.430097,3,4,3,1,2,,200553921,LevelMaxLevelSize
baseline_run1,baseline,2026/04/15-06:39:34.432306,3,4,2,1,1,,150960057,LevelMaxLevelSize
baseline_run1,baseline,2026/04/15-06:39:34.432308,3,4,2,1,1,,152479017,LevelMaxLevelSize
baseline_run1,baseline,2026/04/15-06:39:34.432313,3,4,2,1,1,,153400700,LevelMaxLevelSize
baseline_run1,baseline,2026/04/15-06:39:34.432316,3,4,2,1,1,,145691060,LevelMaxLevelSize
baseline_run1,baseline,2026/04/15-06:39:34.509382,0,1,4,4,0,,263105410,LevelL0FilesNum
baseline_run1,baseline,2026/04/15-06:39:34.603574,3,4,2,1,1,,149892089,LevelMaxLevelSize
baseline_run1,baseline,2026/04/15-06:39:34.603574,3,4,2,1,1,,149475326,LevelMaxLevelSize
baseline_run1,baseline,2026/04/15-06:39:34.603579,3,4,3,2,1,,164963503,LevelMaxLevelSize
baseline_run1,baseline,2026/04/15-06:39:34.603584,3,4,2,1,1,,149195775,LevelMaxLevelSize
baseline_run1,baseline,2026/04/15-06:39:34.721844,3,4,2,1,1,,147075062,LevelMaxLevelSize
baseline_run1,baseline,2026/04/15-06:39:34.721846,3,4,3,1,2,,162399850,LevelMaxLevelSize
baseline_run1,baseline,2026/04/15-06:39:34.721977,3,4,2,1,1,,145359096,LevelMaxLevelSize
baseline_run1,baseline,2026/04/15-06:39:34.721978,3,4,2,1,1,,145186310,LevelMaxLevelSize
baseline_run1,baseline,2026/04/15-06:39:34.722121,3,4,3,1,2,,145731952,LevelMaxLevelSize
baseline_run1,baseline,2026/04/15-06:39:34.722182,3,4,2,1,1,,144975121,LevelMaxLevelSize
baseline_run1,baseline,2026/04/15-06:39:34.722185,3,4,2,1,1,,145106327,LevelMaxLevelSize
baseline_run1,baseline,2026/04/15-06:39:34.722185,3,4,2,1,1,,144996169,LevelMaxLevelSize
baseline_run1,baseline,2026/04/15-06:39:34.726099,3,4,2,1,1,,120004171,LevelMaxLevelSize
baseline_run1,baseline,2026/04/15-06:39:34.726977,3,4,2,1,1,,144777114,LevelMaxLevelSize
baseline_run1,baseline,2026/04/15-06:39:34.776140,3,4,2,1,1,,160401418,LevelMaxLevelSize
baseline_run1,baseline,2026/04/15-06:39:34.776142,3,4,2,1,1,,159581373,LevelMaxLevelSize
baseline_run1,baseline,2026/04/15-06:39:34.776244,3,4,2,1,1,,159796752,LevelMaxLevelSize
baseline_run1,baseline,2026/04/15-06:39:34.776307,3,4,2,1,1,,144855964,LevelMaxLevelSize
baseline_run1,baseline,2026/04/15-06:39:34.776313,3,4,3,1,2,,203610515,LevelMaxLevelSize
baseline_run1,baseline,2026/04/15-06:39:34.776335,3,4,2,1,1,,144703009,LevelMaxLevelSize
baseline_run1,baseline,2026/04/15-06:39:34.945680,0,1,4,4,0,,263124597,LevelL0FilesNum
baseline_run1,baseline,2026/04/15-06:39:35.027721,3,4,3,1,2,,198825906,LevelMaxLevelSize
baseline_run1,baseline,2026/04/15-06:39:35.027852,3,4,2,1,1,,144642831,LevelMaxLevelSize
baseline_run1,baseline,2026/04/15-06:39:35.027926,3,4,2,1,1,,144615106,LevelMaxLevelSize
baseline_run1,baseline,2026/04/15-06:39:35.028101,3,4,2,1,1,,144658470,LevelMaxLevelSize
baseline_run1,baseline,2026/04/15-06:39:35.028104,3,4,2,1,1,,113693111,LevelMaxLevelSize
baseline_run1,baseline,2026/04/15-06:39:35.028106,3,4,2,1,1,,144551415,LevelMaxLevelSize
baseline_run1,baseline,2026/04/15-06:39:35.028115,3,4,2,1,1,,144609569,LevelMaxLevelSize
baseline_run1,baseline,2026/04/15-06:39:35.028116,3,4,2,1,1,,144534108,LevelMaxLevelSize
baseline_run1,baseline,2026/04/15-06:39:35.348726,0,1,4,4,0,,263091452,LevelL0FilesNum
baseline_run1,baseline,2026/04/15-06:39:35.710523,0,1,35,11,24,,5671667310,LevelL0FilesNum
baseline_run1,baseline,2026/04/15-06:39:36.027428,0,1,4,4,0,,263102609,LevelL0FilesNum
baseline_run1,baseline,2026/04/15-06:39:36.416536,0,1,4,4,0,,263099617,LevelL0FilesNum
baseline_run1,baseline,2026/04/15-06:39:36.810584,0,1,4,4,0,,263129529,LevelL0FilesNum
baseline_run1,baseline,2026/04/15-06:39:37.280904,0,1,4,4,0,,263096648,LevelL0FilesNum
baseline_run1,baseline,2026/04/15-06:39:37.863516,0,1,4,4,0,,263110928,LevelL0FilesNum
baseline_run1,baseline,2026/04/15-06:39:38.231784,0,1,6,6,0,,1380774705,LevelL0FilesNum
baseline_run1,baseline,2026/04/15-06:39:40.204633,0,1,4,4,0,,263119269,LevelL0FilesNum
baseline_run1,baseline,2026/04/15-06:39:40.595183,0,1,4,4,0,,263117112,LevelL0FilesNum
baseline_run1,baseline,2026/04/15-06:39:41.067288,0,1,4,4,0,,263090191,LevelL0FilesNum
baseline_run1,baseline,2026/04/15-06:39:41.631370,0,1,4,4,0,,263093185,LevelL0FilesNum
baseline_run1,baseline,2026/04/15-06:39:42.007598,0,1,5,5,0,,1117740738,LevelL0FilesNum
baseline_run1,baseline,2026/04/15-06:39:43.651981,0,1,4,4,0,,263117158,LevelL0FilesNum
baseline_run1,baseline,2026/04/15-06:39:44.164148,1,2,2,1,1,,184577587,LevelMaxLevelSize
baseline_run1,baseline,2026/04/15-06:39:44.164401,1,2,2,1,1,,170355072,LevelMaxLevelSize
baseline_run1,baseline,2026/04/15-06:39:44.164427,1,2,2,1,1,,186176124,LevelMaxLevelSize
baseline_run1,baseline,2026/04/15-06:39:44.164431,1,2,2,1,1,,167330446,LevelMaxLevelSize
baseline_run1,baseline,2026/04/15-06:39:44.164438,1,2,2,1,1,,131574017,LevelMaxLevelSize
baseline_run1,baseline,2026/04/15-06:39:44.164451,1,2,3,2,1,,282517711,LevelMaxLevelSize
baseline_run1,baseline,2026/04/15-06:39:44.164455,1,2,3,2,1,,355272298,LevelMaxLevelSize
baseline_run1,baseline,2026/04/15-06:39:44.164456,1,2,2,1,1,,92709216,LevelMaxLevelSize
baseline_run1,baseline,2026/04/15-06:39:44.164463,1,2,2,1,1,,67596279,LevelMaxLevelSize
baseline_run1,baseline,2026/04/15-06:39:44.169582,2,3,5,1,4,,235748662,LevelMaxLevelSize
baseline_run1,baseline,2026/04/15-06:39:44.169593,2,3,4,1,3,,320347406,LevelMaxLevelSize
baseline_run1,baseline,2026/04/15-06:39:44.169584,2,3,2,1,1,,109491912,LevelMaxLevelSize
baseline_run1,baseline,2026/04/15-06:39:44.169601,2,3,4,1,3,,232608515,LevelMaxLevelSize
baseline_run1,baseline,2026/04/15-06:39:44.169637,2,3,3,1,2,,184322449,LevelMaxLevelSize
baseline_run1,baseline,2026/04/15-06:39:44.169648,2,3,2,1,1,,164191771,LevelMaxLevelSize
baseline_run1,baseline,2026/04/15-06:39:44.169654,2,3,5,1,4,,436145000,LevelMaxLevelSize
baseline_run1,baseline,2026/04/15-06:39:44.169729,2,3,3,1,2,,176861019,LevelMaxLevelSize
baseline_run1,baseline,2026/04/15-06:39:44.169744,2,3,2,1,1,,171687807,LevelMaxLevelSize
baseline_run1,baseline,2026/04/15-06:39:44.170025,2,3,4,1,3,,296057891,LevelMaxLevelSize
baseline_run1,baseline,2026/04/15-06:39:44.170037,2,3,9,1,8,,647284761,LevelMaxLevelSize
baseline_run1,baseline,2026/04/15-06:39:44.170039,2,3,12,1,11,,689401064,LevelMaxLevelSize
baseline_run1,baseline,2026/04/15-06:39:44.170041,2,3,8,1,7,,537460537,LevelMaxLevelSize
baseline_run1,baseline,2026/04/15-06:39:44.170110,2,3,13,1,12,,804791759,LevelMaxLevelSize
baseline_run1,baseline,2026/04/15-06:39:44.170178,2,3,9,1,8,,612666555,LevelMaxLevelSize
baseline_run1,baseline,2026/04/15-06:39:44.170182,2,3,8,1,7,,710865054,LevelMaxLevelSize
baseline_run1,baseline,2026/04/15-06:39:44.301101,2,3,4,1,3,,254399051,LevelMaxLevelSize
baseline_run1,baseline,2026/04/15-06:39:44.350335,2,3,14,1,13,,839807397,LevelMaxLevelSize
baseline_run1,baseline,2026/04/15-06:39:44.435093,2,3,2,1,1,,75982051,LevelMaxLevelSize
baseline_run1,baseline,2026/04/15-06:39:44.511575,2,3,2,1,1,,183071603,LevelMaxLevelSize
baseline_run1,baseline,2026/04/15-06:39:44.511659,2,3,7,1,6,,463096956,LevelMaxLevelSize
baseline_run1,baseline,2026/04/15-06:39:44.511668,2,3,3,1,2,,319810695,LevelMaxLevelSize
baseline_run1,baseline,2026/04/15-06:39:44.516285,2,3,5,1,4,,268935673,LevelMaxLevelSize
baseline_run1,baseline,2026/04/15-06:39:44.516295,2,3,4,1,3,,192705011,LevelMaxLevelSize
baseline_run1,baseline,2026/04/15-06:39:44.516316,2,3,6,1,5,,307774841,LevelMaxLevelSize
baseline_run1,baseline,2026/04/15-06:39:44.542105,2,3,11,1,10,,740294078,LevelMaxLevelSize
baseline_run1,baseline,2026/04/15-06:39:44.542157,2,3,10,1,9,,694860198,LevelMaxLevelSize
baseline_run1,baseline,2026/04/15-06:39:44.548017,2,3,2,1,1,,203902611,LevelMaxLevelSize
baseline_run1,baseline,2026/04/15-06:39:44.548018,2,3,6,1,5,,396199643,LevelMaxLevelSize
baseline_run1,baseline,2026/04/15-06:39:44.548021,2,3,4,1,3,,254061811,LevelMaxLevelSize
baseline_run1,baseline,2026/04/15-06:39:44.589276,0,1,4,4,0,,263122575,LevelL0FilesNum
baseline_run1,baseline,2026/04/15-06:39:44.761730,2,3,2,1,1,,126302605,LevelMaxLevelSize
baseline_run1,baseline,2026/04/15-06:39:44.761730,2,3,2,1,1,,201018765,LevelMaxLevelSize
baseline_run1,baseline,2026/04/15-06:39:44.761866,2,3,6,1,5,,422768592,LevelMaxLevelSize
baseline_run1,baseline,2026/04/15-06:39:44.761879,2,3,4,1,3,,427949638,LevelMaxLevelSize
baseline_run1,baseline,2026/04/15-06:39:44.910377,2,3,2,1,1,,103970700,LevelMaxLevelSize
baseline_run1,baseline,2026/04/15-06:39:44.910604,2,3,2,1,1,,115695725,LevelMaxLevelSize
baseline_run1,baseline,2026/04/15-06:39:44.910604,2,3,2,1,1,,98230009,LevelMaxLevelSize
baseline_run1,baseline,2026/04/15-06:39:44.910671,2,3,3,1,2,,177110842,LevelMaxLevelSize
baseline_run1,baseline,2026/04/15-06:39:44.910813,2,3,4,1,3,,330078670,LevelMaxLevelSize
baseline_run1,baseline,2026/04/15-06:39:44.910815,2,3,2,1,1,,136341304,LevelMaxLevelSize
baseline_run1,baseline,2026/04/15-06:39:45.011112,0,1,4,4,0,,263123295,LevelL0FilesNum
baseline_run1,baseline,2026/04/15-06:39:45.421159,0,1,4,4,0,,263128459,LevelL0FilesNum
baseline_run1,baseline,2026/04/15-06:39:45.697693,3,4,3,2,1,,230762808,LevelMaxLevelSize
baseline_run1,baseline,2026/04/15-06:39:45.697761,3,4,2,1,1,,164492730,LevelMaxLevelSize
baseline_run1,baseline,2026/04/15-06:39:45.697767,3,4,2,1,1,,165177423,LevelMaxLevelSize
baseline_run1,baseline,2026/04/15-06:39:45.697880,3,4,3,1,2,,168235418,LevelMaxLevelSize
baseline_run1,baseline,2026/04/15-06:39:45.817248,3,4,3,1,2,,205283968,LevelMaxLevelSize
baseline_run1,baseline,2026/04/15-06:39:45.817256,3,4,2,1,1,,153731801,LevelMaxLevelSize
baseline_run1,baseline,2026/04/15-06:39:45.817365,3,4,2,1,1,,153467166,LevelMaxLevelSize
baseline_run1,baseline,2026/04/15-06:39:45.817483,3,4,2,1,1,,122214997,LevelMaxLevelSize
baseline_run1,baseline,2026/04/15-06:39:45.817546,3,4,2,1,1,,149430373,LevelMaxLevelSize
baseline_run1,baseline,2026/04/15-06:39:45.817546,3,4,2,1,1,,149391053,LevelMaxLevelSize
baseline_run1,baseline,2026/04/15-06:39:45.817610,3,4,2,1,1,,149408593,LevelMaxLevelSize
baseline_run1,baseline,2026/04/15-06:39:45.817613,3,4,3,1,2,,166492680,LevelMaxLevelSize
baseline_run1,baseline,2026/04/15-06:39:45.823834,0,1,4,4,0,,263127371,LevelL0FilesNum
baseline_run1,baseline,2026/04/15-06:39:45.882567,3,4,2,1,1,,149369184,LevelMaxLevelSize
baseline_run1,baseline,2026/04/15-06:39:45.882570,3,4,2,1,1,,149335852,LevelMaxLevelSize
baseline_run1,baseline,2026/04/15-06:39:45.883074,3,4,2,1,1,,149276661,LevelMaxLevelSize
baseline_run1,baseline,2026/04/15-06:39:45.883077,3,4,2,1,1,,149015858,LevelMaxLevelSize
baseline_run1,baseline,2026/04/15-06:39:45.883087,3,4,2,1,1,,145200860,LevelMaxLevelSize
baseline_run1,baseline,2026/04/15-06:39:45.883089,3,4,2,1,1,,148874520,LevelMaxLevelSize
baseline_run1,baseline,2026/04/15-06:39:45.883102,3,4,2,1,1,,149003404,LevelMaxLevelSize
baseline_run1,baseline,2026/04/15-06:39:45.883103,3,4,2,1,1,,148064180,LevelMaxLevelSize
baseline_run1,baseline,2026/04/15-06:39:45.883105,3,4,2,1,1,,149104207,LevelMaxLevelSize
baseline_run1,baseline,2026/04/15-06:39:45.883112,3,4,2,1,1,,149171672,LevelMaxLevelSize
baseline_run1,baseline,2026/04/15-06:39:45.893753,3,4,2,1,1,,141067494,LevelMaxLevelSize
baseline_run1,baseline,2026/04/15-06:39:45.893816,3,4,2,1,1,,144906623,LevelMaxLevelSize
baseline_run1,baseline,2026/04/15-06:39:45.894038,3,4,2,1,1,,144763267,LevelMaxLevelSize
baseline_run1,baseline,2026/04/15-06:39:45.894039,3,4,2,1,1,,144577488,LevelMaxLevelSize
baseline_run1,baseline,2026/04/15-06:39:45.894046,3,4,2,1,1,,144774616,LevelMaxLevelSize
baseline_run1,baseline,2026/04/15-06:39:45.894048,3,4,3,1,2,,206899419,LevelMaxLevelSize
baseline_run1,baseline,2026/04/15-06:39:45.894165,3,4,2,1,1,,144549285,LevelMaxLevelSize
baseline_run1,baseline,2026/04/15-06:39:45.894247,3,4,2,1,1,,144443733,LevelMaxLevelSize
baseline_run1,baseline,2026/04/15-06:39:45.894247,3,4,2,1,1,,144449765,LevelMaxLevelSize
baseline_run1,baseline,2026/04/15-06:39:46.248415,0,1,4,4,0,,263106675,LevelL0FilesNum
baseline_run1,baseline,2026/04/15-06:39:46.619343,0,1,42,11,31,,6841587894,LevelL0FilesNum
baseline_run1,baseline,2026/04/15-06:39:46.928014,0,1,4,4,0,,263099342,LevelL0FilesNum
baseline_run1,baseline,2026/04/15-06:39:47.327349,0,1,4,4,0,,263118443,LevelL0FilesNum
baseline_run1,baseline,2026/04/15-06:39:47.717705,0,1,4,4,0,,263122151,LevelL0FilesNum
baseline_run1,baseline,2026/04/15-06:39:48.181003,0,1,4,4,0,,263124595,LevelL0FilesNum
baseline_run1,baseline,2026/04/15-06:39:48.751254,0,1,4,4,0,,263110842,LevelL0FilesNum
baseline_run1,baseline,2026/04/15-06:39:49.121537,0,1,6,6,0,,1380819768,LevelL0FilesNum
baseline_run1,baseline,2026/04/15-06:39:56.523988,1,2,2,1,1,,161909031,LevelMaxLevelSize
baseline_run1,baseline,2026/04/15-06:39:56.523990,1,2,2,1,1,,163859070,LevelMaxLevelSize
baseline_run1,baseline,2026/04/15-06:39:56.524233,1,2,2,1,1,,81993437,LevelMaxLevelSize
baseline_run1,baseline,2026/04/15-06:39:56.524305,1,2,2,1,1,,197844548,LevelMaxLevelSize
baseline_run1,baseline,2026/04/15-06:39:56.524454,1,2,3,2,1,,335134113,LevelMaxLevelSize
baseline_run1,baseline,2026/04/15-06:39:56.524459,1,2,2,1,1,,140797555,LevelMaxLevelSize
baseline_run1,baseline,2026/04/15-06:39:56.524462,1,2,2,1,1,,144498781,LevelMaxLevelSize
baseline_run1,baseline,2026/04/15-06:39:56.524469,1,2,2,1,1,,202280105,LevelMaxLevelSize
baseline_run1,baseline,2026/04/15-06:39:56.524729,1,2,2,1,1,,151131259,LevelMaxLevelSize
baseline_run1,baseline,2026/04/15-06:39:56.524925,1,2,2,1,1,,198265523,LevelMaxLevelSize
baseline_run1,baseline,2026/04/15-06:39:56.524934,1,2,3,2,1,,267449878,LevelMaxLevelSize
baseline_run1,baseline,2026/04/15-06:39:56.524938,1,2,2,1,1,,229680821,LevelMaxLevelSize
baseline_run1,baseline,2026/04/15-06:39:56.524950,1,2,2,1,1,,109836623,LevelMaxLevelSize
baseline_run1,baseline,2026/04/15-06:39:56.525366,1,2,2,1,1,,245391208,LevelMaxLevelSize
baseline_run1,baseline,2026/04/15-06:39:56.525366,1,2,2,1,1,,184244497,LevelMaxLevelSize
baseline_run1,baseline,2026/04/15-06:39:56.525369,1,2,2,1,1,,156994392,LevelMaxLevelSize
baseline_run1,baseline,2026/04/15-06:39:56.525375,1,2,2,1,1,,77354780,LevelMaxLevelSize
baseline_run1,baseline,2026/04/15-06:39:56.525385,1,2,2,1,1,,111586441,LevelMaxLevelSize
baseline_run1,baseline,2026/04/15-06:39:56.525443,1,2,2,1,1,,153520152,LevelMaxLevelSize
baseline_run1,baseline,2026/04/15-06:39:56.527437,1,2,2,1,1,,144031501,LevelMaxLevelSize
baseline_run1,baseline,2026/04/15-06:39:56.527440,1,2,2,1,1,,81884396,LevelMaxLevelSize
baseline_run1,baseline,2026/04/15-06:39:56.527675,1,2,3,1,2,,159878111,LevelMaxLevelSize
baseline_run1,baseline,2026/04/15-06:39:56.527681,1,2,2,1,1,,155850901,LevelMaxLevelSize
baseline_run1,baseline,2026/04/15-06:39:56.527835,2,3,3,1,2,,173965576,LevelMaxLevelSize
baseline_run1,baseline,2026/04/15-06:39:56.527835,1,2,5,4,1,,568902341,LevelMaxLevelSize
baseline_run1,baseline,2026/04/15-06:39:56.527995,2,3,3,1,2,,169629286,LevelMaxLevelSize
baseline_run1,baseline,2026/04/15-06:39:56.527995,2,3,4,1,3,,339483571,LevelMaxLevelSize
baseline_run1,baseline,2026/04/15-06:39:56.528167,2,3,4,1,3,,212967347,LevelMaxLevelSize
baseline_run1,baseline,2026/04/15-06:39:56.528168,2,3,2,1,1,,114772718,LevelMaxLevelSize
baseline_run1,baseline,2026/04/15-06:39:56.528371,2,3,5,1,4,,420583110,LevelMaxLevelSize
baseline_run1,baseline,2026/04/15-06:39:56.528444,2,3,6,1,5,,429742814,LevelMaxLevelSize
baseline_run1,baseline,2026/04/15-06:39:56.528546,2,3,6,1,5,,484418481,LevelMaxLevelSize
baseline_run1,baseline,2026/04/15-06:39:56.528667,2,3,6,1,5,,493971014,LevelMaxLevelSize
baseline_run1,baseline,2026/04/15-06:39:56.528695,2,3,7,1,6,,562829449,LevelMaxLevelSize
baseline_run1,baseline,2026/04/15-06:39:56.720813,2,3,2,1,1,,82500282,LevelMaxLevelSize
baseline_run1,baseline,2026/04/15-06:39:56.720817,2,3,3,1,2,,181517522,LevelMaxLevelSize
baseline_run1,baseline,2026/04/15-06:39:56.720885,2,3,9,1,8,,606934619,LevelMaxLevelSize
baseline_run1,baseline,2026/04/15-06:39:56.735397,2,3,7,2,5,,379280695,LevelMaxLevelSize
baseline_run1,baseline,2026/04/15-06:39:56.790457,2,3,4,1,3,,286179723,LevelMaxLevelSize
baseline_run1,baseline,2026/04/15-06:39:56.796741,2,3,4,1,3,,255390277,LevelMaxLevelSize
baseline_run1,baseline,2026/04/15-06:39:56.796821,2,3,3,1,2,,201977438,LevelMaxLevelSize
baseline_run1,baseline,2026/04/15-06:39:56.823426,0,1,5,5,0,,328897258,LevelL0FilesNum
baseline_run1,baseline,2026/04/15-06:39:56.873188,2,3,2,1,1,,91468664,LevelMaxLevelSize
baseline_run1,baseline,2026/04/15-06:39:56.879723,2,3,3,1,2,,181666245,LevelMaxLevelSize
baseline_run1,baseline,2026/04/15-06:39:56.880673,2,3,4,1,3,,248622330,LevelMaxLevelSize
baseline_run1,baseline,2026/04/15-06:39:56.897044,2,3,3,1,2,,182670779,LevelMaxLevelSize
baseline_run1,baseline,2026/04/15-06:39:56.899038,2,3,3,1,2,,188226691,LevelMaxLevelSize
baseline_run1,baseline,2026/04/15-06:39:56.903326,2,3,4,1,3,,244133063,LevelMaxLevelSize
baseline_run1,baseline,2026/04/15-06:39:56.905385,2,3,2,1,1,,89071542,LevelMaxLevelSize
baseline_run1,baseline,2026/04/15-06:39:56.909849,2,3,3,1,2,,181308052,LevelMaxLevelSize
baseline_run1,baseline,2026/04/15-06:39:56.911583,2,3,3,1,2,,185695508,LevelMaxLevelSize
baseline_run1,baseline,2026/04/15-06:39:56.924895,2,3,4,1,3,,223808255,LevelMaxLevelSize
baseline_run1,baseline,2026/04/15-06:39:56.937345,2,3,4,1,3,,232345055,LevelMaxLevelSize
baseline_run1,baseline,2026/04/15-06:39:56.942306,2,3,5,1,4,,325592924,LevelMaxLevelSize
baseline_run1,baseline,2026/04/15-06:39:56.951481,2,3,9,1,8,,645408744,LevelMaxLevelSize
baseline_run1,baseline,2026/04/15-06:39:56.965583,2,3,4,1,3,,303480248,LevelMaxLevelSize
baseline_run1,baseline,2026/04/15-06:39:56.994648,2,3,3,1,2,,226633384,LevelMaxLevelSize
baseline_run1,baseline,2026/04/15-06:39:56.998368,2,3,3,1,2,,181135545,LevelMaxLevelSize
baseline_run1,baseline,2026/04/15-06:39:57.003928,2,3,3,1,2,,195903361,LevelMaxLevelSize
baseline_run1,baseline,2026/04/15-06:39:57.049782,2,3,4,1,3,,281649727,LevelMaxLevelSize
baseline_run1,baseline,2026/04/15-06:39:57.080881,2,3,3,1,2,,143294123,LevelMaxLevelSize
baseline_run1,baseline,2026/04/15-06:39:57.093834,2,3,3,1,2,,182722845,LevelMaxLevelSize
baseline_run1,baseline,2026/04/15-06:39:57.123983,2,3,5,1,4,,373839251,LevelMaxLevelSize
baseline_run1,baseline,2026/04/15-06:39:57.128026,2,3,4,1,3,,217980942,LevelMaxLevelSize
baseline_run1,baseline,2026/04/15-06:39:57.170826,2,3,3,1,2,,170398995,LevelMaxLevelSize
baseline_run1,baseline,2026/04/15-06:39:57.184454,2,3,3,1,2,,240898677,LevelMaxLevelSize
baseline_run1,baseline,2026/04/15-06:39:57.283097,2,3,2,1,1,,150992099,LevelMaxLevelSize
baseline_run1,baseline,2026/04/15-06:39:57.317585,0,1,4,4,0,,263116032,LevelL0FilesNum
baseline_run1,baseline,2026/04/15-06:39:57.327906,2,3,2,1,1,,116522630,LevelMaxLevelSize
baseline_run1,baseline,2026/04/15-06:39:57.344503,2,3,3,1,2,,225000393,LevelMaxLevelSize
baseline_run1,baseline,2026/04/15-06:39:57.346302,2,3,3,1,2,,153429958,LevelMaxLevelSize
baseline_run1,baseline,2026/04/15-06:39:57.347427,2,3,3,1,2,,186893831,LevelMaxLevelSize
baseline_run1,baseline,2026/04/15-06:39:57.356539,2,3,3,1,2,,183223252,LevelMaxLevelSize
baseline_run1,baseline,2026/04/15-06:39:57.357812,2,3,4,1,3,,267238459,LevelMaxLevelSize
baseline_run1,baseline,2026/04/15-06:39:57.425910,2,3,4,2,2,,176344035,LevelMaxLevelSize
baseline_run1,baseline,2026/04/15-06:39:57.430778,2,3,3,1,2,,224817082,LevelMaxLevelSize
baseline_run1,baseline,2026/04/15-06:39:57.433246,2,3,3,1,2,,185004424,LevelMaxLevelSize
baseline_run1,baseline,2026/04/15-06:39:57.473897,2,3,3,1,2,,203997452,LevelMaxLevelSize
baseline_run1,baseline,2026/04/15-06:39:57.475888,2,3,4,1,3,,249729899,LevelMaxLevelSize
baseline_run1,baseline,2026/04/15-06:39:57.481185,2,3,4,1,3,,306639103,LevelMaxLevelSize
baseline_run1,baseline,2026/04/15-06:39:57.482237,2,3,4,1,3,,164698646,LevelMaxLevelSize
baseline_run1,baseline,2026/04/15-06:39:57.502940,2,3,2,1,1,,109689737,LevelMaxLevelSize
baseline_run1,baseline,2026/04/15-06:39:57.530900,2,3,5,1,4,,377417529,LevelMaxLevelSize
baseline_run1,baseline,2026/04/15-06:39:57.532364,2,3,2,1,1,,75553680,LevelMaxLevelSize
baseline_run1,baseline,2026/04/15-06:39:57.534003,2,3,5,1,4,,299470900,LevelMaxLevelSize
baseline_run1,baseline,2026/04/15-06:39:57.542753,2,3,6,1,5,,391317693,LevelMaxLevelSize
baseline_run1,baseline,2026/04/15-06:39:57.562794,2,3,6,2,4,,447665079,LevelMaxLevelSize
baseline_run1,baseline,2026/04/15-06:39:57.599279,2,3,10,1,9,,674181001,LevelMaxLevelSize
baseline_run1,baseline,2026/04/15-06:39:57.607181,2,3,5,1,4,,319655802,LevelMaxLevelSize
baseline_run1,baseline,2026/04/15-06:39:57.608567,2,3,4,1,3,,286498782,LevelMaxLevelSize
baseline_run1,baseline,2026/04/15-06:39:57.638002,2,3,6,1,5,,392403984,LevelMaxLevelSize
baseline_run1,baseline,2026/04/15-06:39:57.659416,2,3,2,1,1,,93067325,LevelMaxLevelSize
baseline_run1,baseline,2026/04/15-06:39:57.662727,2,3,2,1,1,,58932269,LevelMaxLevelSize
baseline_run1,baseline,2026/04/15-06:39:57.680135,2,3,6,1,5,,375222653,LevelMaxLevelSize
baseline_run1,baseline,2026/04/15-06:39:57.703460,2,3,7,1,6,,553884504,LevelMaxLevelSize
baseline_run1,baseline,2026/04/15-06:39:57.785505,0,1,4,4,0,,263129448,LevelL0FilesNum
baseline_run1,baseline,2026/04/15-06:39:57.875686,2,3,2,1,1,,120547276,LevelMaxLevelSize
baseline_run1,baseline,2026/04/15-06:39:57.875891,2,3,3,1,2,,185841684,LevelMaxLevelSize
baseline_run1,baseline,2026/04/15-06:39:57.875899,2,3,3,1,2,,162691827,LevelMaxLevelSize
baseline_run1,baseline,2026/04/15-06:39:57.875900,2,3,3,1,2,,184342399,LevelMaxLevelSize
baseline_run1,baseline,2026/04/15-06:39:57.876095,2,3,3,1,2,,184421687,LevelMaxLevelSize
baseline_run1,baseline,2026/04/15-06:39:57.876159,2,3,3,1,2,,182189176,LevelMaxLevelSize
baseline_run1,baseline,2026/04/15-06:39:57.876161,2,3,2,1,1,,108833405,LevelMaxLevelSize
baseline_run1,baseline,2026/04/15-06:39:57.876167,2,3,2,1,1,,109237700,LevelMaxLevelSize
baseline_run1,baseline,2026/04/15-06:39:57.876171,2,3,3,1,2,,183672442,LevelMaxLevelSize
baseline_run1,baseline,2026/04/15-06:39:58.228615,3,4,2,1,1,,171209991,LevelMaxLevelSize
baseline_run1,baseline,2026/04/15-06:39:58.228622,3,4,2,1,1,,171027796,LevelMaxLevelSize
baseline_run1,baseline,2026/04/15-06:39:58.232565,3,4,2,1,1,,170873083,LevelMaxLevelSize
baseline_run1,baseline,2026/04/15-06:39:58.232572,3,4,2,1,1,,159116947,LevelMaxLevelSize
baseline_run1,baseline,2026/04/15-06:39:58.234428,0,1,4,4,0,,263099471,LevelL0FilesNum
baseline_run1,baseline,2026/04/15-06:39:58.238352,3,4,2,1,1,,157909548,LevelMaxLevelSize
baseline_run1,baseline,2026/04/15-06:39:58.239463,3,4,2,1,1,,155965749,LevelMaxLevelSize
baseline_run1,baseline,2026/04/15-06:39:58.239478,3,4,2,1,1,,156229403,LevelMaxLevelSize
baseline_run1,baseline,2026/04/15-06:39:58.240570,3,4,2,1,1,,155489567,LevelMaxLevelSize
baseline_run1,baseline,2026/04/15-06:39:58.240582,3,4,2,1,1,,155563700,LevelMaxLevelSize
baseline_run1,baseline,2026/04/15-06:39:58.240605,3,4,2,1,1,,127271914,LevelMaxLevelSize
baseline_run1,baseline,2026/04/15-06:39:58.261380,3,4,2,1,1,,155430396,LevelMaxLevelSize
baseline_run1,baseline,2026/04/15-06:39:58.261488,3,4,2,1,1,,155404481,LevelMaxLevelSize
baseline_run1,baseline,2026/04/15-06:39:58.261490,3,4,2,1,1,,155440806,LevelMaxLevelSize
baseline_run1,baseline,2026/04/15-06:39:58.309768,3,4,2,1,1,,116952502,LevelMaxLevelSize
baseline_run1,baseline,2026/04/15-06:39:58.309900,3,4,2,1,1,,155318507,LevelMaxLevelSize
baseline_run1,baseline,2026/04/15-06:39:58.309901,3,4,2,1,1,,72323624,LevelMaxLevelSize
baseline_run1,baseline,2026/04/15-06:39:58.309956,3,4,2,1,1,,155358771,LevelMaxLevelSize
baseline_run1,baseline,2026/04/15-06:39:58.309986,3,4,2,1,1,,155388818,LevelMaxLevelSize
baseline_run1,baseline,2026/04/15-06:39:58.365902,3,4,2,1,1,,155170884,LevelMaxLevelSize
baseline_run1,baseline,2026/04/15-06:39:58.365981,3,4,2,1,1,,155141712,LevelMaxLevelSize
baseline_run1,baseline,2026/04/15-06:39:58.366111,3,4,2,1,1,,155085694,LevelMaxLevelSize
baseline_run1,baseline,2026/04/15-06:39:58.366255,3,4,2,1,1,,155107573,LevelMaxLevelSize
baseline_run1,baseline,2026/04/15-06:39:58.366256,3,4,2,1,1,,155140813,LevelMaxLevelSize
baseline_run1,baseline,2026/04/15-06:39:58.387233,3,4,2,1,1,,155861603,LevelMaxLevelSize
baseline_run1,baseline,2026/04/15-06:39:58.387482,3,4,2,1,1,,155090926,LevelMaxLevelSize
baseline_run1,baseline,2026/04/15-06:39:58.387480,3,4,2,1,1,,155366340,LevelMaxLevelSize
baseline_run1,baseline,2026/04/15-06:39:58.387488,3,4,2,1,1,,155060637,LevelMaxLevelSize
baseline_run1,baseline,2026/04/15-06:39:58.387489,3,4,2,1,1,,152969195,LevelMaxLevelSize
baseline_run1,baseline,2026/04/15-06:39:58.387494,3,4,3,1,2,,215367385,LevelMaxLevelSize
baseline_run1,baseline,2026/04/15-06:39:58.436674,3,4,2,1,1,,154972255,LevelMaxLevelSize
baseline_run1,baseline,2026/04/15-06:39:58.436737,3,4,2,1,1,,126429341,LevelMaxLevelSize
baseline_run1,baseline,2026/04/15-06:39:58.442171,3,4,2,1,1,,155032487,LevelMaxLevelSize
baseline_run1,baseline,2026/04/15-06:39:58.474321,3,4,3,1,2,,193782576,LevelMaxLevelSize
baseline_run1,baseline,2026/04/15-06:39:58.499017,3,4,2,1,1,,154861022,LevelMaxLevelSize
baseline_run1,baseline,2026/04/15-06:39:58.512916,3,4,2,1,1,,154922563,LevelMaxLevelSize
baseline_run1,baseline,2026/04/15-06:39:58.561973,3,4,2,1,1,,98266225,LevelMaxLevelSize
baseline_run1,baseline,2026/04/15-06:39:58.565728,3,4,2,1,1,,150796712,LevelMaxLevelSize
baseline_run1,baseline,2026/04/15-06:39:58.569383,3,4,2,1,1,,154920325,LevelMaxLevelSize
baseline_run1,baseline,2026/04/15-06:39:58.570940,3,4,2,1,1,,154718953,LevelMaxLevelSize
baseline_run1,baseline,2026/04/15-06:39:58.573754,3,4,2,1,1,,154787277,LevelMaxLevelSize
baseline_run1,baseline,2026/04/15-06:39:58.591057,3,4,2,1,1,,154736550,LevelMaxLevelSize
baseline_run1,baseline,2026/04/15-06:39:58.593184,3,4,2,1,1,,154716809,LevelMaxLevelSize
baseline_run1,baseline,2026/04/15-06:39:58.594069,3,4,2,1,1,,154703452,LevelMaxLevelSize
baseline_run1,baseline,2026/04/15-06:39:58.697516,0,1,4,4,0,,263118320,LevelL0FilesNum
baseline_run1,baseline,2026/04/15-06:39:58.852257,3,4,2,1,1,,154703402,LevelMaxLevelSize
baseline_run1,baseline,2026/04/15-06:39:58.852259,3,4,2,1,1,,154686776,LevelMaxLevelSize
baseline_run1,baseline,2026/04/15-06:39:58.852260,3,4,2,1,1,,154606691,LevelMaxLevelSize
baseline_run1,baseline,2026/04/15-06:39:58.852432,3,4,2,1,1,,154642073,LevelMaxLevelSize
baseline_run1,baseline,2026/04/15-06:39:58.852433,3,4,2,1,1,,101916342,LevelMaxLevelSize
baseline_run1,baseline,2026/04/15-06:39:58.852436,3,4,2,1,1,,154513185,LevelMaxLevelSize
baseline_run1,baseline,2026/04/15-06:39:58.852510,3,4,2,1,1,,154319985,LevelMaxLevelSize
baseline_run1,baseline,2026/04/15-06:39:58.979867,3,4,2,1,1,,152037250,LevelMaxLevelSize
baseline_run1,baseline,2026/04/15-06:39:58.980150,3,4,3,1,2,,159609056,LevelMaxLevelSize
baseline_run1,baseline,2026/04/15-06:39:58.980155,3,4,2,1,1,,154063284,LevelMaxLevelSize
baseline_run1,baseline,2026/04/15-06:39:58.980158,3,4,2,1,1,,148438198,LevelMaxLevelSize
baseline_run1,baseline,2026/04/15-06:39:58.980166,3,4,2,1,1,,149997803,LevelMaxLevelSize
baseline_run1,baseline,2026/04/15-06:39:58.980178,3,4,3,1,2,,162904836,LevelMaxLevelSize
baseline_run1,baseline,2026/04/15-06:39:58.980184,3,4,3,1,2,,161684805,LevelMaxLevelSize
baseline_run1,baseline,2026/04/15-06:39:58.980192,3,4,2,1,1,,149006452,LevelMaxLevelSize
baseline_run1,baseline,2026/04/15-06:39:59.117541,0,1,4,4,0,,263110699,LevelL0FilesNum
baseline_run1,baseline,2026/04/15-06:39:59.499220,0,1,23,10,13,,4446235483,LevelL0FilesNum
baseline_run1,baseline,2026/04/15-06:39:59.804175,0,1,4,4,0,,263104671,LevelL0FilesNum
baseline_run1,baseline,2026/04/15-06:40:00.190094,0,1,4,4,0,,263107855,LevelL0FilesNum
baseline_run1,baseline,2026/04/15-06:40:00.578501,0,1,4,4,0,,263097672,LevelL0FilesNum
baseline_run1,baseline,2026/04/15-06:40:00.963843,0,1,4,4,0,,263093264,LevelL0FilesNum
baseline_run1,baseline,2026/04/15-06:40:01.440679,0,1,4,4,0,,263106826,LevelL0FilesNum
baseline_run1,baseline,2026/04/15-06:40:01.998703,0,1,4,4,0,,263108864,LevelL0FilesNum
baseline_run1,baseline,2026/04/15-06:40:02.364258,0,1,7,7,0,,1643648556,LevelL0FilesNum
baseline_run1,baseline,2026/04/15-06:40:04.332880,0,1,4,4,0,,263122438,LevelL0FilesNum
baseline_run1,baseline,2026/04/15-06:40:05.195245,0,1,4,4,0,,263112173,LevelL0FilesNum
baseline_run1,baseline,2026/04/15-06:40:05.601049,0,1,4,4,0,,263099857,LevelL0FilesNum
baseline_run1,baseline,2026/04/15-06:40:06.090290,0,1,4,4,0,,263114972,LevelL0FilesNum
baseline_run1,baseline,2026/04/15-06:40:06.165154,1,2,1,1,0,,134399067,LevelMaxLevelSize
baseline_run1,baseline,2026/04/15-06:40:06.165495,1,2,2,1,1,,59068306,LevelMaxLevelSize
baseline_run1,baseline,2026/04/15-06:40:06.165508,1,2,2,1,1,,149238407,LevelMaxLevelSize
baseline_run1,baseline,2026/04/15-06:40:06.165661,1,2,2,1,1,,107636612,LevelMaxLevelSize
baseline_run1,baseline,2026/04/15-06:40:06.165668,1,2,2,1,1,,75601901,LevelMaxLevelSize
baseline_run1,baseline,2026/04/15-06:40:06.165676,1,2,2,1,1,,198683649,LevelMaxLevelSize
baseline_run1,baseline,2026/04/15-06:40:06.169374,2,3,2,1,1,,109319600,LevelMaxLevelSize
baseline_run1,baseline,2026/04/15-06:40:06.169406,2,3,7,1,6,,394688197,LevelMaxLevelSize
baseline_run1,baseline,2026/04/15-06:40:06.169454,2,3,5,1,4,,429923702,LevelMaxLevelSize
baseline_run1,baseline,2026/04/15-06:40:06.169467,2,3,5,1,4,,285860550,LevelMaxLevelSize
baseline_run1,baseline,2026/04/15-06:40:06.169511,2,3,7,1,6,,523649102,LevelMaxLevelSize
baseline_run1,baseline,2026/04/15-06:40:06.169541,2,3,10,1,9,,596088474,LevelMaxLevelSize
baseline_run1,baseline,2026/04/15-06:40:06.169566,2,3,4,1,3,,213839618,LevelMaxLevelSize
baseline_run1,baseline,2026/04/15-06:40:06.169815,2,3,7,1,6,,492365750,LevelMaxLevelSize
baseline_run1,baseline,2026/04/15-06:40:06.169883,2,3,4,1,3,,229538417,LevelMaxLevelSize
baseline_run1,baseline,2026/04/15-06:40:06.169897,2,3,8,1,7,,567307883,LevelMaxLevelSize
baseline_run1,baseline,2026/04/15-06:40:06.169909,2,3,9,1,8,,526042973,LevelMaxLevelSize
baseline_run1,baseline,2026/04/15-06:40:06.170130,2,3,4,1,3,,410219785,LevelMaxLevelSize
baseline_run1,baseline,2026/04/15-06:40:06.170134,2,3,5,1,4,,374347025,LevelMaxLevelSize
baseline_run1,baseline,2026/04/15-06:40:06.170134,2,3,4,1,3,,231765020,LevelMaxLevelSize
baseline_run1,baseline,2026/04/15-06:40:06.170139,2,3,3,1,2,,171199782,LevelMaxLevelSize
baseline_run1,baseline,2026/04/15-06:40:06.170149,2,3,2,1,1,,62234740,LevelMaxLevelSize
baseline_run1,baseline,2026/04/15-06:40:06.290315,2,3,3,1,2,,154012232,LevelMaxLevelSize
baseline_run1,baseline,2026/04/15-06:40:06.322905,2,3,7,1,6,,401349822,LevelMaxLevelSize
baseline_run1,baseline,2026/04/15-06:40:06.384913,2,3,3,1,2,,175848683,LevelMaxLevelSize
baseline_run1,baseline,2026/04/15-06:40:06.385029,2,3,4,1,3,,252957409,LevelMaxLevelSize
baseline_run1,baseline,2026/04/15-06:40:06.385142,2,3,2,1,1,,66298095,LevelMaxLevelSize
baseline_run1,baseline,2026/04/15-06:40:06.385186,2,3,12,1,11,,895005694,LevelMaxLevelSize
baseline_run1,baseline,2026/04/15-06:40:06.435733,2,3,4,1,3,,221573308,LevelMaxLevelSize
baseline_run1,baseline,2026/04/15-06:40:06.465076,2,3,6,1,5,,382127974,LevelMaxLevelSize
baseline_run1,baseline,2026/04/15-06:40:06.465097,2,3,11,1,10,,822716679,LevelMaxLevelSize
baseline_run1,baseline,2026/04/15-06:40:06.533277,0,1,4,4,0,,263084041,LevelL0FilesNum
baseline_run1,baseline,2026/04/15-06:40:06.571378,2,3,4,1,3,,211624838,LevelMaxLevelSize
baseline_run1,baseline,2026/04/15-06:40:06.571484,2,3,3,1,2,,271480110,LevelMaxLevelSize
baseline_run1,baseline,2026/04/15-06:40:06.571534,2,3,4,1,3,,283028698,LevelMaxLevelSize
baseline_run1,baseline,2026/04/15-06:40:06.959711,0,1,4,4,0,,263126712,LevelL0FilesNum
baseline_run1,baseline,2026/04/15-06:40:07.261159,3,4,2,1,1,,120498517,LevelMaxLevelSize
baseline_run1,baseline,2026/04/15-06:40:07.261168,3,4,2,1,1,,158774158,LevelMaxLevelSize
baseline_run1,baseline,2026/04/15-06:40:07.368185,0,1,4,4,0,,263128709,LevelL0FilesNum
baseline_run1,baseline,2026/04/15-06:40:07.754747,0,1,39,11,28,,6050771617,LevelL0FilesNum
baseline_run1,baseline,2026/04/15-06:40:07.833787,3,4,2,1,1,,171349906,LevelMaxLevelSize
baseline_run1,baseline,2026/04/15-06:40:07.833979,3,4,2,1,1,,158786638,LevelMaxLevelSize
baseline_run1,baseline,2026/04/15-06:40:07.834105,3,4,2,1,1,,158593240,LevelMaxLevelSize
baseline_run1,baseline,2026/04/15-06:40:07.834165,3,4,2,1,1,,151854346,LevelMaxLevelSize
baseline_run1,baseline,2026/04/15-06:40:07.834340,3,4,3,1,2,,135621912,LevelMaxLevelSize
baseline_run1,baseline,2026/04/15-06:40:07.834341,3,4,3,1,2,,160942170,LevelMaxLevelSize
baseline_run1,baseline,2026/04/15-06:40:07.834346,3,4,2,1,1,,147015721,LevelMaxLevelSize
baseline_run1,baseline,2026/04/15-06:40:07.834365,3,4,3,1,2,,160933760,LevelMaxLevelSize
baseline_run1,baseline,2026/04/15-06:40:07.834369,3,4,3,1,2,,192310241,LevelMaxLevelSize
baseline_run1,baseline,2026/04/15-06:40:07.896703,3,4,2,1,1,,144452654,LevelMaxLevelSize
baseline_run1,baseline,2026/04/15-06:40:07.896704,3,4,2,1,1,,144354844,LevelMaxLevelSize
baseline_run1,baseline,2026/04/15-06:40:07.896899,3,4,2,1,1,,144384130,LevelMaxLevelSize
baseline_run1,baseline,2026/04/15-06:40:07.897024,3,4,2,1,1,,144157754,LevelMaxLevelSize
baseline_run1,baseline,2026/04/15-06:40:07.897153,3,4,2,1,1,,144182430,LevelMaxLevelSize
baseline_run1,baseline,2026/04/15-06:40:07.897214,3,4,2,1,1,,143835382,LevelMaxLevelSize
baseline_run1,baseline,2026/04/15-06:40:07.897279,3,4,2,1,1,,142316238,LevelMaxLevelSize
baseline_run1,baseline,2026/04/15-06:40:07.897344,3,4,2,1,1,,143387608,LevelMaxLevelSize
baseline_run1,baseline,2026/04/15-06:40:07.897354,3,4,4,2,2,,271289453,LevelMaxLevelSize
baseline_run1,baseline,2026/04/15-06:40:07.897355,3,4,2,1,1,,142254951,LevelMaxLevelSize
baseline_run1,baseline,2026/04/15-06:40:07.897359,3,4,2,1,1,,143664239,LevelMaxLevelSize
baseline_run1,baseline,2026/04/15-06:40:07.897368,3,4,2,1,1,,142160678,LevelMaxLevelSize
baseline_run1,baseline,2026/04/15-06:40:08.074199,0,1,4,4,0,,263089534,LevelL0FilesNum
baseline_run1,baseline,2026/04/15-06:40:08.473284,0,1,4,4,0,,263094382,LevelL0FilesNum
baseline_run1,baseline,2026/04/15-06:40:08.867492,0,1,4,4,0,,263101627,LevelL0FilesNum
baseline_run1,baseline,2026/04/15-06:40:09.345388,0,1,4,4,0,,263109820,LevelL0FilesNum
baseline_run1,baseline,2026/04/15-06:40:09.915175,0,1,4,4,0,,263128377,LevelL0FilesNum
baseline_run1,baseline,2026/04/15-06:40:10.291178,0,1,6,6,0,,1380673128,LevelL0FilesNum
baseline_run1,baseline,2026/04/15-06:40:12.346972,0,1,4,4,0,,263100672,LevelL0FilesNum
baseline_run1,baseline,2026/04/15-06:40:12.746465,0,1,4,4,0,,263093416,LevelL0FilesNum
baseline_run1,baseline,2026/04/15-06:40:13.234048,0,1,4,4,0,,263083137,LevelL0FilesNum
baseline_run1,baseline,2026/04/15-06:40:15.285030,0,1,4,4,0,,854761715,LevelL0FilesNum
baseline_run1,baseline,2026/04/15-06:40:16.842107,1,2,2,1,1,,140285763,LevelMaxLevelSize
baseline_run1,baseline,2026/04/15-06:40:16.842168,1,2,2,1,1,,147683607,LevelMaxLevelSize
baseline_run1,baseline,2026/04/15-06:40:16.842503,1,2,2,1,1,,200040841,LevelMaxLevelSize
baseline_run1,baseline,2026/04/15-06:40:16.842506,1,2,2,1,1,,139627180,LevelMaxLevelSize
baseline_run1,baseline,2026/04/15-06:40:16.842503,1,2,2,1,1,,170510902,LevelMaxLevelSize
baseline_run1,baseline,2026/04/15-06:40:16.842745,1,2,2,1,1,,208537435,LevelMaxLevelSize
baseline_run1,baseline,2026/04/15-06:40:16.842998,1,2,4,2,2,,309387291,LevelMaxLevelSize
baseline_run1,baseline,2026/04/15-06:40:16.843001,1,2,2,1,1,,147741209,LevelMaxLevelSize
baseline_run1,baseline,2026/04/15-06:40:16.843118,1,2,2,1,1,,230419591,LevelMaxLevelSize
baseline_run1,baseline,2026/04/15-06:40:16.843128,1,2,2,1,1,,144328190,LevelMaxLevelSize
baseline_run1,baseline,2026/04/15-06:40:16.843129,1,2,2,1,1,,164738575,LevelMaxLevelSize
baseline_run1,baseline,2026/04/15-06:40:16.843244,1,2,2,1,1,,131720764,LevelMaxLevelSize
baseline_run1,baseline,2026/04/15-06:40:16.843258,1,2,4,1,3,,158498771,LevelMaxLevelSize
baseline_run1,baseline,2026/04/15-06:40:16.843448,1,2,2,1,1,,128623660,LevelMaxLevelSize
baseline_run1,baseline,2026/04/15-06:40:16.843454,1,2,2,1,1,,84024528,LevelMaxLevelSize
baseline_run1,baseline,2026/04/15-06:40:16.843573,1,2,3,2,1,,247100161,LevelMaxLevelSize
baseline_run1,baseline,2026/04/15-06:40:16.843583,1,2,2,1,1,,160749253,LevelMaxLevelSize
baseline_run1,baseline,2026/04/15-06:40:16.843584,1,2,2,1,1,,117740063,LevelMaxLevelSize
baseline_run1,baseline,2026/04/15-06:40:16.843592,1,2,2,1,1,,92282661,LevelMaxLevelSize
baseline_run1,baseline,2026/04/15-06:40:16.843594,1,2,2,1,1,,140777581,LevelMaxLevelSize
baseline_run1,baseline,2026/04/15-06:40:16.843595,1,2,2,1,1,,132786302,LevelMaxLevelSize
baseline_run1,baseline,2026/04/15-06:40:16.844481,1,2,2,1,1,,100826064,LevelMaxLevelSize
baseline_run1,baseline,2026/04/15-06:40:16.846044,2,3,4,1,3,,358445997,LevelMaxLevelSize
baseline_run1,baseline,2026/04/15-06:40:16.846404,2,3,6,1,5,,414526284,LevelMaxLevelSize
baseline_run1,baseline,2026/04/15-06:40:16.846421,2,3,6,1,5,,606205589,LevelMaxLevelSize
baseline_run1,baseline,2026/04/15-06:40:17.036648,2,3,3,1,2,,261603884,LevelMaxLevelSize
baseline_run1,baseline,2026/04/15-06:40:17.057992,2,3,3,2,1,,50478121,LevelMaxLevelSize
baseline_run1,baseline,2026/04/15-06:40:17.057997,2,3,8,1,7,,618797280,LevelMaxLevelSize
baseline_run1,baseline,2026/04/15-06:40:17.079145,2,3,4,1,3,,250584931,LevelMaxLevelSize
baseline_run1,baseline,2026/04/15-06:40:17.109567,2,3,6,1,5,,366869742,LevelMaxLevelSize
baseline_run1,baseline,2026/04/15-06:40:17.109574,2,3,7,1,6,,372088009,LevelMaxLevelSize
baseline_run1,baseline,2026/04/15-06:40:17.121989,2,3,7,1,6,,415110032,LevelMaxLevelSize
baseline_run1,baseline,2026/04/15-06:40:17.121992,2,3,4,1,3,,232843526,LevelMaxLevelSize
baseline_run1,baseline,2026/04/15-06:40:17.123315,2,3,9,1,8,,763412859,LevelMaxLevelSize
baseline_run1,baseline,2026/04/15-06:40:17.126665,2,3,3,1,2,,146119086,LevelMaxLevelSize
baseline_run1,baseline,2026/04/15-06:40:17.126687,2,3,12,1,11,,765781239,LevelMaxLevelSize
baseline_run1,baseline,2026/04/15-06:40:17.134580,2,3,12,1,11,,778694482,LevelMaxLevelSize
baseline_run1,baseline,2026/04/15-06:40:17.135972,2,3,4,1,3,,245629592,LevelMaxLevelSize
baseline_run1,baseline,2026/04/15-06:40:17.135996,2,3,3,1,2,,213526673,LevelMaxLevelSize
baseline_run1,baseline,2026/04/15-06:40:17.136211,2,3,4,1,3,,306295496,LevelMaxLevelSize
baseline_run1,baseline,2026/04/15-06:40:17.136225,2,3,3,1,2,,143711832,LevelMaxLevelSize
baseline_run1,baseline,2026/04/15-06:40:17.136237,2,3,6,1,5,,415048285,LevelMaxLevelSize
baseline_run1,baseline,2026/04/15-06:40:17.144246,2,3,6,1,5,,396913289,LevelMaxLevelSize
baseline_run1,baseline,2026/04/15-06:40:17.144266,2,3,3,1,2,,187898177,LevelMaxLevelSize
baseline_run1,baseline,2026/04/15-06:40:17.148963,2,3,4,1,3,,258031556,LevelMaxLevelSize
baseline_run1,baseline,2026/04/15-06:40:17.148974,2,3,2,1,1,,59606887,LevelMaxLevelSize
baseline_run1,baseline,2026/04/15-06:40:17.149079,2,3,5,1,4,,327748132,LevelMaxLevelSize
baseline_run1,baseline,2026/04/15-06:40:17.183475,2,3,5,1,4,,297514983,LevelMaxLevelSize
baseline_run1,baseline,2026/04/15-06:40:17.183675,2,3,3,1,2,,155640032,LevelMaxLevelSize
baseline_run1,baseline,2026/04/15-06:40:17.183681,2,3,8,2,6,,396459580,LevelMaxLevelSize
baseline_run1,baseline,2026/04/15-06:40:17.197711,2,3,2,1,1,,177668245,LevelMaxLevelSize
baseline_run1,baseline,2026/04/15-06:40:17.197713,2,3,3,1,2,,218181028,LevelMaxLevelSize
baseline_run1,baseline,2026/04/15-06:40:17.197756,2,3,4,1,3,,306280910,LevelMaxLevelSize
baseline_run1,baseline,2026/04/15-06:40:17.199135,2,3,2,1,1,,70019816,LevelMaxLevelSize
baseline_run1,baseline,2026/04/15-06:40:17.263879,2,3,3,1,2,,157691986,LevelMaxLevelSize
baseline_run1,baseline,2026/04/15-06:40:17.293715,2,3,3,1,2,,226910387,LevelMaxLevelSize
baseline_run1,baseline,2026/04/15-06:40:17.294873,2,3,4,1,3,,204314297,LevelMaxLevelSize
baseline_run1,baseline,2026/04/15-06:40:17.339301,2,3,2,1,1,,101821142,LevelMaxLevelSize
baseline_run1,baseline,2026/04/15-06:40:17.377134,0,1,4,4,0,,263121404,LevelL0FilesNum
baseline_run1,baseline,2026/04/15-06:40:17.397131,2,3,3,1,2,,260277622,LevelMaxLevelSize
baseline_run1,baseline,2026/04/15-06:40:17.474699,2,3,4,1,3,,211966311,LevelMaxLevelSize
baseline_run1,baseline,2026/04/15-06:40:17.477617,2,3,4,1,3,,221893071,LevelMaxLevelSize
baseline_run1,baseline,2026/04/15-06:40:17.543044,2,3,2,1,1,,162972710,LevelMaxLevelSize
baseline_run1,baseline,2026/04/15-06:40:17.550464,2,3,2,1,1,,195096777,LevelMaxLevelSize
baseline_run1,baseline,2026/04/15-06:40:17.579917,2,3,2,1,1,,194947944,LevelMaxLevelSize
baseline_run1,baseline,2026/04/15-06:40:17.597732,2,3,4,1,3,,280691747,LevelMaxLevelSize
baseline_run1,baseline,2026/04/15-06:40:17.633616,2,3,4,1,3,,210924223,LevelMaxLevelSize
baseline_run1,baseline,2026/04/15-06:40:17.638116,2,3,4,1,3,,281310144,LevelMaxLevelSize
baseline_run1,baseline,2026/04/15-06:40:17.639079,2,3,3,1,2,,196602819,LevelMaxLevelSize
baseline_run1,baseline,2026/04/15-06:40:17.655918,2,3,8,2,6,,578798501,LevelMaxLevelSize
baseline_run1,baseline,2026/04/15-06:40:17.657600,2,3,6,1,5,,399836068,LevelMaxLevelSize
baseline_run1,baseline,2026/04/15-06:40:17.673928,2,3,6,1,5,,399013166,LevelMaxLevelSize
baseline_run1,baseline,2026/04/15-06:40:17.843669,0,1,4,4,0,,263093068,LevelL0FilesNum
baseline_run1,baseline,2026/04/15-06:40:18.269696,0,1,4,4,0,,263122421,LevelL0FilesNum
baseline_run1,baseline,2026/04/15-06:40:18.406998,3,4,4,3,1,,263038230,LevelMaxLevelSize
baseline_run1,baseline,2026/04/15-06:40:18.409249,3,4,2,1,1,,101727122,LevelMaxLevelSize
baseline_run1,baseline,2026/04/15-06:40:18.409252,3,4,3,2,1,,264506850,LevelMaxLevelSize
baseline_run1,baseline,2026/04/15-06:40:18.625733,3,4,2,1,1,,163718429,LevelMaxLevelSize
baseline_run1,baseline,2026/04/15-06:40:18.625905,3,4,2,1,1,,158819932,LevelMaxLevelSize
baseline_run1,baseline,2026/04/15-06:40:18.625912,3,4,2,1,1,,107739557,LevelMaxLevelSize
baseline_run1,baseline,2026/04/15-06:40:18.625918,3,4,2,1,1,,163409850,LevelMaxLevelSize
baseline_run1,baseline,2026/04/15-06:40:18.626074,3,4,3,1,2,,194584774,LevelMaxLevelSize
baseline_run1,baseline,2026/04/15-06:40:18.626074,3,4,3,1,2,,223818541,LevelMaxLevelSize
baseline_run1,baseline,2026/04/15-06:40:18.626346,3,4,2,1,1,,152225213,LevelMaxLevelSize
baseline_run1,baseline,2026/04/15-06:40:18.626347,3,4,2,1,1,,146292443,LevelMaxLevelSize
baseline_run1,baseline,2026/04/15-06:40:18.638548,3,4,2,1,1,,142939860,LevelMaxLevelSize
baseline_run1,baseline,2026/04/15-06:40:18.638705,3,4,2,1,1,,144365518,LevelMaxLevelSize
baseline_run1,baseline,2026/04/15-06:40:18.638710,3,4,2,1,1,,142032857,LevelMaxLevelSize
baseline_run1,baseline,2026/04/15-06:40:18.638843,3,4,5,3,2,,342829338,LevelMaxLevelSize
baseline_run1,baseline,2026/04/15-06:40:18.638984,3,4,2,1,1,,141888466,LevelMaxLevelSize
baseline_run1,baseline,2026/04/15-06:40:18.638987,3,4,2,1,1,,141860131,LevelMaxLevelSize
baseline_run1,baseline,2026/04/15-06:40:18.638992,3,4,2,1,1,,141526956,LevelMaxLevelSize
baseline_run1,baseline,2026/04/15-06:40:18.639007,3,4,3,1,2,,176884368,LevelMaxLevelSize
baseline_run1,baseline,2026/04/15-06:40:18.653826,3,4,2,1,1,,141438469,LevelMaxLevelSize
baseline_run1,baseline,2026/04/15-06:40:18.653934,3,4,3,1,2,,207846316,LevelMaxLevelSize
baseline_run1,baseline,2026/04/15-06:40:18.654039,3,4,2,1,1,,141344835,LevelMaxLevelSize
baseline_run1,baseline,2026/04/15-06:40:18.654227,3,4,2,1,1,,139323063,LevelMaxLevelSize
baseline_run1,baseline,2026/04/15-06:40:18.654228,3,4,2,1,1,,140856545,LevelMaxLevelSize
baseline_run1,baseline,2026/04/15-06:40:18.654234,3,4,2,1,1,,140970045,LevelMaxLevelSize
baseline_run1,baseline,2026/04/15-06:40:18.654286,3,4,2,1,1,,140860811,LevelMaxLevelSize
baseline_run1,baseline,2026/04/15-06:40:18.654428,3,4,2,1,1,,139967175,LevelMaxLevelSize
baseline_run1,baseline,2026/04/15-06:40:18.654430,3,4,2,1,1,,140771605,LevelMaxLevelSize
baseline_run1,baseline,2026/04/15-06:40:18.654440,3,4,3,2,1,,176932529,LevelMaxLevelSize
baseline_run1,baseline,2026/04/15-06:40:18.672400,0,1,4,4,0,,263110007,LevelL0FilesNum
baseline_run1,baseline,2026/04/15-06:40:18.695683,3,4,2,1,1,,139469766,LevelMaxLevelSize
baseline_run1,baseline,2026/04/15-06:40:18.695753,3,4,3,1,2,,183173615,LevelMaxLevelSize
baseline_run1,baseline,2026/04/15-06:40:18.695937,3,4,2,1,1,,139025967,LevelMaxLevelSize
baseline_run1,baseline,2026/04/15-06:40:18.695940,3,4,2,1,1,,138565610,LevelMaxLevelSize
baseline_run1,baseline,2026/04/15-06:40:18.695952,3,4,2,1,1,,139267203,LevelMaxLevelSize
baseline_run1,baseline,2026/04/15-06:40:18.695958,3,4,2,1,1,,138911827,LevelMaxLevelSize
baseline_run1,baseline,2026/04/15-06:40:18.701742,3,4,2,1,1,,138457712,LevelMaxLevelSize
baseline_run1,baseline,2026/04/15-06:40:19.114660,0,1,4,4,0,,263101498,LevelL0FilesNum
baseline_run1,baseline,2026/04/15-06:40:19.484470,0,1,31,10,21,,5931707493,LevelL0FilesNum
baseline_run1,baseline,2026/04/15-06:40:19.796381,0,1,4,4,0,,263085234,LevelL0FilesNum
baseline_run1,baseline,2026/04/15-06:40:20.187013,0,1,4,4,0,,263089247,LevelL0FilesNum
baseline_run1,baseline,2026/04/15-06:40:20.574439,0,1,4,4,0,,263120188,LevelL0FilesNum
baseline_run1,baseline,2026/04/15-06:40:20.968316,0,1,4,4,0,,263130834,LevelL0FilesNum
baseline_run1,baseline,2026/04/15-06:40:21.454108,0,1,4,4,0,,263115132,LevelL0FilesNum
baseline_run1,baseline,2026/04/15-06:40:22.020757,0,1,4,4,0,,263102862,LevelL0FilesNum
baseline_run1,baseline,2026/04/15-06:40:22.403807,0,1,7,7,0,,1643701593,LevelL0FilesNum
baseline_run1,baseline,2026/04/15-06:40:24.774750,0,1,4,4,0,,263133760,LevelL0FilesNum
baseline_run1,baseline,2026/04/15-06:40:26.769472,0,1,4,4,0,,263101487,LevelL0FilesNum
baseline_run1,baseline,2026/04/15-06:40:28.209240,1,2,2,1,1,,142162631,LevelMaxLevelSize
baseline_run1,baseline,2026/04/15-06:40:28.209246,1,2,2,1,1,,148096062,LevelMaxLevelSize
baseline_run1,baseline,2026/04/15-06:40:28.209383,1,2,2,1,1,,153147826,LevelMaxLevelSize
baseline_run1,baseline,2026/04/15-06:40:28.209454,1,2,2,1,1,,84184837,LevelMaxLevelSize
baseline_run1,baseline,2026/04/15-06:40:28.209673,1,2,2,1,1,,121566673,LevelMaxLevelSize
baseline_run1,baseline,2026/04/15-06:40:28.209676,1,2,2,1,1,,207298301,LevelMaxLevelSize
baseline_run1,baseline,2026/04/15-06:40:28.209680,1,2,2,1,1,,171240025,LevelMaxLevelSize
baseline_run1,baseline,2026/04/15-06:40:28.209683,1,2,2,1,1,,198152057,LevelMaxLevelSize
baseline_run1,baseline,2026/04/15-06:40:28.209693,1,2,2,1,1,,130707831,LevelMaxLevelSize
baseline_run1,baseline,2026/04/15-06:40:28.209741,1,2,2,1,1,,158902936,LevelMaxLevelSize
baseline_run1,baseline,2026/04/15-06:40:28.209930,1,2,2,1,1,,114159058,LevelMaxLevelSize
baseline_run1,baseline,2026/04/15-06:40:28.209931,1,2,2,1,1,,164619593,LevelMaxLevelSize
baseline_run1,baseline,2026/04/15-06:40:28.211749,1,2,2,1,1,,246698504,LevelMaxLevelSize
baseline_run1,baseline,2026/04/15-06:40:28.211765,1,2,2,1,1,,174322231,LevelMaxLevelSize
baseline_run1,baseline,2026/04/15-06:40:28.214697,2,3,2,1,1,,222490811,LevelMaxLevelSize
baseline_run1,baseline,2026/04/15-06:40:28.215169,2,3,5,1,4,,309012155,LevelMaxLevelSize
baseline_run1,baseline,2026/04/15-06:40:28.215223,2,3,2,1,1,,125715769,LevelMaxLevelSize
baseline_run1,baseline,2026/04/15-06:40:28.215264,2,3,2,1,1,,250503609,LevelMaxLevelSize
baseline_run1,baseline,2026/04/15-06:40:28.215273,2,3,3,1,2,,330883955,LevelMaxLevelSize
baseline_run1,baseline,2026/04/15-06:40:28.215297,2,3,2,1,1,,156778818,LevelMaxLevelSize
baseline_run1,baseline,2026/04/15-06:40:28.215316,2,3,6,1,5,,480025960,LevelMaxLevelSize
baseline_run1,baseline,2026/04/15-06:40:28.215324,2,3,7,1,6,,629912962,LevelMaxLevelSize
baseline_run1,baseline,2026/04/15-06:40:28.215595,2,3,8,1,7,,691736720,LevelMaxLevelSize
baseline_run1,baseline,2026/04/15-06:40:28.215875,2,3,9,1,8,,623713177,LevelMaxLevelSize
baseline_run1,baseline,2026/04/15-06:40:28.215887,2,3,9,1,8,,712251253,LevelMaxLevelSize
baseline_run1,baseline,2026/04/15-06:40:28.215887,2,3,11,1,10,,806455185,LevelMaxLevelSize
baseline_run1,baseline,2026/04/15-06:40:28.215900,2,3,10,1,9,,656313652,LevelMaxLevelSize
baseline_run1,baseline,2026/04/15-06:40:28.215906,2,3,7,1,6,,417622391,LevelMaxLevelSize
baseline_run1,baseline,2026/04/15-06:40:28.396367,2,3,7,1,6,,445869114,LevelMaxLevelSize
baseline_run1,baseline,2026/04/15-06:40:28.466577,2,3,3,1,2,,193546457,LevelMaxLevelSize
baseline_run1,baseline,2026/04/15-06:40:28.466577,2,3,5,1,4,,392384071,LevelMaxLevelSize
baseline_run1,baseline,2026/04/15-06:40:28.478641,2,3,5,1,4,,339361698,LevelMaxLevelSize
baseline_run1,baseline,2026/04/15-06:40:28.498209,2,3,3,1,2,,171963778,LevelMaxLevelSize
baseline_run1,baseline,2026/04/15-06:40:28.498296,2,3,7,1,6,,397733663,LevelMaxLevelSize
baseline_run1,baseline,2026/04/15-06:40:28.518262,2,3,2,1,1,,162964017,LevelMaxLevelSize
baseline_run1,baseline,2026/04/15-06:40:28.518275,2,3,6,1,5,,382801889,LevelMaxLevelSize
baseline_run1,baseline,2026/04/15-06:40:28.531326,2,3,2,1,1,,136177732,LevelMaxLevelSize
baseline_run1,baseline,2026/04/15-06:40:28.552104,2,3,3,1,2,,255805752,LevelMaxLevelSize
baseline_run1,baseline,2026/04/15-06:40:28.552129,2,3,4,1,3,,337624444,LevelMaxLevelSize
baseline_run1,baseline,2026/04/15-06:40:28.564693,2,3,3,1,2,,192706253,LevelMaxLevelSize
baseline_run1,baseline,2026/04/15-06:40:28.564694,2,3,3,1,2,,192088039,LevelMaxLevelSize
baseline_run1,baseline,2026/04/15-06:40:28.564704,2,3,3,1,2,,180436486,LevelMaxLevelSize
baseline_run1,baseline,2026/04/15-06:40:28.570217,2,3,3,1,2,,175350049,LevelMaxLevelSize
baseline_run1,baseline,2026/04/15-06:40:28.570224,2,3,3,1,2,,152887910,LevelMaxLevelSize
baseline_run1,baseline,2026/04/15-06:40:28.570229,2,3,3,1,2,,187439833,LevelMaxLevelSize
baseline_run1,baseline,2026/04/15-06:40:28.578617,2,3,2,1,1,,122201609,LevelMaxLevelSize
baseline_run1,baseline,2026/04/15-06:40:28.578618,2,3,3,1,2,,194956505,LevelMaxLevelSize
baseline_run1,baseline,2026/04/15-06:40:28.578702,2,3,13,1,12,,891413281,LevelMaxLevelSize
baseline_run1,baseline,2026/04/15-06:40:28.610626,2,3,2,1,1,,125390029,LevelMaxLevelSize
baseline_run1,baseline,2026/04/15-06:40:28.672042,2,3,4,1,3,,222382210,LevelMaxLevelSize
baseline_run1,baseline,2026/04/15-06:40:28.679559,2,3,3,1,2,,222254635,LevelMaxLevelSize
baseline_run1,baseline,2026/04/15-06:40:28.704391,2,3,4,1,3,,298292781,LevelMaxLevelSize
baseline_run1,baseline,2026/04/15-06:40:28.767947,0,1,31,7,24,,4583894658,LevelL0FilesNum
baseline_run1,baseline,2026/04/15-06:40:28.796540,2,3,3,1,2,,133789106,LevelMaxLevelSize
baseline_run1,baseline,2026/04/15-06:40:28.855225,2,3,4,1,3,,200566611,LevelMaxLevelSize
baseline_run1,baseline,2026/04/15-06:40:28.878020,2,3,6,1,5,,282130986,LevelMaxLevelSize
baseline_run1,baseline,2026/04/15-06:40:28.907622,2,3,6,1,5,,388433531,LevelMaxLevelSize
baseline_run1,baseline,2026/04/15-06:40:28.910109,2,3,3,1,2,,193251365,LevelMaxLevelSize
baseline_run1,baseline,2026/04/15-06:40:28.912062,2,3,7,1,6,,450315081,LevelMaxLevelSize
baseline_run1,baseline,2026/04/15-06:40:28.917213,2,3,7,1,6,,407132585,LevelMaxLevelSize
baseline_run1,baseline,2026/04/15-06:40:28.934010,2,3,15,1,14,,912062435,LevelMaxLevelSize
baseline_run1,baseline,2026/04/15-06:40:29.246545,0,1,4,4,0,,263111809,LevelL0FilesNum
baseline_run1,baseline,2026/04/15-06:40:29.677571,0,1,4,4,0,,263092281,LevelL0FilesNum
baseline_run1,baseline,2026/04/15-06:40:29.688860,3,4,2,1,1,,135814588,LevelMaxLevelSize
baseline_run1,baseline,2026/04/15-06:40:29.690327,3,4,2,1,1,,159205093,LevelMaxLevelSize
baseline_run1,baseline,2026/04/15-06:40:29.690329,3,4,2,1,1,,185154129,LevelMaxLevelSize
baseline_run1,baseline,2026/04/15-06:40:29.690330,3,4,2,1,1,,168205704,LevelMaxLevelSize
baseline_run1,baseline,2026/04/15-06:40:29.690339,3,4,2,1,1,,159698472,LevelMaxLevelSize
baseline_run1,baseline,2026/04/15-06:40:29.757835,3,4,2,1,1,,159043139,LevelMaxLevelSize
baseline_run1,baseline,2026/04/15-06:40:29.758003,3,4,2,1,1,,158875910,LevelMaxLevelSize
baseline_run1,baseline,2026/04/15-06:40:29.758005,3,4,2,1,1,,150868347,LevelMaxLevelSize
baseline_run1,baseline,2026/04/15-06:40:29.758008,3,4,2,1,1,,150650119,LevelMaxLevelSize
baseline_run1,baseline,2026/04/15-06:40:29.758029,3,4,2,1,1,,159012872,LevelMaxLevelSize
baseline_run1,baseline,2026/04/15-06:40:29.860389,3,4,2,1,1,,150508687,LevelMaxLevelSize
baseline_run1,baseline,2026/04/15-06:40:29.860393,3,4,2,1,1,,150464070,LevelMaxLevelSize
baseline_run1,baseline,2026/04/15-06:40:29.860560,3,4,2,1,1,,108229090,LevelMaxLevelSize
baseline_run1,baseline,2026/04/15-06:40:29.860575,3,4,2,1,1,,150410767,LevelMaxLevelSize
baseline_run1,baseline,2026/04/15-06:40:29.860967,3,4,2,1,1,,148626053,LevelMaxLevelSize
baseline_run1,baseline,2026/04/15-06:40:29.860974,3,4,2,1,1,,150238669,LevelMaxLevelSize
baseline_run1,baseline,2026/04/15-06:40:29.860990,3,4,2,1,1,,150315433,LevelMaxLevelSize
baseline_run1,baseline,2026/04/15-06:40:29.860991,3,4,2,1,1,,150032891,LevelMaxLevelSize
baseline_run1,baseline,2026/04/15-06:40:29.860994,3,4,2,1,1,,150266654,LevelMaxLevelSize
baseline_run1,baseline,2026/04/15-06:40:29.860999,3,4,2,1,1,,149311811,LevelMaxLevelSize
baseline_run1,baseline,2026/04/15-06:40:30.112137,0,1,4,4,0,,263095586,LevelL0FilesNum
baseline_run1,baseline,2026/04/15-06:40:30.271260,3,4,2,1,1,,146025336,LevelMaxLevelSize
baseline_run1,baseline,2026/04/15-06:40:30.271516,3,4,2,1,1,,107212862,LevelMaxLevelSize
baseline_run1,baseline,2026/04/15-06:40:30.271678,3,4,2,1,1,,96138279,LevelMaxLevelSize
baseline_run1,baseline,2026/04/15-06:40:30.271858,3,4,2,1,1,,139863277,LevelMaxLevelSize
baseline_run1,baseline,2026/04/15-06:40:30.271902,3,4,2,1,1,,141112920,LevelMaxLevelSize
baseline_run1,baseline,2026/04/15-06:40:30.271907,3,4,2,1,1,,139484863,LevelMaxLevelSize
baseline_run1,baseline,2026/04/15-06:40:30.271912,3,4,3,1,2,,206560839,LevelMaxLevelSize
baseline_run1,baseline,2026/04/15-06:40:30.271914,3,4,2,1,1,,139806142,LevelMaxLevelSize
baseline_run1,baseline,2026/04/15-06:40:30.271948,3,4,2,1,1,,139253160,LevelMaxLevelSize
baseline_run1,baseline,2026/04/15-06:40:30.271943,3,4,2,1,1,,139442244,LevelMaxLevelSize
baseline_run1,baseline,2026/04/15-06:40:30.271965,3,4,3,1,2,,207635211,LevelMaxLevelSize
baseline_run1,baseline,2026/04/15-06:40:30.271966,3,4,2,1,1,,96422935,LevelMaxLevelSize
baseline_run1,baseline,2026/04/15-06:40:30.533488,0,1,4,4,0,,263095382,LevelL0FilesNum
baseline_run1,baseline,2026/04/15-06:40:30.578602,3,4,2,1,1,,139239925,LevelMaxLevelSize
baseline_run1,baseline,2026/04/15-06:40:30.578864,3,4,2,1,1,,139101690,LevelMaxLevelSize
baseline_run1,baseline,2026/04/15-06:40:30.578915,3,4,2,1,1,,137538117,LevelMaxLevelSize
baseline_run1,baseline,2026/04/15-06:40:30.578917,3,4,2,1,1,,138277931,LevelMaxLevelSize
baseline_run1,baseline,2026/04/15-06:40:30.579138,3,4,2,1,1,,126495682,LevelMaxLevelSize
baseline_run1,baseline,2026/04/15-06:40:30.579267,3,4,2,1,1,,136224753,LevelMaxLevelSize
baseline_run1,baseline,2026/04/15-06:40:30.579268,3,4,2,1,1,,135856849,LevelMaxLevelSize
baseline_run1,baseline,2026/04/15-06:40:30.579298,3,4,2,1,1,,136096910,LevelMaxLevelSize
baseline_run1,baseline,2026/04/15-06:40:30.579300,3,4,2,1,1,,136080194,LevelMaxLevelSize
baseline_run1,baseline,2026/04/15-06:40:30.579311,3,4,2,1,1,,102861826,LevelMaxLevelSize
baseline_run1,baseline,2026/04/15-06:40:30.579312,3,4,2,1,1,,136465661,LevelMaxLevelSize
baseline_run1,baseline,2026/04/15-06:40:30.579315,3,4,2,1,1,,135897358,LevelMaxLevelSize
baseline_run1,baseline,2026/04/15-06:40:30.579325,3,4,2,1,1,,138243460,LevelMaxLevelSize
baseline_run1,baseline,2026/04/15-06:40:30.938966,0,1,4,4,0,,263090207,LevelL0FilesNum
baseline_run1,baseline,2026/04/15-06:40:31.334357,0,1,4,4,0,,263113370,LevelL0FilesNum
baseline_run1,baseline,2026/04/15-06:40:31.722001,0,1,4,4,0,,263133817,LevelL0FilesNum
baseline_run1,baseline,2026/04/15-06:40:32.213795,0,1,4,4,0,,263121405,LevelL0FilesNum
baseline_run1,baseline,2026/04/15-06:40:32.805235,0,1,4,4,0,,263097939,LevelL0FilesNum
baseline_run1,baseline,2026/04/15-06:40:33.164504,0,1,7,7,0,,1643784307,LevelL0FilesNum
baseline_run1,baseline,2026/04/15-06:40:35.533269,0,1,4,4,0,,263115100,LevelL0FilesNum
baseline_run1,baseline,2026/04/15-06:40:35.915221,0,1,4,4,0,,263103692,LevelL0FilesNum
baseline_run1,baseline,2026/04/15-06:40:35.970324,1,2,2,1,1,,146892132,LevelMaxLevelSize
baseline_run1,baseline,2026/04/15-06:40:35.970323,1,2,2,1,1,,174550464,LevelMaxLevelSize
baseline_run1,baseline,2026/04/15-06:40:35.970340,1,2,2,1,1,,71306327,LevelMaxLevelSize
baseline_run1,baseline,2026/04/15-06:40:35.970353,1,2,2,1,1,,118595729,LevelMaxLevelSize
baseline_run1,baseline,2026/04/15-06:40:35.974011,2,3,5,1,4,,356653156,LevelMaxLevelSize
baseline_run1,baseline,2026/04/15-06:40:35.974244,2,3,6,1,5,,418566843,LevelMaxLevelSize
baseline_run1,baseline,2026/04/15-06:40:35.974311,2,3,6,1,5,,479488981,LevelMaxLevelSize
baseline_run1,baseline,2026/04/15-06:40:35.974804,2,3,4,1,3,,243247463,LevelMaxLevelSize
baseline_run1,baseline,2026/04/15-06:40:35.974805,2,3,8,1,7,,385164848,LevelMaxLevelSize
baseline_run1,baseline,2026/04/15-06:40:35.974814,2,3,3,1,2,,139413913,LevelMaxLevelSize
baseline_run1,baseline,2026/04/15-06:40:35.974825,2,3,8,1,7,,702610043,LevelMaxLevelSize
baseline_run1,baseline,2026/04/15-06:40:35.974828,2,3,10,1,9,,741247062,LevelMaxLevelSize
baseline_run1,baseline,2026/04/15-06:40:35.974835,2,3,6,1,5,,670802354,LevelMaxLevelSize
baseline_run1,baseline,2026/04/15-06:40:35.974841,2,3,10,1,9,,776541522,LevelMaxLevelSize
baseline_run1,baseline,2026/04/15-06:40:35.974841,2,3,14,1,13,,827271892,LevelMaxLevelSize
baseline_run1,baseline,2026/04/15-06:40:36.180704,2,3,4,1,3,,285712425,LevelMaxLevelSize
baseline_run1,baseline,2026/04/15-06:40:36.180711,2,3,7,1,6,,454093248,LevelMaxLevelSize
baseline_run1,baseline,2026/04/15-06:40:36.233566,2,3,8,1,7,,426969015,LevelMaxLevelSize
baseline_run1,baseline,2026/04/15-06:40:36.233652,2,3,4,1,3,,225434955,LevelMaxLevelSize
baseline_run1,baseline,2026/04/15-06:40:36.233675,2,3,13,1,12,,933573893,LevelMaxLevelSize
baseline_run1,baseline,2026/04/15-06:40:36.290409,2,3,3,1,2,,180352381,LevelMaxLevelSize
baseline_run1,baseline,2026/04/15-06:40:36.290580,2,3,4,1,3,,259537367,LevelMaxLevelSize
baseline_run1,baseline,2026/04/15-06:40:36.317032,0,1,4,4,0,,263116330,LevelL0FilesNum
baseline_run1,baseline,2026/04/15-06:40:36.746638,0,1,4,4,0,,263121551,LevelL0FilesNum
baseline_run1,baseline,2026/04/15-06:40:37.156353,0,1,4,4,0,,263098462,LevelL0FilesNum
baseline_run1,baseline,2026/04/15-06:40:37.382854,3,4,2,1,1,,168430452,LevelMaxLevelSize
baseline_run1,baseline,2026/04/15-06:40:37.383011,3,4,2,1,1,,159598747,LevelMaxLevelSize
baseline_run1,baseline,2026/04/15-06:40:37.383021,3,4,2,1,1,,168432396,LevelMaxLevelSize
baseline_run1,baseline,2026/04/15-06:40:37.383027,3,4,2,1,1,,69718851,LevelMaxLevelSize
baseline_run1,baseline,2026/04/15-06:40:37.383219,3,4,2,1,1,,115946586,LevelMaxLevelSize
baseline_run1,baseline,2026/04/15-06:40:37.383219,3,4,2,1,1,,152891198,LevelMaxLevelSize
baseline_run1,baseline,2026/04/15-06:40:37.383221,3,4,2,1,1,,153068827,LevelMaxLevelSize
baseline_run1,baseline,2026/04/15-06:40:37.383280,3,4,2,1,1,,152668954,LevelMaxLevelSize
baseline_run1,baseline,2026/04/15-06:40:37.573545,0,1,4,4,0,,263114141,LevelL0FilesNum
baseline_run1,baseline,2026/04/15-06:40:37.754341,3,4,3,1,2,,203783810,LevelMaxLevelSize
baseline_run1,baseline,2026/04/15-06:40:37.754404,3,4,2,1,1,,145326497,LevelMaxLevelSize
baseline_run1,baseline,2026/04/15-06:40:37.754407,3,4,2,1,1,,98832490,LevelMaxLevelSize
baseline_run1,baseline,2026/04/15-06:40:37.754656,3,4,2,1,1,,141838282,LevelMaxLevelSize
baseline_run1,baseline,2026/04/15-06:40:37.754664,3,4,2,1,1,,142019953,LevelMaxLevelSize
baseline_run1,baseline,2026/04/15-06:40:37.754665,3,4,2,1,1,,141848520,LevelMaxLevelSize
baseline_run1,baseline,2026/04/15-06:40:37.754791,3,4,2,1,1,,141687715,LevelMaxLevelSize
baseline_run1,baseline,2026/04/15-06:40:37.754923,3,4,2,1,1,,140357884,LevelMaxLevelSize
baseline_run1,baseline,2026/04/15-06:40:37.754930,3,4,2,1,1,,139332414,LevelMaxLevelSize
baseline_run1,baseline,2026/04/15-06:40:37.754931,3,4,2,1,1,,95314298,LevelMaxLevelSize
baseline_run1,baseline,2026/04/15-06:40:37.755058,3,4,2,1,1,,139228480,LevelMaxLevelSize
baseline_run1,baseline,2026/04/15-06:40:37.755076,3,4,3,1,2,,213132583,LevelMaxLevelSize
baseline_run1,baseline,2026/04/15-06:40:37.980857,0,1,4,4,0,,263121288,LevelL0FilesNum
baseline_run1,baseline,2026/04/15-06:40:38.359631,0,1,48,14,34,,7142977761,LevelL0FilesNum
baseline_run1,baseline,2026/04/15-06:40:38.671420,0,1,4,4,0,,263119334,LevelL0FilesNum
baseline_run1,baseline,2026/04/15-06:40:39.239114,0,1,4,4,0,,263118231,LevelL0FilesNum
baseline_run1,baseline,2026/04/15-06:40:42.122222,0,1,4,4,0,,263098574,LevelL0FilesNum
baseline_run1,baseline,2026/04/15-06:40:48.729248,1,2,2,1,1,,77518979,LevelMaxLevelSize
baseline_run1,baseline,2026/04/15-06:40:48.729349,1,2,3,2,1,,333657294,LevelMaxLevelSize
baseline_run1,baseline,2026/04/15-06:40:48.729411,1,2,2,1,1,,199822330,LevelMaxLevelSize
baseline_run1,baseline,2026/04/15-06:40:48.729515,1,2,3,2,1,,270689170,LevelMaxLevelSize
baseline_run1,baseline,2026/04/15-06:40:48.729607,1,2,2,1,1,,185581372,LevelMaxLevelSize
baseline_run1,baseline,2026/04/15-06:40:48.729764,1,2,2,1,1,,149848231,LevelMaxLevelSize
baseline_run1,baseline,2026/04/15-06:40:48.730838,1,2,3,2,1,,274877954,LevelMaxLevelSize
baseline_run1,baseline,2026/04/15-06:40:48.730844,1,2,2,1,1,,118865518,LevelMaxLevelSize
baseline_run1,baseline,2026/04/15-06:40:48.731042,1,2,2,1,1,,127391134,LevelMaxLevelSize
baseline_run1,baseline,2026/04/15-06:40:48.731048,1,2,2,1,1,,83062543,LevelMaxLevelSize
baseline_run1,baseline,2026/04/15-06:40:48.731218,1,2,2,1,1,,179298051,LevelMaxLevelSize
baseline_run1,baseline,2026/04/15-06:40:48.731227,1,2,2,1,1,,114264731,LevelMaxLevelSize
baseline_run1,baseline,2026/04/15-06:40:48.731369,1,2,2,1,1,,170074742,LevelMaxLevelSize
baseline_run1,baseline,2026/04/15-06:40:48.731499,1,2,2,1,1,,163639297,LevelMaxLevelSize
baseline_run1,baseline,2026/04/15-06:40:48.731604,1,2,2,1,1,,178270167,LevelMaxLevelSize
baseline_run1,baseline,2026/04/15-06:40:48.731715,1,2,2,1,1,,142142528,LevelMaxLevelSize
baseline_run1,baseline,2026/04/15-06:40:48.731853,1,2,2,1,1,,125866745,LevelMaxLevelSize
baseline_run1,baseline,2026/04/15-06:40:48.731914,1,2,2,1,1,,116342128,LevelMaxLevelSize
baseline_run1,baseline,2026/04/15-06:40:48.732051,1,2,2,1,1,,170487841,LevelMaxLevelSize
baseline_run1,baseline,2026/04/15-06:40:48.732144,1,2,2,1,1,,163018683,LevelMaxLevelSize
baseline_run1,baseline,2026/04/15-06:40:48.732220,1,2,3,1,2,,198433124,LevelMaxLevelSize
baseline_run1,baseline,2026/04/15-06:40:48.732525,1,2,2,1,1,,159731454,LevelMaxLevelSize
baseline_run1,baseline,2026/04/15-06:40:48.732526,1,2,3,2,1,,319309534,LevelMaxLevelSize
baseline_run1,baseline,2026/04/15-06:40:48.733350,1,2,2,1,1,,145380254,LevelMaxLevelSize
baseline_run1,baseline,2026/04/15-06:40:48.733500,1,2,3,2,1,,287056980,LevelMaxLevelSize
baseline_run1,baseline,2026/04/15-06:40:48.733658,1,2,2,1,1,,153948995,LevelMaxLevelSize
baseline_run1,baseline,2026/04/15-06:40:48.734018,1,2,4,2,2,,299644463,LevelMaxLevelSize
baseline_run1,baseline,2026/04/15-06:40:48.734097,2,3,4,1,3,,318195389,LevelMaxLevelSize
baseline_run1,baseline,2026/04/15-06:40:48.734172,2,3,5,1,4,,295509918,LevelMaxLevelSize
baseline_run1,baseline,2026/04/15-06:40:48.734283,2,3,4,1,3,,325626861,LevelMaxLevelSize
baseline_run1,baseline,2026/04/15-06:40:48.734364,1,2,4,2,2,,358418342,LevelMaxLevelSize
baseline_run1,baseline,2026/04/15-06:40:48.734381,1,2,2,1,1,,176057630,LevelMaxLevelSize
baseline_run1,baseline,2026/04/15-06:40:48.734388,2,3,3,1,2,,196458437,LevelMaxLevelSize
baseline_run1,baseline,2026/04/15-06:40:48.735355,2,3,3,1,2,,335197687,LevelMaxLevelSize
baseline_run1,baseline,2026/04/15-06:40:48.735498,1,2,2,1,1,,124080287,LevelMaxLevelSize
baseline_run1,baseline,2026/04/15-06:40:48.736278,2,3,4,1,3,,348084417,LevelMaxLevelSize
baseline_run1,baseline,2026/04/15-06:40:48.925920,2,3,5,1,4,,393966107,LevelMaxLevelSize
baseline_run1,baseline,2026/04/15-06:40:48.935313,2,3,3,1,2,,136116060,LevelMaxLevelSize
baseline_run1,baseline,2026/04/15-06:40:49.012216,2,3,5,1,4,,306570262,LevelMaxLevelSize
baseline_run1,baseline,2026/04/15-06:40:49.017439,2,3,5,1,4,,406829620,LevelMaxLevelSize
baseline_run1,baseline,2026/04/15-06:40:49.027447,2,3,3,1,2,,144980976,LevelMaxLevelSize
baseline_run1,baseline,2026/04/15-06:40:49.036728,2,3,2,1,1,,111518963,LevelMaxLevelSize
baseline_run1,baseline,2026/04/15-06:40:49.050011,2,3,3,1,2,,218863132,LevelMaxLevelSize
baseline_run1,baseline,2026/04/15-06:40:49.051161,2,3,4,1,3,,214863988,LevelMaxLevelSize
baseline_run1,baseline,2026/04/15-06:40:49.086743,2,3,4,1,3,,249639115,LevelMaxLevelSize
baseline_run1,baseline,2026/04/15-06:40:49.087929,2,3,2,1,1,,73277021,LevelMaxLevelSize
baseline_run1,baseline,2026/04/15-06:40:49.108459,2,3,4,1,3,,225626553,LevelMaxLevelSize
baseline_run1,baseline,2026/04/15-06:40:49.116210,2,3,4,2,2,,104900815,LevelMaxLevelSize
baseline_run1,baseline,2026/04/15-06:40:49.129486,2,3,3,1,2,,183586256,LevelMaxLevelSize
baseline_run1,baseline,2026/04/15-06:40:49.136549,2,3,3,1,2,,130138003,LevelMaxLevelSize
baseline_run1,baseline,2026/04/15-06:40:49.145436,2,3,2,1,1,,97754900,LevelMaxLevelSize
baseline_run1,baseline,2026/04/15-06:40:49.147194,2,3,3,1,2,,184159342,LevelMaxLevelSize
baseline_run1,baseline,2026/04/15-06:40:49.162440,2,3,3,1,2,,166050694,LevelMaxLevelSize
baseline_run1,baseline,2026/04/15-06:40:49.164512,2,3,5,1,4,,314161369,LevelMaxLevelSize
baseline_run1,baseline,2026/04/15-06:40:49.174063,2,3,3,1,2,,198055215,LevelMaxLevelSize
baseline_run1,baseline,2026/04/15-06:40:49.178355,2,3,2,1,1,,114864372,LevelMaxLevelSize
baseline_run1,baseline,2026/04/15-06:40:49.187484,2,3,4,1,3,,269295459,LevelMaxLevelSize
baseline_run1,baseline,2026/04/15-06:40:49.217532,2,3,2,1,1,,108597868,LevelMaxLevelSize
baseline_run1,baseline,2026/04/15-06:40:49.219167,2,3,3,1,2,,236060184,LevelMaxLevelSize
baseline_run1,baseline,2026/04/15-06:40:49.220674,2,3,2,1,1,,158461677,LevelMaxLevelSize
baseline_run1,baseline,2026/04/15-06:40:49.264149,0,1,4,4,0,,263099471,LevelL0FilesNum
baseline_run1,baseline,2026/04/15-06:40:49.265338,2,3,7,1,6,,470477707,LevelMaxLevelSize
baseline_run1,baseline,2026/04/15-06:40:49.302474,2,3,3,1,2,,216929581,LevelMaxLevelSize
baseline_run1,baseline,2026/04/15-06:40:49.371772,2,3,6,1,5,,516389511,LevelMaxLevelSize
baseline_run1,baseline,2026/04/15-06:40:49.379786,2,3,5,1,4,,254035022,LevelMaxLevelSize
baseline_run1,baseline,2026/04/15-06:40:49.381044,2,3,4,1,3,,244876697,LevelMaxLevelSize
baseline_run1,baseline,2026/04/15-06:40:49.395261,2,3,3,1,2,,172331132,LevelMaxLevelSize
baseline_run1,baseline,2026/04/15-06:40:49.412538,2,3,3,1,2,,267228821,LevelMaxLevelSize
baseline_run1,baseline,2026/04/15-06:40:49.446518,2,3,3,1,2,,207286295,LevelMaxLevelSize
baseline_run1,baseline,2026/04/15-06:40:49.454714,2,3,3,1,2,,199532369,LevelMaxLevelSize
baseline_run1,baseline,2026/04/15-06:40:49.455912,2,3,3,1,2,,174731860,LevelMaxLevelSize
baseline_run1,baseline,2026/04/15-06:40:49.460180,2,3,3,1,2,,179284657,LevelMaxLevelSize
baseline_run1,baseline,2026/04/15-06:40:49.465659,2,3,4,1,3,,288762910,LevelMaxLevelSize
baseline_run1,baseline,2026/04/15-06:40:49.476950,2,3,3,1,2,,194675186,LevelMaxLevelSize
baseline_run1,baseline,2026/04/15-06:40:49.493069,2,3,4,1,3,,288207687,LevelMaxLevelSize
baseline_run1,baseline,2026/04/15-06:40:49.513489,2,3,2,1,1,,110771573,LevelMaxLevelSize
baseline_run1,baseline,2026/04/15-06:40:49.526627,2,3,6,1,5,,346287637,LevelMaxLevelSize
baseline_run1,baseline,2026/04/15-06:40:49.554993,2,3,2,1,1,,142177663,LevelMaxLevelSize
baseline_run1,baseline,2026/04/15-06:40:49.556067,2,3,4,1,3,,367136596,LevelMaxLevelSize
baseline_run1,baseline,2026/04/15-06:40:49.566515,2,3,3,1,2,,191018506,LevelMaxLevelSize
baseline_run1,baseline,2026/04/15-06:40:49.567813,2,3,3,1,2,,129795844,LevelMaxLevelSize
baseline_run1,baseline,2026/04/15-06:40:49.568909,2,3,3,1,2,,173441421,LevelMaxLevelSize
baseline_run1,baseline,2026/04/15-06:40:49.587571,2,3,5,1,4,,255072544,LevelMaxLevelSize
baseline_run1,baseline,2026/04/15-06:40:49.594106,2,3,4,1,3,,248825173,LevelMaxLevelSize
baseline_run1,baseline,2026/04/15-06:40:49.595984,2,3,5,1,4,,290029436,LevelMaxLevelSize
baseline_run1,baseline,2026/04/15-06:40:49.597373,2,3,3,1,2,,171149190,LevelMaxLevelSize
baseline_run1,baseline,2026/04/15-06:40:49.608000,2,3,3,1,2,,170829657,LevelMaxLevelSize
baseline_run1,baseline,2026/04/15-06:40:49.648458,2,3,4,1,3,,223728866,LevelMaxLevelSize
baseline_run1,baseline,2026/04/15-06:40:49.655313,2,3,4,1,3,,218465857,LevelMaxLevelSize
baseline_run1,baseline,2026/04/15-06:40:49.696532,2,3,3,1,2,,201902750,LevelMaxLevelSize
baseline_run1,baseline,2026/04/15-06:40:49.754540,0,1,4,4,0,,263115236,LevelL0FilesNum
baseline_run1,baseline,2026/04/15-06:40:49.782407,2,3,4,1,3,,199102344,LevelMaxLevelSize
baseline_run1,baseline,2026/04/15-06:40:49.786394,2,3,5,1,4,,293876051,LevelMaxLevelSize
baseline_run1,baseline,2026/04/15-06:40:49.812312,2,3,7,1,6,,561807087,LevelMaxLevelSize
baseline_run1,baseline,2026/04/15-06:40:49.816498,2,3,7,2,5,,574875548,LevelMaxLevelSize
baseline_run1,baseline,2026/04/15-06:40:49.854999,2,3,5,1,4,,291867992,LevelMaxLevelSize
baseline_run1,baseline,2026/04/15-06:40:49.873895,2,3,5,1,4,,270389056,LevelMaxLevelSize
baseline_run1,baseline,2026/04/15-06:40:49.878203,2,3,5,2,3,,261162368,LevelMaxLevelSize
baseline_run1,baseline,2026/04/15-06:40:49.881213,2,3,4,1,3,,283335626,LevelMaxLevelSize
baseline_run1,baseline,2026/04/15-06:40:49.884716,2,3,4,1,3,,258186121,LevelMaxLevelSize
baseline_run1,baseline,2026/04/15-06:40:49.894283,2,3,6,1,5,,408664151,LevelMaxLevelSize
baseline_run1,baseline,2026/04/15-06:40:49.905752,2,3,5,2,3,,232219519,LevelMaxLevelSize
baseline_run1,baseline,2026/04/15-06:40:49.931159,2,3,4,1,3,,307033095,LevelMaxLevelSize
baseline_run1,baseline,2026/04/15-06:40:49.938861,2,3,4,1,3,,273317892,LevelMaxLevelSize
baseline_run1,baseline,2026/04/15-06:40:49.954408,2,3,2,1,1,,122142282,LevelMaxLevelSize
baseline_run1,baseline,2026/04/15-06:40:49.961906,2,3,4,1,3,,256604847,LevelMaxLevelSize
baseline_run1,baseline,2026/04/15-06:40:49.981234,2,3,5,1,4,,268987415,LevelMaxLevelSize
baseline_run1,baseline,2026/04/15-06:40:49.986666,2,3,5,1,4,,304087833,LevelMaxLevelSize
baseline_run1,baseline,2026/04/15-06:40:49.990955,2,3,4,1,3,,258980946,LevelMaxLevelSize
baseline_run1,baseline,2026/04/15-06:40:49.992134,2,3,5,1,4,,330208764,LevelMaxLevelSize
baseline_run1,baseline,2026/04/15-06:40:49.996619,2,3,5,1,4,,313644592,LevelMaxLevelSize
baseline_run1,baseline,2026/04/15-06:40:50.016010,2,3,6,1,5,,296776201,LevelMaxLevelSize
baseline_run1,baseline,2026/04/15-06:40:50.018576,2,3,6,1,5,,364706794,LevelMaxLevelSize
baseline_run1,baseline,2026/04/15-06:40:50.073502,2,3,3,1,2,,135913839,LevelMaxLevelSize
baseline_run1,baseline,2026/04/15-06:40:50.177119,0,1,4,4,0,,263107994,LevelL0FilesNum
baseline_run1,baseline,2026/04/15-06:40:50.182279,2,3,3,1,2,,165113683,LevelMaxLevelSize
baseline_run1,baseline,2026/04/15-06:40:50.185562,2,3,5,1,4,,339808597,LevelMaxLevelSize
baseline_run1,baseline,2026/04/15-06:40:50.191761,2,3,5,1,4,,308706629,LevelMaxLevelSize
baseline_run1,baseline,2026/04/15-06:40:50.202767,2,3,6,1,5,,308807201,LevelMaxLevelSize
baseline_run1,baseline,2026/04/15-06:40:50.554080,3,4,2,1,1,,153753432,LevelMaxLevelSize
baseline_run1,baseline,2026/04/15-06:40:50.554083,3,4,2,1,1,,158011320,LevelMaxLevelSize
baseline_run1,baseline,2026/04/15-06:40:50.554087,3,4,2,1,1,,157858381,LevelMaxLevelSize
baseline_run1,baseline,2026/04/15-06:40:50.555188,3,4,2,1,1,,152929571,LevelMaxLevelSize
baseline_run1,baseline,2026/04/15-06:40:50.555200,3,4,2,1,1,,151460465,LevelMaxLevelSize
baseline_run1,baseline,2026/04/15-06:40:50.555205,3,4,2,1,1,,153510390,LevelMaxLevelSize
baseline_run1,baseline,2026/04/15-06:40:50.557346,3,4,2,1,1,,147621212,LevelMaxLevelSize
baseline_run1,baseline,2026/04/15-06:40:50.557375,3,4,2,1,1,,147299498,LevelMaxLevelSize
baseline_run1,baseline,2026/04/15-06:40:50.557351,3,4,2,1,1,,101862186,LevelMaxLevelSize
baseline_run1,baseline,2026/04/15-06:40:50.557385,3,4,2,1,1,,147099676,LevelMaxLevelSize
baseline_run1,baseline,2026/04/15-06:40:50.588561,3,4,2,1,1,,118513885,LevelMaxLevelSize
baseline_run1,baseline,2026/04/15-06:40:50.588846,3,4,2,1,1,,146799361,LevelMaxLevelSize
baseline_run1,baseline,2026/04/15-06:40:50.588848,3,4,2,1,1,,146946993,LevelMaxLevelSize
baseline_run1,baseline,2026/04/15-06:40:50.588854,3,4,2,1,1,,100958137,LevelMaxLevelSize
baseline_run1,baseline,2026/04/15-06:40:50.588896,3,4,2,1,1,,101960763,LevelMaxLevelSize
baseline_run1,baseline,2026/04/15-06:40:50.588901,3,4,2,1,1,,146951079,LevelMaxLevelSize
baseline_run1,baseline,2026/04/15-06:40:50.588909,3,4,2,1,1,,146905436,LevelMaxLevelSize
baseline_run1,baseline,2026/04/15-06:40:50.598755,3,4,2,1,1,,146616449,LevelMaxLevelSize
baseline_run1,baseline,2026/04/15-06:40:50.598755,3,4,2,1,1,,146582196,LevelMaxLevelSize
baseline_run1,baseline,2026/04/15-06:40:50.598755,3,4,2,1,1,,146650866,LevelMaxLevelSize
baseline_run1,baseline,2026/04/15-06:40:50.613050,0,1,4,4,0,,263103670,LevelL0FilesNum
baseline_run1,baseline,2026/04/15-06:40:50.628065,3,4,2,1,1,,128254370,LevelMaxLevelSize
baseline_run1,baseline,2026/04/15-06:40:50.628075,3,4,2,1,1,,157830300,LevelMaxLevelSize
baseline_run1,baseline,2026/04/15-06:40:50.628121,3,4,2,1,1,,146573884,LevelMaxLevelSize
baseline_run1,baseline,2026/04/15-06:40:50.669750,3,4,2,1,1,,146503294,LevelMaxLevelSize
baseline_run1,baseline,2026/04/15-06:40:50.679527,3,4,2,1,1,,146535531,LevelMaxLevelSize
baseline_run1,baseline,2026/04/15-06:40:50.688372,3,4,2,1,1,,146435647,LevelMaxLevelSize
baseline_run1,baseline,2026/04/15-06:40:50.731186,3,4,2,1,1,,146348505,LevelMaxLevelSize
baseline_run1,baseline,2026/04/15-06:40:50.760852,3,4,2,1,1,,146266350,LevelMaxLevelSize
baseline_run1,baseline,2026/04/15-06:40:50.798748,3,4,3,1,2,,109152364,LevelMaxLevelSize
baseline_run1,baseline,2026/04/15-06:40:50.824895,3,4,3,1,2,,212137126,LevelMaxLevelSize
baseline_run1,baseline,2026/04/15-06:40:50.838569,3,4,2,1,1,,137743397,LevelMaxLevelSize
baseline_run1,baseline,2026/04/15-06:40:50.845867,3,4,2,1,1,,94870849,LevelMaxLevelSize
baseline_run1,baseline,2026/04/15-06:40:50.852186,3,4,2,1,1,,137456815,LevelMaxLevelSize
baseline_run1,baseline,2026/04/15-06:40:50.878341,3,4,2,1,1,,82265603,LevelMaxLevelSize
baseline_run1,baseline,2026/04/15-06:40:50.895160,3,4,2,1,1,,137269827,LevelMaxLevelSize
baseline_run1,baseline,2026/04/15-06:40:50.900976,3,4,2,1,1,,137202088,LevelMaxLevelSize
baseline_run1,baseline,2026/04/15-06:40:50.902056,3,4,2,1,1,,137101429,LevelMaxLevelSize
baseline_run1,baseline,2026/04/15-06:40:50.908892,3,4,2,1,1,,137068037,LevelMaxLevelSize
baseline_run1,baseline,2026/04/15-06:40:50.910510,3,4,2,1,1,,136975818,LevelMaxLevelSize
baseline_run1,baseline,2026/04/15-06:40:50.911866,3,4,2,1,1,,136962393,LevelMaxLevelSize
baseline_run1,baseline,2026/04/15-06:40:50.911938,3,4,3,1,2,,200539946,LevelMaxLevelSize
baseline_run1,baseline,2026/04/15-06:40:50.913271,3,4,2,1,1,,136798075,LevelMaxLevelSize
baseline_run1,baseline,2026/04/15-06:40:50.915063,3,4,2,1,1,,136827175,LevelMaxLevelSize
baseline_run1,baseline,2026/04/15-06:40:50.920409,3,4,2,1,1,,136798153,LevelMaxLevelSize
baseline_run1,baseline,2026/04/15-06:40:50.930655,3,4,2,1,1,,91075262,LevelMaxLevelSize
baseline_run1,baseline,2026/04/15-06:40:50.938461,3,4,2,1,1,,136680620,LevelMaxLevelSize
baseline_run1,baseline,2026/04/15-06:40:50.940150,3,4,2,1,1,,107821732,LevelMaxLevelSize
baseline_run1,baseline,2026/04/15-06:40:50.941516,3,4,2,1,1,,136673249,LevelMaxLevelSize
baseline_run1,baseline,2026/04/15-06:40:50.942633,3,4,2,1,1,,136571673,LevelMaxLevelSize
baseline_run1,baseline,2026/04/15-06:40:50.946887,3,4,2,1,1,,146655054,LevelMaxLevelSize
baseline_run1,baseline,2026/04/15-06:40:50.948228,3,4,2,1,1,,146429441,LevelMaxLevelSize
baseline_run1,baseline,2026/04/15-06:40:50.949679,3,4,2,1,1,,146399426,LevelMaxLevelSize
baseline_run1,baseline,2026/04/15-06:40:50.951225,3,4,2,1,1,,136542553,LevelMaxLevelSize
baseline_run1,baseline,2026/04/15-06:40:50.952401,3,4,2,1,1,,136566454,LevelMaxLevelSize
baseline_run1,baseline,2026/04/15-06:40:50.979752,3,4,2,1,1,,122600306,LevelMaxLevelSize
baseline_run1,baseline,2026/04/15-06:40:51.005303,3,4,2,1,1,,135609629,LevelMaxLevelSize
baseline_run1,baseline,2026/04/15-06:40:51.012813,3,4,2,1,1,,135526535,LevelMaxLevelSize
baseline_run1,baseline,2026/04/15-06:40:51.017267,3,4,2,1,1,,135560668,LevelMaxLevelSize
baseline_run1,baseline,2026/04/15-06:40:51.032132,3,4,2,1,1,,135447529,LevelMaxLevelSize
baseline_run1,baseline,2026/04/15-06:40:51.065997,3,4,2,1,1,,135321836,LevelMaxLevelSize
baseline_run1,baseline,2026/04/15-06:40:51.074772,0,1,4,4,0,,263095540,LevelL0FilesNum
baseline_run1,baseline,2026/04/15-06:40:51.078663,3,4,2,1,1,,135344668,LevelMaxLevelSize
baseline_run1,baseline,2026/04/15-06:40:51.082797,3,4,2,1,1,,93389051,LevelMaxLevelSize
baseline_run1,baseline,2026/04/15-06:40:51.116404,3,4,2,1,1,,135235619,LevelMaxLevelSize
baseline_run1,baseline,2026/04/15-06:40:51.120621,3,4,2,1,1,,147082055,LevelMaxLevelSize
baseline_run1,baseline,2026/04/15-06:40:51.151475,3,4,3,1,2,,193062563,LevelMaxLevelSize
baseline_run1,baseline,2026/04/15-06:40:51.152912,3,4,2,1,1,,157855494,LevelMaxLevelSize
baseline_run1,baseline,2026/04/15-06:40:51.170605,3,4,2,1,1,,146289292,LevelMaxLevelSize
baseline_run1,baseline,2026/04/15-06:40:51.177734,3,4,3,1,2,,202271168,LevelMaxLevelSize
baseline_run1,baseline,2026/04/15-06:40:51.196478,3,4,4,2,2,,288949813,LevelMaxLevelSize
baseline_run1,baseline,2026/04/15-06:40:51.221767,3,4,3,2,1,,326876364,LevelMaxLevelSize
baseline_run1,baseline,2026/04/15-06:40:51.227325,3,4,2,1,1,,135004913,LevelMaxLevelSize
baseline_run1,baseline,2026/04/15-06:40:51.229137,3,4,3,1,2,,153661927,LevelMaxLevelSize
baseline_run1,baseline,2026/04/15-06:40:51.230824,3,4,3,1,2,,184929225,LevelMaxLevelSize
baseline_run1,baseline,2026/04/15-06:40:51.231797,3,4,3,1,2,,182556307,LevelMaxLevelSize
baseline_run1,baseline,2026/04/15-06:40:51.237855,3,4,2,1,1,,88355110,LevelMaxLevelSize
baseline_run1,baseline,2026/04/15-06:40:51.242354,3,4,2,1,1,,132672252,LevelMaxLevelSize
baseline_run1,baseline,2026/04/15-06:40:51.511377,0,1,4,4,0,,263095556,LevelL0FilesNum
baseline_run1,baseline,2026/04/15-06:40:51.886772,0,1,22,12,10,,3187864128,LevelL0FilesNum
baseline_run1,baseline,2026/04/15-06:40:52.185196,0,1,4,4,0,,263091216,LevelL0FilesNum
baseline_run1,baseline,2026/04/15-06:40:52.575104,0,1,4,4,0,,263114176,LevelL0FilesNum
baseline_run1,baseline,2026/04/15-06:40:53.048795,0,1,4,4,0,,263129548,LevelL0FilesNum
baseline_run1,baseline,2026/04/15-06:40:53.631625,0,1,4,4,0,,263107635,LevelL0FilesNum
baseline_run1,baseline,2026/04/15-06:40:54.001090,0,1,5,5,0,,1117786509,LevelL0FilesNum
baseline_run1,baseline,2026/04/15-06:40:55.622339,0,1,4,4,0,,263109707,LevelL0FilesNum
baseline_run1,baseline,2026/04/15-06:40:56.116860,0,1,4,4,0,,263119461,LevelL0FilesNum
baseline_run1,baseline,2026/04/15-06:40:56.687864,0,1,4,4,0,,263117277,LevelL0FilesNum
baseline_run1,baseline,2026/04/15-06:40:56.715571,1,2,3,1,2,,163773386,LevelMaxLevelSize
baseline_run1,baseline,2026/04/15-06:40:56.715583,1,2,2,1,1,,145952906,LevelMaxLevelSize
baseline_run1,baseline,2026/04/15-06:40:56.715584,1,2,2,1,1,,104824671,LevelMaxLevelSize
baseline_run1,baseline,2026/04/15-06:40:56.715779,1,2,2,1,1,,197201733,LevelMaxLevelSize
baseline_run1,baseline,2026/04/15-06:40:56.715838,1,2,2,1,1,,84754457,LevelMaxLevelSize
baseline_run1,baseline,2026/04/15-06:40:56.715841,1,2,2,1,1,,132901067,LevelMaxLevelSize
baseline_run1,baseline,2026/04/15-06:40:56.715843,1,2,2,1,1,,140081170,LevelMaxLevelSize
baseline_run1,baseline,2026/04/15-06:40:56.716002,1,2,2,1,1,,153168014,LevelMaxLevelSize
baseline_run1,baseline,2026/04/15-06:40:56.716009,1,2,2,1,1,,104257980,LevelMaxLevelSize
baseline_run1,baseline,2026/04/15-06:40:56.719883,2,3,4,1,3,,203268130,LevelMaxLevelSize
baseline_run1,baseline,2026/04/15-06:40:56.719902,2,3,3,1,2,,173914429,LevelMaxLevelSize
baseline_run1,baseline,2026/04/15-06:40:56.719907,2,3,3,1,2,,165311712,LevelMaxLevelSize
baseline_run1,baseline,2026/04/15-06:40:56.719921,2,3,6,1,5,,465593209,LevelMaxLevelSize
baseline_run1,baseline,2026/04/15-06:40:56.864611,2,3,6,1,5,,535364498,LevelMaxLevelSize
baseline_run1,baseline,2026/04/15-06:40:56.864611,2,3,3,1,2,,258958769,LevelMaxLevelSize
baseline_run1,baseline,2026/04/15-06:40:56.902800,2,3,4,1,3,,206741535,LevelMaxLevelSize
baseline_run1,baseline,2026/04/15-06:40:56.902801,2,3,8,1,7,,574058149,LevelMaxLevelSize
baseline_run1,baseline,2026/04/15-06:40:56.952913,2,3,4,1,3,,340292620,LevelMaxLevelSize
baseline_run1,baseline,2026/04/15-06:40:56.969977,2,3,5,1,4,,299847316,LevelMaxLevelSize
baseline_run1,baseline,2026/04/15-06:40:56.969984,2,3,4,1,3,,241335480,LevelMaxLevelSize
baseline_run1,baseline,2026/04/15-06:40:56.972479,2,3,2,1,1,,65729600,LevelMaxLevelSize
baseline_run1,baseline,2026/04/15-06:40:56.972497,2,3,8,1,7,,455918838,LevelMaxLevelSize
baseline_run1,baseline,2026/04/15-06:40:56.989199,2,3,4,1,3,,261019449,LevelMaxLevelSize
baseline_run1,baseline,2026/04/15-06:40:57.005042,2,3,2,1,1,,121679666,LevelMaxLevelSize
baseline_run1,baseline,2026/04/15-06:40:57.005133,2,3,4,1,3,,196140988,LevelMaxLevelSize
baseline_run1,baseline,2026/04/15-06:40:57.005139,2,3,4,1,3,,302890299,LevelMaxLevelSize
baseline_run1,baseline,2026/04/15-06:40:57.064247,2,3,2,1,1,,107578390,LevelMaxLevelSize
baseline_run1,baseline,2026/04/15-06:40:57.064250,2,3,3,1,2,,186695193,LevelMaxLevelSize
baseline_run1,baseline,2026/04/15-06:40:57.064458,2,3,6,1,5,,387350713,LevelMaxLevelSize
baseline_run1,baseline,2026/04/15-06:40:57.064461,2,3,2,1,1,,161822345,LevelMaxLevelSize
baseline_run1,baseline,2026/04/15-06:40:57.064477,2,3,5,1,4,,270963478,LevelMaxLevelSize
baseline_run1,baseline,2026/04/15-06:40:57.107208,0,1,4,4,0,,263110773,LevelL0FilesNum
baseline_run1,baseline,2026/04/15-06:40:57.521925,0,1,4,4,0,,263126412,LevelL0FilesNum
baseline_run1,baseline,2026/04/15-06:40:57.762777,3,4,2,1,1,,116509768,LevelMaxLevelSize
baseline_run1,baseline,2026/04/15-06:40:57.762863,3,4,4,2,2,,206660122,LevelMaxLevelSize
baseline_run1,baseline,2026/04/15-06:40:57.763354,3,4,2,1,1,,147048753,LevelMaxLevelSize
baseline_run1,baseline,2026/04/15-06:40:57.763375,3,4,2,1,1,,146567728,LevelMaxLevelSize
baseline_run1,baseline,2026/04/15-06:40:57.778188,3,4,2,1,1,,146504257,LevelMaxLevelSize
baseline_run1,baseline,2026/04/15-06:40:57.778191,3,4,3,1,2,,217746899,LevelMaxLevelSize
baseline_run1,baseline,2026/04/15-06:40:57.778429,3,4,2,1,1,,145750019,LevelMaxLevelSize
baseline_run1,baseline,2026/04/15-06:40:57.778432,3,4,2,1,1,,136786684,LevelMaxLevelSize
baseline_run1,baseline,2026/04/15-06:40:57.778505,3,4,2,1,1,,136569503,LevelMaxLevelSize
baseline_run1,baseline,2026/04/15-06:40:57.778565,3,4,2,1,1,,121870788,LevelMaxLevelSize
baseline_run1,baseline,2026/04/15-06:40:57.778566,3,4,3,1,2,,193276216,LevelMaxLevelSize
baseline_run1,baseline,2026/04/15-06:40:57.888903,3,4,2,1,1,,132536207,LevelMaxLevelSize
baseline_run1,baseline,2026/04/15-06:40:57.889092,3,4,2,1,1,,132447842,LevelMaxLevelSize
baseline_run1,baseline,2026/04/15-06:40:57.889326,3,4,2,1,1,,131835815,LevelMaxLevelSize
baseline_run1,baseline,2026/04/15-06:40:57.889330,3,4,2,1,1,,131796337,LevelMaxLevelSize
baseline_run1,baseline,2026/04/15-06:40:57.889336,3,4,3,1,2,,194752680,LevelMaxLevelSize
baseline_run1,baseline,2026/04/15-06:40:57.889336,3,4,2,1,1,,86479691,LevelMaxLevelSize
baseline_run1,baseline,2026/04/15-06:40:57.889345,3,4,2,1,1,,131068034,LevelMaxLevelSize
baseline_run1,baseline,2026/04/15-06:40:57.889416,3,4,2,1,1,,131023225,LevelMaxLevelSize
baseline_run1,baseline,2026/04/15-06:40:57.911900,0,1,4,4,0,,263116136,LevelL0FilesNum
baseline_run1,baseline,2026/04/15-06:40:58.306703,0,1,4,4,0,,263120276,LevelL0FilesNum
baseline_run1,baseline,2026/04/15-06:40:58.676747,0,1,33,11,22,,4747259076,LevelL0FilesNum
baseline_run1,baseline,2026/04/15-06:40:59.009690,0,1,4,4,0,,263110561,LevelL0FilesNum
baseline_run1,baseline,2026/04/15-06:40:59.413257,0,1,4,4,0,,263114237,LevelL0FilesNum
baseline_run1,baseline,2026/04/15-06:40:59.810696,0,1,4,4,0,,263118165,LevelL0FilesNum
baseline_run1,baseline,2026/04/15-06:41:00.281653,0,1,4,4,0,,263105837,LevelL0FilesNum
baseline_run1,baseline,2026/04/15-06:41:00.874914,0,1,4,4,0,,263122422,LevelL0FilesNum
baseline_run1,baseline,2026/04/15-06:41:01.246854,0,1,6,6,0,,1380720873,LevelL0FilesNum
baseline_run1,baseline,2026/04/15-06:41:03.339982,0,1,4,4,0,,263089510,LevelL0FilesNum
baseline_run1,baseline,2026/04/15-06:41:03.736275,0,1,4,4,0,,263108694,LevelL0FilesNum
baseline_run1,baseline,2026/04/15-06:41:04.195570,0,1,4,4,0,,263122324,LevelL0FilesNum
baseline_run1,baseline,2026/04/15-06:41:04.785435,0,1,4,4,0,,263118291,LevelL0FilesNum
baseline_run1,baseline,2026/04/15-06:41:05.171477,0,1,5,5,0,,1117769706,LevelL0FilesNum
baseline_run1,baseline,2026/04/15-06:41:05.974204,1,2,2,1,1,,144866955,LevelMaxLevelSize
baseline_run1,baseline,2026/04/15-06:41:05.974270,1,2,2,1,1,,115747075,LevelMaxLevelSize
baseline_run1,baseline,2026/04/15-06:41:05.974392,1,2,2,1,1,,107302605,LevelMaxLevelSize
baseline_run1,baseline,2026/04/15-06:41:05.974703,1,2,2,1,1,,144337129,LevelMaxLevelSize
baseline_run1,baseline,2026/04/15-06:41:05.975139,1,2,2,1,1,,166200608,LevelMaxLevelSize
baseline_run1,baseline,2026/04/15-06:41:05.975377,1,2,2,1,1,,182995963,LevelMaxLevelSize
baseline_run1,baseline,2026/04/15-06:41:05.975385,1,2,2,1,1,,189519386,LevelMaxLevelSize
baseline_run1,baseline,2026/04/15-06:41:05.975391,1,2,2,1,1,,173804327,LevelMaxLevelSize
baseline_run1,baseline,2026/04/15-06:41:05.975397,1,2,2,1,1,,147738372,LevelMaxLevelSize
baseline_run1,baseline,2026/04/15-06:41:05.975404,1,2,2,1,1,,86185461,LevelMaxLevelSize
baseline_run1,baseline,2026/04/15-06:41:05.975407,1,2,2,1,1,,112047954,LevelMaxLevelSize
baseline_run1,baseline,2026/04/15-06:41:05.975411,1,2,2,1,1,,78393307,LevelMaxLevelSize
baseline_run1,baseline,2026/04/15-06:41:05.975416,1,2,2,1,1,,153699487,LevelMaxLevelSize
baseline_run1,baseline,2026/04/15-06:41:05.975477,1,2,2,1,1,,144685316,LevelMaxLevelSize
baseline_run1,baseline,2026/04/15-06:41:05.975495,1,2,2,1,1,,113967202,LevelMaxLevelSize
baseline_run1,baseline,2026/04/15-06:41:05.975498,1,2,3,2,1,,268313993,LevelMaxLevelSize
baseline_run1,baseline,2026/04/15-06:41:05.975502,1,2,2,1,1,,199594926,LevelMaxLevelSize
baseline_run1,baseline,2026/04/15-06:41:05.976302,1,2,2,1,1,,164282042,LevelMaxLevelSize
baseline_run1,baseline,2026/04/15-06:41:05.976306,1,2,2,1,1,,96515164,LevelMaxLevelSize
baseline_run1,baseline,2026/04/15-06:41:05.978907,2,3,10,1,9,,717338964,LevelMaxLevelSize
baseline_run1,baseline,2026/04/15-06:41:05.978941,2,3,3,1,2,,265717152,LevelMaxLevelSize
baseline_run1,baseline,2026/04/15-06:41:05.978974,2,3,4,1,3,,325684627,LevelMaxLevelSize
baseline_run1,baseline,2026/04/15-06:41:05.978998,2,3,9,1,8,,515449856,LevelMaxLevelSize
baseline_run1,baseline,2026/04/15-06:41:06.076364,0,1,4,4,0,,263127591,LevelL0FilesNum
baseline_run1,baseline,2026/04/15-06:41:06.076364,1,2,2,1,1,,127736846,LevelMaxLevelSize
baseline_run1,baseline,2026/04/15-06:41:06.076371,1,2,2,1,1,,176046697,LevelMaxLevelSize
baseline_run1,baseline,2026/04/15-06:41:06.186125,2,3,2,1,1,,50475317,LevelMaxLevelSize
baseline_run1,baseline,2026/04/15-06:41:06.186127,2,3,3,1,2,,179263671,LevelMaxLevelSize
baseline_run1,baseline,2026/04/15-06:41:06.199320,2,3,2,1,1,,32475209,LevelMaxLevelSize
baseline_run1,baseline,2026/04/15-06:41:06.199332,2,3,6,1,5,,356432081,LevelMaxLevelSize
baseline_run1,baseline,2026/04/15-06:41:06.206903,2,3,4,1,3,,179204931,LevelMaxLevelSize
baseline_run1,baseline,2026/04/15-06:41:06.206979,2,3,4,1,3,,281552672,LevelMaxLevelSize
baseline_run1,baseline,2026/04/15-06:41:06.214004,2,3,4,1,3,,347522209,LevelMaxLevelSize
baseline_run1,baseline,2026/04/15-06:41:06.214009,2,3,2,1,1,,9157291,LevelMaxLevelSize
baseline_run1,baseline,2026/04/15-06:41:06.214016,2,3,2,1,1,,126591414,LevelMaxLevelSize
baseline_run1,baseline,2026/04/15-06:41:06.217433,2,3,3,1,2,,181554779,LevelMaxLevelSize
baseline_run1,baseline,2026/04/15-06:41:06.217524,2,3,4,1,3,,249860914,LevelMaxLevelSize
baseline_run1,baseline,2026/04/15-06:41:06.277836,2,3,3,1,2,,236784913,LevelMaxLevelSize
baseline_run1,baseline,2026/04/15-06:41:06.277841,2,3,2,1,1,,92676193,LevelMaxLevelSize
baseline_run1,baseline,2026/04/15-06:41:06.277841,2,3,3,1,2,,217366213,LevelMaxLevelSize
baseline_run1,baseline,2026/04/15-06:41:06.286699,2,3,4,1,3,,234308404,LevelMaxLevelSize
baseline_run1,baseline,2026/04/15-06:41:06.286755,2,3,3,1,2,,177333899,LevelMaxLevelSize
baseline_run1,baseline,2026/04/15-06:41:06.286770,2,3,6,1,5,,376535913,LevelMaxLevelSize
baseline_run1,baseline,2026/04/15-06:41:06.288585,2,3,9,1,8,,743794369,LevelMaxLevelSize
baseline_run1,baseline,2026/04/15-06:41:06.288585,2,3,4,1,3,,255675698,LevelMaxLevelSize
baseline_run1,baseline,2026/04/15-06:41:06.299871,2,3,5,1,4,,336234983,LevelMaxLevelSize
baseline_run1,baseline,2026/04/15-06:41:06.299880,2,3,4,1,3,,228215484,LevelMaxLevelSize
baseline_run1,baseline,2026/04/15-06:41:06.309723,2,3,3,1,2,,206125649,LevelMaxLevelSize
baseline_run1,baseline,2026/04/15-06:41:06.309728,2,3,4,1,3,,217165149,LevelMaxLevelSize
baseline_run1,baseline,2026/04/15-06:41:06.327387,2,3,3,1,2,,165366331,LevelMaxLevelSize
baseline_run1,baseline,2026/04/15-06:41:06.327442,2,3,3,1,2,,146262258,LevelMaxLevelSize
baseline_run1,baseline,2026/04/15-06:41:06.330959,2,3,4,1,3,,222776212,LevelMaxLevelSize
baseline_run1,baseline,2026/04/15-06:41:06.347096,2,3,3,1,2,,219749541,LevelMaxLevelSize
baseline_run1,baseline,2026/04/15-06:41:06.369883,2,3,4,1,3,,242433821,LevelMaxLevelSize
baseline_run1,baseline,2026/04/15-06:41:06.381488,2,3,2,1,1,,124094217,LevelMaxLevelSize
baseline_run1,baseline,2026/04/15-06:41:06.390170,2,3,4,1,3,,244431842,LevelMaxLevelSize
baseline_run1,baseline,2026/04/15-06:41:06.428706,2,3,4,1,3,,135811906,LevelMaxLevelSize
baseline_run1,baseline,2026/04/15-06:41:06.487383,2,3,3,1,2,,200860988,LevelMaxLevelSize
baseline_run1,baseline,2026/04/15-06:41:06.510492,2,3,2,1,1,,114006958,LevelMaxLevelSize
baseline_run1,baseline,2026/04/15-06:41:06.514364,2,3,4,1,3,,225981297,LevelMaxLevelSize
baseline_run1,baseline,2026/04/15-06:41:06.577652,0,1,4,4,0,,263108747,LevelL0FilesNum
baseline_run1,baseline,2026/04/15-06:41:06.591673,2,3,3,1,2,,165318977,LevelMaxLevelSize
baseline_run1,baseline,2026/04/15-06:41:06.622058,2,3,3,1,2,,186773197,LevelMaxLevelSize
baseline_run1,baseline,2026/04/15-06:41:06.643423,2,3,3,1,2,,202139065,LevelMaxLevelSize
baseline_run1,baseline,2026/04/15-06:41:06.647208,2,3,3,1,2,,186914470,LevelMaxLevelSize
baseline_run1,baseline,2026/04/15-06:41:06.679719,2,3,3,1,2,,139345630,LevelMaxLevelSize
baseline_run1,baseline,2026/04/15-06:41:06.682054,2,3,3,1,2,,126801944,LevelMaxLevelSize
baseline_run1,baseline,2026/04/15-06:41:06.684073,2,3,3,1,2,,346242087,LevelMaxLevelSize
baseline_run1,baseline,2026/04/15-06:41:06.710963,2,3,5,1,4,,272737385,LevelMaxLevelSize
baseline_run1,baseline,2026/04/15-06:41:06.731019,2,3,5,1,4,,288906102,LevelMaxLevelSize
baseline_run1,baseline,2026/04/15-06:41:06.734123,2,3,7,1,6,,373919455,LevelMaxLevelSize
baseline_run1,baseline,2026/04/15-06:41:06.760261,2,3,2,1,1,,75773661,LevelMaxLevelSize
baseline_run1,baseline,2026/04/15-06:41:06.798355,2,3,11,1,10,,751608276,LevelMaxLevelSize
baseline_run1,baseline,2026/04/15-06:41:06.799745,2,3,3,1,2,,173758667,LevelMaxLevelSize
baseline_run1,baseline,2026/04/15-06:41:06.805874,2,3,5,1,4,,346037273,LevelMaxLevelSize
baseline_run1,baseline,2026/04/15-06:41:06.811354,2,3,6,1,5,,385660426,LevelMaxLevelSize
baseline_run1,baseline,2026/04/15-06:41:06.842681,2,3,3,1,2,,140535717,LevelMaxLevelSize
baseline_run1,baseline,2026/04/15-06:41:06.850153,2,3,6,1,5,,415575271,LevelMaxLevelSize
baseline_run1,baseline,2026/04/15-06:41:06.980975,0,1,4,4,0,,263113195,LevelL0FilesNum
baseline_run1,baseline,2026/04/15-06:41:07.383672,0,1,4,4,0,,263107843,LevelL0FilesNum
baseline_run1,baseline,2026/04/15-06:41:07.436017,3,4,2,1,1,,182143910,LevelMaxLevelSize
baseline_run1,baseline,2026/04/15-06:41:07.462721,3,4,2,1,1,,195356460,LevelMaxLevelSize
baseline_run1,baseline,2026/04/15-06:41:07.462806,3,4,2,1,1,,157706697,LevelMaxLevelSize
baseline_run1,baseline,2026/04/15-06:41:07.462810,3,4,2,1,1,,151959142,LevelMaxLevelSize
baseline_run1,baseline,2026/04/15-06:41:07.462813,3,4,2,1,1,,152871077,LevelMaxLevelSize
baseline_run1,baseline,2026/04/15-06:41:07.462956,3,4,2,1,1,,147405222,LevelMaxLevelSize
baseline_run1,baseline,2026/04/15-06:41:07.463015,3,4,3,1,2,,147645838,LevelMaxLevelSize
baseline_run1,baseline,2026/04/15-06:41:07.463030,3,4,2,1,1,,142203809,LevelMaxLevelSize
baseline_run1,baseline,2026/04/15-06:41:07.512964,3,4,2,1,1,,141731359,LevelMaxLevelSize
baseline_run1,baseline,2026/04/15-06:41:07.512964,3,4,2,1,1,,142027378,LevelMaxLevelSize
baseline_run1,baseline,2026/04/15-06:41:07.513245,3,4,2,1,1,,141991770,LevelMaxLevelSize
baseline_run1,baseline,2026/04/15-06:41:07.513259,3,4,2,1,1,,136675503,LevelMaxLevelSize
baseline_run1,baseline,2026/04/15-06:41:07.513262,3,4,3,1,2,,203396104,LevelMaxLevelSize
baseline_run1,baseline,2026/04/15-06:41:07.586175,3,4,2,1,1,,136652691,LevelMaxLevelSize
baseline_run1,baseline,2026/04/15-06:41:07.586282,3,4,3,1,2,,178592216,LevelMaxLevelSize
baseline_run1,baseline,2026/04/15-06:41:07.586579,3,4,2,1,1,,135137689,LevelMaxLevelSize
baseline_run1,baseline,2026/04/15-06:41:07.586686,3,4,2,1,1,,134362705,LevelMaxLevelSize
baseline_run1,baseline,2026/04/15-06:41:07.586694,3,4,2,1,1,,134348049,LevelMaxLevelSize
baseline_run1,baseline,2026/04/15-06:41:07.797054,0,1,4,4,0,,263104732,LevelL0FilesNum
baseline_run1,baseline,2026/04/15-06:41:07.801023,3,4,2,1,1,,134213059,LevelMaxLevelSize
baseline_run1,baseline,2026/04/15-06:41:07.801023,3,4,2,1,1,,134226518,LevelMaxLevelSize
baseline_run1,baseline,2026/04/15-06:41:07.801100,3,4,2,1,1,,134145516,LevelMaxLevelSize
baseline_run1,baseline,2026/04/15-06:41:07.801346,3,4,2,1,1,,133874233,LevelMaxLevelSize
baseline_run1,baseline,2026/04/15-06:41:07.801475,3,4,2,1,1,,134120610,LevelMaxLevelSize
baseline_run1,baseline,2026/04/15-06:41:07.801546,3,4,3,1,2,,215965835,LevelMaxLevelSize
baseline_run1,baseline,2026/04/15-06:41:07.801553,3,4,3,1,2,,201747232,LevelMaxLevelSize
baseline_run1,baseline,2026/04/15-06:41:07.801555,3,4,2,1,1,,133801577,LevelMaxLevelSize
baseline_run1,baseline,2026/04/15-06:41:07.801565,3,4,2,1,1,,133821292,LevelMaxLevelSize
baseline_run1,baseline,2026/04/15-06:41:07.801569,3,4,3,1,2,,201534279,LevelMaxLevelSize
baseline_run1,baseline,2026/04/15-06:41:08.136755,3,4,2,1,1,,93847184,LevelMaxLevelSize
baseline_run1,baseline,2026/04/15-06:41:08.136818,3,4,2,1,1,,92347871,LevelMaxLevelSize
baseline_run1,baseline,2026/04/15-06:41:08.136944,3,4,2,1,1,,133527235,LevelMaxLevelSize
baseline_run1,baseline,2026/04/15-06:41:08.137120,3,4,2,1,1,,133274794,LevelMaxLevelSize
baseline_run1,baseline,2026/04/15-06:41:08.137285,3,4,3,1,2,,212011331,LevelMaxLevelSize
baseline_run1,baseline,2026/04/15-06:41:08.137289,3,4,2,1,1,,130652415,LevelMaxLevelSize
baseline_run1,baseline,2026/04/15-06:41:08.137295,3,4,2,1,1,,133358917,LevelMaxLevelSize
baseline_run1,baseline,2026/04/15-06:41:08.137299,3,4,2,1,1,,133371343,LevelMaxLevelSize
baseline_run1,baseline,2026/04/15-06:41:08.137303,3,4,2,1,1,,131030588,LevelMaxLevelSize
baseline_run1,baseline,2026/04/15-06:41:08.137316,3,4,2,1,1,,131687386,LevelMaxLevelSize
baseline_run1,baseline,2026/04/15-06:41:08.137318,3,4,2,1,1,,130926638,LevelMaxLevelSize
baseline_run1,baseline,2026/04/15-06:41:08.194384,0,1,4,4,0,,263107695,LevelL0FilesNum
baseline_run1,baseline,2026/04/15-06:41:08.582562,0,1,4,4,0,,263124543,LevelL0FilesNum
baseline_run1,baseline,2026/04/15-06:41:08.939396,0,1,31,12,19,,5903760862,LevelL0FilesNum
baseline_run1,baseline,2026/04/15-06:41:09.283598,0,1,4,4,0,,263107740,LevelL0FilesNum
baseline_run1,baseline,2026/04/15-06:41:09.690651,0,1,4,4,0,,263118187,LevelL0FilesNum
baseline_run1,baseline,2026/04/15-06:41:10.174922,0,1,4,4,0,,263088329,LevelL0FilesNum
baseline_run1,baseline,2026/04/15-06:41:10.749948,0,1,4,4,0,,263107260,LevelL0FilesNum
baseline_run1,baseline,2026/04/15-06:41:11.129719,0,1,5,5,0,,1117772972,LevelL0FilesNum
baseline_run1,baseline,2026/04/15-06:41:12.803244,0,1,4,4,0,,263114257,LevelL0FilesNum
baseline_run1,baseline,2026/04/15-06:41:13.299793,0,1,4,4,0,,263089237,LevelL0FilesNum
baseline_run1,baseline,2026/04/15-06:41:17.797894,1,2,2,1,1,,173488796,LevelMaxLevelSize
baseline_run1,baseline,2026/04/15-06:41:17.797895,1,2,2,1,1,,147422664,LevelMaxLevelSize
baseline_run1,baseline,2026/04/15-06:41:17.797917,1,2,2,1,1,,75854425,LevelMaxLevelSize
baseline_run1,baseline,2026/04/15-06:41:17.797998,1,2,2,1,1,,169383297,LevelMaxLevelSize
baseline_run1,baseline,2026/04/15-06:41:17.798268,1,2,2,1,1,,193287930,LevelMaxLevelSize
baseline_run1,baseline,2026/04/15-06:41:17.798270,1,2,2,1,1,,189585422,LevelMaxLevelSize
baseline_run1,baseline,2026/04/15-06:41:17.798273,1,2,2,1,1,,181012963,LevelMaxLevelSize
baseline_run1,baseline,2026/04/15-06:41:17.798415,1,2,2,1,1,,169353864,LevelMaxLevelSize
baseline_run1,baseline,2026/04/15-06:41:17.798572,1,2,2,1,1,,171658556,LevelMaxLevelSize
baseline_run1,baseline,2026/04/15-06:41:17.798576,1,2,2,1,1,,117424986,LevelMaxLevelSize
baseline_run1,baseline,2026/04/15-06:41:17.798585,1,2,3,1,2,,173484053,LevelMaxLevelSize
baseline_run1,baseline,2026/04/15-06:41:17.798610,1,2,2,1,1,,187473844,LevelMaxLevelSize
baseline_run1,baseline,2026/04/15-06:41:17.798611,1,2,2,1,1,,110249047,LevelMaxLevelSize
baseline_run1,baseline,2026/04/15-06:41:17.798861,1,2,3,2,1,,350184731,LevelMaxLevelSize
baseline_run1,baseline,2026/04/15-06:41:17.799101,1,2,4,3,1,,533925626,LevelMaxLevelSize
baseline_run1,baseline,2026/04/15-06:41:17.799139,1,2,3,1,2,,132128405,LevelMaxLevelSize
baseline_run1,baseline,2026/04/15-06:41:17.800353,1,2,2,1,1,,132848749,LevelMaxLevelSize
baseline_run1,baseline,2026/04/15-06:41:17.800363,1,2,3,1,2,,176541824,LevelMaxLevelSize
baseline_run1,baseline,2026/04/15-06:41:17.804433,2,3,5,1,4,,298024136,LevelMaxLevelSize
baseline_run1,baseline,2026/04/15-06:41:17.804890,2,3,2,1,1,,107210374,LevelMaxLevelSize
baseline_run1,baseline,2026/04/15-06:41:17.804901,2,3,5,1,4,,282667064,LevelMaxLevelSize
baseline_run1,baseline,2026/04/15-06:41:17.804916,2,3,6,1,5,,523764440,LevelMaxLevelSize
baseline_run1,baseline,2026/04/15-06:41:17.804945,2,3,9,1,8,,546954696,LevelMaxLevelSize
baseline_run1,baseline,2026/04/15-06:41:17.805030,2,3,3,1,2,,168074698,LevelMaxLevelSize
baseline_run1,baseline,2026/04/15-06:41:17.805175,2,3,5,1,4,,261347286,LevelMaxLevelSize
baseline_run1,baseline,2026/04/15-06:41:17.805176,2,3,5,1,4,,287774821,LevelMaxLevelSize
baseline_run1,baseline,2026/04/15-06:41:17.805382,2,3,10,1,9,,669359908,LevelMaxLevelSize
baseline_run1,baseline,2026/04/15-06:41:17.805388,2,3,10,1,9,,677329990,LevelMaxLevelSize
baseline_run1,baseline,2026/04/15-06:41:17.805400,2,3,8,1,7,,598152467,LevelMaxLevelSize
baseline_run1,baseline,2026/04/15-06:41:17.972104,2,3,3,1,2,,89773189,LevelMaxLevelSize
baseline_run1,baseline,2026/04/15-06:41:17.972104,2,3,4,1,3,,249500555,LevelMaxLevelSize
baseline_run1,baseline,2026/04/15-06:41:18.051544,2,3,4,1,3,,257195406,LevelMaxLevelSize
baseline_run1,baseline,2026/04/15-06:41:18.051551,2,3,6,1,5,,495884593,LevelMaxLevelSize
baseline_run1,baseline,2026/04/15-06:41:18.060369,2,3,8,1,7,,615200362,LevelMaxLevelSize
baseline_run1,baseline,2026/04/15-06:41:18.094700,2,3,4,1,3,,230181976,LevelMaxLevelSize
baseline_run1,baseline,2026/04/15-06:41:18.094724,2,3,5,1,4,,311703106,LevelMaxLevelSize
baseline_run1,baseline,2026/04/15-06:41:18.096539,2,3,11,1,10,,831469292,LevelMaxLevelSize
baseline_run1,baseline,2026/04/15-06:41:18.096543,2,3,7,1,6,,391892733,LevelMaxLevelSize
baseline_run1,baseline,2026/04/15-06:41:18.117381,0,1,4,4,0,,263123498,LevelL0FilesNum
baseline_run1,baseline,2026/04/15-06:41:18.130195,2,3,4,1,3,,260172953,LevelMaxLevelSize
baseline_run1,baseline,2026/04/15-06:41:18.173927,2,3,5,1,4,,240384844,LevelMaxLevelSize
baseline_run1,baseline,2026/04/15-06:41:18.173932,2,3,3,1,2,,184236986,LevelMaxLevelSize
baseline_run1,baseline,2026/04/15-06:41:18.174036,2,3,5,1,4,,313554260,LevelMaxLevelSize
baseline_run1,baseline,2026/04/15-06:41:18.183156,2,3,2,1,1,,186958344,LevelMaxLevelSize
baseline_run1,baseline,2026/04/15-06:41:18.183156,2,3,5,1,4,,289237432,LevelMaxLevelSize
baseline_run1,baseline,2026/04/15-06:41:18.183156,2,3,6,1,5,,434152532,LevelMaxLevelSize
baseline_run1,baseline,2026/04/15-06:41:18.185002,2,3,3,1,2,,160197635,LevelMaxLevelSize
baseline_run1,baseline,2026/04/15-06:41:18.185100,2,3,4,1,3,,218727493,LevelMaxLevelSize
baseline_run1,baseline,2026/04/15-06:41:18.188705,2,3,3,1,2,,181865488,LevelMaxLevelSize
baseline_run1,baseline,2026/04/15-06:41:18.197819,2,3,4,1,3,,187998024,LevelMaxLevelSize
baseline_run1,baseline,2026/04/15-06:41:18.199881,2,3,2,1,1,,180912676,LevelMaxLevelSize
baseline_run1,baseline,2026/04/15-06:41:18.227911,2,3,4,1,3,,220127801,LevelMaxLevelSize
baseline_run1,baseline,2026/04/15-06:41:18.229323,2,3,3,1,2,,227477483,LevelMaxLevelSize
baseline_run1,baseline,2026/04/15-06:41:18.230433,2,3,2,1,1,,157188079,LevelMaxLevelSize
baseline_run1,baseline,2026/04/15-06:41:18.236973,2,3,2,1,1,,108702045,LevelMaxLevelSize
baseline_run1,baseline,2026/04/15-06:41:18.422015,2,3,4,1,3,,212380348,LevelMaxLevelSize
baseline_run1,baseline,2026/04/15-06:41:18.454039,2,3,2,1,1,,74429014,LevelMaxLevelSize
baseline_run1,baseline,2026/04/15-06:41:18.485327,2,3,4,1,3,,247212369,LevelMaxLevelSize
baseline_run1,baseline,2026/04/15-06:41:18.491799,2,3,2,1,1,,166947416,LevelMaxLevelSize
baseline_run1,baseline,2026/04/15-06:41:18.493226,2,3,4,1,3,,220769399,LevelMaxLevelSize
baseline_run1,baseline,2026/04/15-06:41:18.554023,2,3,3,1,2,,169213580,LevelMaxLevelSize
baseline_run1,baseline,2026/04/15-06:41:18.569593,2,3,2,1,1,,177277083,LevelMaxLevelSize
baseline_run1,baseline,2026/04/15-06:41:18.607519,2,3,4,1,3,,257168566,LevelMaxLevelSize
baseline_run1,baseline,2026/04/15-06:41:18.616562,2,3,5,1,4,,293625749,LevelMaxLevelSize
baseline_run1,baseline,2026/04/15-06:41:18.626374,0,1,4,4,0,,263129481,LevelL0FilesNum
baseline_run1,baseline,2026/04/15-06:41:18.630441,2,3,2,1,1,,94437454,LevelMaxLevelSize
baseline_run1,baseline,2026/04/15-06:41:18.632769,2,3,4,1,3,,245231640,LevelMaxLevelSize
baseline_run1,baseline,2026/04/15-06:41:18.634122,2,3,4,1,3,,261026585,LevelMaxLevelSize
baseline_run1,baseline,2026/04/15-06:41:18.637091,2,3,2,1,1,,116969201,LevelMaxLevelSize
baseline_run1,baseline,2026/04/15-06:41:18.647251,2,3,3,1,2,,233777194,LevelMaxLevelSize
baseline_run1,baseline,2026/04/15-06:41:18.660181,2,3,3,1,2,,233336420,LevelMaxLevelSize
baseline_run1,baseline,2026/04/15-06:41:18.679576,2,3,2,1,1,,116438855,LevelMaxLevelSize
baseline_run1,baseline,2026/04/15-06:41:18.723859,2,3,4,1,3,,248375810,LevelMaxLevelSize
baseline_run1,baseline,2026/04/15-06:41:18.731228,2,3,5,1,4,,299993937,LevelMaxLevelSize
baseline_run1,baseline,2026/04/15-06:41:18.770436,2,3,3,1,2,,230673353,LevelMaxLevelSize
baseline_run1,baseline,2026/04/15-06:41:18.773017,2,3,4,1,3,,258878099,LevelMaxLevelSize
baseline_run1,baseline,2026/04/15-06:41:18.777368,2,3,4,1,3,,246964098,LevelMaxLevelSize
baseline_run1,baseline,2026/04/15-06:41:19.064855,2,3,2,1,1,,109916347,LevelMaxLevelSize
baseline_run1,baseline,2026/04/15-06:41:19.064973,2,3,3,1,2,,196722583,LevelMaxLevelSize
baseline_run1,baseline,2026/04/15-06:41:19.065093,2,3,3,1,2,,178090512,LevelMaxLevelSize
baseline_run1,baseline,2026/04/15-06:41:19.065224,2,3,3,1,2,,179772923,LevelMaxLevelSize
baseline_run1,baseline,2026/04/15-06:41:19.065434,2,3,4,1,3,,211160502,LevelMaxLevelSize
baseline_run1,baseline,2026/04/15-06:41:19.065440,2,3,4,1,3,,216820322,LevelMaxLevelSize
baseline_run1,baseline,2026/04/15-06:41:19.065447,2,3,3,1,2,,224379086,LevelMaxLevelSize
baseline_run1,baseline,2026/04/15-06:41:19.065447,2,3,4,1,3,,258820779,LevelMaxLevelSize
baseline_run1,baseline,2026/04/15-06:41:19.065454,2,3,3,1,2,,183150524,LevelMaxLevelSize
baseline_run1,baseline,2026/04/15-06:41:19.082110,0,1,4,4,0,,263097254,LevelL0FilesNum
baseline_run1,baseline,2026/04/15-06:41:19.321988,3,4,2,1,1,,169118062,LevelMaxLevelSize
baseline_run1,baseline,2026/04/15-06:41:19.321996,3,4,3,1,2,,210404656,LevelMaxLevelSize
baseline_run1,baseline,2026/04/15-06:41:19.321997,3,4,3,1,2,,140228332,LevelMaxLevelSize
baseline_run1,baseline,2026/04/15-06:41:19.322002,3,4,2,1,1,,157714140,LevelMaxLevelSize
baseline_run1,baseline,2026/04/15-06:41:19.322007,3,4,2,1,1,,180757325,LevelMaxLevelSize
baseline_run1,baseline,2026/04/15-06:41:19.322009,3,4,2,1,1,,149421717,LevelMaxLevelSize
baseline_run1,baseline,2026/04/15-06:41:19.350341,3,4,2,1,1,,138659014,LevelMaxLevelSize
baseline_run1,baseline,2026/04/15-06:41:19.350559,3,4,2,1,1,,138593207,LevelMaxLevelSize
baseline_run1,baseline,2026/04/15-06:41:19.350566,3,4,2,1,1,,138507206,LevelMaxLevelSize
baseline_run1,baseline,2026/04/15-06:41:19.350567,3,4,2,1,1,,138327447,LevelMaxLevelSize
baseline_run1,baseline,2026/04/15-06:41:19.350572,3,4,2,1,1,,138250373,LevelMaxLevelSize
baseline_run1,baseline,2026/04/15-06:41:19.416994,3,4,2,1,1,,96611839,LevelMaxLevelSize
baseline_run1,baseline,2026/04/15-06:41:19.417000,3,4,2,1,1,,138258867,LevelMaxLevelSize
baseline_run1,baseline,2026/04/15-06:41:19.424025,3,4,2,1,1,,138005413,LevelMaxLevelSize
baseline_run1,baseline,2026/04/15-06:41:19.424155,3,4,3,1,2,,183659233,LevelMaxLevelSize
baseline_run1,baseline,2026/04/15-06:41:19.424157,3,4,2,1,1,,138008537,LevelMaxLevelSize
baseline_run1,baseline,2026/04/15-06:41:19.425435,3,4,2,1,1,,137976243,LevelMaxLevelSize
baseline_run1,baseline,2026/04/15-06:41:19.425461,3,4,2,1,1,,137928437,LevelMaxLevelSize
baseline_run1,baseline,2026/04/15-06:41:19.439703,3,4,2,1,1,,137865116,LevelMaxLevelSize
baseline_run1,baseline,2026/04/15-06:41:19.439706,3,4,3,1,2,,199144631,LevelMaxLevelSize
baseline_run1,baseline,2026/04/15-06:41:19.439848,3,4,2,1,1,,137909787,LevelMaxLevelSize
baseline_run1,baseline,2026/04/15-06:41:19.440113,3,4,2,1,1,,137804845,LevelMaxLevelSize
baseline_run1,baseline,2026/04/15-06:41:19.440115,3,4,2,1,1,,137709296,LevelMaxLevelSize
baseline_run1,baseline,2026/04/15-06:41:19.440118,3,4,2,1,1,,137839103,LevelMaxLevelSize
baseline_run1,baseline,2026/04/15-06:41:19.440143,3,4,2,1,1,,137771560,LevelMaxLevelSize
baseline_run1,baseline,2026/04/15-06:41:19.440152,3,4,2,1,1,,137832697,LevelMaxLevelSize
baseline_run1,baseline,2026/04/15-06:41:19.459391,3,4,2,1,1,,137705016,LevelMaxLevelSize
baseline_run1,baseline,2026/04/15-06:41:19.459465,3,4,2,1,1,,137595036,LevelMaxLevelSize
baseline_run1,baseline,2026/04/15-06:41:19.459538,3,4,2,1,1,,137509798,LevelMaxLevelSize
baseline_run1,baseline,2026/04/15-06:41:19.496866,3,4,3,1,2,,261957575,LevelMaxLevelSize
baseline_run1,baseline,2026/04/15-06:41:19.496880,3,4,2,1,1,,137021438,LevelMaxLevelSize
baseline_run1,baseline,2026/04/15-06:41:19.520151,3,4,2,1,1,,130647157,LevelMaxLevelSize
baseline_run1,baseline,2026/04/15-06:41:19.522558,3,4,2,1,1,,130485217,LevelMaxLevelSize
baseline_run1,baseline,2026/04/15-06:41:19.601542,0,1,4,4,0,,263116209,LevelL0FilesNum
baseline_run1,baseline,2026/04/15-06:41:19.623376,3,4,2,1,1,,130346816,LevelMaxLevelSize
baseline_run1,baseline,2026/04/15-06:41:19.625213,3,4,2,1,1,,130291955,LevelMaxLevelSize
baseline_run1,baseline,2026/04/15-06:41:19.632569,3,4,2,1,1,,130316671,LevelMaxLevelSize
baseline_run1,baseline,2026/04/15-06:41:19.644994,3,4,2,1,1,,130198393,LevelMaxLevelSize
baseline_run1,baseline,2026/04/15-06:41:19.646174,3,4,2,1,1,,130185769,LevelMaxLevelSize
baseline_run1,baseline,2026/04/15-06:41:19.651042,3,4,2,1,1,,130002925,LevelMaxLevelSize
baseline_run1,baseline,2026/04/15-06:41:19.657776,3,4,2,1,1,,129881310,LevelMaxLevelSize
baseline_run1,baseline,2026/04/15-06:41:19.664184,3,4,2,1,1,,129817999,LevelMaxLevelSize
baseline_run1,baseline,2026/04/15-06:41:19.668432,3,4,2,1,1,,129750462,LevelMaxLevelSize
baseline_run1,baseline,2026/04/15-06:41:19.894879,3,4,2,1,1,,129744266,LevelMaxLevelSize
baseline_run1,baseline,2026/04/15-06:41:19.894879,3,4,2,1,1,,129665232,LevelMaxLevelSize
baseline_run1,baseline,2026/04/15-06:41:19.894884,3,4,2,1,1,,100297139,LevelMaxLevelSize
baseline_run1,baseline,2026/04/15-06:41:19.895021,3,4,2,1,1,,129548126,LevelMaxLevelSize
baseline_run1,baseline,2026/04/15-06:41:19.895099,3,4,2,1,1,,128645220,LevelMaxLevelSize
baseline_run1,baseline,2026/04/15-06:41:19.895105,3,4,2,1,1,,128904838,LevelMaxLevelSize
baseline_run1,baseline,2026/04/15-06:41:19.895221,3,4,2,1,1,,128418734,LevelMaxLevelSize
baseline_run1,baseline,2026/04/15-06:41:19.895343,3,4,3,1,2,,218195647,LevelMaxLevelSize
baseline_run1,baseline,2026/04/15-06:41:19.895348,3,4,2,1,1,,128181902,LevelMaxLevelSize
baseline_run1,baseline,2026/04/15-06:41:19.895365,3,4,2,1,1,,127954159,LevelMaxLevelSize
baseline_run1,baseline,2026/04/15-06:41:19.895455,3,4,2,1,1,,127874338,LevelMaxLevelSize
baseline_run1,baseline,2026/04/15-06:41:19.895487,3,4,5,2,3,,343677028,LevelMaxLevelSize
baseline_run1,baseline,2026/04/15-06:41:19.980331,0,1,4,4,0,,263131663,LevelL0FilesNum
baseline_run1,baseline,2026/04/15-06:41:20.376614,0,1,28,11,17,,4577288730,LevelL0FilesNum
baseline_run1,baseline,2026/04/15-06:41:20.674402,0,1,4,4,0,,263114062,LevelL0FilesNum
baseline_run1,baseline,2026/04/15-06:41:21.063116,0,1,4,4,0,,263117092,LevelL0FilesNum
baseline_run1,baseline,2026/04/15-06:41:21.458949,0,1,4,4,0,,263107282,LevelL0FilesNum
baseline_run1,baseline,2026/04/15-06:41:21.941398,0,1,4,4,0,,263108107,LevelL0FilesNum
baseline_run1,baseline,2026/04/15-06:41:22.525178,0,1,4,4,0,,263102235,LevelL0FilesNum
baseline_run1,baseline,2026/04/15-06:41:22.887732,0,1,6,6,0,,1380723544,LevelL0FilesNum
baseline_run1,baseline,2026/04/15-06:41:24.897878,0,1,4,4,0,,263113736,LevelL0FilesNum
baseline_run1,baseline,2026/04/15-06:41:25.303123,0,1,4,4,0,,263112141,LevelL0FilesNum
baseline_run1,baseline,2026/04/15-06:41:25.790339,0,1,4,4,0,,263113450,LevelL0FilesNum
baseline_run1,baseline,2026/04/15-06:41:26.371929,0,1,4,4,0,,263118228,LevelL0FilesNum
baseline_run1,baseline,2026/04/15-06:41:26.737279,0,1,5,5,0,,1117772886,LevelL0FilesNum
baseline_run1,baseline,2026/04/15-06:41:27.307904,1,2,2,2,0,,184766701,LevelMaxLevelSize
baseline_run1,baseline,2026/04/15-06:41:27.308812,1,2,2,1,1,,164988635,LevelMaxLevelSize
baseline_run1,baseline,2026/04/15-06:41:27.308920,1,2,3,1,2,,186889940,LevelMaxLevelSize
baseline_run1,baseline,2026/04/15-06:41:27.309010,1,2,3,2,1,,246639237,LevelMaxLevelSize
baseline_run1,baseline,2026/04/15-06:41:27.309011,1,2,2,1,1,,154802811,LevelMaxLevelSize
baseline_run1,baseline,2026/04/15-06:41:27.309015,1,2,2,1,1,,99887314,LevelMaxLevelSize
baseline_run1,baseline,2026/04/15-06:41:27.309019,1,2,2,1,1,,159627231,LevelMaxLevelSize
baseline_run1,baseline,2026/04/15-06:41:27.309024,1,2,2,1,1,,192628577,LevelMaxLevelSize
baseline_run1,baseline,2026/04/15-06:41:27.309124,1,2,2,1,1,,167451378,LevelMaxLevelSize
baseline_run1,baseline,2026/04/15-06:41:27.309397,1,2,3,2,1,,315336430,LevelMaxLevelSize
baseline_run1,baseline,2026/04/15-06:41:27.309401,1,2,3,2,1,,268638322,LevelMaxLevelSize
baseline_run1,baseline,2026/04/15-06:41:27.309406,1,2,3,1,2,,148709595,LevelMaxLevelSize
baseline_run1,baseline,2026/04/15-06:41:27.309412,1,2,3,1,2,,237536450,LevelMaxLevelSize
baseline_run1,baseline,2026/04/15-06:41:27.309417,1,2,2,1,1,,243607983,LevelMaxLevelSize
baseline_run1,baseline,2026/04/15-06:41:27.311930,2,3,5,1,4,,366178605,LevelMaxLevelSize
baseline_run1,baseline,2026/04/15-06:41:27.312248,2,3,10,1,9,,681280863,LevelMaxLevelSize
baseline_run1,baseline,2026/04/15-06:41:27.312261,2,3,11,1,10,,714158364,LevelMaxLevelSize
baseline_run1,baseline,2026/04/15-06:41:27.412853,0,1,4,4,0,,263103713,LevelL0FilesNum
baseline_run1,baseline,2026/04/15-06:41:27.412862,1,2,3,2,1,,315820983,LevelMaxLevelSize
baseline_run1,baseline,2026/04/15-06:41:27.595235,2,3,3,1,2,,148522516,LevelMaxLevelSize
baseline_run1,baseline,2026/04/15-06:41:27.605469,2,3,3,1,2,,188440134,LevelMaxLevelSize
baseline_run1,baseline,2026/04/15-06:41:27.605499,2,3,6,1,5,,372595726,LevelMaxLevelSize
baseline_run1,baseline,2026/04/15-06:41:27.605500,2,3,3,1,2,,190188757,LevelMaxLevelSize
baseline_run1,baseline,2026/04/15-06:41:27.615408,2,3,4,1,3,,229383848,LevelMaxLevelSize
baseline_run1,baseline,2026/04/15-06:41:27.615489,2,3,5,1,4,,300599263,LevelMaxLevelSize
baseline_run1,baseline,2026/04/15-06:41:27.626397,2,3,4,1,3,,265818761,LevelMaxLevelSize
baseline_run1,baseline,2026/04/15-06:41:27.626419,2,3,3,1,2,,122578121,LevelMaxLevelSize
baseline_run1,baseline,2026/04/15-06:41:27.626442,2,3,6,1,5,,300248076,LevelMaxLevelSize
baseline_run1,baseline,2026/04/15-06:41:27.627446,2,3,5,1,4,,319008086,LevelMaxLevelSize
baseline_run1,baseline,2026/04/15-06:41:27.627562,2,3,2,1,1,,105924522,LevelMaxLevelSize
baseline_run1,baseline,2026/04/15-06:41:27.627582,2,3,5,1,4,,313411836,LevelMaxLevelSize
baseline_run1,baseline,2026/04/15-06:41:27.652013,2,3,6,1,5,,338674530,LevelMaxLevelSize
baseline_run1,baseline,2026/04/15-06:41:27.652082,2,3,4,1,3,,296623379,LevelMaxLevelSize
baseline_run1,baseline,2026/04/15-06:41:27.660590,2,3,6,1,5,,398394595,LevelMaxLevelSize
baseline_run1,baseline,2026/04/15-06:41:27.660592,2,3,10,1,9,,714787319,LevelMaxLevelSize
baseline_run1,baseline,2026/04/15-06:41:27.684344,2,3,2,1,1,,103580597,LevelMaxLevelSize
baseline_run1,baseline,2026/04/15-06:41:27.684350,2,3,4,1,3,,230445970,LevelMaxLevelSize
baseline_run1,baseline,2026/04/15-06:41:27.684352,2,3,4,1,3,,315274018,LevelMaxLevelSize
baseline_run1,baseline,2026/04/15-06:41:27.782199,2,3,7,1,6,,601985281,LevelMaxLevelSize
baseline_run1,baseline,2026/04/15-06:41:27.782200,2,3,6,1,5,,383578847,LevelMaxLevelSize
baseline_run1,baseline,2026/04/15-06:41:27.782201,2,3,2,1,1,,200250528,LevelMaxLevelSize
baseline_run1,baseline,2026/04/15-06:41:27.787849,2,3,2,1,1,,132100719,LevelMaxLevelSize
baseline_run1,baseline,2026/04/15-06:41:27.787937,2,3,2,1,1,,111102586,LevelMaxLevelSize
baseline_run1,baseline,2026/04/15-06:41:27.787938,2,3,4,1,3,,264441519,LevelMaxLevelSize
baseline_run1,baseline,2026/04/15-06:41:27.788020,2,3,4,1,3,,274587293,LevelMaxLevelSize
baseline_run1,baseline,2026/04/15-06:41:27.805442,2,3,3,1,2,,187822009,LevelMaxLevelSize
baseline_run1,baseline,2026/04/15-06:41:27.805518,2,3,3,1,2,,157409898,LevelMaxLevelSize
baseline_run1,baseline,2026/04/15-06:41:27.854467,0,1,4,4,0,,263120306,LevelL0FilesNum
baseline_run1,baseline,2026/04/15-06:41:27.866870,2,3,3,1,2,,161215492,LevelMaxLevelSize
baseline_run1,baseline,2026/04/15-06:41:27.913685,2,3,2,1,1,,29532136,LevelMaxLevelSize
baseline_run1,baseline,2026/04/15-06:41:27.922281,2,3,4,1,3,,256705877,LevelMaxLevelSize
baseline_run1,baseline,2026/04/15-06:41:27.938490,2,3,2,1,1,,40311579,LevelMaxLevelSize
baseline_run1,baseline,2026/04/15-06:41:27.962010,2,3,5,1,4,,304440563,LevelMaxLevelSize
baseline_run1,baseline,2026/04/15-06:41:27.989863,2,3,2,1,1,,117544573,LevelMaxLevelSize
baseline_run1,baseline,2026/04/15-06:41:27.991852,2,3,3,1,2,,165818529,LevelMaxLevelSize
baseline_run1,baseline,2026/04/15-06:41:28.036283,2,3,3,1,2,,213171128,LevelMaxLevelSize
baseline_run1,baseline,2026/04/15-06:41:28.037775,2,3,3,1,2,,188362590,LevelMaxLevelSize
baseline_run1,baseline,2026/04/15-06:41:28.046752,2,3,4,1,3,,265759615,LevelMaxLevelSize
baseline_run1,baseline,2026/04/15-06:41:28.052928,2,3,3,1,2,,212773887,LevelMaxLevelSize
baseline_run1,baseline,2026/04/15-06:41:28.080502,2,3,4,1,3,,287041462,LevelMaxLevelSize
baseline_run1,baseline,2026/04/15-06:41:28.098465,2,3,3,1,2,,201284244,LevelMaxLevelSize
baseline_run1,baseline,2026/04/15-06:41:28.122109,2,3,3,1,2,,181737419,LevelMaxLevelSize
baseline_run1,baseline,2026/04/15-06:41:28.139311,2,3,5,1,4,,426202027,LevelMaxLevelSize
baseline_run1,baseline,2026/04/15-06:41:28.188837,2,3,2,1,1,,97879078,LevelMaxLevelSize
baseline_run1,baseline,2026/04/15-06:41:28.225866,2,3,11,1,10,,732256583,LevelMaxLevelSize
baseline_run1,baseline,2026/04/15-06:41:28.294026,0,1,4,4,0,,263111908,LevelL0FilesNum
baseline_run1,baseline,2026/04/15-06:41:28.702947,0,1,4,4,0,,263126343,LevelL0FilesNum
baseline_run1,baseline,2026/04/15-06:41:28.783882,3,4,2,1,1,,141135694,LevelMaxLevelSize
baseline_run1,baseline,2026/04/15-06:41:28.784230,3,4,3,1,2,,183777657,LevelMaxLevelSize
baseline_run1,baseline,2026/04/15-06:41:28.784236,3,4,2,1,1,,140209897,LevelMaxLevelSize
baseline_run1,baseline,2026/04/15-06:41:28.784238,3,4,3,1,2,,160233166,LevelMaxLevelSize
baseline_run1,baseline,2026/04/15-06:41:28.784246,3,4,3,1,2,,180740638,LevelMaxLevelSize
baseline_run1,baseline,2026/04/15-06:41:28.784252,3,4,2,1,1,,140550699,LevelMaxLevelSize
baseline_run1,baseline,2026/04/15-06:41:28.919813,3,4,4,1,3,,271006115,LevelMaxLevelSize
baseline_run1,baseline,2026/04/15-06:41:28.919831,3,4,2,1,1,,133049337,LevelMaxLevelSize
baseline_run1,baseline,2026/04/15-06:41:28.919835,3,4,2,1,1,,270066502,LevelMaxLevelSize
baseline_run1,baseline,2026/04/15-06:41:28.919835,3,4,3,1,2,,140210686,LevelMaxLevelSize
baseline_run1,baseline,2026/04/15-06:41:28.982874,3,4,2,1,1,,132786364,LevelMaxLevelSize
baseline_run1,baseline,2026/04/15-06:41:28.982875,3,4,2,1,1,,132821762,LevelMaxLevelSize
baseline_run1,baseline,2026/04/15-06:41:28.982877,3,4,2,1,1,,132825872,LevelMaxLevelSize
baseline_run1,baseline,2026/04/15-06:41:28.983069,3,4,2,1,1,,132807158,LevelMaxLevelSize
baseline_run1,baseline,2026/04/15-06:41:28.983107,3,4,2,1,1,,132692890,LevelMaxLevelSize
baseline_run1,baseline,2026/04/15-06:41:28.983301,3,4,2,1,1,,132264818,LevelMaxLevelSize
baseline_run1,baseline,2026/04/15-06:41:28.983302,3,4,2,1,1,,132474760,LevelMaxLevelSize
baseline_run1,baseline,2026/04/15-06:41:28.983301,3,4,2,1,1,,132497560,LevelMaxLevelSize
baseline_run1,baseline,2026/04/15-06:41:28.983333,3,4,2,1,1,,132415531,LevelMaxLevelSize
baseline_run1,baseline,2026/04/15-06:41:29.093632,3,4,2,1,1,,83039580,LevelMaxLevelSize
baseline_run1,baseline,2026/04/15-06:41:29.093635,3,4,2,1,1,,128247135,LevelMaxLevelSize
baseline_run1,baseline,2026/04/15-06:41:29.094103,3,4,2,1,1,,126528539,LevelMaxLevelSize
baseline_run1,baseline,2026/04/15-06:41:29.094156,3,4,2,1,1,,126041202,LevelMaxLevelSize
baseline_run1,baseline,2026/04/15-06:41:29.094166,3,4,2,1,1,,126620153,LevelMaxLevelSize
baseline_run1,baseline,2026/04/15-06:41:29.094297,3,4,2,1,1,,126066284,LevelMaxLevelSize
baseline_run1,baseline,2026/04/15-06:41:29.094310,3,4,2,1,1,,126286688,LevelMaxLevelSize
baseline_run1,baseline,2026/04/15-06:41:29.094302,3,4,2,1,1,,126082021,LevelMaxLevelSize
baseline_run1,baseline,2026/04/15-06:41:29.094324,3,4,2,1,1,,126038061,LevelMaxLevelSize
baseline_run1,baseline,2026/04/15-06:41:29.094317,3,4,2,1,1,,126305364,LevelMaxLevelSize
baseline_run1,baseline,2026/04/15-06:41:29.094328,3,4,2,1,1,,126197108,LevelMaxLevelSize
baseline_run1,baseline,2026/04/15-06:41:29.094349,3,4,2,1,1,,96766668,LevelMaxLevelSize
baseline_run1,baseline,2026/04/15-06:41:29.099599,0,1,4,4,0,,263105928,LevelL0FilesNum
baseline_run1,baseline,2026/04/15-06:41:29.516617,0,1,4,4,0,,263104497,LevelL0FilesNum
baseline_run1,baseline,2026/04/15-06:41:29.524499,3,4,2,1,1,,125946597,LevelMaxLevelSize
baseline_run1,baseline,2026/04/15-06:41:29.524559,3,4,2,1,1,,125949998,LevelMaxLevelSize
baseline_run1,baseline,2026/04/15-06:41:29.524820,3,4,2,1,1,,120512817,LevelMaxLevelSize
baseline_run1,baseline,2026/04/15-06:41:29.524987,3,4,3,1,2,,229371726,LevelMaxLevelSize
baseline_run1,baseline,2026/04/15-06:41:29.525063,3,4,2,1,1,,123490713,LevelMaxLevelSize
baseline_run1,baseline,2026/04/15-06:41:29.525066,3,4,2,1,1,,125796036,LevelMaxLevelSize
baseline_run1,baseline,2026/04/15-06:41:29.525072,3,4,2,1,1,,125453300,LevelMaxLevelSize
baseline_run1,baseline,2026/04/15-06:41:29.525081,3,4,2,1,1,,125950058,LevelMaxLevelSize
baseline_run1,baseline,2026/04/15-06:41:29.525081,3,4,2,1,1,,125433507,LevelMaxLevelSize
baseline_run1,baseline,2026/04/15-06:41:29.525082,3,4,2,1,1,,123691218,LevelMaxLevelSize
baseline_run1,baseline,2026/04/15-06:41:29.525096,3,4,2,1,1,,125752302,LevelMaxLevelSize
baseline_run1,baseline,2026/04/15-06:41:29.525112,3,4,2,1,1,,125891691,LevelMaxLevelSize
baseline_run1,baseline,2026/04/15-06:41:29.920155,0,1,26,11,15,,5539686839,LevelL0FilesNum
baseline_run1,baseline,2026/04/15-06:41:30.223127,0,1,4,4,0,,263085802,LevelL0FilesNum
baseline_run1,baseline,2026/04/15-06:41:30.620463,0,1,4,4,0,,263121272,LevelL0FilesNum
baseline_run1,baseline,2026/04/15-06:41:31.016430,0,1,4,4,0,,263131708,LevelL0FilesNum
baseline_run1,baseline,2026/04/15-06:41:31.486116,0,1,4,4,0,,263099613,LevelL0FilesNum
baseline_run1,baseline,2026/04/15-06:41:32.052029,0,1,4,4,0,,263110999,LevelL0FilesNum
baseline_run1,baseline,2026/04/15-06:41:32.416898,0,1,6,6,0,,1380793280,LevelL0FilesNum
baseline_run1,baseline,2026/04/15-06:41:34.500364,0,1,4,4,0,,263098537,LevelL0FilesNum
baseline_run1,baseline,2026/04/15-06:41:34.881599,0,1,4,4,0,,263107031,LevelL0FilesNum
baseline_run1,baseline,2026/04/15-06:41:38.164496,1,2,2,1,1,,155915779,LevelMaxLevelSize
baseline_run1,baseline,2026/04/15-06:41:38.164500,1,2,2,1,1,,198800112,LevelMaxLevelSize
baseline_run1,baseline,2026/04/15-06:41:38.164579,1,2,2,1,1,,68719380,LevelMaxLevelSize
baseline_run1,baseline,2026/04/15-06:41:38.164643,1,2,2,1,1,,130692788,LevelMaxLevelSize
baseline_run1,baseline,2026/04/15-06:41:38.164865,1,2,2,1,1,,166015080,LevelMaxLevelSize
baseline_run1,baseline,2026/04/15-06:41:38.164972,1,2,2,1,1,,163076503,LevelMaxLevelSize
baseline_run1,baseline,2026/04/15-06:41:38.164974,1,2,2,1,1,,174440663,LevelMaxLevelSize
baseline_run1,baseline,2026/04/15-06:41:38.164977,1,2,2,1,1,,165907495,LevelMaxLevelSize
baseline_run1,baseline,2026/04/15-06:41:38.165119,1,2,2,1,1,,157931731,LevelMaxLevelSize
baseline_run1,baseline,2026/04/15-06:41:38.165418,1,2,2,1,1,,139777684,LevelMaxLevelSize
baseline_run1,baseline,2026/04/15-06:41:38.165432,1,2,2,1,1,,156068083,LevelMaxLevelSize
baseline_run1,baseline,2026/04/15-06:41:38.165434,1,2,2,1,1,,153825961,LevelMaxLevelSize
baseline_run1,baseline,2026/04/15-06:41:38.165435,1,2,2,1,1,,166738986,LevelMaxLevelSize
baseline_run1,baseline,2026/04/15-06:41:38.165445,1,2,2,1,1,,122041045,LevelMaxLevelSize
baseline_run1,baseline,2026/04/15-06:41:38.165507,1,2,2,1,1,,97395781,LevelMaxLevelSize
baseline_run1,baseline,2026/04/15-06:41:38.165660,1,2,2,1,1,,83707604,LevelMaxLevelSize
baseline_run1,baseline,2026/04/15-06:41:38.165661,1,2,2,1,1,,101782543,LevelMaxLevelSize
baseline_run1,baseline,2026/04/15-06:41:38.165833,1,2,2,1,1,,236162268,LevelMaxLevelSize
baseline_run1,baseline,2026/04/15-06:41:38.165840,1,2,2,1,1,,137266507,LevelMaxLevelSize
baseline_run1,baseline,2026/04/15-06:41:38.165946,1,2,4,2,2,,314057502,LevelMaxLevelSize
baseline_run1,baseline,2026/04/15-06:41:38.166045,1,2,2,1,1,,214819314,LevelMaxLevelSize
baseline_run1,baseline,2026/04/15-06:41:38.166125,1,2,3,2,1,,355010211,LevelMaxLevelSize
baseline_run1,baseline,2026/04/15-06:41:38.363713,2,3,4,2,2,,205642035,LevelMaxLevelSize
baseline_run1,baseline,2026/04/15-06:41:38.363713,2,3,2,1,1,,136128411,LevelMaxLevelSize
baseline_run1,baseline,2026/04/15-06:41:38.410764,2,3,7,1,6,,507307948,LevelMaxLevelSize
baseline_run1,baseline,2026/04/15-06:41:38.423234,2,3,6,2,4,,513951126,LevelMaxLevelSize
baseline_run1,baseline,2026/04/15-06:41:38.423244,2,3,3,1,2,,193134867,LevelMaxLevelSize
baseline_run1,baseline,2026/04/15-06:41:38.443689,2,3,2,1,1,,99981669,LevelMaxLevelSize
baseline_run1,baseline,2026/04/15-06:41:38.443709,2,3,4,1,3,,218744826,LevelMaxLevelSize
baseline_run1,baseline,2026/04/15-06:41:38.445505,2,3,4,1,3,,244054223,LevelMaxLevelSize
baseline_run1,baseline,2026/04/15-06:41:38.445581,2,3,2,1,1,,79421283,LevelMaxLevelSize
baseline_run1,baseline,2026/04/15-06:41:38.445604,2,3,7,1,6,,540028514,LevelMaxLevelSize
baseline_run1,baseline,2026/04/15-06:41:38.471232,2,3,8,1,7,,549117449,LevelMaxLevelSize
baseline_run1,baseline,2026/04/15-06:41:38.473509,2,3,5,1,4,,265623397,LevelMaxLevelSize
baseline_run1,baseline,2026/04/15-06:41:38.474836,2,3,4,1,3,,369066846,LevelMaxLevelSize
baseline_run1,baseline,2026/04/15-06:41:38.474841,2,3,5,1,4,,368886725,LevelMaxLevelSize
baseline_run1,baseline,2026/04/15-06:41:38.485108,0,1,4,4,0,,263114092,LevelL0FilesNum
baseline_run1,baseline,2026/04/15-06:41:38.485108,1,2,3,2,1,,317624303,LevelMaxLevelSize
baseline_run1,baseline,2026/04/15-06:41:38.490045,2,3,4,1,3,,275428852,LevelMaxLevelSize
baseline_run1,baseline,2026/04/15-06:41:38.490045,2,3,3,1,2,,167636570,LevelMaxLevelSize
baseline_run1,baseline,2026/04/15-06:41:38.490046,2,3,5,1,4,,314916649,LevelMaxLevelSize
baseline_run1,baseline,2026/04/15-06:41:38.495805,2,3,5,1,4,,297418455,LevelMaxLevelSize
baseline_run1,baseline,2026/04/15-06:41:38.495812,2,3,4,1,3,,257585222,LevelMaxLevelSize
baseline_run1,baseline,2026/04/15-06:41:38.495816,2,3,2,1,1,,106643669,LevelMaxLevelSize
baseline_run1,baseline,2026/04/15-06:41:38.497115,2,3,2,1,1,,114428273,LevelMaxLevelSize
baseline_run1,baseline,2026/04/15-06:41:38.497120,2,3,5,1,4,,346028195,LevelMaxLevelSize
baseline_run1,baseline,2026/04/15-06:41:38.497314,2,3,4,1,3,,230650015,LevelMaxLevelSize
baseline_run1,baseline,2026/04/15-06:41:38.497333,2,3,9,1,8,,736408765,LevelMaxLevelSize
baseline_run1,baseline,2026/04/15-06:41:38.497340,2,3,4,1,3,,263310916,LevelMaxLevelSize
baseline_run1,baseline,2026/04/15-06:41:38.520440,2,3,6,1,5,,220067275,LevelMaxLevelSize
baseline_run1,baseline,2026/04/15-06:41:38.520454,2,3,6,2,4,,330453973,LevelMaxLevelSize
baseline_run1,baseline,2026/04/15-06:41:38.578914,2,3,5,1,4,,256549575,LevelMaxLevelSize
baseline_run1,baseline,2026/04/15-06:41:38.578916,2,3,4,1,3,,171385907,LevelMaxLevelSize
baseline_run1,baseline,2026/04/15-06:41:38.607111,2,3,3,1,2,,168444028,LevelMaxLevelSize
baseline_run1,baseline,2026/04/15-06:41:38.607171,2,3,2,1,1,,95922977,LevelMaxLevelSize
baseline_run1,baseline,2026/04/15-06:41:38.634587,2,3,4,1,3,,237255466,LevelMaxLevelSize
baseline_run1,baseline,2026/04/15-06:41:38.662664,2,3,3,1,2,,181232127,LevelMaxLevelSize
baseline_run1,baseline,2026/04/15-06:41:38.663849,2,3,3,1,2,,177297000,LevelMaxLevelSize
baseline_run1,baseline,2026/04/15-06:41:38.680754,2,3,3,1,2,,232017799,LevelMaxLevelSize
baseline_run1,baseline,2026/04/15-06:41:38.750952,2,3,5,1,4,,266321210,LevelMaxLevelSize
baseline_run1,baseline,2026/04/15-06:41:38.773705,2,3,2,1,1,,24446747,LevelMaxLevelSize
baseline_run1,baseline,2026/04/15-06:41:38.835651,2,3,4,1,3,,239490955,LevelMaxLevelSize
baseline_run1,baseline,2026/04/15-06:41:38.858785,2,3,4,1,3,,226710592,LevelMaxLevelSize
baseline_run1,baseline,2026/04/15-06:41:38.858785,2,3,3,1,2,,261033423,LevelMaxLevelSize
baseline_run1,baseline,2026/04/15-06:41:38.858838,2,3,5,1,4,,295853453,LevelMaxLevelSize
baseline_run1,baseline,2026/04/15-06:41:38.871688,2,3,7,1,6,,420800405,LevelMaxLevelSize
baseline_run1,baseline,2026/04/15-06:41:38.880807,2,3,7,1,6,,377716262,LevelMaxLevelSize
baseline_run1,baseline,2026/04/15-06:41:38.970323,0,1,4,4,0,,263120384,LevelL0FilesNum
baseline_run1,baseline,2026/04/15-06:41:38.978272,2,3,3,1,2,,198339717,LevelMaxLevelSize
baseline_run1,baseline,2026/04/15-06:41:38.989654,2,3,4,1,3,,243736324,LevelMaxLevelSize
baseline_run1,baseline,2026/04/15-06:41:39.020127,2,3,2,1,1,,125151295,LevelMaxLevelSize
baseline_run1,baseline,2026/04/15-06:41:39.021345,2,3,4,1,3,,232833169,LevelMaxLevelSize
baseline_run1,baseline,2026/04/15-06:41:39.044623,2,3,3,1,2,,232994951,LevelMaxLevelSize
baseline_run1,baseline,2026/04/15-06:41:39.241005,2,3,2,1,1,,84990178,LevelMaxLevelSize
baseline_run1,baseline,2026/04/15-06:41:39.241276,2,3,7,1,6,,382662690,LevelMaxLevelSize
baseline_run1,baseline,2026/04/15-06:41:39.241276,2,3,5,1,4,,345460872,LevelMaxLevelSize
baseline_run1,baseline,2026/04/15-06:41:39.241277,2,3,4,1,3,,237087560,LevelMaxLevelSize
baseline_run1,baseline,2026/04/15-06:41:39.241281,2,3,6,1,5,,369723674,LevelMaxLevelSize
baseline_run1,baseline,2026/04/15-06:41:39.418018,0,1,4,4,0,,263102708,LevelL0FilesNum
baseline_run1,baseline,2026/04/15-06:41:39.635428,3,4,3,1,2,,136614922,LevelMaxLevelSize
baseline_run1,baseline,2026/04/15-06:41:39.635432,3,4,2,1,1,,165800303,LevelMaxLevelSize
baseline_run1,baseline,2026/04/15-06:41:39.635598,3,4,2,1,1,,136497694,LevelMaxLevelSize
baseline_run1,baseline,2026/04/15-06:41:39.635598,3,4,2,1,1,,144872897,LevelMaxLevelSize
baseline_run1,baseline,2026/04/15-06:41:39.650199,3,4,3,1,2,,225154515,LevelMaxLevelSize
baseline_run1,baseline,2026/04/15-06:41:39.650709,3,4,2,1,1,,129648514,LevelMaxLevelSize
baseline_run1,baseline,2026/04/15-06:41:39.650716,3,4,2,1,1,,129860512,LevelMaxLevelSize
baseline_run1,baseline,2026/04/15-06:41:39.650726,3,4,2,1,1,,129462642,LevelMaxLevelSize
baseline_run1,baseline,2026/04/15-06:41:39.650786,3,4,2,1,1,,129171947,LevelMaxLevelSize
baseline_run1,baseline,2026/04/15-06:41:39.650791,3,4,2,1,1,,129383689,LevelMaxLevelSize
baseline_run1,baseline,2026/04/15-06:41:39.650923,3,4,2,1,1,,98093625,LevelMaxLevelSize
baseline_run1,baseline,2026/04/15-06:41:39.650931,3,4,2,1,1,,128976269,LevelMaxLevelSize
baseline_run1,baseline,2026/04/15-06:41:39.685403,3,4,2,1,1,,128490123,LevelMaxLevelSize
baseline_run1,baseline,2026/04/15-06:41:39.685405,3,4,3,1,2,,197511954,LevelMaxLevelSize
baseline_run1,baseline,2026/04/15-06:41:39.685412,3,4,2,1,1,,123425200,LevelMaxLevelSize
baseline_run1,baseline,2026/04/15-06:41:39.712019,3,4,2,1,1,,123236937,LevelMaxLevelSize
baseline_run1,baseline,2026/04/15-06:41:39.712020,3,4,2,1,1,,123202892,LevelMaxLevelSize
baseline_run1,baseline,2026/04/15-06:41:39.712021,3,4,2,1,1,,123332683,LevelMaxLevelSize
baseline_run1,baseline,2026/04/15-06:41:39.712097,3,4,2,1,1,,123104906,LevelMaxLevelSize
baseline_run1,baseline,2026/04/15-06:41:39.712163,3,4,2,1,1,,123128028,LevelMaxLevelSize
baseline_run1,baseline,2026/04/15-06:41:39.712323,3,4,2,1,1,,123110351,LevelMaxLevelSize
baseline_run1,baseline,2026/04/15-06:41:39.712325,3,4,2,1,1,,123139463,LevelMaxLevelSize
baseline_run1,baseline,2026/04/15-06:41:39.712334,3,4,2,1,1,,95539771,LevelMaxLevelSize
baseline_run1,baseline,2026/04/15-06:41:39.867368,0,1,4,4,0,,263119300,LevelL0FilesNum
baseline_run1,baseline,2026/04/15-06:41:39.895056,3,4,2,1,1,,123056303,LevelMaxLevelSize
baseline_run1,baseline,2026/04/15-06:41:39.895143,3,4,2,1,1,,122950379,LevelMaxLevelSize
baseline_run1,baseline,2026/04/15-06:41:39.895226,3,4,2,1,1,,122956527,LevelMaxLevelSize
baseline_run1,baseline,2026/04/15-06:41:39.895379,3,4,2,1,1,,122761237,LevelMaxLevelSize
baseline_run1,baseline,2026/04/15-06:41:39.895393,3,4,2,1,1,,122589978,LevelMaxLevelSize
baseline_run1,baseline,2026/04/15-06:41:39.895401,3,4,2,1,1,,122805047,LevelMaxLevelSize
baseline_run1,baseline,2026/04/15-06:41:39.948821,3,4,2,1,1,,122410081,LevelMaxLevelSize
baseline_run1,baseline,2026/04/15-06:41:39.948919,3,4,3,1,2,,211495873,LevelMaxLevelSize
baseline_run1,baseline,2026/04/15-06:41:39.948921,3,4,2,1,1,,122492272,LevelMaxLevelSize
baseline_run1,baseline,2026/04/15-06:41:39.948923,3,4,2,1,1,,122185623,LevelMaxLevelSize
baseline_run1,baseline,2026/04/15-06:41:39.948927,3,4,2,1,1,,122318591,LevelMaxLevelSize
baseline_run1,baseline,2026/04/15-06:41:39.948941,3,4,3,1,2,,156724557,LevelMaxLevelSize
baseline_run1,baseline,2026/04/15-06:41:39.977797,3,4,3,1,2,,160677800,LevelMaxLevelSize
baseline_run1,baseline,2026/04/15-06:41:39.977856,3,4,2,1,1,,122126564,LevelMaxLevelSize
baseline_run1,baseline,2026/04/15-06:41:39.977859,3,4,2,1,1,,122054843,LevelMaxLevelSize
baseline_run1,baseline,2026/04/15-06:41:39.978262,3,4,2,1,1,,122125429,LevelMaxLevelSize
baseline_run1,baseline,2026/04/15-06:41:39.978416,3,4,2,1,1,,122109806,LevelMaxLevelSize
baseline_run1,baseline,2026/04/15-06:41:39.978489,3,4,2,1,1,,121944623,LevelMaxLevelSize
baseline_run1,baseline,2026/04/15-06:41:40.028367,3,4,2,1,1,,150233202,LevelMaxLevelSize
baseline_run1,baseline,2026/04/15-06:41:40.028779,3,4,2,1,1,,121845942,LevelMaxLevelSize
baseline_run1,baseline,2026/04/15-06:41:40.028869,3,4,2,1,1,,121798248,LevelMaxLevelSize
baseline_run1,baseline,2026/04/15-06:41:40.028947,3,4,2,1,1,,121819895,LevelMaxLevelSize
baseline_run1,baseline,2026/04/15-06:41:40.029075,3,4,2,1,1,,121646590,LevelMaxLevelSize
baseline_run1,baseline,2026/04/15-06:41:40.029077,3,4,2,1,1,,89726698,LevelMaxLevelSize
baseline_run1,baseline,2026/04/15-06:41:40.029092,3,4,2,1,1,,121938399,LevelMaxLevelSize
baseline_run1,baseline,2026/04/15-06:41:40.029105,3,4,2,1,1,,121654780,LevelMaxLevelSize
baseline_run1,baseline,2026/04/15-06:41:40.029112,3,4,2,1,1,,121781582,LevelMaxLevelSize
baseline_run1,baseline,2026/04/15-06:41:40.029123,3,4,2,1,1,,65241822,LevelMaxLevelSize
baseline_run1,baseline,2026/04/15-06:41:40.029114,3,4,2,1,1,,121933136,LevelMaxLevelSize
baseline_run1,baseline,2026/04/15-06:41:40.029134,3,4,2,1,1,,121562292,LevelMaxLevelSize
baseline_run1,baseline,2026/04/15-06:41:40.029145,3,4,2,1,1,,148105327,LevelMaxLevelSize
baseline_run1,baseline,2026/04/15-06:41:40.310684,0,1,4,4,0,,263106908,LevelL0FilesNum
baseline_run1,baseline,2026/04/15-06:41:40.679701,0,1,26,11,15,,5141789206,LevelL0FilesNum
baseline_run1,baseline,2026/04/15-06:41:41.010738,0,1,4,4,0,,263108446,LevelL0FilesNum
baseline_run1,baseline,2026/04/15-06:41:41.410223,0,1,4,4,0,,263125715,LevelL0FilesNum
baseline_run1,baseline,2026/04/15-06:41:41.810814,0,1,4,4,0,,263083108,LevelL0FilesNum
baseline_run1,baseline,2026/04/15-06:41:42.293010,0,1,4,4,0,,263102600,LevelL0FilesNum
baseline_run1,baseline,2026/04/15-06:41:42.879640,0,1,4,4,0,,263116962,LevelL0FilesNum
baseline_run1,baseline,2026/04/15-06:41:43.259937,0,1,6,6,0,,1380738656,LevelL0FilesNum
baseline_run1,baseline,2026/04/15-06:41:45.293997,0,1,4,4,0,,263132624,LevelL0FilesNum
baseline_run1,baseline,2026/04/15-06:41:45.682106,0,1,4,4,0,,263121384,LevelL0FilesNum
baseline_run1,baseline,2026/04/15-06:41:46.151430,0,1,4,4,0,,263099859,LevelL0FilesNum
baseline_run1,baseline,2026/04/15-06:41:48.094386,0,1,4,4,0,,854799483,LevelL0FilesNum
baseline_run1,baseline,2026/04/15-06:41:48.403020,1,2,2,1,1,,152421725,LevelMaxLevelSize
baseline_run1,baseline,2026/04/15-06:41:48.403287,1,2,2,1,1,,162771223,LevelMaxLevelSize
baseline_run1,baseline,2026/04/15-06:41:48.403294,1,2,2,1,1,,139300195,LevelMaxLevelSize
baseline_run1,baseline,2026/04/15-06:41:48.403296,1,2,2,1,1,,203466523,LevelMaxLevelSize
baseline_run1,baseline,2026/04/15-06:41:48.403303,1,2,2,1,1,,153632231,LevelMaxLevelSize
baseline_run1,baseline,2026/04/15-06:41:48.403445,1,2,2,1,1,,130205282,LevelMaxLevelSize
baseline_run1,baseline,2026/04/15-06:41:48.403531,1,2,3,2,1,,347666844,LevelMaxLevelSize
baseline_run1,baseline,2026/04/15-06:41:48.403606,1,2,2,1,1,,270054702,LevelMaxLevelSize
baseline_run1,baseline,2026/04/15-06:41:48.404034,1,2,3,2,1,,364329889,LevelMaxLevelSize
baseline_run1,baseline,2026/04/15-06:41:48.404038,1,2,3,2,1,,405092796,LevelMaxLevelSize
baseline_run1,baseline,2026/04/15-06:41:48.404039,1,2,2,1,1,,211184628,LevelMaxLevelSize
baseline_run1,baseline,2026/04/15-06:41:48.404048,1,2,2,1,1,,265981520,LevelMaxLevelSize
baseline_run1,baseline,2026/04/15-06:41:48.404051,1,2,3,2,1,,358798519,LevelMaxLevelSize
baseline_run1,baseline,2026/04/15-06:41:48.404067,1,2,4,3,1,,496980491,LevelMaxLevelSize
baseline_run1,baseline,2026/04/15-06:41:48.404087,1,2,2,1,1,,109309277,LevelMaxLevelSize
baseline_run1,baseline,2026/04/15-06:41:48.404246,1,2,2,1,1,,96541778,LevelMaxLevelSize
baseline_run1,baseline,2026/04/15-06:41:48.404252,1,2,2,1,1,,142899507,LevelMaxLevelSize
baseline_run1,baseline,2026/04/15-06:41:48.624968,2,3,2,1,1,,116632733,LevelMaxLevelSize
baseline_run1,baseline,2026/04/15-06:41:48.639177,2,3,5,1,4,,307025952,LevelMaxLevelSize
baseline_run1,baseline,2026/04/15-06:41:48.639183,2,3,5,1,4,,415093228,LevelMaxLevelSize
baseline_run1,baseline,2026/04/15-06:41:48.645364,2,3,5,1,4,,380086243,LevelMaxLevelSize
baseline_run1,baseline,2026/04/15-06:41:48.663099,2,3,6,1,5,,306186507,LevelMaxLevelSize
baseline_run1,baseline,2026/04/15-06:41:48.663105,2,3,5,1,4,,316003173,LevelMaxLevelSize
baseline_run1,baseline,2026/04/15-06:41:48.670908,2,3,6,1,5,,320925104,LevelMaxLevelSize
baseline_run1,baseline,2026/04/15-06:41:48.670915,2,3,6,1,5,,340192208,LevelMaxLevelSize
baseline_run1,baseline,2026/04/15-06:41:48.682247,2,3,4,1,3,,202119221,LevelMaxLevelSize
baseline_run1,baseline,2026/04/15-06:41:48.682417,2,3,4,1,3,,244386503,LevelMaxLevelSize
baseline_run1,baseline,2026/04/15-06:41:48.682421,2,3,4,1,3,,280716284,LevelMaxLevelSize
baseline_run1,baseline,2026/04/15-06:41:48.747698,2,3,6,1,5,,308858961,LevelMaxLevelSize
baseline_run1,baseline,2026/04/15-06:41:48.747699,2,3,2,1,1,,128543150,LevelMaxLevelSize
baseline_run1,baseline,2026/04/15-06:41:48.747711,2,3,4,1,3,,225695201,LevelMaxLevelSize
baseline_run1,baseline,2026/04/15-06:41:48.759748,2,3,4,1,3,,280501223,LevelMaxLevelSize
baseline_run1,baseline,2026/04/15-06:41:48.759901,2,3,4,1,3,,270282244,LevelMaxLevelSize
baseline_run1,baseline,2026/04/15-06:41:48.759905,2,3,5,1,4,,338043234,LevelMaxLevelSize
baseline_run1,baseline,2026/04/15-06:41:48.858724,2,3,6,1,5,,373138472,LevelMaxLevelSize
baseline_run1,baseline,2026/04/15-06:41:48.858724,2,3,7,1,6,,459212015,LevelMaxLevelSize
baseline_run1,baseline,2026/04/15-06:41:48.858871,2,3,8,1,7,,387582151,LevelMaxLevelSize
baseline_run1,baseline,2026/04/15-06:41:48.858880,2,3,6,1,5,,418654588,LevelMaxLevelSize
baseline_run1,baseline,2026/04/15-06:41:48.874758,2,3,2,1,1,,120582278,LevelMaxLevelSize
baseline_run1,baseline,2026/04/15-06:41:48.874758,2,3,9,2,7,,454955669,LevelMaxLevelSize
baseline_run1,baseline,2026/04/15-06:41:48.874759,2,3,2,1,1,,161598993,LevelMaxLevelSize
baseline_run1,baseline,2026/04/15-06:41:48.874768,2,3,2,1,1,,123757844,LevelMaxLevelSize
baseline_run1,baseline,2026/04/15-06:41:48.912054,0,1,4,4,0,,263113159,LevelL0FilesNum
baseline_run1,baseline,2026/04/15-06:41:49.023970,2,3,2,1,1,,108726635,LevelMaxLevelSize
baseline_run1,baseline,2026/04/15-06:41:49.023972,2,3,2,1,1,,117171580,LevelMaxLevelSize
baseline_run1,baseline,2026/04/15-06:41:49.023993,2,3,3,1,2,,194648149,LevelMaxLevelSize
baseline_run1,baseline,2026/04/15-06:41:49.024006,2,3,7,1,6,,424645691,LevelMaxLevelSize
baseline_run1,baseline,2026/04/15-06:41:49.024009,2,3,2,1,1,,120117248,LevelMaxLevelSize
baseline_run1,baseline,2026/04/15-06:41:49.024014,2,3,7,1,6,,404667860,LevelMaxLevelSize
baseline_run1,baseline,2026/04/15-06:41:49.070138,2,3,2,1,1,,135416533,LevelMaxLevelSize
baseline_run1,baseline,2026/04/15-06:41:49.070220,2,3,3,1,2,,214823069,LevelMaxLevelSize
baseline_run1,baseline,2026/04/15-06:41:49.071547,2,3,2,1,1,,141438302,LevelMaxLevelSize
baseline_run1,baseline,2026/04/15-06:41:49.091687,2,3,2,1,1,,131599370,LevelMaxLevelSize
baseline_run1,baseline,2026/04/15-06:41:49.159998,2,3,2,1,1,,132365822,LevelMaxLevelSize
baseline_run1,baseline,2026/04/15-06:41:49.161837,2,3,2,1,1,,208625923,LevelMaxLevelSize
baseline_run1,baseline,2026/04/15-06:41:49.163127,2,3,3,1,2,,165414964,LevelMaxLevelSize
baseline_run1,baseline,2026/04/15-06:41:49.187320,2,3,3,1,2,,220784433,LevelMaxLevelSize
baseline_run1,baseline,2026/04/15-06:41:49.235570,2,3,3,1,2,,220518525,LevelMaxLevelSize
baseline_run1,baseline,2026/04/15-06:41:49.256264,2,3,2,1,1,,114734881,LevelMaxLevelSize
baseline_run1,baseline,2026/04/15-06:41:49.274546,2,3,4,1,3,,203657747,LevelMaxLevelSize
baseline_run1,baseline,2026/04/15-06:41:49.286930,2,3,2,1,1,,172448912,LevelMaxLevelSize
baseline_run1,baseline,2026/04/15-06:41:49.289280,2,3,2,1,1,,194585671,LevelMaxLevelSize
baseline_run1,baseline,2026/04/15-06:41:49.301440,2,3,5,1,4,,304444835,LevelMaxLevelSize
baseline_run1,baseline,2026/04/15-06:41:49.310743,2,3,8,2,6,,430997359,LevelMaxLevelSize
baseline_run1,baseline,2026/04/15-06:41:49.315537,2,3,5,1,4,,383171336,LevelMaxLevelSize
baseline_run1,baseline,2026/04/15-06:41:49.375917,0,1,4,4,0,,263102693,LevelL0FilesNum
baseline_run1,baseline,2026/04/15-06:41:49.382007,2,3,2,1,1,,150121851,LevelMaxLevelSize
baseline_run1,baseline,2026/04/15-06:41:49.382042,2,3,3,1,2,,152842492,LevelMaxLevelSize
baseline_run1,baseline,2026/04/15-06:41:49.382102,2,3,3,1,2,,153052503,LevelMaxLevelSize
baseline_run1,baseline,2026/04/15-06:41:49.714405,3,4,2,1,1,,156895212,LevelMaxLevelSize
baseline_run1,baseline,2026/04/15-06:41:49.714423,3,4,2,1,1,,139754937,LevelMaxLevelSize
baseline_run1,baseline,2026/04/15-06:41:49.714440,3,4,2,1,1,,139503571,LevelMaxLevelSize
baseline_run1,baseline,2026/04/15-06:41:49.768321,3,4,2,1,1,,139464039,LevelMaxLevelSize
baseline_run1,baseline,2026/04/15-06:41:49.768322,3,4,2,1,1,,137484546,LevelMaxLevelSize
baseline_run1,baseline,2026/04/15-06:41:49.768326,3,4,2,1,1,,138834485,LevelMaxLevelSize
baseline_run1,baseline,2026/04/15-06:41:49.768328,3,4,2,1,1,,132448633,LevelMaxLevelSize
baseline_run1,baseline,2026/04/15-06:41:49.768340,3,4,2,1,1,,132395672,LevelMaxLevelSize
baseline_run1,baseline,2026/04/15-06:41:49.768343,3,4,2,1,1,,139403551,LevelMaxLevelSize
baseline_run1,baseline,2026/04/15-06:41:49.817693,0,1,4,4,0,,263120304,LevelL0FilesNum
baseline_run1,baseline,2026/04/15-06:41:49.847529,3,4,2,1,1,,132107913,LevelMaxLevelSize
baseline_run1,baseline,2026/04/15-06:41:49.847532,3,4,2,1,1,,131832474,LevelMaxLevelSize
baseline_run1,baseline,2026/04/15-06:41:49.848082,3,4,2,1,1,,131734942,LevelMaxLevelSize
baseline_run1,baseline,2026/04/15-06:41:49.848084,3,4,2,1,1,,131428393,LevelMaxLevelSize
baseline_run1,baseline,2026/04/15-06:41:49.848168,3,4,3,1,2,,235986008,LevelMaxLevelSize
baseline_run1,baseline,2026/04/15-06:41:49.848176,3,4,2,1,1,,124798390,LevelMaxLevelSize
baseline_run1,baseline,2026/04/15-06:41:49.850046,3,4,2,1,1,,124504611,LevelMaxLevelSize
baseline_run1,baseline,2026/04/15-06:41:49.850421,3,4,3,1,2,,169921767,LevelMaxLevelSize
baseline_run1,baseline,2026/04/15-06:41:49.850423,3,4,2,1,1,,121892609,LevelMaxLevelSize
baseline_run1,baseline,2026/04/15-06:41:49.850439,3,4,2,1,1,,122321516,LevelMaxLevelSize
baseline_run1,baseline,2026/04/15-06:41:49.850454,3,4,2,1,1,,122141987,LevelMaxLevelSize
baseline_run1,baseline,2026/04/15-06:41:49.850456,3,4,2,1,1,,121641213,LevelMaxLevelSize
baseline_run1,baseline,2026/04/15-06:41:49.850461,3,4,3,1,2,,224695255,LevelMaxLevelSize
baseline_run1,baseline,2026/04/15-06:41:49.901393,3,4,2,1,1,,120280033,LevelMaxLevelSize
baseline_run1,baseline,2026/04/15-06:41:49.901793,3,4,2,1,1,,120193868,LevelMaxLevelSize
baseline_run1,baseline,2026/04/15-06:41:49.901994,3,4,2,1,1,,120165911,LevelMaxLevelSize
baseline_run1,baseline,2026/04/15-06:41:49.901995,3,4,2,1,1,,120002650,LevelMaxLevelSize
baseline_run1,baseline,2026/04/15-06:41:49.901996,3,4,2,1,1,,120058886,LevelMaxLevelSize
baseline_run1,baseline,2026/04/15-06:41:49.902033,3,4,2,1,1,,120014157,LevelMaxLevelSize
baseline_run1,baseline,2026/04/15-06:41:49.905922,3,4,2,1,1,,119932050,LevelMaxLevelSize
baseline_run1,baseline,2026/04/15-06:41:49.905926,3,4,2,1,1,,119937277,LevelMaxLevelSize
baseline_run1,baseline,2026/04/15-06:41:49.905926,3,4,3,1,2,,138387073,LevelMaxLevelSize
baseline_run1,baseline,2026/04/15-06:41:49.905932,3,4,2,1,1,,119867504,LevelMaxLevelSize
baseline_run1,baseline,2026/04/15-06:41:49.951581,3,4,2,1,1,,119605870,LevelMaxLevelSize
baseline_run1,baseline,2026/04/15-06:41:49.983632,3,4,2,1,1,,119491396,LevelMaxLevelSize
baseline_run1,baseline,2026/04/15-06:41:49.989576,3,4,2,1,1,,119172595,LevelMaxLevelSize
baseline_run1,baseline,2026/04/15-06:41:50.024786,3,4,2,1,1,,119032360,LevelMaxLevelSize
baseline_run1,baseline,2026/04/15-06:41:50.043934,3,4,2,1,1,,119002101,LevelMaxLevelSize
baseline_run1,baseline,2026/04/15-06:41:50.048447,3,4,2,1,1,,118973169,LevelMaxLevelSize
baseline_run1,baseline,2026/04/15-06:41:50.059227,3,4,2,1,1,,118992954,LevelMaxLevelSize
baseline_run1,baseline,2026/04/15-06:41:50.064799,3,4,2,1,1,,118936850,LevelMaxLevelSize
baseline_run1,baseline,2026/04/15-06:41:50.070742,3,4,2,1,1,,118912769,LevelMaxLevelSize
baseline_run1,baseline,2026/04/15-06:41:50.072166,3,4,2,1,1,,118921235,LevelMaxLevelSize
baseline_run1,baseline,2026/04/15-06:41:50.122787,3,4,2,1,1,,196965783,LevelMaxLevelSize
baseline_run1,baseline,2026/04/15-06:41:50.129853,3,4,2,1,1,,118857716,LevelMaxLevelSize
baseline_run1,baseline,2026/04/15-06:41:50.131831,3,4,2,1,1,,118850541,LevelMaxLevelSize
baseline_run1,baseline,2026/04/15-06:41:50.134670,3,4,2,1,1,,118772638,LevelMaxLevelSize
baseline_run1,baseline,2026/04/15-06:41:50.139369,3,4,2,1,1,,118780928,LevelMaxLevelSize
baseline_run1,baseline,2026/04/15-06:41:50.141252,3,4,2,1,1,,118760090,LevelMaxLevelSize
baseline_run1,baseline,2026/04/15-06:41:50.142708,3,4,2,1,1,,118768496,LevelMaxLevelSize
baseline_run1,baseline,2026/04/15-06:41:50.221638,3,4,2,1,1,,119922701,LevelMaxLevelSize
baseline_run1,baseline,2026/04/15-06:41:50.221638,3,4,2,1,1,,121589353,LevelMaxLevelSize
baseline_run1,baseline,2026/04/15-06:41:50.221642,3,4,2,1,1,,119544503,LevelMaxLevelSize
baseline_run1,baseline,2026/04/15-06:41:50.221865,3,4,2,1,1,,119422059,LevelMaxLevelSize
baseline_run1,baseline,2026/04/15-06:41:50.221960,3,4,2,1,1,,119081131,LevelMaxLevelSize
baseline_run1,baseline,2026/04/15-06:41:50.221961,3,4,2,1,1,,119440747,LevelMaxLevelSize
baseline_run1,baseline,2026/04/15-06:41:50.221973,3,4,2,1,1,,118760198,LevelMaxLevelSize
baseline_run1,baseline,2026/04/15-06:41:50.221975,3,4,2,1,1,,118730892,LevelMaxLevelSize
baseline_run1,baseline,2026/04/15-06:41:50.283856,0,1,4,4,0,,263099890,LevelL0FilesNum
baseline_run1,baseline,2026/04/15-06:41:50.691641,0,1,24,9,15,,4836732884,LevelL0FilesNum
baseline_run1,baseline,2026/04/15-06:41:51.003717,0,1,4,4,0,,263088327,LevelL0FilesNum
baseline_run1,baseline,2026/04/15-06:41:51.408705,0,1,4,4,0,,263114054,LevelL0FilesNum
baseline_run1,baseline,2026/04/15-06:41:51.808297,0,1,4,4,0,,263098702,LevelL0FilesNum
baseline_run1,baseline,2026/04/15-06:41:52.204781,0,1,4,4,0,,263096922,LevelL0FilesNum
baseline_run1,baseline,2026/04/15-06:41:52.604962,0,1,4,4,0,,263100283,LevelL0FilesNum
baseline_run1,baseline,2026/04/15-06:41:53.083688,0,1,4,4,0,,263094536,LevelL0FilesNum
baseline_run1,baseline,2026/04/15-06:41:53.655250,0,1,4,4,0,,263109907,LevelL0FilesNum
baseline_run1,baseline,2026/04/15-06:41:54.036503,0,1,7,7,0,,1643798066,LevelL0FilesNum
baseline_run1,baseline,2026/04/15-06:41:56.418275,0,1,4,4,0,,263108843,LevelL0FilesNum
baseline_run1,baseline,2026/04/15-06:41:56.906853,0,1,4,4,0,,263131814,LevelL0FilesNum
baseline_run1,baseline,2026/04/15-06:41:58.003829,1,2,2,1,1,,90778224,LevelMaxLevelSize
baseline_run1,baseline,2026/04/15-06:41:58.003829,1,2,2,1,1,,87116310,LevelMaxLevelSize
baseline_run1,baseline,2026/04/15-06:41:58.004210,1,2,2,1,1,,63397006,LevelMaxLevelSize
baseline_run1,baseline,2026/04/15-06:41:58.004235,1,2,2,1,1,,149600858,LevelMaxLevelSize
baseline_run1,baseline,2026/04/15-06:41:58.004242,1,2,3,2,1,,253677088,LevelMaxLevelSize
baseline_run1,baseline,2026/04/15-06:41:58.004244,1,2,2,1,1,,67708330,LevelMaxLevelSize
baseline_run1,baseline,2026/04/15-06:41:58.004251,1,2,2,1,1,,182021607,LevelMaxLevelSize
baseline_run1,baseline,2026/04/15-06:41:58.004257,1,2,3,2,1,,302730058,LevelMaxLevelSize
baseline_run1,baseline,2026/04/15-06:41:58.004257,1,2,2,1,1,,126369859,LevelMaxLevelSize
baseline_run1,baseline,2026/04/15-06:41:58.008815,2,3,4,1,3,,339199278,LevelMaxLevelSize
baseline_run1,baseline,2026/04/15-06:41:58.008857,2,3,4,1,3,,216011593,LevelMaxLevelSize
baseline_run1,baseline,2026/04/15-06:41:58.008861,2,3,4,1,3,,397853439,LevelMaxLevelSize
baseline_run1,baseline,2026/04/15-06:41:58.008879,2,3,4,1,3,,210713700,LevelMaxLevelSize
baseline_run1,baseline,2026/04/15-06:41:58.008889,2,3,4,1,3,,202767963,LevelMaxLevelSize
baseline_run1,baseline,2026/04/15-06:41:58.009177,2,3,4,1,3,,369655076,LevelMaxLevelSize
baseline_run1,baseline,2026/04/15-06:41:58.009215,2,3,6,1,5,,486405367,LevelMaxLevelSize
baseline_run1,baseline,2026/04/15-06:41:58.009225,2,3,10,1,9,,652308223,LevelMaxLevelSize
baseline_run1,baseline,2026/04/15-06:41:58.009240,2,3,11,1,10,,732919565,LevelMaxLevelSize
baseline_run1,baseline,2026/04/15-06:41:58.009247,2,3,3,1,2,,270495766,LevelMaxLevelSize
baseline_run1,baseline,2026/04/15-06:41:58.009248,2,3,5,1,4,,452222845,LevelMaxLevelSize
baseline_run1,baseline,2026/04/15-06:41:58.128035,2,3,3,1,2,,169511452,LevelMaxLevelSize
baseline_run1,baseline,2026/04/15-06:41:58.142057,2,3,4,1,3,,241685497,LevelMaxLevelSize
baseline_run1,baseline,2026/04/15-06:41:58.142060,2,3,3,1,2,,162657197,LevelMaxLevelSize
baseline_run1,baseline,2026/04/15-06:41:58.176058,2,3,7,1,6,,483145344,LevelMaxLevelSize
baseline_run1,baseline,2026/04/15-06:41:58.176071,2,3,7,1,6,,441153936,LevelMaxLevelSize
baseline_run1,baseline,2026/04/15-06:41:58.182711,2,3,8,1,7,,475476560,LevelMaxLevelSize
baseline_run1,baseline,2026/04/15-06:41:58.252091,2,3,4,1,3,,289020041,LevelMaxLevelSize
baseline_run1,baseline,2026/04/15-06:41:58.252106,2,3,6,1,5,,375832360,LevelMaxLevelSize
baseline_run1,baseline,2026/04/15-06:41:58.298587,2,3,4,1,3,,227979968,LevelMaxLevelSize
baseline_run1,baseline,2026/04/15-06:41:58.298587,2,3,4,1,3,,228391553,LevelMaxLevelSize
baseline_run1,baseline,2026/04/15-06:41:58.365696,2,3,3,1,2,,152430720,LevelMaxLevelSize
baseline_run1,baseline,2026/04/15-06:41:58.365697,2,3,4,1,3,,211485435,LevelMaxLevelSize
baseline_run1,baseline,2026/04/15-06:41:58.365759,2,3,4,1,3,,275345953,LevelMaxLevelSize
baseline_run1,baseline,2026/04/15-06:41:58.441823,0,1,4,4,0,,263116036,LevelL0FilesNum
baseline_run1,baseline,2026/04/15-06:41:58.520490,2,3,3,1,2,,161809939,LevelMaxLevelSize
baseline_run1,baseline,2026/04/15-06:41:58.520490,2,3,2,1,1,,131659421,LevelMaxLevelSize
baseline_run1,baseline,2026/04/15-06:41:58.520495,2,3,3,1,2,,240222876,LevelMaxLevelSize
baseline_run1,baseline,2026/04/15-06:41:58.520513,2,3,3,1,2,,132338107,LevelMaxLevelSize
baseline_run1,baseline,2026/04/15-06:41:58.609090,2,3,5,1,4,,347706936,LevelMaxLevelSize
baseline_run1,baseline,2026/04/15-06:41:58.609191,2,3,2,1,1,,190835438,LevelMaxLevelSize
baseline_run1,baseline,2026/04/15-06:41:58.609192,2,3,2,1,1,,177886695,LevelMaxLevelSize
baseline_run1,baseline,2026/04/15-06:41:58.609267,2,3,7,1,6,,462859874,LevelMaxLevelSize
baseline_run1,baseline,2026/04/15-06:41:58.889101,0,1,4,4,0,,263096478,LevelL0FilesNum
baseline_run1,baseline,2026/04/15-06:41:59.106595,3,4,2,1,1,,170813342,LevelMaxLevelSize
baseline_run1,baseline,2026/04/15-06:41:59.228704,3,4,2,1,1,,135329866,LevelMaxLevelSize
baseline_run1,baseline,2026/04/15-06:41:59.228714,3,4,2,1,1,,139444330,LevelMaxLevelSize
baseline_run1,baseline,2026/04/15-06:41:59.228714,3,4,2,1,1,,132094374,LevelMaxLevelSize
baseline_run1,baseline,2026/04/15-06:41:59.228784,3,4,2,1,1,,88745796,LevelMaxLevelSize
baseline_run1,baseline,2026/04/15-06:41:59.228789,3,4,3,1,2,,211368878,LevelMaxLevelSize
baseline_run1,baseline,2026/04/15-06:41:59.231736,3,4,2,1,1,,127501986,LevelMaxLevelSize
baseline_run1,baseline,2026/04/15-06:41:59.232026,3,4,3,1,2,,232709970,LevelMaxLevelSize
baseline_run1,baseline,2026/04/15-06:41:59.232086,3,4,2,1,1,,123011624,LevelMaxLevelSize
baseline_run1,baseline,2026/04/15-06:41:59.232105,3,4,2,1,1,,112254729,LevelMaxLevelSize
baseline_run1,baseline,2026/04/15-06:41:59.232110,3,4,2,1,1,,127255969,LevelMaxLevelSize
baseline_run1,baseline,2026/04/15-06:41:59.232117,3,4,2,1,1,,127333612,LevelMaxLevelSize
baseline_run1,baseline,2026/04/15-06:41:59.232121,3,4,3,1,2,,245911291,LevelMaxLevelSize
baseline_run1,baseline,2026/04/15-06:41:59.232125,3,4,2,1,1,,127352334,LevelMaxLevelSize
baseline_run1,baseline,2026/04/15-06:41:59.232126,3,4,2,1,1,,123411645,LevelMaxLevelSize
baseline_run1,baseline,2026/04/15-06:41:59.328055,0,1,39,9,30,,5540670030,LevelL0FilesNum
baseline_run1,baseline,2026/04/15-06:41:59.375884,3,4,2,1,1,,122612612,LevelMaxLevelSize
baseline_run1,baseline,2026/04/15-06:41:59.375885,3,4,2,1,1,,118659419,LevelMaxLevelSize
baseline_run1,baseline,2026/04/15-06:41:59.375885,3,4,2,1,1,,121066660,LevelMaxLevelSize
baseline_run1,baseline,2026/04/15-06:41:59.376264,3,4,2,1,1,,118576297,LevelMaxLevelSize
baseline_run1,baseline,2026/04/15-06:41:59.376525,3,4,2,1,1,,118622916,LevelMaxLevelSize
baseline_run1,baseline,2026/04/15-06:41:59.376530,3,4,2,1,1,,116537541,LevelMaxLevelSize
baseline_run1,baseline,2026/04/15-06:41:59.376532,3,4,2,1,1,,118333157,LevelMaxLevelSize
baseline_run1,baseline,2026/04/15-06:41:59.376533,3,4,2,1,1,,118107636,LevelMaxLevelSize
baseline_run1,baseline,2026/04/15-06:41:59.376550,3,4,2,1,1,,118280086,LevelMaxLevelSize
baseline_run1,baseline,2026/04/15-06:41:59.376552,3,4,2,1,1,,117549683,LevelMaxLevelSize
baseline_run1,baseline,2026/04/15-06:41:59.376553,3,4,3,1,2,,119828593,LevelMaxLevelSize
baseline_run1,baseline,2026/04/15-06:41:59.376559,3,4,3,1,2,,207445605,LevelMaxLevelSize
baseline_run1,baseline,2026/04/15-06:41:59.376561,3,4,2,1,1,,115920491,LevelMaxLevelSize
baseline_run1,baseline,2026/04/15-06:41:59.441371,3,4,2,1,1,,114368265,LevelMaxLevelSize
baseline_run1,baseline,2026/04/15-06:41:59.441378,3,4,2,1,1,,114199861,LevelMaxLevelSize
baseline_run1,baseline,2026/04/15-06:41:59.441440,3,4,3,1,2,,142948256,LevelMaxLevelSize
baseline_run1,baseline,2026/04/15-06:41:59.441579,3,4,3,2,1,,95248116,LevelMaxLevelSize
baseline_run1,baseline,2026/04/15-06:41:59.442568,3,4,2,1,1,,114131335,LevelMaxLevelSize
baseline_run1,baseline,2026/04/15-06:41:59.442582,3,4,2,1,1,,112121987,LevelMaxLevelSize
baseline_run1,baseline,2026/04/15-06:41:59.442619,3,4,3,1,2,,142290751,LevelMaxLevelSize
baseline_run1,baseline,2026/04/15-06:41:59.442625,3,4,3,1,2,,142603304,LevelMaxLevelSize
baseline_run1,baseline,2026/04/15-06:41:59.446331,3,4,2,1,1,,113883142,LevelMaxLevelSize
baseline_run1,baseline,2026/04/15-06:41:59.670458,0,1,4,4,0,,263092440,LevelL0FilesNum
baseline_run1,baseline,2026/04/15-06:42:00.076731,0,1,4,4,0,,263116140,LevelL0FilesNum
baseline_run1,baseline,2026/04/15-06:42:00.475802,0,1,4,4,0,,263098827,LevelL0FilesNum
baseline_run1,baseline,2026/04/15-06:42:00.870461,0,1,4,4,0,,263107905,LevelL0FilesNum
baseline_run1,baseline,2026/04/15-06:42:01.267709,0,1,4,4,0,,263101560,LevelL0FilesNum
baseline_run1,baseline,2026/04/15-06:42:01.749162,0,1,4,4,0,,263086377,LevelL0FilesNum
baseline_run1,baseline,2026/04/15-06:42:07.452397,1,2,2,1,1,,154787731,LevelMaxLevelSize
baseline_run1,baseline,2026/04/15-06:42:07.453127,1,2,2,1,1,,163218842,LevelMaxLevelSize
baseline_run1,baseline,2026/04/15-06:42:07.453416,1,2,2,1,1,,115397934,LevelMaxLevelSize
baseline_run1,baseline,2026/04/15-06:42:07.453553,1,2,3,1,2,,191129017,LevelMaxLevelSize
baseline_run1,baseline,2026/04/15-06:42:07.453564,1,2,3,1,2,,152802560,LevelMaxLevelSize
baseline_run1,baseline,2026/04/15-06:42:07.453665,1,2,2,1,1,,160042186,LevelMaxLevelSize
baseline_run1,baseline,2026/04/15-06:42:07.453672,1,2,2,1,1,,149262096,LevelMaxLevelSize
baseline_run1,baseline,2026/04/15-06:42:07.453679,1,2,2,1,1,,164256410,LevelMaxLevelSize
baseline_run1,baseline,2026/04/15-06:42:07.453688,1,2,2,1,1,,169148674,LevelMaxLevelSize
baseline_run1,baseline,2026/04/15-06:42:07.453690,1,2,2,1,1,,181322859,LevelMaxLevelSize
baseline_run1,baseline,2026/04/15-06:42:07.453699,1,2,2,1,1,,83451128,LevelMaxLevelSize
baseline_run1,baseline,2026/04/15-06:42:07.453707,1,2,2,1,1,,240850637,LevelMaxLevelSize
baseline_run1,baseline,2026/04/15-06:42:07.453710,1,2,2,1,1,,193784622,LevelMaxLevelSize
baseline_run1,baseline,2026/04/15-06:42:07.453717,1,2,3,2,1,,315060877,LevelMaxLevelSize
baseline_run1,baseline,2026/04/15-06:42:07.453721,1,2,2,1,1,,71791024,LevelMaxLevelSize
baseline_run1,baseline,2026/04/15-06:42:07.453729,1,2,3,2,1,,301762805,LevelMaxLevelSize
baseline_run1,baseline,2026/04/15-06:42:07.453730,1,2,2,1,1,,123964756,LevelMaxLevelSize
baseline_run1,baseline,2026/04/15-06:42:07.453731,1,2,2,1,1,,131822720,LevelMaxLevelSize
baseline_run1,baseline,2026/04/15-06:42:07.453732,1,2,2,1,1,,153172812,LevelMaxLevelSize
baseline_run1,baseline,2026/04/15-06:42:07.453853,1,2,2,1,1,,184998457,LevelMaxLevelSize
baseline_run1,baseline,2026/04/15-06:42:07.454800,1,2,2,1,1,,132907968,LevelMaxLevelSize
baseline_run1,baseline,2026/04/15-06:42:07.457446,2,3,3,1,2,,247448395,LevelMaxLevelSize
baseline_run1,baseline,2026/04/15-06:42:07.457612,2,3,3,1,2,,150446472,LevelMaxLevelSize
baseline_run1,baseline,2026/04/15-06:42:07.457732,2,3,2,1,1,,68270724,LevelMaxLevelSize
baseline_run1,baseline,2026/04/15-06:42:07.457732,2,3,5,1,4,,422705300,LevelMaxLevelSize
baseline_run1,baseline,2026/04/15-06:42:07.631078,2,3,2,1,1,,107639734,LevelMaxLevelSize
baseline_run1,baseline,2026/04/15-06:42:07.631078,2,3,3,1,2,,179300152,LevelMaxLevelSize
baseline_run1,baseline,2026/04/15-06:42:07.641481,0,1,4,4,0,,263122262,LevelL0FilesNum
baseline_run1,baseline,2026/04/15-06:42:07.642128,1,2,4,2,2,,331025450,LevelMaxLevelSize
baseline_run1,baseline,2026/04/15-06:42:07.697516,2,3,3,1,2,,172834472,LevelMaxLevelSize
baseline_run1,baseline,2026/04/15-06:42:07.711906,2,3,3,1,2,,211507693,LevelMaxLevelSize
baseline_run1,baseline,2026/04/15-06:42:07.712012,2,3,6,1,5,,489453445,LevelMaxLevelSize
baseline_run1,baseline,2026/04/15-06:42:07.735339,2,3,4,1,3,,221667701,LevelMaxLevelSize
baseline_run1,baseline,2026/04/15-06:42:07.738096,2,3,5,1,4,,360693427,LevelMaxLevelSize
baseline_run1,baseline,2026/04/15-06:42:07.768707,2,3,4,1,3,,218186608,LevelMaxLevelSize
baseline_run1,baseline,2026/04/15-06:42:07.768717,2,3,2,1,1,,53656417,LevelMaxLevelSize
baseline_run1,baseline,2026/04/15-06:42:07.768726,2,3,4,1,3,,244700645,LevelMaxLevelSize
baseline_run1,baseline,2026/04/15-06:42:07.774254,2,3,2,1,1,,36829901,LevelMaxLevelSize
baseline_run1,baseline,2026/04/15-06:42:07.774372,2,3,3,1,2,,85964161,LevelMaxLevelSize
baseline_run1,baseline,2026/04/15-06:42:07.774374,2,3,3,1,2,,200453568,LevelMaxLevelSize
baseline_run1,baseline,2026/04/15-06:42:07.774375,2,3,5,1,4,,302105241,LevelMaxLevelSize
baseline_run1,baseline,2026/04/15-06:42:07.785148,2,3,2,1,1,,118651979,LevelMaxLevelSize
baseline_run1,baseline,2026/04/15-06:42:07.785369,2,3,5,1,4,,292401107,LevelMaxLevelSize
baseline_run1,baseline,2026/04/15-06:42:07.785374,2,3,4,1,3,,240525376,LevelMaxLevelSize
baseline_run1,baseline,2026/04/15-06:42:07.785377,2,3,6,1,5,,302569180,LevelMaxLevelSize
baseline_run1,baseline,2026/04/15-06:42:07.791714,2,3,2,1,1,,133150521,LevelMaxLevelSize
baseline_run1,baseline,2026/04/15-06:42:07.791871,2,3,4,1,3,,206623919,LevelMaxLevelSize
baseline_run1,baseline,2026/04/15-06:42:07.791877,2,3,5,1,4,,331625553,LevelMaxLevelSize
baseline_run1,baseline,2026/04/15-06:42:07.806219,2,3,5,1,4,,282525413,LevelMaxLevelSize
baseline_run1,baseline,2026/04/15-06:42:07.806226,2,3,4,1,3,,257213355,LevelMaxLevelSize
baseline_run1,baseline,2026/04/15-06:42:07.810671,2,3,2,1,1,,125937388,LevelMaxLevelSize
baseline_run1,baseline,2026/04/15-06:42:07.811962,2,3,3,1,2,,189425576,LevelMaxLevelSize
baseline_run1,baseline,2026/04/15-06:42:07.853178,2,3,3,1,2,,141977374,LevelMaxLevelSize
baseline_run1,baseline,2026/04/15-06:42:07.863600,2,3,3,1,2,,194137194,LevelMaxLevelSize
baseline_run1,baseline,2026/04/15-06:42:07.864940,2,3,4,1,3,,267934341,LevelMaxLevelSize
baseline_run1,baseline,2026/04/15-06:42:07.868847,2,3,3,1,2,,193463243,LevelMaxLevelSize
baseline_run1,baseline,2026/04/15-06:42:07.879493,2,3,3,1,2,,202513412,LevelMaxLevelSize
baseline_run1,baseline,2026/04/15-06:42:07.887948,2,3,4,1,3,,211079780,LevelMaxLevelSize
baseline_run1,baseline,2026/04/15-06:42:07.898239,2,3,4,1,3,,217697964,LevelMaxLevelSize
baseline_run1,baseline,2026/04/15-06:42:07.984971,2,3,3,1,2,,202655114,LevelMaxLevelSize
baseline_run1,baseline,2026/04/15-06:42:07.989728,2,3,2,1,1,,36950866,LevelMaxLevelSize
baseline_run1,baseline,2026/04/15-06:42:08.017846,2,3,3,1,2,,217011067,LevelMaxLevelSize
baseline_run1,baseline,2026/04/15-06:42:08.041360,2,3,6,1,5,,385090803,LevelMaxLevelSize
baseline_run1,baseline,2026/04/15-06:42:08.071933,2,3,4,1,3,,284351823,LevelMaxLevelSize
baseline_run1,baseline,2026/04/15-06:42:08.086560,2,3,3,1,2,,138456635,LevelMaxLevelSize
baseline_run1,baseline,2026/04/15-06:42:08.099100,2,3,6,1,5,,364666048,LevelMaxLevelSize
baseline_run1,baseline,2026/04/15-06:42:08.123594,2,3,5,1,4,,314614783,LevelMaxLevelSize
baseline_run1,baseline,2026/04/15-06:42:08.125976,2,3,6,1,5,,350246146,LevelMaxLevelSize
baseline_run1,baseline,2026/04/15-06:42:08.140706,0,1,4,4,0,,263124505,LevelL0FilesNum
baseline_run1,baseline,2026/04/15-06:42:08.189871,2,3,2,1,1,,97116468,LevelMaxLevelSize
baseline_run1,baseline,2026/04/15-06:42:08.199718,2,3,3,1,2,,175183846,LevelMaxLevelSize
baseline_run1,baseline,2026/04/15-06:42:08.223534,2,3,4,1,3,,225833823,LevelMaxLevelSize
baseline_run1,baseline,2026/04/15-06:42:08.260433,2,3,4,1,3,,262642843,LevelMaxLevelSize
baseline_run1,baseline,2026/04/15-06:42:08.262682,2,3,3,1,2,,221938476,LevelMaxLevelSize
baseline_run1,baseline,2026/04/15-06:42:08.266429,2,3,4,1,3,,264874319,LevelMaxLevelSize
baseline_run1,baseline,2026/04/15-06:42:08.276524,2,3,5,1,4,,317183912,LevelMaxLevelSize
baseline_run1,baseline,2026/04/15-06:42:08.296078,2,3,5,1,4,,307318981,LevelMaxLevelSize
baseline_run1,baseline,2026/04/15-06:42:08.310575,2,3,7,2,5,,341260620,LevelMaxLevelSize
baseline_run1,baseline,2026/04/15-06:42:08.323735,2,3,6,1,5,,438538003,LevelMaxLevelSize
baseline_run1,baseline,2026/04/15-06:42:08.340896,2,3,6,1,5,,411317010,LevelMaxLevelSize
baseline_run1,baseline,2026/04/15-06:42:08.351826,2,3,6,1,5,,336804771,LevelMaxLevelSize
baseline_run1,baseline,2026/04/15-06:42:08.433398,2,3,3,1,2,,197534393,LevelMaxLevelSize
baseline_run1,baseline,2026/04/15-06:42:08.433404,2,3,3,1,2,,192293254,LevelMaxLevelSize
baseline_run1,baseline,2026/04/15-06:42:08.433500,2,3,5,1,4,,323036787,LevelMaxLevelSize
baseline_run1,baseline,2026/04/15-06:42:08.433725,2,3,4,1,3,,250760914,LevelMaxLevelSize
baseline_run1,baseline,2026/04/15-06:42:08.433728,2,3,9,1,8,,596155534,LevelMaxLevelSize
baseline_run1,baseline,2026/04/15-06:42:08.433733,2,3,3,1,2,,208025503,LevelMaxLevelSize
baseline_run1,baseline,2026/04/15-06:42:08.619000,0,1,4,4,0,,263097406,LevelL0FilesNum
baseline_run1,baseline,2026/04/15-06:42:08.881115,3,4,3,1,2,,160523922,LevelMaxLevelSize
baseline_run1,baseline,2026/04/15-06:42:08.883647,3,4,2,1,1,,63054453,LevelMaxLevelSize
baseline_run1,baseline,2026/04/15-06:42:08.883647,3,4,2,1,1,,119211877,LevelMaxLevelSize
baseline_run1,baseline,2026/04/15-06:42:08.883652,3,4,2,1,1,,129723620,LevelMaxLevelSize
baseline_run1,baseline,2026/04/15-06:42:08.883788,3,4,2,1,1,,119079037,LevelMaxLevelSize
baseline_run1,baseline,2026/04/15-06:42:08.883791,3,4,2,1,1,,63284104,LevelMaxLevelSize
baseline_run1,baseline,2026/04/15-06:42:08.883794,3,4,2,1,1,,119199425,LevelMaxLevelSize
baseline_run1,baseline,2026/04/15-06:42:08.883801,3,4,3,1,2,,129635557,LevelMaxLevelSize
baseline_run1,baseline,2026/04/15-06:42:08.926554,3,4,2,1,1,,119115260,LevelMaxLevelSize
baseline_run1,baseline,2026/04/15-06:42:08.926714,3,4,2,1,1,,118981247,LevelMaxLevelSize
baseline_run1,baseline,2026/04/15-06:42:08.926723,3,4,2,1,1,,118957284,LevelMaxLevelSize
baseline_run1,baseline,2026/04/15-06:42:08.926723,3,4,3,1,2,,183452251,LevelMaxLevelSize
baseline_run1,baseline,2026/04/15-06:42:08.926728,3,4,3,1,2,,181677782,LevelMaxLevelSize
baseline_run1,baseline,2026/04/15-06:42:08.927652,3,4,3,1,2,,148171299,LevelMaxLevelSize
baseline_run1,baseline,2026/04/15-06:42:08.927868,3,4,2,1,1,,118823290,LevelMaxLevelSize
baseline_run1,baseline,2026/04/15-06:42:08.927870,3,4,2,1,1,,118834744,LevelMaxLevelSize
baseline_run1,baseline,2026/04/15-06:42:08.927878,3,4,2,1,1,,118756999,LevelMaxLevelSize
baseline_run1,baseline,2026/04/15-06:42:08.927881,3,4,3,1,2,,125409196,LevelMaxLevelSize
baseline_run1,baseline,2026/04/15-06:42:08.946670,3,4,2,1,1,,118707073,LevelMaxLevelSize
baseline_run1,baseline,2026/04/15-06:42:08.946671,3,4,3,1,2,,180498511,LevelMaxLevelSize
baseline_run1,baseline,2026/04/15-06:42:08.946678,3,4,2,1,1,,118725699,LevelMaxLevelSize
baseline_run1,baseline,2026/04/15-06:42:08.946800,3,4,2,1,1,,118674786,LevelMaxLevelSize
baseline_run1,baseline,2026/04/15-06:42:08.946825,3,4,2,1,1,,118671535,LevelMaxLevelSize
baseline_run1,baseline,2026/04/15-06:42:09.031621,3,4,2,1,1,,118576067,LevelMaxLevelSize
baseline_run1,baseline,2026/04/15-06:42:09.031628,3,4,3,1,2,,135965205,LevelMaxLevelSize
baseline_run1,baseline,2026/04/15-06:42:09.031741,3,4,2,1,1,,118516962,LevelMaxLevelSize
baseline_run1,baseline,2026/04/15-06:42:09.031745,3,4,3,1,2,,191016312,LevelMaxLevelSize
baseline_run1,baseline,2026/04/15-06:42:09.031760,3,4,2,1,1,,118597878,LevelMaxLevelSize
baseline_run1,baseline,2026/04/15-06:42:09.038367,3,4,3,1,2,,154835401,LevelMaxLevelSize
baseline_run1,baseline,2026/04/15-06:42:09.038367,3,4,2,1,1,,129542790,LevelMaxLevelSize
baseline_run1,baseline,2026/04/15-06:42:09.038368,3,4,2,1,1,,118488717,LevelMaxLevelSize
baseline_run1,baseline,2026/04/15-06:42:09.038447,3,4,3,1,2,,144918448,LevelMaxLevelSize
baseline_run1,baseline,2026/04/15-06:42:09.038460,3,4,3,1,2,,137754609,LevelMaxLevelSize
baseline_run1,baseline,2026/04/15-06:42:09.102061,0,1,4,4,0,,263115303,LevelL0FilesNum
baseline_run1,baseline,2026/04/15-06:42:09.134746,3,4,3,1,2,,142310498,LevelMaxLevelSize
baseline_run1,baseline,2026/04/15-06:42:09.140950,3,4,3,1,2,,132060939,LevelMaxLevelSize
baseline_run1,baseline,2026/04/15-06:42:09.146054,3,4,2,1,1,,113809197,LevelMaxLevelSize
baseline_run1,baseline,2026/04/15-06:42:09.165553,3,4,4,1,3,,203540594,LevelMaxLevelSize
baseline_run1,baseline,2026/04/15-06:42:09.166715,3,4,3,1,2,,133455077,LevelMaxLevelSize
baseline_run1,baseline,2026/04/15-06:42:09.168971,3,4,4,1,3,,322666399,LevelMaxLevelSize
baseline_run1,baseline,2026/04/15-06:42:09.220719,3,4,3,1,2,,145854425,LevelMaxLevelSize
baseline_run1,baseline,2026/04/15-06:42:09.220722,3,4,2,1,1,,111784130,LevelMaxLevelSize
baseline_run1,baseline,2026/04/15-06:42:09.220723,3,4,2,1,1,,112034667,LevelMaxLevelSize
baseline_run1,baseline,2026/04/15-06:42:09.220924,3,4,2,1,1,,111748946,LevelMaxLevelSize
baseline_run1,baseline,2026/04/15-06:42:09.220925,3,4,2,1,1,,111772753,LevelMaxLevelSize
baseline_run1,baseline,2026/04/15-06:42:09.220927,3,4,2,1,1,,110114497,LevelMaxLevelSize
baseline_run1,baseline,2026/04/15-06:42:09.220932,3,4,4,1,3,,235484551,LevelMaxLevelSize
baseline_run1,baseline,2026/04/15-06:42:09.257351,3,4,2,1,1,,129482568,LevelMaxLevelSize
baseline_run1,baseline,2026/04/15-06:42:09.257581,3,4,2,1,1,,111618088,LevelMaxLevelSize
baseline_run1,baseline,2026/04/15-06:42:09.257652,3,4,2,1,1,,111620146,LevelMaxLevelSize
baseline_run1,baseline,2026/04/15-06:42:09.257652,3,4,2,1,1,,111250174,LevelMaxLevelSize
baseline_run1,baseline,2026/04/15-06:42:09.257655,3,4,2,1,1,,111510859,LevelMaxLevelSize
baseline_run1,baseline,2026/04/15-06:42:09.257656,3,4,2,1,1,,111655512,LevelMaxLevelSize
baseline_run1,baseline,2026/04/15-06:42:09.258737,3,4,2,1,1,,111524448,LevelMaxLevelSize
baseline_run1,baseline,2026/04/15-06:42:09.259367,3,4,3,1,2,,211171645,LevelMaxLevelSize
baseline_run1,baseline,2026/04/15-06:42:09.555116,0,1,4,4,0,,263128373,LevelL0FilesNum
baseline_run1,baseline,2026/04/15-06:42:09.634812,3,4,2,1,1,,111454775,LevelMaxLevelSize
baseline_run1,baseline,2026/04/15-06:42:09.635000,3,4,2,1,1,,111395586,LevelMaxLevelSize
baseline_run1,baseline,2026/04/15-06:42:09.635011,3,4,2,1,1,,111437346,LevelMaxLevelSize
baseline_run1,baseline,2026/04/15-06:42:09.635441,3,4,2,1,1,,111350144,LevelMaxLevelSize
baseline_run1,baseline,2026/04/15-06:42:09.635446,3,4,2,1,1,,111380253,LevelMaxLevelSize
baseline_run1,baseline,2026/04/15-06:42:09.635453,3,4,2,1,1,,109614904,LevelMaxLevelSize
baseline_run1,baseline,2026/04/15-06:42:09.635461,3,4,4,1,3,,235039969,LevelMaxLevelSize
baseline_run1,baseline,2026/04/15-06:42:09.635461,3,4,4,1,3,,233810800,LevelMaxLevelSize
baseline_run1,baseline,2026/04/15-06:42:09.635466,3,4,3,1,2,,136553391,LevelMaxLevelSize
baseline_run1,baseline,2026/04/15-06:42:09.635467,3,4,3,1,2,,221164727,LevelMaxLevelSize
baseline_run1,baseline,2026/04/15-06:42:09.967986,0,1,4,4,0,,263098524,LevelL0FilesNum
baseline_run1,baseline,2026/04/15-06:42:10.335159,0,1,32,15,17,,4840165368,LevelL0FilesNum
baseline_run1,baseline,2026/04/15-06:42:10.675851,0,1,4,4,0,,263114175,LevelL0FilesNum
baseline_run1,baseline,2026/04/15-06:42:11.362166,0,1,4,4,0,,263104614,LevelL0FilesNum
baseline_run1,baseline,2026/04/15-06:42:14.257558,0,1,4,4,0,,263116105,LevelL0FilesNum
baseline_run1,baseline,2026/04/15-06:42:14.814378,0,1,4,4,0,,854771968,LevelL0FilesNum
baseline_run1,baseline,2026/04/15-06:42:16.307888,0,1,4,4,0,,263125685,LevelL0FilesNum
baseline_run1,baseline,2026/04/15-06:42:17.587141,1,2,2,1,1,,120317247,LevelMaxLevelSize
baseline_run1,baseline,2026/04/15-06:42:17.587450,1,2,2,1,1,,53545149,LevelMaxLevelSize
baseline_run1,baseline,2026/04/15-06:42:17.587654,1,2,2,1,1,,108212783,LevelMaxLevelSize
baseline_run1,baseline,2026/04/15-06:42:17.587802,1,2,2,1,1,,169471862,LevelMaxLevelSize
baseline_run1,baseline,2026/04/15-06:42:17.588101,1,2,3,2,1,,271381099,LevelMaxLevelSize
baseline_run1,baseline,2026/04/15-06:42:17.588251,1,2,2,1,1,,176245232,LevelMaxLevelSize
baseline_run1,baseline,2026/04/15-06:42:17.588328,1,2,2,1,1,,136523607,LevelMaxLevelSize
baseline_run1,baseline,2026/04/15-06:42:17.588379,1,2,2,1,1,,140693872,LevelMaxLevelSize
baseline_run1,baseline,2026/04/15-06:42:17.588389,1,2,2,1,1,,150666887,LevelMaxLevelSize
baseline_run1,baseline,2026/04/15-06:42:17.588604,1,2,4,3,1,,524081683,LevelMaxLevelSize
baseline_run1,baseline,2026/04/15-06:42:17.588628,1,2,2,1,1,,82861439,LevelMaxLevelSize
baseline_run1,baseline,2026/04/15-06:42:17.588631,1,2,3,1,2,,156205133,LevelMaxLevelSize
baseline_run1,baseline,2026/04/15-06:42:17.588722,1,2,2,1,1,,147111194,LevelMaxLevelSize
baseline_run1,baseline,2026/04/15-06:42:17.588758,1,2,3,2,1,,298869135,LevelMaxLevelSize
baseline_run1,baseline,2026/04/15-06:42:17.588764,1,2,2,1,1,,164824755,LevelMaxLevelSize
baseline_run1,baseline,2026/04/15-06:42:17.588730,1,2,2,1,1,,165411293,LevelMaxLevelSize
baseline_run1,baseline,2026/04/15-06:42:17.588770,1,2,2,1,1,,181409357,LevelMaxLevelSize
baseline_run1,baseline,2026/04/15-06:42:17.588785,1,2,2,1,1,,152671047,LevelMaxLevelSize
baseline_run1,baseline,2026/04/15-06:42:17.588827,1,2,2,1,1,,99191047,LevelMaxLevelSize
baseline_run1,baseline,2026/04/15-06:42:17.588837,1,2,2,1,1,,212884430,LevelMaxLevelSize
baseline_run1,baseline,2026/04/15-06:42:17.588838,1,2,4,3,1,,524135756,LevelMaxLevelSize
baseline_run1,baseline,2026/04/15-06:42:17.588848,1,2,2,1,1,,89797543,LevelMaxLevelSize
baseline_run1,baseline,2026/04/15-06:42:17.689232,0,1,4,4,0,,263113139,LevelL0FilesNum
baseline_run1,baseline,2026/04/15-06:42:17.827867,2,3,2,1,1,,126940351,LevelMaxLevelSize
baseline_run1,baseline,2026/04/15-06:42:17.827869,2,3,3,1,2,,160364288,LevelMaxLevelSize
baseline_run1,baseline,2026/04/15-06:42:17.855500,2,3,2,1,1,,92583013,LevelMaxLevelSize
baseline_run1,baseline,2026/04/15-06:42:17.855645,2,3,5,1,4,,437090918,LevelMaxLevelSize
baseline_run1,baseline,2026/04/15-06:42:17.861296,2,3,3,1,2,,156574714,LevelMaxLevelSize
baseline_run1,baseline,2026/04/15-06:42:17.861420,2,3,3,1,2,,221961130,LevelMaxLevelSize
baseline_run1,baseline,2026/04/15-06:42:17.882521,2,3,2,1,1,,138256689,LevelMaxLevelSize
baseline_run1,baseline,2026/04/15-06:42:17.882548,2,3,3,1,2,,185025990,LevelMaxLevelSize
baseline_run1,baseline,2026/04/15-06:42:17.882549,2,3,3,1,2,,185683141,LevelMaxLevelSize
baseline_run1,baseline,2026/04/15-06:42:17.882555,2,3,5,1,4,,257502175,LevelMaxLevelSize
baseline_run1,baseline,2026/04/15-06:42:17.884036,2,3,5,1,4,,291893105,LevelMaxLevelSize
baseline_run1,baseline,2026/04/15-06:42:17.884036,2,3,4,1,3,,263074530,LevelMaxLevelSize
baseline_run1,baseline,2026/04/15-06:42:17.899970,2,3,2,1,1,,56040855,LevelMaxLevelSize
baseline_run1,baseline,2026/04/15-06:42:17.899970,2,3,3,1,2,,183089376,LevelMaxLevelSize
baseline_run1,baseline,2026/04/15-06:42:17.900058,2,3,7,2,5,,349099486,LevelMaxLevelSize
baseline_run1,baseline,2026/04/15-06:42:17.901266,2,3,3,1,2,,171946205,LevelMaxLevelSize
baseline_run1,baseline,2026/04/15-06:42:17.901267,2,3,2,1,1,,120333212,LevelMaxLevelSize
baseline_run1,baseline,2026/04/15-06:42:17.901334,2,3,2,1,1,,70386746,LevelMaxLevelSize
baseline_run1,baseline,2026/04/15-06:42:17.911091,2,3,6,1,5,,372263811,LevelMaxLevelSize
baseline_run1,baseline,2026/04/15-06:42:17.911183,2,3,4,1,3,,276161549,LevelMaxLevelSize
baseline_run1,baseline,2026/04/15-06:42:17.911188,2,3,6,1,5,,379398192,LevelMaxLevelSize
baseline_run1,baseline,2026/04/15-06:42:17.920034,2,3,4,1,3,,256534865,LevelMaxLevelSize
baseline_run1,baseline,2026/04/15-06:42:17.920041,2,3,5,1,4,,292802118,LevelMaxLevelSize
baseline_run1,baseline,2026/04/15-06:42:17.921699,2,3,2,1,1,,102770900,LevelMaxLevelSize
baseline_run1,baseline,2026/04/15-06:42:17.921755,2,3,3,1,2,,326244868,LevelMaxLevelSize
baseline_run1,baseline,2026/04/15-06:42:17.921760,2,3,2,1,1,,110726731,LevelMaxLevelSize
baseline_run1,baseline,2026/04/15-06:42:17.940682,2,3,3,1,2,,293971486,LevelMaxLevelSize
baseline_run1,baseline,2026/04/15-06:42:17.940745,2,3,4,1,3,,279148600,LevelMaxLevelSize
baseline_run1,baseline,2026/04/15-06:42:17.940755,2,3,5,1,4,,221359907,LevelMaxLevelSize
baseline_run1,baseline,2026/04/15-06:42:17.959552,2,3,6,2,4,,342256724,LevelMaxLevelSize
baseline_run1,baseline,2026/04/15-06:42:18.034386,2,3,4,1,3,,347127457,LevelMaxLevelSize
baseline_run1,baseline,2026/04/15-06:42:18.043677,2,3,4,1,3,,210967353,LevelMaxLevelSize
baseline_run1,baseline,2026/04/15-06:42:18.065655,2,3,5,1,4,,307794113,LevelMaxLevelSize
baseline_run1,baseline,2026/04/15-06:42:18.069436,2,3,5,1,4,,327285442,LevelMaxLevelSize
baseline_run1,baseline,2026/04/15-06:42:18.117228,2,3,6,1,5,,385718087,LevelMaxLevelSize
baseline_run1,baseline,2026/04/15-06:42:18.175964,0,1,4,4,0,,263117298,LevelL0FilesNum
baseline_run1,baseline,2026/04/15-06:42:18.177933,2,3,4,1,3,,199670914,LevelMaxLevelSize
baseline_run1,baseline,2026/04/15-06:42:18.190759,2,3,4,1,3,,245852293,LevelMaxLevelSize
baseline_run1,baseline,2026/04/15-06:42:18.192536,2,3,5,1,4,,301149009,LevelMaxLevelSize
baseline_run1,baseline,2026/04/15-06:42:18.206758,2,3,3,1,2,,174793956,LevelMaxLevelSize
baseline_run1,baseline,2026/04/15-06:42:18.242364,2,3,2,1,1,,54028031,LevelMaxLevelSize
baseline_run1,baseline,2026/04/15-06:42:18.242366,2,3,2,1,1,,110827972,LevelMaxLevelSize
baseline_run1,baseline,2026/04/15-06:42:18.242427,2,3,3,1,2,,136967321,LevelMaxLevelSize
baseline_run1,baseline,2026/04/15-06:42:18.268241,2,3,3,1,2,,162307105,LevelMaxLevelSize
baseline_run1,baseline,2026/04/15-06:42:18.320219,2,3,3,1,2,,203578499,LevelMaxLevelSize
baseline_run1,baseline,2026/04/15-06:42:18.325126,2,3,4,1,3,,248056857,LevelMaxLevelSize
baseline_run1,baseline,2026/04/15-06:42:18.607822,0,1,4,4,0,,263106693,LevelL0FilesNum
baseline_run1,baseline,2026/04/15-06:42:18.730085,2,3,3,1,2,,147084470,LevelMaxLevelSize
baseline_run1,baseline,2026/04/15-06:42:18.730088,2,3,4,2,2,,209174593,LevelMaxLevelSize
baseline_run1,baseline,2026/04/15-06:42:18.730358,2,3,4,1,3,,200805854,LevelMaxLevelSize
baseline_run1,baseline,2026/04/15-06:42:18.730361,2,3,4,1,3,,208862110,LevelMaxLevelSize
baseline_run1,baseline,2026/04/15-06:42:18.730505,2,3,6,1,5,,303125109,LevelMaxLevelSize
baseline_run1,baseline,2026/04/15-06:42:18.730505,2,3,5,1,4,,287390024,LevelMaxLevelSize
baseline_run1,baseline,2026/04/15-06:42:18.730509,2,3,3,1,2,,166190906,LevelMaxLevelSize
baseline_run1,baseline,2026/04/15-06:42:18.730519,2,3,5,1,4,,286868589,LevelMaxLevelSize
baseline_run1,baseline,2026/04/15-06:42:18.745430,2,3,2,1,1,,71583513,LevelMaxLevelSize
baseline_run1,baseline,2026/04/15-06:42:18.745872,2,3,3,1,2,,264171458,LevelMaxLevelSize
baseline_run1,baseline,2026/04/15-06:42:18.745891,2,3,2,1,1,,108488867,LevelMaxLevelSize
baseline_run1,baseline,2026/04/15-06:42:18.745900,2,3,2,1,1,,193249973,LevelMaxLevelSize
baseline_run1,baseline,2026/04/15-06:42:18.745908,2,3,2,1,1,,116521848,LevelMaxLevelSize
baseline_run1,baseline,2026/04/15-06:42:18.745913,2,3,2,1,1,,137639384,LevelMaxLevelSize
baseline_run1,baseline,2026/04/15-06:42:18.745915,2,3,4,1,3,,178510196,LevelMaxLevelSize
baseline_run1,baseline,2026/04/15-06:42:18.745925,2,3,3,1,2,,146901238,LevelMaxLevelSize
baseline_run1,baseline,2026/04/15-06:42:18.886621,3,4,2,1,1,,165855343,LevelMaxLevelSize
baseline_run1,baseline,2026/04/15-06:42:18.939912,3,4,3,1,2,,141387669,LevelMaxLevelSize
baseline_run1,baseline,2026/04/15-06:42:18.940227,3,4,3,1,2,,149048242,LevelMaxLevelSize
baseline_run1,baseline,2026/04/15-06:42:18.940227,3,4,3,1,2,,150049840,LevelMaxLevelSize
baseline_run1,baseline,2026/04/15-06:42:18.940228,3,4,2,1,1,,121206928,LevelMaxLevelSize
baseline_run1,baseline,2026/04/15-06:42:18.940231,3,4,2,1,1,,121083189,LevelMaxLevelSize
baseline_run1,baseline,2026/04/15-06:42:18.940237,3,4,3,1,2,,150218122,LevelMaxLevelSize
baseline_run1,baseline,2026/04/15-06:42:18.951258,3,4,2,1,1,,121029097,LevelMaxLevelSize
baseline_run1,baseline,2026/04/15-06:42:18.973448,3,4,2,1,1,,120968887,LevelMaxLevelSize
baseline_run1,baseline,2026/04/15-06:42:18.973467,3,4,3,1,2,,131768901,LevelMaxLevelSize
baseline_run1,baseline,2026/04/15-06:42:18.973469,3,4,2,1,1,,103209456,LevelMaxLevelSize
baseline_run1,baseline,2026/04/15-06:42:19.010188,3,4,2,1,1,,96229662,LevelMaxLevelSize
baseline_run1,baseline,2026/04/15-06:42:19.010188,3,4,3,1,2,,149822271,LevelMaxLevelSize
baseline_run1,baseline,2026/04/15-06:42:19.021983,3,4,3,1,2,,164555289,LevelMaxLevelSize
baseline_run1,baseline,2026/04/15-06:42:19.021988,3,4,3,1,2,,204167603,LevelMaxLevelSize
baseline_run1,baseline,2026/04/15-06:42:19.023073,3,4,2,1,1,,118594682,LevelMaxLevelSize
baseline_run1,baseline,2026/04/15-06:42:19.023240,3,4,3,1,2,,152356210,LevelMaxLevelSize
baseline_run1,baseline,2026/04/15-06:42:19.023244,3,4,2,1,1,,118600972,LevelMaxLevelSize
baseline_run1,baseline,2026/04/15-06:42:19.061743,3,4,3,1,2,,153785938,LevelMaxLevelSize
baseline_run1,baseline,2026/04/15-06:42:19.061755,3,4,2,1,1,,117178699,LevelMaxLevelSize
baseline_run1,baseline,2026/04/15-06:42:19.062987,0,1,4,4,0,,263112819,LevelL0FilesNum
baseline_run1,baseline,2026/04/15-06:42:19.112783,3,4,2,1,1,,116987495,LevelMaxLevelSize
baseline_run1,baseline,2026/04/15-06:42:19.112936,3,4,2,1,1,,116950049,LevelMaxLevelSize
baseline_run1,baseline,2026/04/15-06:42:19.112939,3,4,3,1,2,,152757364,LevelMaxLevelSize
baseline_run1,baseline,2026/04/15-06:42:19.131635,3,4,2,1,1,,116670628,LevelMaxLevelSize
baseline_run1,baseline,2026/04/15-06:42:19.131699,3,4,2,1,1,,114095980,LevelMaxLevelSize
baseline_run1,baseline,2026/04/15-06:42:19.131805,3,4,2,1,1,,114056508,LevelMaxLevelSize
baseline_run1,baseline,2026/04/15-06:42:19.131809,3,4,2,1,1,,113920331,LevelMaxLevelSize
baseline_run1,baseline,2026/04/15-06:42:19.139490,3,4,2,1,1,,113876733,LevelMaxLevelSize
baseline_run1,baseline,2026/04/15-06:42:19.139490,3,4,2,1,1,,113834118,LevelMaxLevelSize
baseline_run1,baseline,2026/04/15-06:42:19.149805,3,4,3,1,2,,141975955,LevelMaxLevelSize
baseline_run1,baseline,2026/04/15-06:42:19.162436,3,4,2,1,1,,113762401,LevelMaxLevelSize
baseline_run1,baseline,2026/04/15-06:42:19.193636,3,4,2,1,1,,113731247,LevelMaxLevelSize
baseline_run1,baseline,2026/04/15-06:42:19.197113,3,4,2,1,1,,113625253,LevelMaxLevelSize
baseline_run1,baseline,2026/04/15-06:42:19.202612,3,4,3,1,2,,125722994,LevelMaxLevelSize
baseline_run1,baseline,2026/04/15-06:42:19.221105,3,4,3,1,2,,120811620,LevelMaxLevelSize
baseline_run1,baseline,2026/04/15-06:42:19.228017,3,4,3,1,2,,126645556,LevelMaxLevelSize
baseline_run1,baseline,2026/04/15-06:42:19.233323,3,4,2,1,1,,112888617,LevelMaxLevelSize
baseline_run1,baseline,2026/04/15-06:42:19.235077,3,4,4,1,3,,224432161,LevelMaxLevelSize
baseline_run1,baseline,2026/04/15-06:42:19.246040,3,4,3,1,2,,154958944,LevelMaxLevelSize
baseline_run1,baseline,2026/04/15-06:42:19.314453,3,4,2,1,1,,111331274,LevelMaxLevelSize
baseline_run1,baseline,2026/04/15-06:42:19.314468,3,4,4,1,3,,234871535,LevelMaxLevelSize
baseline_run1,baseline,2026/04/15-06:42:19.314468,3,4,3,1,2,,208192295,LevelMaxLevelSize
baseline_run1,baseline,2026/04/15-06:42:19.330029,3,4,2,1,1,,111303185,LevelMaxLevelSize
baseline_run1,baseline,2026/04/15-06:42:19.330293,3,4,3,1,2,,154617249,LevelMaxLevelSize
baseline_run1,baseline,2026/04/15-06:42:19.330290,3,4,3,1,2,,154373166,LevelMaxLevelSize
baseline_run1,baseline,2026/04/15-06:42:19.330305,3,4,3,1,2,,126001467,LevelMaxLevelSize
baseline_run1,baseline,2026/04/15-06:42:19.330311,3,4,2,1,1,,111289500,LevelMaxLevelSize
baseline_run1,baseline,2026/04/15-06:42:19.330314,3,4,2,1,1,,111271925,LevelMaxLevelSize
baseline_run1,baseline,2026/04/15-06:42:19.332715,3,4,3,1,2,,211226610,LevelMaxLevelSize
baseline_run1,baseline,2026/04/15-06:42:19.339190,3,4,2,1,1,,111192070,LevelMaxLevelSize
baseline_run1,baseline,2026/04/15-06:42:19.371159,3,4,4,1,3,,304537149,LevelMaxLevelSize
baseline_run1,baseline,2026/04/15-06:42:19.389071,3,4,3,1,2,,153996830,LevelMaxLevelSize
baseline_run1,baseline,2026/04/15-06:42:19.390137,3,4,2,1,1,,111139087,LevelMaxLevelSize
baseline_run1,baseline,2026/04/15-06:42:19.392031,3,4,3,1,2,,211227729,LevelMaxLevelSize
baseline_run1,baseline,2026/04/15-06:42:19.392118,3,4,3,1,2,,122449202,LevelMaxLevelSize
baseline_run1,baseline,2026/04/15-06:42:19.393555,3,4,2,1,1,,110528047,LevelMaxLevelSize
baseline_run1,baseline,2026/04/15-06:42:19.400954,3,4,3,1,2,,181809692,LevelMaxLevelSize
baseline_run1,baseline,2026/04/15-06:42:19.576508,0,1,4,4,0,,263122514,LevelL0FilesNum
baseline_run1,baseline,2026/04/15-06:42:19.969212,0,1,24,10,14,,3633463508,LevelL0FilesNum
baseline_run1,baseline,2026/04/15-06:42:20.280076,0,1,4,4,0,,263088190,LevelL0FilesNum
baseline_run1,baseline,2026/04/15-06:42:20.684572,0,1,4,4,0,,263111208,LevelL0FilesNum
baseline_run1,baseline,2026/04/15-06:42:21.090072,0,1,4,4,0,,263103610,LevelL0FilesNum
baseline_run1,baseline,2026/04/15-06:42:21.491665,0,1,4,4,0,,263108996,LevelL0FilesNum
baseline_run1,baseline,2026/04/15-06:42:21.990521,0,1,4,4,0,,263111994,LevelL0FilesNum
baseline_run1,baseline,2026/04/15-06:42:22.568937,0,1,4,4,0,,263118306,LevelL0FilesNum
baseline_run1,baseline,2026/04/15-06:42:22.948524,0,1,7,7,0,,1643766803,LevelL0FilesNum
baseline_run1,baseline,2026/04/15-06:42:25.412264,0,1,4,4,0,,263122484,LevelL0FilesNum
baseline_run1,baseline,2026/04/15-06:42:25.513223,1,2,1,1,0,,130611968,LevelMaxLevelSize
baseline_run1,baseline,2026/04/15-06:42:25.513843,1,2,2,1,1,,131565043,LevelMaxLevelSize
baseline_run1,baseline,2026/04/15-06:42:25.513843,1,2,2,1,1,,128499370,LevelMaxLevelSize
baseline_run1,baseline,2026/04/15-06:42:25.513843,1,2,2,1,1,,185496967,LevelMaxLevelSize
baseline_run1,baseline,2026/04/15-06:42:25.514046,1,2,2,1,1,,166835597,LevelMaxLevelSize
baseline_run1,baseline,2026/04/15-06:42:25.514051,1,2,2,1,1,,233086794,LevelMaxLevelSize
baseline_run1,baseline,2026/04/15-06:42:25.514072,1,2,2,1,1,,147573198,LevelMaxLevelSize
baseline_run1,baseline,2026/04/15-06:42:25.514082,1,2,2,1,1,,93548553,LevelMaxLevelSize
baseline_run1,baseline,2026/04/15-06:42:25.514086,1,2,2,1,1,,101250311,LevelMaxLevelSize
baseline_run1,baseline,2026/04/15-06:42:25.514090,1,2,2,1,1,,98966611,LevelMaxLevelSize
baseline_run1,baseline,2026/04/15-06:42:25.514264,1,2,4,2,2,,314285093,LevelMaxLevelSize
baseline_run1,baseline,2026/04/15-06:42:25.514343,1,2,2,1,1,,124855395,LevelMaxLevelSize
baseline_run1,baseline,2026/04/15-06:42:25.514358,1,2,3,2,1,,389680867,LevelMaxLevelSize
baseline_run1,baseline,2026/04/15-06:42:25.689776,2,3,3,1,2,,187385602,LevelMaxLevelSize
baseline_run1,baseline,2026/04/15-06:42:25.693034,2,3,3,1,2,,258218840,LevelMaxLevelSize
baseline_run1,baseline,2026/04/15-06:42:25.693034,2,3,5,1,4,,253115357,LevelMaxLevelSize
baseline_run1,baseline,2026/04/15-06:42:25.734763,2,3,5,1,4,,330296413,LevelMaxLevelSize
baseline_run1,baseline,2026/04/15-06:42:25.734760,2,3,3,1,2,,206010369,LevelMaxLevelSize
baseline_run1,baseline,2026/04/15-06:42:25.738545,2,3,4,1,3,,257221025,LevelMaxLevelSize
baseline_run1,baseline,2026/04/15-06:42:25.738547,2,3,7,1,6,,376870223,LevelMaxLevelSize
baseline_run1,baseline,2026/04/15-06:42:25.744621,2,3,5,1,4,,344555420,LevelMaxLevelSize
baseline_run1,baseline,2026/04/15-06:42:25.744727,2,3,5,1,4,,292743916,LevelMaxLevelSize
baseline_run1,baseline,2026/04/15-06:42:25.749873,2,3,4,1,3,,293301013,LevelMaxLevelSize
baseline_run1,baseline,2026/04/15-06:42:25.749875,2,3,4,1,3,,267177583,LevelMaxLevelSize
baseline_run1,baseline,2026/04/15-06:42:25.770366,2,3,2,1,1,,36657400,LevelMaxLevelSize
baseline_run1,baseline,2026/04/15-06:42:25.770491,2,3,10,1,9,,612454014,LevelMaxLevelSize
baseline_run1,baseline,2026/04/15-06:42:25.770518,2,3,7,1,6,,525744759,LevelMaxLevelSize
baseline_run1,baseline,2026/04/15-06:42:25.815921,2,3,4,1,3,,338108096,LevelMaxLevelSize
baseline_run1,baseline,2026/04/15-06:42:25.837854,0,1,4,4,0,,263089049,LevelL0FilesNum
baseline_run1,baseline,2026/04/15-06:42:25.848194,2,3,4,1,3,,322555447,LevelMaxLevelSize
baseline_run1,baseline,2026/04/15-06:42:25.848205,2,3,2,1,1,,122398472,LevelMaxLevelSize
baseline_run1,baseline,2026/04/15-06:42:25.848209,2,3,4,1,3,,289914604,LevelMaxLevelSize
baseline_run1,baseline,2026/04/15-06:42:25.848215,2,3,4,1,3,,254137189,LevelMaxLevelSize
baseline_run1,baseline,2026/04/15-06:42:25.939139,2,3,4,1,3,,245280854,LevelMaxLevelSize
baseline_run1,baseline,2026/04/15-06:42:25.939146,2,3,4,1,3,,244280142,LevelMaxLevelSize
baseline_run1,baseline,2026/04/15-06:42:25.939152,2,3,3,1,2,,189611424,LevelMaxLevelSize
baseline_run1,baseline,2026/04/15-06:42:25.939157,2,3,4,1,3,,289389445,LevelMaxLevelSize
baseline_run1,baseline,2026/04/15-06:42:26.100687,2,3,3,1,2,,171727987,LevelMaxLevelSize
baseline_run1,baseline,2026/04/15-06:42:26.100703,2,3,4,1,3,,284247392,LevelMaxLevelSize
baseline_run1,baseline,2026/04/15-06:42:26.100804,2,3,3,1,2,,186389374,LevelMaxLevelSize
baseline_run1,baseline,2026/04/15-06:42:26.100806,2,3,5,1,4,,342439861,LevelMaxLevelSize
baseline_run1,baseline,2026/04/15-06:42:26.100900,2,3,10,1,9,,759573661,LevelMaxLevelSize
baseline_run1,baseline,2026/04/15-06:42:26.262579,2,3,2,1,1,,130571191,LevelMaxLevelSize
baseline_run1,baseline,2026/04/15-06:42:26.262770,2,3,3,1,2,,185976547,LevelMaxLevelSize
baseline_run1,baseline,2026/04/15-06:42:26.262771,2,3,3,1,2,,253666140,LevelMaxLevelSize
baseline_run1,baseline,2026/04/15-06:42:26.262778,2,3,3,1,2,,161976043,LevelMaxLevelSize
baseline_run1,baseline,2026/04/15-06:42:26.262780,2,3,3,1,2,,135297189,LevelMaxLevelSize
baseline_run1,baseline,2026/04/15-06:42:26.280255,0,1,4,4,0,,263108842,LevelL0FilesNum
baseline_run1,baseline,2026/04/15-06:42:26.697040,0,1,4,4,0,,263108941,LevelL0FilesNum
baseline_run1,baseline,2026/04/15-06:42:26.743881,3,4,2,1,1,,120710250,LevelMaxLevelSize
baseline_run1,baseline,2026/04/15-06:42:26.751424,3,4,2,1,1,,122406801,LevelMaxLevelSize
baseline_run1,baseline,2026/04/15-06:42:26.751693,3,4,3,1,2,,117262046,LevelMaxLevelSize
baseline_run1,baseline,2026/04/15-06:42:26.751903,3,4,2,1,1,,115551627,LevelMaxLevelSize
baseline_run1,baseline,2026/04/15-06:42:26.751977,3,4,3,1,2,,128375473,LevelMaxLevelSize
baseline_run1,baseline,2026/04/15-06:42:26.751978,3,4,3,1,2,,200219639,LevelMaxLevelSize
baseline_run1,baseline,2026/04/15-06:42:26.751987,3,4,2,1,1,,115916264,LevelMaxLevelSize
baseline_run1,baseline,2026/04/15-06:42:26.751992,3,4,4,1,3,,225745976,LevelMaxLevelSize
baseline_run1,baseline,2026/04/15-06:42:26.751995,3,4,2,1,1,,116666488,LevelMaxLevelSize
baseline_run1,baseline,2026/04/15-06:42:26.752002,3,4,3,1,2,,135306618,LevelMaxLevelSize
baseline_run1,baseline,2026/04/15-06:42:26.912204,3,4,2,1,1,,114717362,LevelMaxLevelSize
baseline_run1,baseline,2026/04/15-06:42:26.912215,3,4,2,1,1,,114874179,LevelMaxLevelSize
baseline_run1,baseline,2026/04/15-06:42:26.912442,3,4,2,1,1,,114665376,LevelMaxLevelSize
baseline_run1,baseline,2026/04/15-06:42:26.912510,3,4,3,1,2,,125202387,LevelMaxLevelSize
baseline_run1,baseline,2026/04/15-06:42:26.912511,3,4,3,1,2,,195055827,LevelMaxLevelSize
baseline_run1,baseline,2026/04/15-06:42:26.912788,3,4,3,1,2,,168708991,LevelMaxLevelSize
baseline_run1,baseline,2026/04/15-06:42:26.912797,3,4,3,1,2,,218781142,LevelMaxLevelSize
baseline_run1,baseline,2026/04/15-06:42:26.912798,3,4,2,1,1,,111584735,LevelMaxLevelSize
baseline_run1,baseline,2026/04/15-06:42:26.912802,3,4,2,1,1,,106924686,LevelMaxLevelSize
baseline_run1,baseline,2026/04/15-06:42:26.912802,3,4,3,1,2,,159392182,LevelMaxLevelSize
baseline_run1,baseline,2026/04/15-06:42:27.112289,0,1,4,4,0,,263106045,LevelL0FilesNum
baseline_run1,baseline,2026/04/15-06:42:27.409700,3,4,3,1,2,,147787765,LevelMaxLevelSize
baseline_run1,baseline,2026/04/15-06:42:27.409925,3,4,2,1,1,,109255273,LevelMaxLevelSize
baseline_run1,baseline,2026/04/15-06:42:27.409933,3,4,2,1,1,,111251120,LevelMaxLevelSize
baseline_run1,baseline,2026/04/15-06:42:27.410402,3,4,2,1,1,,109862097,LevelMaxLevelSize
baseline_run1,baseline,2026/04/15-06:42:27.410414,3,4,3,1,2,,123295882,LevelMaxLevelSize
baseline_run1,baseline,2026/04/15-06:42:27.410499,3,4,2,1,1,,110927082,LevelMaxLevelSize
baseline_run1,baseline,2026/04/15-06:42:27.410508,3,4,4,1,3,,284578938,LevelMaxLevelSize
baseline_run1,baseline,2026/04/15-06:42:27.410520,3,4,2,1,1,,111231501,LevelMaxLevelSize
baseline_run1,baseline,2026/04/15-06:42:27.410508,3,4,2,1,1,,106282675,LevelMaxLevelSize
baseline_run1,baseline,2026/04/15-06:42:27.410524,3,4,3,1,2,,219531196,LevelMaxLevelSize
baseline_run1,baseline,2026/04/15-06:42:27.410529,3,4,2,1,1,,105973134,LevelMaxLevelSize
baseline_run1,baseline,2026/04/15-06:42:27.410536,3,4,2,1,1,,109964970,LevelMaxLevelSize
baseline_run1,baseline,2026/04/15-06:42:27.410540,3,4,3,1,2,,179530307,LevelMaxLevelSize
baseline_run1,baseline,2026/04/15-06:42:27.410545,3,4,2,1,1,,111187795,LevelMaxLevelSize
baseline_run1,baseline,2026/04/15-06:42:27.515513,0,1,4,4,0,,263091221,LevelL0FilesNum
baseline_run1,baseline,2026/04/15-06:42:27.921934,0,1,30,10,20,,4925321696,LevelL0FilesNum
baseline_run1,baseline,2026/04/15-06:42:28.226676,0,1,4,4,0,,263099664,LevelL0FilesNum
baseline_run1,baseline,2026/04/15-06:42:28.622044,0,1,4,4,0,,263089130,LevelL0FilesNum
baseline_run1,baseline,2026/04/15-06:42:29.025634,0,1,4,4,0,,263106601,LevelL0FilesNum
baseline_run1,baseline,2026/04/15-06:42:29.427700,0,1,4,4,0,,263086184,LevelL0FilesNum
baseline_run1,baseline,2026/04/15-06:42:29.933926,0,1,4,4,0,,263098338,LevelL0FilesNum
baseline_run1,baseline,2026/04/15-06:42:30.508748,0,1,4,4,0,,263091364,LevelL0FilesNum
baseline_run1,baseline,2026/04/15-06:42:30.887349,0,1,7,7,0,,1643733044,LevelL0FilesNum
baseline_run1,baseline,2026/04/15-06:42:33.244892,0,1,4,4,0,,263106602,LevelL0FilesNum
baseline_run1,baseline,2026/04/15-06:42:33.654949,0,1,4,4,0,,263096347,LevelL0FilesNum
baseline_run1,baseline,2026/04/15-06:42:35.231502,1,2,2,1,1,,97137801,LevelMaxLevelSize
baseline_run1,baseline,2026/04/15-06:42:35.231507,1,2,2,1,1,,98082997,LevelMaxLevelSize
baseline_run1,baseline,2026/04/15-06:42:35.231520,1,2,2,1,1,,151774126,LevelMaxLevelSize
baseline_run1,baseline,2026/04/15-06:42:35.231533,1,2,2,1,1,,69957581,LevelMaxLevelSize
baseline_run1,baseline,2026/04/15-06:42:35.231751,1,2,2,1,1,,190416645,LevelMaxLevelSize
baseline_run1,baseline,2026/04/15-06:42:35.231871,1,2,2,1,1,,161623034,LevelMaxLevelSize
baseline_run1,baseline,2026/04/15-06:42:35.231881,1,2,4,2,2,,226938612,LevelMaxLevelSize
baseline_run1,baseline,2026/04/15-06:42:35.231875,1,2,2,1,1,,166734751,LevelMaxLevelSize
baseline_run1,baseline,2026/04/15-06:42:35.231984,1,2,3,2,1,,300184165,LevelMaxLevelSize
baseline_run1,baseline,2026/04/15-06:42:35.232294,1,2,2,1,1,,181753734,LevelMaxLevelSize
baseline_run1,baseline,2026/04/15-06:42:35.232438,1,2,2,1,1,,142241095,LevelMaxLevelSize
baseline_run1,baseline,2026/04/15-06:42:35.232442,1,2,2,1,1,,107083477,LevelMaxLevelSize
baseline_run1,baseline,2026/04/15-06:42:35.232730,1,2,2,1,1,,116551108,LevelMaxLevelSize
baseline_run1,baseline,2026/04/15-06:42:35.232841,1,2,2,1,1,,115153855,LevelMaxLevelSize
baseline_run1,baseline,2026/04/15-06:42:35.232841,1,2,2,1,1,,128166302,LevelMaxLevelSize
baseline_run1,baseline,2026/04/15-06:42:35.232818,1,2,2,1,1,,146100345,LevelMaxLevelSize
baseline_run1,baseline,2026/04/15-06:42:35.232859,1,2,2,1,1,,88754854,LevelMaxLevelSize
baseline_run1,baseline,2026/04/15-06:42:35.232862,1,2,2,1,1,,149442062,LevelMaxLevelSize
baseline_run1,baseline,2026/04/15-06:42:35.232853,1,2,3,1,2,,226850350,LevelMaxLevelSize
baseline_run1,baseline,2026/04/15-06:42:35.232874,1,2,2,1,1,,145776064,LevelMaxLevelSize
baseline_run1,baseline,2026/04/15-06:42:35.232878,1,2,2,1,1,,177280739,LevelMaxLevelSize
baseline_run1,baseline,2026/04/15-06:42:35.457372,2,3,5,1,4,,385483437,LevelMaxLevelSize
baseline_run1,baseline,2026/04/15-06:42:35.461512,2,3,2,1,1,,106713528,LevelMaxLevelSize
baseline_run1,baseline,2026/04/15-06:42:35.461512,2,3,5,1,4,,298888122,LevelMaxLevelSize
baseline_run1,baseline,2026/04/15-06:42:35.480095,2,3,2,1,1,,130390416,LevelMaxLevelSize
baseline_run1,baseline,2026/04/15-06:42:35.480095,2,3,3,1,2,,196510986,LevelMaxLevelSize
baseline_run1,baseline,2026/04/15-06:42:35.480197,2,3,5,1,4,,260526495,LevelMaxLevelSize
baseline_run1,baseline,2026/04/15-06:42:35.509753,2,3,4,1,3,,316695100,LevelMaxLevelSize
baseline_run1,baseline,2026/04/15-06:42:35.509780,2,3,11,1,10,,592262203,LevelMaxLevelSize
baseline_run1,baseline,2026/04/15-06:42:35.510862,2,3,5,1,4,,341029803,LevelMaxLevelSize
baseline_run1,baseline,2026/04/15-06:42:35.518822,2,3,3,1,2,,201866635,LevelMaxLevelSize
baseline_run1,baseline,2026/04/15-06:42:35.518824,2,3,2,1,1,,83151638,LevelMaxLevelSize
baseline_run1,baseline,2026/04/15-06:42:35.519006,2,3,6,1,5,,351325222,LevelMaxLevelSize
baseline_run1,baseline,2026/04/15-06:42:35.519008,2,3,2,1,1,,35710395,LevelMaxLevelSize
baseline_run1,baseline,2026/04/15-06:42:35.520595,2,3,6,1,5,,336982684,LevelMaxLevelSize
baseline_run1,baseline,2026/04/15-06:42:35.520629,2,3,7,1,6,,496884202,LevelMaxLevelSize
baseline_run1,baseline,2026/04/15-06:42:35.522252,2,3,7,1,6,,483423760,LevelMaxLevelSize
baseline_run1,baseline,2026/04/15-06:42:35.522253,2,3,4,1,3,,221655810,LevelMaxLevelSize
baseline_run1,baseline,2026/04/15-06:42:35.539709,2,3,4,1,3,,244758704,LevelMaxLevelSize
baseline_run1,baseline,2026/04/15-06:42:35.539732,2,3,6,1,5,,309466976,LevelMaxLevelSize
baseline_run1,baseline,2026/04/15-06:42:35.539734,2,3,3,1,2,,156634291,LevelMaxLevelSize
baseline_run1,baseline,2026/04/15-06:42:35.554678,2,3,2,1,1,,153420449,LevelMaxLevelSize
baseline_run1,baseline,2026/04/15-06:42:35.554776,2,3,4,1,3,,163877914,LevelMaxLevelSize
baseline_run1,baseline,2026/04/15-06:42:35.554780,2,3,6,1,5,,311440476,LevelMaxLevelSize
baseline_run1,baseline,2026/04/15-06:42:35.578890,2,3,3,1,2,,207793912,LevelMaxLevelSize
baseline_run1,baseline,2026/04/15-06:42:35.578979,2,3,5,1,4,,356621829,LevelMaxLevelSize
baseline_run1,baseline,2026/04/15-06:42:35.578980,2,3,3,1,2,,166455144,LevelMaxLevelSize
baseline_run1,baseline,2026/04/15-06:42:35.597628,2,3,2,1,1,,86398679,LevelMaxLevelSize
baseline_run1,baseline,2026/04/15-06:42:35.597639,2,3,2,1,1,,115482069,LevelMaxLevelSize
baseline_run1,baseline,2026/04/15-06:42:35.597644,2,3,3,1,2,,205752876,LevelMaxLevelSize
baseline_run1,baseline,2026/04/15-06:42:35.597648,2,3,6,1,5,,350278421,LevelMaxLevelSize
baseline_run1,baseline,2026/04/15-06:42:35.603727,2,3,2,1,1,,111931800,LevelMaxLevelSize
baseline_run1,baseline,2026/04/15-06:42:35.603727,2,3,5,1,4,,294592960,LevelMaxLevelSize
baseline_run1,baseline,2026/04/15-06:42:35.603788,2,3,7,1,6,,441915885,LevelMaxLevelSize
baseline_run1,baseline,2026/04/15-06:42:35.657954,0,1,4,4,0,,263119307,LevelL0FilesNum
baseline_run1,baseline,2026/04/15-06:42:35.698352,2,3,2,1,1,,127773918,LevelMaxLevelSize
baseline_run1,baseline,2026/04/15-06:42:35.698438,2,3,2,1,1,,184757883,LevelMaxLevelSize
baseline_run1,baseline,2026/04/15-06:42:35.699613,2,3,2,1,1,,148119286,LevelMaxLevelSize
baseline_run1,baseline,2026/04/15-06:42:35.716845,2,3,3,1,2,,118669236,LevelMaxLevelSize
baseline_run1,baseline,2026/04/15-06:42:35.772469,2,3,4,1,3,,120521481,LevelMaxLevelSize
baseline_run1,baseline,2026/04/15-06:42:35.808069,2,3,3,1,2,,215551278,LevelMaxLevelSize
baseline_run1,baseline,2026/04/15-06:42:35.857967,2,3,5,1,4,,313250574,LevelMaxLevelSize
baseline_run1,baseline,2026/04/15-06:42:35.877383,2,3,5,1,4,,342002715,LevelMaxLevelSize
baseline_run1,baseline,2026/04/15-06:42:35.889086,2,3,6,1,5,,393048735,LevelMaxLevelSize
baseline_run1,baseline,2026/04/15-06:42:35.910704,2,3,3,1,2,,190578411,LevelMaxLevelSize
baseline_run1,baseline,2026/04/15-06:42:35.927938,2,3,6,1,5,,408476387,LevelMaxLevelSize
baseline_run1,baseline,2026/04/15-06:42:35.939301,2,3,6,1,5,,380860900,LevelMaxLevelSize
baseline_run1,baseline,2026/04/15-06:42:35.952651,2,3,7,1,6,,403417207,LevelMaxLevelSize
baseline_run1,baseline,2026/04/15-06:42:35.981639,2,3,2,1,1,,79643643,LevelMaxLevelSize
baseline_run1,baseline,2026/04/15-06:42:36.133633,0,1,4,4,0,,263110802,LevelL0FilesNum
baseline_run1,baseline,2026/04/15-06:42:36.554538,0,1,4,4,0,,263113157,LevelL0FilesNum
baseline_run1,baseline,2026/04/15-06:42:36.559900,3,4,3,1,2,,177486467,LevelMaxLevelSize
baseline_run1,baseline,2026/04/15-06:42:36.560156,3,4,2,1,1,,121408464,LevelMaxLevelSize
baseline_run1,baseline,2026/04/15-06:42:36.560162,3,4,2,1,1,,119086093,LevelMaxLevelSize
baseline_run1,baseline,2026/04/15-06:42:36.560165,3,4,2,1,1,,118059781,LevelMaxLevelSize
baseline_run1,baseline,2026/04/15-06:42:36.560167,3,4,2,1,1,,121568266,LevelMaxLevelSize
baseline_run1,baseline,2026/04/15-06:42:36.649275,3,4,3,1,2,,187688254,LevelMaxLevelSize
baseline_run1,baseline,2026/04/15-06:42:36.649278,3,4,2,1,1,,117954776,LevelMaxLevelSize
baseline_run1,baseline,2026/04/15-06:42:36.649278,3,4,2,1,1,,117701268,LevelMaxLevelSize
baseline_run1,baseline,2026/04/15-06:42:36.649282,3,4,3,1,2,,183275873,LevelMaxLevelSize
baseline_run1,baseline,2026/04/15-06:42:36.649551,3,4,3,1,2,,116763219,LevelMaxLevelSize
baseline_run1,baseline,2026/04/15-06:42:36.649558,3,4,2,1,1,,110538360,LevelMaxLevelSize
baseline_run1,baseline,2026/04/15-06:42:36.649558,3,4,2,1,1,,113631577,LevelMaxLevelSize
baseline_run1,baseline,2026/04/15-06:42:36.657497,3,4,2,1,1,,113611776,LevelMaxLevelSize
baseline_run1,baseline,2026/04/15-06:42:36.657609,3,4,2,1,1,,104234807,LevelMaxLevelSize
baseline_run1,baseline,2026/04/15-06:42:36.657617,3,4,2,1,1,,109322878,LevelMaxLevelSize
baseline_run1,baseline,2026/04/15-06:42:36.657762,3,4,2,1,1,,109825580,LevelMaxLevelSize
baseline_run1,baseline,2026/04/15-06:42:36.657836,3,4,2,1,1,,109673994,LevelMaxLevelSize
baseline_run1,baseline,2026/04/15-06:42:36.657841,3,4,2,1,1,,113122367,LevelMaxLevelSize
baseline_run1,baseline,2026/04/15-06:42:36.657990,3,4,3,1,2,,123105617,LevelMaxLevelSize
baseline_run1,baseline,2026/04/15-06:42:36.657995,3,4,3,1,2,,167126644,LevelMaxLevelSize
baseline_run1,baseline,2026/04/15-06:42:36.696793,3,4,2,1,1,,106246305,LevelMaxLevelSize
baseline_run1,baseline,2026/04/15-06:42:36.696981,3,4,2,1,1,,109783185,LevelMaxLevelSize
baseline_run1,baseline,2026/04/15-06:42:36.697208,3,4,2,1,1,,106107117,LevelMaxLevelSize
baseline_run1,baseline,2026/04/15-06:42:36.697291,3,4,3,1,2,,219302794,LevelMaxLevelSize
baseline_run1,baseline,2026/04/15-06:42:36.697295,3,4,3,1,2,,214120096,LevelMaxLevelSize
baseline_run1,baseline,2026/04/15-06:42:36.697296,3,4,2,1,1,,109665698,LevelMaxLevelSize
baseline_run1,baseline,2026/04/15-06:42:36.697297,3,4,2,1,1,,109879756,LevelMaxLevelSize
baseline_run1,baseline,2026/04/15-06:42:36.697301,3,4,2,1,1,,109637687,LevelMaxLevelSize
baseline_run1,baseline,2026/04/15-06:42:36.713316,3,4,2,1,1,,105828667,LevelMaxLevelSize
baseline_run1,baseline,2026/04/15-06:42:36.713317,3,4,2,1,1,,109651200,LevelMaxLevelSize
baseline_run1,baseline,2026/04/15-06:42:36.713712,3,4,2,1,1,,107451607,LevelMaxLevelSize
baseline_run1,baseline,2026/04/15-06:42:36.713884,3,4,4,1,3,,224751648,LevelMaxLevelSize
baseline_run1,baseline,2026/04/15-06:42:36.713911,3,4,2,1,1,,109530684,LevelMaxLevelSize
baseline_run1,baseline,2026/04/15-06:42:36.714647,3,4,3,1,2,,213885086,LevelMaxLevelSize
baseline_run1,baseline,2026/04/15-06:42:36.729881,3,4,3,1,2,,131739717,LevelMaxLevelSize
baseline_run1,baseline,2026/04/15-06:42:36.786996,3,4,3,1,2,,132345432,LevelMaxLevelSize
baseline_run1,baseline,2026/04/15-06:42:36.793824,3,4,2,1,1,,111288688,LevelMaxLevelSize
baseline_run1,baseline,2026/04/15-06:42:36.795832,3,4,2,1,1,,111068406,LevelMaxLevelSize
baseline_run1,baseline,2026/04/15-06:42:36.797319,3,4,4,1,3,,239797607,LevelMaxLevelSize
baseline_run1,baseline,2026/04/15-06:42:36.898239,3,4,2,1,1,,109362310,LevelMaxLevelSize
baseline_run1,baseline,2026/04/15-06:42:36.904351,3,4,2,1,1,,109320730,LevelMaxLevelSize
baseline_run1,baseline,2026/04/15-06:42:36.910250,3,4,3,1,2,,149946066,LevelMaxLevelSize
baseline_run1,baseline,2026/04/15-06:42:36.912203,3,4,4,1,3,,233150961,LevelMaxLevelSize
baseline_run1,baseline,2026/04/15-06:42:36.913659,3,4,2,1,1,,108257853,LevelMaxLevelSize
baseline_run1,baseline,2026/04/15-06:42:36.913755,3,4,2,1,1,,107582521,LevelMaxLevelSize
baseline_run1,baseline,2026/04/15-06:42:36.994623,0,1,4,4,0,,263111912,LevelL0FilesNum
baseline_run1,baseline,2026/04/15-06:42:37.388260,0,1,4,4,0,,263101527,LevelL0FilesNum
baseline_run1,baseline,2026/04/15-06:42:37.761590,0,1,32,11,21,,5786308674,LevelL0FilesNum
baseline_run1,baseline,2026/04/15-06:42:38.084360,0,1,4,4,0,,263107911,LevelL0FilesNum
baseline_run1,baseline,2026/04/15-06:42:38.471355,0,1,4,4,0,,263128936,LevelL0FilesNum
baseline_run1,baseline,2026/04/15-06:42:38.864742,0,1,4,4,0,,263104016,LevelL0FilesNum
baseline_run1,baseline,2026/04/15-06:42:39.338722,0,1,4,4,0,,263119689,LevelL0FilesNum
baseline_run1,baseline,2026/04/15-06:42:46.191108,1,2,2,1,1,,107768970,LevelMaxLevelSize
baseline_run1,baseline,2026/04/15-06:42:46.191196,1,2,2,1,1,,71947198,LevelMaxLevelSize
baseline_run1,baseline,2026/04/15-06:42:46.191365,1,2,2,1,1,,190587038,LevelMaxLevelSize
baseline_run1,baseline,2026/04/15-06:42:46.191373,1,2,2,1,1,,70471537,LevelMaxLevelSize
baseline_run1,baseline,2026/04/15-06:42:46.191512,1,2,2,1,1,,62603898,LevelMaxLevelSize
baseline_run1,baseline,2026/04/15-06:42:46.191665,1,2,2,1,1,,197875991,LevelMaxLevelSize
baseline_run1,baseline,2026/04/15-06:42:46.191803,1,2,2,1,1,,199870955,LevelMaxLevelSize
baseline_run1,baseline,2026/04/15-06:42:46.191952,1,2,2,1,1,,131490555,LevelMaxLevelSize
baseline_run1,baseline,2026/04/15-06:42:46.192092,1,2,2,1,1,,127805899,LevelMaxLevelSize
baseline_run1,baseline,2026/04/15-06:42:46.192096,1,2,2,1,1,,150855050,LevelMaxLevelSize
baseline_run1,baseline,2026/04/15-06:42:46.192197,1,2,2,1,1,,198702041,LevelMaxLevelSize
baseline_run1,baseline,2026/04/15-06:42:46.192205,1,2,4,3,1,,515650172,LevelMaxLevelSize
baseline_run1,baseline,2026/04/15-06:42:46.192206,1,2,3,1,2,,86504221,LevelMaxLevelSize
baseline_run1,baseline,2026/04/15-06:42:46.192213,1,2,2,1,1,,144037240,LevelMaxLevelSize
baseline_run1,baseline,2026/04/15-06:42:46.192221,1,2,2,1,1,,162733897,LevelMaxLevelSize
baseline_run1,baseline,2026/04/15-06:42:46.192572,1,2,2,1,1,,165844373,LevelMaxLevelSize
baseline_run1,baseline,2026/04/15-06:42:46.192572,1,2,2,1,1,,87981277,LevelMaxLevelSize
baseline_run1,baseline,2026/04/15-06:42:46.192817,1,2,2,1,1,,96952104,LevelMaxLevelSize
baseline_run1,baseline,2026/04/15-06:42:46.192821,1,2,2,1,1,,130078733,LevelMaxLevelSize
baseline_run1,baseline,2026/04/15-06:42:46.192828,1,2,2,1,1,,132014845,LevelMaxLevelSize
baseline_run1,baseline,2026/04/15-06:42:46.192833,1,2,3,2,1,,320960915,LevelMaxLevelSize
baseline_run1,baseline,2026/04/15-06:42:46.192847,1,2,2,1,1,,89523380,LevelMaxLevelSize
baseline_run1,baseline,2026/04/15-06:42:46.192950,1,2,2,1,1,,237271506,LevelMaxLevelSize
baseline_run1,baseline,2026/04/15-06:42:46.194263,1,2,4,3,1,,517275742,LevelMaxLevelSize
baseline_run1,baseline,2026/04/15-06:42:46.194376,1,2,3,2,1,,403296346,LevelMaxLevelSize
baseline_run1,baseline,2026/04/15-06:42:46.199022,1,2,4,3,1,,522815964,LevelMaxLevelSize
baseline_run1,baseline,2026/04/15-06:42:46.357113,0,1,4,4,0,,263112034,LevelL0FilesNum
baseline_run1,baseline,2026/04/15-06:42:46.357116,1,2,3,1,2,,210715333,LevelMaxLevelSize
baseline_run1,baseline,2026/04/15-06:42:46.357121,1,2,2,1,1,,127453787,LevelMaxLevelSize
baseline_run1,baseline,2026/04/15-06:42:46.462743,2,3,3,1,2,,143013880,LevelMaxLevelSize
baseline_run1,baseline,2026/04/15-06:42:46.462764,2,3,2,1,1,,99419138,LevelMaxLevelSize
baseline_run1,baseline,2026/04/15-06:42:46.466649,2,3,4,1,3,,317542828,LevelMaxLevelSize
baseline_run1,baseline,2026/04/15-06:42:46.466725,2,3,2,1,1,,42921598,LevelMaxLevelSize
baseline_run1,baseline,2026/04/15-06:42:46.474523,2,3,6,1,5,,474922150,LevelMaxLevelSize
baseline_run1,baseline,2026/04/15-06:42:46.476817,2,3,3,1,2,,169534047,LevelMaxLevelSize
baseline_run1,baseline,2026/04/15-06:42:46.476987,2,3,3,1,2,,179376025,LevelMaxLevelSize
baseline_run1,baseline,2026/04/15-06:42:46.477008,2,3,6,1,5,,476724140,LevelMaxLevelSize
baseline_run1,baseline,2026/04/15-06:42:46.489075,2,3,3,1,2,,222624571,LevelMaxLevelSize
baseline_run1,baseline,2026/04/15-06:42:46.500680,2,3,3,1,2,,220877547,LevelMaxLevelSize
baseline_run1,baseline,2026/04/15-06:42:46.500686,2,3,3,1,2,,199186371,LevelMaxLevelSize
baseline_run1,baseline,2026/04/15-06:42:46.539004,2,3,3,1,2,,156679683,LevelMaxLevelSize
baseline_run1,baseline,2026/04/15-06:42:46.539018,2,3,2,1,1,,35583060,LevelMaxLevelSize
baseline_run1,baseline,2026/04/15-06:42:46.539019,2,3,5,1,4,,347534883,LevelMaxLevelSize
baseline_run1,baseline,2026/04/15-06:42:46.554265,2,3,2,1,1,,47509909,LevelMaxLevelSize
baseline_run1,baseline,2026/04/15-06:42:46.554428,2,3,4,1,3,,249684995,LevelMaxLevelSize
baseline_run1,baseline,2026/04/15-06:42:46.554431,2,3,2,1,1,,89797019,LevelMaxLevelSize
baseline_run1,baseline,2026/04/15-06:42:46.554432,2,3,5,1,4,,260199589,LevelMaxLevelSize
baseline_run1,baseline,2026/04/15-06:42:46.594422,2,3,2,1,1,,87321518,LevelMaxLevelSize
baseline_run1,baseline,2026/04/15-06:42:46.594422,2,3,3,1,2,,247774923,LevelMaxLevelSize
baseline_run1,baseline,2026/04/15-06:42:46.594422,2,3,2,1,1,,104046329,LevelMaxLevelSize
baseline_run1,baseline,2026/04/15-06:42:46.594425,2,3,4,1,3,,256643372,LevelMaxLevelSize
baseline_run1,baseline,2026/04/15-06:42:46.598200,2,3,5,1,4,,300202193,LevelMaxLevelSize
baseline_run1,baseline,2026/04/15-06:42:46.598324,2,3,4,1,3,,300382732,LevelMaxLevelSize
baseline_run1,baseline,2026/04/15-06:42:46.598328,2,3,5,1,4,,320666857,LevelMaxLevelSize
baseline_run1,baseline,2026/04/15-06:42:46.613477,2,3,2,1,1,,108453035,LevelMaxLevelSize
baseline_run1,baseline,2026/04/15-06:42:46.613488,2,3,3,1,2,,170020849,LevelMaxLevelSize
baseline_run1,baseline,2026/04/15-06:42:46.614608,2,3,4,1,3,,322173345,LevelMaxLevelSize
baseline_run1,baseline,2026/04/15-06:42:46.625587,2,3,4,1,3,,262959446,LevelMaxLevelSize
baseline_run1,baseline,2026/04/15-06:42:46.637308,2,3,5,1,4,,307153652,LevelMaxLevelSize
baseline_run1,baseline,2026/04/15-06:42:46.678609,2,3,4,1,3,,234462105,LevelMaxLevelSize
baseline_run1,baseline,2026/04/15-06:42:46.681923,2,3,5,1,4,,269636298,LevelMaxLevelSize
baseline_run1,baseline,2026/04/15-06:42:46.698476,2,3,3,1,2,,168919690,LevelMaxLevelSize
baseline_run1,baseline,2026/04/15-06:42:46.771096,2,3,4,1,3,,254538386,LevelMaxLevelSize
baseline_run1,baseline,2026/04/15-06:42:46.799448,2,3,4,1,3,,265262425,LevelMaxLevelSize
baseline_run1,baseline,2026/04/15-06:42:46.823274,2,3,2,1,1,,35034917,LevelMaxLevelSize
baseline_run1,baseline,2026/04/15-06:42:46.827377,2,3,3,1,2,,214439822,LevelMaxLevelSize
baseline_run1,baseline,2026/04/15-06:42:46.855640,0,1,4,4,0,,263114270,LevelL0FilesNum
baseline_run1,baseline,2026/04/15-06:42:46.873969,2,3,3,1,2,,192271072,LevelMaxLevelSize
baseline_run1,baseline,2026/04/15-06:42:46.877556,2,3,5,1,4,,310228355,LevelMaxLevelSize
baseline_run1,baseline,2026/04/15-06:42:46.900409,2,3,2,1,1,,97197143,LevelMaxLevelSize
baseline_run1,baseline,2026/04/15-06:42:46.918209,2,3,4,1,3,,319027645,LevelMaxLevelSize
baseline_run1,baseline,2026/04/15-06:42:46.919377,2,3,3,1,2,,225002326,LevelMaxLevelSize
baseline_run1,baseline,2026/04/15-06:42:46.921707,2,3,3,1,2,,210223815,LevelMaxLevelSize
baseline_run1,baseline,2026/04/15-06:42:46.947151,2,3,5,1,4,,276077129,LevelMaxLevelSize
baseline_run1,baseline,2026/04/15-06:42:46.969438,2,3,3,1,2,,213367211,LevelMaxLevelSize
baseline_run1,baseline,2026/04/15-06:42:47.022868,2,3,6,1,5,,357387439,LevelMaxLevelSize
baseline_run1,baseline,2026/04/15-06:42:47.118082,2,3,2,1,1,,136901651,LevelMaxLevelSize
baseline_run1,baseline,2026/04/15-06:42:47.118083,2,3,2,1,1,,126648561,LevelMaxLevelSize
baseline_run1,baseline,2026/04/15-06:42:47.118244,2,3,2,1,1,,120434088,LevelMaxLevelSize
baseline_run1,baseline,2026/04/15-06:42:47.118245,2,3,3,1,2,,250848542,LevelMaxLevelSize
baseline_run1,baseline,2026/04/15-06:42:47.128360,2,3,2,1,1,,110282243,LevelMaxLevelSize
baseline_run1,baseline,2026/04/15-06:42:47.159275,2,3,5,1,4,,322392824,LevelMaxLevelSize
baseline_run1,baseline,2026/04/15-06:42:47.315825,0,1,4,4,0,,263126567,LevelL0FilesNum
baseline_run1,baseline,2026/04/15-06:42:47.354038,2,3,2,1,1,,119571598,LevelMaxLevelSize
baseline_run1,baseline,2026/04/15-06:42:47.354104,2,3,2,1,1,,114602105,LevelMaxLevelSize
baseline_run1,baseline,2026/04/15-06:42:47.354242,2,3,3,1,2,,200634640,LevelMaxLevelSize
baseline_run1,baseline,2026/04/15-06:42:47.354256,2,3,3,1,2,,167264681,LevelMaxLevelSize
baseline_run1,baseline,2026/04/15-06:42:47.354399,2,3,5,1,4,,286588237,LevelMaxLevelSize
baseline_run1,baseline,2026/04/15-06:42:47.354547,2,3,4,1,3,,230977297,LevelMaxLevelSize
baseline_run1,baseline,2026/04/15-06:42:47.354552,2,3,4,1,3,,244203816,LevelMaxLevelSize
baseline_run1,baseline,2026/04/15-06:42:47.354559,2,3,5,1,4,,271291144,LevelMaxLevelSize
baseline_run1,baseline,2026/04/15-06:42:47.362302,2,3,2,1,1,,126607651,LevelMaxLevelSize
baseline_run1,baseline,2026/04/15-06:42:47.362302,2,3,2,1,1,,144639706,LevelMaxLevelSize
baseline_run1,baseline,2026/04/15-06:42:47.362311,2,3,4,1,3,,211955869,LevelMaxLevelSize
baseline_run1,baseline,2026/04/15-06:42:47.362831,2,3,2,1,1,,153658954,LevelMaxLevelSize
baseline_run1,baseline,2026/04/15-06:42:47.362951,2,3,3,1,2,,142152529,LevelMaxLevelSize
baseline_run1,baseline,2026/04/15-06:42:47.362960,2,3,3,1,2,,190912987,LevelMaxLevelSize
baseline_run1,baseline,2026/04/15-06:42:47.364618,2,3,3,1,2,,205131902,LevelMaxLevelSize
baseline_run1,baseline,2026/04/15-06:42:47.411185,2,3,2,1,1,,146111709,LevelMaxLevelSize
baseline_run1,baseline,2026/04/15-06:42:47.411629,2,3,2,1,1,,131597924,LevelMaxLevelSize
baseline_run1,baseline,2026/04/15-06:42:47.411632,2,3,2,1,1,,86297938,LevelMaxLevelSize
baseline_run1,baseline,2026/04/15-06:42:47.411718,2,3,3,1,2,,228712488,LevelMaxLevelSize
baseline_run1,baseline,2026/04/15-06:42:47.412728,2,3,2,1,1,,125969576,LevelMaxLevelSize
baseline_run1,baseline,2026/04/15-06:42:47.414368,2,3,3,1,2,,203614405,LevelMaxLevelSize
baseline_run1,baseline,2026/04/15-06:42:47.415883,2,3,4,1,3,,222857588,LevelMaxLevelSize
baseline_run1,baseline,2026/04/15-06:42:47.432609,2,3,3,1,2,,222339085,LevelMaxLevelSize
baseline_run1,baseline,2026/04/15-06:42:47.685015,3,4,2,1,1,,120497269,LevelMaxLevelSize
baseline_run1,baseline,2026/04/15-06:42:47.685021,3,4,3,1,2,,136219829,LevelMaxLevelSize
baseline_run1,baseline,2026/04/15-06:42:47.685088,3,4,2,1,1,,116246528,LevelMaxLevelSize
baseline_run1,baseline,2026/04/15-06:42:47.685217,3,4,3,1,2,,136618843,LevelMaxLevelSize
baseline_run1,baseline,2026/04/15-06:42:47.689803,3,4,2,1,1,,116139613,LevelMaxLevelSize
baseline_run1,baseline,2026/04/15-06:42:47.689923,3,4,2,1,1,,116042884,LevelMaxLevelSize
baseline_run1,baseline,2026/04/15-06:42:47.699659,3,4,2,1,1,,116025389,LevelMaxLevelSize
baseline_run1,baseline,2026/04/15-06:42:47.699665,3,4,3,1,2,,135352382,LevelMaxLevelSize
baseline_run1,baseline,2026/04/15-06:42:47.699758,3,4,3,1,2,,135911194,LevelMaxLevelSize
baseline_run1,baseline,2026/04/15-06:42:47.712729,3,4,3,1,2,,137349220,LevelMaxLevelSize
baseline_run1,baseline,2026/04/15-06:42:47.712825,3,4,3,1,2,,134569891,LevelMaxLevelSize
baseline_run1,baseline,2026/04/15-06:42:47.715429,3,4,2,1,1,,115826884,LevelMaxLevelSize
baseline_run1,baseline,2026/04/15-06:42:47.715574,3,4,2,1,1,,115800927,LevelMaxLevelSize
baseline_run1,baseline,2026/04/15-06:42:47.715594,3,4,2,1,1,,115797821,LevelMaxLevelSize
baseline_run1,baseline,2026/04/15-06:42:47.737151,3,4,2,1,1,,115746927,LevelMaxLevelSize
baseline_run1,baseline,2026/04/15-06:42:47.737224,3,4,2,1,1,,115545287,LevelMaxLevelSize
baseline_run1,baseline,2026/04/15-06:42:47.737319,3,4,2,1,1,,115294930,LevelMaxLevelSize
baseline_run1,baseline,2026/04/15-06:42:47.738356,3,4,3,1,2,,142472207,LevelMaxLevelSize
baseline_run1,baseline,2026/04/15-06:42:47.738356,3,4,3,1,2,,130691338,LevelMaxLevelSize
baseline_run1,baseline,2026/04/15-06:42:47.738433,3,4,2,1,1,,112604941,LevelMaxLevelSize
baseline_run1,baseline,2026/04/15-06:42:47.772256,0,1,4,4,0,,263123436,LevelL0FilesNum
baseline_run1,baseline,2026/04/15-06:42:47.783757,3,4,3,1,2,,115446430,LevelMaxLevelSize
baseline_run1,baseline,2026/04/15-06:42:47.805583,3,4,2,1,1,,112371174,LevelMaxLevelSize
baseline_run1,baseline,2026/04/15-06:42:47.829641,3,4,2,1,1,,112355539,LevelMaxLevelSize
baseline_run1,baseline,2026/04/15-06:42:47.842250,3,4,3,1,2,,141467768,LevelMaxLevelSize
baseline_run1,baseline,2026/04/15-06:42:47.855998,3,4,2,1,1,,112213320,LevelMaxLevelSize
baseline_run1,baseline,2026/04/15-06:42:47.881418,3,4,2,1,1,,112225666,LevelMaxLevelSize
baseline_run1,baseline,2026/04/15-06:42:47.893067,3,4,2,1,1,,112335954,LevelMaxLevelSize
baseline_run1,baseline,2026/04/15-06:42:47.893147,3,4,2,1,1,,112331770,LevelMaxLevelSize
baseline_run1,baseline,2026/04/15-06:42:47.917030,3,4,4,1,3,,222627836,LevelMaxLevelSize
baseline_run1,baseline,2026/04/15-06:42:47.922892,3,4,4,1,3,,227087370,LevelMaxLevelSize
baseline_run1,baseline,2026/04/15-06:42:47.931287,3,4,4,1,3,,188730044,LevelMaxLevelSize
baseline_run1,baseline,2026/04/15-06:42:47.933080,3,4,4,1,3,,227229120,LevelMaxLevelSize
baseline_run1,baseline,2026/04/15-06:42:47.934855,3,4,2,1,1,,111964821,LevelMaxLevelSize
baseline_run1,baseline,2026/04/15-06:42:47.961195,3,4,2,1,1,,111909964,LevelMaxLevelSize
baseline_run1,baseline,2026/04/15-06:42:47.963670,3,4,2,1,1,,111872394,LevelMaxLevelSize
baseline_run1,baseline,2026/04/15-06:42:47.965442,3,4,3,1,2,,121555482,LevelMaxLevelSize
baseline_run1,baseline,2026/04/15-06:42:47.967380,3,4,2,1,1,,111774881,LevelMaxLevelSize
baseline_run1,baseline,2026/04/15-06:42:47.976514,3,4,3,1,2,,117100922,LevelMaxLevelSize
baseline_run1,baseline,2026/04/15-06:42:47.980875,3,4,2,1,1,,111672954,LevelMaxLevelSize
baseline_run1,baseline,2026/04/15-06:42:47.986840,3,4,3,1,2,,209135927,LevelMaxLevelSize
baseline_run1,baseline,2026/04/15-06:42:47.991592,3,4,2,1,1,,108276551,LevelMaxLevelSize
baseline_run1,baseline,2026/04/15-06:42:47.993130,3,4,4,1,3,,224002461,LevelMaxLevelSize
baseline_run1,baseline,2026/04/15-06:42:47.996053,3,4,4,1,3,,220564108,LevelMaxLevelSize
baseline_run1,baseline,2026/04/15-06:42:48.002477,3,4,4,1,3,,227415824,LevelMaxLevelSize
baseline_run1,baseline,2026/04/15-06:42:48.006017,3,4,3,1,2,,177677625,LevelMaxLevelSize
baseline_run1,baseline,2026/04/15-06:42:48.013629,3,4,4,1,3,,225748234,LevelMaxLevelSize
baseline_run1,baseline,2026/04/15-06:42:48.015484,3,4,4,1,3,,225987199,LevelMaxLevelSize
baseline_run1,baseline,2026/04/15-06:42:48.015634,3,4,4,1,3,,221686741,LevelMaxLevelSize
baseline_run1,baseline,2026/04/15-06:42:48.015634,3,4,4,1,3,,277337978,LevelMaxLevelSize
baseline_run1,baseline,2026/04/15-06:42:48.024211,3,4,3,1,2,,211791766,LevelMaxLevelSize
baseline_run1,baseline,2026/04/15-06:42:48.026486,3,4,2,1,1,,107256510,LevelMaxLevelSize
baseline_run1,baseline,2026/04/15-06:42:48.030085,3,4,4,1,3,,219902837,LevelMaxLevelSize
baseline_run1,baseline,2026/04/15-06:42:48.030201,3,4,3,1,2,,213677467,LevelMaxLevelSize
baseline_run1,baseline,2026/04/15-06:42:48.050526,3,4,2,1,1,,107121200,LevelMaxLevelSize
baseline_run1,baseline,2026/04/15-06:42:48.057761,3,4,3,1,2,,182188870,LevelMaxLevelSize
baseline_run1,baseline,2026/04/15-06:42:48.070705,3,4,3,1,2,,210262303,LevelMaxLevelSize
baseline_run1,baseline,2026/04/15-06:42:48.075400,3,4,4,1,3,,228908724,LevelMaxLevelSize
baseline_run1,baseline,2026/04/15-06:42:48.101325,3,4,3,1,2,,211263950,LevelMaxLevelSize
baseline_run1,baseline,2026/04/15-06:42:48.129688,3,4,3,1,2,,112907021,LevelMaxLevelSize
baseline_run1,baseline,2026/04/15-06:42:48.136811,3,4,3,1,2,,116314948,LevelMaxLevelSize
baseline_run1,baseline,2026/04/15-06:42:48.157023,3,4,2,1,1,,106136227,LevelMaxLevelSize
baseline_run1,baseline,2026/04/15-06:42:48.162733,3,4,3,1,2,,203035990,LevelMaxLevelSize
baseline_run1,baseline,2026/04/15-06:42:48.174351,3,4,2,1,1,,96283686,LevelMaxLevelSize
baseline_run1,baseline,2026/04/15-06:42:48.207854,3,4,3,1,2,,211715844,LevelMaxLevelSize
baseline_run1,baseline,2026/04/15-06:42:48.223193,3,4,4,1,3,,221343795,LevelMaxLevelSize
baseline_run1,baseline,2026/04/15-06:42:48.228521,3,4,2,1,1,,105857799,LevelMaxLevelSize
baseline_run1,baseline,2026/04/15-06:42:48.238316,3,4,3,1,2,,211711570,LevelMaxLevelSize
baseline_run1,baseline,2026/04/15-06:42:48.242865,3,4,4,1,3,,222061767,LevelMaxLevelSize
baseline_run1,baseline,2026/04/15-06:42:48.250369,0,1,4,4,0,,263116334,LevelL0FilesNum
baseline_run1,baseline,2026/04/15-06:42:48.252154,3,4,3,1,2,,202025353,LevelMaxLevelSize
baseline_run1,baseline,2026/04/15-06:42:48.252157,3,4,4,1,3,,214515464,LevelMaxLevelSize
baseline_run1,baseline,2026/04/15-06:42:48.285382,3,4,4,1,3,,221382310,LevelMaxLevelSize
baseline_run1,baseline,2026/04/15-06:42:48.302840,3,4,3,1,2,,211449053,LevelMaxLevelSize
baseline_run1,baseline,2026/04/15-06:42:48.677979,0,1,4,4,0,,263085673,LevelL0FilesNum
baseline_run1,baseline,2026/04/15-06:42:49.043968,0,1,24,13,11,,3784645309,LevelL0FilesNum
baseline_run1,baseline,2026/04/15-06:42:49.352658,0,1,4,4,0,,263123619,LevelL0FilesNum
baseline_run1,baseline,2026/04/15-06:42:49.837521,0,1,4,4,0,,263118417,LevelL0FilesNum
baseline_run1,baseline,2026/04/15-06:42:50.408952,0,1,4,4,0,,263099868,LevelL0FilesNum
baseline_run1,baseline,2026/04/15-06:42:50.793018,0,1,4,4,0,,854801081,LevelL0FilesNum
baseline_run1,baseline,2026/04/15-06:42:52.097222,0,1,4,4,0,,263106463,LevelL0FilesNum
baseline_run1,baseline,2026/04/15-06:42:52.670432,0,1,4,4,0,,263127469,LevelL0FilesNum
baseline_run1,baseline,2026/04/15-06:42:53.326289,0,1,4,4,0,,263113209,LevelL0FilesNum
baseline_run1,baseline,2026/04/15-06:42:53.794221,0,1,4,4,0,,854762839,LevelL0FilesNum
baseline_run1,baseline,2026/04/15-06:42:54.801639,1,2,2,1,1,,123407452,LevelMaxLevelSize
baseline_run1,baseline,2026/04/15-06:42:54.801640,1,2,2,1,1,,115374113,LevelMaxLevelSize
baseline_run1,baseline,2026/04/15-06:42:54.801768,1,2,2,1,1,,152746485,LevelMaxLevelSize
baseline_run1,baseline,2026/04/15-06:42:54.801847,1,2,2,1,1,,157859322,LevelMaxLevelSize
baseline_run1,baseline,2026/04/15-06:42:54.801944,1,2,2,1,1,,68284203,LevelMaxLevelSize
baseline_run1,baseline,2026/04/15-06:42:54.801955,1,2,2,1,1,,182792328,LevelMaxLevelSize
baseline_run1,baseline,2026/04/15-06:42:54.802201,1,2,2,1,1,,197332547,LevelMaxLevelSize
baseline_run1,baseline,2026/04/15-06:42:54.802380,1,2,2,1,1,,199027362,LevelMaxLevelSize
baseline_run1,baseline,2026/04/15-06:42:54.802388,1,2,2,1,1,,95342802,LevelMaxLevelSize
baseline_run1,baseline,2026/04/15-06:42:54.802389,1,2,2,1,1,,203673750,LevelMaxLevelSize
baseline_run1,baseline,2026/04/15-06:42:54.802565,1,2,2,1,1,,121993873,LevelMaxLevelSize
baseline_run1,baseline,2026/04/15-06:42:54.802975,1,2,2,1,1,,158385608,LevelMaxLevelSize
baseline_run1,baseline,2026/04/15-06:42:54.802982,1,2,2,1,1,,138564212,LevelMaxLevelSize
baseline_run1,baseline,2026/04/15-06:42:54.802984,1,2,2,1,1,,169815685,LevelMaxLevelSize
baseline_run1,baseline,2026/04/15-06:42:54.802987,1,2,2,1,1,,106733460,LevelMaxLevelSize
baseline_run1,baseline,2026/04/15-06:42:54.802993,1,2,4,2,2,,267209409,LevelMaxLevelSize
baseline_run1,baseline,2026/04/15-06:42:54.802994,1,2,2,1,1,,139261271,LevelMaxLevelSize
baseline_run1,baseline,2026/04/15-06:42:54.803193,1,2,2,1,1,,91632941,LevelMaxLevelSize
baseline_run1,baseline,2026/04/15-06:42:54.803446,1,2,3,2,1,,334781712,LevelMaxLevelSize
baseline_run1,baseline,2026/04/15-06:42:54.803528,1,2,2,1,1,,116709808,LevelMaxLevelSize
baseline_run1,baseline,2026/04/15-06:42:54.803553,1,2,2,1,1,,95125123,LevelMaxLevelSize
baseline_run1,baseline,2026/04/15-06:42:55.001322,0,1,4,4,0,,263110999,LevelL0FilesNum
baseline_run1,baseline,2026/04/15-06:42:55.001322,1,2,2,1,1,,123169109,LevelMaxLevelSize
baseline_run1,baseline,2026/04/15-06:42:55.001322,1,2,2,1,1,,161907559,LevelMaxLevelSize
baseline_run1,baseline,2026/04/15-06:42:55.001335,1,2,2,1,1,,77455717,LevelMaxLevelSize
baseline_run1,baseline,2026/04/15-06:42:55.018310,2,3,2,1,1,,87172070,LevelMaxLevelSize
baseline_run1,baseline,2026/04/15-06:42:55.018412,2,3,4,1,3,,194010386,LevelMaxLevelSize
baseline_run1,baseline,2026/04/15-06:42:55.019630,2,3,3,1,2,,169294693,LevelMaxLevelSize
baseline_run1,baseline,2026/04/15-06:42:55.019643,2,3,2,1,1,,121762315,LevelMaxLevelSize
baseline_run1,baseline,2026/04/15-06:42:55.049281,2,3,3,1,2,,176593528,LevelMaxLevelSize
baseline_run1,baseline,2026/04/15-06:42:55.049376,2,3,4,1,3,,233608635,LevelMaxLevelSize
baseline_run1,baseline,2026/04/15-06:42:55.049378,2,3,4,1,3,,223424268,LevelMaxLevelSize
baseline_run1,baseline,2026/04/15-06:42:55.052047,2,3,4,1,3,,225222737,LevelMaxLevelSize
baseline_run1,baseline,2026/04/15-06:42:55.052053,2,3,2,1,1,,120326284,LevelMaxLevelSize
baseline_run1,baseline,2026/04/15-06:42:55.067031,2,3,4,1,3,,224941861,LevelMaxLevelSize
baseline_run1,baseline,2026/04/15-06:42:55.067036,2,3,6,1,5,,493874912,LevelMaxLevelSize
baseline_run1,baseline,2026/04/15-06:42:55.078817,2,3,3,1,2,,158358228,LevelMaxLevelSize
baseline_run1,baseline,2026/04/15-06:42:55.078913,2,3,6,1,5,,370595879,LevelMaxLevelSize
baseline_run1,baseline,2026/04/15-06:42:55.080268,2,3,4,1,3,,216670665,LevelMaxLevelSize
baseline_run1,baseline,2026/04/15-06:42:55.080347,2,3,3,1,2,,190627026,LevelMaxLevelSize
baseline_run1,baseline,2026/04/15-06:42:55.080351,2,3,2,1,1,,98453722,LevelMaxLevelSize
baseline_run1,baseline,2026/04/15-06:42:55.115885,2,3,3,1,2,,143996572,LevelMaxLevelSize
baseline_run1,baseline,2026/04/15-06:42:55.116056,2,3,2,1,1,,137954561,LevelMaxLevelSize
baseline_run1,baseline,2026/04/15-06:42:55.116064,2,3,3,1,2,,201472192,LevelMaxLevelSize
baseline_run1,baseline,2026/04/15-06:42:55.126015,2,3,3,1,2,,191329522,LevelMaxLevelSize
baseline_run1,baseline,2026/04/15-06:42:55.126173,2,3,5,1,4,,349823683,LevelMaxLevelSize
baseline_run1,baseline,2026/04/15-06:42:55.126174,2,3,4,1,3,,245869645,LevelMaxLevelSize
baseline_run1,baseline,2026/04/15-06:42:55.155016,2,3,3,1,2,,185399659,LevelMaxLevelSize
baseline_run1,baseline,2026/04/15-06:42:55.158320,2,3,5,1,4,,299430657,LevelMaxLevelSize
baseline_run1,baseline,2026/04/15-06:42:55.158410,2,3,5,1,4,,316513588,LevelMaxLevelSize
baseline_run1,baseline,2026/04/15-06:42:55.158409,2,3,4,1,3,,252580782,LevelMaxLevelSize
baseline_run1,baseline,2026/04/15-06:42:55.159069,2,3,2,1,1,,71144901,LevelMaxLevelSize
baseline_run1,baseline,2026/04/15-06:42:55.170228,2,3,4,1,3,,161357425,LevelMaxLevelSize
baseline_run1,baseline,2026/04/15-06:42:55.170345,2,3,4,1,3,,235022876,LevelMaxLevelSize
baseline_run1,baseline,2026/04/15-06:42:55.174218,2,3,4,1,3,,239204554,LevelMaxLevelSize
baseline_run1,baseline,2026/04/15-06:42:55.176079,2,3,3,1,2,,133195839,LevelMaxLevelSize
baseline_run1,baseline,2026/04/15-06:42:55.184925,2,3,4,1,3,,290052459,LevelMaxLevelSize
baseline_run1,baseline,2026/04/15-06:42:55.262381,2,3,5,1,4,,265810737,LevelMaxLevelSize
baseline_run1,baseline,2026/04/15-06:42:55.278548,2,3,5,1,4,,319267618,LevelMaxLevelSize
baseline_run1,baseline,2026/04/15-06:42:55.297540,2,3,5,1,4,,332304631,LevelMaxLevelSize
baseline_run1,baseline,2026/04/15-06:42:55.336600,2,3,2,1,1,,140557693,LevelMaxLevelSize
baseline_run1,baseline,2026/04/15-06:42:55.336660,2,3,2,1,1,,128715938,LevelMaxLevelSize
baseline_run1,baseline,2026/04/15-06:42:55.341835,2,3,2,1,1,,126074267,LevelMaxLevelSize
baseline_run1,baseline,2026/04/15-06:42:55.350382,2,3,3,1,2,,168619516,LevelMaxLevelSize
baseline_run1,baseline,2026/04/15-06:42:55.395529,2,3,3,1,2,,202432016,LevelMaxLevelSize
baseline_run1,baseline,2026/04/15-06:42:55.446065,0,1,4,4,0,,263110101,LevelL0FilesNum
baseline_run1,baseline,2026/04/15-06:42:55.451478,2,3,5,1,4,,337530291,LevelMaxLevelSize
baseline_run1,baseline,2026/04/15-06:42:55.452704,2,3,4,1,3,,296685984,LevelMaxLevelSize
baseline_run1,baseline,2026/04/15-06:42:55.506121,2,3,4,1,3,,227560169,LevelMaxLevelSize
baseline_run1,baseline,2026/04/15-06:42:55.506123,2,3,4,1,3,,272926830,LevelMaxLevelSize
baseline_run1,baseline,2026/04/15-06:42:55.506126,2,3,5,1,4,,280861613,LevelMaxLevelSize
baseline_run1,baseline,2026/04/15-06:42:55.506551,2,3,4,1,3,,236749747,LevelMaxLevelSize
baseline_run1,baseline,2026/04/15-06:42:55.521920,2,3,6,1,5,,348270251,LevelMaxLevelSize
baseline_run1,baseline,2026/04/15-06:42:55.831243,0,1,4,4,0,,263107654,LevelL0FilesNum
baseline_run1,baseline,2026/04/15-06:42:55.948469,3,4,2,1,1,,156197722,LevelMaxLevelSize
baseline_run1,baseline,2026/04/15-06:42:55.948482,3,4,3,1,2,,135478005,LevelMaxLevelSize
baseline_run1,baseline,2026/04/15-06:42:55.968831,3,4,3,1,2,,194607560,LevelMaxLevelSize
baseline_run1,baseline,2026/04/15-06:42:55.968831,3,4,3,1,2,,238240441,LevelMaxLevelSize
baseline_run1,baseline,2026/04/15-06:42:55.974309,3,4,2,1,1,,113797635,LevelMaxLevelSize
baseline_run1,baseline,2026/04/15-06:42:55.974924,3,4,3,1,2,,116173224,LevelMaxLevelSize
baseline_run1,baseline,2026/04/15-06:42:55.974932,3,4,2,1,1,,114053427,LevelMaxLevelSize
baseline_run1,baseline,2026/04/15-06:42:55.974942,3,4,2,1,1,,113740558,LevelMaxLevelSize
baseline_run1,baseline,2026/04/15-06:42:55.975016,3,4,2,1,1,,113711606,LevelMaxLevelSize
baseline_run1,baseline,2026/04/15-06:42:55.975111,3,4,2,1,1,,113621167,LevelMaxLevelSize
baseline_run1,baseline,2026/04/15-06:42:55.975113,3,4,2,1,1,,104313963,LevelMaxLevelSize
baseline_run1,baseline,2026/04/15-06:42:56.029827,3,4,3,1,2,,149489560,LevelMaxLevelSize
baseline_run1,baseline,2026/04/15-06:42:56.030047,3,4,3,1,2,,126287089,LevelMaxLevelSize
baseline_run1,baseline,2026/04/15-06:42:56.030060,3,4,2,1,1,,103235109,LevelMaxLevelSize
baseline_run1,baseline,2026/04/15-06:42:56.030143,3,4,2,1,1,,110166484,LevelMaxLevelSize
baseline_run1,baseline,2026/04/15-06:42:56.030151,3,4,3,1,2,,140447192,LevelMaxLevelSize
baseline_run1,baseline,2026/04/15-06:42:56.030164,3,4,3,1,2,,112629196,LevelMaxLevelSize
baseline_run1,baseline,2026/04/15-06:42:56.037443,3,4,3,1,2,,133924874,LevelMaxLevelSize
baseline_run1,baseline,2026/04/15-06:42:56.037452,3,4,2,1,1,,109947277,LevelMaxLevelSize
baseline_run1,baseline,2026/04/15-06:42:56.037459,3,4,3,1,2,,125090225,LevelMaxLevelSize
baseline_run1,baseline,2026/04/15-06:42:56.037563,3,4,2,1,1,,68584024,LevelMaxLevelSize
baseline_run1,baseline,2026/04/15-06:42:56.037630,3,4,2,1,1,,109639737,LevelMaxLevelSize
baseline_run1,baseline,2026/04/15-06:42:56.037635,3,4,4,1,3,,222696069,LevelMaxLevelSize
baseline_run1,baseline,2026/04/15-06:42:56.046142,3,4,4,1,3,,230111739,LevelMaxLevelSize
baseline_run1,baseline,2026/04/15-06:42:56.046150,3,4,2,1,1,,109530642,LevelMaxLevelSize
baseline_run1,baseline,2026/04/15-06:42:56.046196,3,4,4,1,3,,284934454,LevelMaxLevelSize
baseline_run1,baseline,2026/04/15-06:42:56.104823,3,4,2,1,1,,112851164,LevelMaxLevelSize
baseline_run1,baseline,2026/04/15-06:42:56.104827,3,4,3,1,2,,131342724,LevelMaxLevelSize
baseline_run1,baseline,2026/04/15-06:42:56.104828,3,4,4,1,3,,226286140,LevelMaxLevelSize
baseline_run1,baseline,2026/04/15-06:42:56.105069,3,4,3,1,2,,215643156,LevelMaxLevelSize
baseline_run1,baseline,2026/04/15-06:42:56.105077,3,4,3,1,2,,215521703,LevelMaxLevelSize
baseline_run1,baseline,2026/04/15-06:42:56.105115,3,4,4,1,3,,220390216,LevelMaxLevelSize
baseline_run1,baseline,2026/04/15-06:42:56.106865,3,4,3,1,2,,204557960,LevelMaxLevelSize
baseline_run1,baseline,2026/04/15-06:42:56.136821,3,4,3,1,2,,128018087,LevelMaxLevelSize
baseline_run1,baseline,2026/04/15-06:42:56.197099,3,4,2,1,1,,108013684,LevelMaxLevelSize
baseline_run1,baseline,2026/04/15-06:42:56.198550,3,4,3,1,2,,203596265,LevelMaxLevelSize
baseline_run1,baseline,2026/04/15-06:42:56.202062,3,4,2,1,1,,105778783,LevelMaxLevelSize
baseline_run1,baseline,2026/04/15-06:42:56.213111,3,4,4,1,3,,222250983,LevelMaxLevelSize
baseline_run1,baseline,2026/04/15-06:42:56.215043,3,4,3,1,2,,211417605,LevelMaxLevelSize
baseline_run1,baseline,2026/04/15-06:42:56.233989,3,4,3,1,2,,194707656,LevelMaxLevelSize
baseline_run1,baseline,2026/04/15-06:42:56.233992,3,4,4,1,3,,221722097,LevelMaxLevelSize
baseline_run1,baseline,2026/04/15-06:42:56.234001,3,4,3,1,2,,146960817,LevelMaxLevelSize
baseline_run1,baseline,2026/04/15-06:42:56.234003,3,4,4,1,3,,221784425,LevelMaxLevelSize
baseline_run1,baseline,2026/04/15-06:42:56.257527,0,1,4,4,0,,263111056,LevelL0FilesNum
baseline_run1,baseline,2026/04/15-06:42:56.659619,0,1,4,4,0,,263107008,LevelL0FilesNum
baseline_run1,baseline,2026/04/15-06:42:57.024281,0,1,24,10,14,,4034388276,LevelL0FilesNum
baseline_run1,baseline,2026/04/15-06:42:57.331472,0,1,4,4,0,,263114154,LevelL0FilesNum
baseline_run1,baseline,2026/04/15-06:42:57.729091,0,1,4,4,0,,263119216,LevelL0FilesNum
baseline_run1,baseline,2026/04/15-06:42:58.116431,0,1,4,4,0,,263111797,LevelL0FilesNum
baseline_run1,baseline,2026/04/15-06:42:58.512870,0,1,4,4,0,,263102652,LevelL0FilesNum
baseline_run1,baseline,2026/04/15-06:42:58.984324,0,1,4,4,0,,263124478,LevelL0FilesNum
baseline_run1,baseline,2026/04/15-06:42:59.561433,0,1,4,4,0,,263120467,LevelL0FilesNum
baseline_run1,baseline,2026/04/15-06:42:59.941118,0,1,7,7,0,,1643720593,LevelL0FilesNum
baseline_run1,baseline,2026/04/15-06:43:02.317289,0,1,4,4,0,,263099470,LevelL0FilesNum
baseline_run1,baseline,2026/04/15-06:43:02.848901,0,1,4,4,0,,263088145,LevelL0FilesNum
baseline_run1,baseline,2026/04/15-06:43:03.215094,1,2,2,1,1,,124215501,LevelMaxLevelSize
baseline_run1,baseline,2026/04/15-06:43:03.216033,1,2,2,1,1,,155445782,LevelMaxLevelSize
baseline_run1,baseline,2026/04/15-06:43:03.216033,1,2,2,1,1,,120011188,LevelMaxLevelSize
baseline_run1,baseline,2026/04/15-06:43:03.216432,1,2,2,1,1,,153560608,LevelMaxLevelSize
baseline_run1,baseline,2026/04/15-06:43:03.216442,1,2,2,1,1,,158166627,LevelMaxLevelSize
baseline_run1,baseline,2026/04/15-06:43:03.216497,1,2,2,1,1,,150494851,LevelMaxLevelSize
baseline_run1,baseline,2026/04/15-06:43:03.216506,1,2,2,1,1,,154649469,LevelMaxLevelSize
baseline_run1,baseline,2026/04/15-06:43:03.217890,1,2,2,1,1,,146569043,LevelMaxLevelSize
baseline_run1,baseline,2026/04/15-06:43:03.217909,1,2,2,1,1,,153182259,LevelMaxLevelSize
baseline_run1,baseline,2026/04/15-06:43:03.217912,1,2,2,1,1,,118712425,LevelMaxLevelSize
baseline_run1,baseline,2026/04/15-06:43:03.217920,1,2,2,1,1,,61806624,LevelMaxLevelSize
baseline_run1,baseline,2026/04/15-06:43:03.221087,2,3,6,1,5,,384815289,LevelMaxLevelSize
baseline_run1,baseline,2026/04/15-06:43:03.221190,2,3,4,1,3,,262560559,LevelMaxLevelSize
baseline_run1,baseline,2026/04/15-06:43:03.221212,2,3,9,1,8,,668051608,LevelMaxLevelSize
baseline_run1,baseline,2026/04/15-06:43:03.221326,2,3,6,1,5,,377745430,LevelMaxLevelSize
baseline_run1,baseline,2026/04/15-06:43:03.221350,2,3,2,1,1,,132672894,LevelMaxLevelSize
baseline_run1,baseline,2026/04/15-06:43:03.221362,2,3,6,1,5,,403669587,LevelMaxLevelSize
baseline_run1,baseline,2026/04/15-06:43:03.259687,0,1,4,4,0,,263096412,LevelL0FilesNum
baseline_run1,baseline,2026/04/15-06:43:03.426043,2,3,3,1,2,,134799524,LevelMaxLevelSize
baseline_run1,baseline,2026/04/15-06:43:03.426070,2,3,4,1,3,,298511319,LevelMaxLevelSize
baseline_run1,baseline,2026/04/15-06:43:03.429355,2,3,3,1,2,,195386331,LevelMaxLevelSize
baseline_run1,baseline,2026/04/15-06:43:03.429518,2,3,4,1,3,,267556935,LevelMaxLevelSize
baseline_run1,baseline,2026/04/15-06:43:03.439988,2,3,7,1,6,,529663833,LevelMaxLevelSize
baseline_run1,baseline,2026/04/15-06:43:03.439991,2,3,6,1,5,,431517273,LevelMaxLevelSize
baseline_run1,baseline,2026/04/15-06:43:03.487230,2,3,3,1,2,,194518636,LevelMaxLevelSize
baseline_run1,baseline,2026/04/15-06:43:03.487243,2,3,4,2,2,,250118221,LevelMaxLevelSize
baseline_run1,baseline,2026/04/15-06:43:03.492860,2,3,3,1,2,,212785429,LevelMaxLevelSize
baseline_run1,baseline,2026/04/15-06:43:03.492880,2,3,3,1,2,,234392174,LevelMaxLevelSize
baseline_run1,baseline,2026/04/15-06:43:03.494667,2,3,3,1,2,,226544508,LevelMaxLevelSize
baseline_run1,baseline,2026/04/15-06:43:03.494843,2,3,3,1,2,,252576129,LevelMaxLevelSize
baseline_run1,baseline,2026/04/15-06:43:03.494844,2,3,6,1,5,,357325081,LevelMaxLevelSize
baseline_run1,baseline,2026/04/15-06:43:03.494844,2,3,3,1,2,,112501420,LevelMaxLevelSize
baseline_run1,baseline,2026/04/15-06:43:03.495022,2,3,2,1,1,,58644358,LevelMaxLevelSize
baseline_run1,baseline,2026/04/15-06:43:03.495024,2,3,6,2,4,,284901598,LevelMaxLevelSize
baseline_run1,baseline,2026/04/15-06:43:03.496566,2,3,6,1,5,,361363618,LevelMaxLevelSize
baseline_run1,baseline,2026/04/15-06:43:03.496596,2,3,6,1,5,,396564644,LevelMaxLevelSize
baseline_run1,baseline,2026/04/15-06:43:03.496596,2,3,6,1,5,,372222279,LevelMaxLevelSize
baseline_run1,baseline,2026/04/15-06:43:03.503991,2,3,6,1,5,,379866290,LevelMaxLevelSize
baseline_run1,baseline,2026/04/15-06:43:03.504013,2,3,3,1,2,,266063244,LevelMaxLevelSize
baseline_run1,baseline,2026/04/15-06:43:03.506950,2,3,3,1,2,,128893992,LevelMaxLevelSize
baseline_run1,baseline,2026/04/15-06:43:03.506951,2,3,4,1,3,,296961531,LevelMaxLevelSize
baseline_run1,baseline,2026/04/15-06:43:03.697219,0,1,4,4,0,,263096703,LevelL0FilesNum
baseline_run1,baseline,2026/04/15-06:43:04.119993,0,1,4,4,0,,263100628,LevelL0FilesNum
baseline_run1,baseline,2026/04/15-06:43:04.254228,3,4,2,1,1,,138317891,LevelMaxLevelSize
baseline_run1,baseline,2026/04/15-06:43:04.254247,3,4,3,1,2,,192782467,LevelMaxLevelSize
baseline_run1,baseline,2026/04/15-06:43:04.256572,3,4,2,1,1,,84002548,LevelMaxLevelSize
baseline_run1,baseline,2026/04/15-06:43:04.256591,3,4,2,1,1,,120101198,LevelMaxLevelSize
baseline_run1,baseline,2026/04/15-06:43:04.256669,3,4,3,1,2,,185853304,LevelMaxLevelSize
baseline_run1,baseline,2026/04/15-06:43:04.256922,3,4,2,1,1,,111890201,LevelMaxLevelSize
baseline_run1,baseline,2026/04/15-06:43:04.256938,3,4,3,1,2,,133225447,LevelMaxLevelSize
baseline_run1,baseline,2026/04/15-06:43:04.256943,3,4,2,1,1,,117935009,LevelMaxLevelSize
baseline_run1,baseline,2026/04/15-06:43:04.256956,3,4,3,1,2,,191639413,LevelMaxLevelSize
baseline_run1,baseline,2026/04/15-06:43:04.256961,3,4,2,1,1,,109547206,LevelMaxLevelSize
baseline_run1,baseline,2026/04/15-06:43:04.439847,3,4,2,1,1,,113780132,LevelMaxLevelSize
baseline_run1,baseline,2026/04/15-06:43:04.440070,3,4,2,1,1,,111478625,LevelMaxLevelSize
baseline_run1,baseline,2026/04/15-06:43:04.440185,3,4,2,1,1,,111455723,LevelMaxLevelSize
baseline_run1,baseline,2026/04/15-06:43:04.440351,3,4,3,1,2,,207049644,LevelMaxLevelSize
baseline_run1,baseline,2026/04/15-06:43:04.440353,3,4,2,1,1,,77486028,LevelMaxLevelSize
baseline_run1,baseline,2026/04/15-06:43:04.440355,3,4,2,1,1,,109393483,LevelMaxLevelSize
baseline_run1,baseline,2026/04/15-06:43:04.440501,3,4,3,1,2,,116935126,LevelMaxLevelSize
baseline_run1,baseline,2026/04/15-06:43:04.440652,3,4,3,1,2,,118778287,LevelMaxLevelSize
baseline_run1,baseline,2026/04/15-06:43:04.440656,3,4,4,1,3,,225791776,LevelMaxLevelSize
baseline_run1,baseline,2026/04/15-06:43:04.440659,3,4,4,1,3,,225884254,LevelMaxLevelSize
baseline_run1,baseline,2026/04/15-06:43:04.446317,3,4,2,1,1,,111619925,LevelMaxLevelSize
baseline_run1,baseline,2026/04/15-06:43:04.446386,3,4,2,1,1,,109063058,LevelMaxLevelSize
baseline_run1,baseline,2026/04/15-06:43:04.446388,3,4,3,1,2,,124840811,LevelMaxLevelSize
baseline_run1,baseline,2026/04/15-06:43:04.446583,3,4,2,1,1,,108767874,LevelMaxLevelSize
baseline_run1,baseline,2026/04/15-06:43:04.446932,3,4,3,1,2,,211385504,LevelMaxLevelSize
baseline_run1,baseline,2026/04/15-06:43:04.446929,3,4,4,1,3,,174117390,LevelMaxLevelSize
baseline_run1,baseline,2026/04/15-06:43:04.446938,3,4,3,1,2,,215558084,LevelMaxLevelSize
baseline_run1,baseline,2026/04/15-06:43:04.446947,3,4,3,1,2,,211645212,LevelMaxLevelSize
baseline_run1,baseline,2026/04/15-06:43:04.446948,3,4,3,1,2,,175209942,LevelMaxLevelSize
baseline_run1,baseline,2026/04/15-06:43:04.446951,3,4,4,1,3,,232084984,LevelMaxLevelSize
baseline_run1,baseline,2026/04/15-06:43:04.531093,0,1,4,4,0,,263120212,LevelL0FilesNum
baseline_run1,baseline,2026/04/15-06:43:04.924890,0,1,4,4,0,,263109114,LevelL0FilesNum
baseline_run1,baseline,2026/04/15-06:43:05.296485,0,1,41,11,30,,5738699639,LevelL0FilesNum
baseline_run1,baseline,2026/04/15-06:43:05.607446,0,1,4,4,0,,263114118,LevelL0FilesNum
baseline_run1,baseline,2026/04/15-06:43:06.011546,0,1,4,4,0,,263105183,LevelL0FilesNum
baseline_run1,baseline,2026/04/15-06:43:06.404856,0,1,4,4,0,,263109862,LevelL0FilesNum
baseline_run1,baseline,2026/04/15-06:43:06.895725,0,1,4,4,0,,263117332,LevelL0FilesNum
baseline_run1,baseline,2026/04/15-06:43:07.265285,0,1,5,5,0,,1117678816,LevelL0FilesNum
baseline_run1,baseline,2026/04/15-06:43:13.702503,1,2,2,1,1,,155144691,LevelMaxLevelSize
baseline_run1,baseline,2026/04/15-06:43:13.702504,1,2,2,1,1,,131854554,LevelMaxLevelSize
baseline_run1,baseline,2026/04/15-06:43:13.702791,1,2,2,1,1,,191010805,LevelMaxLevelSize
baseline_run1,baseline,2026/04/15-06:43:13.702886,1,2,2,1,1,,188116462,LevelMaxLevelSize
baseline_run1,baseline,2026/04/15-06:43:13.702886,1,2,2,1,1,,179400215,LevelMaxLevelSize
baseline_run1,baseline,2026/04/15-06:43:13.702896,1,2,2,1,1,,196435302,LevelMaxLevelSize
baseline_run1,baseline,2026/04/15-06:43:13.702902,1,2,2,1,1,,197814492,LevelMaxLevelSize
baseline_run1,baseline,2026/04/15-06:43:13.702908,1,2,2,1,1,,67843468,LevelMaxLevelSize
baseline_run1,baseline,2026/04/15-06:43:13.703578,1,2,3,2,1,,251867878,LevelMaxLevelSize
baseline_run1,baseline,2026/04/15-06:43:13.703678,1,2,2,1,1,,158553458,LevelMaxLevelSize
baseline_run1,baseline,2026/04/15-06:43:13.703840,1,2,2,1,1,,207314320,LevelMaxLevelSize
baseline_run1,baseline,2026/04/15-06:43:13.704129,1,2,2,1,1,,196331407,LevelMaxLevelSize
baseline_run1,baseline,2026/04/15-06:43:13.704227,1,2,3,1,2,,151904283,LevelMaxLevelSize
baseline_run1,baseline,2026/04/15-06:43:13.704316,1,2,2,1,1,,92209927,LevelMaxLevelSize
baseline_run1,baseline,2026/04/15-06:43:13.704320,1,2,4,2,2,,303811196,LevelMaxLevelSize
baseline_run1,baseline,2026/04/15-06:43:13.704320,1,2,2,1,1,,106145482,LevelMaxLevelSize
baseline_run1,baseline,2026/04/15-06:43:13.704328,1,2,2,1,1,,226604465,LevelMaxLevelSize
baseline_run1,baseline,2026/04/15-06:43:13.704329,1,2,3,1,2,,125442626,LevelMaxLevelSize
baseline_run1,baseline,2026/04/15-06:43:13.704334,1,2,2,1,1,,126956951,LevelMaxLevelSize
baseline_run1,baseline,2026/04/15-06:43:13.704454,1,2,3,2,1,,249953839,LevelMaxLevelSize
baseline_run1,baseline,2026/04/15-06:43:13.704463,1,2,2,1,1,,191445706,LevelMaxLevelSize
baseline_run1,baseline,2026/04/15-06:43:13.704533,1,2,2,1,1,,138764581,LevelMaxLevelSize
baseline_run1,baseline,2026/04/15-06:43:13.704534,1,2,2,1,1,,157348623,LevelMaxLevelSize
baseline_run1,baseline,2026/04/15-06:43:13.704548,1,2,2,1,1,,201598953,LevelMaxLevelSize
baseline_run1,baseline,2026/04/15-06:43:13.705809,1,2,2,1,1,,115075716,LevelMaxLevelSize
baseline_run1,baseline,2026/04/15-06:43:13.709640,1,2,2,1,1,,264179654,LevelMaxLevelSize
baseline_run1,baseline,2026/04/15-06:43:13.709944,1,2,3,1,2,,149690177,LevelMaxLevelSize
baseline_run1,baseline,2026/04/15-06:43:13.709949,1,2,3,2,1,,351890234,LevelMaxLevelSize
baseline_run1,baseline,2026/04/15-06:43:13.709954,1,2,3,2,1,,351526118,LevelMaxLevelSize
baseline_run1,baseline,2026/04/15-06:43:13.995756,2,3,2,1,1,,20268851,LevelMaxLevelSize
baseline_run1,baseline,2026/04/15-06:43:13.995778,2,3,2,1,1,,117508437,LevelMaxLevelSize
baseline_run1,baseline,2026/04/15-06:43:14.007528,2,3,2,1,1,,98273744,LevelMaxLevelSize
baseline_run1,baseline,2026/04/15-06:43:14.007652,2,3,3,1,2,,181734595,LevelMaxLevelSize
baseline_run1,baseline,2026/04/15-06:43:14.032133,2,3,3,1,2,,181729335,LevelMaxLevelSize
baseline_run1,baseline,2026/04/15-06:43:14.032743,2,3,2,1,1,,121892972,LevelMaxLevelSize
baseline_run1,baseline,2026/04/15-06:43:14.032754,2,3,3,1,2,,187178966,LevelMaxLevelSize
baseline_run1,baseline,2026/04/15-06:43:14.035084,2,3,5,1,4,,300395827,LevelMaxLevelSize
baseline_run1,baseline,2026/04/15-06:43:14.035090,2,3,2,1,1,,107492928,LevelMaxLevelSize
baseline_run1,baseline,2026/04/15-06:43:14.039698,2,3,4,1,3,,322134205,LevelMaxLevelSize
baseline_run1,baseline,2026/04/15-06:43:14.039713,2,3,6,1,5,,364788819,LevelMaxLevelSize
baseline_run1,baseline,2026/04/15-06:43:14.049317,2,3,2,1,1,,97063910,LevelMaxLevelSize
baseline_run1,baseline,2026/04/15-06:43:14.049604,2,3,8,1,7,,577713379,LevelMaxLevelSize
baseline_run1,baseline,2026/04/15-06:43:14.050962,2,3,3,1,2,,199697291,LevelMaxLevelSize
baseline_run1,baseline,2026/04/15-06:43:14.050975,2,3,5,1,4,,349871506,LevelMaxLevelSize
baseline_run1,baseline,2026/04/15-06:43:14.101823,2,3,2,1,1,,118998506,LevelMaxLevelSize
baseline_run1,baseline,2026/04/15-06:43:14.101851,2,3,3,1,2,,184087200,LevelMaxLevelSize
baseline_run1,baseline,2026/04/15-06:43:14.103543,2,3,2,1,1,,115906637,LevelMaxLevelSize
baseline_run1,baseline,2026/04/15-06:43:14.103619,2,3,3,2,1,,128238154,LevelMaxLevelSize
baseline_run1,baseline,2026/04/15-06:43:14.103627,2,3,2,1,1,,61483931,LevelMaxLevelSize
baseline_run1,baseline,2026/04/15-06:43:14.103702,2,3,5,1,4,,378311853,LevelMaxLevelSize
baseline_run1,baseline,2026/04/15-06:43:14.110825,2,3,7,1,6,,594495312,LevelMaxLevelSize
baseline_run1,baseline,2026/04/15-06:43:14.110843,2,3,9,2,7,,607886420,LevelMaxLevelSize
baseline_run1,baseline,2026/04/15-06:43:14.121047,2,3,2,1,1,,134769305,LevelMaxLevelSize
baseline_run1,baseline,2026/04/15-06:43:14.125192,2,3,4,1,3,,251375839,LevelMaxLevelSize
baseline_run1,baseline,2026/04/15-06:43:14.125263,2,3,5,1,4,,296834412,LevelMaxLevelSize
baseline_run1,baseline,2026/04/15-06:43:14.141179,2,3,2,1,1,,177201316,LevelMaxLevelSize
baseline_run1,baseline,2026/04/15-06:43:14.142638,2,3,3,1,2,,187376967,LevelMaxLevelSize
baseline_run1,baseline,2026/04/15-06:43:14.142732,2,3,4,1,3,,249438274,LevelMaxLevelSize
baseline_run1,baseline,2026/04/15-06:43:14.158522,2,3,3,1,2,,163566556,LevelMaxLevelSize
baseline_run1,baseline,2026/04/15-06:43:14.216944,2,3,3,1,2,,203204484,LevelMaxLevelSize
baseline_run1,baseline,2026/04/15-06:43:14.233612,2,3,5,1,4,,228541921,LevelMaxLevelSize
baseline_run1,baseline,2026/04/15-06:43:14.264284,0,1,5,5,0,,328907406,LevelL0FilesNum
baseline_run1,baseline,2026/04/15-06:43:14.266116,2,3,2,1,1,,107757841,LevelMaxLevelSize
baseline_run1,baseline,2026/04/15-06:43:14.267668,2,3,2,1,1,,111803947,LevelMaxLevelSize
baseline_run1,baseline,2026/04/15-06:43:14.287071,2,3,4,1,3,,229378481,LevelMaxLevelSize
baseline_run1,baseline,2026/04/15-06:43:14.288586,2,3,3,1,2,,204030773,LevelMaxLevelSize
baseline_run1,baseline,2026/04/15-06:43:14.291206,2,3,3,1,2,,168325077,LevelMaxLevelSize
baseline_run1,baseline,2026/04/15-06:43:14.296637,2,3,3,1,2,,166350931,LevelMaxLevelSize
baseline_run1,baseline,2026/04/15-06:43:14.329367,2,3,4,1,3,,245091867,LevelMaxLevelSize
baseline_run1,baseline,2026/04/15-06:43:14.386098,2,3,4,1,3,,255351152,LevelMaxLevelSize
baseline_run1,baseline,2026/04/15-06:43:14.396217,2,3,6,1,5,,420890336,LevelMaxLevelSize
baseline_run1,baseline,2026/04/15-06:43:14.397949,2,3,5,1,4,,304613780,LevelMaxLevelSize
baseline_run1,baseline,2026/04/15-06:43:14.419047,2,3,4,1,3,,273478902,LevelMaxLevelSize
baseline_run1,baseline,2026/04/15-06:43:14.439841,2,3,4,1,3,,192960052,LevelMaxLevelSize
baseline_run1,baseline,2026/04/15-06:43:14.445592,2,3,6,1,5,,245762735,LevelMaxLevelSize
baseline_run1,baseline,2026/04/15-06:43:14.474926,2,3,3,1,2,,144525720,LevelMaxLevelSize
baseline_run1,baseline,2026/04/15-06:43:14.484228,2,3,5,1,4,,288889116,LevelMaxLevelSize
baseline_run1,baseline,2026/04/15-06:43:14.501740,2,3,2,1,1,,109210484,LevelMaxLevelSize
baseline_run1,baseline,2026/04/15-06:43:14.529489,2,3,2,1,1,,117218410,LevelMaxLevelSize
baseline_run1,baseline,2026/04/15-06:43:14.531571,2,3,3,1,2,,207935109,LevelMaxLevelSize
baseline_run1,baseline,2026/04/15-06:43:14.535585,2,3,3,1,2,,180663840,LevelMaxLevelSize
baseline_run1,baseline,2026/04/15-06:43:14.551009,2,3,4,2,2,,335897811,LevelMaxLevelSize
baseline_run1,baseline,2026/04/15-06:43:14.557894,2,3,3,1,2,,208493579,LevelMaxLevelSize
baseline_run1,baseline,2026/04/15-06:43:14.561212,2,3,3,1,2,,200593916,LevelMaxLevelSize
baseline_run1,baseline,2026/04/15-06:43:14.575681,2,3,3,1,2,,187977538,LevelMaxLevelSize
baseline_run1,baseline,2026/04/15-06:43:14.589160,2,3,4,1,3,,219735791,LevelMaxLevelSize
baseline_run1,baseline,2026/04/15-06:43:14.692234,2,3,3,1,2,,271687250,LevelMaxLevelSize
baseline_run1,baseline,2026/04/15-06:43:14.701008,2,3,6,1,5,,415377472,LevelMaxLevelSize
baseline_run1,baseline,2026/04/15-06:43:14.715873,2,3,3,1,2,,233157524,LevelMaxLevelSize
baseline_run1,baseline,2026/04/15-06:43:14.721938,2,3,5,1,4,,308911614,LevelMaxLevelSize
baseline_run1,baseline,2026/04/15-06:43:14.746892,0,1,4,4,0,,263114191,LevelL0FilesNum
baseline_run1,baseline,2026/04/15-06:43:14.762502,2,3,4,1,3,,245743693,LevelMaxLevelSize
baseline_run1,baseline,2026/04/15-06:43:14.764824,2,3,3,1,2,,213819995,LevelMaxLevelSize
baseline_run1,baseline,2026/04/15-06:43:14.770063,2,3,4,1,3,,264540937,LevelMaxLevelSize
baseline_run1,baseline,2026/04/15-06:43:14.798015,2,3,4,1,3,,268304762,LevelMaxLevelSize
baseline_run1,baseline,2026/04/15-06:43:14.806290,2,3,4,1,3,,269816274,LevelMaxLevelSize
baseline_run1,baseline,2026/04/15-06:43:14.815448,2,3,4,1,3,,253828667,LevelMaxLevelSize
baseline_run1,baseline,2026/04/15-06:43:14.827175,2,3,9,1,8,,645960738,LevelMaxLevelSize
baseline_run1,baseline,2026/04/15-06:43:14.843886,2,3,5,1,4,,307993696,LevelMaxLevelSize
baseline_run1,baseline,2026/04/15-06:43:14.851714,2,3,6,1,5,,344834267,LevelMaxLevelSize
baseline_run1,baseline,2026/04/15-06:43:14.906284,2,3,6,1,5,,319095825,LevelMaxLevelSize
baseline_run1,baseline,2026/04/15-06:43:15.203671,0,1,4,4,0,,263103451,LevelL0FilesNum
baseline_run1,baseline,2026/04/15-06:43:15.355413,3,4,3,1,2,,166005521,LevelMaxLevelSize
baseline_run1,baseline,2026/04/15-06:43:15.355538,3,4,2,1,1,,126492916,LevelMaxLevelSize
baseline_run1,baseline,2026/04/15-06:43:15.355542,3,4,2,1,1,,126269554,LevelMaxLevelSize
baseline_run1,baseline,2026/04/15-06:43:15.355716,3,4,3,1,2,,121471134,LevelMaxLevelSize
baseline_run1,baseline,2026/04/15-06:43:15.355719,3,4,2,1,1,,79361535,LevelMaxLevelSize
baseline_run1,baseline,2026/04/15-06:43:15.358573,3,4,3,1,2,,197588585,LevelMaxLevelSize
baseline_run1,baseline,2026/04/15-06:43:15.358775,3,4,2,1,1,,114129028,LevelMaxLevelSize
baseline_run1,baseline,2026/04/15-06:43:15.358775,3,4,2,1,1,,114200981,LevelMaxLevelSize
baseline_run1,baseline,2026/04/15-06:43:15.358779,3,4,2,1,1,,114395086,LevelMaxLevelSize
baseline_run1,baseline,2026/04/15-06:43:15.358850,3,4,2,1,1,,114070914,LevelMaxLevelSize
baseline_run1,baseline,2026/04/15-06:43:15.358854,3,4,3,1,2,,125661505,LevelMaxLevelSize
baseline_run1,baseline,2026/04/15-06:43:15.358941,3,4,2,1,1,,114025140,LevelMaxLevelSize
baseline_run1,baseline,2026/04/15-06:43:15.359210,3,4,2,1,1,,113858055,LevelMaxLevelSize
baseline_run1,baseline,2026/04/15-06:43:15.359211,3,4,2,1,1,,113981550,LevelMaxLevelSize
baseline_run1,baseline,2026/04/15-06:43:15.359213,3,4,3,1,2,,125305122,LevelMaxLevelSize
baseline_run1,baseline,2026/04/15-06:43:15.359214,3,4,3,1,2,,126643574,LevelMaxLevelSize
baseline_run1,baseline,2026/04/15-06:43:15.360292,3,4,3,1,2,,213221333,LevelMaxLevelSize
baseline_run1,baseline,2026/04/15-06:43:15.360296,3,4,2,1,1,,113786330,LevelMaxLevelSize
baseline_run1,baseline,2026/04/15-06:43:15.360302,3,4,2,1,1,,113817528,LevelMaxLevelSize
baseline_run1,baseline,2026/04/15-06:43:15.360303,3,4,3,1,2,,135043653,LevelMaxLevelSize
baseline_run1,baseline,2026/04/15-06:43:15.437449,3,4,3,1,2,,149949954,LevelMaxLevelSize
baseline_run1,baseline,2026/04/15-06:43:15.437595,3,4,2,1,1,,113724971,LevelMaxLevelSize
baseline_run1,baseline,2026/04/15-06:43:15.437604,3,4,2,1,1,,113607546,LevelMaxLevelSize
baseline_run1,baseline,2026/04/15-06:43:15.437755,3,4,2,1,1,,103929465,LevelMaxLevelSize
baseline_run1,baseline,2026/04/15-06:43:15.437756,3,4,3,1,2,,124192461,LevelMaxLevelSize
baseline_run1,baseline,2026/04/15-06:43:15.437757,3,4,3,1,2,,124719262,LevelMaxLevelSize
baseline_run1,baseline,2026/04/15-06:43:15.437760,3,4,3,1,2,,212334998,LevelMaxLevelSize
baseline_run1,baseline,2026/04/15-06:43:15.437772,3,4,3,1,2,,124364944,LevelMaxLevelSize
baseline_run1,baseline,2026/04/15-06:43:15.437823,3,4,3,1,2,,123825671,LevelMaxLevelSize
baseline_run1,baseline,2026/04/15-06:43:15.472314,3,4,2,1,1,,99040752,LevelMaxLevelSize
baseline_run1,baseline,2026/04/15-06:43:15.522606,3,4,2,1,1,,111830910,LevelMaxLevelSize
baseline_run1,baseline,2026/04/15-06:43:15.531604,3,4,3,1,2,,212175989,LevelMaxLevelSize
baseline_run1,baseline,2026/04/15-06:43:15.578092,3,4,3,1,2,,211946642,LevelMaxLevelSize
baseline_run1,baseline,2026/04/15-06:43:15.591399,3,4,3,1,2,,211251283,LevelMaxLevelSize
baseline_run1,baseline,2026/04/15-06:43:15.601247,3,4,2,1,1,,110719186,LevelMaxLevelSize
baseline_run1,baseline,2026/04/15-06:43:15.617648,3,4,3,1,2,,212113903,LevelMaxLevelSize
baseline_run1,baseline,2026/04/15-06:43:15.619753,3,4,3,1,2,,152650211,LevelMaxLevelSize
baseline_run1,baseline,2026/04/15-06:43:15.621790,3,4,4,1,3,,220481256,LevelMaxLevelSize
baseline_run1,baseline,2026/04/15-06:43:15.624109,3,4,3,1,2,,207014287,LevelMaxLevelSize
baseline_run1,baseline,2026/04/15-06:43:15.624112,3,4,3,1,2,,204546592,LevelMaxLevelSize
baseline_run1,baseline,2026/04/15-06:43:15.626120,3,4,4,1,3,,242197254,LevelMaxLevelSize
baseline_run1,baseline,2026/04/15-06:43:15.626125,3,4,2,1,1,,108145631,LevelMaxLevelSize
baseline_run1,baseline,2026/04/15-06:43:15.626127,3,4,5,1,4,,296663996,LevelMaxLevelSize
baseline_run1,baseline,2026/04/15-06:43:15.627198,3,4,2,1,1,,107866080,LevelMaxLevelSize
baseline_run1,baseline,2026/04/15-06:43:15.632321,3,4,3,1,2,,156681312,LevelMaxLevelSize
baseline_run1,baseline,2026/04/15-06:43:15.641249,3,4,3,1,2,,215443726,LevelMaxLevelSize
baseline_run1,baseline,2026/04/15-06:43:15.645227,3,4,3,1,2,,195912706,LevelMaxLevelSize
baseline_run1,baseline,2026/04/15-06:43:15.649247,3,4,3,1,2,,215236881,LevelMaxLevelSize
baseline_run1,baseline,2026/04/15-06:43:15.655290,3,4,4,1,3,,217834909,LevelMaxLevelSize
baseline_run1,baseline,2026/04/15-06:43:15.656714,3,4,3,1,2,,215153789,LevelMaxLevelSize
baseline_run1,baseline,2026/04/15-06:43:15.666059,3,4,3,1,2,,158468669,LevelMaxLevelSize
baseline_run1,baseline,2026/04/15-06:43:15.689977,0,1,4,4,0,,263100490,LevelL0FilesNum
baseline_run1,baseline,2026/04/15-06:43:15.708380,3,4,3,1,2,,147557285,LevelMaxLevelSize
baseline_run1,baseline,2026/04/15-06:43:15.710035,3,4,2,1,1,,107560630,LevelMaxLevelSize
baseline_run1,baseline,2026/04/15-06:43:15.712820,3,4,4,1,3,,236533968,LevelMaxLevelSize
baseline_run1,baseline,2026/04/15-06:43:15.727195,3,4,3,1,2,,131551550,LevelMaxLevelSize
baseline_run1,baseline,2026/04/15-06:43:15.729040,3,4,3,1,2,,209312689,LevelMaxLevelSize
baseline_run1,baseline,2026/04/15-06:43:15.730816,3,4,5,1,4,,254782714,LevelMaxLevelSize
baseline_run1,baseline,2026/04/15-06:43:15.730816,3,4,2,1,1,,105556534,LevelMaxLevelSize
baseline_run1,baseline,2026/04/15-06:43:15.733988,3,4,3,1,2,,191859795,LevelMaxLevelSize
baseline_run1,baseline,2026/04/15-06:43:16.146280,0,1,4,4,0,,263102662,LevelL0FilesNum
baseline_run1,baseline,2026/04/15-06:43:16.192744,3,4,2,1,1,,114147974,LevelMaxLevelSize
baseline_run1,baseline,2026/04/15-06:43:16.192800,3,4,3,1,2,,191719534,LevelMaxLevelSize
baseline_run1,baseline,2026/04/15-06:43:16.193264,3,4,6,2,4,,341812356,LevelMaxLevelSize
baseline_run1,baseline,2026/04/15-06:43:16.193267,3,4,4,1,3,,172404080,LevelMaxLevelSize
baseline_run1,baseline,2026/04/15-06:43:16.193268,3,4,3,1,2,,201992980,LevelMaxLevelSize
baseline_run1,baseline,2026/04/15-06:43:16.193266,3,4,4,1,3,,210236186,LevelMaxLevelSize
baseline_run1,baseline,2026/04/15-06:43:16.193277,3,4,2,1,1,,104544381,LevelMaxLevelSize
baseline_run1,baseline,2026/04/15-06:43:16.193289,3,4,2,1,1,,104519439,LevelMaxLevelSize
baseline_run1,baseline,2026/04/15-06:43:16.193290,3,4,6,2,4,,390863714,LevelMaxLevelSize
baseline_run1,baseline,2026/04/15-06:43:16.561253,0,1,19,9,10,,3665827819,LevelL0FilesNum
baseline_run1,baseline,2026/04/15-06:43:16.892078,0,1,4,4,0,,263115051,LevelL0FilesNum
baseline_run1,baseline,2026/04/15-06:43:17.314397,0,1,4,4,0,,263089287,LevelL0FilesNum
baseline_run1,baseline,2026/04/15-06:43:17.731334,0,1,4,4,0,,263122502,LevelL0FilesNum
baseline_run1,baseline,2026/04/15-06:43:18.137214,0,1,4,4,0,,263105879,LevelL0FilesNum
baseline_run1,baseline,2026/04/15-06:43:18.549702,0,1,4,4,0,,263103394,LevelL0FilesNum
baseline_run1,baseline,2026/04/15-06:43:19.040267,0,1,4,4,0,,263103851,LevelL0FilesNum
baseline_run1,baseline,2026/04/15-06:43:19.623539,0,1,4,4,0,,263127811,LevelL0FilesNum
baseline_run1,baseline,2026/04/15-06:43:19.994013,0,1,7,7,0,,1643761648,LevelL0FilesNum
baseline_run1,baseline,2026/04/15-06:43:22.060924,1,2,2,1,1,,150585034,LevelMaxLevelSize
baseline_run1,baseline,2026/04/15-06:43:22.060930,1,2,2,1,1,,183753288,LevelMaxLevelSize
baseline_run1,baseline,2026/04/15-06:43:22.061085,1,2,3,2,1,,229992301,LevelMaxLevelSize
baseline_run1,baseline,2026/04/15-06:43:22.061165,1,2,3,2,1,,247192692,LevelMaxLevelSize
baseline_run1,baseline,2026/04/15-06:43:22.061397,1,2,3,2,1,,300224321,LevelMaxLevelSize
baseline_run1,baseline,2026/04/15-06:43:22.061632,1,2,3,1,2,,186248705,LevelMaxLevelSize
baseline_run1,baseline,2026/04/15-06:43:22.061633,1,2,2,1,1,,223333943,LevelMaxLevelSize
baseline_run1,baseline,2026/04/15-06:43:22.061714,1,2,2,1,1,,168819357,LevelMaxLevelSize
baseline_run1,baseline,2026/04/15-06:43:22.061795,1,2,2,1,1,,102324266,LevelMaxLevelSize
baseline_run1,baseline,2026/04/15-06:43:22.061902,1,2,2,1,1,,124895689,LevelMaxLevelSize
baseline_run1,baseline,2026/04/15-06:43:22.061904,1,2,2,1,1,,154000176,LevelMaxLevelSize
baseline_run1,baseline,2026/04/15-06:43:22.061907,1,2,2,1,1,,119632450,LevelMaxLevelSize
baseline_run1,baseline,2026/04/15-06:43:22.061910,1,2,2,1,1,,168424099,LevelMaxLevelSize
baseline_run1,baseline,2026/04/15-06:43:22.062262,1,2,2,1,1,,153784293,LevelMaxLevelSize
baseline_run1,baseline,2026/04/15-06:43:22.062316,1,2,2,1,1,,98442058,LevelMaxLevelSize
baseline_run1,baseline,2026/04/15-06:43:22.062321,1,2,2,1,1,,104195380,LevelMaxLevelSize
baseline_run1,baseline,2026/04/15-06:43:22.062337,1,2,2,1,1,,115543097,LevelMaxLevelSize
baseline_run1,baseline,2026/04/15-06:43:22.062338,1,2,2,1,1,,114682736,LevelMaxLevelSize
baseline_run1,baseline,2026/04/15-06:43:22.062339,1,2,2,1,1,,115265026,LevelMaxLevelSize
baseline_run1,baseline,2026/04/15-06:43:22.062345,1,2,2,1,1,,172407609,LevelMaxLevelSize
baseline_run1,baseline,2026/04/15-06:43:22.062516,1,2,2,1,1,,169586133,LevelMaxLevelSize
baseline_run1,baseline,2026/04/15-06:43:22.062814,1,2,2,1,1,,199345366,LevelMaxLevelSize
baseline_run1,baseline,2026/04/15-06:43:22.063040,1,2,3,1,2,,174856216,LevelMaxLevelSize
baseline_run1,baseline,2026/04/15-06:43:22.063058,1,2,3,1,2,,195894074,LevelMaxLevelSize
baseline_run1,baseline,2026/04/15-06:43:22.063064,1,2,3,1,2,,147562673,LevelMaxLevelSize
baseline_run1,baseline,2026/04/15-06:43:22.063073,1,2,3,1,2,,173751241,LevelMaxLevelSize
baseline_run1,baseline,2026/04/15-06:43:22.063827,1,2,2,1,1,,109098421,LevelMaxLevelSize
baseline_run1,baseline,2026/04/15-06:43:22.063830,1,2,2,1,1,,203975280,LevelMaxLevelSize
baseline_run1,baseline,2026/04/15-06:43:22.100809,0,1,4,4,0,,263117069,LevelL0FilesNum
baseline_run1,baseline,2026/04/15-06:43:22.100928,1,2,3,1,2,,250986674,LevelMaxLevelSize
baseline_run1,baseline,2026/04/15-06:43:22.100941,1,2,3,1,2,,188299232,LevelMaxLevelSize
baseline_run1,baseline,2026/04/15-06:43:22.101042,1,2,3,1,2,,175677903,LevelMaxLevelSize
baseline_run1,baseline,2026/04/15-06:43:22.440007,2,3,4,1,3,,211810259,LevelMaxLevelSize
baseline_run1,baseline,2026/04/15-06:43:22.443445,2,3,3,1,2,,197477179,LevelMaxLevelSize
baseline_run1,baseline,2026/04/15-06:43:22.443445,2,3,4,1,3,,301018453,LevelMaxLevelSize
baseline_run1,baseline,2026/04/15-06:43:22.443446,2,3,4,1,3,,144282386,LevelMaxLevelSize
baseline_run1,baseline,2026/04/15-06:43:22.449704,2,3,2,1,1,,110170695,LevelMaxLevelSize
baseline_run1,baseline,2026/04/15-06:43:22.449848,2,3,3,1,2,,188107746,LevelMaxLevelSize
baseline_run1,baseline,2026/04/15-06:43:22.449865,2,3,4,2,2,,224924460,LevelMaxLevelSize
baseline_run1,baseline,2026/04/15-06:43:22.451298,2,3,5,1,4,,271480162,LevelMaxLevelSize
baseline_run1,baseline,2026/04/15-06:43:22.451311,2,3,5,1,4,,283450770,LevelMaxLevelSize
baseline_run1,baseline,2026/04/15-06:43:22.451322,2,3,4,1,3,,195485909,LevelMaxLevelSize
baseline_run1,baseline,2026/04/15-06:43:22.456290,2,3,4,1,3,,225208083,LevelMaxLevelSize
baseline_run1,baseline,2026/04/15-06:43:22.456463,2,3,3,1,2,,158369804,LevelMaxLevelSize
baseline_run1,baseline,2026/04/15-06:43:22.456471,2,3,2,1,1,,102181502,LevelMaxLevelSize
baseline_run1,baseline,2026/04/15-06:43:22.459023,2,3,3,1,2,,129590479,LevelMaxLevelSize
baseline_run1,baseline,2026/04/15-06:43:22.459045,2,3,3,1,2,,182369618,LevelMaxLevelSize
baseline_run1,baseline,2026/04/15-06:43:22.459045,2,3,5,1,4,,316606140,LevelMaxLevelSize
baseline_run1,baseline,2026/04/15-06:43:22.469669,2,3,3,1,2,,121762750,LevelMaxLevelSize
baseline_run1,baseline,2026/04/15-06:43:22.469673,2,3,5,1,4,,279472252,LevelMaxLevelSize
baseline_run1,baseline,2026/04/15-06:43:22.469674,2,3,3,1,2,,195176395,LevelMaxLevelSize
baseline_run1,baseline,2026/04/15-06:43:22.469673,2,3,2,1,1,,123293624,LevelMaxLevelSize
baseline_run1,baseline,2026/04/15-06:43:22.484105,2,3,3,1,2,,105740741,LevelMaxLevelSize
baseline_run1,baseline,2026/04/15-06:43:22.484200,2,3,4,1,3,,271868092,LevelMaxLevelSize
baseline_run1,baseline,2026/04/15-06:43:22.484204,2,3,4,1,3,,256306561,LevelMaxLevelSize
baseline_run1,baseline,2026/04/15-06:43:22.499592,2,3,5,1,4,,323446618,LevelMaxLevelSize
baseline_run1,baseline,2026/04/15-06:43:22.499596,2,3,4,1,3,,220081215,LevelMaxLevelSize
baseline_run1,baseline,2026/04/15-06:43:22.499677,2,3,5,1,4,,288012413,LevelMaxLevelSize
baseline_run1,baseline,2026/04/15-06:43:22.502784,2,3,4,1,3,,222200105,LevelMaxLevelSize
baseline_run1,baseline,2026/04/15-06:43:22.502878,2,3,4,1,3,,260757679,LevelMaxLevelSize
baseline_run1,baseline,2026/04/15-06:43:22.515941,2,3,5,1,4,,296577532,LevelMaxLevelSize
baseline_run1,baseline,2026/04/15-06:43:22.532395,2,3,3,1,2,,176090863,LevelMaxLevelSize
baseline_run1,baseline,2026/04/15-06:43:22.554338,2,3,5,1,4,,266811977,LevelMaxLevelSize
baseline_run1,baseline,2026/04/15-06:43:22.579004,2,3,4,1,3,,222571144,LevelMaxLevelSize
baseline_run1,baseline,2026/04/15-06:43:22.609203,2,3,2,1,1,,126956318,LevelMaxLevelSize
baseline_run1,baseline,2026/04/15-06:43:22.687388,0,1,4,4,0,,263118125,LevelL0FilesNum
baseline_run1,baseline,2026/04/15-06:43:22.697987,2,3,2,1,1,,94883046,LevelMaxLevelSize
baseline_run1,baseline,2026/04/15-06:43:22.703886,2,3,4,1,3,,261488109,LevelMaxLevelSize
baseline_run1,baseline,2026/04/15-06:43:22.711871,2,3,4,1,3,,236971070,LevelMaxLevelSize
baseline_run1,baseline,2026/04/15-06:43:22.742528,2,3,5,1,4,,284871572,LevelMaxLevelSize
baseline_run1,baseline,2026/04/15-06:43:22.754829,2,3,3,1,2,,226491922,LevelMaxLevelSize
baseline_run1,baseline,2026/04/15-06:43:22.766264,2,3,3,1,2,,199889867,LevelMaxLevelSize
baseline_run1,baseline,2026/04/15-06:43:22.771233,2,3,4,2,2,,200576255,LevelMaxLevelSize
baseline_run1,baseline,2026/04/15-06:43:22.778481,2,3,4,1,3,,271319155,LevelMaxLevelSize
baseline_run1,baseline,2026/04/15-06:43:22.787880,2,3,4,1,3,,297553127,LevelMaxLevelSize
baseline_run1,baseline,2026/04/15-06:43:22.840492,2,3,3,1,2,,117153319,LevelMaxLevelSize
baseline_run1,baseline,2026/04/15-06:43:22.900647,2,3,4,1,3,,235201179,LevelMaxLevelSize
baseline_run1,baseline,2026/04/15-06:43:22.905475,2,3,5,1,4,,344084735,LevelMaxLevelSize
baseline_run1,baseline,2026/04/15-06:43:22.918500,2,3,4,1,3,,231060224,LevelMaxLevelSize
baseline_run1,baseline,2026/04/15-06:43:22.921183,2,3,4,1,3,,251869357,LevelMaxLevelSize
baseline_run1,baseline,2026/04/15-06:43:22.925760,2,3,5,1,4,,298720987,LevelMaxLevelSize
baseline_run1,baseline,2026/04/15-06:43:22.941477,2,3,4,1,3,,273632857,LevelMaxLevelSize
baseline_run1,baseline,2026/04/15-06:43:22.943850,2,3,2,1,1,,90525420,LevelMaxLevelSize
baseline_run1,baseline,2026/04/15-06:43:22.960974,2,3,6,1,5,,346796509,LevelMaxLevelSize
baseline_run1,baseline,2026/04/15-06:43:22.973978,2,3,6,1,5,,347661968,LevelMaxLevelSize
baseline_run1,baseline,2026/04/15-06:43:22.990019,2,3,3,1,2,,239188987,LevelMaxLevelSize
baseline_run1,baseline,2026/04/15-06:43:23.008433,2,3,6,1,5,,340459177,LevelMaxLevelSize
baseline_run1,baseline,2026/04/15-06:43:23.025578,2,3,5,1,4,,307720078,LevelMaxLevelSize
baseline_run1,baseline,2026/04/15-06:43:23.114432,0,1,4,4,0,,263119159,LevelL0FilesNum
baseline_run1,baseline,2026/04/15-06:43:23.416890,3,4,2,1,1,,123290952,LevelMaxLevelSize
baseline_run1,baseline,2026/04/15-06:43:23.417034,3,4,3,1,2,,137933100,LevelMaxLevelSize
baseline_run1,baseline,2026/04/15-06:43:23.417124,3,4,2,1,1,,115222048,LevelMaxLevelSize
baseline_run1,baseline,2026/04/15-06:43:23.417130,3,4,4,1,3,,178037523,LevelMaxLevelSize
baseline_run1,baseline,2026/04/15-06:43:23.417153,3,4,4,1,3,,304400804,LevelMaxLevelSize
baseline_run1,baseline,2026/04/15-06:43:23.425812,3,4,2,1,1,,109463978,LevelMaxLevelSize
baseline_run1,baseline,2026/04/15-06:43:23.425822,3,4,3,1,2,,143698239,LevelMaxLevelSize
baseline_run1,baseline,2026/04/15-06:43:23.425825,3,4,2,1,1,,115094327,LevelMaxLevelSize
baseline_run1,baseline,2026/04/15-06:43:23.464316,3,4,3,1,2,,198804259,LevelMaxLevelSize
baseline_run1,baseline,2026/04/15-06:43:23.464502,3,4,3,1,2,,200134195,LevelMaxLevelSize
baseline_run1,baseline,2026/04/15-06:43:23.464502,3,4,3,1,2,,197307226,LevelMaxLevelSize
baseline_run1,baseline,2026/04/15-06:43:23.464503,3,4,3,1,2,,158125983,LevelMaxLevelSize
baseline_run1,baseline,2026/04/15-06:43:23.495201,3,4,3,1,2,,154296087,LevelMaxLevelSize
baseline_run1,baseline,2026/04/15-06:43:23.495210,3,4,4,1,3,,277577866,LevelMaxLevelSize
baseline_run1,baseline,2026/04/15-06:43:23.495216,3,4,2,1,1,,99153192,LevelMaxLevelSize
baseline_run1,baseline,2026/04/15-06:43:23.495220,3,4,3,1,2,,125974296,LevelMaxLevelSize
baseline_run1,baseline,2026/04/15-06:43:23.530936,3,4,3,1,2,,184505745,LevelMaxLevelSize
baseline_run1,baseline,2026/04/15-06:43:23.530937,3,4,4,1,3,,225649475,LevelMaxLevelSize
baseline_run1,baseline,2026/04/15-06:43:23.530938,3,4,2,1,1,,106031340,LevelMaxLevelSize
baseline_run1,baseline,2026/04/15-06:43:23.531350,3,4,2,1,1,,68636917,LevelMaxLevelSize
baseline_run1,baseline,2026/04/15-06:43:23.531353,3,4,3,1,2,,199550263,LevelMaxLevelSize
baseline_run1,baseline,2026/04/15-06:43:23.572679,0,1,4,4,0,,263115150,LevelL0FilesNum
baseline_run1,baseline,2026/04/15-06:43:23.607449,3,4,3,1,2,,118123690,LevelMaxLevelSize
baseline_run1,baseline,2026/04/15-06:43:23.607553,3,4,2,1,1,,105898236,LevelMaxLevelSize
baseline_run1,baseline,2026/04/15-06:43:23.607554,3,4,3,1,2,,159240736,LevelMaxLevelSize
baseline_run1,baseline,2026/04/15-06:43:23.607714,3,4,3,1,2,,211682752,LevelMaxLevelSize
baseline_run1,baseline,2026/04/15-06:43:23.607794,3,4,4,1,3,,212558241,LevelMaxLevelSize
baseline_run1,baseline,2026/04/15-06:43:23.607795,3,4,3,1,2,,134926268,LevelMaxLevelSize
baseline_run1,baseline,2026/04/15-06:43:23.635183,3,4,4,1,3,,225522556,LevelMaxLevelSize
baseline_run1,baseline,2026/04/15-06:43:23.635343,3,4,4,1,3,,222435699,LevelMaxLevelSize
baseline_run1,baseline,2026/04/15-06:43:23.635348,3,4,3,1,2,,172656246,LevelMaxLevelSize
baseline_run1,baseline,2026/04/15-06:43:23.635356,3,4,3,1,2,,184533766,LevelMaxLevelSize
baseline_run1,baseline,2026/04/15-06:43:23.667490,3,4,3,1,2,,190442381,LevelMaxLevelSize
baseline_run1,baseline,2026/04/15-06:43:23.667490,3,4,4,1,3,,222959269,LevelMaxLevelSize
baseline_run1,baseline,2026/04/15-06:43:23.667491,3,4,4,1,3,,205855559,LevelMaxLevelSize
baseline_run1,baseline,2026/04/15-06:43:23.667493,3,4,3,1,2,,204515612,LevelMaxLevelSize
baseline_run1,baseline,2026/04/15-06:43:23.690905,3,4,4,1,3,,222260136,LevelMaxLevelSize
baseline_run1,baseline,2026/04/15-06:43:23.690906,3,4,4,1,3,,222378552,LevelMaxLevelSize
baseline_run1,baseline,2026/04/15-06:43:23.690909,3,4,2,1,1,,104191223,LevelMaxLevelSize
baseline_run1,baseline,2026/04/15-06:43:23.691234,3,4,3,1,2,,208354567,LevelMaxLevelSize
baseline_run1,baseline,2026/04/15-06:43:23.691908,3,4,4,1,3,,213358691,LevelMaxLevelSize
baseline_run1,baseline,2026/04/15-06:43:23.704114,3,4,2,1,1,,109362270,LevelMaxLevelSize
baseline_run1,baseline,2026/04/15-06:43:23.707568,3,4,3,1,2,,136611448,LevelMaxLevelSize
baseline_run1,baseline,2026/04/15-06:43:23.714183,3,4,2,1,1,,104153729,LevelMaxLevelSize
baseline_run1,baseline,2026/04/15-06:43:23.765626,3,4,3,1,2,,197328793,LevelMaxLevelSize
baseline_run1,baseline,2026/04/15-06:43:23.778301,3,4,4,1,3,,208783371,LevelMaxLevelSize
baseline_run1,baseline,2026/04/15-06:43:23.791422,3,4,3,1,2,,184042231,LevelMaxLevelSize
baseline_run1,baseline,2026/04/15-06:43:24.040390,0,1,4,4,0,,263112015,LevelL0FilesNum
baseline_run1,baseline,2026/04/15-06:43:24.429329,0,1,12,10,2,,3685102403,LevelL0FilesNum
baseline_run1,baseline,2026/04/15-06:43:24.756330,0,1,4,4,0,,263122296,LevelL0FilesNum
baseline_run1,baseline,2026/04/15-06:43:25.157587,0,1,4,4,0,,263120248,LevelL0FilesNum
baseline_run1,baseline,2026/04/15-06:43:25.559951,0,1,4,4,0,,263079159,LevelL0FilesNum
baseline_run1,baseline,2026/04/15-06:43:25.953710,0,1,4,4,0,,263111087,LevelL0FilesNum
baseline_run1,baseline,2026/04/15-06:43:26.439336,0,1,4,4,0,,263111906,LevelL0FilesNum
baseline_run1,baseline,2026/04/15-06:43:27.012113,0,1,4,4,0,,263133938,LevelL0FilesNum
baseline_run1,baseline,2026/04/15-06:43:27.381992,0,1,7,7,0,,1643768403,LevelL0FilesNum
baseline_run1,baseline,2026/04/15-06:43:29.820297,0,1,4,4,0,,263131792,LevelL0FilesNum
baseline_run1,baseline,2026/04/15-06:43:30.012396,1,2,2,1,1,,93359225,LevelMaxLevelSize
baseline_run1,baseline,2026/04/15-06:43:30.012468,1,2,2,1,1,,85919656,LevelMaxLevelSize
baseline_run1,baseline,2026/04/15-06:43:30.012613,1,2,2,1,1,,98812222,LevelMaxLevelSize
baseline_run1,baseline,2026/04/15-06:43:30.012686,1,2,2,1,1,,175365702,LevelMaxLevelSize
baseline_run1,baseline,2026/04/15-06:43:30.012703,1,2,2,1,1,,210742457,LevelMaxLevelSize
baseline_run1,baseline,2026/04/15-06:43:30.012706,1,2,2,1,1,,132692605,LevelMaxLevelSize
baseline_run1,baseline,2026/04/15-06:43:30.013873,1,2,2,1,1,,73646121,LevelMaxLevelSize
baseline_run1,baseline,2026/04/15-06:43:30.013888,1,2,2,1,1,,174087511,LevelMaxLevelSize
baseline_run1,baseline,2026/04/15-06:43:30.013892,1,2,2,1,1,,169288311,LevelMaxLevelSize
baseline_run1,baseline,2026/04/15-06:43:30.014020,1,2,2,1,1,,155046131,LevelMaxLevelSize
baseline_run1,baseline,2026/04/15-06:43:30.014468,1,2,2,1,1,,150560555,LevelMaxLevelSize
baseline_run1,baseline,2026/04/15-06:43:30.014550,1,2,2,1,1,,164903564,LevelMaxLevelSize
baseline_run1,baseline,2026/04/15-06:43:30.014561,1,2,2,1,1,,233427835,LevelMaxLevelSize
baseline_run1,baseline,2026/04/15-06:43:30.014568,1,2,2,1,1,,152245692,LevelMaxLevelSize
baseline_run1,baseline,2026/04/15-06:43:30.014569,1,2,2,1,1,,111670175,LevelMaxLevelSize
baseline_run1,baseline,2026/04/15-06:43:30.014575,1,2,3,1,2,,189774583,LevelMaxLevelSize
baseline_run1,baseline,2026/04/15-06:43:30.014578,1,2,2,1,1,,110472119,LevelMaxLevelSize
baseline_run1,baseline,2026/04/15-06:43:30.227189,2,3,2,1,1,,100472745,LevelMaxLevelSize
baseline_run1,baseline,2026/04/15-06:43:30.227213,2,3,2,1,1,,106894826,LevelMaxLevelSize
baseline_run1,baseline,2026/04/15-06:43:30.256846,2,3,4,1,3,,272991911,LevelMaxLevelSize
baseline_run1,baseline,2026/04/15-06:43:30.256849,2,3,3,1,2,,120716747,LevelMaxLevelSize
baseline_run1,baseline,2026/04/15-06:43:30.258090,0,1,4,4,0,,263104016,LevelL0FilesNum
baseline_run1,baseline,2026/04/15-06:43:30.293350,2,3,2,1,1,,61011506,LevelMaxLevelSize
baseline_run1,baseline,2026/04/15-06:43:30.293349,2,3,3,1,2,,201559508,LevelMaxLevelSize
baseline_run1,baseline,2026/04/15-06:43:30.293350,2,3,6,1,5,,363596203,LevelMaxLevelSize
baseline_run1,baseline,2026/04/15-06:43:30.293358,2,3,2,1,1,,68004236,LevelMaxLevelSize
baseline_run1,baseline,2026/04/15-06:43:30.293372,2,3,4,1,3,,258380581,LevelMaxLevelSize
baseline_run1,baseline,2026/04/15-06:43:30.294542,2,3,8,1,7,,458040502,LevelMaxLevelSize
baseline_run1,baseline,2026/04/15-06:43:30.294546,2,3,3,1,2,,181932184,LevelMaxLevelSize
baseline_run1,baseline,2026/04/15-06:43:30.299225,2,3,5,1,4,,305812897,LevelMaxLevelSize
baseline_run1,baseline,2026/04/15-06:43:30.299226,2,3,6,1,5,,353540101,LevelMaxLevelSize
baseline_run1,baseline,2026/04/15-06:43:30.319440,2,3,3,1,2,,109468376,LevelMaxLevelSize
baseline_run1,baseline,2026/04/15-06:43:30.319440,2,3,3,1,2,,202514206,LevelMaxLevelSize
baseline_run1,baseline,2026/04/15-06:43:30.319440,2,3,3,1,2,,208206379,LevelMaxLevelSize
baseline_run1,baseline,2026/04/15-06:43:30.320830,2,3,6,2,4,,309350406,LevelMaxLevelSize
baseline_run1,baseline,2026/04/15-06:43:30.320837,2,3,6,1,5,,378213524,LevelMaxLevelSize
baseline_run1,baseline,2026/04/15-06:43:30.320847,2,3,6,1,5,,314581654,LevelMaxLevelSize
baseline_run1,baseline,2026/04/15-06:43:30.329533,2,3,3,1,2,,164896310,LevelMaxLevelSize
baseline_run1,baseline,2026/04/15-06:43:30.329538,2,3,3,1,2,,158705512,LevelMaxLevelSize
baseline_run1,baseline,2026/04/15-06:43:30.329639,2,3,4,1,3,,231306471,LevelMaxLevelSize
baseline_run1,baseline,2026/04/15-06:43:30.330700,2,3,5,1,4,,248475995,LevelMaxLevelSize
baseline_run1,baseline,2026/04/15-06:43:30.330790,2,3,7,1,6,,362172285,LevelMaxLevelSize
baseline_run1,baseline,2026/04/15-06:43:30.376106,2,3,3,1,2,,175826665,LevelMaxLevelSize
baseline_run1,baseline,2026/04/15-06:43:30.376135,2,3,5,1,4,,285479751,LevelMaxLevelSize
baseline_run1,baseline,2026/04/15-06:43:30.376143,2,3,7,1,6,,384161733,LevelMaxLevelSize
baseline_run1,baseline,2026/04/15-06:43:30.411207,2,3,2,1,1,,83139573,LevelMaxLevelSize
baseline_run1,baseline,2026/04/15-06:43:30.411306,2,3,3,1,2,,199810767,LevelMaxLevelSize
baseline_run1,baseline,2026/04/15-06:43:30.411758,2,3,2,1,1,,119090289,LevelMaxLevelSize
baseline_run1,baseline,2026/04/15-06:43:30.411792,2,3,3,1,2,,183620844,LevelMaxLevelSize
baseline_run1,baseline,2026/04/15-06:43:30.471670,2,3,5,1,4,,343654185,LevelMaxLevelSize
baseline_run1,baseline,2026/04/15-06:43:30.471733,2,3,3,1,2,,32316941,LevelMaxLevelSize
baseline_run1,baseline,2026/04/15-06:43:30.471932,2,3,5,1,4,,344998007,LevelMaxLevelSize
baseline_run1,baseline,2026/04/15-06:43:30.471947,2,3,3,1,2,,157744996,LevelMaxLevelSize
baseline_run1,baseline,2026/04/15-06:43:30.471952,2,3,7,1,6,,404016185,LevelMaxLevelSize
baseline_run1,baseline,2026/04/15-06:43:30.714273,0,1,4,4,0,,263114170,LevelL0FilesNum
baseline_run1,baseline,2026/04/15-06:43:31.121191,3,4,2,1,1,,111132726,LevelMaxLevelSize
baseline_run1,baseline,2026/04/15-06:43:31.121191,3,4,2,1,1,,110905185,LevelMaxLevelSize
baseline_run1,baseline,2026/04/15-06:43:31.121347,3,4,2,1,1,,110719208,LevelMaxLevelSize
baseline_run1,baseline,2026/04/15-06:43:31.121351,3,4,2,1,1,,110853211,LevelMaxLevelSize
baseline_run1,baseline,2026/04/15-06:43:31.121413,3,4,2,1,1,,85022822,LevelMaxLevelSize
baseline_run1,baseline,2026/04/15-06:43:31.121542,3,4,2,1,1,,109458815,LevelMaxLevelSize
baseline_run1,baseline,2026/04/15-06:43:31.121549,3,4,3,1,2,,177302466,LevelMaxLevelSize
baseline_run1,baseline,2026/04/15-06:43:31.125145,3,4,3,1,2,,208729566,LevelMaxLevelSize
baseline_run1,baseline,2026/04/15-06:43:31.125148,3,4,2,1,1,,107686379,LevelMaxLevelSize
baseline_run1,baseline,2026/04/15-06:43:31.125232,3,4,3,1,2,,186376840,LevelMaxLevelSize
baseline_run1,baseline,2026/04/15-06:43:31.125235,3,4,3,1,2,,176065992,LevelMaxLevelSize
baseline_run1,baseline,2026/04/15-06:43:31.125242,3,4,3,1,2,,143281815,LevelMaxLevelSize
baseline_run1,baseline,2026/04/15-06:43:31.129623,3,4,2,1,1,,110722341,LevelMaxLevelSize
baseline_run1,baseline,2026/04/15-06:43:31.129852,3,4,3,1,2,,188488994,LevelMaxLevelSize
baseline_run1,baseline,2026/04/15-06:43:31.129854,3,4,3,1,2,,196975865,LevelMaxLevelSize
baseline_run1,baseline,2026/04/15-06:43:31.130009,3,4,3,1,2,,197671919,LevelMaxLevelSize
baseline_run1,baseline,2026/04/15-06:43:31.130019,3,4,2,1,1,,105943031,LevelMaxLevelSize
baseline_run1,baseline,2026/04/15-06:43:31.130020,3,4,3,1,2,,176879493,LevelMaxLevelSize
baseline_run1,baseline,2026/04/15-06:43:31.136075,0,1,4,4,0,,263100339,LevelL0FilesNum
baseline_run1,baseline,2026/04/15-06:43:31.177748,3,4,3,1,2,,118986048,LevelMaxLevelSize
baseline_run1,baseline,2026/04/15-06:43:31.177921,3,4,3,1,2,,166229959,LevelMaxLevelSize
baseline_run1,baseline,2026/04/15-06:43:31.177921,3,4,3,1,2,,190194234,LevelMaxLevelSize
baseline_run1,baseline,2026/04/15-06:43:31.178046,3,4,4,1,3,,206362526,LevelMaxLevelSize
baseline_run1,baseline,2026/04/15-06:43:31.178220,3,4,3,1,2,,183705585,LevelMaxLevelSize
baseline_run1,baseline,2026/04/15-06:43:31.178226,3,4,4,1,3,,212529068,LevelMaxLevelSize
baseline_run1,baseline,2026/04/15-06:43:31.178229,3,4,4,1,3,,212308036,LevelMaxLevelSize
baseline_run1,baseline,2026/04/15-06:43:31.252853,3,4,4,1,3,,214382397,LevelMaxLevelSize
baseline_run1,baseline,2026/04/15-06:43:31.252859,3,4,3,1,2,,198135091,LevelMaxLevelSize
baseline_run1,baseline,2026/04/15-06:43:31.252860,3,4,3,1,2,,197355903,LevelMaxLevelSize
baseline_run1,baseline,2026/04/15-06:43:31.253002,3,4,3,1,2,,199472263,LevelMaxLevelSize
baseline_run1,baseline,2026/04/15-06:43:31.253004,3,4,2,1,1,,57535282,LevelMaxLevelSize
baseline_run1,baseline,2026/04/15-06:43:31.253124,3,4,3,1,2,,188694879,LevelMaxLevelSize
baseline_run1,baseline,2026/04/15-06:43:31.583556,0,1,4,4,0,,263111131,LevelL0FilesNum
baseline_run1,baseline,2026/04/15-06:43:31.954428,0,1,32,9,23,,4823556090,LevelL0FilesNum
baseline_run1,baseline,2026/04/15-06:43:32.282807,0,1,4,4,0,,263106953,LevelL0FilesNum
baseline_run1,baseline,2026/04/15-06:43:32.674537,0,1,4,4,0,,263102577,LevelL0FilesNum
baseline_run1,baseline,2026/04/15-06:43:33.070937,0,1,4,4,0,,263117979,LevelL0FilesNum
baseline_run1,baseline,2026/04/15-06:43:33.468669,0,1,4,4,0,,263116264,LevelL0FilesNum
baseline_run1,baseline,2026/04/15-06:43:33.874242,0,1,4,4,0,,263105930,LevelL0FilesNum
baseline_run1,baseline,2026/04/15-06:43:34.349670,0,1,4,4,0,,263104625,LevelL0FilesNum
baseline_run1,baseline,2026/04/15-06:43:34.926469,0,1,4,4,0,,263106764,LevelL0FilesNum
baseline_run1,baseline,2026/04/15-06:43:35.294213,0,1,6,6,0,,1577944095,LevelL0FilesNum
baseline_run1,baseline,2026/04/15-06:43:39.196254,1,2,3,2,1,,251003346,LevelMaxLevelSize
baseline_run1,baseline,2026/04/15-06:43:39.196260,1,2,2,1,1,,169302144,LevelMaxLevelSize
baseline_run1,baseline,2026/04/15-06:43:39.196281,1,2,2,1,1,,97207705,LevelMaxLevelSize
baseline_run1,baseline,2026/04/15-06:43:39.196303,1,2,2,1,1,,197498483,LevelMaxLevelSize
baseline_run1,baseline,2026/04/15-06:43:39.196312,1,2,2,1,1,,137575778,LevelMaxLevelSize
baseline_run1,baseline,2026/04/15-06:43:39.196318,1,2,3,1,2,,166747231,LevelMaxLevelSize
baseline_run1,baseline,2026/04/15-06:43:39.196338,1,2,2,1,1,,197923502,LevelMaxLevelSize
baseline_run1,baseline,2026/04/15-06:43:39.196684,1,2,2,1,1,,142233642,LevelMaxLevelSize
baseline_run1,baseline,2026/04/15-06:43:39.196982,1,2,3,1,2,,232156175,LevelMaxLevelSize
baseline_run1,baseline,2026/04/15-06:43:39.197100,1,2,2,1,1,,171489095,LevelMaxLevelSize
baseline_run1,baseline,2026/04/15-06:43:39.197115,1,2,2,1,1,,136598889,LevelMaxLevelSize
baseline_run1,baseline,2026/04/15-06:43:39.197121,1,2,2,1,1,,84560240,LevelMaxLevelSize
baseline_run1,baseline,2026/04/15-06:43:39.197126,1,2,2,1,1,,152280388,LevelMaxLevelSize
baseline_run1,baseline,2026/04/15-06:43:39.197133,1,2,3,2,1,,336646976,LevelMaxLevelSize
baseline_run1,baseline,2026/04/15-06:43:39.198257,1,2,2,1,1,,149940906,LevelMaxLevelSize
baseline_run1,baseline,2026/04/15-06:43:39.202295,2,3,4,1,3,,277449870,LevelMaxLevelSize
baseline_run1,baseline,2026/04/15-06:43:39.202537,2,3,8,1,7,,599857601,LevelMaxLevelSize
baseline_run1,baseline,2026/04/15-06:43:39.202545,2,3,5,1,4,,335402146,LevelMaxLevelSize
baseline_run1,baseline,2026/04/15-06:43:39.202564,2,3,9,1,8,,613506941,LevelMaxLevelSize
baseline_run1,baseline,2026/04/15-06:43:39.391058,2,3,2,1,1,,108327825,LevelMaxLevelSize
baseline_run1,baseline,2026/04/15-06:43:39.391061,2,3,2,1,1,,149158501,LevelMaxLevelSize
baseline_run1,baseline,2026/04/15-06:43:39.459840,2,3,6,1,5,,336789918,LevelMaxLevelSize
baseline_run1,baseline,2026/04/15-06:43:39.459842,2,3,6,1,5,,368855139,LevelMaxLevelSize
baseline_run1,baseline,2026/04/15-06:43:39.461569,2,3,2,1,1,,78590365,LevelMaxLevelSize
baseline_run1,baseline,2026/04/15-06:43:39.461569,2,3,4,1,3,,234451567,LevelMaxLevelSize
baseline_run1,baseline,2026/04/15-06:43:39.461676,2,3,4,1,3,,231515636,LevelMaxLevelSize
baseline_run1,baseline,2026/04/15-06:43:39.470117,2,3,4,1,3,,264610976,LevelMaxLevelSize
baseline_run1,baseline,2026/04/15-06:43:39.470123,2,3,5,1,4,,291219543,LevelMaxLevelSize
baseline_run1,baseline,2026/04/15-06:43:39.486464,2,3,5,1,4,,351173723,LevelMaxLevelSize
baseline_run1,baseline,2026/04/15-06:43:39.486470,2,3,2,1,1,,82324913,LevelMaxLevelSize
baseline_run1,baseline,2026/04/15-06:43:39.486471,2,3,5,1,4,,291736090,LevelMaxLevelSize
baseline_run1,baseline,2026/04/15-06:43:39.490582,2,3,5,1,4,,402414558,LevelMaxLevelSize
baseline_run1,baseline,2026/04/15-06:43:39.490583,2,3,4,1,3,,229981164,LevelMaxLevelSize
baseline_run1,baseline,2026/04/15-06:43:39.517749,2,3,6,1,5,,386681511,LevelMaxLevelSize
baseline_run1,baseline,2026/04/15-06:43:39.517753,2,3,7,1,6,,412753593,LevelMaxLevelSize
baseline_run1,baseline,2026/04/15-06:43:39.517756,2,3,5,1,4,,287015034,LevelMaxLevelSize
baseline_run1,baseline,2026/04/15-06:43:39.527029,2,3,3,1,2,,129661894,LevelMaxLevelSize
baseline_run1,baseline,2026/04/15-06:43:39.527160,2,3,3,1,2,,194950038,LevelMaxLevelSize
baseline_run1,baseline,2026/04/15-06:43:39.527165,2,3,3,1,2,,176915042,LevelMaxLevelSize
baseline_run1,baseline,2026/04/15-06:43:39.528711,2,3,5,1,4,,274815490,LevelMaxLevelSize
baseline_run1,baseline,2026/04/15-06:43:39.528736,2,3,6,1,5,,367952940,LevelMaxLevelSize
baseline_run1,baseline,2026/04/15-06:43:39.589790,2,3,4,1,3,,283979977,LevelMaxLevelSize
baseline_run1,baseline,2026/04/15-06:43:39.589801,2,3,3,1,2,,206719023,LevelMaxLevelSize
baseline_run1,baseline,2026/04/15-06:43:39.589806,2,3,3,1,2,,183191591,LevelMaxLevelSize
baseline_run1,baseline,2026/04/15-06:43:39.591141,2,3,3,1,2,,181921608,LevelMaxLevelSize
baseline_run1,baseline,2026/04/15-06:43:39.591282,2,3,5,1,4,,321701247,LevelMaxLevelSize
baseline_run1,baseline,2026/04/15-06:43:39.591284,2,3,4,1,3,,226922799,LevelMaxLevelSize
baseline_run1,baseline,2026/04/15-06:43:39.612563,0,1,4,4,0,,263126484,LevelL0FilesNum
baseline_run1,baseline,2026/04/15-06:43:39.666781,2,3,5,1,4,,262713206,LevelMaxLevelSize
baseline_run1,baseline,2026/04/15-06:43:39.666788,2,3,5,1,4,,374254407,LevelMaxLevelSize
baseline_run1,baseline,2026/04/15-06:43:39.666847,2,3,3,1,2,,150886264,LevelMaxLevelSize
baseline_run1,baseline,2026/04/15-06:43:39.680509,2,3,7,1,6,,419538389,LevelMaxLevelSize
baseline_run1,baseline,2026/04/15-06:43:39.723831,2,3,3,1,2,,201262027,LevelMaxLevelSize
baseline_run1,baseline,2026/04/15-06:43:39.723839,2,3,2,1,1,,115873139,LevelMaxLevelSize
baseline_run1,baseline,2026/04/15-06:43:39.783035,2,3,3,1,2,,203006931,LevelMaxLevelSize
baseline_run1,baseline,2026/04/15-06:43:39.836503,2,3,6,1,5,,502553056,LevelMaxLevelSize
baseline_run1,baseline,2026/04/15-06:43:39.936447,2,3,2,1,1,,79894028,LevelMaxLevelSize
baseline_run1,baseline,2026/04/15-06:43:39.936543,2,3,3,1,2,,164606477,LevelMaxLevelSize
baseline_run1,baseline,2026/04/15-06:43:39.949013,2,3,4,1,3,,256854266,LevelMaxLevelSize
baseline_run1,baseline,2026/04/15-06:43:40.003035,2,3,5,1,4,,285121729,LevelMaxLevelSize
baseline_run1,baseline,2026/04/15-06:43:40.102913,0,1,4,4,0,,263103716,LevelL0FilesNum
baseline_run1,baseline,2026/04/15-06:43:40.443360,3,4,2,1,1,,142630820,LevelMaxLevelSize
baseline_run1,baseline,2026/04/15-06:43:40.443443,3,4,2,1,1,,119425868,LevelMaxLevelSize
baseline_run1,baseline,2026/04/15-06:43:40.443449,3,4,3,1,2,,237264662,LevelMaxLevelSize
baseline_run1,baseline,2026/04/15-06:43:40.453329,3,4,3,1,2,,166966529,LevelMaxLevelSize
baseline_run1,baseline,2026/04/15-06:43:40.453334,3,4,2,1,1,,109066027,LevelMaxLevelSize
baseline_run1,baseline,2026/04/15-06:43:40.453473,3,4,2,1,1,,112905158,LevelMaxLevelSize
baseline_run1,baseline,2026/04/15-06:43:40.453490,3,4,3,1,2,,204962356,LevelMaxLevelSize
baseline_run1,baseline,2026/04/15-06:43:40.453492,3,4,3,1,2,,195043105,LevelMaxLevelSize
baseline_run1,baseline,2026/04/15-06:43:40.453501,3,4,2,1,1,,109499392,LevelMaxLevelSize
baseline_run1,baseline,2026/04/15-06:43:40.453503,3,4,4,1,3,,262848189,LevelMaxLevelSize
baseline_run1,baseline,2026/04/15-06:43:40.453513,3,4,3,1,2,,159814192,LevelMaxLevelSize
baseline_run1,baseline,2026/04/15-06:43:40.453517,3,4,3,1,2,,203664705,LevelMaxLevelSize
baseline_run1,baseline,2026/04/15-06:43:40.464705,3,4,4,1,3,,211079455,LevelMaxLevelSize
baseline_run1,baseline,2026/04/15-06:43:40.464935,3,4,3,1,2,,204925933,LevelMaxLevelSize
baseline_run1,baseline,2026/04/15-06:43:40.464939,3,4,3,1,2,,189634249,LevelMaxLevelSize
baseline_run1,baseline,2026/04/15-06:43:40.464941,3,4,2,1,1,,104284561,LevelMaxLevelSize
baseline_run1,baseline,2026/04/15-06:43:40.464945,3,4,3,1,2,,141808560,LevelMaxLevelSize
baseline_run1,baseline,2026/04/15-06:43:40.464968,3,4,3,1,2,,189888686,LevelMaxLevelSize
baseline_run1,baseline,2026/04/15-06:43:40.464969,3,4,4,1,3,,231021903,LevelMaxLevelSize
baseline_run1,baseline,2026/04/15-06:43:40.465420,3,4,3,1,2,,173928030,LevelMaxLevelSize
baseline_run1,baseline,2026/04/15-06:43:40.465611,3,4,3,1,2,,196578589,LevelMaxLevelSize
baseline_run1,baseline,2026/04/15-06:43:40.465613,3,4,3,1,2,,202891747,LevelMaxLevelSize
baseline_run1,baseline,2026/04/15-06:43:40.537813,0,1,4,4,0,,263119598,LevelL0FilesNum
baseline_run1,baseline,2026/04/15-06:43:40.547592,3,4,4,1,3,,245414025,LevelMaxLevelSize
baseline_run1,baseline,2026/04/15-06:43:40.547698,3,4,3,1,2,,190058976,LevelMaxLevelSize
baseline_run1,baseline,2026/04/15-06:43:40.547704,3,4,3,1,2,,189838866,LevelMaxLevelSize
baseline_run1,baseline,2026/04/15-06:43:40.547836,3,4,3,1,2,,189058577,LevelMaxLevelSize
baseline_run1,baseline,2026/04/15-06:43:40.547840,3,4,3,1,2,,203755015,LevelMaxLevelSize
baseline_run1,baseline,2026/04/15-06:43:40.550620,3,4,3,1,2,,202838612,LevelMaxLevelSize
baseline_run1,baseline,2026/04/15-06:43:40.550628,3,4,3,1,2,,177055040,LevelMaxLevelSize
baseline_run1,baseline,2026/04/15-06:43:40.550632,3,4,2,1,1,,99074064,LevelMaxLevelSize
baseline_run1,baseline,2026/04/15-06:43:40.550757,3,4,3,1,2,,168206085,LevelMaxLevelSize
baseline_run1,baseline,2026/04/15-06:43:40.550764,3,4,4,1,3,,201905348,LevelMaxLevelSize
baseline_run1,baseline,2026/04/15-06:43:40.864143,3,4,2,1,1,,109790318,LevelMaxLevelSize
baseline_run1,baseline,2026/04/15-06:43:40.865044,3,4,3,1,2,,183577888,LevelMaxLevelSize
baseline_run1,baseline,2026/04/15-06:43:40.865047,3,4,5,1,4,,270988453,LevelMaxLevelSize
baseline_run1,baseline,2026/04/15-06:43:40.865052,3,4,3,1,2,,203051959,LevelMaxLevelSize
baseline_run1,baseline,2026/04/15-06:43:40.865060,3,4,2,1,1,,103657255,LevelMaxLevelSize
baseline_run1,baseline,2026/04/15-06:43:40.865082,3,4,5,1,4,,331147056,LevelMaxLevelSize
baseline_run1,baseline,2026/04/15-06:43:40.865083,3,4,5,1,4,,326191194,LevelMaxLevelSize
baseline_run1,baseline,2026/04/15-06:43:40.999985,0,1,4,4,0,,263099867,LevelL0FilesNum
baseline_run1,baseline,2026/04/15-06:43:41.393120,0,1,35,9,26,,4909629721,LevelL0FilesNum
baseline_run1,baseline,2026/04/15-06:43:41.732703,0,1,4,4,0,,263107688,LevelL0FilesNum
baseline_run1,baseline,2026/04/15-06:43:42.141346,0,1,4,4,0,,263099627,LevelL0FilesNum
baseline_run1,baseline,2026/04/15-06:43:42.558378,0,1,4,4,0,,263088487,LevelL0FilesNum
baseline_run1,baseline,2026/04/15-06:43:42.968188,0,1,4,4,0,,263119243,LevelL0FilesNum
baseline_run1,baseline,2026/04/15-06:43:43.371547,0,1,4,4,0,,263114313,LevelL0FilesNum
baseline_run1,baseline,2026/04/15-06:43:43.843334,0,1,4,4,0,,263094438,LevelL0FilesNum
baseline_run1,baseline,2026/04/15-06:43:48.539895,1,2,2,1,1,,59845695,LevelMaxLevelSize
baseline_run1,baseline,2026/04/15-06:43:48.539910,1,2,5,2,3,,276732845,LevelMaxLevelSize
baseline_run1,baseline,2026/04/15-06:43:48.539911,1,2,3,2,1,,315172780,LevelMaxLevelSize
baseline_run1,baseline,2026/04/15-06:43:48.539914,1,2,2,1,1,,207943684,LevelMaxLevelSize
baseline_run1,baseline,2026/04/15-06:43:48.540378,1,2,2,1,1,,120550527,LevelMaxLevelSize
baseline_run1,baseline,2026/04/15-06:43:48.540387,1,2,2,1,1,,187142558,LevelMaxLevelSize
baseline_run1,baseline,2026/04/15-06:43:48.540392,1,2,2,1,1,,101175524,LevelMaxLevelSize
baseline_run1,baseline,2026/04/15-06:43:48.540413,1,2,2,1,1,,47712248,LevelMaxLevelSize
baseline_run1,baseline,2026/04/15-06:43:48.540414,1,2,2,1,1,,121960528,LevelMaxLevelSize
baseline_run1,baseline,2026/04/15-06:43:48.540416,1,2,2,1,1,,147188629,LevelMaxLevelSize
baseline_run1,baseline,2026/04/15-06:43:48.540651,1,2,2,1,1,,173262310,LevelMaxLevelSize
baseline_run1,baseline,2026/04/15-06:43:48.540655,1,2,2,1,1,,85417215,LevelMaxLevelSize
baseline_run1,baseline,2026/04/15-06:43:48.540662,1,2,2,1,1,,118910814,LevelMaxLevelSize
baseline_run1,baseline,2026/04/15-06:43:48.541027,1,2,3,1,2,,189752775,LevelMaxLevelSize
baseline_run1,baseline,2026/04/15-06:43:48.541130,1,2,3,2,1,,358532959,LevelMaxLevelSize
baseline_run1,baseline,2026/04/15-06:43:48.541132,1,2,4,2,2,,312207485,LevelMaxLevelSize
baseline_run1,baseline,2026/04/15-06:43:48.541144,1,2,2,1,1,,175070950,LevelMaxLevelSize
baseline_run1,baseline,2026/04/15-06:43:48.541150,1,2,2,1,1,,154215471,LevelMaxLevelSize
baseline_run1,baseline,2026/04/15-06:43:48.541151,1,2,2,1,1,,152375655,LevelMaxLevelSize
baseline_run1,baseline,2026/04/15-06:43:48.541364,1,2,2,1,1,,166426279,LevelMaxLevelSize
baseline_run1,baseline,2026/04/15-06:43:48.541395,1,2,2,1,1,,147398947,LevelMaxLevelSize
baseline_run1,baseline,2026/04/15-06:43:48.724142,0,1,4,4,0,,263111831,LevelL0FilesNum
baseline_run1,baseline,2026/04/15-06:43:48.724312,1,2,2,1,1,,129388897,LevelMaxLevelSize
baseline_run1,baseline,2026/04/15-06:43:48.724314,1,2,2,1,1,,136141759,LevelMaxLevelSize
baseline_run1,baseline,2026/04/15-06:43:48.724320,1,2,2,1,1,,208729066,LevelMaxLevelSize
baseline_run1,baseline,2026/04/15-06:43:48.822763,2,3,2,1,1,,117097197,LevelMaxLevelSize
baseline_run1,baseline,2026/04/15-06:43:48.822772,2,3,2,1,1,,112901887,LevelMaxLevelSize
baseline_run1,baseline,2026/04/15-06:43:48.825388,2,3,2,1,1,,112917038,LevelMaxLevelSize
baseline_run1,baseline,2026/04/15-06:43:48.825574,2,3,2,1,1,,108333168,LevelMaxLevelSize
baseline_run1,baseline,2026/04/15-06:43:48.825576,2,3,3,1,2,,187205446,LevelMaxLevelSize
baseline_run1,baseline,2026/04/15-06:43:48.825580,2,3,2,1,1,,6784,LevelMaxLevelSize
baseline_run1,baseline,2026/04/15-06:43:48.838447,2,3,4,1,3,,256650517,LevelMaxLevelSize
baseline_run1,baseline,2026/04/15-06:43:48.838452,2,3,3,1,2,,167139828,LevelMaxLevelSize
baseline_run1,baseline,2026/04/15-06:43:48.838469,2,3,3,1,2,,181621478,LevelMaxLevelSize
baseline_run1,baseline,2026/04/15-06:43:48.844161,2,3,3,1,2,,187658451,LevelMaxLevelSize
baseline_run1,baseline,2026/04/15-06:43:48.844237,2,3,5,1,4,,403366420,LevelMaxLevelSize
baseline_run1,baseline,2026/04/15-06:43:48.863922,2,3,3,1,2,,250931020,LevelMaxLevelSize
baseline_run1,baseline,2026/04/15-06:43:48.863947,2,3,6,1,5,,402664392,LevelMaxLevelSize
baseline_run1,baseline,2026/04/15-06:43:48.873382,2,3,3,1,2,,155671794,LevelMaxLevelSize
baseline_run1,baseline,2026/04/15-06:43:48.873388,2,3,3,1,2,,203061632,LevelMaxLevelSize
baseline_run1,baseline,2026/04/15-06:43:48.879047,2,3,3,1,2,,183659000,LevelMaxLevelSize
baseline_run1,baseline,2026/04/15-06:43:48.879247,2,3,3,1,2,,193460568,LevelMaxLevelSize
baseline_run1,baseline,2026/04/15-06:43:48.879248,2,3,5,1,4,,272055092,LevelMaxLevelSize
baseline_run1,baseline,2026/04/15-06:43:48.904089,2,3,3,1,2,,197020900,LevelMaxLevelSize
baseline_run1,baseline,2026/04/15-06:43:48.904094,2,3,4,1,3,,248593720,LevelMaxLevelSize
baseline_run1,baseline,2026/04/15-06:43:48.904183,2,3,4,1,3,,231652702,LevelMaxLevelSize
baseline_run1,baseline,2026/04/15-06:43:48.922385,2,3,3,1,2,,182471897,LevelMaxLevelSize
baseline_run1,baseline,2026/04/15-06:43:48.922487,2,3,3,1,2,,162517227,LevelMaxLevelSize
baseline_run1,baseline,2026/04/15-06:43:48.922502,2,3,6,1,5,,322657504,LevelMaxLevelSize
baseline_run1,baseline,2026/04/15-06:43:48.940289,2,3,5,1,4,,346027632,LevelMaxLevelSize
baseline_run1,baseline,2026/04/15-06:43:48.940295,2,3,2,1,1,,84179642,LevelMaxLevelSize
baseline_run1,baseline,2026/04/15-06:43:48.940303,2,3,5,1,4,,298419398,LevelMaxLevelSize
baseline_run1,baseline,2026/04/15-06:43:48.940350,2,3,4,1,3,,232714234,LevelMaxLevelSize
baseline_run1,baseline,2026/04/15-06:43:48.940352,2,3,6,1,5,,393037580,LevelMaxLevelSize
baseline_run1,baseline,2026/04/15-06:43:48.996690,2,3,3,1,2,,188705561,LevelMaxLevelSize
baseline_run1,baseline,2026/04/15-06:43:49.017814,2,3,4,1,3,,206293918,LevelMaxLevelSize
baseline_run1,baseline,2026/04/15-06:43:49.075390,2,3,3,1,2,,187300609,LevelMaxLevelSize
baseline_run1,baseline,2026/04/15-06:43:49.088017,2,3,4,1,3,,264572554,LevelMaxLevelSize
baseline_run1,baseline,2026/04/15-06:43:49.123113,2,3,2,1,1,,55948402,LevelMaxLevelSize
baseline_run1,baseline,2026/04/15-06:43:49.123119,2,3,3,1,2,,154549515,LevelMaxLevelSize
baseline_run1,baseline,2026/04/15-06:43:49.123122,2,3,2,1,1,,127794052,LevelMaxLevelSize
baseline_run1,baseline,2026/04/15-06:43:49.158073,2,3,3,1,2,,197161823,LevelMaxLevelSize
baseline_run1,baseline,2026/04/15-06:43:49.198682,2,3,4,1,3,,253141863,LevelMaxLevelSize
baseline_run1,baseline,2026/04/15-06:43:49.206075,0,1,4,4,0,,263102667,LevelL0FilesNum
baseline_run1,baseline,2026/04/15-06:43:49.208921,2,3,2,1,1,,122036453,LevelMaxLevelSize
baseline_run1,baseline,2026/04/15-06:43:49.230624,2,3,2,1,1,,108977176,LevelMaxLevelSize
baseline_run1,baseline,2026/04/15-06:43:49.252495,2,3,2,1,1,,127806078,LevelMaxLevelSize
baseline_run1,baseline,2026/04/15-06:43:49.254831,2,3,3,1,2,,206589926,LevelMaxLevelSize
baseline_run1,baseline,2026/04/15-06:43:49.261395,2,3,3,1,2,,163491610,LevelMaxLevelSize
baseline_run1,baseline,2026/04/15-06:43:49.283581,2,3,4,1,3,,228529739,LevelMaxLevelSize
baseline_run1,baseline,2026/04/15-06:43:49.291211,2,3,4,1,3,,243660697,LevelMaxLevelSize
baseline_run1,baseline,2026/04/15-06:43:49.307868,2,3,4,1,3,,249140816,LevelMaxLevelSize
baseline_run1,baseline,2026/04/15-06:43:49.319582,2,3,2,1,1,,83453872,LevelMaxLevelSize
baseline_run1,baseline,2026/04/15-06:43:49.323794,2,3,2,1,1,,153865900,LevelMaxLevelSize
baseline_run1,baseline,2026/04/15-06:43:49.329739,2,3,2,1,1,,134662591,LevelMaxLevelSize
baseline_run1,baseline,2026/04/15-06:43:49.343125,2,3,3,1,2,,182153646,LevelMaxLevelSize
baseline_run1,baseline,2026/04/15-06:43:49.358669,2,3,3,1,2,,200461651,LevelMaxLevelSize
baseline_run1,baseline,2026/04/15-06:43:49.362325,2,3,6,1,5,,343605348,LevelMaxLevelSize
baseline_run1,baseline,2026/04/15-06:43:49.392326,2,3,5,1,4,,313420025,LevelMaxLevelSize
baseline_run1,baseline,2026/04/15-06:43:49.441349,2,3,4,1,3,,229428400,LevelMaxLevelSize
baseline_run1,baseline,2026/04/15-06:43:49.446344,2,3,5,1,4,,305678082,LevelMaxLevelSize
baseline_run1,baseline,2026/04/15-06:43:49.450462,2,3,3,1,2,,101633290,LevelMaxLevelSize
baseline_run1,baseline,2026/04/15-06:43:49.466489,2,3,5,1,4,,344304859,LevelMaxLevelSize
baseline_run1,baseline,2026/04/15-06:43:49.474637,2,3,3,1,2,,275957936,LevelMaxLevelSize
baseline_run1,baseline,2026/04/15-06:43:49.489580,2,3,6,1,5,,408774257,LevelMaxLevelSize
baseline_run1,baseline,2026/04/15-06:43:49.666374,0,1,4,4,0,,263100728,LevelL0FilesNum
baseline_run1,baseline,2026/04/15-06:43:49.817306,3,4,3,1,2,,134191745,LevelMaxLevelSize
baseline_run1,baseline,2026/04/15-06:43:49.817307,3,4,2,1,1,,121172413,LevelMaxLevelSize
baseline_run1,baseline,2026/04/15-06:43:49.817306,3,4,3,1,2,,125945109,LevelMaxLevelSize
baseline_run1,baseline,2026/04/15-06:43:49.817312,3,4,3,1,2,,161033745,LevelMaxLevelSize
baseline_run1,baseline,2026/04/15-06:43:49.818726,3,4,2,1,1,,111378833,LevelMaxLevelSize
baseline_run1,baseline,2026/04/15-06:43:49.818735,3,4,3,1,2,,181919795,LevelMaxLevelSize
baseline_run1,baseline,2026/04/15-06:43:49.818736,3,4,2,1,1,,109074408,LevelMaxLevelSize
baseline_run1,baseline,2026/04/15-06:43:49.818825,3,4,4,1,3,,234695856,LevelMaxLevelSize
baseline_run1,baseline,2026/04/15-06:43:49.818908,3,4,3,1,2,,192476776,LevelMaxLevelSize
baseline_run1,baseline,2026/04/15-06:43:49.818917,3,4,4,1,3,,221973265,LevelMaxLevelSize
baseline_run1,baseline,2026/04/15-06:43:49.831704,3,4,3,1,2,,206698549,LevelMaxLevelSize
baseline_run1,baseline,2026/04/15-06:43:49.831846,3,4,3,1,2,,192967311,LevelMaxLevelSize
baseline_run1,baseline,2026/04/15-06:43:49.831853,3,4,3,1,2,,192577650,LevelMaxLevelSize
baseline_run1,baseline,2026/04/15-06:43:49.901697,3,4,3,1,2,,142421406,LevelMaxLevelSize
baseline_run1,baseline,2026/04/15-06:43:49.901710,3,4,2,1,1,,87237980,LevelMaxLevelSize
baseline_run1,baseline,2026/04/15-06:43:49.901710,3,4,3,1,2,,206544703,LevelMaxLevelSize
baseline_run1,baseline,2026/04/15-06:43:49.901711,3,4,3,1,2,,153476254,LevelMaxLevelSize
baseline_run1,baseline,2026/04/15-06:43:49.901712,3,4,3,1,2,,157841075,LevelMaxLevelSize
baseline_run1,baseline,2026/04/15-06:43:50.024588,3,4,3,1,2,,187387747,LevelMaxLevelSize
baseline_run1,baseline,2026/04/15-06:43:50.024588,3,4,3,1,2,,182386185,LevelMaxLevelSize
baseline_run1,baseline,2026/04/15-06:43:50.024588,3,4,4,1,3,,235539517,LevelMaxLevelSize
baseline_run1,baseline,2026/04/15-06:43:50.037329,3,4,3,1,2,,200135176,LevelMaxLevelSize
baseline_run1,baseline,2026/04/15-06:43:50.037425,3,4,3,1,2,,186297027,LevelMaxLevelSize
baseline_run1,baseline,2026/04/15-06:43:50.037489,3,4,4,1,3,,211596069,LevelMaxLevelSize
baseline_run1,baseline,2026/04/15-06:43:50.037936,3,4,3,1,2,,161307121,LevelMaxLevelSize
baseline_run1,baseline,2026/04/15-06:43:50.037937,3,4,4,1,3,,217404734,LevelMaxLevelSize
baseline_run1,baseline,2026/04/15-06:43:50.065183,3,4,3,1,2,,179731396,LevelMaxLevelSize
baseline_run1,baseline,2026/04/15-06:43:50.065379,3,4,4,1,3,,228032734,LevelMaxLevelSize
baseline_run1,baseline,2026/04/15-06:43:50.065383,3,4,4,1,3,,225157949,LevelMaxLevelSize
baseline_run1,baseline,2026/04/15-06:43:50.065385,3,4,3,1,2,,146684437,LevelMaxLevelSize
baseline_run1,baseline,2026/04/15-06:43:50.065482,3,4,3,1,2,,177717842,LevelMaxLevelSize
baseline_run1,baseline,2026/04/15-06:43:50.066218,3,4,3,1,2,,204303646,LevelMaxLevelSize
baseline_run1,baseline,2026/04/15-06:43:50.066649,3,4,3,1,2,,185683777,LevelMaxLevelSize
baseline_run1,baseline,2026/04/15-06:43:50.066733,3,4,3,1,2,,182889894,LevelMaxLevelSize
baseline_run1,baseline,2026/04/15-06:43:50.066735,3,4,3,1,2,,192513931,LevelMaxLevelSize
baseline_run1,baseline,2026/04/15-06:43:50.067268,3,4,3,1,2,,173640740,LevelMaxLevelSize
baseline_run1,baseline,2026/04/15-06:43:50.106613,0,1,4,4,0,,263117253,LevelL0FilesNum
baseline_run1,baseline,2026/04/15-06:43:50.179156,3,4,3,1,2,,199248903,LevelMaxLevelSize
baseline_run1,baseline,2026/04/15-06:43:50.179238,3,4,3,1,2,,176656074,LevelMaxLevelSize
baseline_run1,baseline,2026/04/15-06:43:50.179242,3,4,3,1,2,,182799667,LevelMaxLevelSize
baseline_run1,baseline,2026/04/15-06:43:50.179471,3,4,2,1,1,,101884605,LevelMaxLevelSize
baseline_run1,baseline,2026/04/15-06:43:50.184066,3,4,4,1,3,,205169229,LevelMaxLevelSize
baseline_run1,baseline,2026/04/15-06:43:50.203428,3,4,4,1,3,,229997631,LevelMaxLevelSize
baseline_run1,baseline,2026/04/15-06:43:50.333158,3,4,3,1,2,,206417763,LevelMaxLevelSize
baseline_run1,baseline,2026/04/15-06:43:50.333307,3,4,3,1,2,,206322157,LevelMaxLevelSize
baseline_run1,baseline,2026/04/15-06:43:50.333829,3,4,4,1,3,,213118902,LevelMaxLevelSize
baseline_run1,baseline,2026/04/15-06:43:50.333977,3,4,3,1,2,,161016391,LevelMaxLevelSize
baseline_run1,baseline,2026/04/15-06:43:50.333981,3,4,6,1,5,,371283409,LevelMaxLevelSize
baseline_run1,baseline,2026/04/15-06:43:50.558385,0,1,4,4,0,,263085056,LevelL0FilesNum
baseline_run1,baseline,2026/04/15-06:43:50.940786,0,1,32,14,18,,4597012708,LevelL0FilesNum
baseline_run1,baseline,2026/04/15-06:43:51.260050,0,1,4,4,0,,263107861,LevelL0FilesNum
baseline_run1,baseline,2026/04/15-06:43:51.830008,0,1,4,4,0,,263099721,LevelL0FilesNum
baseline_run1,baseline,2026/04/15-06:43:52.506089,0,1,4,4,0,,263094529,LevelL0FilesNum
baseline_run1,baseline,2026/04/15-06:43:52.969993,0,1,4,4,0,,854767986,LevelL0FilesNum
baseline_run1,baseline,2026/04/15-06:43:54.327562,0,1,4,4,0,,263112995,LevelL0FilesNum
baseline_run1,baseline,2026/04/15-06:43:55.006674,0,1,4,4,0,,263111920,LevelL0FilesNum
baseline_run1,baseline,2026/04/15-06:43:57.748765,1,2,2,1,1,,97315102,LevelMaxLevelSize
baseline_run1,baseline,2026/04/15-06:43:57.748773,1,2,2,1,1,,60537812,LevelMaxLevelSize
baseline_run1,baseline,2026/04/15-06:43:57.748943,1,2,2,1,1,,61822784,LevelMaxLevelSize
baseline_run1,baseline,2026/04/15-06:43:57.748968,1,2,2,1,1,,195042956,LevelMaxLevelSize
baseline_run1,baseline,2026/04/15-06:43:57.749131,1,2,2,1,1,,159000971,LevelMaxLevelSize
baseline_run1,baseline,2026/04/15-06:43:57.749156,1,2,2,1,1,,220405037,LevelMaxLevelSize
baseline_run1,baseline,2026/04/15-06:43:57.749277,1,2,3,2,1,,308010049,LevelMaxLevelSize
baseline_run1,baseline,2026/04/15-06:43:57.749503,1,2,3,1,2,,169887724,LevelMaxLevelSize
baseline_run1,baseline,2026/04/15-06:43:57.749508,1,2,4,2,2,,295056908,LevelMaxLevelSize
baseline_run1,baseline,2026/04/15-06:43:57.749610,1,2,3,1,2,,221422673,LevelMaxLevelSize
baseline_run1,baseline,2026/04/15-06:43:57.749714,1,2,2,1,1,,115704520,LevelMaxLevelSize
baseline_run1,baseline,2026/04/15-06:43:57.749904,1,2,2,1,1,,213987705,LevelMaxLevelSize
baseline_run1,baseline,2026/04/15-06:43:57.750085,1,2,2,1,1,,157790888,LevelMaxLevelSize
baseline_run1,baseline,2026/04/15-06:43:57.751271,1,2,3,1,2,,140665167,LevelMaxLevelSize
baseline_run1,baseline,2026/04/15-06:43:57.751280,1,2,3,2,1,,334362050,LevelMaxLevelSize
baseline_run1,baseline,2026/04/15-06:43:57.751435,1,2,2,1,1,,127746709,LevelMaxLevelSize
baseline_run1,baseline,2026/04/15-06:43:57.751553,1,2,2,1,1,,100851535,LevelMaxLevelSize
baseline_run1,baseline,2026/04/15-06:43:57.751663,1,2,2,1,1,,88538616,LevelMaxLevelSize
baseline_run1,baseline,2026/04/15-06:43:57.751665,1,2,6,5,1,,763244733,LevelMaxLevelSize
baseline_run1,baseline,2026/04/15-06:43:57.791713,0,1,4,4,0,,263104623,LevelL0FilesNum
baseline_run1,baseline,2026/04/15-06:43:57.975667,2,3,2,1,1,,19764149,LevelMaxLevelSize
baseline_run1,baseline,2026/04/15-06:43:57.976201,2,3,2,1,1,,142686261,LevelMaxLevelSize
baseline_run1,baseline,2026/04/15-06:43:57.976221,2,3,4,1,3,,195237738,LevelMaxLevelSize
baseline_run1,baseline,2026/04/15-06:43:57.999563,2,3,4,1,3,,302906529,LevelMaxLevelSize
baseline_run1,baseline,2026/04/15-06:43:57.999668,2,3,6,1,5,,332201917,LevelMaxLevelSize
baseline_run1,baseline,2026/04/15-06:43:58.027985,2,3,3,1,2,,194213839,LevelMaxLevelSize
baseline_run1,baseline,2026/04/15-06:43:58.028001,2,3,3,1,2,,181820022,LevelMaxLevelSize
baseline_run1,baseline,2026/04/15-06:43:58.038561,2,3,3,1,2,,207198427,LevelMaxLevelSize
baseline_run1,baseline,2026/04/15-06:43:58.038648,2,3,4,1,3,,275067023,LevelMaxLevelSize
baseline_run1,baseline,2026/04/15-06:43:58.049683,2,3,4,1,3,,220984218,LevelMaxLevelSize
baseline_run1,baseline,2026/04/15-06:43:58.049843,2,3,4,1,3,,229857117,LevelMaxLevelSize
baseline_run1,baseline,2026/04/15-06:43:58.049936,2,3,2,1,1,,68567056,LevelMaxLevelSize
baseline_run1,baseline,2026/04/15-06:43:58.049937,2,3,4,1,3,,245498589,LevelMaxLevelSize
baseline_run1,baseline,2026/04/15-06:43:58.092176,2,3,3,1,2,,157780719,LevelMaxLevelSize
baseline_run1,baseline,2026/04/15-06:43:58.092340,2,3,4,1,3,,204220266,LevelMaxLevelSize
baseline_run1,baseline,2026/04/15-06:43:58.092349,2,3,6,1,5,,410101033,LevelMaxLevelSize
baseline_run1,baseline,2026/04/15-06:43:58.133293,2,3,6,1,5,,400023339,LevelMaxLevelSize
baseline_run1,baseline,2026/04/15-06:43:58.133293,2,3,6,1,5,,388142953,LevelMaxLevelSize
baseline_run1,baseline,2026/04/15-06:43:58.133300,2,3,5,1,4,,302455091,LevelMaxLevelSize
baseline_run1,baseline,2026/04/15-06:43:58.133304,2,3,2,1,1,,178259227,LevelMaxLevelSize
baseline_run1,baseline,2026/04/15-06:43:58.142837,2,3,2,1,1,,116047710,LevelMaxLevelSize
baseline_run1,baseline,2026/04/15-06:43:58.142845,2,3,6,1,5,,299856567,LevelMaxLevelSize
baseline_run1,baseline,2026/04/15-06:43:58.142846,2,3,7,1,6,,326802328,LevelMaxLevelSize
baseline_run1,baseline,2026/04/15-06:43:58.144159,2,3,4,1,3,,207813432,LevelMaxLevelSize
baseline_run1,baseline,2026/04/15-06:43:58.144328,2,3,3,1,2,,153938005,LevelMaxLevelSize
baseline_run1,baseline,2026/04/15-06:43:58.144330,2,3,4,1,3,,316232989,LevelMaxLevelSize
baseline_run1,baseline,2026/04/15-06:43:58.144342,2,3,4,1,3,,226779014,LevelMaxLevelSize
baseline_run1,baseline,2026/04/15-06:43:58.245432,0,1,4,4,0,,263115046,LevelL0FilesNum
baseline_run1,baseline,2026/04/15-06:43:58.313413,2,3,3,1,2,,193596299,LevelMaxLevelSize
baseline_run1,baseline,2026/04/15-06:43:58.313421,2,3,5,1,4,,299534383,LevelMaxLevelSize
baseline_run1,baseline,2026/04/15-06:43:58.313426,2,3,5,1,4,,337793524,LevelMaxLevelSize
baseline_run1,baseline,2026/04/15-06:43:58.313426,2,3,2,1,1,,137900778,LevelMaxLevelSize
baseline_run1,baseline,2026/04/15-06:43:58.329468,2,3,4,1,3,,326472822,LevelMaxLevelSize
baseline_run1,baseline,2026/04/15-06:43:58.329586,2,3,3,1,2,,236718381,LevelMaxLevelSize
baseline_run1,baseline,2026/04/15-06:43:58.329586,2,3,3,1,2,,155669568,LevelMaxLevelSize
baseline_run1,baseline,2026/04/15-06:43:58.329705,2,3,4,1,3,,224370226,LevelMaxLevelSize
baseline_run1,baseline,2026/04/15-06:43:58.409264,2,3,3,1,2,,131685454,LevelMaxLevelSize
baseline_run1,baseline,2026/04/15-06:43:58.409264,2,3,3,1,2,,168889224,LevelMaxLevelSize
baseline_run1,baseline,2026/04/15-06:43:58.409267,2,3,3,1,2,,206391893,LevelMaxLevelSize
baseline_run1,baseline,2026/04/15-06:43:58.409274,2,3,3,1,2,,243051178,LevelMaxLevelSize
baseline_run1,baseline,2026/04/15-06:43:58.410467,2,3,3,1,2,,196648013,LevelMaxLevelSize
baseline_run1,baseline,2026/04/15-06:43:58.696574,0,1,4,4,0,,263079924,LevelL0FilesNum
baseline_run1,baseline,2026/04/15-06:43:58.889949,3,4,3,1,2,,211999637,LevelMaxLevelSize
baseline_run1,baseline,2026/04/15-06:43:58.909320,3,4,2,1,1,,98744637,LevelMaxLevelSize
baseline_run1,baseline,2026/04/15-06:43:58.909647,3,4,3,1,2,,211173224,LevelMaxLevelSize
baseline_run1,baseline,2026/04/15-06:43:58.909648,3,4,3,1,2,,115020779,LevelMaxLevelSize
baseline_run1,baseline,2026/04/15-06:43:58.909652,3,4,3,1,2,,115377301,LevelMaxLevelSize
baseline_run1,baseline,2026/04/15-06:43:58.909656,3,4,2,1,1,,113349856,LevelMaxLevelSize
baseline_run1,baseline,2026/04/15-06:43:58.918898,3,4,4,1,3,,231519382,LevelMaxLevelSize
baseline_run1,baseline,2026/04/15-06:43:58.918899,3,4,4,1,3,,226770559,LevelMaxLevelSize
baseline_run1,baseline,2026/04/15-06:43:58.918911,3,4,2,1,1,,113049457,LevelMaxLevelSize
baseline_run1,baseline,2026/04/15-06:43:58.918918,3,4,3,1,2,,154306330,LevelMaxLevelSize
baseline_run1,baseline,2026/04/15-06:43:58.918922,3,4,3,1,2,,209394714,LevelMaxLevelSize
baseline_run1,baseline,2026/04/15-06:43:58.920620,3,4,2,1,1,,107844179,LevelMaxLevelSize
baseline_run1,baseline,2026/04/15-06:43:58.920766,3,4,3,1,2,,171851688,LevelMaxLevelSize
baseline_run1,baseline,2026/04/15-06:43:58.920772,3,4,3,1,2,,215425929,LevelMaxLevelSize
baseline_run1,baseline,2026/04/15-06:43:58.920779,3,4,4,1,3,,217819424,LevelMaxLevelSize
baseline_run1,baseline,2026/04/15-06:43:58.920791,3,4,2,1,1,,107496126,LevelMaxLevelSize
baseline_run1,baseline,2026/04/15-06:43:58.920794,3,4,3,1,2,,183801012,LevelMaxLevelSize
baseline_run1,baseline,2026/04/15-06:43:58.940570,3,4,3,1,2,,209757095,LevelMaxLevelSize
baseline_run1,baseline,2026/04/15-06:43:58.940583,3,4,3,1,2,,210180050,LevelMaxLevelSize
baseline_run1,baseline,2026/04/15-06:43:58.940583,3,4,3,1,2,,175132940,LevelMaxLevelSize
baseline_run1,baseline,2026/04/15-06:43:58.940677,3,4,3,1,2,,187410689,LevelMaxLevelSize
baseline_run1,baseline,2026/04/15-06:43:58.940753,3,4,2,1,1,,107327898,LevelMaxLevelSize
baseline_run1,baseline,2026/04/15-06:43:58.940754,3,4,3,1,2,,204945692,LevelMaxLevelSize
baseline_run1,baseline,2026/04/15-06:43:58.968171,3,4,4,1,3,,239544592,LevelMaxLevelSize
baseline_run1,baseline,2026/04/15-06:43:58.968173,3,4,3,1,2,,195293574,LevelMaxLevelSize
baseline_run1,baseline,2026/04/15-06:43:58.968177,3,4,3,1,2,,195616649,LevelMaxLevelSize
baseline_run1,baseline,2026/04/15-06:43:58.968698,3,4,3,1,2,,156083093,LevelMaxLevelSize
baseline_run1,baseline,2026/04/15-06:43:58.968700,3,4,3,1,2,,182487937,LevelMaxLevelSize
baseline_run1,baseline,2026/04/15-06:43:58.998330,3,4,2,1,1,,112949790,LevelMaxLevelSize
baseline_run1,baseline,2026/04/15-06:43:58.998331,3,4,4,1,3,,207960427,LevelMaxLevelSize
baseline_run1,baseline,2026/04/15-06:43:58.998330,3,4,3,1,2,,121075351,LevelMaxLevelSize
baseline_run1,baseline,2026/04/15-06:43:58.998419,3,4,3,1,2,,186171064,LevelMaxLevelSize
baseline_run1,baseline,2026/04/15-06:43:58.998559,3,4,3,1,2,,179462261,LevelMaxLevelSize
baseline_run1,baseline,2026/04/15-06:43:59.125634,0,1,4,4,0,,263089338,LevelL0FilesNum
baseline_run1,baseline,2026/04/15-06:43:59.277971,2,3,2,1,1,,138656673,LevelMaxLevelSize
baseline_run1,baseline,2026/04/15-06:43:59.278385,2,3,2,1,1,,124555387,LevelMaxLevelSize
baseline_run1,baseline,2026/04/15-06:43:59.278689,2,3,2,1,1,,121756570,LevelMaxLevelSize
baseline_run1,baseline,2026/04/15-06:43:59.278688,2,3,4,1,3,,215329088,LevelMaxLevelSize
baseline_run1,baseline,2026/04/15-06:43:59.278695,2,3,4,1,3,,227116120,LevelMaxLevelSize
baseline_run1,baseline,2026/04/15-06:43:59.278696,2,3,2,1,1,,178427565,LevelMaxLevelSize
baseline_run1,baseline,2026/04/15-06:43:59.278687,2,3,3,1,2,,226982166,LevelMaxLevelSize
baseline_run1,baseline,2026/04/15-06:43:59.278696,2,3,3,1,2,,201608288,LevelMaxLevelSize
baseline_run1,baseline,2026/04/15-06:43:59.278697,2,3,2,1,1,,131743908,LevelMaxLevelSize
baseline_run1,baseline,2026/04/15-06:43:59.278717,2,3,3,1,2,,167705877,LevelMaxLevelSize
baseline_run1,baseline,2026/04/15-06:43:59.278719,2,3,2,1,1,,117267609,LevelMaxLevelSize
baseline_run1,baseline,2026/04/15-06:43:59.554818,0,1,4,4,0,,263105715,LevelL0FilesNum
baseline_run1,baseline,2026/04/15-06:43:59.641221,3,4,3,1,2,,224440377,LevelMaxLevelSize
baseline_run1,baseline,2026/04/15-06:43:59.665864,3,4,3,1,2,,214662248,LevelMaxLevelSize
baseline_run1,baseline,2026/04/15-06:43:59.665886,3,4,3,1,2,,195899349,LevelMaxLevelSize
baseline_run1,baseline,2026/04/15-06:43:59.682987,3,4,3,1,2,,128171617,LevelMaxLevelSize
baseline_run1,baseline,2026/04/15-06:43:59.683088,3,4,4,1,3,,189427047,LevelMaxLevelSize
baseline_run1,baseline,2026/04/15-06:43:59.683089,3,4,2,1,1,,104136088,LevelMaxLevelSize
baseline_run1,baseline,2026/04/15-06:43:59.683096,3,4,3,1,2,,190333376,LevelMaxLevelSize
baseline_run1,baseline,2026/04/15-06:43:59.684660,3,4,2,1,1,,80267397,LevelMaxLevelSize
baseline_run1,baseline,2026/04/15-06:43:59.684738,3,4,3,1,2,,163365414,LevelMaxLevelSize
baseline_run1,baseline,2026/04/15-06:43:59.684741,3,4,4,1,3,,234634366,LevelMaxLevelSize
baseline_run1,baseline,2026/04/15-06:43:59.684741,3,4,4,1,3,,232136680,LevelMaxLevelSize
baseline_run1,baseline,2026/04/15-06:43:59.953472,0,1,4,4,0,,263097830,LevelL0FilesNum
baseline_run1,baseline,2026/04/15-06:44:00.331848,0,1,28,12,16,,4395022854,LevelL0FilesNum
baseline_run1,baseline,2026/04/15-06:44:00.639564,0,1,4,4,0,,263106878,LevelL0FilesNum
baseline_run1,baseline,2026/04/15-06:44:01.033106,0,1,4,4,0,,263098668,LevelL0FilesNum
baseline_run1,baseline,2026/04/15-06:44:01.501365,0,1,4,4,0,,263101792,LevelL0FilesNum
baseline_run1,baseline,2026/04/15-06:44:02.062077,0,1,4,4,0,,263106728,LevelL0FilesNum
baseline_run1,baseline,2026/04/15-06:44:02.433026,0,1,5,5,0,,1117782222,LevelL0FilesNum
baseline_run1,baseline,2026/04/15-06:44:04.116345,0,1,4,4,0,,263097314,LevelL0FilesNum
baseline_run1,baseline,2026/04/15-06:44:04.590814,0,1,4,4,0,,263118260,LevelL0FilesNum
baseline_run1,baseline,2026/04/15-06:44:05.153022,0,1,4,4,0,,263122523,LevelL0FilesNum
baseline_run1,baseline,2026/04/15-06:44:05.520281,0,1,4,4,0,,854811362,LevelL0FilesNum
baseline_run1,baseline,2026/04/15-06:44:06.986939,1,2,2,1,1,,190277027,LevelMaxLevelSize
baseline_run1,baseline,2026/04/15-06:44:06.986939,1,2,2,1,1,,180766909,LevelMaxLevelSize
baseline_run1,baseline,2026/04/15-06:44:06.986973,1,2,2,1,1,,150264894,LevelMaxLevelSize
baseline_run1,baseline,2026/04/15-06:44:06.987037,1,2,2,1,1,,202871600,LevelMaxLevelSize
baseline_run1,baseline,2026/04/15-06:44:06.987214,1,2,2,1,1,,186053157,LevelMaxLevelSize
baseline_run1,baseline,2026/04/15-06:44:06.987388,1,2,3,1,2,,218075119,LevelMaxLevelSize
baseline_run1,baseline,2026/04/15-06:44:06.987824,1,2,2,1,1,,90908073,LevelMaxLevelSize
baseline_run1,baseline,2026/04/15-06:44:06.987838,1,2,2,1,1,,205988182,LevelMaxLevelSize
baseline_run1,baseline,2026/04/15-06:44:06.987842,1,2,3,1,2,,207815707,LevelMaxLevelSize
baseline_run1,baseline,2026/04/15-06:44:06.987848,1,2,2,1,1,,160029563,LevelMaxLevelSize
baseline_run1,baseline,2026/04/15-06:44:06.987852,1,2,3,1,2,,225158325,LevelMaxLevelSize
baseline_run1,baseline,2026/04/15-06:44:06.987855,1,2,2,1,1,,231755227,LevelMaxLevelSize
baseline_run1,baseline,2026/04/15-06:44:06.987856,1,2,2,1,1,,162403022,LevelMaxLevelSize
baseline_run1,baseline,2026/04/15-06:44:07.083644,1,2,2,1,1,,144562988,LevelMaxLevelSize
baseline_run1,baseline,2026/04/15-06:44:07.083645,0,1,4,4,0,,263107275,LevelL0FilesNum
baseline_run1,baseline,2026/04/15-06:44:07.083701,1,2,2,1,1,,129791160,LevelMaxLevelSize
baseline_run1,baseline,2026/04/15-06:44:07.083879,1,2,4,2,2,,311513777,LevelMaxLevelSize
baseline_run1,baseline,2026/04/15-06:44:07.283456,2,3,2,1,1,,55904880,LevelMaxLevelSize
baseline_run1,baseline,2026/04/15-06:44:07.283464,2,3,3,1,2,,143380071,LevelMaxLevelSize
baseline_run1,baseline,2026/04/15-06:44:07.283566,2,3,3,1,2,,161036194,LevelMaxLevelSize
baseline_run1,baseline,2026/04/15-06:44:07.309934,2,3,3,1,2,,179992907,LevelMaxLevelSize
baseline_run1,baseline,2026/04/15-06:44:07.309934,2,3,3,1,2,,161442954,LevelMaxLevelSize
baseline_run1,baseline,2026/04/15-06:44:07.309962,2,3,5,1,4,,338634224,LevelMaxLevelSize
baseline_run1,baseline,2026/04/15-06:44:07.319659,2,3,4,1,3,,241976456,LevelMaxLevelSize
baseline_run1,baseline,2026/04/15-06:44:07.327056,2,3,2,1,1,,114135655,LevelMaxLevelSize
baseline_run1,baseline,2026/04/15-06:44:07.327068,2,3,5,1,4,,381037134,LevelMaxLevelSize
baseline_run1,baseline,2026/04/15-06:44:07.332431,2,3,3,1,2,,196074311,LevelMaxLevelSize
baseline_run1,baseline,2026/04/15-06:44:07.332447,2,3,4,1,3,,220658287,LevelMaxLevelSize
baseline_run1,baseline,2026/04/15-06:44:07.332559,2,3,4,1,3,,205721118,LevelMaxLevelSize
baseline_run1,baseline,2026/04/15-06:44:07.332570,2,3,3,1,2,,265023101,LevelMaxLevelSize
baseline_run1,baseline,2026/04/15-06:44:07.345601,2,3,3,1,2,,193614518,LevelMaxLevelSize
baseline_run1,baseline,2026/04/15-06:44:07.345608,2,3,6,1,5,,407993120,LevelMaxLevelSize
baseline_run1,baseline,2026/04/15-06:44:07.352642,2,3,2,1,1,,120534152,LevelMaxLevelSize
baseline_run1,baseline,2026/04/15-06:44:07.352842,2,3,6,1,5,,344274530,LevelMaxLevelSize
baseline_run1,baseline,2026/04/15-06:44:07.352844,2,3,3,1,2,,157171402,LevelMaxLevelSize
baseline_run1,baseline,2026/04/15-06:44:07.364387,2,3,3,1,2,,181135652,LevelMaxLevelSize
baseline_run1,baseline,2026/04/15-06:44:07.365387,2,3,5,1,4,,366244459,LevelMaxLevelSize
baseline_run1,baseline,2026/04/15-06:44:07.365408,2,3,6,1,5,,335874718,LevelMaxLevelSize
baseline_run1,baseline,2026/04/15-06:44:07.367022,2,3,6,1,5,,343565811,LevelMaxLevelSize
baseline_run1,baseline,2026/04/15-06:44:07.367026,2,3,5,1,4,,337918377,LevelMaxLevelSize
baseline_run1,baseline,2026/04/15-06:44:07.367221,2,3,2,1,1,,29390702,LevelMaxLevelSize
baseline_run1,baseline,2026/04/15-06:44:07.367222,2,3,6,1,5,,366998790,LevelMaxLevelSize
baseline_run1,baseline,2026/04/15-06:44:07.383458,2,3,2,1,1,,106846916,LevelMaxLevelSize
baseline_run1,baseline,2026/04/15-06:44:07.383626,2,3,4,1,3,,275302994,LevelMaxLevelSize
baseline_run1,baseline,2026/04/15-06:44:07.383627,2,3,6,1,5,,311214452,LevelMaxLevelSize
baseline_run1,baseline,2026/04/15-06:44:07.383627,2,3,3,1,2,,248959640,LevelMaxLevelSize
baseline_run1,baseline,2026/04/15-06:44:07.405194,2,3,4,1,3,,201412984,LevelMaxLevelSize
baseline_run1,baseline,2026/04/15-06:44:07.405195,2,3,3,1,2,,158572591,LevelMaxLevelSize
baseline_run1,baseline,2026/04/15-06:44:07.405200,2,3,4,1,3,,254861802,LevelMaxLevelSize
baseline_run1,baseline,2026/04/15-06:44:07.405203,2,3,5,1,4,,275699454,LevelMaxLevelSize
baseline_run1,baseline,2026/04/15-06:44:07.430473,2,3,2,1,1,,112274754,LevelMaxLevelSize
baseline_run1,baseline,2026/04/15-06:44:07.430612,2,3,3,1,2,,180231129,LevelMaxLevelSize
baseline_run1,baseline,2026/04/15-06:44:07.442974,2,3,3,1,2,,209743310,LevelMaxLevelSize
baseline_run1,baseline,2026/04/15-06:44:07.595694,2,3,2,1,1,,101488608,LevelMaxLevelSize
baseline_run1,baseline,2026/04/15-06:44:07.611578,2,3,4,1,3,,251816432,LevelMaxLevelSize
baseline_run1,baseline,2026/04/15-06:44:07.649080,0,1,4,4,0,,263127512,LevelL0FilesNum
baseline_run1,baseline,2026/04/15-06:44:07.742560,2,3,3,1,2,,146536806,LevelMaxLevelSize
baseline_run1,baseline,2026/04/15-06:44:07.742567,2,3,3,1,2,,207398137,LevelMaxLevelSize
baseline_run1,baseline,2026/04/15-06:44:07.742809,2,3,3,1,2,,193241230,LevelMaxLevelSize
baseline_run1,baseline,2026/04/15-06:44:07.742812,2,3,3,1,2,,197126896,LevelMaxLevelSize
baseline_run1,baseline,2026/04/15-06:44:07.742820,2,3,3,1,2,,187417367,LevelMaxLevelSize
baseline_run1,baseline,2026/04/15-06:44:08.083523,0,1,4,4,0,,263104837,LevelL0FilesNum
baseline_run1,baseline,2026/04/15-06:44:08.119722,3,4,2,1,1,,137932362,LevelMaxLevelSize
baseline_run1,baseline,2026/04/15-06:44:08.119798,3,4,2,1,1,,109988691,LevelMaxLevelSize
baseline_run1,baseline,2026/04/15-06:44:08.119827,3,4,3,1,2,,142250893,LevelMaxLevelSize
baseline_run1,baseline,2026/04/15-06:44:08.121758,3,4,3,1,2,,145415785,LevelMaxLevelSize
baseline_run1,baseline,2026/04/15-06:44:08.121831,3,4,2,1,1,,109124199,LevelMaxLevelSize
baseline_run1,baseline,2026/04/15-06:44:08.121909,3,4,2,1,1,,109025588,LevelMaxLevelSize
baseline_run1,baseline,2026/04/15-06:44:08.121955,3,4,3,1,2,,207008838,LevelMaxLevelSize
baseline_run1,baseline,2026/04/15-06:44:08.123465,3,4,2,1,1,,121416662,LevelMaxLevelSize
baseline_run1,baseline,2026/04/15-06:44:08.123551,3,4,2,1,1,,108971492,LevelMaxLevelSize
baseline_run1,baseline,2026/04/15-06:44:08.123620,3,4,2,1,1,,108783465,LevelMaxLevelSize
baseline_run1,baseline,2026/04/15-06:44:08.123632,3,4,3,1,2,,190154758,LevelMaxLevelSize
baseline_run1,baseline,2026/04/15-06:44:08.129484,3,4,3,1,2,,146693854,LevelMaxLevelSize
baseline_run1,baseline,2026/04/15-06:44:08.129634,3,4,3,1,2,,142778767,LevelMaxLevelSize
baseline_run1,baseline,2026/04/15-06:44:08.129699,3,4,3,1,2,,175452912,LevelMaxLevelSize
baseline_run1,baseline,2026/04/15-06:44:08.129729,3,4,3,1,2,,175602484,LevelMaxLevelSize
baseline_run1,baseline,2026/04/15-06:44:08.129701,3,4,3,1,2,,209346930,LevelMaxLevelSize
baseline_run1,baseline,2026/04/15-06:44:08.129705,3,4,3,1,2,,130597692,LevelMaxLevelSize
baseline_run1,baseline,2026/04/15-06:44:08.129737,3,4,3,1,2,,181288943,LevelMaxLevelSize
baseline_run1,baseline,2026/04/15-06:44:08.145695,3,4,3,1,2,,174772681,LevelMaxLevelSize
baseline_run1,baseline,2026/04/15-06:44:08.145703,3,4,3,1,2,,174501314,LevelMaxLevelSize
baseline_run1,baseline,2026/04/15-06:44:08.145706,3,4,3,1,2,,174942951,LevelMaxLevelSize
baseline_run1,baseline,2026/04/15-06:44:08.146886,3,4,2,1,1,,79893523,LevelMaxLevelSize
baseline_run1,baseline,2026/04/15-06:44:08.147022,3,4,4,1,3,,188046652,LevelMaxLevelSize
baseline_run1,baseline,2026/04/15-06:44:08.147031,3,4,3,1,2,,194380295,LevelMaxLevelSize
baseline_run1,baseline,2026/04/15-06:44:08.147268,3,4,3,1,2,,182861879,LevelMaxLevelSize
baseline_run1,baseline,2026/04/15-06:44:08.147287,3,4,3,1,2,,183348197,LevelMaxLevelSize
baseline_run1,baseline,2026/04/15-06:44:08.147287,3,4,3,1,2,,152285639,LevelMaxLevelSize
baseline_run1,baseline,2026/04/15-06:44:08.161542,3,4,3,1,2,,181979714,LevelMaxLevelSize
baseline_run1,baseline,2026/04/15-06:44:08.161548,3,4,2,1,1,,104465337,LevelMaxLevelSize
baseline_run1,baseline,2026/04/15-06:44:08.161852,3,4,3,1,2,,149589320,LevelMaxLevelSize
baseline_run1,baseline,2026/04/15-06:44:08.161853,3,4,3,1,2,,127850690,LevelMaxLevelSize
baseline_run1,baseline,2026/04/15-06:44:08.161854,3,4,3,1,2,,192254379,LevelMaxLevelSize
baseline_run1,baseline,2026/04/15-06:44:08.161869,3,4,3,1,2,,162318052,LevelMaxLevelSize
baseline_run1,baseline,2026/04/15-06:44:08.173098,3,4,3,1,2,,193059392,LevelMaxLevelSize
baseline_run1,baseline,2026/04/15-06:44:08.210842,3,4,3,1,2,,186262496,LevelMaxLevelSize
baseline_run1,baseline,2026/04/15-06:44:08.340493,3,4,3,1,2,,143266257,LevelMaxLevelSize
baseline_run1,baseline,2026/04/15-06:44:08.367386,3,4,3,1,2,,209025905,LevelMaxLevelSize
baseline_run1,baseline,2026/04/15-06:44:08.371537,3,4,3,1,2,,196598562,LevelMaxLevelSize
baseline_run1,baseline,2026/04/15-06:44:08.373507,3,4,3,1,2,,174141618,LevelMaxLevelSize
baseline_run1,baseline,2026/04/15-06:44:08.377904,3,4,3,1,2,,169571405,LevelMaxLevelSize
baseline_run1,baseline,2026/04/15-06:44:08.528757,0,1,4,4,0,,263102733,LevelL0FilesNum
baseline_run1,baseline,2026/04/15-06:44:08.921013,0,1,4,4,0,,263119328,LevelL0FilesNum
baseline_run1,baseline,2026/04/15-06:44:09.294647,0,1,35,10,25,,5302490276,LevelL0FilesNum
baseline_run1,baseline,2026/04/15-06:44:09.600336,0,1,4,4,0,,263096330,LevelL0FilesNum
baseline_run1,baseline,2026/04/15-06:44:09.985727,0,1,4,4,0,,263108750,LevelL0FilesNum
baseline_run1,baseline,2026/04/15-06:44:10.373299,0,1,4,4,0,,263088379,LevelL0FilesNum
baseline_run1,baseline,2026/04/15-06:44:10.760690,0,1,4,4,0,,263106628,LevelL0FilesNum
baseline_run1,baseline,2026/04/15-06:44:13.209249,0,1,4,4,0,,263107128,LevelL0FilesNum
baseline_run1,baseline,2026/04/15-06:44:13.575275,0,1,5,5,0,,1314971805,LevelL0FilesNum
baseline_run1,baseline,2026/04/15-06:44:17.138011,1,2,2,1,1,,80961198,LevelMaxLevelSize
baseline_run1,baseline,2026/04/15-06:44:17.138374,1,2,2,1,1,,141132731,LevelMaxLevelSize
baseline_run1,baseline,2026/04/15-06:44:17.138602,1,2,2,1,1,,142749318,LevelMaxLevelSize
baseline_run1,baseline,2026/04/15-06:44:17.138698,1,2,2,1,1,,146662536,LevelMaxLevelSize
baseline_run1,baseline,2026/04/15-06:44:17.138711,1,2,2,1,1,,48494532,LevelMaxLevelSize
baseline_run1,baseline,2026/04/15-06:44:17.138712,1,2,3,1,2,,162030592,LevelMaxLevelSize
baseline_run1,baseline,2026/04/15-06:44:17.138711,1,2,2,1,1,,122343944,LevelMaxLevelSize
baseline_run1,baseline,2026/04/15-06:44:17.138716,1,2,2,1,1,,171241205,LevelMaxLevelSize
baseline_run1,baseline,2026/04/15-06:44:17.138729,1,2,2,1,1,,203141511,LevelMaxLevelSize
baseline_run1,baseline,2026/04/15-06:44:17.138738,1,2,2,1,1,,196824454,LevelMaxLevelSize
baseline_run1,baseline,2026/04/15-06:44:17.139010,1,2,3,2,1,,307000196,LevelMaxLevelSize
baseline_run1,baseline,2026/04/15-06:44:17.139253,1,2,2,1,1,,140340604,LevelMaxLevelSize
baseline_run1,baseline,2026/04/15-06:44:17.139254,1,2,2,1,1,,174113892,LevelMaxLevelSize
baseline_run1,baseline,2026/04/15-06:44:17.139336,1,2,2,1,1,,212554206,LevelMaxLevelSize
baseline_run1,baseline,2026/04/15-06:44:17.139794,1,2,2,1,1,,161754786,LevelMaxLevelSize
baseline_run1,baseline,2026/04/15-06:44:17.139794,1,2,2,1,1,,146003436,LevelMaxLevelSize
baseline_run1,baseline,2026/04/15-06:44:17.139809,1,2,2,1,1,,153170991,LevelMaxLevelSize
baseline_run1,baseline,2026/04/15-06:44:17.139810,1,2,2,1,1,,150603808,LevelMaxLevelSize
baseline_run1,baseline,2026/04/15-06:44:17.139814,1,2,2,1,1,,73146308,LevelMaxLevelSize
baseline_run1,baseline,2026/04/15-06:44:17.139817,1,2,2,1,1,,169348453,LevelMaxLevelSize
baseline_run1,baseline,2026/04/15-06:44:17.139922,1,2,2,1,1,,156424704,LevelMaxLevelSize
baseline_run1,baseline,2026/04/15-06:44:17.139931,1,2,2,1,1,,84916480,LevelMaxLevelSize
baseline_run1,baseline,2026/04/15-06:44:17.139933,1,2,2,1,1,,242315018,LevelMaxLevelSize
baseline_run1,baseline,2026/04/15-06:44:17.141204,1,2,2,1,1,,135752517,LevelMaxLevelSize
baseline_run1,baseline,2026/04/15-06:44:17.141464,1,2,5,4,1,,579101501,LevelMaxLevelSize
baseline_run1,baseline,2026/04/15-06:44:17.141467,1,2,2,1,1,,132278302,LevelMaxLevelSize
baseline_run1,baseline,2026/04/15-06:44:17.141469,1,2,3,1,2,,171093283,LevelMaxLevelSize
baseline_run1,baseline,2026/04/15-06:44:17.141486,1,2,3,2,1,,354704812,LevelMaxLevelSize
baseline_run1,baseline,2026/04/15-06:44:17.144448,1,2,3,2,1,,405086017,LevelMaxLevelSize
baseline_run1,baseline,2026/04/15-06:44:17.455484,2,3,2,1,1,,133065998,LevelMaxLevelSize
baseline_run1,baseline,2026/04/15-06:44:17.455502,2,3,3,1,2,,167693506,LevelMaxLevelSize
baseline_run1,baseline,2026/04/15-06:44:17.463512,2,3,4,1,3,,221084710,LevelMaxLevelSize
baseline_run1,baseline,2026/04/15-06:44:17.463696,2,3,3,1,2,,160518819,LevelMaxLevelSize
baseline_run1,baseline,2026/04/15-06:44:17.463710,2,3,4,1,3,,194768117,LevelMaxLevelSize
baseline_run1,baseline,2026/04/15-06:44:17.470656,2,3,4,1,3,,213066031,LevelMaxLevelSize
baseline_run1,baseline,2026/04/15-06:44:17.470660,2,3,3,1,2,,219010892,LevelMaxLevelSize
baseline_run1,baseline,2026/04/15-06:44:17.473265,2,3,3,1,2,,213556732,LevelMaxLevelSize
baseline_run1,baseline,2026/04/15-06:44:17.473267,2,3,4,1,3,,258182465,LevelMaxLevelSize
baseline_run1,baseline,2026/04/15-06:44:17.482282,2,3,2,1,1,,72931244,LevelMaxLevelSize
baseline_run1,baseline,2026/04/15-06:44:17.482486,2,3,2,1,1,,67773434,LevelMaxLevelSize
baseline_run1,baseline,2026/04/15-06:44:17.482487,2,3,4,1,3,,210080654,LevelMaxLevelSize
baseline_run1,baseline,2026/04/15-06:44:17.484079,2,3,3,1,2,,266387849,LevelMaxLevelSize
baseline_run1,baseline,2026/04/15-06:44:17.484079,2,3,4,1,3,,230294037,LevelMaxLevelSize
baseline_run1,baseline,2026/04/15-06:44:17.495841,2,3,2,1,1,,101003627,LevelMaxLevelSize
baseline_run1,baseline,2026/04/15-06:44:17.495867,2,3,3,1,2,,200931266,LevelMaxLevelSize
baseline_run1,baseline,2026/04/15-06:44:17.495883,2,3,4,1,3,,223204861,LevelMaxLevelSize
baseline_run1,baseline,2026/04/15-06:44:17.499723,2,3,5,1,4,,290427717,LevelMaxLevelSize
baseline_run1,baseline,2026/04/15-06:44:17.499971,2,3,5,1,4,,372316088,LevelMaxLevelSize
baseline_run1,baseline,2026/04/15-06:44:17.499979,2,3,3,1,2,,110369569,LevelMaxLevelSize
baseline_run1,baseline,2026/04/15-06:44:17.505185,2,3,3,1,2,,144520892,LevelMaxLevelSize
baseline_run1,baseline,2026/04/15-06:44:17.505192,2,3,4,1,3,,256750736,LevelMaxLevelSize
baseline_run1,baseline,2026/04/15-06:44:17.505279,2,3,5,2,3,,211151177,LevelMaxLevelSize
baseline_run1,baseline,2026/04/15-06:44:17.516985,2,3,3,1,2,,169865515,LevelMaxLevelSize
baseline_run1,baseline,2026/04/15-06:44:17.517103,2,3,4,1,3,,264872070,LevelMaxLevelSize
baseline_run1,baseline,2026/04/15-06:44:17.517121,2,3,5,2,3,,285481683,LevelMaxLevelSize
baseline_run1,baseline,2026/04/15-06:44:17.569607,2,3,4,1,3,,247895463,LevelMaxLevelSize
baseline_run1,baseline,2026/04/15-06:44:17.569809,2,3,4,1,3,,261843925,LevelMaxLevelSize
baseline_run1,baseline,2026/04/15-06:44:17.569811,2,3,4,1,3,,186187063,LevelMaxLevelSize
baseline_run1,baseline,2026/04/15-06:44:17.579417,2,3,5,1,4,,283462341,LevelMaxLevelSize
baseline_run1,baseline,2026/04/15-06:44:17.606667,2,3,4,1,3,,287900505,LevelMaxLevelSize
baseline_run1,baseline,2026/04/15-06:44:17.642630,2,3,5,1,4,,274334354,LevelMaxLevelSize
baseline_run1,baseline,2026/04/15-06:44:17.653035,2,3,4,1,3,,224006572,LevelMaxLevelSize
baseline_run1,baseline,2026/04/15-06:44:17.680735,2,3,2,1,1,,113973468,LevelMaxLevelSize
baseline_run1,baseline,2026/04/15-06:44:17.733720,2,3,2,1,1,,112334947,LevelMaxLevelSize
baseline_run1,baseline,2026/04/15-06:44:17.768733,2,3,3,1,2,,215467870,LevelMaxLevelSize
baseline_run1,baseline,2026/04/15-06:44:17.774833,2,3,4,1,3,,257313844,LevelMaxLevelSize
baseline_run1,baseline,2026/04/15-06:44:17.830184,2,3,2,1,1,,112407861,LevelMaxLevelSize
baseline_run1,baseline,2026/04/15-06:44:17.836678,2,3,3,1,2,,201404461,LevelMaxLevelSize
baseline_run1,baseline,2026/04/15-06:44:17.856961,2,3,2,1,1,,134681240,LevelMaxLevelSize
baseline_run1,baseline,2026/04/15-06:44:17.867224,2,3,3,1,2,,160551448,LevelMaxLevelSize
baseline_run1,baseline,2026/04/15-06:44:17.928201,0,1,5,5,0,,328890808,LevelL0FilesNum
baseline_run1,baseline,2026/04/15-06:44:17.933026,2,3,3,1,2,,159775779,LevelMaxLevelSize
baseline_run1,baseline,2026/04/15-06:44:17.940608,2,3,4,1,3,,216432587,LevelMaxLevelSize
baseline_run1,baseline,2026/04/15-06:44:17.963963,2,3,2,1,1,,45215770,LevelMaxLevelSize
baseline_run1,baseline,2026/04/15-06:44:17.979719,2,3,5,1,4,,339442798,LevelMaxLevelSize
baseline_run1,baseline,2026/04/15-06:44:17.986717,2,3,3,1,2,,173934805,LevelMaxLevelSize
baseline_run1,baseline,2026/04/15-06:44:17.989484,2,3,5,1,4,,313401280,LevelMaxLevelSize
baseline_run1,baseline,2026/04/15-06:44:17.991861,2,3,5,1,4,,297006232,LevelMaxLevelSize
baseline_run1,baseline,2026/04/15-06:44:17.991870,2,3,6,1,5,,304330325,LevelMaxLevelSize
baseline_run1,baseline,2026/04/15-06:44:17.999067,2,3,9,1,8,,507266434,LevelMaxLevelSize
baseline_run1,baseline,2026/04/15-06:44:18.003768,2,3,6,1,5,,308232205,LevelMaxLevelSize
baseline_run1,baseline,2026/04/15-06:44:18.083385,2,3,2,1,1,,108215000,LevelMaxLevelSize
baseline_run1,baseline,2026/04/15-06:44:18.083388,2,3,2,1,1,,105268015,LevelMaxLevelSize
baseline_run1,baseline,2026/04/15-06:44:18.083603,2,3,3,1,2,,160020521,LevelMaxLevelSize
baseline_run1,baseline,2026/04/15-06:44:18.083604,2,3,2,1,1,,124657480,LevelMaxLevelSize
baseline_run1,baseline,2026/04/15-06:44:18.083608,2,3,3,1,2,,197284262,LevelMaxLevelSize
baseline_run1,baseline,2026/04/15-06:44:18.083667,2,3,4,1,3,,261273731,LevelMaxLevelSize
baseline_run1,baseline,2026/04/15-06:44:18.085257,2,3,5,1,4,,313917988,LevelMaxLevelSize
baseline_run1,baseline,2026/04/15-06:44:18.372042,3,4,2,1,1,,139686160,LevelMaxLevelSize
baseline_run1,baseline,2026/04/15-06:44:18.407564,2,3,2,1,1,,112798510,LevelMaxLevelSize
baseline_run1,baseline,2026/04/15-06:44:18.407567,2,3,2,1,1,,160089751,LevelMaxLevelSize
baseline_run1,baseline,2026/04/15-06:44:18.407754,2,3,2,1,1,,114233487,LevelMaxLevelSize
baseline_run1,baseline,2026/04/15-06:44:18.407771,2,3,2,1,1,,127955908,LevelMaxLevelSize
baseline_run1,baseline,2026/04/15-06:44:18.408152,2,3,3,1,2,,152363051,LevelMaxLevelSize
baseline_run1,baseline,2026/04/15-06:44:18.408153,2,3,4,2,2,,215220681,LevelMaxLevelSize
baseline_run1,baseline,2026/04/15-06:44:18.408152,2,3,4,1,3,,239946300,LevelMaxLevelSize
baseline_run1,baseline,2026/04/15-06:44:18.408165,2,3,3,1,2,,215536728,LevelMaxLevelSize
baseline_run1,baseline,2026/04/15-06:44:18.408170,2,3,2,1,1,,134892680,LevelMaxLevelSize
baseline_run1,baseline,2026/04/15-06:44:18.408973,0,1,4,4,0,,263107901,LevelL0FilesNum
baseline_run1,baseline,2026/04/15-06:44:18.607776,3,4,2,1,1,,104536237,LevelMaxLevelSize
baseline_run1,baseline,2026/04/15-06:44:18.607898,3,4,3,1,2,,125974107,LevelMaxLevelSize
baseline_run1,baseline,2026/04/15-06:44:18.607913,3,4,2,1,1,,112641130,LevelMaxLevelSize
baseline_run1,baseline,2026/04/15-06:44:18.614049,3,4,2,1,1,,116849202,LevelMaxLevelSize
baseline_run1,baseline,2026/04/15-06:44:18.614284,3,4,2,1,1,,116516668,LevelMaxLevelSize
baseline_run1,baseline,2026/04/15-06:44:18.614969,3,4,2,1,1,,116196584,LevelMaxLevelSize
baseline_run1,baseline,2026/04/15-06:44:18.614979,3,4,2,1,1,,114467724,LevelMaxLevelSize
baseline_run1,baseline,2026/04/15-06:44:18.615063,3,4,2,1,1,,110690076,LevelMaxLevelSize
baseline_run1,baseline,2026/04/15-06:44:18.615080,3,4,2,1,1,,110622507,LevelMaxLevelSize
baseline_run1,baseline,2026/04/15-06:44:18.617157,3,4,3,1,2,,130072014,LevelMaxLevelSize
baseline_run1,baseline,2026/04/15-06:44:18.617151,3,4,4,1,3,,280180609,LevelMaxLevelSize
baseline_run1,baseline,2026/04/15-06:44:18.617171,3,4,3,1,2,,177652394,LevelMaxLevelSize
baseline_run1,baseline,2026/04/15-06:44:18.617177,3,4,3,1,2,,189651888,LevelMaxLevelSize
baseline_run1,baseline,2026/04/15-06:44:18.617176,3,4,2,1,1,,110622497,LevelMaxLevelSize
baseline_run1,baseline,2026/04/15-06:44:18.617186,3,4,3,1,2,,187611148,LevelMaxLevelSize
baseline_run1,baseline,2026/04/15-06:44:18.629602,3,4,3,1,2,,185196464,LevelMaxLevelSize
baseline_run1,baseline,2026/04/15-06:44:18.629703,3,4,2,1,1,,84844173,LevelMaxLevelSize
baseline_run1,baseline,2026/04/15-06:44:18.629705,3,4,3,1,2,,168613101,LevelMaxLevelSize
baseline_run1,baseline,2026/04/15-06:44:18.629706,3,4,3,1,2,,168459631,LevelMaxLevelSize
baseline_run1,baseline,2026/04/15-06:44:18.630690,3,4,4,1,3,,176539583,LevelMaxLevelSize
baseline_run1,baseline,2026/04/15-06:44:18.630698,3,4,3,1,2,,168527975,LevelMaxLevelSize
baseline_run1,baseline,2026/04/15-06:44:18.634052,3,4,2,1,1,,103156325,LevelMaxLevelSize
baseline_run1,baseline,2026/04/15-06:44:18.634060,3,4,3,1,2,,187730631,LevelMaxLevelSize
baseline_run1,baseline,2026/04/15-06:44:18.662684,3,4,3,1,2,,129129670,LevelMaxLevelSize
baseline_run1,baseline,2026/04/15-06:44:18.662691,3,4,3,1,2,,176477394,LevelMaxLevelSize
baseline_run1,baseline,2026/04/15-06:44:18.670583,3,4,3,1,2,,187847872,LevelMaxLevelSize
baseline_run1,baseline,2026/04/15-06:44:18.671432,3,4,2,1,1,,102977529,LevelMaxLevelSize
baseline_run1,baseline,2026/04/15-06:44:18.683886,3,4,2,1,1,,126692310,LevelMaxLevelSize
baseline_run1,baseline,2026/04/15-06:44:18.713396,3,4,2,1,1,,106214015,LevelMaxLevelSize
baseline_run1,baseline,2026/04/15-06:44:18.719823,3,4,3,1,2,,176893166,LevelMaxLevelSize
baseline_run1,baseline,2026/04/15-06:44:18.744413,3,4,3,1,2,,177212842,LevelMaxLevelSize
baseline_run1,baseline,2026/04/15-06:44:18.832187,3,4,3,1,2,,167080820,LevelMaxLevelSize
baseline_run1,baseline,2026/04/15-06:44:18.849994,3,4,4,1,3,,205214420,LevelMaxLevelSize
baseline_run1,baseline,2026/04/15-06:44:18.866609,3,4,3,1,2,,169316878,LevelMaxLevelSize
baseline_run1,baseline,2026/04/15-06:44:18.869553,3,4,3,2,1,,26317080,LevelMaxLevelSize
baseline_run1,baseline,2026/04/15-06:44:18.873921,3,4,4,1,3,,228820406,LevelMaxLevelSize
baseline_run1,baseline,2026/04/15-06:44:18.875540,3,4,3,1,2,,185571673,LevelMaxLevelSize
baseline_run1,baseline,2026/04/15-06:44:18.875552,3,4,5,1,4,,344326583,LevelMaxLevelSize
baseline_run1,baseline,2026/04/15-06:44:18.879491,3,4,3,1,2,,184131517,LevelMaxLevelSize
baseline_run1,baseline,2026/04/15-06:44:18.881517,3,4,3,1,2,,202692179,LevelMaxLevelSize
baseline_run1,baseline,2026/04/15-06:44:18.882983,3,4,3,1,2,,184860901,LevelMaxLevelSize
baseline_run1,baseline,2026/04/15-06:44:18.885180,3,4,3,1,2,,202486277,LevelMaxLevelSize
baseline_run1,baseline,2026/04/15-06:44:18.888072,3,4,2,1,1,,75510875,LevelMaxLevelSize
baseline_run1,baseline,2026/04/15-06:44:18.891322,3,4,3,1,2,,112462255,LevelMaxLevelSize
baseline_run1,baseline,2026/04/15-06:44:18.910059,0,1,4,4,0,,263087409,LevelL0FilesNum
baseline_run1,baseline,2026/04/15-06:44:18.911676,3,4,4,1,3,,202210246,LevelMaxLevelSize
baseline_run1,baseline,2026/04/15-06:44:18.926790,3,4,3,1,2,,186335216,LevelMaxLevelSize
baseline_run1,baseline,2026/04/15-06:44:18.933510,3,4,3,1,2,,162413528,LevelMaxLevelSize
baseline_run1,baseline,2026/04/15-06:44:18.937613,3,4,3,1,2,,146442199,LevelMaxLevelSize
baseline_run1,baseline,2026/04/15-06:44:18.962743,3,4,4,1,3,,200678085,LevelMaxLevelSize
baseline_run1,baseline,2026/04/15-06:44:18.967859,3,4,3,1,2,,190654131,LevelMaxLevelSize
baseline_run1,baseline,2026/04/15-06:44:18.980285,3,4,3,1,2,,182197878,LevelMaxLevelSize
baseline_run1,baseline,2026/04/15-06:44:18.983554,3,4,3,1,2,,162344085,LevelMaxLevelSize
baseline_run1,baseline,2026/04/15-06:44:19.027945,3,4,3,1,2,,158628445,LevelMaxLevelSize
baseline_run1,baseline,2026/04/15-06:44:19.029813,3,4,3,1,2,,199605339,LevelMaxLevelSize
baseline_run1,baseline,2026/04/15-06:44:19.029832,3,4,3,1,2,,181806217,LevelMaxLevelSize
baseline_run1,baseline,2026/04/15-06:44:19.101811,3,4,2,1,1,,110982033,LevelMaxLevelSize
baseline_run1,baseline,2026/04/15-06:44:19.101978,3,4,4,1,3,,224838672,LevelMaxLevelSize
baseline_run1,baseline,2026/04/15-06:44:19.102235,3,4,4,1,3,,212257815,LevelMaxLevelSize
baseline_run1,baseline,2026/04/15-06:44:19.102313,3,4,3,1,2,,198715800,LevelMaxLevelSize
baseline_run1,baseline,2026/04/15-06:44:19.102314,3,4,3,1,2,,162323377,LevelMaxLevelSize
baseline_run1,baseline,2026/04/15-06:44:19.102322,3,4,4,1,3,,215467228,LevelMaxLevelSize
baseline_run1,baseline,2026/04/15-06:44:19.102322,3,4,3,1,2,,180930372,LevelMaxLevelSize
baseline_run1,baseline,2026/04/15-06:44:19.102327,3,4,3,1,2,,181365963,LevelMaxLevelSize
baseline_run1,baseline,2026/04/15-06:44:19.381352,0,1,4,4,0,,263118291,LevelL0FilesNum
baseline_run1,baseline,2026/04/15-06:44:19.765091,0,1,20,8,12,,3759668556,LevelL0FilesNum
baseline_run1,baseline,2026/04/15-06:44:20.081720,0,1,4,4,0,,263130535,LevelL0FilesNum
baseline_run1,baseline,2026/04/15-06:44:20.479759,0,1,4,4,0,,263119110,LevelL0FilesNum
baseline_run1,baseline,2026/04/15-06:44:20.877118,0,1,4,4,0,,263079308,LevelL0FilesNum
baseline_run1,baseline,2026/04/15-06:44:21.272130,0,1,4,4,0,,263112257,LevelL0FilesNum
baseline_run1,baseline,2026/04/15-06:44:21.665816,0,1,4,4,0,,263099456,LevelL0FilesNum
baseline_run1,baseline,2026/04/15-06:44:22.059993,0,1,4,4,0,,263083135,LevelL0FilesNum
baseline_run1,baseline,2026/04/15-06:44:22.537070,0,1,4,4,0,,263073836,LevelL0FilesNum
baseline_run1,baseline,2026/04/15-06:44:23.094140,0,1,4,4,0,,263105029,LevelL0FilesNum
baseline_run1,baseline,2026/04/15-06:44:23.479302,0,1,7,7,0,,1643764160,LevelL0FilesNum
baseline_run1,baseline,2026/04/15-06:44:25.413220,1,2,2,1,1,,138821261,LevelMaxLevelSize
baseline_run1,baseline,2026/04/15-06:44:25.413334,1,2,2,1,1,,141454991,LevelMaxLevelSize
baseline_run1,baseline,2026/04/15-06:44:25.413343,1,2,3,1,2,,189970123,LevelMaxLevelSize
baseline_run1,baseline,2026/04/15-06:44:25.413642,1,2,3,2,1,,307110036,LevelMaxLevelSize
baseline_run1,baseline,2026/04/15-06:44:25.413658,1,2,4,2,2,,266626686,LevelMaxLevelSize
baseline_run1,baseline,2026/04/15-06:44:25.413662,1,2,2,1,1,,202316666,LevelMaxLevelSize
baseline_run1,baseline,2026/04/15-06:44:25.413663,1,2,2,1,1,,176566651,LevelMaxLevelSize
baseline_run1,baseline,2026/04/15-06:44:25.413666,1,2,3,1,2,,178804502,LevelMaxLevelSize
baseline_run1,baseline,2026/04/15-06:44:25.413977,1,2,3,1,2,,234128070,LevelMaxLevelSize
baseline_run1,baseline,2026/04/15-06:44:25.414218,1,2,4,2,2,,387913541,LevelMaxLevelSize
baseline_run1,baseline,2026/04/15-06:44:25.414468,1,2,2,1,1,,122315229,LevelMaxLevelSize
baseline_run1,baseline,2026/04/15-06:44:25.414474,1,2,3,1,2,,277687901,LevelMaxLevelSize
baseline_run1,baseline,2026/04/15-06:44:25.414637,1,2,3,1,2,,217617860,LevelMaxLevelSize
baseline_run1,baseline,2026/04/15-06:44:25.414640,1,2,2,1,1,,117468433,LevelMaxLevelSize
baseline_run1,baseline,2026/04/15-06:44:25.414661,1,2,2,1,1,,106907272,LevelMaxLevelSize
baseline_run1,baseline,2026/04/15-06:44:25.414662,1,2,3,1,2,,139557787,LevelMaxLevelSize
baseline_run1,baseline,2026/04/15-06:44:25.414663,1,2,2,1,1,,114959290,LevelMaxLevelSize
baseline_run1,baseline,2026/04/15-06:44:25.414667,1,2,2,1,1,,113141203,LevelMaxLevelSize
baseline_run1,baseline,2026/04/15-06:44:25.414662,1,2,3,2,1,,395000419,LevelMaxLevelSize
baseline_run1,baseline,2026/04/15-06:44:25.414695,1,2,4,1,3,,242977760,LevelMaxLevelSize
baseline_run1,baseline,2026/04/15-06:44:25.500759,1,2,2,1,1,,188530623,LevelMaxLevelSize
baseline_run1,baseline,2026/04/15-06:44:25.500762,1,2,2,1,1,,99060178,LevelMaxLevelSize
baseline_run1,baseline,2026/04/15-06:44:25.500763,0,1,4,4,0,,263112958,LevelL0FilesNum
baseline_run1,baseline,2026/04/15-06:44:25.500841,1,2,3,1,2,,153157103,LevelMaxLevelSize
baseline_run1,baseline,2026/04/15-06:44:25.783626,2,3,2,1,1,,126366684,LevelMaxLevelSize
baseline_run1,baseline,2026/04/15-06:44:25.783632,2,3,2,1,1,,22041121,LevelMaxLevelSize
baseline_run1,baseline,2026/04/15-06:44:25.783738,2,3,3,1,2,,198658157,LevelMaxLevelSize
baseline_run1,baseline,2026/04/15-06:44:25.794668,2,3,5,1,4,,318267623,LevelMaxLevelSize
baseline_run1,baseline,2026/04/15-06:44:25.794668,2,3,3,1,2,,190989216,LevelMaxLevelSize
baseline_run1,baseline,2026/04/15-06:44:25.798137,2,3,5,1,4,,286550874,LevelMaxLevelSize
baseline_run1,baseline,2026/04/15-06:44:25.798138,2,3,3,1,2,,200737944,LevelMaxLevelSize
baseline_run1,baseline,2026/04/15-06:44:25.805852,2,3,2,1,1,,102167593,LevelMaxLevelSize
baseline_run1,baseline,2026/04/15-06:44:25.805854,2,3,3,1,2,,207923427,LevelMaxLevelSize
baseline_run1,baseline,2026/04/15-06:44:25.805867,2,3,3,1,2,,92082862,LevelMaxLevelSize
baseline_run1,baseline,2026/04/15-06:44:25.805940,2,3,3,1,2,,169555696,LevelMaxLevelSize
baseline_run1,baseline,2026/04/15-06:44:25.847602,2,3,5,1,4,,319233182,LevelMaxLevelSize
baseline_run1,baseline,2026/04/15-06:44:25.847603,2,3,4,1,3,,230186328,LevelMaxLevelSize
baseline_run1,baseline,2026/04/15-06:44:25.847603,2,3,4,1,3,,239348474,LevelMaxLevelSize
baseline_run1,baseline,2026/04/15-06:44:25.847605,2,3,4,1,3,,258848896,LevelMaxLevelSize
baseline_run1,baseline,2026/04/15-06:44:25.880975,2,3,5,1,4,,290791484,LevelMaxLevelSize
baseline_run1,baseline,2026/04/15-06:44:25.880981,2,3,3,1,2,,146992030,LevelMaxLevelSize
baseline_run1,baseline,2026/04/15-06:44:25.881540,2,3,4,1,3,,298710350,LevelMaxLevelSize
baseline_run1,baseline,2026/04/15-06:44:25.881664,2,3,5,1,4,,336487953,LevelMaxLevelSize
baseline_run1,baseline,2026/04/15-06:44:25.883535,2,3,5,1,4,,318451550,LevelMaxLevelSize
baseline_run1,baseline,2026/04/15-06:44:25.883544,2,3,2,1,1,,154710015,LevelMaxLevelSize
baseline_run1,baseline,2026/04/15-06:44:25.903688,2,3,3,1,2,,193285474,LevelMaxLevelSize
baseline_run1,baseline,2026/04/15-06:44:25.903697,2,3,4,1,3,,262080281,LevelMaxLevelSize
baseline_run1,baseline,2026/04/15-06:44:25.903700,2,3,4,1,3,,231495883,LevelMaxLevelSize
baseline_run1,baseline,2026/04/15-06:44:25.903711,2,3,3,1,2,,151231537,LevelMaxLevelSize
baseline_run1,baseline,2026/04/15-06:44:25.940612,0,1,4,4,0,,263122412,LevelL0FilesNum
baseline_run1,baseline,2026/04/15-06:44:25.948510,2,3,3,1,2,,182507586,LevelMaxLevelSize
baseline_run1,baseline,2026/04/15-06:44:25.948518,2,3,3,1,2,,141919709,LevelMaxLevelSize
baseline_run1,baseline,2026/04/15-06:44:25.948526,2,3,3,1,2,,211547657,LevelMaxLevelSize
baseline_run1,baseline,2026/04/15-06:44:25.948618,2,3,5,1,4,,298103230,LevelMaxLevelSize
baseline_run1,baseline,2026/04/15-06:44:25.985252,2,3,3,1,2,,158624875,LevelMaxLevelSize
baseline_run1,baseline,2026/04/15-06:44:25.985364,2,3,2,1,1,,90739842,LevelMaxLevelSize
baseline_run1,baseline,2026/04/15-06:44:25.997269,2,3,6,1,5,,327376978,LevelMaxLevelSize
baseline_run1,baseline,2026/04/15-06:44:26.006580,2,3,5,1,4,,334087921,LevelMaxLevelSize
baseline_run1,baseline,2026/04/15-06:44:26.019911,2,3,7,1,6,,387672287,LevelMaxLevelSize
baseline_run1,baseline,2026/04/15-06:44:26.045485,2,3,3,1,2,,139726348,LevelMaxLevelSize
baseline_run1,baseline,2026/04/15-06:44:26.045492,2,3,2,1,1,,152131861,LevelMaxLevelSize
baseline_run1,baseline,2026/04/15-06:44:26.067298,2,3,3,1,2,,192516127,LevelMaxLevelSize
baseline_run1,baseline,2026/04/15-06:44:26.194303,2,3,2,1,1,,116211376,LevelMaxLevelSize
baseline_run1,baseline,2026/04/15-06:44:26.202741,2,3,7,1,6,,389013293,LevelMaxLevelSize
baseline_run1,baseline,2026/04/15-06:44:26.253141,2,3,2,1,1,,101310319,LevelMaxLevelSize
baseline_run1,baseline,2026/04/15-06:44:26.253363,2,3,3,1,2,,195474560,LevelMaxLevelSize
baseline_run1,baseline,2026/04/15-06:44:26.253367,2,3,4,1,3,,226476992,LevelMaxLevelSize
baseline_run1,baseline,2026/04/15-06:44:26.253370,2,3,4,1,3,,229868637,LevelMaxLevelSize
baseline_run1,baseline,2026/04/15-06:44:26.255486,2,3,6,1,5,,340335333,LevelMaxLevelSize
baseline_run1,baseline,2026/04/15-06:44:26.257259,2,3,5,1,4,,289920751,LevelMaxLevelSize
baseline_run1,baseline,2026/04/15-06:44:26.266909,2,3,2,1,1,,109485644,LevelMaxLevelSize
baseline_run1,baseline,2026/04/15-06:44:26.274659,2,3,4,1,3,,201617216,LevelMaxLevelSize
baseline_run1,baseline,2026/04/15-06:44:26.289131,2,3,4,2,2,,182063697,LevelMaxLevelSize
baseline_run1,baseline,2026/04/15-06:44:26.307173,2,3,4,1,3,,236871183,LevelMaxLevelSize
baseline_run1,baseline,2026/04/15-06:44:26.368866,2,3,5,1,4,,278503184,LevelMaxLevelSize
baseline_run1,baseline,2026/04/15-06:44:26.380081,2,3,6,1,5,,340744289,LevelMaxLevelSize
baseline_run1,baseline,2026/04/15-06:44:26.393751,0,1,4,4,0,,263101655,LevelL0FilesNum
baseline_run1,baseline,2026/04/15-06:44:26.722538,3,4,2,1,1,,121178563,LevelMaxLevelSize
baseline_run1,baseline,2026/04/15-06:44:26.722549,3,4,3,1,2,,119253589,LevelMaxLevelSize
baseline_run1,baseline,2026/04/15-06:44:26.722613,3,4,3,1,2,,170466747,LevelMaxLevelSize
baseline_run1,baseline,2026/04/15-06:44:26.722755,3,4,2,1,1,,104673167,LevelMaxLevelSize
baseline_run1,baseline,2026/04/15-06:44:26.722777,3,4,3,1,2,,206263883,LevelMaxLevelSize
baseline_run1,baseline,2026/04/15-06:44:26.732021,3,4,3,1,2,,190112019,LevelMaxLevelSize
baseline_run1,baseline,2026/04/15-06:44:26.732023,3,4,3,1,2,,169766681,LevelMaxLevelSize
baseline_run1,baseline,2026/04/15-06:44:26.732110,3,4,3,1,2,,189428321,LevelMaxLevelSize
baseline_run1,baseline,2026/04/15-06:44:26.735106,3,4,3,1,2,,169236817,LevelMaxLevelSize
baseline_run1,baseline,2026/04/15-06:44:26.735279,3,4,2,1,1,,85239020,LevelMaxLevelSize
baseline_run1,baseline,2026/04/15-06:44:26.735286,3,4,3,1,2,,190738454,LevelMaxLevelSize
baseline_run1,baseline,2026/04/15-06:44:26.735286,3,4,3,1,2,,169621205,LevelMaxLevelSize
baseline_run1,baseline,2026/04/15-06:44:26.793989,3,4,3,1,2,,206263130,LevelMaxLevelSize
baseline_run1,baseline,2026/04/15-06:44:26.794162,3,4,3,1,2,,173302348,LevelMaxLevelSize
baseline_run1,baseline,2026/04/15-06:44:26.794573,3,4,3,1,2,,187357606,LevelMaxLevelSize
baseline_run1,baseline,2026/04/15-06:44:26.794574,3,4,3,1,2,,146475584,LevelMaxLevelSize
baseline_run1,baseline,2026/04/15-06:44:26.823420,0,1,4,4,0,,263114895,LevelL0FilesNum
baseline_run1,baseline,2026/04/15-06:44:26.835605,3,4,2,1,1,,108295121,LevelMaxLevelSize
baseline_run1,baseline,2026/04/15-06:44:26.835921,3,4,4,1,3,,233123650,LevelMaxLevelSize
baseline_run1,baseline,2026/04/15-06:44:26.835924,3,4,3,1,2,,108742473,LevelMaxLevelSize
baseline_run1,baseline,2026/04/15-06:44:26.836172,3,4,3,1,2,,168976789,LevelMaxLevelSize
baseline_run1,baseline,2026/04/15-06:44:26.836173,3,4,3,1,2,,160471655,LevelMaxLevelSize
baseline_run1,baseline,2026/04/15-06:44:26.836182,3,4,2,1,1,,102246175,LevelMaxLevelSize
baseline_run1,baseline,2026/04/15-06:44:26.836184,3,4,3,1,2,,159748601,LevelMaxLevelSize
baseline_run1,baseline,2026/04/15-06:44:26.860180,3,4,2,1,1,,107819247,LevelMaxLevelSize
baseline_run1,baseline,2026/04/15-06:44:26.860196,3,4,2,1,1,,102155766,LevelMaxLevelSize
baseline_run1,baseline,2026/04/15-06:44:26.860538,3,4,3,1,2,,159777679,LevelMaxLevelSize
baseline_run1,baseline,2026/04/15-06:44:26.860540,3,4,3,1,2,,177795759,LevelMaxLevelSize
baseline_run1,baseline,2026/04/15-06:44:26.860541,3,4,3,1,2,,159455537,LevelMaxLevelSize
baseline_run1,baseline,2026/04/15-06:44:26.860542,3,4,3,1,2,,169722899,LevelMaxLevelSize
baseline_run1,baseline,2026/04/15-06:44:26.939159,3,4,4,1,3,,219084841,LevelMaxLevelSize
baseline_run1,baseline,2026/04/15-06:44:26.939254,3,4,3,1,2,,196718804,LevelMaxLevelSize
baseline_run1,baseline,2026/04/15-06:44:26.939322,3,4,3,1,2,,197955211,LevelMaxLevelSize
baseline_run1,baseline,2026/04/15-06:44:26.939325,3,4,4,1,3,,197123553,LevelMaxLevelSize
baseline_run1,baseline,2026/04/15-06:44:26.968952,3,4,3,1,2,,205165862,LevelMaxLevelSize
baseline_run1,baseline,2026/04/15-06:44:26.968952,3,4,3,1,2,,156021803,LevelMaxLevelSize
baseline_run1,baseline,2026/04/15-06:44:26.972779,3,4,3,1,2,,159575036,LevelMaxLevelSize
baseline_run1,baseline,2026/04/15-06:44:26.975467,3,4,5,1,4,,313593182,LevelMaxLevelSize
baseline_run1,baseline,2026/04/15-06:44:27.040770,3,4,3,1,2,,189123944,LevelMaxLevelSize
baseline_run1,baseline,2026/04/15-06:44:27.084170,3,4,3,1,2,,186957895,LevelMaxLevelSize
baseline_run1,baseline,2026/04/15-06:44:27.087625,3,4,3,1,2,,198724174,LevelMaxLevelSize
baseline_run1,baseline,2026/04/15-06:44:27.095704,3,4,2,1,1,,59909409,LevelMaxLevelSize
baseline_run1,baseline,2026/04/15-06:44:27.101313,3,4,3,1,2,,176555429,LevelMaxLevelSize
baseline_run1,baseline,2026/04/15-06:44:27.103752,3,4,4,1,3,,201318140,LevelMaxLevelSize
baseline_run1,baseline,2026/04/15-06:44:27.103753,3,4,3,1,2,,180497288,LevelMaxLevelSize
baseline_run1,baseline,2026/04/15-06:44:27.105955,3,4,3,1,2,,184297689,LevelMaxLevelSize
baseline_run1,baseline,2026/04/15-06:44:27.109388,3,4,3,1,2,,155483760,LevelMaxLevelSize
baseline_run1,baseline,2026/04/15-06:44:27.110994,3,4,3,1,2,,157531563,LevelMaxLevelSize
baseline_run1,baseline,2026/04/15-06:44:27.124758,3,4,3,1,2,,158974664,LevelMaxLevelSize
baseline_run1,baseline,2026/04/15-06:44:27.132489,3,4,3,1,2,,198386477,LevelMaxLevelSize
baseline_run1,baseline,2026/04/15-06:44:27.141960,3,4,3,1,2,,158933034,LevelMaxLevelSize
baseline_run1,baseline,2026/04/15-06:44:27.144348,3,4,2,1,1,,99165540,LevelMaxLevelSize
baseline_run1,baseline,2026/04/15-06:44:27.166389,3,4,3,1,2,,158821901,LevelMaxLevelSize
baseline_run1,baseline,2026/04/15-06:44:27.276896,0,1,4,4,0,,263106596,LevelL0FilesNum
baseline_run1,baseline,2026/04/15-06:44:27.678170,0,1,4,4,0,,263112151,LevelL0FilesNum
baseline_run1,baseline,2026/04/15-06:44:28.042670,0,1,20,12,8,,4450904075,LevelL0FilesNum
baseline_run1,baseline,2026/04/15-06:44:28.378730,0,1,4,4,0,,263111120,LevelL0FilesNum
baseline_run1,baseline,2026/04/15-06:44:28.770577,0,1,4,4,0,,263118282,LevelL0FilesNum
baseline_run1,baseline,2026/04/15-06:44:29.261301,0,1,4,4,0,,263111319,LevelL0FilesNum
baseline_run1,baseline,2026/04/15-06:44:29.837907,0,1,4,4,0,,263120483,LevelL0FilesNum
baseline_run1,baseline,2026/04/15-06:44:30.208879,0,1,5,5,0,,1117767888,LevelL0FilesNum
baseline_run1,baseline,2026/04/15-06:44:31.837638,0,1,4,4,0,,263097648,LevelL0FilesNum
baseline_run1,baseline,2026/04/15-06:44:32.336079,0,1,4,4,0,,263106667,LevelL0FilesNum
baseline_run1,baseline,2026/04/15-06:44:32.910156,0,1,4,4,0,,263090533,LevelL0FilesNum
baseline_run1,baseline,2026/04/15-06:44:33.297116,0,1,4,4,0,,854759744,LevelL0FilesNum
baseline_run1,baseline,2026/04/15-06:44:34.703652,1,2,2,1,1,,95090438,LevelMaxLevelSize
baseline_run1,baseline,2026/04/15-06:44:34.703808,1,2,2,1,1,,74937731,LevelMaxLevelSize
baseline_run1,baseline,2026/04/15-06:44:34.703885,1,2,2,1,1,,84535203,LevelMaxLevelSize
baseline_run1,baseline,2026/04/15-06:44:34.703971,1,2,2,1,1,,194324018,LevelMaxLevelSize
baseline_run1,baseline,2026/04/15-06:44:34.704307,1,2,2,1,1,,153756089,LevelMaxLevelSize
baseline_run1,baseline,2026/04/15-06:44:34.704307,1,2,2,1,1,,71323350,LevelMaxLevelSize
baseline_run1,baseline,2026/04/15-06:44:34.704550,1,2,2,1,1,,101827318,LevelMaxLevelSize
baseline_run1,baseline,2026/04/15-06:44:34.704745,1,2,3,1,2,,201544929,LevelMaxLevelSize
baseline_run1,baseline,2026/04/15-06:44:34.704745,1,2,2,1,1,,154646121,LevelMaxLevelSize
baseline_run1,baseline,2026/04/15-06:44:34.704750,1,2,2,1,1,,96163113,LevelMaxLevelSize
baseline_run1,baseline,2026/04/15-06:44:34.704759,1,2,3,1,2,,179656298,LevelMaxLevelSize
baseline_run1,baseline,2026/04/15-06:44:34.704771,1,2,2,1,1,,79108319,LevelMaxLevelSize
baseline_run1,baseline,2026/04/15-06:44:34.704773,1,2,2,1,1,,32425502,LevelMaxLevelSize
baseline_run1,baseline,2026/04/15-06:44:34.704779,1,2,2,1,1,,103611743,LevelMaxLevelSize
baseline_run1,baseline,2026/04/15-06:44:34.704788,1,2,3,2,1,,365962402,LevelMaxLevelSize
baseline_run1,baseline,2026/04/15-06:44:34.709845,2,3,5,1,4,,359794929,LevelMaxLevelSize
baseline_run1,baseline,2026/04/15-06:44:34.709883,2,3,7,1,6,,357996086,LevelMaxLevelSize
baseline_run1,baseline,2026/04/15-06:44:34.710069,2,3,5,1,4,,346060746,LevelMaxLevelSize
baseline_run1,baseline,2026/04/15-06:44:34.710075,2,3,5,1,4,,337383442,LevelMaxLevelSize
baseline_run1,baseline,2026/04/15-06:44:34.710087,2,3,5,1,4,,302436129,LevelMaxLevelSize
baseline_run1,baseline,2026/04/15-06:44:34.710102,2,3,4,1,3,,211281108,LevelMaxLevelSize
baseline_run1,baseline,2026/04/15-06:44:34.776426,2,3,6,2,4,,338493550,LevelMaxLevelSize
baseline_run1,baseline,2026/04/15-06:44:34.847065,2,3,7,1,6,,361720021,LevelMaxLevelSize
baseline_run1,baseline,2026/04/15-06:44:34.856635,2,3,4,1,3,,299154837,LevelMaxLevelSize
baseline_run1,baseline,2026/04/15-06:44:34.865003,2,3,5,1,4,,343627281,LevelMaxLevelSize
baseline_run1,baseline,2026/04/15-06:44:34.870080,2,3,7,1,6,,400353193,LevelMaxLevelSize
baseline_run1,baseline,2026/04/15-06:44:34.891710,2,3,6,1,5,,351724709,LevelMaxLevelSize
baseline_run1,baseline,2026/04/15-06:44:34.891810,2,3,2,1,1,,77837425,LevelMaxLevelSize
baseline_run1,baseline,2026/04/15-06:44:34.891828,2,3,11,1,10,,565881825,LevelMaxLevelSize
baseline_run1,baseline,2026/04/15-06:44:34.899864,2,3,7,1,6,,401681657,LevelMaxLevelSize
baseline_run1,baseline,2026/04/15-06:44:34.904330,2,3,7,1,6,,406025473,LevelMaxLevelSize
baseline_run1,baseline,2026/04/15-06:44:34.904337,2,3,3,1,2,,145569779,LevelMaxLevelSize
baseline_run1,baseline,2026/04/15-06:44:34.922505,2,3,4,1,3,,183935977,LevelMaxLevelSize
baseline_run1,baseline,2026/04/15-06:44:35.007663,2,3,6,1,5,,309535732,LevelMaxLevelSize
baseline_run1,baseline,2026/04/15-06:44:35.007681,2,3,13,1,12,,796524769,LevelMaxLevelSize
baseline_run1,baseline,2026/04/15-06:44:35.007688,2,3,6,1,5,,361663249,LevelMaxLevelSize
baseline_run1,baseline,2026/04/15-06:44:35.022358,2,3,7,1,6,,407238906,LevelMaxLevelSize
baseline_run1,baseline,2026/04/15-06:44:35.064823,2,3,2,1,1,,79970604,LevelMaxLevelSize
baseline_run1,baseline,2026/04/15-06:44:35.065090,2,3,8,1,7,,388380770,LevelMaxLevelSize
baseline_run1,baseline,2026/04/15-06:44:35.065112,2,3,3,1,2,,130517172,LevelMaxLevelSize
baseline_run1,baseline,2026/04/15-06:44:35.065126,2,3,7,1,6,,445101154,LevelMaxLevelSize
baseline_run1,baseline,2026/04/15-06:44:35.095570,2,3,3,1,2,,193711999,LevelMaxLevelSize
baseline_run1,baseline,2026/04/15-06:44:35.095674,2,3,6,1,5,,401933872,LevelMaxLevelSize
baseline_run1,baseline,2026/04/15-06:44:35.095681,2,3,7,1,6,,408320220,LevelMaxLevelSize
baseline_run1,baseline,2026/04/15-06:44:35.109759,2,3,2,1,1,,114103467,LevelMaxLevelSize
baseline_run1,baseline,2026/04/15-06:44:35.109859,2,3,2,1,1,,103228018,LevelMaxLevelSize
baseline_run1,baseline,2026/04/15-06:44:35.109952,2,3,4,1,3,,234658674,LevelMaxLevelSize
baseline_run1,baseline,2026/04/15-06:44:35.109953,2,3,3,1,2,,180665263,LevelMaxLevelSize
baseline_run1,baseline,2026/04/15-06:44:35.155314,0,1,4,4,0,,263105632,LevelL0FilesNum
baseline_run1,baseline,2026/04/15-06:44:35.472908,2,3,2,1,1,,147386606,LevelMaxLevelSize
baseline_run1,baseline,2026/04/15-06:44:35.473074,2,3,4,1,3,,257802663,LevelMaxLevelSize
baseline_run1,baseline,2026/04/15-06:44:35.473076,2,3,4,1,3,,199397279,LevelMaxLevelSize
baseline_run1,baseline,2026/04/15-06:44:35.473079,2,3,4,1,3,,179213707,LevelMaxLevelSize
baseline_run1,baseline,2026/04/15-06:44:35.473275,2,3,4,1,3,,239758358,LevelMaxLevelSize
baseline_run1,baseline,2026/04/15-06:44:35.473285,2,3,5,1,4,,261665625,LevelMaxLevelSize
baseline_run1,baseline,2026/04/15-06:44:35.649644,0,1,4,4,0,,263120258,LevelL0FilesNum
baseline_run1,baseline,2026/04/15-06:44:35.945314,3,4,2,1,1,,130153187,LevelMaxLevelSize
baseline_run1,baseline,2026/04/15-06:44:35.945578,3,4,2,1,1,,106294986,LevelMaxLevelSize
baseline_run1,baseline,2026/04/15-06:44:35.945590,3,4,2,1,1,,110149808,LevelMaxLevelSize
baseline_run1,baseline,2026/04/15-06:44:35.945592,3,4,2,1,1,,112280713,LevelMaxLevelSize
baseline_run1,baseline,2026/04/15-06:44:35.949950,3,4,2,1,1,,106361652,LevelMaxLevelSize
baseline_run1,baseline,2026/04/15-06:44:35.949951,3,4,2,1,1,,109946014,LevelMaxLevelSize
baseline_run1,baseline,2026/04/15-06:44:35.950048,3,4,3,1,2,,163955294,LevelMaxLevelSize
baseline_run1,baseline,2026/04/15-06:44:35.950069,3,4,4,1,3,,242560995,LevelMaxLevelSize
baseline_run1,baseline,2026/04/15-06:44:35.950080,3,4,3,1,2,,163704046,LevelMaxLevelSize
baseline_run1,baseline,2026/04/15-06:44:35.951798,3,4,3,1,2,,163701948,LevelMaxLevelSize
baseline_run1,baseline,2026/04/15-06:44:35.951956,3,4,2,1,1,,103089847,LevelMaxLevelSize
baseline_run1,baseline,2026/04/15-06:44:35.951958,3,4,3,1,2,,163393426,LevelMaxLevelSize
baseline_run1,baseline,2026/04/15-06:44:35.951971,3,4,3,1,2,,172380775,LevelMaxLevelSize
baseline_run1,baseline,2026/04/15-06:44:35.951979,3,4,3,1,2,,176869948,LevelMaxLevelSize
baseline_run1,baseline,2026/04/15-06:44:35.951979,3,4,3,1,2,,173154594,LevelMaxLevelSize
baseline_run1,baseline,2026/04/15-06:44:35.951981,3,4,3,1,2,,163230332,LevelMaxLevelSize
baseline_run1,baseline,2026/04/15-06:44:36.002756,3,4,3,1,2,,177448889,LevelMaxLevelSize
baseline_run1,baseline,2026/04/15-06:44:36.002759,3,4,3,1,2,,159694507,LevelMaxLevelSize
baseline_run1,baseline,2026/04/15-06:44:36.003074,3,4,3,1,2,,199193692,LevelMaxLevelSize
baseline_run1,baseline,2026/04/15-06:44:36.003501,3,4,3,1,2,,168125958,LevelMaxLevelSize
baseline_run1,baseline,2026/04/15-06:44:36.003501,3,4,3,1,2,,162050012,LevelMaxLevelSize
baseline_run1,baseline,2026/04/15-06:44:36.003533,3,4,3,1,2,,162002268,LevelMaxLevelSize
baseline_run1,baseline,2026/04/15-06:44:36.003540,3,4,3,1,2,,161315453,LevelMaxLevelSize
baseline_run1,baseline,2026/04/15-06:44:36.003543,3,4,4,1,3,,188289130,LevelMaxLevelSize
baseline_run1,baseline,2026/04/15-06:44:36.003542,3,4,3,1,2,,162903834,LevelMaxLevelSize
baseline_run1,baseline,2026/04/15-06:44:36.003543,3,4,2,1,1,,101254949,LevelMaxLevelSize
baseline_run1,baseline,2026/04/15-06:44:36.003542,3,4,3,1,2,,163086854,LevelMaxLevelSize
baseline_run1,baseline,2026/04/15-06:44:36.088170,0,1,4,4,0,,263099470,LevelL0FilesNum
baseline_run1,baseline,2026/04/15-06:44:36.501828,0,1,4,4,0,,263126674,LevelL0FilesNum
baseline_run1,baseline,2026/04/15-06:44:36.543737,3,4,3,1,2,,199876339,LevelMaxLevelSize
baseline_run1,baseline,2026/04/15-06:44:36.543847,3,4,3,1,2,,181044588,LevelMaxLevelSize
baseline_run1,baseline,2026/04/15-06:44:36.543851,3,4,2,1,1,,99210139,LevelMaxLevelSize
baseline_run1,baseline,2026/04/15-06:44:36.543866,3,4,3,1,2,,164609075,LevelMaxLevelSize
baseline_run1,baseline,2026/04/15-06:44:36.543866,3,4,4,1,3,,172669975,LevelMaxLevelSize
baseline_run1,baseline,2026/04/15-06:44:36.544301,3,4,3,1,2,,180760124,LevelMaxLevelSize
baseline_run1,baseline,2026/04/15-06:44:36.544517,3,4,3,1,2,,155550211,LevelMaxLevelSize
baseline_run1,baseline,2026/04/15-06:44:36.544521,3,4,3,1,2,,155554170,LevelMaxLevelSize
baseline_run1,baseline,2026/04/15-06:44:36.544517,3,4,3,1,2,,155796224,LevelMaxLevelSize
baseline_run1,baseline,2026/04/15-06:44:36.544537,3,4,2,1,1,,99037733,LevelMaxLevelSize
baseline_run1,baseline,2026/04/15-06:44:36.544538,3,4,3,1,2,,163596883,LevelMaxLevelSize
baseline_run1,baseline,2026/04/15-06:44:36.544548,3,4,3,1,2,,175727290,LevelMaxLevelSize
baseline_run1,baseline,2026/04/15-06:44:36.544553,3,4,3,1,2,,198019688,LevelMaxLevelSize
baseline_run1,baseline,2026/04/15-06:44:36.544555,3,4,3,1,2,,163618998,LevelMaxLevelSize
baseline_run1,baseline,2026/04/15-06:44:36.544646,3,4,3,1,2,,180529492,LevelMaxLevelSize
baseline_run1,baseline,2026/04/15-06:44:36.904606,0,1,4,4,0,,263100006,LevelL0FilesNum
baseline_run1,baseline,2026/04/15-06:44:37.272456,0,1,36,10,26,,5405228006,LevelL0FilesNum
baseline_run1,baseline,2026/04/15-06:44:37.589866,0,1,4,4,0,,263099768,LevelL0FilesNum
baseline_run1,baseline,2026/04/15-06:44:37.980442,0,1,4,4,0,,263085180,LevelL0FilesNum
baseline_run1,baseline,2026/04/15-06:44:38.385957,0,1,4,4,0,,263125849,LevelL0FilesNum
baseline_run1,baseline,2026/04/15-06:44:40.720733,0,1,4,4,0,,263097645,LevelL0FilesNum
baseline_run1,baseline,2026/04/15-06:44:41.103960,0,1,4,4,0,,1052007141,LevelL0FilesNum
baseline_run1,baseline,2026/04/15-06:44:45.297945,1,2,2,1,1,,189225771,LevelMaxLevelSize
baseline_run1,baseline,2026/04/15-06:44:45.298022,1,2,2,1,1,,56019537,LevelMaxLevelSize
baseline_run1,baseline,2026/04/15-06:44:45.298210,1,2,2,1,1,,84938848,LevelMaxLevelSize
baseline_run1,baseline,2026/04/15-06:44:45.298214,1,2,2,1,1,,193567498,LevelMaxLevelSize
baseline_run1,baseline,2026/04/15-06:44:45.298217,1,2,2,1,1,,166892556,LevelMaxLevelSize
baseline_run1,baseline,2026/04/15-06:44:45.298220,1,2,2,1,1,,59894329,LevelMaxLevelSize
baseline_run1,baseline,2026/04/15-06:44:45.298227,1,2,3,2,1,,299743876,LevelMaxLevelSize
baseline_run1,baseline,2026/04/15-06:44:45.298235,1,2,2,1,1,,168646894,LevelMaxLevelSize
baseline_run1,baseline,2026/04/15-06:44:45.298240,1,2,2,1,1,,174632738,LevelMaxLevelSize
baseline_run1,baseline,2026/04/15-06:44:45.298249,1,2,2,1,1,,197081665,LevelMaxLevelSize
baseline_run1,baseline,2026/04/15-06:44:45.298273,1,2,3,1,2,,186065015,LevelMaxLevelSize
baseline_run1,baseline,2026/04/15-06:44:45.298273,1,2,2,1,1,,158456587,LevelMaxLevelSize
baseline_run1,baseline,2026/04/15-06:44:45.298275,1,2,2,1,1,,69228101,LevelMaxLevelSize
baseline_run1,baseline,2026/04/15-06:44:45.298282,1,2,2,1,1,,167817889,LevelMaxLevelSize
baseline_run1,baseline,2026/04/15-06:44:45.298537,1,2,2,1,1,,150921238,LevelMaxLevelSize
baseline_run1,baseline,2026/04/15-06:44:45.298702,1,2,2,1,1,,155852900,LevelMaxLevelSize
baseline_run1,baseline,2026/04/15-06:44:45.298940,1,2,2,1,1,,159787918,LevelMaxLevelSize
baseline_run1,baseline,2026/04/15-06:44:45.298945,1,2,2,1,1,,147827090,LevelMaxLevelSize
baseline_run1,baseline,2026/04/15-06:44:45.298953,1,2,3,2,1,,358450459,LevelMaxLevelSize
baseline_run1,baseline,2026/04/15-06:44:45.298960,1,2,2,1,1,,145742428,LevelMaxLevelSize
baseline_run1,baseline,2026/04/15-06:44:45.298965,1,2,2,1,1,,142087931,LevelMaxLevelSize
baseline_run1,baseline,2026/04/15-06:44:45.298967,1,2,2,1,1,,138842955,LevelMaxLevelSize
baseline_run1,baseline,2026/04/15-06:44:45.300696,1,2,2,1,1,,127139879,LevelMaxLevelSize
baseline_run1,baseline,2026/04/15-06:44:45.300697,1,2,2,1,1,,82026820,LevelMaxLevelSize
baseline_run1,baseline,2026/04/15-06:44:45.300713,1,2,2,1,1,,142781660,LevelMaxLevelSize
baseline_run1,baseline,2026/04/15-06:44:45.300815,1,2,3,2,1,,374510636,LevelMaxLevelSize
baseline_run1,baseline,2026/04/15-06:44:45.304755,1,2,4,3,1,,521758080,LevelMaxLevelSize
baseline_run1,baseline,2026/04/15-06:44:45.483958,2,3,8,1,7,,549992463,LevelMaxLevelSize
baseline_run1,baseline,2026/04/15-06:44:45.483967,2,3,3,1,2,,189195933,LevelMaxLevelSize
baseline_run1,baseline,2026/04/15-06:44:45.575638,2,3,3,1,2,,192128565,LevelMaxLevelSize
baseline_run1,baseline,2026/04/15-06:44:45.598154,2,3,2,1,1,,119707293,LevelMaxLevelSize
baseline_run1,baseline,2026/04/15-06:44:45.598155,2,3,4,1,3,,289807943,LevelMaxLevelSize
baseline_run1,baseline,2026/04/15-06:44:45.599966,2,3,4,1,3,,240951047,LevelMaxLevelSize
baseline_run1,baseline,2026/04/15-06:44:45.599977,2,3,4,1,3,,221195174,LevelMaxLevelSize
baseline_run1,baseline,2026/04/15-06:44:45.603649,2,3,7,1,6,,572073052,LevelMaxLevelSize
baseline_run1,baseline,2026/04/15-06:44:45.603655,2,3,4,1,3,,211289122,LevelMaxLevelSize
baseline_run1,baseline,2026/04/15-06:44:45.609631,2,3,5,1,4,,386303452,LevelMaxLevelSize
baseline_run1,baseline,2026/04/15-06:44:45.611255,2,3,2,1,1,,48514743,LevelMaxLevelSize
baseline_run1,baseline,2026/04/15-06:44:45.611437,2,3,3,1,2,,223022705,LevelMaxLevelSize
baseline_run1,baseline,2026/04/15-06:44:45.611452,2,3,4,1,3,,245082740,LevelMaxLevelSize
baseline_run1,baseline,2026/04/15-06:44:45.625707,2,3,2,1,1,,109056849,LevelMaxLevelSize
baseline_run1,baseline,2026/04/15-06:44:45.625728,2,3,5,1,4,,283017635,LevelMaxLevelSize
baseline_run1,baseline,2026/04/15-06:44:45.634650,2,3,6,1,5,,365549287,LevelMaxLevelSize
baseline_run1,baseline,2026/04/15-06:44:45.634660,2,3,2,1,1,,97294931,LevelMaxLevelSize
baseline_run1,baseline,2026/04/15-06:44:45.634671,2,3,4,1,3,,237654373,LevelMaxLevelSize
baseline_run1,baseline,2026/04/15-06:44:45.636661,2,3,5,1,4,,380347787,LevelMaxLevelSize
baseline_run1,baseline,2026/04/15-06:44:45.636661,2,3,2,1,1,,153679842,LevelMaxLevelSize
baseline_run1,baseline,2026/04/15-06:44:45.638388,2,3,7,2,5,,381052374,LevelMaxLevelSize
baseline_run1,baseline,2026/04/15-06:44:45.638389,2,3,4,1,3,,222323235,LevelMaxLevelSize
baseline_run1,baseline,2026/04/15-06:44:45.638405,2,3,2,1,1,,74194354,LevelMaxLevelSize
baseline_run1,baseline,2026/04/15-06:44:45.651701,2,3,4,1,3,,230352154,LevelMaxLevelSize
baseline_run1,baseline,2026/04/15-06:44:45.651772,2,3,2,1,1,,93418033,LevelMaxLevelSize
baseline_run1,baseline,2026/04/15-06:44:45.655115,2,3,4,1,3,,203118613,LevelMaxLevelSize
baseline_run1,baseline,2026/04/15-06:44:45.656576,2,3,2,1,1,,134515907,LevelMaxLevelSize
baseline_run1,baseline,2026/04/15-06:44:45.682591,2,3,2,1,1,,106198467,LevelMaxLevelSize
baseline_run1,baseline,2026/04/15-06:44:45.695528,2,3,2,1,1,,89037468,LevelMaxLevelSize
baseline_run1,baseline,2026/04/15-06:44:45.720222,2,3,3,1,2,,189652225,LevelMaxLevelSize
baseline_run1,baseline,2026/04/15-06:44:45.722136,2,3,4,1,3,,259340544,LevelMaxLevelSize
baseline_run1,baseline,2026/04/15-06:44:45.727061,2,3,2,1,1,,121860919,LevelMaxLevelSize
baseline_run1,baseline,2026/04/15-06:44:45.730696,2,3,4,1,3,,214711452,LevelMaxLevelSize
baseline_run1,baseline,2026/04/15-06:44:45.821545,2,3,5,1,4,,325229397,LevelMaxLevelSize
baseline_run1,baseline,2026/04/15-06:44:45.871375,2,3,3,1,2,,195970046,LevelMaxLevelSize
baseline_run1,baseline,2026/04/15-06:44:45.877128,2,3,4,1,3,,244092212,LevelMaxLevelSize
baseline_run1,baseline,2026/04/15-06:44:45.889992,2,3,4,1,3,,249175172,LevelMaxLevelSize
baseline_run1,baseline,2026/04/15-06:44:45.891891,2,3,3,1,2,,211391007,LevelMaxLevelSize
baseline_run1,baseline,2026/04/15-06:44:45.910879,2,3,3,1,2,,202512581,LevelMaxLevelSize
baseline_run1,baseline,2026/04/15-06:44:45.913809,2,3,6,1,5,,311976823,LevelMaxLevelSize
baseline_run1,baseline,2026/04/15-06:44:45.944847,0,1,5,5,0,,328878350,LevelL0FilesNum
baseline_run1,baseline,2026/04/15-06:44:45.957813,2,3,4,1,3,,273994148,LevelMaxLevelSize
baseline_run1,baseline,2026/04/15-06:44:45.977769,2,3,5,2,3,,258016967,LevelMaxLevelSize
baseline_run1,baseline,2026/04/15-06:44:46.018634,2,3,5,1,4,,286345684,LevelMaxLevelSize
baseline_run1,baseline,2026/04/15-06:44:46.022326,2,3,3,1,2,,117577614,LevelMaxLevelSize
baseline_run1,baseline,2026/04/15-06:44:46.041469,2,3,6,1,5,,301597603,LevelMaxLevelSize
baseline_run1,baseline,2026/04/15-06:44:46.103759,2,3,4,1,3,,238630849,LevelMaxLevelSize
baseline_run1,baseline,2026/04/15-06:44:46.107680,2,3,3,1,2,,159196529,LevelMaxLevelSize
baseline_run1,baseline,2026/04/15-06:44:46.126061,2,3,2,1,1,,154338725,LevelMaxLevelSize
baseline_run1,baseline,2026/04/15-06:44:46.141364,2,3,2,1,1,,146180643,LevelMaxLevelSize
baseline_run1,baseline,2026/04/15-06:44:46.151600,2,3,3,1,2,,183875957,LevelMaxLevelSize
baseline_run1,baseline,2026/04/15-06:44:46.171444,2,3,3,1,2,,176044774,LevelMaxLevelSize
baseline_run1,baseline,2026/04/15-06:44:46.184435,2,3,3,1,2,,182887627,LevelMaxLevelSize
baseline_run1,baseline,2026/04/15-06:44:46.188487,2,3,2,1,1,,135674860,LevelMaxLevelSize
baseline_run1,baseline,2026/04/15-06:44:46.199716,2,3,3,1,2,,214737440,LevelMaxLevelSize
baseline_run1,baseline,2026/04/15-06:44:46.209467,2,3,3,1,2,,186038822,LevelMaxLevelSize
baseline_run1,baseline,2026/04/15-06:44:46.210875,2,3,3,1,2,,260142532,LevelMaxLevelSize
baseline_run1,baseline,2026/04/15-06:44:46.221022,2,3,4,1,3,,261973533,LevelMaxLevelSize
baseline_run1,baseline,2026/04/15-06:44:46.266486,2,3,6,1,5,,316531863,LevelMaxLevelSize
baseline_run1,baseline,2026/04/15-06:44:46.297888,2,3,5,1,4,,302679532,LevelMaxLevelSize
baseline_run1,baseline,2026/04/15-06:44:46.303937,2,3,7,2,5,,343672377,LevelMaxLevelSize
baseline_run1,baseline,2026/04/15-06:44:46.317913,2,3,6,1,5,,312418302,LevelMaxLevelSize
baseline_run1,baseline,2026/04/15-06:44:46.348068,2,3,5,1,4,,319073730,LevelMaxLevelSize
baseline_run1,baseline,2026/04/15-06:44:46.355508,2,3,6,1,5,,343145042,LevelMaxLevelSize
baseline_run1,baseline,2026/04/15-06:44:46.401587,0,1,4,4,0,,263116055,LevelL0FilesNum
baseline_run1,baseline,2026/04/15-06:44:46.408877,2,3,4,1,3,,272246849,LevelMaxLevelSize
baseline_run1,baseline,2026/04/15-06:44:46.462795,2,3,4,1,3,,238642428,LevelMaxLevelSize
baseline_run1,baseline,2026/04/15-06:44:46.522208,2,3,3,1,2,,193523114,LevelMaxLevelSize
baseline_run1,baseline,2026/04/15-06:44:46.522210,2,3,4,1,3,,211984135,LevelMaxLevelSize
baseline_run1,baseline,2026/04/15-06:44:46.522456,2,3,4,1,3,,214078396,LevelMaxLevelSize
baseline_run1,baseline,2026/04/15-06:44:46.522459,2,3,3,1,2,,163394955,LevelMaxLevelSize
baseline_run1,baseline,2026/04/15-06:44:46.522460,2,3,5,1,4,,291488430,LevelMaxLevelSize
baseline_run1,baseline,2026/04/15-06:44:46.522644,2,3,6,1,5,,344333457,LevelMaxLevelSize
baseline_run1,baseline,2026/04/15-06:44:46.525385,2,3,6,1,5,,376901533,LevelMaxLevelSize
baseline_run1,baseline,2026/04/15-06:44:46.562259,2,3,5,1,4,,432174313,LevelMaxLevelSize
baseline_run1,baseline,2026/04/15-06:44:46.806160,0,1,4,4,0,,263111125,LevelL0FilesNum
baseline_run1,baseline,2026/04/15-06:44:46.944518,3,4,3,1,2,,121807855,LevelMaxLevelSize
baseline_run1,baseline,2026/04/15-06:44:46.946817,3,4,2,1,1,,79723952,LevelMaxLevelSize
baseline_run1,baseline,2026/04/15-06:44:46.946820,3,4,2,1,1,,113641679,LevelMaxLevelSize
baseline_run1,baseline,2026/04/15-06:44:46.946824,3,4,4,1,3,,266410828,LevelMaxLevelSize
baseline_run1,baseline,2026/04/15-06:44:46.946853,3,4,2,1,1,,108350148,LevelMaxLevelSize
baseline_run1,baseline,2026/04/15-06:44:46.946853,3,4,3,1,2,,160776090,LevelMaxLevelSize
baseline_run1,baseline,2026/04/15-06:44:46.948541,3,4,3,1,2,,184645794,LevelMaxLevelSize
baseline_run1,baseline,2026/04/15-06:44:46.948549,3,4,3,1,2,,166318210,LevelMaxLevelSize
baseline_run1,baseline,2026/04/15-06:44:46.948553,3,4,3,1,2,,184665589,LevelMaxLevelSize
baseline_run1,baseline,2026/04/15-06:44:46.948569,3,4,3,1,2,,185154824,LevelMaxLevelSize
baseline_run1,baseline,2026/04/15-06:44:46.949910,3,4,3,1,2,,184927441,LevelMaxLevelSize
baseline_run1,baseline,2026/04/15-06:44:46.950301,3,4,3,1,2,,184547185,LevelMaxLevelSize
baseline_run1,baseline,2026/04/15-06:44:46.950311,3,4,5,1,4,,294306095,LevelMaxLevelSize
baseline_run1,baseline,2026/04/15-06:44:46.959256,3,4,2,1,1,,111676898,LevelMaxLevelSize
baseline_run1,baseline,2026/04/15-06:44:46.959369,3,4,3,1,2,,179396888,LevelMaxLevelSize
baseline_run1,baseline,2026/04/15-06:44:46.959375,3,4,3,1,2,,181153412,LevelMaxLevelSize
baseline_run1,baseline,2026/04/15-06:44:46.959567,3,4,3,1,2,,174692154,LevelMaxLevelSize
baseline_run1,baseline,2026/04/15-06:44:46.959567,3,4,3,1,2,,151301595,LevelMaxLevelSize
baseline_run1,baseline,2026/04/15-06:44:46.980920,3,4,3,1,2,,174694514,LevelMaxLevelSize
baseline_run1,baseline,2026/04/15-06:44:46.981152,3,4,3,1,2,,205858895,LevelMaxLevelSize
baseline_run1,baseline,2026/04/15-06:44:46.981158,3,4,3,1,2,,205954509,LevelMaxLevelSize
baseline_run1,baseline,2026/04/15-06:44:46.981181,3,4,3,1,2,,132530220,LevelMaxLevelSize
baseline_run1,baseline,2026/04/15-06:44:46.983912,3,4,2,1,1,,48379729,LevelMaxLevelSize
baseline_run1,baseline,2026/04/15-06:44:46.983914,3,4,3,1,2,,165347768,LevelMaxLevelSize
baseline_run1,baseline,2026/04/15-06:44:46.983913,3,4,3,1,2,,151148908,LevelMaxLevelSize
baseline_run1,baseline,2026/04/15-06:44:46.983921,3,4,3,1,2,,164277594,LevelMaxLevelSize
baseline_run1,baseline,2026/04/15-06:44:46.983933,3,4,2,1,1,,102785372,LevelMaxLevelSize
baseline_run1,baseline,2026/04/15-06:44:46.983989,3,4,3,1,2,,151657885,LevelMaxLevelSize
baseline_run1,baseline,2026/04/15-06:44:47.030043,3,4,2,1,1,,71682236,LevelMaxLevelSize
baseline_run1,baseline,2026/04/15-06:44:47.032159,3,4,3,1,2,,176216341,LevelMaxLevelSize
baseline_run1,baseline,2026/04/15-06:44:47.102834,3,4,3,1,2,,158620287,LevelMaxLevelSize
baseline_run1,baseline,2026/04/15-06:44:47.102839,3,4,3,1,2,,174913629,LevelMaxLevelSize
baseline_run1,baseline,2026/04/15-06:44:47.139408,3,4,4,1,3,,212357625,LevelMaxLevelSize
baseline_run1,baseline,2026/04/15-06:44:47.151197,3,4,3,1,2,,173707190,LevelMaxLevelSize
baseline_run1,baseline,2026/04/15-06:44:47.202465,3,4,3,1,2,,151408674,LevelMaxLevelSize
baseline_run1,baseline,2026/04/15-06:44:47.205102,3,4,3,1,2,,174617546,LevelMaxLevelSize
baseline_run1,baseline,2026/04/15-06:44:47.213359,3,4,3,1,2,,201603119,LevelMaxLevelSize
baseline_run1,baseline,2026/04/15-06:44:47.215485,3,4,2,1,1,,57826290,LevelMaxLevelSize
baseline_run1,baseline,2026/04/15-06:44:47.225013,3,4,3,1,2,,187775605,LevelMaxLevelSize
baseline_run1,baseline,2026/04/15-06:44:47.233597,3,4,3,1,2,,158914190,LevelMaxLevelSize
baseline_run1,baseline,2026/04/15-06:44:47.274884,0,1,4,4,0,,263094026,LevelL0FilesNum
baseline_run1,baseline,2026/04/15-06:44:47.286241,3,4,3,1,2,,158580917,LevelMaxLevelSize
baseline_run1,baseline,2026/04/15-06:44:47.309893,3,4,3,1,2,,158827931,LevelMaxLevelSize
baseline_run1,baseline,2026/04/15-06:44:47.319813,3,4,3,1,2,,173494455,LevelMaxLevelSize
baseline_run1,baseline,2026/04/15-06:44:47.327448,3,4,3,1,2,,148303073,LevelMaxLevelSize
baseline_run1,baseline,2026/04/15-06:44:47.342799,3,4,3,1,2,,182729876,LevelMaxLevelSize
baseline_run1,baseline,2026/04/15-06:44:47.346030,3,4,3,1,2,,164326549,LevelMaxLevelSize
baseline_run1,baseline,2026/04/15-06:44:47.347998,3,4,3,1,2,,158134055,LevelMaxLevelSize
baseline_run1,baseline,2026/04/15-06:44:47.355743,3,4,3,1,2,,166098671,LevelMaxLevelSize
baseline_run1,baseline,2026/04/15-06:44:47.368928,3,4,5,1,4,,233965074,LevelMaxLevelSize
baseline_run1,baseline,2026/04/15-06:44:47.370480,3,4,3,1,2,,176216647,LevelMaxLevelSize
baseline_run1,baseline,2026/04/15-06:44:47.375532,3,4,3,1,2,,155736018,LevelMaxLevelSize
baseline_run1,baseline,2026/04/15-06:44:47.377765,3,4,4,1,3,,186435576,LevelMaxLevelSize
baseline_run1,baseline,2026/04/15-06:44:47.378898,3,4,3,1,2,,155836798,LevelMaxLevelSize
baseline_run1,baseline,2026/04/15-06:44:47.381794,3,4,3,1,2,,171935952,LevelMaxLevelSize
baseline_run1,baseline,2026/04/15-06:44:47.383842,3,4,5,1,4,,361168920,LevelMaxLevelSize
baseline_run1,baseline,2026/04/15-06:44:47.385867,3,4,6,1,5,,378927439,LevelMaxLevelSize
baseline_run1,baseline,2026/04/15-06:44:47.387767,3,4,2,1,1,,59457420,LevelMaxLevelSize
baseline_run1,baseline,2026/04/15-06:44:47.391020,3,4,3,1,2,,158810432,LevelMaxLevelSize
baseline_run1,baseline,2026/04/15-06:44:47.403789,3,4,2,1,1,,65376647,LevelMaxLevelSize
baseline_run1,baseline,2026/04/15-06:44:47.406182,3,4,3,1,2,,163424619,LevelMaxLevelSize
baseline_run1,baseline,2026/04/15-06:44:47.451819,3,4,4,1,3,,243118714,LevelMaxLevelSize
baseline_run1,baseline,2026/04/15-06:44:47.466449,3,4,4,1,3,,249823317,LevelMaxLevelSize
baseline_run1,baseline,2026/04/15-06:44:47.476754,3,4,3,1,2,,188831988,LevelMaxLevelSize
baseline_run1,baseline,2026/04/15-06:44:47.549802,3,4,3,1,2,,192423732,LevelMaxLevelSize
baseline_run1,baseline,2026/04/15-06:44:47.549804,3,4,3,1,2,,121961419,LevelMaxLevelSize
baseline_run1,baseline,2026/04/15-06:44:47.549878,3,4,4,1,3,,179824385,LevelMaxLevelSize
baseline_run1,baseline,2026/04/15-06:44:47.552824,3,4,3,1,2,,188203010,LevelMaxLevelSize
baseline_run1,baseline,2026/04/15-06:44:47.554810,3,4,5,1,4,,271178385,LevelMaxLevelSize
baseline_run1,baseline,2026/04/15-06:44:47.555726,3,4,3,1,2,,195569948,LevelMaxLevelSize
baseline_run1,baseline,2026/04/15-06:44:47.559713,3,4,6,1,5,,356222425,LevelMaxLevelSize
baseline_run1,baseline,2026/04/15-06:44:47.703215,0,1,4,4,0,,263116074,LevelL0FilesNum
baseline_run1,baseline,2026/04/15-06:44:48.105046,0,1,4,4,0,,263081110,LevelL0FilesNum
baseline_run1,baseline,2026/04/15-06:44:48.473961,0,1,22,10,12,,3687031183,LevelL0FilesNum
baseline_run1,baseline,2026/04/15-06:44:48.781384,0,1,4,4,0,,263099727,LevelL0FilesNum
baseline_run1,baseline,2026/04/15-06:44:49.169419,0,1,4,4,0,,263131794,LevelL0FilesNum
baseline_run1,baseline,2026/04/15-06:44:49.561841,0,1,4,4,0,,263134908,LevelL0FilesNum
baseline_run1,baseline,2026/04/15-06:44:49.954766,0,1,4,4,0,,263103812,LevelL0FilesNum
baseline_run1,baseline,2026/04/15-06:44:50.430370,0,1,4,4,0,,263110803,LevelL0FilesNum
baseline_run1,baseline,2026/04/15-06:44:51.013355,0,1,4,4,0,,263108199,LevelL0FilesNum
baseline_run1,baseline,2026/04/15-06:44:51.395002,0,1,7,7,0,,1643703004,LevelL0FilesNum
baseline_run1,baseline,2026/04/15-06:44:53.469559,0,1,4,4,0,,263137918,LevelL0FilesNum
baseline_run1,baseline,2026/04/15-06:44:54.143400,1,2,2,1,1,,155006069,LevelMaxLevelSize
baseline_run1,baseline,2026/04/15-06:44:54.143531,1,2,2,1,1,,52884490,LevelMaxLevelSize
baseline_run1,baseline,2026/04/15-06:44:54.143534,1,2,2,1,1,,157922050,LevelMaxLevelSize
baseline_run1,baseline,2026/04/15-06:44:54.143693,1,2,2,1,1,,66674813,LevelMaxLevelSize
baseline_run1,baseline,2026/04/15-06:44:54.143837,1,2,2,1,1,,212675573,LevelMaxLevelSize
baseline_run1,baseline,2026/04/15-06:44:54.143949,1,2,2,1,1,,162601209,LevelMaxLevelSize
baseline_run1,baseline,2026/04/15-06:44:54.143952,1,2,2,1,1,,197172506,LevelMaxLevelSize
baseline_run1,baseline,2026/04/15-06:44:54.143961,1,2,4,2,2,,317049900,LevelMaxLevelSize
baseline_run1,baseline,2026/04/15-06:44:54.149525,2,3,4,1,3,,272491112,LevelMaxLevelSize
baseline_run1,baseline,2026/04/15-06:44:54.149546,2,3,5,1,4,,284711958,LevelMaxLevelSize
baseline_run1,baseline,2026/04/15-06:44:54.149569,2,3,4,1,3,,226955492,LevelMaxLevelSize
baseline_run1,baseline,2026/04/15-06:44:54.149572,2,3,8,1,7,,621558586,LevelMaxLevelSize
baseline_run1,baseline,2026/04/15-06:44:54.149573,2,3,3,1,2,,201863079,LevelMaxLevelSize
baseline_run1,baseline,2026/04/15-06:44:54.241178,2,3,3,1,2,,215078607,LevelMaxLevelSize
baseline_run1,baseline,2026/04/15-06:44:54.251785,0,1,4,4,0,,263132527,LevelL0FilesNum
baseline_run1,baseline,2026/04/15-06:44:54.251802,1,2,2,1,1,,148684432,LevelMaxLevelSize
baseline_run1,baseline,2026/04/15-06:44:54.416248,2,3,3,1,2,,177310792,LevelMaxLevelSize
baseline_run1,baseline,2026/04/15-06:44:54.416251,2,3,5,1,4,,360750513,LevelMaxLevelSize
baseline_run1,baseline,2026/04/15-06:44:54.416357,2,3,12,1,11,,753209259,LevelMaxLevelSize
baseline_run1,baseline,2026/04/15-06:44:54.421315,2,3,4,1,3,,258681102,LevelMaxLevelSize
baseline_run1,baseline,2026/04/15-06:44:54.432307,2,3,3,1,2,,167692886,LevelMaxLevelSize
baseline_run1,baseline,2026/04/15-06:44:54.432307,2,3,4,1,3,,268634602,LevelMaxLevelSize
baseline_run1,baseline,2026/04/15-06:44:54.432307,2,3,4,1,3,,266976262,LevelMaxLevelSize
baseline_run1,baseline,2026/04/15-06:44:54.499223,2,3,4,1,3,,275297290,LevelMaxLevelSize
baseline_run1,baseline,2026/04/15-06:44:54.499388,2,3,6,1,5,,355447721,LevelMaxLevelSize
baseline_run1,baseline,2026/04/15-06:44:54.499396,2,3,6,1,5,,371633353,LevelMaxLevelSize
baseline_run1,baseline,2026/04/15-06:44:54.517147,2,3,2,1,1,,111153867,LevelMaxLevelSize
baseline_run1,baseline,2026/04/15-06:44:54.517330,2,3,6,1,5,,360982369,LevelMaxLevelSize
baseline_run1,baseline,2026/04/15-06:44:54.517334,2,3,4,1,3,,212331756,LevelMaxLevelSize
baseline_run1,baseline,2026/04/15-06:44:54.517353,2,3,13,2,11,,811582245,LevelMaxLevelSize
baseline_run1,baseline,2026/04/15-06:44:54.525343,2,3,2,1,1,,106782787,LevelMaxLevelSize
baseline_run1,baseline,2026/04/15-06:44:54.525344,2,3,3,1,2,,150110239,LevelMaxLevelSize
baseline_run1,baseline,2026/04/15-06:44:54.714181,0,1,4,4,0,,263113275,LevelL0FilesNum
baseline_run1,baseline,2026/04/15-06:44:54.736498,2,3,3,1,2,,213239984,LevelMaxLevelSize
baseline_run1,baseline,2026/04/15-06:44:54.736806,2,3,3,1,2,,196005961,LevelMaxLevelSize
baseline_run1,baseline,2026/04/15-06:44:54.736812,2,3,11,1,10,,821045775,LevelMaxLevelSize
baseline_run1,baseline,2026/04/15-06:44:54.736813,2,3,4,1,3,,252461238,LevelMaxLevelSize
baseline_run1,baseline,2026/04/15-06:44:54.736859,2,3,7,1,6,,434899387,LevelMaxLevelSize
baseline_run1,baseline,2026/04/15-06:44:55.151029,0,1,4,4,0,,263115034,LevelL0FilesNum
baseline_run1,baseline,2026/04/15-06:44:55.556535,0,1,34,8,26,,4722347126,LevelL0FilesNum
baseline_run1,baseline,2026/04/15-06:44:55.700330,3,4,2,1,1,,143493857,LevelMaxLevelSize
baseline_run1,baseline,2026/04/15-06:44:55.877729,0,1,4,4,0,,263132911,LevelL0FilesNum
baseline_run1,baseline,2026/04/15-06:44:55.893207,3,4,2,1,1,,116431342,LevelMaxLevelSize
baseline_run1,baseline,2026/04/15-06:44:55.893281,3,4,4,1,3,,211767298,LevelMaxLevelSize
baseline_run1,baseline,2026/04/15-06:44:55.893453,3,4,3,1,2,,187652344,LevelMaxLevelSize
baseline_run1,baseline,2026/04/15-06:44:55.893608,3,4,3,1,2,,187299446,LevelMaxLevelSize
baseline_run1,baseline,2026/04/15-06:44:55.893609,3,4,4,1,3,,224468074,LevelMaxLevelSize
baseline_run1,baseline,2026/04/15-06:44:55.893967,3,4,2,1,1,,104196182,LevelMaxLevelSize
baseline_run1,baseline,2026/04/15-06:44:55.894048,3,4,2,1,1,,100014374,LevelMaxLevelSize
baseline_run1,baseline,2026/04/15-06:44:55.894050,3,4,4,1,3,,174030957,LevelMaxLevelSize
baseline_run1,baseline,2026/04/15-06:44:55.894052,3,4,4,1,3,,213580271,LevelMaxLevelSize
baseline_run1,baseline,2026/04/15-06:44:55.894058,3,4,3,1,2,,160057117,LevelMaxLevelSize
baseline_run1,baseline,2026/04/15-06:44:55.894060,3,4,4,1,3,,210539186,LevelMaxLevelSize
baseline_run1,baseline,2026/04/15-06:44:55.894066,3,4,4,1,3,,187458486,LevelMaxLevelSize
baseline_run1,baseline,2026/04/15-06:44:55.894069,3,4,4,1,3,,202713424,LevelMaxLevelSize
baseline_run1,baseline,2026/04/15-06:44:56.084683,3,4,3,1,2,,134062795,LevelMaxLevelSize
baseline_run1,baseline,2026/04/15-06:44:56.085288,3,4,5,1,4,,268160098,LevelMaxLevelSize
baseline_run1,baseline,2026/04/15-06:44:56.085289,3,4,3,1,2,,160430199,LevelMaxLevelSize
baseline_run1,baseline,2026/04/15-06:44:56.085706,3,4,3,1,2,,161902498,LevelMaxLevelSize
baseline_run1,baseline,2026/04/15-06:44:56.086663,3,4,5,1,4,,243473448,LevelMaxLevelSize
baseline_run1,baseline,2026/04/15-06:44:56.086684,3,4,4,1,3,,244953747,LevelMaxLevelSize
baseline_run1,baseline,2026/04/15-06:44:56.086691,3,4,4,1,3,,206671991,LevelMaxLevelSize
baseline_run1,baseline,2026/04/15-06:44:56.087043,3,4,3,1,2,,165382864,LevelMaxLevelSize
baseline_run1,baseline,2026/04/15-06:44:56.087045,3,4,4,1,3,,197856434,LevelMaxLevelSize
baseline_run1,baseline,2026/04/15-06:44:56.087047,3,4,4,1,3,,249509368,LevelMaxLevelSize
baseline_run1,baseline,2026/04/15-06:44:56.087037,3,4,4,1,3,,240245834,LevelMaxLevelSize
baseline_run1,baseline,2026/04/15-06:44:56.087058,3,4,5,1,4,,242374038,LevelMaxLevelSize
baseline_run1,baseline,2026/04/15-06:44:56.302730,0,1,4,4,0,,263117131,LevelL0FilesNum
baseline_run1,baseline,2026/04/15-06:44:56.698855,0,1,4,4,0,,263119333,LevelL0FilesNum
baseline_run1,baseline,2026/04/15-06:44:57.086590,0,1,4,4,0,,263106929,LevelL0FilesNum
baseline_run1,baseline,2026/04/15-06:44:57.478542,0,1,4,4,0,,263107483,LevelL0FilesNum
baseline_run1,baseline,2026/04/15-06:44:57.875639,0,1,4,4,0,,263121187,LevelL0FilesNum
baseline_run1,baseline,2026/04/15-06:45:02.578723,1,2,2,1,1,,160400066,LevelMaxLevelSize
baseline_run1,baseline,2026/04/15-06:45:02.579038,1,2,2,1,1,,88050614,LevelMaxLevelSize
baseline_run1,baseline,2026/04/15-06:45:02.579211,1,2,2,1,1,,86411457,LevelMaxLevelSize
baseline_run1,baseline,2026/04/15-06:45:02.579491,1,2,2,1,1,,146734795,LevelMaxLevelSize
baseline_run1,baseline,2026/04/15-06:45:02.579493,1,2,2,1,1,,147413942,LevelMaxLevelSize
baseline_run1,baseline,2026/04/15-06:45:02.579695,1,2,2,1,1,,154142927,LevelMaxLevelSize
baseline_run1,baseline,2026/04/15-06:45:02.579696,1,2,2,1,1,,128164149,LevelMaxLevelSize
baseline_run1,baseline,2026/04/15-06:45:02.579704,1,2,2,1,1,,162186424,LevelMaxLevelSize
baseline_run1,baseline,2026/04/15-06:45:02.579717,1,2,2,1,1,,198186522,LevelMaxLevelSize
baseline_run1,baseline,2026/04/15-06:45:02.579726,1,2,2,1,1,,146289379,LevelMaxLevelSize
baseline_run1,baseline,2026/04/15-06:45:02.579736,1,2,2,1,1,,169366837,LevelMaxLevelSize
baseline_run1,baseline,2026/04/15-06:45:02.579737,1,2,2,1,1,,186225368,LevelMaxLevelSize
baseline_run1,baseline,2026/04/15-06:45:02.579740,1,2,3,2,1,,306342148,LevelMaxLevelSize
baseline_run1,baseline,2026/04/15-06:45:02.580148,1,2,2,1,1,,147685594,LevelMaxLevelSize
baseline_run1,baseline,2026/04/15-06:45:02.580171,1,2,2,1,1,,120294893,LevelMaxLevelSize
baseline_run1,baseline,2026/04/15-06:45:02.580173,1,2,2,1,1,,133978218,LevelMaxLevelSize
baseline_run1,baseline,2026/04/15-06:45:02.585697,2,3,4,1,3,,219197349,LevelMaxLevelSize
baseline_run1,baseline,2026/04/15-06:45:02.585720,2,3,5,1,4,,240401072,LevelMaxLevelSize
baseline_run1,baseline,2026/04/15-06:45:02.585724,2,3,6,1,5,,437507238,LevelMaxLevelSize
baseline_run1,baseline,2026/04/15-06:45:02.585751,2,3,4,1,3,,159004199,LevelMaxLevelSize
baseline_run1,baseline,2026/04/15-06:45:02.585857,2,3,9,1,8,,562225756,LevelMaxLevelSize
baseline_run1,baseline,2026/04/15-06:45:02.757005,2,3,5,1,4,,278882402,LevelMaxLevelSize
baseline_run1,baseline,2026/04/15-06:45:02.757009,2,3,10,1,9,,741347780,LevelMaxLevelSize
baseline_run1,baseline,2026/04/15-06:45:02.762144,0,1,4,4,0,,263101691,LevelL0FilesNum
baseline_run1,baseline,2026/04/15-06:45:02.762232,1,2,2,1,1,,140085833,LevelMaxLevelSize
baseline_run1,baseline,2026/04/15-06:45:02.762236,1,2,3,1,2,,188183468,LevelMaxLevelSize
baseline_run1,baseline,2026/04/15-06:45:02.851028,2,3,3,1,2,,229926906,LevelMaxLevelSize
baseline_run1,baseline,2026/04/15-06:45:02.851037,2,3,4,1,3,,195412801,LevelMaxLevelSize
baseline_run1,baseline,2026/04/15-06:45:02.873143,2,3,4,1,3,,231531656,LevelMaxLevelSize
baseline_run1,baseline,2026/04/15-06:45:02.873145,2,3,3,1,2,,237385267,LevelMaxLevelSize
baseline_run1,baseline,2026/04/15-06:45:02.874608,2,3,2,1,1,,117878160,LevelMaxLevelSize
baseline_run1,baseline,2026/04/15-06:45:02.874799,2,3,4,1,3,,231020634,LevelMaxLevelSize
baseline_run1,baseline,2026/04/15-06:45:02.874800,2,3,2,1,1,,78370013,LevelMaxLevelSize
baseline_run1,baseline,2026/04/15-06:45:02.874845,2,3,5,1,4,,336097245,LevelMaxLevelSize
baseline_run1,baseline,2026/04/15-06:45:02.874993,2,3,4,1,3,,248255876,LevelMaxLevelSize
baseline_run1,baseline,2026/04/15-06:45:02.874994,2,3,5,1,4,,338049895,LevelMaxLevelSize
baseline_run1,baseline,2026/04/15-06:45:02.883772,2,3,3,1,2,,97370503,LevelMaxLevelSize
baseline_run1,baseline,2026/04/15-06:45:02.883777,2,3,4,1,3,,211841227,LevelMaxLevelSize
baseline_run1,baseline,2026/04/15-06:45:02.883941,2,3,2,1,1,,93243272,LevelMaxLevelSize
baseline_run1,baseline,2026/04/15-06:45:02.883942,2,3,5,1,4,,345729352,LevelMaxLevelSize
baseline_run1,baseline,2026/04/15-06:45:02.895268,2,3,3,1,2,,186305374,LevelMaxLevelSize
baseline_run1,baseline,2026/04/15-06:45:02.895283,2,3,12,1,11,,802463253,LevelMaxLevelSize
baseline_run1,baseline,2026/04/15-06:45:02.896883,2,3,5,1,4,,329553078,LevelMaxLevelSize
baseline_run1,baseline,2026/04/15-06:45:02.896888,2,3,3,1,2,,180678908,LevelMaxLevelSize
baseline_run1,baseline,2026/04/15-06:45:02.913865,2,3,5,1,4,,230718077,LevelMaxLevelSize
baseline_run1,baseline,2026/04/15-06:45:02.913889,2,3,4,1,3,,257314652,LevelMaxLevelSize
baseline_run1,baseline,2026/04/15-06:45:02.924516,2,3,2,1,1,,109391580,LevelMaxLevelSize
baseline_run1,baseline,2026/04/15-06:45:02.924729,2,3,3,1,2,,179263150,LevelMaxLevelSize
baseline_run1,baseline,2026/04/15-06:45:02.924729,2,3,3,1,2,,204246622,LevelMaxLevelSize
baseline_run1,baseline,2026/04/15-06:45:02.960646,2,3,4,1,3,,245912821,LevelMaxLevelSize
baseline_run1,baseline,2026/04/15-06:45:02.960717,2,3,3,1,2,,190184480,LevelMaxLevelSize
baseline_run1,baseline,2026/04/15-06:45:02.997832,2,3,2,1,1,,146169011,LevelMaxLevelSize
baseline_run1,baseline,2026/04/15-06:45:03.040341,2,3,5,1,4,,355442259,LevelMaxLevelSize
baseline_run1,baseline,2026/04/15-06:45:03.062272,2,3,4,1,3,,233755332,LevelMaxLevelSize
baseline_run1,baseline,2026/04/15-06:45:03.091446,2,3,2,1,1,,42972705,LevelMaxLevelSize
baseline_run1,baseline,2026/04/15-06:45:03.109781,2,3,4,1,3,,211388963,LevelMaxLevelSize
baseline_run1,baseline,2026/04/15-06:45:03.111369,2,3,3,1,2,,205226016,LevelMaxLevelSize
baseline_run1,baseline,2026/04/15-06:45:03.119468,2,3,4,1,3,,300340220,LevelMaxLevelSize
baseline_run1,baseline,2026/04/15-06:45:03.205831,2,3,4,1,3,,241758720,LevelMaxLevelSize
baseline_run1,baseline,2026/04/15-06:45:03.206014,2,3,4,1,3,,217166657,LevelMaxLevelSize
baseline_run1,baseline,2026/04/15-06:45:03.206018,2,3,12,1,11,,864900684,LevelMaxLevelSize
baseline_run1,baseline,2026/04/15-06:45:03.244691,2,3,3,1,2,,199024765,LevelMaxLevelSize
baseline_run1,baseline,2026/04/15-06:45:03.246362,2,3,3,1,2,,245026500,LevelMaxLevelSize
baseline_run1,baseline,2026/04/15-06:45:03.310629,0,1,4,4,0,,263109020,LevelL0FilesNum
baseline_run1,baseline,2026/04/15-06:45:03.339299,2,3,4,1,3,,221341646,LevelMaxLevelSize
baseline_run1,baseline,2026/04/15-06:45:03.350519,2,3,11,1,10,,751203692,LevelMaxLevelSize
baseline_run1,baseline,2026/04/15-06:45:03.708189,0,1,4,4,0,,263112005,LevelL0FilesNum
baseline_run1,baseline,2026/04/15-06:45:04.121279,0,1,30,12,18,,4138700187,LevelL0FilesNum
baseline_run1,baseline,2026/04/15-06:45:04.178115,3,4,2,1,1,,135244357,LevelMaxLevelSize
baseline_run1,baseline,2026/04/15-06:45:04.178299,3,4,4,1,3,,187999358,LevelMaxLevelSize
baseline_run1,baseline,2026/04/15-06:45:04.178411,3,4,2,1,1,,113981522,LevelMaxLevelSize
baseline_run1,baseline,2026/04/15-06:45:04.178424,3,4,2,1,1,,108773087,LevelMaxLevelSize
baseline_run1,baseline,2026/04/15-06:45:04.178427,3,4,2,1,1,,113241904,LevelMaxLevelSize
baseline_run1,baseline,2026/04/15-06:45:04.178584,3,4,2,1,1,,105846134,LevelMaxLevelSize
baseline_run1,baseline,2026/04/15-06:45:04.178584,3,4,3,1,2,,179838414,LevelMaxLevelSize
baseline_run1,baseline,2026/04/15-06:45:04.391309,3,4,4,1,3,,181168907,LevelMaxLevelSize
baseline_run1,baseline,2026/04/15-06:45:04.391396,3,4,3,1,2,,160642206,LevelMaxLevelSize
baseline_run1,baseline,2026/04/15-06:45:04.392134,3,4,3,1,2,,150482927,LevelMaxLevelSize
baseline_run1,baseline,2026/04/15-06:45:04.392138,3,4,4,1,3,,201331555,LevelMaxLevelSize
baseline_run1,baseline,2026/04/15-06:45:04.392142,3,4,3,1,2,,194158889,LevelMaxLevelSize
baseline_run1,baseline,2026/04/15-06:45:04.392214,3,4,3,1,2,,163147240,LevelMaxLevelSize
baseline_run1,baseline,2026/04/15-06:45:04.392306,3,4,3,1,2,,102538303,LevelMaxLevelSize
baseline_run1,baseline,2026/04/15-06:45:04.392475,3,4,4,1,3,,235717775,LevelMaxLevelSize
baseline_run1,baseline,2026/04/15-06:45:04.392887,3,4,4,1,3,,189370857,LevelMaxLevelSize
baseline_run1,baseline,2026/04/15-06:45:04.392901,3,4,4,1,3,,200611368,LevelMaxLevelSize
baseline_run1,baseline,2026/04/15-06:45:04.392909,3,4,3,1,2,,149308754,LevelMaxLevelSize
baseline_run1,baseline,2026/04/15-06:45:04.392915,3,4,3,1,2,,153624837,LevelMaxLevelSize
baseline_run1,baseline,2026/04/15-06:45:04.392924,3,4,3,1,2,,170933128,LevelMaxLevelSize
baseline_run1,baseline,2026/04/15-06:45:04.392928,3,4,3,1,2,,153716281,LevelMaxLevelSize
baseline_run1,baseline,2026/04/15-06:45:04.444000,0,1,4,4,0,,263109007,LevelL0FilesNum
baseline_run1,baseline,2026/04/15-06:45:04.653473,3,4,3,1,2,,153578993,LevelMaxLevelSize
baseline_run1,baseline,2026/04/15-06:45:04.653479,3,4,2,1,1,,109092048,LevelMaxLevelSize
baseline_run1,baseline,2026/04/15-06:45:04.653746,3,4,3,1,2,,153341220,LevelMaxLevelSize
baseline_run1,baseline,2026/04/15-06:45:04.654007,3,4,3,1,2,,154213896,LevelMaxLevelSize
baseline_run1,baseline,2026/04/15-06:45:04.654247,3,4,3,1,2,,153229993,LevelMaxLevelSize
baseline_run1,baseline,2026/04/15-06:45:04.654250,3,4,3,1,2,,177429150,LevelMaxLevelSize
baseline_run1,baseline,2026/04/15-06:45:04.654256,3,4,4,1,3,,235058108,LevelMaxLevelSize
baseline_run1,baseline,2026/04/15-06:45:04.654267,3,4,3,1,2,,155319263,LevelMaxLevelSize
baseline_run1,baseline,2026/04/15-06:45:04.654288,3,4,4,1,3,,243556284,LevelMaxLevelSize
baseline_run1,baseline,2026/04/15-06:45:04.654303,3,4,4,1,3,,241086555,LevelMaxLevelSize
baseline_run1,baseline,2026/04/15-06:45:04.654300,3,4,4,1,3,,216165236,LevelMaxLevelSize
baseline_run1,baseline,2026/04/15-06:45:04.654316,3,4,4,1,3,,207601958,LevelMaxLevelSize
baseline_run1,baseline,2026/04/15-06:45:04.654319,3,4,3,1,2,,198259581,LevelMaxLevelSize
baseline_run1,baseline,2026/04/15-06:45:04.756611,3,4,2,1,1,,125055004,LevelMaxLevelSize
baseline_run1,baseline,2026/04/15-06:45:04.756693,3,4,2,1,1,,100800874,LevelMaxLevelSize
baseline_run1,baseline,2026/04/15-06:45:04.756857,3,4,3,1,2,,176027607,LevelMaxLevelSize
baseline_run1,baseline,2026/04/15-06:45:04.756935,3,4,4,1,3,,244706107,LevelMaxLevelSize
baseline_run1,baseline,2026/04/15-06:45:04.756936,3,4,3,1,2,,148099567,LevelMaxLevelSize
baseline_run1,baseline,2026/04/15-06:45:04.756940,3,4,2,1,1,,60274121,LevelMaxLevelSize
baseline_run1,baseline,2026/04/15-06:45:04.756943,3,4,3,1,2,,194424910,LevelMaxLevelSize
baseline_run1,baseline,2026/04/15-06:45:04.757026,3,4,3,1,2,,144254122,LevelMaxLevelSize
baseline_run1,baseline,2026/04/15-06:45:04.757195,3,4,2,1,1,,79875682,LevelMaxLevelSize
baseline_run1,baseline,2026/04/15-06:45:04.757408,3,4,3,1,2,,176638217,LevelMaxLevelSize
baseline_run1,baseline,2026/04/15-06:45:04.757617,3,4,3,1,2,,147592415,LevelMaxLevelSize
baseline_run1,baseline,2026/04/15-06:45:04.757623,3,4,3,1,2,,177560016,LevelMaxLevelSize
baseline_run1,baseline,2026/04/15-06:45:04.757638,3,4,3,1,2,,194225464,LevelMaxLevelSize
baseline_run1,baseline,2026/04/15-06:45:04.757642,3,4,3,1,2,,194067470,LevelMaxLevelSize
baseline_run1,baseline,2026/04/15-06:45:04.757647,3,4,3,1,2,,194032983,LevelMaxLevelSize
baseline_run1,baseline,2026/04/15-06:45:04.757650,3,4,4,1,3,,231898870,LevelMaxLevelSize
baseline_run1,baseline,2026/04/15-06:45:04.885171,0,1,4,4,0,,263106484,LevelL0FilesNum
baseline_run1,baseline,2026/04/15-06:45:05.435578,0,1,4,4,0,,263092199,LevelL0FilesNum
baseline_run1,baseline,2026/04/15-06:45:06.001911,0,1,4,4,0,,263116055,LevelL0FilesNum
baseline_run1,baseline,2026/04/15-06:45:06.372394,0,1,5,5,0,,1117741750,LevelL0FilesNum
baseline_run1,baseline,2026/04/15-06:45:08.060979,0,1,4,4,0,,263130569,LevelL0FilesNum
baseline_run1,baseline,2026/04/15-06:45:08.536569,0,1,4,4,0,,263096700,LevelL0FilesNum
baseline_run1,baseline,2026/04/15-06:45:09.117847,0,1,4,4,0,,263109015,LevelL0FilesNum
baseline_run1,baseline,2026/04/15-06:45:09.492514,0,1,4,4,0,,854788863,LevelL0FilesNum
baseline_run1,baseline,2026/04/15-06:45:10.714525,1,2,2,1,1,,77650874,LevelMaxLevelSize
baseline_run1,baseline,2026/04/15-06:45:10.714730,1,2,2,1,1,,175647103,LevelMaxLevelSize
baseline_run1,baseline,2026/04/15-06:45:10.714736,1,2,2,1,1,,183598194,LevelMaxLevelSize
baseline_run1,baseline,2026/04/15-06:45:10.714841,1,2,2,1,1,,202380743,LevelMaxLevelSize
baseline_run1,baseline,2026/04/15-06:45:10.714970,1,2,2,1,1,,163894723,LevelMaxLevelSize
baseline_run1,baseline,2026/04/15-06:45:10.715078,1,2,2,1,1,,178810060,LevelMaxLevelSize
baseline_run1,baseline,2026/04/15-06:45:10.715182,1,2,2,1,1,,221870864,LevelMaxLevelSize
baseline_run1,baseline,2026/04/15-06:45:10.715518,1,2,2,1,1,,156755104,LevelMaxLevelSize
baseline_run1,baseline,2026/04/15-06:45:10.715524,1,2,3,1,2,,189063097,LevelMaxLevelSize
baseline_run1,baseline,2026/04/15-06:45:10.715531,1,2,3,1,2,,212076523,LevelMaxLevelSize
baseline_run1,baseline,2026/04/15-06:45:10.715534,1,2,3,2,1,,282369963,LevelMaxLevelSize
baseline_run1,baseline,2026/04/15-06:45:10.813161,1,2,3,2,1,,284589296,LevelMaxLevelSize
baseline_run1,baseline,2026/04/15-06:45:10.813169,0,1,4,4,0,,263108803,LevelL0FilesNum
baseline_run1,baseline,2026/04/15-06:45:10.991040,2,3,2,1,1,,142848454,LevelMaxLevelSize
baseline_run1,baseline,2026/04/15-06:45:10.991147,2,3,3,1,2,,181377788,LevelMaxLevelSize
baseline_run1,baseline,2026/04/15-06:45:10.999508,2,3,3,1,2,,192218828,LevelMaxLevelSize
baseline_run1,baseline,2026/04/15-06:45:10.999514,2,3,3,1,2,,190786894,LevelMaxLevelSize
baseline_run1,baseline,2026/04/15-06:45:10.999525,2,3,3,1,2,,163647834,LevelMaxLevelSize
baseline_run1,baseline,2026/04/15-06:45:11.022621,2,3,3,1,2,,171178295,LevelMaxLevelSize
baseline_run1,baseline,2026/04/15-06:45:11.022937,2,3,5,1,4,,295469140,LevelMaxLevelSize
baseline_run1,baseline,2026/04/15-06:45:11.022939,2,3,8,1,7,,601618579,LevelMaxLevelSize
baseline_run1,baseline,2026/04/15-06:45:11.031031,2,3,2,1,1,,104866138,LevelMaxLevelSize
baseline_run1,baseline,2026/04/15-06:45:11.031035,2,3,5,1,4,,265214404,LevelMaxLevelSize
baseline_run1,baseline,2026/04/15-06:45:11.038198,2,3,3,1,2,,185144274,LevelMaxLevelSize
baseline_run1,baseline,2026/04/15-06:45:11.038310,2,3,3,1,2,,177129529,LevelMaxLevelSize
baseline_run1,baseline,2026/04/15-06:45:11.038312,2,3,3,1,2,,226634919,LevelMaxLevelSize
baseline_run1,baseline,2026/04/15-06:45:11.045825,2,3,3,1,2,,193125911,LevelMaxLevelSize
baseline_run1,baseline,2026/04/15-06:45:11.046029,2,3,5,1,4,,316016301,LevelMaxLevelSize
baseline_run1,baseline,2026/04/15-06:45:11.046041,2,3,4,1,3,,265734908,LevelMaxLevelSize
baseline_run1,baseline,2026/04/15-06:45:11.046042,2,3,5,1,4,,281871846,LevelMaxLevelSize
baseline_run1,baseline,2026/04/15-06:45:11.068724,2,3,5,1,4,,309514276,LevelMaxLevelSize
baseline_run1,baseline,2026/04/15-06:45:11.068813,2,3,2,1,1,,33495853,LevelMaxLevelSize
baseline_run1,baseline,2026/04/15-06:45:11.069048,2,3,6,1,5,,348462637,LevelMaxLevelSize
baseline_run1,baseline,2026/04/15-06:45:11.069075,2,3,6,1,5,,380664810,LevelMaxLevelSize
baseline_run1,baseline,2026/04/15-06:45:11.090405,2,3,5,1,4,,327546886,LevelMaxLevelSize
baseline_run1,baseline,2026/04/15-06:45:11.090500,2,3,7,1,6,,464856942,LevelMaxLevelSize
baseline_run1,baseline,2026/04/15-06:45:11.090530,2,3,6,1,5,,343040120,LevelMaxLevelSize
baseline_run1,baseline,2026/04/15-06:45:11.111822,2,3,3,1,2,,179473472,LevelMaxLevelSize
baseline_run1,baseline,2026/04/15-06:45:11.111971,2,3,6,1,5,,380788927,LevelMaxLevelSize
baseline_run1,baseline,2026/04/15-06:45:11.111982,2,3,6,1,5,,406738675,LevelMaxLevelSize
baseline_run1,baseline,2026/04/15-06:45:11.244333,2,3,2,1,1,,109095497,LevelMaxLevelSize
baseline_run1,baseline,2026/04/15-06:45:11.244354,2,3,5,1,4,,331252697,LevelMaxLevelSize
baseline_run1,baseline,2026/04/15-06:45:11.244526,2,3,4,1,3,,279416415,LevelMaxLevelSize
baseline_run1,baseline,2026/04/15-06:45:11.244526,2,3,3,1,2,,200516488,LevelMaxLevelSize
baseline_run1,baseline,2026/04/15-06:45:11.244532,2,3,3,1,2,,210073825,LevelMaxLevelSize
baseline_run1,baseline,2026/04/15-06:45:11.261887,0,1,4,4,0,,263111101,LevelL0FilesNum
baseline_run1,baseline,2026/04/15-06:45:11.384941,2,3,2,1,1,,105777646,LevelMaxLevelSize
baseline_run1,baseline,2026/04/15-06:45:11.385086,2,3,3,1,2,,186972517,LevelMaxLevelSize
baseline_run1,baseline,2026/04/15-06:45:11.385343,2,3,4,1,3,,283992104,LevelMaxLevelSize
baseline_run1,baseline,2026/04/15-06:45:11.385349,2,3,4,1,3,,260532189,LevelMaxLevelSize
baseline_run1,baseline,2026/04/15-06:45:11.385358,2,3,2,1,1,,52364354,LevelMaxLevelSize
baseline_run1,baseline,2026/04/15-06:45:11.385343,2,3,3,1,2,,196248012,LevelMaxLevelSize
baseline_run1,baseline,2026/04/15-06:45:11.731623,0,1,4,4,0,,263098363,LevelL0FilesNum
baseline_run1,baseline,2026/04/15-06:45:11.896772,3,4,2,1,1,,110123777,LevelMaxLevelSize
baseline_run1,baseline,2026/04/15-06:45:11.896794,3,4,2,1,1,,52630341,LevelMaxLevelSize
baseline_run1,baseline,2026/04/15-06:45:11.896795,3,4,3,1,2,,164889325,LevelMaxLevelSize
baseline_run1,baseline,2026/04/15-06:45:11.896806,3,4,2,1,1,,115905692,LevelMaxLevelSize
baseline_run1,baseline,2026/04/15-06:45:11.896813,3,4,4,1,3,,231302271,LevelMaxLevelSize
baseline_run1,baseline,2026/04/15-06:45:11.896819,3,4,4,1,3,,212455106,LevelMaxLevelSize
baseline_run1,baseline,2026/04/15-06:45:11.923268,3,4,3,1,2,,201317360,LevelMaxLevelSize
baseline_run1,baseline,2026/04/15-06:45:11.923778,3,4,3,1,2,,162792709,LevelMaxLevelSize
baseline_run1,baseline,2026/04/15-06:45:11.923782,3,4,2,1,1,,100462136,LevelMaxLevelSize
baseline_run1,baseline,2026/04/15-06:45:11.923786,3,4,2,1,1,,100515155,LevelMaxLevelSize
baseline_run1,baseline,2026/04/15-06:45:11.923787,3,4,3,1,2,,180734954,LevelMaxLevelSize
baseline_run1,baseline,2026/04/15-06:45:11.923800,3,4,4,1,3,,212364660,LevelMaxLevelSize
baseline_run1,baseline,2026/04/15-06:45:11.923807,3,4,3,1,2,,156055883,LevelMaxLevelSize
baseline_run1,baseline,2026/04/15-06:45:11.927236,3,4,4,1,3,,243334949,LevelMaxLevelSize
baseline_run1,baseline,2026/04/15-06:45:11.927236,3,4,2,1,1,,124165632,LevelMaxLevelSize
baseline_run1,baseline,2026/04/15-06:45:11.927242,3,4,3,1,2,,166255744,LevelMaxLevelSize
baseline_run1,baseline,2026/04/15-06:45:11.927242,3,4,4,1,3,,238755796,LevelMaxLevelSize
baseline_run1,baseline,2026/04/15-06:45:12.015178,3,4,4,1,3,,230932506,LevelMaxLevelSize
baseline_run1,baseline,2026/04/15-06:45:12.015268,3,4,4,1,3,,181289522,LevelMaxLevelSize
baseline_run1,baseline,2026/04/15-06:45:12.015348,3,4,3,1,2,,177200668,LevelMaxLevelSize
baseline_run1,baseline,2026/04/15-06:45:12.015472,3,4,3,1,2,,193310055,LevelMaxLevelSize
baseline_run1,baseline,2026/04/15-06:45:12.015477,3,4,4,1,3,,237549769,LevelMaxLevelSize
baseline_run1,baseline,2026/04/15-06:45:12.015491,3,4,4,1,3,,240079587,LevelMaxLevelSize
baseline_run1,baseline,2026/04/15-06:45:12.015492,3,4,3,1,2,,197081585,LevelMaxLevelSize
baseline_run1,baseline,2026/04/15-06:45:12.153540,0,1,4,4,0,,263127549,LevelL0FilesNum
baseline_run1,baseline,2026/04/15-06:45:12.226824,3,4,4,1,3,,201722453,LevelMaxLevelSize
baseline_run1,baseline,2026/04/15-06:45:12.226826,3,4,2,1,1,,96593053,LevelMaxLevelSize
baseline_run1,baseline,2026/04/15-06:45:12.226831,3,4,2,1,1,,96544216,LevelMaxLevelSize
baseline_run1,baseline,2026/04/15-06:45:12.226832,3,4,4,1,3,,232697669,LevelMaxLevelSize
baseline_run1,baseline,2026/04/15-06:45:12.227221,3,4,5,1,4,,270604824,LevelMaxLevelSize
baseline_run1,baseline,2026/04/15-06:45:12.227298,3,4,3,1,2,,191705751,LevelMaxLevelSize
baseline_run1,baseline,2026/04/15-06:45:12.227470,3,4,4,1,3,,185993102,LevelMaxLevelSize
baseline_run1,baseline,2026/04/15-06:45:12.227474,3,4,3,1,2,,192956733,LevelMaxLevelSize
baseline_run1,baseline,2026/04/15-06:45:12.227475,3,4,3,1,2,,174609186,LevelMaxLevelSize
baseline_run1,baseline,2026/04/15-06:45:12.227489,3,4,4,1,3,,183262617,LevelMaxLevelSize
baseline_run1,baseline,2026/04/15-06:45:12.227499,3,4,3,1,2,,192936008,LevelMaxLevelSize
baseline_run1,baseline,2026/04/15-06:45:12.572036,0,1,4,4,0,,263097454,LevelL0FilesNum
baseline_run1,baseline,2026/04/15-06:45:12.943186,0,1,32,10,22,,5295833016,LevelL0FilesNum
baseline_run1,baseline,2026/04/15-06:45:13.250439,0,1,4,4,0,,263091281,LevelL0FilesNum
baseline_run1,baseline,2026/04/15-06:45:13.649743,0,1,4,4,0,,263097414,LevelL0FilesNum
baseline_run1,baseline,2026/04/15-06:45:14.038907,0,1,4,4,0,,263098885,LevelL0FilesNum
baseline_run1,baseline,2026/04/15-06:45:16.330081,0,1,4,4,0,,263114283,LevelL0FilesNum
baseline_run1,baseline,2026/04/15-06:45:16.706994,0,1,4,4,0,,1052005123,LevelL0FilesNum
baseline_run1,baseline,2026/04/15-06:45:20.800367,1,2,2,1,1,,43075696,LevelMaxLevelSize
baseline_run1,baseline,2026/04/15-06:45:20.800382,1,2,2,1,1,,123981857,LevelMaxLevelSize
baseline_run1,baseline,2026/04/15-06:45:20.800384,1,2,2,1,1,,155591406,LevelMaxLevelSize
baseline_run1,baseline,2026/04/15-06:45:20.800432,1,2,2,1,1,,141020758,LevelMaxLevelSize
baseline_run1,baseline,2026/04/15-06:45:20.801478,1,2,2,1,1,,101485498,LevelMaxLevelSize
baseline_run1,baseline,2026/04/15-06:45:20.801834,1,2,2,1,1,,217861122,LevelMaxLevelSize
baseline_run1,baseline,2026/04/15-06:45:20.801989,1,2,2,1,1,,219209470,LevelMaxLevelSize
baseline_run1,baseline,2026/04/15-06:45:20.802194,1,2,2,1,1,,126249777,LevelMaxLevelSize
baseline_run1,baseline,2026/04/15-06:45:20.802197,1,2,2,1,1,,135463619,LevelMaxLevelSize
baseline_run1,baseline,2026/04/15-06:45:20.802193,1,2,2,1,1,,157681661,LevelMaxLevelSize
baseline_run1,baseline,2026/04/15-06:45:20.802199,1,2,2,1,1,,101581069,LevelMaxLevelSize
baseline_run1,baseline,2026/04/15-06:45:20.802214,1,2,2,1,1,,122234267,LevelMaxLevelSize
baseline_run1,baseline,2026/04/15-06:45:20.802220,1,2,2,1,1,,30001589,LevelMaxLevelSize
baseline_run1,baseline,2026/04/15-06:45:20.802229,1,2,2,1,1,,156210594,LevelMaxLevelSize
baseline_run1,baseline,2026/04/15-06:45:20.802239,1,2,2,1,1,,119145999,LevelMaxLevelSize
baseline_run1,baseline,2026/04/15-06:45:20.802248,1,2,2,1,1,,130672724,LevelMaxLevelSize
baseline_run1,baseline,2026/04/15-06:45:20.802248,1,2,2,1,1,,157696345,LevelMaxLevelSize
baseline_run1,baseline,2026/04/15-06:45:20.803063,1,2,2,1,1,,236050012,LevelMaxLevelSize
baseline_run1,baseline,2026/04/15-06:45:20.803069,1,2,3,1,2,,137150459,LevelMaxLevelSize
baseline_run1,baseline,2026/04/15-06:45:20.803083,1,2,2,1,1,,131845286,LevelMaxLevelSize
baseline_run1,baseline,2026/04/15-06:45:20.803157,1,2,2,1,1,,119840669,LevelMaxLevelSize
baseline_run1,baseline,2026/04/15-06:45:20.803163,1,2,3,1,2,,266102591,LevelMaxLevelSize
baseline_run1,baseline,2026/04/15-06:45:20.803164,1,2,2,1,1,,147390856,LevelMaxLevelSize
baseline_run1,baseline,2026/04/15-06:45:20.804433,1,2,2,1,1,,139366168,LevelMaxLevelSize
baseline_run1,baseline,2026/04/15-06:45:20.804450,1,2,2,1,1,,136959299,LevelMaxLevelSize
baseline_run1,baseline,2026/04/15-06:45:20.804438,1,2,2,1,1,,139030382,LevelMaxLevelSize
baseline_run1,baseline,2026/04/15-06:45:20.804470,1,2,2,1,1,,133650078,LevelMaxLevelSize
baseline_run1,baseline,2026/04/15-06:45:20.804491,1,2,2,1,1,,100699959,LevelMaxLevelSize
baseline_run1,baseline,2026/04/15-06:45:20.804602,1,2,5,4,1,,649604569,LevelMaxLevelSize
baseline_run1,baseline,2026/04/15-06:45:20.808970,1,2,4,3,1,,460323956,LevelMaxLevelSize
baseline_run1,baseline,2026/04/15-06:45:20.809116,1,2,4,3,1,,471886776,LevelMaxLevelSize
baseline_run1,baseline,2026/04/15-06:45:21.081712,2,3,3,1,2,,143520839,LevelMaxLevelSize
baseline_run1,baseline,2026/04/15-06:45:21.086975,2,3,2,1,1,,125198913,LevelMaxLevelSize
baseline_run1,baseline,2026/04/15-06:45:21.089523,2,3,3,1,2,,202305465,LevelMaxLevelSize
baseline_run1,baseline,2026/04/15-06:45:21.089639,2,3,3,1,2,,159587333,LevelMaxLevelSize
baseline_run1,baseline,2026/04/15-06:45:21.089647,2,3,2,1,1,,84801992,LevelMaxLevelSize
baseline_run1,baseline,2026/04/15-06:45:21.091829,2,3,3,1,2,,152375923,LevelMaxLevelSize
baseline_run1,baseline,2026/04/15-06:45:21.091831,2,3,3,1,2,,154813749,LevelMaxLevelSize
baseline_run1,baseline,2026/04/15-06:45:21.092057,2,3,3,1,2,,172089126,LevelMaxLevelSize
baseline_run1,baseline,2026/04/15-06:45:21.092074,2,3,2,1,1,,85200946,LevelMaxLevelSize
baseline_run1,baseline,2026/04/15-06:45:21.092241,2,3,3,1,2,,176245230,LevelMaxLevelSize
baseline_run1,baseline,2026/04/15-06:45:21.092247,2,3,4,1,3,,205174087,LevelMaxLevelSize
baseline_run1,baseline,2026/04/15-06:45:21.097945,2,3,4,1,3,,219215915,LevelMaxLevelSize
baseline_run1,baseline,2026/04/15-06:45:21.098416,2,3,3,1,2,,206890484,LevelMaxLevelSize
baseline_run1,baseline,2026/04/15-06:45:21.098422,2,3,4,1,3,,237077811,LevelMaxLevelSize
baseline_run1,baseline,2026/04/15-06:45:21.098446,2,3,4,1,3,,250755077,LevelMaxLevelSize
baseline_run1,baseline,2026/04/15-06:45:21.098456,2,3,2,1,1,,71070199,LevelMaxLevelSize
baseline_run1,baseline,2026/04/15-06:45:21.098458,2,3,2,1,1,,80115269,LevelMaxLevelSize
baseline_run1,baseline,2026/04/15-06:45:21.098475,2,3,6,2,4,,301227750,LevelMaxLevelSize
baseline_run1,baseline,2026/04/15-06:45:21.098664,2,3,2,1,1,,73350914,LevelMaxLevelSize
baseline_run1,baseline,2026/04/15-06:45:21.098669,2,3,5,1,4,,305706446,LevelMaxLevelSize
baseline_run1,baseline,2026/04/15-06:45:21.101868,2,3,4,1,3,,189113225,LevelMaxLevelSize
baseline_run1,baseline,2026/04/15-06:45:21.101869,2,3,5,1,4,,269605351,LevelMaxLevelSize
baseline_run1,baseline,2026/04/15-06:45:21.111261,2,3,4,1,3,,242804582,LevelMaxLevelSize
baseline_run1,baseline,2026/04/15-06:45:21.111261,2,3,5,1,4,,337893028,LevelMaxLevelSize
baseline_run1,baseline,2026/04/15-06:45:21.120189,2,3,4,1,3,,290601525,LevelMaxLevelSize
baseline_run1,baseline,2026/04/15-06:45:21.120293,2,3,5,1,4,,296667493,LevelMaxLevelSize
baseline_run1,baseline,2026/04/15-06:45:21.121558,2,3,3,1,2,,152832217,LevelMaxLevelSize
baseline_run1,baseline,2026/04/15-06:45:21.144463,2,3,5,1,4,,335090210,LevelMaxLevelSize
baseline_run1,baseline,2026/04/15-06:45:21.153617,2,3,5,1,4,,236696718,LevelMaxLevelSize
baseline_run1,baseline,2026/04/15-06:45:21.268821,2,3,4,1,3,,255175950,LevelMaxLevelSize
baseline_run1,baseline,2026/04/15-06:45:21.279588,2,3,4,1,3,,279341283,LevelMaxLevelSize
baseline_run1,baseline,2026/04/15-06:45:21.282047,2,3,5,1,4,,304027370,LevelMaxLevelSize
baseline_run1,baseline,2026/04/15-06:45:21.284485,2,3,4,1,3,,202403546,LevelMaxLevelSize
baseline_run1,baseline,2026/04/15-06:45:21.286639,2,3,4,1,3,,229137572,LevelMaxLevelSize
baseline_run1,baseline,2026/04/15-06:45:21.294853,2,3,3,1,2,,154067672,LevelMaxLevelSize
baseline_run1,baseline,2026/04/15-06:45:21.303263,2,3,3,1,2,,160131847,LevelMaxLevelSize
baseline_run1,baseline,2026/04/15-06:45:21.329727,2,3,2,1,1,,54943932,LevelMaxLevelSize
baseline_run1,baseline,2026/04/15-06:45:21.393320,2,3,3,1,2,,194420664,LevelMaxLevelSize
baseline_run1,baseline,2026/04/15-06:45:21.404934,2,3,3,1,2,,205827815,LevelMaxLevelSize
baseline_run1,baseline,2026/04/15-06:45:21.442220,2,3,3,1,2,,187581257,LevelMaxLevelSize
baseline_run1,baseline,2026/04/15-06:45:21.454979,2,3,5,1,4,,343252333,LevelMaxLevelSize
baseline_run1,baseline,2026/04/15-06:45:21.465317,2,3,5,1,4,,312453668,LevelMaxLevelSize
baseline_run1,baseline,2026/04/15-06:45:21.470932,2,3,10,1,9,,657810737,LevelMaxLevelSize
baseline_run1,baseline,2026/04/15-06:45:21.481121,2,3,4,1,3,,258565587,LevelMaxLevelSize
baseline_run1,baseline,2026/04/15-06:45:21.491501,2,3,5,1,4,,310151259,LevelMaxLevelSize
baseline_run1,baseline,2026/04/15-06:45:21.512694,0,1,5,5,0,,328879816,LevelL0FilesNum
baseline_run1,baseline,2026/04/15-06:45:21.514491,2,3,2,1,1,,69282905,LevelMaxLevelSize
baseline_run1,baseline,2026/04/15-06:45:21.566941,2,3,6,1,5,,355609814,LevelMaxLevelSize
baseline_run1,baseline,2026/04/15-06:45:21.585536,2,3,6,1,5,,375903648,LevelMaxLevelSize
baseline_run1,baseline,2026/04/15-06:45:21.590985,2,3,2,1,1,,82251644,LevelMaxLevelSize
baseline_run1,baseline,2026/04/15-06:45:21.856600,2,3,2,1,1,,137945947,LevelMaxLevelSize
baseline_run1,baseline,2026/04/15-06:45:21.856710,2,3,2,1,1,,140601700,LevelMaxLevelSize
baseline_run1,baseline,2026/04/15-06:45:21.856715,2,3,4,1,3,,218621018,LevelMaxLevelSize
baseline_run1,baseline,2026/04/15-06:45:21.856859,2,3,3,1,2,,246106788,LevelMaxLevelSize
baseline_run1,baseline,2026/04/15-06:45:21.856863,2,3,3,1,2,,195012417,LevelMaxLevelSize
baseline_run1,baseline,2026/04/15-06:45:21.874668,2,3,3,1,2,,225212320,LevelMaxLevelSize
baseline_run1,baseline,2026/04/15-06:45:21.874675,2,3,4,1,3,,303231514,LevelMaxLevelSize
baseline_run1,baseline,2026/04/15-06:45:21.874993,2,3,3,1,2,,182915739,LevelMaxLevelSize
baseline_run1,baseline,2026/04/15-06:45:21.874994,2,3,3,1,2,,203293894,LevelMaxLevelSize
baseline_run1,baseline,2026/04/15-06:45:21.875009,2,3,3,1,2,,202090028,LevelMaxLevelSize
baseline_run1,baseline,2026/04/15-06:45:21.875014,2,3,2,1,1,,103131037,LevelMaxLevelSize
baseline_run1,baseline,2026/04/15-06:45:21.964743,0,1,4,4,0,,263126339,LevelL0FilesNum
baseline_run1,baseline,2026/04/15-06:45:22.167073,3,4,3,1,2,,212954008,LevelMaxLevelSize
baseline_run1,baseline,2026/04/15-06:45:22.167074,3,4,2,1,1,,111334064,LevelMaxLevelSize
baseline_run1,baseline,2026/04/15-06:45:22.167207,3,4,3,1,2,,204067614,LevelMaxLevelSize
baseline_run1,baseline,2026/04/15-06:45:22.167215,3,4,3,1,2,,143737753,LevelMaxLevelSize
baseline_run1,baseline,2026/04/15-06:45:22.167350,3,4,3,1,2,,181562190,LevelMaxLevelSize
baseline_run1,baseline,2026/04/15-06:45:22.182608,2,3,2,1,1,,108300935,LevelMaxLevelSize
baseline_run1,baseline,2026/04/15-06:45:22.182748,2,3,2,1,1,,147623407,LevelMaxLevelSize
baseline_run1,baseline,2026/04/15-06:45:22.182853,2,3,2,1,1,,133596719,LevelMaxLevelSize
baseline_run1,baseline,2026/04/15-06:45:22.183112,2,3,2,1,1,,113791340,LevelMaxLevelSize
baseline_run1,baseline,2026/04/15-06:45:22.183183,2,3,2,1,1,,146626659,LevelMaxLevelSize
baseline_run1,baseline,2026/04/15-06:45:22.183187,2,3,2,1,1,,128683868,LevelMaxLevelSize
baseline_run1,baseline,2026/04/15-06:45:22.183495,2,3,2,1,1,,86311981,LevelMaxLevelSize
baseline_run1,baseline,2026/04/15-06:45:22.183505,2,3,2,1,1,,121461763,LevelMaxLevelSize
baseline_run1,baseline,2026/04/15-06:45:22.183511,2,3,2,1,1,,119267631,LevelMaxLevelSize
baseline_run1,baseline,2026/04/15-06:45:22.183512,2,3,3,1,2,,188384760,LevelMaxLevelSize
baseline_run1,baseline,2026/04/15-06:45:22.183523,2,3,3,1,2,,164282636,LevelMaxLevelSize
baseline_run1,baseline,2026/04/15-06:45:22.183524,2,3,3,1,2,,134530142,LevelMaxLevelSize
baseline_run1,baseline,2026/04/15-06:45:22.281546,3,4,2,1,1,,106085260,LevelMaxLevelSize
baseline_run1,baseline,2026/04/15-06:45:22.292222,3,4,2,1,1,,111712286,LevelMaxLevelSize
baseline_run1,baseline,2026/04/15-06:45:22.292728,3,4,4,1,3,,211843172,LevelMaxLevelSize
baseline_run1,baseline,2026/04/15-06:45:22.292731,3,4,3,1,2,,195460753,LevelMaxLevelSize
baseline_run1,baseline,2026/04/15-06:45:22.292732,3,4,2,1,1,,101865700,LevelMaxLevelSize
baseline_run1,baseline,2026/04/15-06:45:22.292753,3,4,3,1,2,,149291161,LevelMaxLevelSize
baseline_run1,baseline,2026/04/15-06:45:22.292766,3,4,3,1,2,,202342850,LevelMaxLevelSize
baseline_run1,baseline,2026/04/15-06:45:22.324761,3,4,3,1,2,,180349409,LevelMaxLevelSize
baseline_run1,baseline,2026/04/15-06:45:22.324769,3,4,4,1,3,,238135615,LevelMaxLevelSize
baseline_run1,baseline,2026/04/15-06:45:22.324968,3,4,3,1,2,,160763675,LevelMaxLevelSize
baseline_run1,baseline,2026/04/15-06:45:22.324986,3,4,3,1,2,,138611446,LevelMaxLevelSize
baseline_run1,baseline,2026/04/15-06:45:22.346133,3,4,2,1,1,,117403876,LevelMaxLevelSize
baseline_run1,baseline,2026/04/15-06:45:22.346146,3,4,4,1,3,,245010540,LevelMaxLevelSize
baseline_run1,baseline,2026/04/15-06:45:22.346146,3,4,4,1,3,,209810787,LevelMaxLevelSize
baseline_run1,baseline,2026/04/15-06:45:22.346199,3,4,3,1,2,,196894581,LevelMaxLevelSize
baseline_run1,baseline,2026/04/15-06:45:22.348102,3,4,2,1,1,,91660667,LevelMaxLevelSize
baseline_run1,baseline,2026/04/15-06:45:22.377922,3,4,3,1,2,,159681002,LevelMaxLevelSize
baseline_run1,baseline,2026/04/15-06:45:22.402714,0,1,4,4,0,,263113013,LevelL0FilesNum
baseline_run1,baseline,2026/04/15-06:45:22.433309,3,4,3,1,2,,169053859,LevelMaxLevelSize
baseline_run1,baseline,2026/04/15-06:45:22.448615,3,4,4,1,3,,235778279,LevelMaxLevelSize
baseline_run1,baseline,2026/04/15-06:45:22.462561,3,4,3,1,2,,160919605,LevelMaxLevelSize
baseline_run1,baseline,2026/04/15-06:45:22.465600,3,4,3,1,2,,183528006,LevelMaxLevelSize
baseline_run1,baseline,2026/04/15-06:45:22.476406,3,4,3,1,2,,153921834,LevelMaxLevelSize
baseline_run1,baseline,2026/04/15-06:45:22.485202,3,4,3,1,2,,169933728,LevelMaxLevelSize
baseline_run1,baseline,2026/04/15-06:45:22.504590,3,4,2,1,1,,111174082,LevelMaxLevelSize
baseline_run1,baseline,2026/04/15-06:45:22.506246,3,4,4,1,3,,217853510,LevelMaxLevelSize
baseline_run1,baseline,2026/04/15-06:45:22.512864,3,4,3,1,2,,142569961,LevelMaxLevelSize
baseline_run1,baseline,2026/04/15-06:45:22.514957,3,4,2,1,1,,44505332,LevelMaxLevelSize
baseline_run1,baseline,2026/04/15-06:45:22.519313,3,4,3,1,2,,156018579,LevelMaxLevelSize
baseline_run1,baseline,2026/04/15-06:45:22.521223,3,4,4,1,3,,204096287,LevelMaxLevelSize
baseline_run1,baseline,2026/04/15-06:45:22.528102,3,4,4,1,3,,211303840,LevelMaxLevelSize
baseline_run1,baseline,2026/04/15-06:45:22.530929,3,4,3,1,2,,182029744,LevelMaxLevelSize
baseline_run1,baseline,2026/04/15-06:45:22.550954,3,4,5,1,4,,297700737,LevelMaxLevelSize
baseline_run1,baseline,2026/04/15-06:45:22.563864,3,4,3,1,2,,138872248,LevelMaxLevelSize
baseline_run1,baseline,2026/04/15-06:45:22.565778,3,4,4,1,3,,199527058,LevelMaxLevelSize
baseline_run1,baseline,2026/04/15-06:45:22.575653,3,4,3,1,2,,204320879,LevelMaxLevelSize
baseline_run1,baseline,2026/04/15-06:45:22.620603,3,4,3,1,2,,180101496,LevelMaxLevelSize
baseline_run1,baseline,2026/04/15-06:45:22.622669,3,4,2,1,1,,78575878,LevelMaxLevelSize
baseline_run1,baseline,2026/04/15-06:45:22.626154,3,4,3,1,2,,170735817,LevelMaxLevelSize
baseline_run1,baseline,2026/04/15-06:45:22.628293,3,4,4,1,3,,233706462,LevelMaxLevelSize
baseline_run1,baseline,2026/04/15-06:45:22.646978,3,4,2,1,1,,96508896,LevelMaxLevelSize
baseline_run1,baseline,2026/04/15-06:45:22.650205,3,4,4,1,3,,236618705,LevelMaxLevelSize
baseline_run1,baseline,2026/04/15-06:45:22.651933,3,4,3,1,2,,192843576,LevelMaxLevelSize
baseline_run1,baseline,2026/04/15-06:45:22.707319,3,4,4,1,3,,230016995,LevelMaxLevelSize
baseline_run1,baseline,2026/04/15-06:45:22.741198,3,4,3,1,2,,192597317,LevelMaxLevelSize
baseline_run1,baseline,2026/04/15-06:45:22.749008,3,4,5,1,4,,304153871,LevelMaxLevelSize
baseline_run1,baseline,2026/04/15-06:45:22.750724,3,4,3,1,2,,192428857,LevelMaxLevelSize
baseline_run1,baseline,2026/04/15-06:45:22.760411,3,4,4,1,3,,217366247,LevelMaxLevelSize
baseline_run1,baseline,2026/04/15-06:45:22.762340,3,4,4,1,3,,194895267,LevelMaxLevelSize
baseline_run1,baseline,2026/04/15-06:45:22.789740,3,4,3,1,2,,183125779,LevelMaxLevelSize
baseline_run1,baseline,2026/04/15-06:45:22.811743,3,4,4,1,3,,239523803,LevelMaxLevelSize
baseline_run1,baseline,2026/04/15-06:45:22.813213,3,4,4,1,3,,228498134,LevelMaxLevelSize
baseline_run1,baseline,2026/04/15-06:45:22.830644,3,4,4,1,3,,284183666,LevelMaxLevelSize
baseline_run1,baseline,2026/04/15-06:45:22.836018,3,4,4,1,3,,238197848,LevelMaxLevelSize
baseline_run1,baseline,2026/04/15-06:45:22.854259,0,1,4,4,0,,263102366,LevelL0FilesNum
baseline_run1,baseline,2026/04/15-06:45:22.930180,3,4,3,1,2,,161696578,LevelMaxLevelSize
baseline_run1,baseline,2026/04/15-06:45:22.930491,3,4,4,1,3,,190159277,LevelMaxLevelSize
baseline_run1,baseline,2026/04/15-06:45:22.930582,3,4,3,1,2,,196571400,LevelMaxLevelSize
baseline_run1,baseline,2026/04/15-06:45:22.930664,3,4,3,1,2,,160087161,LevelMaxLevelSize
baseline_run1,baseline,2026/04/15-06:45:22.930668,3,4,3,1,2,,153249754,LevelMaxLevelSize
baseline_run1,baseline,2026/04/15-06:45:22.930741,3,4,5,1,4,,273456725,LevelMaxLevelSize
baseline_run1,baseline,2026/04/15-06:45:22.930744,3,4,4,1,3,,265026964,LevelMaxLevelSize
baseline_run1,baseline,2026/04/15-06:45:22.930747,3,4,5,1,4,,233940010,LevelMaxLevelSize
baseline_run1,baseline,2026/04/15-06:45:22.934912,3,4,3,1,2,,190881857,LevelMaxLevelSize
baseline_run1,baseline,2026/04/15-06:45:22.940877,3,4,3,1,2,,190662661,LevelMaxLevelSize
baseline_run1,baseline,2026/04/15-06:45:23.280139,0,1,4,4,0,,263095485,LevelL0FilesNum
baseline_run1,baseline,2026/04/15-06:45:23.657275,0,1,4,4,0,,263119126,LevelL0FilesNum
baseline_run1,baseline,2026/04/15-06:45:24.023513,0,1,19,10,9,,3710352813,LevelL0FilesNum
baseline_run1,baseline,2026/04/15-06:45:24.349238,0,1,4,4,0,,263115360,LevelL0FilesNum
baseline_run1,baseline,2026/04/15-06:45:24.740367,0,1,4,4,0,,263115931,LevelL0FilesNum
baseline_run1,baseline,2026/04/15-06:45:25.136781,0,1,4,4,0,,263102839,LevelL0FilesNum
baseline_run1,baseline,2026/04/15-06:45:25.521748,0,1,4,4,0,,263113351,LevelL0FilesNum
baseline_run1,baseline,2026/04/15-06:45:25.991580,0,1,4,4,0,,263120313,LevelL0FilesNum
baseline_run1,baseline,2026/04/15-06:45:26.576895,0,1,4,4,0,,263118182,LevelL0FilesNum
baseline_run1,baseline,2026/04/15-06:45:26.941952,0,1,7,7,0,,1643804081,LevelL0FilesNum
baseline_run1,baseline,2026/04/15-06:45:29.305813,0,1,4,4,0,,263117238,LevelL0FilesNum
baseline_run1,baseline,2026/04/15-06:45:29.660428,1,2,2,1,1,,163938558,LevelMaxLevelSize
baseline_run1,baseline,2026/04/15-06:45:29.660572,1,2,2,1,1,,175153294,LevelMaxLevelSize
baseline_run1,baseline,2026/04/15-06:45:29.660775,1,2,2,1,1,,130655741,LevelMaxLevelSize
baseline_run1,baseline,2026/04/15-06:45:29.660972,1,2,3,2,1,,262331808,LevelMaxLevelSize
baseline_run1,baseline,2026/04/15-06:45:29.660974,1,2,4,2,2,,278318439,LevelMaxLevelSize
baseline_run1,baseline,2026/04/15-06:45:29.660978,1,2,2,1,1,,116481900,LevelMaxLevelSize
baseline_run1,baseline,2026/04/15-06:45:29.660984,1,2,2,1,1,,99333731,LevelMaxLevelSize
baseline_run1,baseline,2026/04/15-06:45:29.661092,1,2,2,1,1,,96060908,LevelMaxLevelSize
baseline_run1,baseline,2026/04/15-06:45:29.667272,2,3,6,1,5,,322947973,LevelMaxLevelSize
baseline_run1,baseline,2026/04/15-06:45:29.667336,2,3,4,1,3,,231671146,LevelMaxLevelSize
baseline_run1,baseline,2026/04/15-06:45:29.667379,2,3,8,1,7,,588782524,LevelMaxLevelSize
baseline_run1,baseline,2026/04/15-06:45:29.667783,2,3,6,1,5,,335299769,LevelMaxLevelSize
baseline_run1,baseline,2026/04/15-06:45:29.667875,2,3,6,1,5,,426621330,LevelMaxLevelSize
baseline_run1,baseline,2026/04/15-06:45:29.667899,2,3,5,1,4,,346083596,LevelMaxLevelSize
baseline_run1,baseline,2026/04/15-06:45:29.667903,2,3,6,1,5,,387405275,LevelMaxLevelSize
baseline_run1,baseline,2026/04/15-06:45:29.667903,2,3,4,1,3,,165482561,LevelMaxLevelSize
baseline_run1,baseline,2026/04/15-06:45:29.667909,2,3,5,1,4,,330338040,LevelMaxLevelSize
baseline_run1,baseline,2026/04/15-06:45:29.667920,2,3,6,1,5,,342075708,LevelMaxLevelSize
baseline_run1,baseline,2026/04/15-06:45:29.811200,0,1,4,4,0,,263103499,LevelL0FilesNum
baseline_run1,baseline,2026/04/15-06:45:29.843115,2,3,5,1,4,,336926579,LevelMaxLevelSize
baseline_run1,baseline,2026/04/15-06:45:29.847461,2,3,2,1,1,,60908896,LevelMaxLevelSize
baseline_run1,baseline,2026/04/15-06:45:29.847468,2,3,3,1,2,,221453341,LevelMaxLevelSize
baseline_run1,baseline,2026/04/15-06:45:29.881993,2,3,3,1,2,,187714586,LevelMaxLevelSize
baseline_run1,baseline,2026/04/15-06:45:29.881994,2,3,2,1,1,,130789991,LevelMaxLevelSize
baseline_run1,baseline,2026/04/15-06:45:29.911819,2,3,4,1,3,,265243286,LevelMaxLevelSize
baseline_run1,baseline,2026/04/15-06:45:29.911820,2,3,6,1,5,,427269705,LevelMaxLevelSize
baseline_run1,baseline,2026/04/15-06:45:29.967159,2,3,4,1,3,,267051564,LevelMaxLevelSize
baseline_run1,baseline,2026/04/15-06:45:29.967276,2,3,4,1,3,,234901954,LevelMaxLevelSize
baseline_run1,baseline,2026/04/15-06:45:29.967279,2,3,7,1,6,,452478730,LevelMaxLevelSize
baseline_run1,baseline,2026/04/15-06:45:29.995622,2,3,5,1,4,,327332741,LevelMaxLevelSize
baseline_run1,baseline,2026/04/15-06:45:29.995635,2,3,13,1,12,,818650503,LevelMaxLevelSize
baseline_run1,baseline,2026/04/15-06:45:30.165831,2,3,2,1,1,,115428346,LevelMaxLevelSize
baseline_run1,baseline,2026/04/15-06:45:30.166096,2,3,3,1,2,,232130449,LevelMaxLevelSize
baseline_run1,baseline,2026/04/15-06:45:30.166097,2,3,3,1,2,,191864080,LevelMaxLevelSize
baseline_run1,baseline,2026/04/15-06:45:30.166115,2,3,3,1,2,,189774074,LevelMaxLevelSize
baseline_run1,baseline,2026/04/15-06:45:30.202266,2,3,2,1,1,,126153324,LevelMaxLevelSize
baseline_run1,baseline,2026/04/15-06:45:30.202715,2,3,3,1,2,,181591993,LevelMaxLevelSize
baseline_run1,baseline,2026/04/15-06:45:30.202831,2,3,2,1,1,,108046499,LevelMaxLevelSize
baseline_run1,baseline,2026/04/15-06:45:30.202938,2,3,4,1,3,,269278004,LevelMaxLevelSize
baseline_run1,baseline,2026/04/15-06:45:30.202939,2,3,4,1,3,,226718381,LevelMaxLevelSize
baseline_run1,baseline,2026/04/15-06:45:30.249328,0,1,4,4,0,,263102753,LevelL0FilesNum
baseline_run1,baseline,2026/04/15-06:45:30.659360,0,1,4,4,0,,263102887,LevelL0FilesNum
baseline_run1,baseline,2026/04/15-06:45:30.765013,3,4,2,1,1,,4726,LevelMaxLevelSize
baseline_run1,baseline,2026/04/15-06:45:30.765246,3,4,3,1,2,,212527998,LevelMaxLevelSize
baseline_run1,baseline,2026/04/15-06:45:30.765505,3,4,3,1,2,,161379758,LevelMaxLevelSize
baseline_run1,baseline,2026/04/15-06:45:30.765725,3,4,3,1,2,,199446169,LevelMaxLevelSize
baseline_run1,baseline,2026/04/15-06:45:30.765733,3,4,3,1,2,,167432889,LevelMaxLevelSize
baseline_run1,baseline,2026/04/15-06:45:30.765735,3,4,3,1,2,,139909042,LevelMaxLevelSize
baseline_run1,baseline,2026/04/15-06:45:30.765744,3,4,3,1,2,,195085333,LevelMaxLevelSize
baseline_run1,baseline,2026/04/15-06:45:30.766483,3,4,3,1,2,,145219393,LevelMaxLevelSize
baseline_run1,baseline,2026/04/15-06:45:30.766484,3,4,2,1,1,,101394094,LevelMaxLevelSize
baseline_run1,baseline,2026/04/15-06:45:30.766501,3,4,3,1,2,,146385023,LevelMaxLevelSize
baseline_run1,baseline,2026/04/15-06:45:30.766522,3,4,4,1,3,,162050579,LevelMaxLevelSize
baseline_run1,baseline,2026/04/15-06:45:30.794343,3,4,3,1,2,,147021948,LevelMaxLevelSize
baseline_run1,baseline,2026/04/15-06:45:30.794423,3,4,3,1,2,,197681875,LevelMaxLevelSize
baseline_run1,baseline,2026/04/15-06:45:30.794628,3,4,3,1,2,,173941157,LevelMaxLevelSize
baseline_run1,baseline,2026/04/15-06:45:30.794662,3,4,3,1,2,,192792359,LevelMaxLevelSize
baseline_run1,baseline,2026/04/15-06:45:30.794911,3,4,2,1,1,,86791305,LevelMaxLevelSize
baseline_run1,baseline,2026/04/15-06:45:30.794917,3,4,3,1,2,,184255006,LevelMaxLevelSize
baseline_run1,baseline,2026/04/15-06:45:30.794927,3,4,4,1,3,,243464488,LevelMaxLevelSize
baseline_run1,baseline,2026/04/15-06:45:30.794931,3,4,4,1,3,,239779101,LevelMaxLevelSize
baseline_run1,baseline,2026/04/15-06:45:31.078314,0,1,4,4,0,,263097562,LevelL0FilesNum
baseline_run1,baseline,2026/04/15-06:45:31.429582,3,4,4,1,3,,173848140,LevelMaxLevelSize
baseline_run1,baseline,2026/04/15-06:45:31.429805,3,4,5,1,4,,233615696,LevelMaxLevelSize
baseline_run1,baseline,2026/04/15-06:45:31.430072,3,4,3,1,2,,192541115,LevelMaxLevelSize
baseline_run1,baseline,2026/04/15-06:45:31.430617,3,4,3,1,2,,173800771,LevelMaxLevelSize
baseline_run1,baseline,2026/04/15-06:45:31.430634,3,4,4,1,3,,181592996,LevelMaxLevelSize
baseline_run1,baseline,2026/04/15-06:45:31.430637,3,4,5,1,4,,275676057,LevelMaxLevelSize
baseline_run1,baseline,2026/04/15-06:45:31.430641,3,4,3,1,2,,183309652,LevelMaxLevelSize
baseline_run1,baseline,2026/04/15-06:45:31.430643,3,4,4,1,3,,219246775,LevelMaxLevelSize
baseline_run1,baseline,2026/04/15-06:45:31.430638,3,4,4,1,3,,238721667,LevelMaxLevelSize
baseline_run1,baseline,2026/04/15-06:45:31.430656,3,4,4,1,3,,203372140,LevelMaxLevelSize
baseline_run1,baseline,2026/04/15-06:45:31.430673,3,4,3,1,2,,189666236,LevelMaxLevelSize
baseline_run1,baseline,2026/04/15-06:45:31.430663,3,4,3,1,2,,192128650,LevelMaxLevelSize
baseline_run1,baseline,2026/04/15-06:45:31.430682,3,4,5,1,4,,234194349,LevelMaxLevelSize
baseline_run1,baseline,2026/04/15-06:45:31.430689,3,4,4,1,3,,207851469,LevelMaxLevelSize
baseline_run1,baseline,2026/04/15-06:45:31.475752,0,1,4,4,0,,263130705,LevelL0FilesNum
baseline_run1,baseline,2026/04/15-06:45:31.883744,0,1,4,4,0,,263094557,LevelL0FilesNum
baseline_run1,baseline,2026/04/15-06:45:32.254893,0,1,38,11,27,,5400409986,LevelL0FilesNum
baseline_run1,baseline,2026/04/15-06:45:32.568023,0,1,4,4,0,,263093782,LevelL0FilesNum
baseline_run1,baseline,2026/04/15-06:45:32.955190,0,1,4,4,0,,263108763,LevelL0FilesNum
baseline_run1,baseline,2026/04/15-06:45:33.359504,0,1,4,4,0,,263116210,LevelL0FilesNum
baseline_run1,baseline,2026/04/15-06:45:33.724627,0,1,4,4,0,,854793039,LevelL0FilesNum
baseline_run1,baseline,2026/04/15-06:45:40.259016,1,2,2,1,1,,120641951,LevelMaxLevelSize
baseline_run1,baseline,2026/04/15-06:45:40.259021,1,2,2,1,1,,94421923,LevelMaxLevelSize
baseline_run1,baseline,2026/04/15-06:45:40.259464,1,2,2,1,1,,149345949,LevelMaxLevelSize
baseline_run1,baseline,2026/04/15-06:45:40.259464,1,2,2,1,1,,72466246,LevelMaxLevelSize
baseline_run1,baseline,2026/04/15-06:45:40.259693,1,2,3,1,2,,213657634,LevelMaxLevelSize
baseline_run1,baseline,2026/04/15-06:45:40.259695,1,2,2,1,1,,185561981,LevelMaxLevelSize
baseline_run1,baseline,2026/04/15-06:45:40.259699,1,2,2,1,1,,184613842,LevelMaxLevelSize
baseline_run1,baseline,2026/04/15-06:45:40.259906,1,2,2,1,1,,120407263,LevelMaxLevelSize
baseline_run1,baseline,2026/04/15-06:45:40.260407,1,2,2,1,1,,178685898,LevelMaxLevelSize
baseline_run1,baseline,2026/04/15-06:45:40.260414,1,2,3,2,1,,341460611,LevelMaxLevelSize
baseline_run1,baseline,2026/04/15-06:45:40.260429,1,2,2,1,1,,103934932,LevelMaxLevelSize
baseline_run1,baseline,2026/04/15-06:45:40.260433,1,2,2,1,1,,175749569,LevelMaxLevelSize
baseline_run1,baseline,2026/04/15-06:45:40.260436,1,2,2,1,1,,132073510,LevelMaxLevelSize
baseline_run1,baseline,2026/04/15-06:45:40.260436,1,2,2,1,1,,225654875,LevelMaxLevelSize
baseline_run1,baseline,2026/04/15-06:45:40.260454,1,2,2,1,1,,105947510,LevelMaxLevelSize
baseline_run1,baseline,2026/04/15-06:45:40.260459,1,2,3,1,2,,243343558,LevelMaxLevelSize
baseline_run1,baseline,2026/04/15-06:45:40.260460,1,2,2,1,1,,139987827,LevelMaxLevelSize
baseline_run1,baseline,2026/04/15-06:45:40.260469,1,2,2,1,1,,122657148,LevelMaxLevelSize
baseline_run1,baseline,2026/04/15-06:45:40.260747,1,2,2,1,1,,170364966,LevelMaxLevelSize
baseline_run1,baseline,2026/04/15-06:45:40.260929,1,2,2,1,1,,184705030,LevelMaxLevelSize
baseline_run1,baseline,2026/04/15-06:45:40.260932,1,2,2,1,1,,127002578,LevelMaxLevelSize
baseline_run1,baseline,2026/04/15-06:45:40.260939,1,2,2,1,1,,113874624,LevelMaxLevelSize
baseline_run1,baseline,2026/04/15-06:45:40.260955,1,2,2,1,1,,128158828,LevelMaxLevelSize
baseline_run1,baseline,2026/04/15-06:45:40.263153,1,2,3,2,1,,351257634,LevelMaxLevelSize
baseline_run1,baseline,2026/04/15-06:45:40.264223,1,2,2,1,1,,121044357,LevelMaxLevelSize
baseline_run1,baseline,2026/04/15-06:45:40.266676,1,2,2,1,1,,130911436,LevelMaxLevelSize
baseline_run1,baseline,2026/04/15-06:45:40.267026,1,2,2,1,1,,137072768,LevelMaxLevelSize
baseline_run1,baseline,2026/04/15-06:45:40.267026,1,2,3,2,1,,331289829,LevelMaxLevelSize
baseline_run1,baseline,2026/04/15-06:45:40.267028,1,2,2,1,1,,72821380,LevelMaxLevelSize
baseline_run1,baseline,2026/04/15-06:45:40.267034,1,2,2,1,1,,133763439,LevelMaxLevelSize
baseline_run1,baseline,2026/04/15-06:45:40.509745,2,3,5,1,4,,271139238,LevelMaxLevelSize
baseline_run1,baseline,2026/04/15-06:45:40.509749,2,3,2,1,1,,20600920,LevelMaxLevelSize
baseline_run1,baseline,2026/04/15-06:45:40.515839,2,3,3,1,2,,180023453,LevelMaxLevelSize
baseline_run1,baseline,2026/04/15-06:45:40.515856,2,3,3,1,2,,192927991,LevelMaxLevelSize
baseline_run1,baseline,2026/04/15-06:45:40.521115,2,3,4,1,3,,271681750,LevelMaxLevelSize
baseline_run1,baseline,2026/04/15-06:45:40.521118,2,3,4,1,3,,162915651,LevelMaxLevelSize
baseline_run1,baseline,2026/04/15-06:45:40.521119,2,3,4,1,3,,286119182,LevelMaxLevelSize
baseline_run1,baseline,2026/04/15-06:45:40.533171,2,3,6,1,5,,350532760,LevelMaxLevelSize
baseline_run1,baseline,2026/04/15-06:45:40.534914,2,3,2,1,1,,112534699,LevelMaxLevelSize
baseline_run1,baseline,2026/04/15-06:45:40.535123,2,3,5,1,4,,279911102,LevelMaxLevelSize
baseline_run1,baseline,2026/04/15-06:45:40.535128,2,3,6,2,4,,321249854,LevelMaxLevelSize
baseline_run1,baseline,2026/04/15-06:45:40.535129,2,3,3,1,2,,192339318,LevelMaxLevelSize
baseline_run1,baseline,2026/04/15-06:45:40.542251,2,3,3,1,2,,230975431,LevelMaxLevelSize
baseline_run1,baseline,2026/04/15-06:45:40.542343,2,3,4,1,3,,217355550,LevelMaxLevelSize
baseline_run1,baseline,2026/04/15-06:45:40.546028,2,3,5,1,4,,283641706,LevelMaxLevelSize
baseline_run1,baseline,2026/04/15-06:45:40.546036,2,3,3,1,2,,195886952,LevelMaxLevelSize
baseline_run1,baseline,2026/04/15-06:45:40.559671,2,3,6,1,5,,283268808,LevelMaxLevelSize
baseline_run1,baseline,2026/04/15-06:45:40.559699,2,3,10,1,9,,638089562,LevelMaxLevelSize
baseline_run1,baseline,2026/04/15-06:45:40.561714,2,3,3,1,2,,138280933,LevelMaxLevelSize
baseline_run1,baseline,2026/04/15-06:45:40.566142,2,3,4,1,3,,216671830,LevelMaxLevelSize
baseline_run1,baseline,2026/04/15-06:45:40.566156,2,3,3,1,2,,185207609,LevelMaxLevelSize
baseline_run1,baseline,2026/04/15-06:45:40.578817,2,3,2,1,1,,97456954,LevelMaxLevelSize
baseline_run1,baseline,2026/04/15-06:45:40.578970,2,3,4,1,3,,269728646,LevelMaxLevelSize
baseline_run1,baseline,2026/04/15-06:45:40.580397,2,3,2,1,1,,144136507,LevelMaxLevelSize
baseline_run1,baseline,2026/04/15-06:45:40.607933,2,3,4,1,3,,259108436,LevelMaxLevelSize
baseline_run1,baseline,2026/04/15-06:45:40.648908,2,3,3,1,2,,163468899,LevelMaxLevelSize
baseline_run1,baseline,2026/04/15-06:45:40.653797,2,3,2,1,1,,126961600,LevelMaxLevelSize
baseline_run1,baseline,2026/04/15-06:45:40.667995,2,3,4,1,3,,295207408,LevelMaxLevelSize
baseline_run1,baseline,2026/04/15-06:45:40.686496,2,3,2,1,1,,112932907,LevelMaxLevelSize
baseline_run1,baseline,2026/04/15-06:45:40.688157,2,3,2,1,1,,126567268,LevelMaxLevelSize
baseline_run1,baseline,2026/04/15-06:45:40.692305,2,3,4,1,3,,260261481,LevelMaxLevelSize
baseline_run1,baseline,2026/04/15-06:45:40.757932,2,3,2,1,1,,81126671,LevelMaxLevelSize
baseline_run1,baseline,2026/04/15-06:45:40.784184,2,3,3,1,2,,225016189,LevelMaxLevelSize
baseline_run1,baseline,2026/04/15-06:45:40.819338,0,1,5,5,0,,328890295,LevelL0FilesNum
baseline_run1,baseline,2026/04/15-06:45:40.824128,2,3,3,1,2,,189719280,LevelMaxLevelSize
baseline_run1,baseline,2026/04/15-06:45:40.826824,2,3,3,1,2,,204624943,LevelMaxLevelSize
baseline_run1,baseline,2026/04/15-06:45:40.891477,2,3,4,1,3,,241592220,LevelMaxLevelSize
baseline_run1,baseline,2026/04/15-06:45:40.927019,2,3,3,1,2,,183779971,LevelMaxLevelSize
baseline_run1,baseline,2026/04/15-06:45:40.933444,2,3,3,1,2,,188726270,LevelMaxLevelSize
baseline_run1,baseline,2026/04/15-06:45:40.955204,2,3,4,1,3,,213004958,LevelMaxLevelSize
baseline_run1,baseline,2026/04/15-06:45:40.958858,2,3,4,1,3,,211780771,LevelMaxLevelSize
baseline_run1,baseline,2026/04/15-06:45:40.960597,2,3,6,1,5,,334957596,LevelMaxLevelSize
baseline_run1,baseline,2026/04/15-06:45:40.967787,2,3,4,1,3,,270065860,LevelMaxLevelSize
baseline_run1,baseline,2026/04/15-06:45:40.979545,2,3,4,1,3,,277478034,LevelMaxLevelSize
baseline_run1,baseline,2026/04/15-06:45:41.006526,2,3,4,1,3,,216897071,LevelMaxLevelSize
baseline_run1,baseline,2026/04/15-06:45:41.008210,2,3,5,1,4,,286407511,LevelMaxLevelSize
baseline_run1,baseline,2026/04/15-06:45:41.008219,2,3,5,1,4,,261378006,LevelMaxLevelSize
baseline_run1,baseline,2026/04/15-06:45:41.018597,2,3,6,1,5,,344874160,LevelMaxLevelSize
baseline_run1,baseline,2026/04/15-06:45:41.043999,2,3,5,1,4,,323004938,LevelMaxLevelSize
baseline_run1,baseline,2026/04/15-06:45:41.057124,2,3,3,1,2,,143863540,LevelMaxLevelSize
baseline_run1,baseline,2026/04/15-06:45:41.062790,2,3,4,1,3,,257908787,LevelMaxLevelSize
baseline_run1,baseline,2026/04/15-06:45:41.095096,2,3,2,1,1,,135010800,LevelMaxLevelSize
baseline_run1,baseline,2026/04/15-06:45:41.098159,2,3,2,1,1,,122317089,LevelMaxLevelSize
baseline_run1,baseline,2026/04/15-06:45:41.099901,2,3,3,1,2,,178947596,LevelMaxLevelSize
baseline_run1,baseline,2026/04/15-06:45:41.101677,2,3,2,1,1,,118277505,LevelMaxLevelSize
baseline_run1,baseline,2026/04/15-06:45:41.164511,2,3,3,1,2,,192778381,LevelMaxLevelSize
baseline_run1,baseline,2026/04/15-06:45:41.168168,2,3,4,1,3,,277493074,LevelMaxLevelSize
baseline_run1,baseline,2026/04/15-06:45:41.213332,2,3,4,1,3,,223072829,LevelMaxLevelSize
baseline_run1,baseline,2026/04/15-06:45:41.215298,2,3,4,1,3,,235008471,LevelMaxLevelSize
baseline_run1,baseline,2026/04/15-06:45:41.234409,2,3,4,1,3,,189606932,LevelMaxLevelSize
baseline_run1,baseline,2026/04/15-06:45:41.243524,2,3,4,1,3,,225633570,LevelMaxLevelSize
baseline_run1,baseline,2026/04/15-06:45:41.245043,2,3,5,1,4,,267228382,LevelMaxLevelSize
baseline_run1,baseline,2026/04/15-06:45:41.247835,2,3,4,1,3,,246152776,LevelMaxLevelSize
baseline_run1,baseline,2026/04/15-06:45:41.289816,0,1,4,4,0,,263092585,LevelL0FilesNum
baseline_run1,baseline,2026/04/15-06:45:41.301077,2,3,10,1,9,,618645541,LevelMaxLevelSize
baseline_run1,baseline,2026/04/15-06:45:41.312624,2,3,6,1,5,,354602070,LevelMaxLevelSize
baseline_run1,baseline,2026/04/15-06:45:41.319297,2,3,6,1,5,,453494770,LevelMaxLevelSize
baseline_run1,baseline,2026/04/15-06:45:41.330068,2,3,5,1,4,,328581803,LevelMaxLevelSize
baseline_run1,baseline,2026/04/15-06:45:41.375623,2,3,6,1,5,,343709769,LevelMaxLevelSize
baseline_run1,baseline,2026/04/15-06:45:41.377401,2,3,9,1,8,,670891497,LevelMaxLevelSize
baseline_run1,baseline,2026/04/15-06:45:41.383863,2,3,5,1,4,,338067317,LevelMaxLevelSize
baseline_run1,baseline,2026/04/15-06:45:41.398100,2,3,5,1,4,,310138556,LevelMaxLevelSize
baseline_run1,baseline,2026/04/15-06:45:41.742193,0,1,4,4,0,,263134791,LevelL0FilesNum
baseline_run1,baseline,2026/04/15-06:45:41.811677,3,4,2,1,1,,111618683,LevelMaxLevelSize
baseline_run1,baseline,2026/04/15-06:45:41.944940,3,4,3,1,2,,161659349,LevelMaxLevelSize
baseline_run1,baseline,2026/04/15-06:45:41.945027,3,4,3,1,2,,138611463,LevelMaxLevelSize
baseline_run1,baseline,2026/04/15-06:45:41.945031,3,4,4,1,3,,170777139,LevelMaxLevelSize
baseline_run1,baseline,2026/04/15-06:45:41.945033,3,4,3,1,2,,140802481,LevelMaxLevelSize
baseline_run1,baseline,2026/04/15-06:45:41.945037,3,4,3,1,2,,141097723,LevelMaxLevelSize
baseline_run1,baseline,2026/04/15-06:45:41.946319,3,4,3,1,2,,159636110,LevelMaxLevelSize
baseline_run1,baseline,2026/04/15-06:45:41.946327,3,4,3,1,2,,162759545,LevelMaxLevelSize
baseline_run1,baseline,2026/04/15-06:45:41.946336,3,4,2,1,1,,91147627,LevelMaxLevelSize
baseline_run1,baseline,2026/04/15-06:45:41.946340,3,4,4,1,3,,226599779,LevelMaxLevelSize
baseline_run1,baseline,2026/04/15-06:45:41.946356,3,4,4,1,3,,283174837,LevelMaxLevelSize
baseline_run1,baseline,2026/04/15-06:45:41.961238,3,4,3,1,2,,189301421,LevelMaxLevelSize
baseline_run1,baseline,2026/04/15-06:45:41.961240,3,4,2,1,1,,102782256,LevelMaxLevelSize
baseline_run1,baseline,2026/04/15-06:45:41.961263,3,4,3,1,2,,198909975,LevelMaxLevelSize
baseline_run1,baseline,2026/04/15-06:45:41.961267,3,4,3,1,2,,161917879,LevelMaxLevelSize
baseline_run1,baseline,2026/04/15-06:45:41.961268,3,4,3,1,2,,200689812,LevelMaxLevelSize
baseline_run1,baseline,2026/04/15-06:45:41.961529,3,4,3,1,2,,157002670,LevelMaxLevelSize
baseline_run1,baseline,2026/04/15-06:45:41.997352,3,4,2,1,1,,89713740,LevelMaxLevelSize
baseline_run1,baseline,2026/04/15-06:45:41.997355,3,4,4,1,3,,227789373,LevelMaxLevelSize
baseline_run1,baseline,2026/04/15-06:45:41.997360,3,4,3,1,2,,198746852,LevelMaxLevelSize
baseline_run1,baseline,2026/04/15-06:45:41.997363,3,4,2,1,1,,109204104,LevelMaxLevelSize
baseline_run1,baseline,2026/04/15-06:45:41.997378,3,4,3,1,2,,188107603,LevelMaxLevelSize
baseline_run1,baseline,2026/04/15-06:45:41.997379,3,4,3,1,2,,147182034,LevelMaxLevelSize
baseline_run1,baseline,2026/04/15-06:45:42.001214,3,4,3,1,2,,159068060,LevelMaxLevelSize
baseline_run1,baseline,2026/04/15-06:45:42.001516,3,4,3,1,2,,189213240,LevelMaxLevelSize
baseline_run1,baseline,2026/04/15-06:45:42.001517,3,4,3,1,2,,150409050,LevelMaxLevelSize
baseline_run1,baseline,2026/04/15-06:45:42.001540,3,4,3,1,2,,198393582,LevelMaxLevelSize
baseline_run1,baseline,2026/04/15-06:45:42.001708,3,4,3,1,2,,160592259,LevelMaxLevelSize
baseline_run1,baseline,2026/04/15-06:45:42.001719,3,4,4,1,3,,241074895,LevelMaxLevelSize
baseline_run1,baseline,2026/04/15-06:45:42.044876,3,4,3,1,2,,194538838,LevelMaxLevelSize
baseline_run1,baseline,2026/04/15-06:45:42.044881,3,4,3,1,2,,189114461,LevelMaxLevelSize
baseline_run1,baseline,2026/04/15-06:45:42.044889,3,4,4,1,3,,242963870,LevelMaxLevelSize
baseline_run1,baseline,2026/04/15-06:45:42.046706,3,4,3,1,2,,189065600,LevelMaxLevelSize
baseline_run1,baseline,2026/04/15-06:45:42.153597,3,4,3,1,2,,170262068,LevelMaxLevelSize
baseline_run1,baseline,2026/04/15-06:45:42.192770,0,1,4,4,0,,263104681,LevelL0FilesNum
baseline_run1,baseline,2026/04/15-06:45:42.213363,3,4,4,1,3,,234181385,LevelMaxLevelSize
baseline_run1,baseline,2026/04/15-06:45:42.252914,3,4,3,1,2,,186383961,LevelMaxLevelSize
baseline_run1,baseline,2026/04/15-06:45:42.255648,3,4,2,1,1,,97170727,LevelMaxLevelSize
baseline_run1,baseline,2026/04/15-06:45:42.257566,3,4,4,1,3,,221439047,LevelMaxLevelSize
baseline_run1,baseline,2026/04/15-06:45:42.260387,3,4,3,1,2,,137136082,LevelMaxLevelSize
baseline_run1,baseline,2026/04/15-06:45:42.264628,3,4,3,1,2,,147912483,LevelMaxLevelSize
baseline_run1,baseline,2026/04/15-06:45:42.285017,3,4,4,1,3,,219914822,LevelMaxLevelSize
baseline_run1,baseline,2026/04/15-06:45:42.312797,3,4,3,1,2,,194193906,LevelMaxLevelSize
baseline_run1,baseline,2026/04/15-06:45:42.318498,3,4,3,1,2,,147765764,LevelMaxLevelSize
baseline_run1,baseline,2026/04/15-06:45:42.324776,3,4,3,1,2,,175184778,LevelMaxLevelSize
baseline_run1,baseline,2026/04/15-06:45:42.326631,3,4,4,1,3,,242520211,LevelMaxLevelSize
baseline_run1,baseline,2026/04/15-06:45:42.330373,3,4,2,1,1,,96977311,LevelMaxLevelSize
baseline_run1,baseline,2026/04/15-06:45:42.337461,3,4,3,1,2,,145374044,LevelMaxLevelSize
baseline_run1,baseline,2026/04/15-06:45:42.345214,3,4,3,1,2,,175591864,LevelMaxLevelSize
baseline_run1,baseline,2026/04/15-06:45:42.359022,3,4,3,1,2,,168818993,LevelMaxLevelSize
baseline_run1,baseline,2026/04/15-06:45:42.597299,3,4,4,1,3,,241386348,LevelMaxLevelSize
baseline_run1,baseline,2026/04/15-06:45:42.597310,3,4,2,1,1,,352948,LevelMaxLevelSize
baseline_run1,baseline,2026/04/15-06:45:42.597310,3,4,3,1,2,,181729197,LevelMaxLevelSize
baseline_run1,baseline,2026/04/15-06:45:42.597706,3,4,3,1,2,,192057976,LevelMaxLevelSize
baseline_run1,baseline,2026/04/15-06:45:42.597796,3,4,3,1,2,,181146314,LevelMaxLevelSize
baseline_run1,baseline,2026/04/15-06:45:42.597888,3,4,3,1,2,,190688590,LevelMaxLevelSize
baseline_run1,baseline,2026/04/15-06:45:42.597898,3,4,5,1,4,,264978563,LevelMaxLevelSize
baseline_run1,baseline,2026/04/15-06:45:42.597932,3,4,3,1,2,,191075112,LevelMaxLevelSize
baseline_run1,baseline,2026/04/15-06:45:42.597899,3,4,4,1,3,,192662176,LevelMaxLevelSize
baseline_run1,baseline,2026/04/15-06:45:42.597945,3,4,3,1,2,,167670702,LevelMaxLevelSize
baseline_run1,baseline,2026/04/15-06:45:42.597956,3,4,3,1,2,,191422046,LevelMaxLevelSize
baseline_run1,baseline,2026/04/15-06:45:42.643898,0,1,4,4,0,,263122470,LevelL0FilesNum
baseline_run1,baseline,2026/04/15-06:45:42.762271,3,4,4,1,3,,231263913,LevelMaxLevelSize
baseline_run1,baseline,2026/04/15-06:45:42.762274,3,4,3,1,2,,190629241,LevelMaxLevelSize
baseline_run1,baseline,2026/04/15-06:45:42.762495,3,4,4,1,3,,214005064,LevelMaxLevelSize
baseline_run1,baseline,2026/04/15-06:45:42.762568,3,4,3,1,2,,168123930,LevelMaxLevelSize
baseline_run1,baseline,2026/04/15-06:45:42.762709,3,4,3,1,2,,189531172,LevelMaxLevelSize
baseline_run1,baseline,2026/04/15-06:45:42.762859,3,4,3,1,2,,189282965,LevelMaxLevelSize
baseline_run1,baseline,2026/04/15-06:45:42.762866,3,4,4,1,3,,213772451,LevelMaxLevelSize
baseline_run1,baseline,2026/04/15-06:45:42.763005,3,4,4,1,3,,217747488,LevelMaxLevelSize
baseline_run1,baseline,2026/04/15-06:45:42.763013,3,4,4,1,3,,238280132,LevelMaxLevelSize
baseline_run1,baseline,2026/04/15-06:45:42.763023,3,4,3,1,2,,167710270,LevelMaxLevelSize
baseline_run1,baseline,2026/04/15-06:45:42.763026,3,4,5,1,4,,236107788,LevelMaxLevelSize
baseline_run1,baseline,2026/04/15-06:45:43.072780,0,1,4,4,0,,263120064,LevelL0FilesNum
baseline_run1,baseline,2026/04/15-06:45:43.451767,0,1,17,10,7,,3450046785,LevelL0FilesNum
baseline_run1,baseline,2026/04/15-06:45:43.778467,0,1,4,4,0,,263114066,LevelL0FilesNum
baseline_run1,baseline,2026/04/15-06:45:44.176027,0,1,4,4,0,,263142025,LevelL0FilesNum
baseline_run1,baseline,2026/04/15-06:45:44.570182,0,1,4,4,0,,263134101,LevelL0FilesNum
baseline_run1,baseline,2026/04/15-06:45:44.959080,0,1,4,4,0,,263115030,LevelL0FilesNum
baseline_run1,baseline,2026/04/15-06:45:45.448989,0,1,4,4,0,,263105495,LevelL0FilesNum
baseline_run1,baseline,2026/04/15-06:45:46.026161,0,1,4,4,0,,263121422,LevelL0FilesNum
baseline_run1,baseline,2026/04/15-06:45:46.395212,0,1,7,7,0,,1643796309,LevelL0FilesNum
baseline_run1,baseline,2026/04/15-06:45:48.627285,0,1,4,4,0,,263119640,LevelL0FilesNum
baseline_run1,baseline,2026/04/15-06:45:48.748602,1,2,2,1,1,,82330469,LevelMaxLevelSize
baseline_run1,baseline,2026/04/15-06:45:48.748785,1,2,2,1,1,,65026166,LevelMaxLevelSize
baseline_run1,baseline,2026/04/15-06:45:48.748792,1,2,4,2,2,,254593171,LevelMaxLevelSize
baseline_run1,baseline,2026/04/15-06:45:48.748959,1,2,2,1,1,,200408407,LevelMaxLevelSize
baseline_run1,baseline,2026/04/15-06:45:48.749018,1,2,2,1,1,,164040983,LevelMaxLevelSize
baseline_run1,baseline,2026/04/15-06:45:48.749018,1,2,3,1,2,,219889301,LevelMaxLevelSize
baseline_run1,baseline,2026/04/15-06:45:48.749197,1,2,3,2,1,,382652162,LevelMaxLevelSize
baseline_run1,baseline,2026/04/15-06:45:48.749200,1,2,3,2,1,,332658094,LevelMaxLevelSize
baseline_run1,baseline,2026/04/15-06:45:48.756143,2,3,4,1,3,,288271984,LevelMaxLevelSize
baseline_run1,baseline,2026/04/15-06:45:48.756181,2,3,5,1,4,,325986315,LevelMaxLevelSize
baseline_run1,baseline,2026/04/15-06:45:48.756254,2,3,8,1,7,,609587197,LevelMaxLevelSize
baseline_run1,baseline,2026/04/15-06:45:48.756254,2,3,4,1,3,,287596272,LevelMaxLevelSize
baseline_run1,baseline,2026/04/15-06:45:48.866269,2,3,2,1,1,,17752774,LevelMaxLevelSize
baseline_run1,baseline,2026/04/15-06:45:48.866443,2,3,4,1,3,,166057905,LevelMaxLevelSize
baseline_run1,baseline,2026/04/15-06:45:48.866458,2,3,11,1,10,,766228131,LevelMaxLevelSize
baseline_run1,baseline,2026/04/15-06:45:49.035035,2,3,5,1,4,,327048605,LevelMaxLevelSize
baseline_run1,baseline,2026/04/15-06:45:49.035060,2,3,11,1,10,,778554945,LevelMaxLevelSize
baseline_run1,baseline,2026/04/15-06:45:49.097553,2,3,4,1,3,,250843799,LevelMaxLevelSize
baseline_run1,baseline,2026/04/15-06:45:49.097773,2,3,5,1,4,,312385390,LevelMaxLevelSize
baseline_run1,baseline,2026/04/15-06:45:49.097777,2,3,4,1,3,,185141898,LevelMaxLevelSize
baseline_run1,baseline,2026/04/15-06:45:49.135804,2,3,2,1,1,,111151870,LevelMaxLevelSize
baseline_run1,baseline,2026/04/15-06:45:49.136087,2,3,3,1,2,,166909816,LevelMaxLevelSize
baseline_run1,baseline,2026/04/15-06:45:49.136088,2,3,7,1,6,,415375712,LevelMaxLevelSize
baseline_run1,baseline,2026/04/15-06:45:49.136091,2,3,6,1,5,,402244875,LevelMaxLevelSize
baseline_run1,baseline,2026/04/15-06:45:49.203477,2,3,3,1,2,,166953551,LevelMaxLevelSize
baseline_run1,baseline,2026/04/15-06:45:49.203488,2,3,4,1,3,,276552187,LevelMaxLevelSize
baseline_run1,baseline,2026/04/15-06:45:49.203489,2,3,2,1,1,,18911731,LevelMaxLevelSize
baseline_run1,baseline,2026/04/15-06:45:49.203489,2,3,4,1,3,,236292964,LevelMaxLevelSize
baseline_run1,baseline,2026/04/15-06:45:49.203592,2,3,4,1,3,,194913801,LevelMaxLevelSize
baseline_run1,baseline,2026/04/15-06:45:49.230907,0,1,4,4,0,,263112852,LevelL0FilesNum
baseline_run1,baseline,2026/04/15-06:45:49.348736,2,3,4,1,3,,295254282,LevelMaxLevelSize
baseline_run1,baseline,2026/04/15-06:45:49.348746,2,3,2,1,1,,115927091,LevelMaxLevelSize
baseline_run1,baseline,2026/04/15-06:45:49.348759,2,3,2,1,1,,116262777,LevelMaxLevelSize
baseline_run1,baseline,2026/04/15-06:45:49.348926,2,3,4,1,3,,272102736,LevelMaxLevelSize
baseline_run1,baseline,2026/04/15-06:45:49.348927,2,3,5,1,4,,282666691,LevelMaxLevelSize
baseline_run1,baseline,2026/04/15-06:45:49.443825,2,3,2,1,1,,113306289,LevelMaxLevelSize
baseline_run1,baseline,2026/04/15-06:45:49.443827,2,3,4,1,3,,285018936,LevelMaxLevelSize
baseline_run1,baseline,2026/04/15-06:45:49.443828,2,3,3,1,2,,182245978,LevelMaxLevelSize
baseline_run1,baseline,2026/04/15-06:45:49.444129,2,3,4,1,3,,179905070,LevelMaxLevelSize
baseline_run1,baseline,2026/04/15-06:45:49.444138,2,3,3,1,2,,176785884,LevelMaxLevelSize
baseline_run1,baseline,2026/04/15-06:45:49.444140,2,3,5,1,4,,309245466,LevelMaxLevelSize
baseline_run1,baseline,2026/04/15-06:45:49.686904,0,1,4,4,0,,263111261,LevelL0FilesNum
baseline_run1,baseline,2026/04/15-06:45:49.988681,3,4,2,1,1,,110426018,LevelMaxLevelSize
baseline_run1,baseline,2026/04/15-06:45:49.988818,3,4,3,1,2,,150505673,LevelMaxLevelSize
baseline_run1,baseline,2026/04/15-06:45:49.988837,3,4,3,1,2,,147681704,LevelMaxLevelSize
baseline_run1,baseline,2026/04/15-06:45:49.988848,3,4,3,1,2,,150264597,LevelMaxLevelSize
baseline_run1,baseline,2026/04/15-06:45:49.989003,3,4,3,1,2,,177763364,LevelMaxLevelSize
baseline_run1,baseline,2026/04/15-06:45:49.989011,3,4,4,1,3,,202512657,LevelMaxLevelSize
baseline_run1,baseline,2026/04/15-06:45:50.107059,0,1,4,4,0,,263109866,LevelL0FilesNum
baseline_run1,baseline,2026/04/15-06:45:50.220829,3,4,4,1,3,,251087670,LevelMaxLevelSize
baseline_run1,baseline,2026/04/15-06:45:50.220843,3,4,3,1,2,,141675346,LevelMaxLevelSize
baseline_run1,baseline,2026/04/15-06:45:50.221062,3,4,4,1,3,,235214120,LevelMaxLevelSize
baseline_run1,baseline,2026/04/15-06:45:50.221162,3,4,3,1,2,,155288086,LevelMaxLevelSize
baseline_run1,baseline,2026/04/15-06:45:50.221310,3,4,3,1,2,,132705793,LevelMaxLevelSize
baseline_run1,baseline,2026/04/15-06:45:50.221388,3,4,4,1,3,,241858258,LevelMaxLevelSize
baseline_run1,baseline,2026/04/15-06:45:50.221550,3,4,4,1,3,,191652390,LevelMaxLevelSize
baseline_run1,baseline,2026/04/15-06:45:50.221556,3,4,4,1,3,,195493531,LevelMaxLevelSize
baseline_run1,baseline,2026/04/15-06:45:50.221557,3,4,5,1,4,,278784807,LevelMaxLevelSize
baseline_run1,baseline,2026/04/15-06:45:50.221562,3,4,5,1,4,,244835581,LevelMaxLevelSize
baseline_run1,baseline,2026/04/15-06:45:50.221563,3,4,2,1,1,,97972677,LevelMaxLevelSize
baseline_run1,baseline,2026/04/15-06:45:50.222081,3,4,4,1,3,,263186677,LevelMaxLevelSize
baseline_run1,baseline,2026/04/15-06:45:50.407407,3,4,4,1,3,,176806325,LevelMaxLevelSize
baseline_run1,baseline,2026/04/15-06:45:50.407518,3,4,3,1,2,,175838479,LevelMaxLevelSize
baseline_run1,baseline,2026/04/15-06:45:50.407678,3,4,3,1,2,,188957600,LevelMaxLevelSize
baseline_run1,baseline,2026/04/15-06:45:50.408351,3,4,4,1,3,,236077254,LevelMaxLevelSize
baseline_run1,baseline,2026/04/15-06:45:50.408359,3,4,4,1,3,,254765650,LevelMaxLevelSize
baseline_run1,baseline,2026/04/15-06:45:50.408366,3,4,6,1,5,,279897786,LevelMaxLevelSize
baseline_run1,baseline,2026/04/15-06:45:50.408369,3,4,4,1,3,,239309807,LevelMaxLevelSize
baseline_run1,baseline,2026/04/15-06:45:50.408371,3,4,4,1,3,,201790645,LevelMaxLevelSize
baseline_run1,baseline,2026/04/15-06:45:50.408376,3,4,2,1,1,,96540991,LevelMaxLevelSize
baseline_run1,baseline,2026/04/15-06:45:50.408383,3,4,3,1,2,,186110866,LevelMaxLevelSize
baseline_run1,baseline,2026/04/15-06:45:50.408390,3,4,3,1,2,,165359140,LevelMaxLevelSize
baseline_run1,baseline,2026/04/15-06:45:50.408390,3,4,3,1,2,,173938957,LevelMaxLevelSize
baseline_run1,baseline,2026/04/15-06:45:50.408398,3,4,3,1,2,,171584745,LevelMaxLevelSize
baseline_run1,baseline,2026/04/15-06:45:50.555526,0,1,4,4,0,,263111954,LevelL0FilesNum
baseline_run1,baseline,2026/04/15-06:45:50.969855,0,1,32,9,23,,4575433104,LevelL0FilesNum
baseline_run1,baseline,2026/04/15-06:45:51.291926,0,1,4,4,0,,263113967,LevelL0FilesNum
baseline_run1,baseline,2026/04/15-06:45:51.698301,0,1,4,4,0,,263103893,LevelL0FilesNum
baseline_run1,baseline,2026/04/15-06:45:52.096678,0,1,4,4,0,,263091127,LevelL0FilesNum
baseline_run1,baseline,2026/04/15-06:45:52.504221,0,1,4,4,0,,263132562,LevelL0FilesNum
baseline_run1,baseline,2026/04/15-06:45:52.893457,0,1,4,4,0,,263093450,LevelL0FilesNum
baseline_run1,baseline,2026/04/15-06:45:55.146796,0,1,4,4,0,,263117274,LevelL0FilesNum
baseline_run1,baseline,2026/04/15-06:45:55.529962,0,1,6,6,0,,1577998541,LevelL0FilesNum
baseline_run1,baseline,2026/04/15-06:45:57.852375,1,2,2,1,1,,178672488,LevelMaxLevelSize
baseline_run1,baseline,2026/04/15-06:45:57.852383,1,2,2,1,1,,148495807,LevelMaxLevelSize
baseline_run1,baseline,2026/04/15-06:45:57.852783,1,2,2,1,1,,29234095,LevelMaxLevelSize
baseline_run1,baseline,2026/04/15-06:45:57.853478,1,2,2,1,1,,155204842,LevelMaxLevelSize
baseline_run1,baseline,2026/04/15-06:45:57.853675,1,2,2,1,1,,71557157,LevelMaxLevelSize
baseline_run1,baseline,2026/04/15-06:45:57.853676,1,2,2,1,1,,146969033,LevelMaxLevelSize
baseline_run1,baseline,2026/04/15-06:45:57.853679,1,2,2,1,1,,161290826,LevelMaxLevelSize
baseline_run1,baseline,2026/04/15-06:45:57.853685,1,2,2,1,1,,182021220,LevelMaxLevelSize
baseline_run1,baseline,2026/04/15-06:45:57.853689,1,2,2,1,1,,101044498,LevelMaxLevelSize
baseline_run1,baseline,2026/04/15-06:45:57.853703,1,2,2,1,1,,131627743,LevelMaxLevelSize
baseline_run1,baseline,2026/04/15-06:45:57.853706,1,2,2,1,1,,91983053,LevelMaxLevelSize
baseline_run1,baseline,2026/04/15-06:45:57.853714,1,2,2,1,1,,80786533,LevelMaxLevelSize
baseline_run1,baseline,2026/04/15-06:45:57.853725,1,2,2,1,1,,124616840,LevelMaxLevelSize
baseline_run1,baseline,2026/04/15-06:45:57.853726,1,2,2,1,1,,145890167,LevelMaxLevelSize
baseline_run1,baseline,2026/04/15-06:45:57.853736,1,2,2,1,1,,148506584,LevelMaxLevelSize
baseline_run1,baseline,2026/04/15-06:45:57.853746,1,2,2,1,1,,248697530,LevelMaxLevelSize
baseline_run1,baseline,2026/04/15-06:45:57.853751,1,2,2,1,1,,115278161,LevelMaxLevelSize
baseline_run1,baseline,2026/04/15-06:45:57.853759,1,2,2,1,1,,176599195,LevelMaxLevelSize
baseline_run1,baseline,2026/04/15-06:45:57.853763,1,2,2,1,1,,94743553,LevelMaxLevelSize
baseline_run1,baseline,2026/04/15-06:45:57.853768,1,2,2,1,1,,91837393,LevelMaxLevelSize
baseline_run1,baseline,2026/04/15-06:45:57.853777,1,2,2,1,1,,160115195,LevelMaxLevelSize
baseline_run1,baseline,2026/04/15-06:45:57.853782,1,2,3,2,1,,313310540,LevelMaxLevelSize
baseline_run1,baseline,2026/04/15-06:45:57.996167,2,3,10,1,9,,682384125,LevelMaxLevelSize
baseline_run1,baseline,2026/04/15-06:45:58.021942,2,3,2,1,1,,57743892,LevelMaxLevelSize
baseline_run1,baseline,2026/04/15-06:45:58.036333,2,3,8,1,7,,560238188,LevelMaxLevelSize
baseline_run1,baseline,2026/04/15-06:45:58.040241,2,3,5,1,4,,342181810,LevelMaxLevelSize
baseline_run1,baseline,2026/04/15-06:45:58.041991,2,3,2,1,1,,93246667,LevelMaxLevelSize
baseline_run1,baseline,2026/04/15-06:45:58.041993,2,3,5,1,4,,362106704,LevelMaxLevelSize
baseline_run1,baseline,2026/04/15-06:45:58.060507,2,3,4,1,3,,113513743,LevelMaxLevelSize
baseline_run1,baseline,2026/04/15-06:45:58.060514,2,3,6,1,5,,355209292,LevelMaxLevelSize
baseline_run1,baseline,2026/04/15-06:45:58.095460,2,3,4,1,3,,213954085,LevelMaxLevelSize
baseline_run1,baseline,2026/04/15-06:45:58.095469,2,3,9,1,8,,574507985,LevelMaxLevelSize
baseline_run1,baseline,2026/04/15-06:45:58.106350,2,3,10,1,9,,712668146,LevelMaxLevelSize
baseline_run1,baseline,2026/04/15-06:45:58.117854,2,3,4,1,3,,253711281,LevelMaxLevelSize
baseline_run1,baseline,2026/04/15-06:45:58.153284,2,3,5,1,4,,333830541,LevelMaxLevelSize
baseline_run1,baseline,2026/04/15-06:45:58.154305,2,3,4,1,3,,260821582,LevelMaxLevelSize
baseline_run1,baseline,2026/04/15-06:45:58.157113,2,3,2,1,1,,98397602,LevelMaxLevelSize
baseline_run1,baseline,2026/04/15-06:45:58.157142,2,3,6,1,5,,289823811,LevelMaxLevelSize
baseline_run1,baseline,2026/04/15-06:45:58.157150,2,3,7,2,5,,348295321,LevelMaxLevelSize
baseline_run1,baseline,2026/04/15-06:45:58.157156,2,3,5,1,4,,369642961,LevelMaxLevelSize
baseline_run1,baseline,2026/04/15-06:45:58.157158,2,3,2,1,1,,127335824,LevelMaxLevelSize
baseline_run1,baseline,2026/04/15-06:45:58.158370,2,3,2,1,1,,116096433,LevelMaxLevelSize
baseline_run1,baseline,2026/04/15-06:45:58.158547,2,3,2,1,1,,111403364,LevelMaxLevelSize
baseline_run1,baseline,2026/04/15-06:45:58.158565,2,3,2,1,1,,126450634,LevelMaxLevelSize
baseline_run1,baseline,2026/04/15-06:45:58.167214,2,3,2,1,1,,125076095,LevelMaxLevelSize
baseline_run1,baseline,2026/04/15-06:45:58.167237,2,3,4,1,3,,239234457,LevelMaxLevelSize
baseline_run1,baseline,2026/04/15-06:45:58.167240,2,3,3,1,2,,197010981,LevelMaxLevelSize
baseline_run1,baseline,2026/04/15-06:45:58.178658,2,3,2,1,1,,26325597,LevelMaxLevelSize
baseline_run1,baseline,2026/04/15-06:45:58.178665,2,3,4,1,3,,195112936,LevelMaxLevelSize
baseline_run1,baseline,2026/04/15-06:45:58.178673,2,3,6,1,5,,392907811,LevelMaxLevelSize
baseline_run1,baseline,2026/04/15-06:45:58.178676,2,3,5,1,4,,322184245,LevelMaxLevelSize
baseline_run1,baseline,2026/04/15-06:45:58.186026,2,3,4,1,3,,232960803,LevelMaxLevelSize
baseline_run1,baseline,2026/04/15-06:45:58.186039,2,3,4,1,3,,288571547,LevelMaxLevelSize
baseline_run1,baseline,2026/04/15-06:45:58.186112,2,3,4,1,3,,167798734,LevelMaxLevelSize
baseline_run1,baseline,2026/04/15-06:45:58.223990,2,3,4,1,3,,262937618,LevelMaxLevelSize
baseline_run1,baseline,2026/04/15-06:45:58.225559,2,3,3,1,2,,171521460,LevelMaxLevelSize
baseline_run1,baseline,2026/04/15-06:45:58.234158,2,3,3,1,2,,129990151,LevelMaxLevelSize
baseline_run1,baseline,2026/04/15-06:45:58.243329,2,3,3,1,2,,160406159,LevelMaxLevelSize
baseline_run1,baseline,2026/04/15-06:45:58.244926,2,3,5,1,4,,317726198,LevelMaxLevelSize
baseline_run1,baseline,2026/04/15-06:45:58.325167,2,3,4,1,3,,277329663,LevelMaxLevelSize
baseline_run1,baseline,2026/04/15-06:45:58.404534,2,3,4,1,3,,246763801,LevelMaxLevelSize
baseline_run1,baseline,2026/04/15-06:45:58.417377,2,3,5,1,4,,290892504,LevelMaxLevelSize
baseline_run1,baseline,2026/04/15-06:45:58.435467,2,3,6,1,5,,303774678,LevelMaxLevelSize
baseline_run1,baseline,2026/04/15-06:45:58.440004,2,3,7,1,6,,375461746,LevelMaxLevelSize
baseline_run1,baseline,2026/04/15-06:45:58.473158,2,3,7,1,6,,319710813,LevelMaxLevelSize
baseline_run1,baseline,2026/04/15-06:45:58.474894,2,3,6,1,5,,431646477,LevelMaxLevelSize
baseline_run1,baseline,2026/04/15-06:45:58.482337,2,3,7,1,6,,376559858,LevelMaxLevelSize
baseline_run1,baseline,2026/04/15-06:45:58.542160,0,1,22,6,16,,3350018750,LevelL0FilesNum
baseline_run1,baseline,2026/04/15-06:45:58.553627,2,3,2,1,1,,133374379,LevelMaxLevelSize
baseline_run1,baseline,2026/04/15-06:45:58.590117,2,3,3,1,2,,218800183,LevelMaxLevelSize
baseline_run1,baseline,2026/04/15-06:45:58.602451,2,3,4,1,3,,219423669,LevelMaxLevelSize
baseline_run1,baseline,2026/04/15-06:45:58.642155,2,3,3,1,2,,208454393,LevelMaxLevelSize
baseline_run1,baseline,2026/04/15-06:45:58.643592,2,3,5,1,4,,345600608,LevelMaxLevelSize
baseline_run1,baseline,2026/04/15-06:45:58.655034,2,3,12,1,11,,836132847,LevelMaxLevelSize
baseline_run1,baseline,2026/04/15-06:45:58.990261,0,1,4,4,0,,263121523,LevelL0FilesNum
baseline_run1,baseline,2026/04/15-06:45:59.311160,3,4,2,1,1,,112008395,LevelMaxLevelSize
baseline_run1,baseline,2026/04/15-06:45:59.311417,3,4,3,1,2,,162355309,LevelMaxLevelSize
baseline_run1,baseline,2026/04/15-06:45:59.311516,3,4,3,1,2,,127629287,LevelMaxLevelSize
baseline_run1,baseline,2026/04/15-06:45:59.311517,3,4,3,1,2,,180435635,LevelMaxLevelSize
baseline_run1,baseline,2026/04/15-06:45:59.311517,3,4,3,1,2,,169113880,LevelMaxLevelSize
baseline_run1,baseline,2026/04/15-06:45:59.334383,3,4,3,1,2,,163266519,LevelMaxLevelSize
baseline_run1,baseline,2026/04/15-06:45:59.334630,3,4,4,1,3,,213270582,LevelMaxLevelSize
baseline_run1,baseline,2026/04/15-06:45:59.334634,3,4,3,1,2,,149275553,LevelMaxLevelSize
baseline_run1,baseline,2026/04/15-06:45:59.334644,3,4,4,1,3,,284573185,LevelMaxLevelSize
baseline_run1,baseline,2026/04/15-06:45:59.334644,3,4,3,1,2,,195063441,LevelMaxLevelSize
baseline_run1,baseline,2026/04/15-06:45:59.334651,3,4,3,1,2,,135327011,LevelMaxLevelSize
baseline_run1,baseline,2026/04/15-06:45:59.334658,3,4,3,1,2,,153216395,LevelMaxLevelSize
baseline_run1,baseline,2026/04/15-06:45:59.412652,0,1,4,4,0,,263116244,LevelL0FilesNum
baseline_run1,baseline,2026/04/15-06:45:59.425320,3,4,4,1,3,,182360774,LevelMaxLevelSize
baseline_run1,baseline,2026/04/15-06:45:59.425875,3,4,4,1,3,,209917716,LevelMaxLevelSize
baseline_run1,baseline,2026/04/15-06:45:59.425875,3,4,5,2,3,,222861754,LevelMaxLevelSize
baseline_run1,baseline,2026/04/15-06:45:59.426010,3,4,4,1,3,,237464421,LevelMaxLevelSize
baseline_run1,baseline,2026/04/15-06:45:59.426364,3,4,3,1,2,,191447781,LevelMaxLevelSize
baseline_run1,baseline,2026/04/15-06:45:59.426371,3,4,3,1,2,,192562852,LevelMaxLevelSize
baseline_run1,baseline,2026/04/15-06:45:59.426550,3,4,5,2,3,,242628448,LevelMaxLevelSize
baseline_run1,baseline,2026/04/15-06:45:59.426555,3,4,4,1,3,,211292407,LevelMaxLevelSize
baseline_run1,baseline,2026/04/15-06:45:59.426555,3,4,4,1,3,,280150088,LevelMaxLevelSize
baseline_run1,baseline,2026/04/15-06:45:59.426556,3,4,4,1,3,,246532905,LevelMaxLevelSize
baseline_run1,baseline,2026/04/15-06:45:59.562777,3,4,4,1,3,,195441333,LevelMaxLevelSize
baseline_run1,baseline,2026/04/15-06:45:59.562778,3,4,3,1,2,,192368549,LevelMaxLevelSize
baseline_run1,baseline,2026/04/15-06:45:59.563120,3,4,4,1,3,,231750041,LevelMaxLevelSize
baseline_run1,baseline,2026/04/15-06:45:59.563295,3,4,4,1,3,,225546071,LevelMaxLevelSize
baseline_run1,baseline,2026/04/15-06:45:59.563460,3,4,4,1,3,,192756874,LevelMaxLevelSize
baseline_run1,baseline,2026/04/15-06:45:59.563691,3,4,5,1,4,,311846443,LevelMaxLevelSize
baseline_run1,baseline,2026/04/15-06:45:59.563700,3,4,2,1,1,,84088644,LevelMaxLevelSize
baseline_run1,baseline,2026/04/15-06:45:59.563693,3,4,3,1,2,,188637632,LevelMaxLevelSize
baseline_run1,baseline,2026/04/15-06:45:59.563707,3,4,5,1,4,,273643637,LevelMaxLevelSize
baseline_run1,baseline,2026/04/15-06:45:59.563711,3,4,3,1,2,,169344677,LevelMaxLevelSize
baseline_run1,baseline,2026/04/15-06:45:59.563711,3,4,4,1,3,,232066900,LevelMaxLevelSize
baseline_run1,baseline,2026/04/15-06:45:59.563718,3,4,2,1,1,,94347766,LevelMaxLevelSize
baseline_run1,baseline,2026/04/15-06:45:59.864837,0,1,4,4,0,,263109887,LevelL0FilesNum
baseline_run1,baseline,2026/04/15-06:46:00.241895,3,4,3,1,2,,169204371,LevelMaxLevelSize
baseline_run1,baseline,2026/04/15-06:46:00.241896,3,4,3,1,2,,136653891,LevelMaxLevelSize
baseline_run1,baseline,2026/04/15-06:46:00.242024,3,4,3,1,2,,188596188,LevelMaxLevelSize
baseline_run1,baseline,2026/04/15-06:46:00.242460,3,4,3,1,2,,188478575,LevelMaxLevelSize
baseline_run1,baseline,2026/04/15-06:46:00.242905,3,4,3,1,2,,188438132,LevelMaxLevelSize
baseline_run1,baseline,2026/04/15-06:46:00.242908,3,4,4,1,3,,259232448,LevelMaxLevelSize
baseline_run1,baseline,2026/04/15-06:46:00.242916,3,4,5,1,4,,273130691,LevelMaxLevelSize
baseline_run1,baseline,2026/04/15-06:46:00.242927,3,4,3,1,2,,188342596,LevelMaxLevelSize
baseline_run1,baseline,2026/04/15-06:46:00.242935,3,4,3,1,2,,188382022,LevelMaxLevelSize
baseline_run1,baseline,2026/04/15-06:46:00.242938,3,4,3,1,2,,188275994,LevelMaxLevelSize
baseline_run1,baseline,2026/04/15-06:46:00.242950,3,4,3,1,2,,168222479,LevelMaxLevelSize
baseline_run1,baseline,2026/04/15-06:46:00.242954,3,4,4,1,3,,231364496,LevelMaxLevelSize
baseline_run1,baseline,2026/04/15-06:46:00.242956,3,4,3,1,2,,172819093,LevelMaxLevelSize
baseline_run1,baseline,2026/04/15-06:46:00.242962,3,4,3,1,2,,173235725,LevelMaxLevelSize
baseline_run1,baseline,2026/04/15-06:46:00.242978,3,4,3,1,2,,188557693,LevelMaxLevelSize
baseline_run1,baseline,2026/04/15-06:46:00.275958,0,1,4,4,0,,263108815,LevelL0FilesNum
baseline_run1,baseline,2026/04/15-06:46:00.690059,0,1,4,4,0,,263112957,LevelL0FilesNum
baseline_run1,baseline,2026/04/15-06:46:01.085798,0,1,4,4,0,,263118224,LevelL0FilesNum
baseline_run1,baseline,2026/04/15-06:46:01.475938,0,1,4,4,0,,263103990,LevelL0FilesNum
baseline_run1,baseline,2026/04/15-06:46:01.872658,0,1,4,4,0,,263106692,LevelL0FilesNum
baseline_run1,baseline,2026/04/15-06:46:02.348663,0,1,4,4,0,,263113953,LevelL0FilesNum
baseline_run1,baseline,2026/04/15-06:46:02.932299,0,1,4,4,0,,263104606,LevelL0FilesNum
baseline_run1,baseline,2026/04/15-06:46:03.315511,0,1,7,7,0,,1643759878,LevelL0FilesNum
baseline_run1,baseline,2026/04/15-06:46:04.001935,1,2,2,1,1,,86906039,LevelMaxLevelSize
baseline_run1,baseline,2026/04/15-06:46:04.002001,1,2,2,1,1,,103724981,LevelMaxLevelSize
baseline_run1,baseline,2026/04/15-06:46:04.002060,1,2,3,1,2,,82932344,LevelMaxLevelSize
baseline_run1,baseline,2026/04/15-06:46:04.002065,1,2,2,1,1,,73852960,LevelMaxLevelSize
baseline_run1,baseline,2026/04/15-06:46:04.002696,1,2,2,1,1,,186032959,LevelMaxLevelSize
baseline_run1,baseline,2026/04/15-06:46:04.002703,1,2,2,1,1,,136153961,LevelMaxLevelSize
baseline_run1,baseline,2026/04/15-06:46:04.002705,1,2,2,1,1,,173985652,LevelMaxLevelSize
baseline_run1,baseline,2026/04/15-06:46:04.002721,1,2,3,1,2,,173919429,LevelMaxLevelSize
baseline_run1,baseline,2026/04/15-06:46:04.002728,1,2,2,1,1,,226746478,LevelMaxLevelSize
baseline_run1,baseline,2026/04/15-06:46:04.002732,1,2,3,1,2,,167544096,LevelMaxLevelSize
baseline_run1,baseline,2026/04/15-06:46:04.002738,1,2,3,1,2,,189037442,LevelMaxLevelSize
baseline_run1,baseline,2026/04/15-06:46:04.003188,1,2,3,2,1,,405082624,LevelMaxLevelSize
baseline_run1,baseline,2026/04/15-06:46:04.003189,1,2,2,1,1,,121096070,LevelMaxLevelSize
baseline_run1,baseline,2026/04/15-06:46:04.003204,1,2,2,1,1,,98794019,LevelMaxLevelSize
baseline_run1,baseline,2026/04/15-06:46:04.003215,1,2,2,1,1,,132475708,LevelMaxLevelSize
baseline_run1,baseline,2026/04/15-06:46:04.003222,1,2,2,1,1,,139464943,LevelMaxLevelSize
baseline_run1,baseline,2026/04/15-06:46:04.003225,1,2,2,1,1,,119467459,LevelMaxLevelSize
baseline_run1,baseline,2026/04/15-06:46:04.227637,2,3,4,1,3,,403266300,LevelMaxLevelSize
baseline_run1,baseline,2026/04/15-06:46:04.229187,2,3,3,1,2,,180239886,LevelMaxLevelSize
baseline_run1,baseline,2026/04/15-06:46:04.250837,2,3,5,1,4,,450519913,LevelMaxLevelSize
baseline_run1,baseline,2026/04/15-06:46:04.258209,2,3,3,1,2,,173276810,LevelMaxLevelSize
baseline_run1,baseline,2026/04/15-06:46:04.258209,2,3,4,1,3,,275150143,LevelMaxLevelSize
baseline_run1,baseline,2026/04/15-06:46:04.261362,2,3,4,1,3,,278794135,LevelMaxLevelSize
baseline_run1,baseline,2026/04/15-06:46:04.261372,2,3,5,1,4,,317915344,LevelMaxLevelSize
baseline_run1,baseline,2026/04/15-06:46:04.312127,2,3,5,1,4,,267533790,LevelMaxLevelSize
baseline_run1,baseline,2026/04/15-06:46:04.312135,2,3,5,1,4,,331021217,LevelMaxLevelSize
baseline_run1,baseline,2026/04/15-06:46:04.322977,2,3,4,1,3,,248350827,LevelMaxLevelSize
baseline_run1,baseline,2026/04/15-06:46:04.322977,2,3,4,1,3,,238000609,LevelMaxLevelSize
baseline_run1,baseline,2026/04/15-06:46:04.322977,2,3,3,1,2,,181317299,LevelMaxLevelSize
baseline_run1,baseline,2026/04/15-06:46:04.324600,2,3,6,1,5,,401158962,LevelMaxLevelSize
baseline_run1,baseline,2026/04/15-06:46:04.324603,2,3,4,1,3,,248482786,LevelMaxLevelSize
baseline_run1,baseline,2026/04/15-06:46:04.334167,1,2,2,1,1,,118519506,LevelMaxLevelSize
baseline_run1,baseline,2026/04/15-06:46:04.334167,0,1,4,4,0,,263116183,LevelL0FilesNum
baseline_run1,baseline,2026/04/15-06:46:04.334169,1,2,2,1,1,,132266571,LevelMaxLevelSize
baseline_run1,baseline,2026/04/15-06:46:04.343056,2,3,3,1,2,,187600721,LevelMaxLevelSize
baseline_run1,baseline,2026/04/15-06:46:04.349776,2,3,4,1,3,,225157051,LevelMaxLevelSize
baseline_run1,baseline,2026/04/15-06:46:04.349781,2,3,5,1,4,,280392807,LevelMaxLevelSize
baseline_run1,baseline,2026/04/15-06:46:04.349797,2,3,3,1,2,,195982413,LevelMaxLevelSize
baseline_run1,baseline,2026/04/15-06:46:04.349807,2,3,3,1,2,,182147002,LevelMaxLevelSize
baseline_run1,baseline,2026/04/15-06:46:04.428314,2,3,12,1,11,,718405238,LevelMaxLevelSize
baseline_run1,baseline,2026/04/15-06:46:04.428314,2,3,5,1,4,,335269530,LevelMaxLevelSize
baseline_run1,baseline,2026/04/15-06:46:04.585321,2,3,7,1,6,,408104414,LevelMaxLevelSize
baseline_run1,baseline,2026/04/15-06:46:04.585322,2,3,6,1,5,,389331319,LevelMaxLevelSize
baseline_run1,baseline,2026/04/15-06:46:04.619967,2,3,6,1,5,,379498526,LevelMaxLevelSize
baseline_run1,baseline,2026/04/15-06:46:04.619973,2,3,5,1,4,,317540081,LevelMaxLevelSize
baseline_run1,baseline,2026/04/15-06:46:04.619967,2,3,2,1,1,,66459864,LevelMaxLevelSize
baseline_run1,baseline,2026/04/15-06:46:04.795908,2,3,4,1,3,,225206534,LevelMaxLevelSize
baseline_run1,baseline,2026/04/15-06:46:04.796162,2,3,3,1,2,,171660119,LevelMaxLevelSize
baseline_run1,baseline,2026/04/15-06:46:04.796166,2,3,3,1,2,,182662689,LevelMaxLevelSize
baseline_run1,baseline,2026/04/15-06:46:04.796168,2,3,3,1,2,,184032973,LevelMaxLevelSize
baseline_run1,baseline,2026/04/15-06:46:04.796169,2,3,3,1,2,,183807134,LevelMaxLevelSize
baseline_run1,baseline,2026/04/15-06:46:04.796175,2,3,4,1,3,,271753920,LevelMaxLevelSize
baseline_run1,baseline,2026/04/15-06:46:04.912282,0,1,4,4,0,,263125513,LevelL0FilesNum
baseline_run1,baseline,2026/04/15-06:46:05.285531,3,4,3,1,2,,151887574,LevelMaxLevelSize
baseline_run1,baseline,2026/04/15-06:46:05.285544,3,4,4,1,3,,250094627,LevelMaxLevelSize
baseline_run1,baseline,2026/04/15-06:46:05.302832,3,4,4,1,3,,212063112,LevelMaxLevelSize
baseline_run1,baseline,2026/04/15-06:46:05.302933,3,4,3,1,2,,195592384,LevelMaxLevelSize
baseline_run1,baseline,2026/04/15-06:46:05.302933,3,4,3,1,2,,140363078,LevelMaxLevelSize
baseline_run1,baseline,2026/04/15-06:46:05.303094,3,4,4,1,3,,216860265,LevelMaxLevelSize
baseline_run1,baseline,2026/04/15-06:46:05.303164,3,4,2,1,1,,92307294,LevelMaxLevelSize
baseline_run1,baseline,2026/04/15-06:46:05.303166,3,4,4,1,3,,238158418,LevelMaxLevelSize
baseline_run1,baseline,2026/04/15-06:46:05.315042,0,1,4,4,0,,263120382,LevelL0FilesNum
baseline_run1,baseline,2026/04/15-06:46:05.332718,3,4,3,1,2,,158558889,LevelMaxLevelSize
baseline_run1,baseline,2026/04/15-06:46:05.333094,3,4,4,1,3,,270171767,LevelMaxLevelSize
baseline_run1,baseline,2026/04/15-06:46:05.333231,3,4,5,1,4,,246562234,LevelMaxLevelSize
baseline_run1,baseline,2026/04/15-06:46:05.333332,3,4,4,1,3,,233093430,LevelMaxLevelSize
baseline_run1,baseline,2026/04/15-06:46:05.333337,3,4,5,1,4,,291124829,LevelMaxLevelSize
baseline_run1,baseline,2026/04/15-06:46:05.340540,3,4,4,1,3,,259752651,LevelMaxLevelSize
baseline_run1,baseline,2026/04/15-06:46:05.340554,3,4,4,1,3,,251528147,LevelMaxLevelSize
baseline_run1,baseline,2026/04/15-06:46:05.340558,3,4,4,1,3,,229163973,LevelMaxLevelSize
baseline_run1,baseline,2026/04/15-06:46:05.340563,3,4,3,1,2,,165216688,LevelMaxLevelSize
baseline_run1,baseline,2026/04/15-06:46:05.340565,3,4,3,1,2,,165497170,LevelMaxLevelSize
baseline_run1,baseline,2026/04/15-06:46:05.340573,3,4,3,1,2,,190259449,LevelMaxLevelSize
baseline_run1,baseline,2026/04/15-06:46:05.340595,3,4,4,1,3,,245987336,LevelMaxLevelSize
baseline_run1,baseline,2026/04/15-06:46:05.788377,3,4,3,1,2,,137415441,LevelMaxLevelSize
baseline_run1,baseline,2026/04/15-06:46:05.788759,3,4,3,1,2,,176020166,LevelMaxLevelSize
baseline_run1,baseline,2026/04/15-06:46:05.788909,3,4,2,1,1,,35046436,LevelMaxLevelSize
baseline_run1,baseline,2026/04/15-06:46:05.788992,3,4,4,1,3,,227229326,LevelMaxLevelSize
baseline_run1,baseline,2026/04/15-06:46:05.788999,3,4,4,1,3,,227178547,LevelMaxLevelSize
baseline_run1,baseline,2026/04/15-06:46:05.789081,3,4,4,1,3,,233786405,LevelMaxLevelSize
baseline_run1,baseline,2026/04/15-06:46:05.789086,3,4,4,1,3,,226153951,LevelMaxLevelSize
baseline_run1,baseline,2026/04/15-06:46:05.789088,3,4,3,1,2,,173101717,LevelMaxLevelSize
baseline_run1,baseline,2026/04/15-06:46:05.789096,3,4,4,1,3,,234294446,LevelMaxLevelSize
baseline_run1,baseline,2026/04/15-06:46:05.789110,3,4,4,1,3,,204147324,LevelMaxLevelSize
baseline_run1,baseline,2026/04/15-06:46:05.789112,3,4,4,1,3,,232438808,LevelMaxLevelSize
baseline_run1,baseline,2026/04/15-06:46:05.789122,3,4,3,1,2,,190011134,LevelMaxLevelSize
baseline_run1,baseline,2026/04/15-06:46:05.924203,0,1,4,4,0,,263101464,LevelL0FilesNum
baseline_run1,baseline,2026/04/15-06:46:06.332509,0,1,24,12,12,,4964762711,LevelL0FilesNum
baseline_run1,baseline,2026/04/15-06:46:06.631008,0,1,4,4,0,,263107721,LevelL0FilesNum
baseline_run1,baseline,2026/04/15-06:46:07.042421,0,1,4,4,0,,263110856,LevelL0FilesNum
baseline_run1,baseline,2026/04/15-06:46:07.538389,0,1,4,4,0,,263120119,LevelL0FilesNum
baseline_run1,baseline,2026/04/15-06:46:08.131875,0,1,4,4,0,,263116994,LevelL0FilesNum
baseline_run1,baseline,2026/04/15-06:46:08.516888,0,1,4,4,0,,1052025716,LevelL0FilesNum
baseline_run1,baseline,2026/04/15-06:46:13.721441,1,2,2,1,1,,137570222,LevelMaxLevelSize
baseline_run1,baseline,2026/04/15-06:46:13.721917,1,2,2,1,1,,124142853,LevelMaxLevelSize
baseline_run1,baseline,2026/04/15-06:46:13.721934,1,2,2,1,1,,181442953,LevelMaxLevelSize
baseline_run1,baseline,2026/04/15-06:46:13.721943,1,2,3,2,1,,322123711,LevelMaxLevelSize
baseline_run1,baseline,2026/04/15-06:46:13.721953,1,2,2,1,1,,29015359,LevelMaxLevelSize
baseline_run1,baseline,2026/04/15-06:46:13.721944,1,2,2,1,1,,69071632,LevelMaxLevelSize
baseline_run1,baseline,2026/04/15-06:46:13.721970,1,2,2,1,1,,76330077,LevelMaxLevelSize
baseline_run1,baseline,2026/04/15-06:46:13.721967,1,2,2,1,1,,185172317,LevelMaxLevelSize
baseline_run1,baseline,2026/04/15-06:46:13.721973,1,2,2,1,1,,154834802,LevelMaxLevelSize
baseline_run1,baseline,2026/04/15-06:46:13.721997,1,2,2,1,1,,124514100,LevelMaxLevelSize
baseline_run1,baseline,2026/04/15-06:46:13.722415,1,2,2,1,1,,75853177,LevelMaxLevelSize
baseline_run1,baseline,2026/04/15-06:46:13.722528,1,2,2,1,1,,194565119,LevelMaxLevelSize
baseline_run1,baseline,2026/04/15-06:46:13.722980,1,2,2,1,1,,155953442,LevelMaxLevelSize
baseline_run1,baseline,2026/04/15-06:46:13.722985,1,2,2,1,1,,163387484,LevelMaxLevelSize
baseline_run1,baseline,2026/04/15-06:46:13.723070,1,2,2,1,1,,189158306,LevelMaxLevelSize
baseline_run1,baseline,2026/04/15-06:46:13.723072,1,2,2,1,1,,223847881,LevelMaxLevelSize
baseline_run1,baseline,2026/04/15-06:46:13.723310,1,2,2,1,1,,154629338,LevelMaxLevelSize
baseline_run1,baseline,2026/04/15-06:46:13.723320,1,2,3,1,2,,222920106,LevelMaxLevelSize
baseline_run1,baseline,2026/04/15-06:46:13.723338,1,2,2,1,1,,98785166,LevelMaxLevelSize
baseline_run1,baseline,2026/04/15-06:46:13.723339,1,2,2,1,1,,147103515,LevelMaxLevelSize
baseline_run1,baseline,2026/04/15-06:46:13.723342,1,2,2,1,1,,166780532,LevelMaxLevelSize
baseline_run1,baseline,2026/04/15-06:46:13.723347,1,2,2,1,1,,195957130,LevelMaxLevelSize
baseline_run1,baseline,2026/04/15-06:46:13.723348,1,2,2,1,1,,156412462,LevelMaxLevelSize
baseline_run1,baseline,2026/04/15-06:46:13.723358,1,2,2,1,1,,140509010,LevelMaxLevelSize
baseline_run1,baseline,2026/04/15-06:46:13.723465,1,2,2,1,1,,205680470,LevelMaxLevelSize
baseline_run1,baseline,2026/04/15-06:46:13.723475,1,2,2,1,1,,158588144,LevelMaxLevelSize
baseline_run1,baseline,2026/04/15-06:46:13.724995,1,2,3,2,1,,323671891,LevelMaxLevelSize
baseline_run1,baseline,2026/04/15-06:46:13.725104,1,2,3,1,2,,191946968,LevelMaxLevelSize
baseline_run1,baseline,2026/04/15-06:46:13.728162,1,2,2,1,1,,240361538,LevelMaxLevelSize
baseline_run1,baseline,2026/04/15-06:46:13.728184,1,2,3,2,1,,374170209,LevelMaxLevelSize
baseline_run1,baseline,2026/04/15-06:46:14.069995,2,3,2,1,1,,90498373,LevelMaxLevelSize
baseline_run1,baseline,2026/04/15-06:46:14.070654,2,3,3,1,2,,143205340,LevelMaxLevelSize
baseline_run1,baseline,2026/04/15-06:46:14.070848,2,3,2,1,1,,77229654,LevelMaxLevelSize
baseline_run1,baseline,2026/04/15-06:46:14.070945,2,3,3,1,2,,222015115,LevelMaxLevelSize
baseline_run1,baseline,2026/04/15-06:46:14.070958,2,3,4,1,3,,286628214,LevelMaxLevelSize
baseline_run1,baseline,2026/04/15-06:46:14.070962,2,3,4,1,3,,216038730,LevelMaxLevelSize
baseline_run1,baseline,2026/04/15-06:46:14.073226,2,3,2,1,1,,109931368,LevelMaxLevelSize
baseline_run1,baseline,2026/04/15-06:46:14.073326,2,3,5,1,4,,393376397,LevelMaxLevelSize
baseline_run1,baseline,2026/04/15-06:46:14.076979,2,3,2,1,1,,90115787,LevelMaxLevelSize
baseline_run1,baseline,2026/04/15-06:46:14.077148,2,3,5,1,4,,307876514,LevelMaxLevelSize
baseline_run1,baseline,2026/04/15-06:46:14.077153,2,3,4,1,3,,242708993,LevelMaxLevelSize
baseline_run1,baseline,2026/04/15-06:46:14.077154,2,3,3,1,2,,210400062,LevelMaxLevelSize
baseline_run1,baseline,2026/04/15-06:46:14.079255,2,3,4,1,3,,197434969,LevelMaxLevelSize
baseline_run1,baseline,2026/04/15-06:46:14.079258,2,3,4,1,3,,275501809,LevelMaxLevelSize
baseline_run1,baseline,2026/04/15-06:46:14.081245,2,3,4,1,3,,235957136,LevelMaxLevelSize
baseline_run1,baseline,2026/04/15-06:46:14.081247,2,3,3,1,2,,160187630,LevelMaxLevelSize
baseline_run1,baseline,2026/04/15-06:46:14.081247,2,3,5,1,4,,272521943,LevelMaxLevelSize
baseline_run1,baseline,2026/04/15-06:46:14.118038,2,3,3,1,2,,173811410,LevelMaxLevelSize
baseline_run1,baseline,2026/04/15-06:46:14.118259,2,3,3,1,2,,124973127,LevelMaxLevelSize
baseline_run1,baseline,2026/04/15-06:46:14.118260,2,3,4,1,3,,259324735,LevelMaxLevelSize
baseline_run1,baseline,2026/04/15-06:46:14.118266,2,3,2,1,1,,78844735,LevelMaxLevelSize
baseline_run1,baseline,2026/04/15-06:46:14.131582,2,3,3,1,2,,130079101,LevelMaxLevelSize
baseline_run1,baseline,2026/04/15-06:46:14.131607,2,3,5,1,4,,324826058,LevelMaxLevelSize
baseline_run1,baseline,2026/04/15-06:46:14.131609,2,3,4,1,3,,246822101,LevelMaxLevelSize
baseline_run1,baseline,2026/04/15-06:46:14.138694,2,3,3,1,2,,208508920,LevelMaxLevelSize
baseline_run1,baseline,2026/04/15-06:46:14.138801,2,3,4,1,3,,240102827,LevelMaxLevelSize
baseline_run1,baseline,2026/04/15-06:46:14.141341,2,3,3,1,2,,132272390,LevelMaxLevelSize
baseline_run1,baseline,2026/04/15-06:46:14.143046,2,3,3,1,2,,169945039,LevelMaxLevelSize
baseline_run1,baseline,2026/04/15-06:46:14.148125,2,3,2,1,1,,115726608,LevelMaxLevelSize
baseline_run1,baseline,2026/04/15-06:46:14.176916,2,3,3,1,2,,191579973,LevelMaxLevelSize
baseline_run1,baseline,2026/04/15-06:46:14.216741,2,3,3,1,2,,108204893,LevelMaxLevelSize
baseline_run1,baseline,2026/04/15-06:46:14.218428,2,3,3,1,2,,202340513,LevelMaxLevelSize
baseline_run1,baseline,2026/04/15-06:46:14.258730,2,3,4,1,3,,256463472,LevelMaxLevelSize
baseline_run1,baseline,2026/04/15-06:46:14.283189,2,3,3,1,2,,198244035,LevelMaxLevelSize
baseline_run1,baseline,2026/04/15-06:46:14.290733,0,1,5,5,0,,328888703,LevelL0FilesNum
baseline_run1,baseline,2026/04/15-06:46:14.301019,2,3,3,1,2,,202668448,LevelMaxLevelSize
baseline_run1,baseline,2026/04/15-06:46:14.309477,2,3,3,1,2,,188291781,LevelMaxLevelSize
baseline_run1,baseline,2026/04/15-06:46:14.336494,2,3,4,1,3,,251644425,LevelMaxLevelSize
baseline_run1,baseline,2026/04/15-06:46:14.429039,2,3,4,1,3,,221531082,LevelMaxLevelSize
baseline_run1,baseline,2026/04/15-06:46:14.431297,2,3,3,1,2,,201053268,LevelMaxLevelSize
baseline_run1,baseline,2026/04/15-06:46:14.431432,2,3,3,1,2,,186376685,LevelMaxLevelSize
baseline_run1,baseline,2026/04/15-06:46:14.449775,2,3,3,1,2,,175727844,LevelMaxLevelSize
baseline_run1,baseline,2026/04/15-06:46:14.463696,2,3,4,1,3,,226216302,LevelMaxLevelSize
baseline_run1,baseline,2026/04/15-06:46:14.465686,2,3,3,1,2,,166192332,LevelMaxLevelSize
baseline_run1,baseline,2026/04/15-06:46:14.472002,2,3,2,1,1,,143769646,LevelMaxLevelSize
baseline_run1,baseline,2026/04/15-06:46:14.478259,2,3,3,1,2,,164717715,LevelMaxLevelSize
baseline_run1,baseline,2026/04/15-06:46:14.480230,2,3,3,1,2,,191073575,LevelMaxLevelSize
baseline_run1,baseline,2026/04/15-06:46:14.553432,2,3,3,1,2,,212277956,LevelMaxLevelSize
baseline_run1,baseline,2026/04/15-06:46:14.555601,2,3,5,1,4,,304499580,LevelMaxLevelSize
baseline_run1,baseline,2026/04/15-06:46:14.570109,2,3,7,1,6,,401613008,LevelMaxLevelSize
baseline_run1,baseline,2026/04/15-06:46:14.572786,2,3,6,1,5,,351598419,LevelMaxLevelSize
baseline_run1,baseline,2026/04/15-06:46:14.591524,2,3,3,1,2,,137717232,LevelMaxLevelSize
baseline_run1,baseline,2026/04/15-06:46:14.596657,2,3,2,1,1,,128587389,LevelMaxLevelSize
baseline_run1,baseline,2026/04/15-06:46:14.622487,2,3,3,1,2,,214240151,LevelMaxLevelSize
baseline_run1,baseline,2026/04/15-06:46:14.644610,2,3,3,1,2,,223933044,LevelMaxLevelSize
baseline_run1,baseline,2026/04/15-06:46:14.655740,2,3,4,1,3,,198381017,LevelMaxLevelSize
baseline_run1,baseline,2026/04/15-06:46:14.664750,2,3,5,1,4,,304303162,LevelMaxLevelSize
baseline_run1,baseline,2026/04/15-06:46:14.671301,2,3,5,1,4,,302486914,LevelMaxLevelSize
baseline_run1,baseline,2026/04/15-06:46:14.716898,2,3,5,1,4,,238177967,LevelMaxLevelSize
baseline_run1,baseline,2026/04/15-06:46:14.724810,2,3,4,1,3,,250632638,LevelMaxLevelSize
baseline_run1,baseline,2026/04/15-06:46:14.733220,2,3,6,2,4,,307764790,LevelMaxLevelSize
baseline_run1,baseline,2026/04/15-06:46:14.749115,2,3,5,1,4,,339766490,LevelMaxLevelSize
baseline_run1,baseline,2026/04/15-06:46:14.758299,2,3,5,1,4,,321943563,LevelMaxLevelSize
baseline_run1,baseline,2026/04/15-06:46:14.760726,2,3,3,1,2,,93381696,LevelMaxLevelSize
baseline_run1,baseline,2026/04/15-06:46:14.763619,2,3,6,1,5,,394443249,LevelMaxLevelSize
baseline_run1,baseline,2026/04/15-06:46:14.765785,2,3,5,1,4,,320740311,LevelMaxLevelSize
baseline_run1,baseline,2026/04/15-06:46:14.772500,0,1,4,4,0,,263100733,LevelL0FilesNum
baseline_run1,baseline,2026/04/15-06:46:14.809508,2,3,3,1,2,,136137609,LevelMaxLevelSize
baseline_run1,baseline,2026/04/15-06:46:14.828250,2,3,5,1,4,,252265449,LevelMaxLevelSize
baseline_run1,baseline,2026/04/15-06:46:14.850087,2,3,6,1,5,,387760686,LevelMaxLevelSize
baseline_run1,baseline,2026/04/15-06:46:14.873047,2,3,6,1,5,,378174179,LevelMaxLevelSize
baseline_run1,baseline,2026/04/15-06:46:15.212507,0,1,4,4,0,,263110917,LevelL0FilesNum
baseline_run1,baseline,2026/04/15-06:46:15.301489,3,4,2,1,1,,112023015,LevelMaxLevelSize
baseline_run1,baseline,2026/04/15-06:46:15.301496,3,4,3,1,2,,131273763,LevelMaxLevelSize
baseline_run1,baseline,2026/04/15-06:46:15.301568,3,4,2,1,1,,76237226,LevelMaxLevelSize
baseline_run1,baseline,2026/04/15-06:46:15.301661,3,4,2,1,1,,109935618,LevelMaxLevelSize
baseline_run1,baseline,2026/04/15-06:46:15.301834,3,4,2,1,1,,108050885,LevelMaxLevelSize
baseline_run1,baseline,2026/04/15-06:46:15.301845,3,4,3,1,2,,155320296,LevelMaxLevelSize
baseline_run1,baseline,2026/04/15-06:46:15.310524,3,4,3,1,2,,133615785,LevelMaxLevelSize
baseline_run1,baseline,2026/04/15-06:46:15.310778,3,4,4,1,3,,234281056,LevelMaxLevelSize
baseline_run1,baseline,2026/04/15-06:46:15.310866,3,4,2,1,1,,68481102,LevelMaxLevelSize
baseline_run1,baseline,2026/04/15-06:46:15.310886,3,4,4,1,3,,174989182,LevelMaxLevelSize
baseline_run1,baseline,2026/04/15-06:46:15.310889,3,4,3,1,2,,134087625,LevelMaxLevelSize
baseline_run1,baseline,2026/04/15-06:46:15.310891,3,4,5,1,4,,331072690,LevelMaxLevelSize
baseline_run1,baseline,2026/04/15-06:46:15.328146,3,4,3,1,2,,152742566,LevelMaxLevelSize
baseline_run1,baseline,2026/04/15-06:46:15.328154,3,4,3,1,2,,152504725,LevelMaxLevelSize
baseline_run1,baseline,2026/04/15-06:46:15.328287,3,4,6,1,5,,364285673,LevelMaxLevelSize
baseline_run1,baseline,2026/04/15-06:46:15.360838,3,4,3,1,2,,148566931,LevelMaxLevelSize
baseline_run1,baseline,2026/04/15-06:46:15.361142,3,4,3,1,2,,194260524,LevelMaxLevelSize
baseline_run1,baseline,2026/04/15-06:46:15.361143,3,4,3,1,2,,193774426,LevelMaxLevelSize
baseline_run1,baseline,2026/04/15-06:46:15.361145,3,4,5,1,4,,272537304,LevelMaxLevelSize
baseline_run1,baseline,2026/04/15-06:46:15.361156,3,4,3,1,2,,168022024,LevelMaxLevelSize
baseline_run1,baseline,2026/04/15-06:46:15.404928,3,4,3,1,2,,131702008,LevelMaxLevelSize
baseline_run1,baseline,2026/04/15-06:46:15.405008,3,4,3,1,2,,168126919,LevelMaxLevelSize
baseline_run1,baseline,2026/04/15-06:46:15.405030,3,4,3,1,2,,193296216,LevelMaxLevelSize
baseline_run1,baseline,2026/04/15-06:46:15.405030,3,4,4,1,3,,198086125,LevelMaxLevelSize
baseline_run1,baseline,2026/04/15-06:46:15.405034,3,4,3,1,2,,193521865,LevelMaxLevelSize
baseline_run1,baseline,2026/04/15-06:46:15.405036,3,4,3,1,2,,166716003,LevelMaxLevelSize
baseline_run1,baseline,2026/04/15-06:46:15.409042,3,4,3,1,2,,193300406,LevelMaxLevelSize
baseline_run1,baseline,2026/04/15-06:46:15.409293,3,4,2,1,1,,73363239,LevelMaxLevelSize
baseline_run1,baseline,2026/04/15-06:46:15.409295,3,4,4,1,3,,198185580,LevelMaxLevelSize
baseline_run1,baseline,2026/04/15-06:46:15.409299,3,4,3,1,2,,181349916,LevelMaxLevelSize
baseline_run1,baseline,2026/04/15-06:46:15.437094,3,4,3,1,2,,167215862,LevelMaxLevelSize
baseline_run1,baseline,2026/04/15-06:46:15.454061,3,4,3,1,2,,190733207,LevelMaxLevelSize
baseline_run1,baseline,2026/04/15-06:46:15.456468,3,4,4,1,3,,224237975,LevelMaxLevelSize
baseline_run1,baseline,2026/04/15-06:46:15.461712,3,4,4,1,3,,252494429,LevelMaxLevelSize
baseline_run1,baseline,2026/04/15-06:46:15.537210,3,4,3,1,2,,168651606,LevelMaxLevelSize
baseline_run1,baseline,2026/04/15-06:46:15.541596,3,4,3,1,2,,190615854,LevelMaxLevelSize
baseline_run1,baseline,2026/04/15-06:46:15.550931,3,4,3,1,2,,190109729,LevelMaxLevelSize
baseline_run1,baseline,2026/04/15-06:46:15.583098,3,4,2,1,1,,95274516,LevelMaxLevelSize
baseline_run1,baseline,2026/04/15-06:46:15.585354,3,4,4,1,3,,239910135,LevelMaxLevelSize
baseline_run1,baseline,2026/04/15-06:46:15.596611,3,4,3,1,2,,161677730,LevelMaxLevelSize
baseline_run1,baseline,2026/04/15-06:46:15.607110,3,4,2,1,1,,95193428,LevelMaxLevelSize
baseline_run1,baseline,2026/04/15-06:46:15.621402,3,4,4,1,3,,259882884,LevelMaxLevelSize
baseline_run1,baseline,2026/04/15-06:46:15.652819,3,4,4,1,3,,181044385,LevelMaxLevelSize
baseline_run1,baseline,2026/04/15-06:46:15.661350,3,4,4,1,3,,232400415,LevelMaxLevelSize
baseline_run1,baseline,2026/04/15-06:46:15.673643,0,1,4,4,0,,263096378,LevelL0FilesNum
baseline_run1,baseline,2026/04/15-06:46:15.675418,3,4,3,1,2,,181099705,LevelMaxLevelSize
baseline_run1,baseline,2026/04/15-06:46:15.687449,3,4,3,1,2,,179079046,LevelMaxLevelSize
baseline_run1,baseline,2026/04/15-06:46:15.708380,3,4,5,1,4,,274246527,LevelMaxLevelSize
baseline_run1,baseline,2026/04/15-06:46:15.713510,3,4,4,1,3,,224237074,LevelMaxLevelSize
baseline_run1,baseline,2026/04/15-06:46:15.715404,3,4,4,1,3,,226153017,LevelMaxLevelSize
baseline_run1,baseline,2026/04/15-06:46:15.752043,3,4,5,1,4,,241282361,LevelMaxLevelSize
baseline_run1,baseline,2026/04/15-06:46:15.795839,3,4,4,1,3,,228317185,LevelMaxLevelSize
baseline_run1,baseline,2026/04/15-06:46:15.797409,3,4,4,1,3,,220073673,LevelMaxLevelSize
baseline_run1,baseline,2026/04/15-06:46:15.801595,3,4,4,1,3,,226173624,LevelMaxLevelSize
baseline_run1,baseline,2026/04/15-06:46:15.803522,3,4,3,1,2,,133650188,LevelMaxLevelSize
baseline_run1,baseline,2026/04/15-06:46:15.815278,3,4,4,1,3,,239168327,LevelMaxLevelSize
baseline_run1,baseline,2026/04/15-06:46:15.816969,3,4,4,1,3,,226724342,LevelMaxLevelSize
baseline_run1,baseline,2026/04/15-06:46:15.832897,3,4,3,1,2,,187394059,LevelMaxLevelSize
baseline_run1,baseline,2026/04/15-06:46:15.841778,3,4,2,1,1,,93627643,LevelMaxLevelSize
baseline_run1,baseline,2026/04/15-06:46:15.852348,3,4,4,1,3,,259800631,LevelMaxLevelSize
baseline_run1,baseline,2026/04/15-06:46:15.854500,3,4,5,1,4,,266826159,LevelMaxLevelSize
baseline_run1,baseline,2026/04/15-06:46:15.854504,3,4,4,1,3,,238336021,LevelMaxLevelSize
baseline_run1,baseline,2026/04/15-06:46:15.863494,3,4,3,1,2,,176253855,LevelMaxLevelSize
baseline_run1,baseline,2026/04/15-06:46:15.868833,3,4,4,1,3,,245910400,LevelMaxLevelSize
baseline_run1,baseline,2026/04/15-06:46:15.879535,3,4,5,1,4,,292168841,LevelMaxLevelSize
baseline_run1,baseline,2026/04/15-06:46:16.131968,0,1,4,4,0,,263119196,LevelL0FilesNum
baseline_run1,baseline,2026/04/15-06:46:16.532143,0,1,4,4,0,,263091013,LevelL0FilesNum
baseline_run1,baseline,2026/04/15-06:46:16.899238,0,1,19,10,9,,3780294656,LevelL0FilesNum
baseline_run1,baseline,2026/04/15-06:46:17.216096,0,1,4,4,0,,263094872,LevelL0FilesNum
baseline_run1,baseline,2026/04/15-06:46:17.617405,0,1,4,4,0,,263124294,LevelL0FilesNum
baseline_run1,baseline,2026/04/15-06:46:18.012806,0,1,4,4,0,,263092426,LevelL0FilesNum
baseline_run1,baseline,2026/04/15-06:46:18.415338,0,1,4,4,0,,263103673,LevelL0FilesNum
baseline_run1,baseline,2026/04/15-06:46:18.910324,0,1,4,4,0,,263070449,LevelL0FilesNum
baseline_run1,baseline,2026/04/15-06:46:19.484456,0,1,4,4,0,,263118180,LevelL0FilesNum
baseline_run1,baseline,2026/04/15-06:46:19.869940,0,1,7,7,0,,1643745886,LevelL0FilesNum
baseline_run1,baseline,2026/04/15-06:46:22.259938,0,1,4,4,0,,263108802,LevelL0FilesNum
baseline_run1,baseline,2026/04/15-06:46:22.729519,1,2,2,1,1,,104561280,LevelMaxLevelSize
baseline_run1,baseline,2026/04/15-06:46:22.729519,1,2,3,2,1,,270225426,LevelMaxLevelSize
baseline_run1,baseline,2026/04/15-06:46:22.730186,1,2,2,1,1,,151439907,LevelMaxLevelSize
baseline_run1,baseline,2026/04/15-06:46:22.730193,1,2,2,1,1,,172450278,LevelMaxLevelSize
baseline_run1,baseline,2026/04/15-06:46:22.730194,1,2,2,1,1,,193708035,LevelMaxLevelSize
baseline_run1,baseline,2026/04/15-06:46:22.730200,1,2,2,1,1,,117488707,LevelMaxLevelSize
baseline_run1,baseline,2026/04/15-06:46:22.730202,1,2,2,1,1,,199989533,LevelMaxLevelSize
baseline_run1,baseline,2026/04/15-06:46:22.730206,1,2,2,1,1,,134629545,LevelMaxLevelSize
baseline_run1,baseline,2026/04/15-06:46:22.730212,1,2,2,1,1,,193350840,LevelMaxLevelSize
baseline_run1,baseline,2026/04/15-06:46:22.730214,1,2,2,1,1,,71226201,LevelMaxLevelSize
baseline_run1,baseline,2026/04/15-06:46:22.735958,2,3,3,1,2,,190455087,LevelMaxLevelSize
baseline_run1,baseline,2026/04/15-06:46:22.735970,2,3,8,2,6,,548459480,LevelMaxLevelSize
baseline_run1,baseline,2026/04/15-06:46:22.795544,1,2,2,1,1,,109084810,LevelMaxLevelSize
baseline_run1,baseline,2026/04/15-06:46:22.795548,0,1,4,4,0,,263105567,LevelL0FilesNum
baseline_run1,baseline,2026/04/15-06:46:22.795558,1,2,2,1,1,,77934798,LevelMaxLevelSize
baseline_run1,baseline,2026/04/15-06:46:22.795560,1,2,2,1,1,,133308557,LevelMaxLevelSize
baseline_run1,baseline,2026/04/15-06:46:22.941037,2,3,3,1,2,,154408441,LevelMaxLevelSize
baseline_run1,baseline,2026/04/15-06:46:22.941039,2,3,2,1,1,,20598850,LevelMaxLevelSize
baseline_run1,baseline,2026/04/15-06:46:22.942598,2,3,3,1,2,,152644834,LevelMaxLevelSize
baseline_run1,baseline,2026/04/15-06:46:22.942604,2,3,2,1,1,,108294179,LevelMaxLevelSize
baseline_run1,baseline,2026/04/15-06:46:22.976202,2,3,2,1,1,,124646885,LevelMaxLevelSize
baseline_run1,baseline,2026/04/15-06:46:22.976202,2,3,4,1,3,,241828227,LevelMaxLevelSize
baseline_run1,baseline,2026/04/15-06:46:22.976202,2,3,5,1,4,,325779010,LevelMaxLevelSize
baseline_run1,baseline,2026/04/15-06:46:22.993295,2,3,2,1,1,,117321621,LevelMaxLevelSize
baseline_run1,baseline,2026/04/15-06:46:22.993393,2,3,6,1,5,,348359609,LevelMaxLevelSize
baseline_run1,baseline,2026/04/15-06:46:23.006479,2,3,4,1,3,,220159996,LevelMaxLevelSize
baseline_run1,baseline,2026/04/15-06:46:23.006481,2,3,3,1,2,,197150676,LevelMaxLevelSize
baseline_run1,baseline,2026/04/15-06:46:23.046654,2,3,2,1,1,,97653019,LevelMaxLevelSize
baseline_run1,baseline,2026/04/15-06:46:23.046798,2,3,7,1,6,,392983768,LevelMaxLevelSize
baseline_run1,baseline,2026/04/15-06:46:23.046831,2,3,6,1,5,,353959562,LevelMaxLevelSize
baseline_run1,baseline,2026/04/15-06:46:23.048235,2,3,2,1,1,,163777956,LevelMaxLevelSize
baseline_run1,baseline,2026/04/15-06:46:23.049023,2,3,4,1,3,,262950926,LevelMaxLevelSize
baseline_run1,baseline,2026/04/15-06:46:23.079960,2,3,2,1,1,,102493557,LevelMaxLevelSize
baseline_run1,baseline,2026/04/15-06:46:23.079964,2,3,4,1,3,,201332813,LevelMaxLevelSize
baseline_run1,baseline,2026/04/15-06:46:23.080105,2,3,6,1,5,,420979862,LevelMaxLevelSize
baseline_run1,baseline,2026/04/15-06:46:23.086397,2,3,5,1,4,,344308890,LevelMaxLevelSize
baseline_run1,baseline,2026/04/15-06:46:23.086517,2,3,2,1,1,,75936898,LevelMaxLevelSize
baseline_run1,baseline,2026/04/15-06:46:23.086612,2,3,6,1,5,,386260237,LevelMaxLevelSize
baseline_run1,baseline,2026/04/15-06:46:23.086615,2,3,7,1,6,,376733765,LevelMaxLevelSize
baseline_run1,baseline,2026/04/15-06:46:23.102860,2,3,2,1,1,,112426069,LevelMaxLevelSize
baseline_run1,baseline,2026/04/15-06:46:23.103099,2,3,2,1,1,,118183195,LevelMaxLevelSize
baseline_run1,baseline,2026/04/15-06:46:23.103107,2,3,6,1,5,,355837732,LevelMaxLevelSize
baseline_run1,baseline,2026/04/15-06:46:23.103112,2,3,3,1,2,,175925728,LevelMaxLevelSize
baseline_run1,baseline,2026/04/15-06:46:23.247152,2,3,4,1,3,,263781704,LevelMaxLevelSize
baseline_run1,baseline,2026/04/15-06:46:23.247153,2,3,5,1,4,,311767739,LevelMaxLevelSize
baseline_run1,baseline,2026/04/15-06:46:23.247154,2,3,3,1,2,,122908696,LevelMaxLevelSize
baseline_run1,baseline,2026/04/15-06:46:23.247237,2,3,4,1,3,,262929130,LevelMaxLevelSize
baseline_run1,baseline,2026/04/15-06:46:23.260612,0,1,4,4,0,,263118393,LevelL0FilesNum
baseline_run1,baseline,2026/04/15-06:46:23.727492,0,1,4,4,0,,263099463,LevelL0FilesNum
baseline_run1,baseline,2026/04/15-06:46:23.800942,3,4,3,1,2,,167436947,LevelMaxLevelSize
baseline_run1,baseline,2026/04/15-06:46:23.800952,3,4,4,1,3,,181900385,LevelMaxLevelSize
baseline_run1,baseline,2026/04/15-06:46:23.800952,3,4,3,1,2,,189591302,LevelMaxLevelSize
baseline_run1,baseline,2026/04/15-06:46:23.800959,3,4,2,1,1,,97985113,LevelMaxLevelSize
baseline_run1,baseline,2026/04/15-06:46:23.803618,3,4,6,1,5,,297445715,LevelMaxLevelSize
baseline_run1,baseline,2026/04/15-06:46:23.803811,3,4,3,1,2,,184929503,LevelMaxLevelSize
baseline_run1,baseline,2026/04/15-06:46:23.803814,3,4,2,1,1,,96522307,LevelMaxLevelSize
baseline_run1,baseline,2026/04/15-06:46:23.803820,3,4,3,1,2,,195671364,LevelMaxLevelSize
baseline_run1,baseline,2026/04/15-06:46:23.803827,3,4,4,1,3,,228624647,LevelMaxLevelSize
baseline_run1,baseline,2026/04/15-06:46:23.803832,3,4,3,1,2,,149466745,LevelMaxLevelSize
baseline_run1,baseline,2026/04/15-06:46:23.803845,3,4,4,1,3,,245462739,LevelMaxLevelSize
baseline_run1,baseline,2026/04/15-06:46:23.807924,3,4,4,1,3,,203425231,LevelMaxLevelSize
baseline_run1,baseline,2026/04/15-06:46:23.808149,3,4,5,1,4,,254309240,LevelMaxLevelSize
baseline_run1,baseline,2026/04/15-06:46:23.808158,3,4,4,1,3,,241570465,LevelMaxLevelSize
baseline_run1,baseline,2026/04/15-06:46:23.808165,3,4,4,1,3,,214190247,LevelMaxLevelSize
baseline_run1,baseline,2026/04/15-06:46:23.808744,3,4,4,1,3,,201642303,LevelMaxLevelSize
baseline_run1,baseline,2026/04/15-06:46:23.808749,3,4,2,1,1,,94588770,LevelMaxLevelSize
baseline_run1,baseline,2026/04/15-06:46:23.810346,3,4,4,1,3,,217938489,LevelMaxLevelSize
baseline_run1,baseline,2026/04/15-06:46:23.810352,3,4,5,1,4,,266197164,LevelMaxLevelSize
baseline_run1,baseline,2026/04/15-06:46:23.810361,3,4,2,1,1,,93136250,LevelMaxLevelSize
baseline_run1,baseline,2026/04/15-06:46:23.810523,3,4,2,1,1,,93117581,LevelMaxLevelSize
baseline_run1,baseline,2026/04/15-06:46:23.810529,3,4,4,1,3,,214555570,LevelMaxLevelSize
baseline_run1,baseline,2026/04/15-06:46:23.810533,3,4,4,1,3,,209411845,LevelMaxLevelSize
baseline_run1,baseline,2026/04/15-06:46:23.887607,3,4,4,1,3,,243352400,LevelMaxLevelSize
baseline_run1,baseline,2026/04/15-06:46:23.887612,3,4,2,1,1,,101640357,LevelMaxLevelSize
baseline_run1,baseline,2026/04/15-06:46:23.887617,3,4,3,1,2,,173336393,LevelMaxLevelSize
baseline_run1,baseline,2026/04/15-06:46:23.887800,3,4,4,1,3,,226714907,LevelMaxLevelSize
baseline_run1,baseline,2026/04/15-06:46:23.887803,3,4,3,1,2,,186164794,LevelMaxLevelSize
baseline_run1,baseline,2026/04/15-06:46:23.887804,3,4,3,1,2,,119881480,LevelMaxLevelSize
baseline_run1,baseline,2026/04/15-06:46:23.887910,3,4,4,1,3,,246271872,LevelMaxLevelSize
baseline_run1,baseline,2026/04/15-06:46:23.888051,3,4,4,1,3,,223466080,LevelMaxLevelSize
baseline_run1,baseline,2026/04/15-06:46:24.201857,0,1,4,4,0,,263090165,LevelL0FilesNum
baseline_run1,baseline,2026/04/15-06:46:24.603833,0,1,33,9,24,,5014041975,LevelL0FilesNum
baseline_run1,baseline,2026/04/15-06:46:24.909647,0,1,4,4,0,,263096647,LevelL0FilesNum
baseline_run1,baseline,2026/04/15-06:46:25.310374,0,1,4,4,0,,263095229,LevelL0FilesNum
baseline_run1,baseline,2026/04/15-06:46:25.703548,0,1,4,4,0,,263090073,LevelL0FilesNum
baseline_run1,baseline,2026/04/15-06:46:28.183620,0,1,4,4,0,,263096324,LevelL0FilesNum
baseline_run1,baseline,2026/04/15-06:46:28.556894,0,1,4,4,0,,1051945981,LevelL0FilesNum
baseline_run1,baseline,2026/04/15-06:46:32.008891,1,2,2,1,1,,150394412,LevelMaxLevelSize
baseline_run1,baseline,2026/04/15-06:46:32.009232,1,2,2,1,1,,50049446,LevelMaxLevelSize
baseline_run1,baseline,2026/04/15-06:46:32.009329,1,2,2,1,1,,79824667,LevelMaxLevelSize
baseline_run1,baseline,2026/04/15-06:46:32.009360,1,2,2,1,1,,170012235,LevelMaxLevelSize
baseline_run1,baseline,2026/04/15-06:46:32.009374,1,2,2,1,1,,101305119,LevelMaxLevelSize
baseline_run1,baseline,2026/04/15-06:46:32.009729,1,2,3,2,1,,285328856,LevelMaxLevelSize
baseline_run1,baseline,2026/04/15-06:46:32.009821,1,2,2,1,1,,167236744,LevelMaxLevelSize
baseline_run1,baseline,2026/04/15-06:46:32.010027,1,2,2,1,1,,93865305,LevelMaxLevelSize
baseline_run1,baseline,2026/04/15-06:46:32.010124,1,2,2,1,1,,139900053,LevelMaxLevelSize
baseline_run1,baseline,2026/04/15-06:46:32.010139,1,2,2,1,1,,150792747,LevelMaxLevelSize
baseline_run1,baseline,2026/04/15-06:46:32.010141,1,2,2,1,1,,149345713,LevelMaxLevelSize
baseline_run1,baseline,2026/04/15-06:46:32.010420,1,2,2,1,1,,106296012,LevelMaxLevelSize
baseline_run1,baseline,2026/04/15-06:46:32.011939,1,2,2,1,1,,224624489,LevelMaxLevelSize
baseline_run1,baseline,2026/04/15-06:46:32.012216,1,2,2,1,1,,29910168,LevelMaxLevelSize
baseline_run1,baseline,2026/04/15-06:46:32.012221,1,2,2,1,1,,133920720,LevelMaxLevelSize
baseline_run1,baseline,2026/04/15-06:46:32.012223,1,2,2,1,1,,210182998,LevelMaxLevelSize
baseline_run1,baseline,2026/04/15-06:46:32.012574,1,2,2,1,1,,95020338,LevelMaxLevelSize
baseline_run1,baseline,2026/04/15-06:46:32.012602,1,2,4,3,1,,503043896,LevelMaxLevelSize
baseline_run1,baseline,2026/04/15-06:46:32.012847,1,2,3,2,1,,322781806,LevelMaxLevelSize
baseline_run1,baseline,2026/04/15-06:46:32.012871,1,2,3,1,2,,172477595,LevelMaxLevelSize
baseline_run1,baseline,2026/04/15-06:46:32.013301,1,2,2,1,1,,138184520,LevelMaxLevelSize
baseline_run1,baseline,2026/04/15-06:46:32.013303,1,2,2,1,1,,94530966,LevelMaxLevelSize
baseline_run1,baseline,2026/04/15-06:46:32.013307,1,2,2,1,1,,83843073,LevelMaxLevelSize
baseline_run1,baseline,2026/04/15-06:46:32.013571,1,2,3,2,1,,321814106,LevelMaxLevelSize
baseline_run1,baseline,2026/04/15-06:46:32.013578,1,2,2,1,1,,154869229,LevelMaxLevelSize
baseline_run1,baseline,2026/04/15-06:46:32.013580,1,2,2,1,1,,270045476,LevelMaxLevelSize
baseline_run1,baseline,2026/04/15-06:46:32.014913,1,2,2,1,1,,270056537,LevelMaxLevelSize
baseline_run1,baseline,2026/04/15-06:46:32.238842,2,3,2,1,1,,106180790,LevelMaxLevelSize
baseline_run1,baseline,2026/04/15-06:46:32.293417,2,3,3,1,2,,123959101,LevelMaxLevelSize
baseline_run1,baseline,2026/04/15-06:46:32.293419,2,3,4,1,3,,274970428,LevelMaxLevelSize
baseline_run1,baseline,2026/04/15-06:46:32.293419,2,3,2,1,1,,9065474,LevelMaxLevelSize
baseline_run1,baseline,2026/04/15-06:46:32.293441,2,3,2,1,1,,99321134,LevelMaxLevelSize
baseline_run1,baseline,2026/04/15-06:46:32.302083,2,3,3,1,2,,209782543,LevelMaxLevelSize
baseline_run1,baseline,2026/04/15-06:46:32.302095,2,3,4,1,3,,239020813,LevelMaxLevelSize
baseline_run1,baseline,2026/04/15-06:46:32.306358,2,3,2,1,1,,93401005,LevelMaxLevelSize
baseline_run1,baseline,2026/04/15-06:46:32.306529,2,3,3,1,2,,186835408,LevelMaxLevelSize
baseline_run1,baseline,2026/04/15-06:46:32.306547,2,3,6,1,5,,413235502,LevelMaxLevelSize
baseline_run1,baseline,2026/04/15-06:46:32.325045,2,3,4,1,3,,209927602,LevelMaxLevelSize
baseline_run1,baseline,2026/04/15-06:46:32.325218,2,3,3,1,2,,208958556,LevelMaxLevelSize
baseline_run1,baseline,2026/04/15-06:46:32.327286,2,3,2,1,1,,111663034,LevelMaxLevelSize
baseline_run1,baseline,2026/04/15-06:46:32.327432,2,3,4,1,3,,228757113,LevelMaxLevelSize
baseline_run1,baseline,2026/04/15-06:46:32.327441,2,3,4,1,3,,248826278,LevelMaxLevelSize
baseline_run1,baseline,2026/04/15-06:46:32.327444,2,3,2,1,1,,84173030,LevelMaxLevelSize
baseline_run1,baseline,2026/04/15-06:46:32.328758,2,3,4,1,3,,257994833,LevelMaxLevelSize
baseline_run1,baseline,2026/04/15-06:46:32.328921,2,3,2,1,1,,96700227,LevelMaxLevelSize
baseline_run1,baseline,2026/04/15-06:46:32.328933,2,3,6,2,4,,358170857,LevelMaxLevelSize
baseline_run1,baseline,2026/04/15-06:46:32.347941,2,3,2,1,1,,108183127,LevelMaxLevelSize
baseline_run1,baseline,2026/04/15-06:46:32.348220,2,3,3,1,2,,178792526,LevelMaxLevelSize
baseline_run1,baseline,2026/04/15-06:46:32.348221,2,3,3,1,2,,209154173,LevelMaxLevelSize
baseline_run1,baseline,2026/04/15-06:46:32.357533,2,3,3,1,2,,203113173,LevelMaxLevelSize
baseline_run1,baseline,2026/04/15-06:46:32.357614,2,3,4,1,3,,249841862,LevelMaxLevelSize
baseline_run1,baseline,2026/04/15-06:46:32.357620,2,3,5,1,4,,312802623,LevelMaxLevelSize
baseline_run1,baseline,2026/04/15-06:46:32.369611,2,3,3,1,2,,122889107,LevelMaxLevelSize
baseline_run1,baseline,2026/04/15-06:46:32.369627,2,3,3,1,2,,163430526,LevelMaxLevelSize
baseline_run1,baseline,2026/04/15-06:46:32.369627,2,3,2,1,1,,47988491,LevelMaxLevelSize
baseline_run1,baseline,2026/04/15-06:46:32.371495,2,3,3,1,2,,208861600,LevelMaxLevelSize
baseline_run1,baseline,2026/04/15-06:46:32.470828,2,3,3,1,2,,103330123,LevelMaxLevelSize
baseline_run1,baseline,2026/04/15-06:46:32.472885,2,3,4,1,3,,206646199,LevelMaxLevelSize
baseline_run1,baseline,2026/04/15-06:46:32.494103,2,3,5,1,4,,278683213,LevelMaxLevelSize
baseline_run1,baseline,2026/04/15-06:46:32.506057,2,3,2,1,1,,81036274,LevelMaxLevelSize
baseline_run1,baseline,2026/04/15-06:46:32.532509,2,3,5,1,4,,326789100,LevelMaxLevelSize
baseline_run1,baseline,2026/04/15-06:46:32.534568,2,3,6,1,5,,335257483,LevelMaxLevelSize
baseline_run1,baseline,2026/04/15-06:46:32.534576,2,3,5,1,4,,368239881,LevelMaxLevelSize
baseline_run1,baseline,2026/04/15-06:46:32.567259,2,3,3,1,2,,152620905,LevelMaxLevelSize
baseline_run1,baseline,2026/04/15-06:46:32.589084,2,3,5,1,4,,287191182,LevelMaxLevelSize
baseline_run1,baseline,2026/04/15-06:46:32.598394,2,3,4,1,3,,200267655,LevelMaxLevelSize
baseline_run1,baseline,2026/04/15-06:46:32.602831,2,3,5,1,4,,301942828,LevelMaxLevelSize
baseline_run1,baseline,2026/04/15-06:46:32.604671,2,3,4,1,3,,277560008,LevelMaxLevelSize
baseline_run1,baseline,2026/04/15-06:46:32.621022,2,3,3,1,2,,137493553,LevelMaxLevelSize
baseline_run1,baseline,2026/04/15-06:46:32.645470,2,3,3,1,2,,218752063,LevelMaxLevelSize
baseline_run1,baseline,2026/04/15-06:46:32.670173,0,1,5,5,0,,328897603,LevelL0FilesNum
baseline_run1,baseline,2026/04/15-06:46:32.706384,2,3,4,1,3,,253894520,LevelMaxLevelSize
baseline_run1,baseline,2026/04/15-06:46:32.723335,2,3,4,1,3,,225837634,LevelMaxLevelSize
baseline_run1,baseline,2026/04/15-06:46:32.739433,2,3,4,1,3,,237964602,LevelMaxLevelSize
baseline_run1,baseline,2026/04/15-06:46:32.745546,2,3,4,2,2,,137394209,LevelMaxLevelSize
baseline_run1,baseline,2026/04/15-06:46:32.759692,2,3,4,1,3,,239946615,LevelMaxLevelSize
baseline_run1,baseline,2026/04/15-06:46:32.788538,2,3,4,1,3,,254527149,LevelMaxLevelSize
baseline_run1,baseline,2026/04/15-06:46:32.792792,2,3,5,1,4,,260314210,LevelMaxLevelSize
baseline_run1,baseline,2026/04/15-06:46:32.804055,2,3,6,1,5,,371559970,LevelMaxLevelSize
baseline_run1,baseline,2026/04/15-06:46:32.830086,2,3,7,1,6,,412636984,LevelMaxLevelSize
baseline_run1,baseline,2026/04/15-06:46:32.833678,2,3,4,1,3,,262298092,LevelMaxLevelSize
baseline_run1,baseline,2026/04/15-06:46:32.855474,2,3,6,1,5,,362993604,LevelMaxLevelSize
baseline_run1,baseline,2026/04/15-06:46:32.857324,2,3,6,1,5,,313372076,LevelMaxLevelSize
baseline_run1,baseline,2026/04/15-06:46:32.865381,2,3,5,1,4,,334969161,LevelMaxLevelSize
baseline_run1,baseline,2026/04/15-06:46:32.867633,2,3,5,1,4,,320904042,LevelMaxLevelSize
baseline_run1,baseline,2026/04/15-06:46:32.869518,2,3,5,1,4,,330513429,LevelMaxLevelSize
baseline_run1,baseline,2026/04/15-06:46:32.931125,2,3,3,1,2,,165470070,LevelMaxLevelSize
baseline_run1,baseline,2026/04/15-06:46:32.940685,2,3,6,1,5,,403921579,LevelMaxLevelSize
baseline_run1,baseline,2026/04/15-06:46:32.958784,2,3,6,1,5,,362637177,LevelMaxLevelSize
baseline_run1,baseline,2026/04/15-06:46:32.961716,2,3,10,1,9,,739800780,LevelMaxLevelSize
baseline_run1,baseline,2026/04/15-06:46:33.147054,0,1,4,4,0,,263122716,LevelL0FilesNum
baseline_run1,baseline,2026/04/15-06:46:33.175315,2,3,2,1,1,,114650586,LevelMaxLevelSize
baseline_run1,baseline,2026/04/15-06:46:33.175317,2,3,2,1,1,,119967818,LevelMaxLevelSize
baseline_run1,baseline,2026/04/15-06:46:33.176049,2,3,3,1,2,,130772276,LevelMaxLevelSize
baseline_run1,baseline,2026/04/15-06:46:33.176053,2,3,2,1,1,,53759297,LevelMaxLevelSize
baseline_run1,baseline,2026/04/15-06:46:33.176058,2,3,2,1,1,,135503275,LevelMaxLevelSize
baseline_run1,baseline,2026/04/15-06:46:33.176066,2,3,2,1,1,,130605636,LevelMaxLevelSize
baseline_run1,baseline,2026/04/15-06:46:33.176085,2,3,2,1,1,,102346283,LevelMaxLevelSize
baseline_run1,baseline,2026/04/15-06:46:33.180817,2,3,2,1,1,,134005941,LevelMaxLevelSize
baseline_run1,baseline,2026/04/15-06:46:33.186142,2,3,3,1,2,,163242458,LevelMaxLevelSize
baseline_run1,baseline,2026/04/15-06:46:33.547319,3,4,3,1,2,,192238661,LevelMaxLevelSize
baseline_run1,baseline,2026/04/15-06:46:33.547403,3,4,3,1,2,,153345212,LevelMaxLevelSize
baseline_run1,baseline,2026/04/15-06:46:33.547415,3,4,2,1,1,,101246558,LevelMaxLevelSize
baseline_run1,baseline,2026/04/15-06:46:33.547419,3,4,3,1,2,,146616757,LevelMaxLevelSize
baseline_run1,baseline,2026/04/15-06:46:33.547902,3,4,3,1,2,,154895164,LevelMaxLevelSize
baseline_run1,baseline,2026/04/15-06:46:33.569209,3,4,3,1,2,,160245011,LevelMaxLevelSize
baseline_run1,baseline,2026/04/15-06:46:33.569209,3,4,4,1,3,,245738810,LevelMaxLevelSize
baseline_run1,baseline,2026/04/15-06:46:33.569215,3,4,2,1,1,,99348251,LevelMaxLevelSize
baseline_run1,baseline,2026/04/15-06:46:33.569216,3,4,3,1,2,,172954013,LevelMaxLevelSize
baseline_run1,baseline,2026/04/15-06:46:33.569226,3,4,3,1,2,,145573518,LevelMaxLevelSize
baseline_run1,baseline,2026/04/15-06:46:33.569234,3,4,3,1,2,,142286348,LevelMaxLevelSize
baseline_run1,baseline,2026/04/15-06:46:33.584881,3,4,4,1,3,,207008426,LevelMaxLevelSize
baseline_run1,baseline,2026/04/15-06:46:33.584881,3,4,3,1,2,,168446877,LevelMaxLevelSize
baseline_run1,baseline,2026/04/15-06:46:33.585107,3,4,3,1,2,,167012067,LevelMaxLevelSize
baseline_run1,baseline,2026/04/15-06:46:33.585127,3,4,3,1,2,,186245348,LevelMaxLevelSize
baseline_run1,baseline,2026/04/15-06:46:33.585132,3,4,2,1,1,,80484523,LevelMaxLevelSize
baseline_run1,baseline,2026/04/15-06:46:33.585135,3,4,4,1,3,,199283436,LevelMaxLevelSize
baseline_run1,baseline,2026/04/15-06:46:33.604971,3,4,3,1,2,,137753001,LevelMaxLevelSize
baseline_run1,baseline,2026/04/15-06:46:33.605122,3,4,4,1,3,,198689251,LevelMaxLevelSize
baseline_run1,baseline,2026/04/15-06:46:33.605413,3,4,4,1,3,,230230991,LevelMaxLevelSize
baseline_run1,baseline,2026/04/15-06:46:33.605424,3,4,4,1,3,,248866063,LevelMaxLevelSize
baseline_run1,baseline,2026/04/15-06:46:33.605430,3,4,4,1,3,,236676849,LevelMaxLevelSize
baseline_run1,baseline,2026/04/15-06:46:33.605444,3,4,5,1,4,,264506900,LevelMaxLevelSize
baseline_run1,baseline,2026/04/15-06:46:33.607035,0,1,4,4,0,,263114028,LevelL0FilesNum
baseline_run1,baseline,2026/04/15-06:46:33.607088,3,4,5,1,4,,279777808,LevelMaxLevelSize
baseline_run1,baseline,2026/04/15-06:46:33.607179,3,4,4,1,3,,231346719,LevelMaxLevelSize
baseline_run1,baseline,2026/04/15-06:46:33.607875,3,4,4,1,3,,239690946,LevelMaxLevelSize
baseline_run1,baseline,2026/04/15-06:46:33.607993,3,4,4,1,3,,246104585,LevelMaxLevelSize
baseline_run1,baseline,2026/04/15-06:46:33.607999,3,4,4,1,3,,243425096,LevelMaxLevelSize
baseline_run1,baseline,2026/04/15-06:46:33.719188,3,4,2,1,1,,94291602,LevelMaxLevelSize
baseline_run1,baseline,2026/04/15-06:46:33.719188,3,4,3,1,2,,188558558,LevelMaxLevelSize
baseline_run1,baseline,2026/04/15-06:46:33.719200,3,4,5,1,4,,251631304,LevelMaxLevelSize
baseline_run1,baseline,2026/04/15-06:46:33.720526,3,4,3,1,2,,153078241,LevelMaxLevelSize
baseline_run1,baseline,2026/04/15-06:46:33.734796,3,4,3,1,2,,188513899,LevelMaxLevelSize
baseline_run1,baseline,2026/04/15-06:46:33.761309,3,4,4,1,3,,246792525,LevelMaxLevelSize
baseline_run1,baseline,2026/04/15-06:46:33.764000,3,4,3,1,2,,188242712,LevelMaxLevelSize
baseline_run1,baseline,2026/04/15-06:46:33.787508,3,4,5,1,4,,208577073,LevelMaxLevelSize
baseline_run1,baseline,2026/04/15-06:46:33.820303,3,4,2,1,1,,110337642,LevelMaxLevelSize
baseline_run1,baseline,2026/04/15-06:46:33.865142,3,4,3,1,2,,188090057,LevelMaxLevelSize
baseline_run1,baseline,2026/04/15-06:46:33.881663,3,4,4,1,3,,210765468,LevelMaxLevelSize
baseline_run1,baseline,2026/04/15-06:46:33.885280,3,4,3,1,2,,152416368,LevelMaxLevelSize
baseline_run1,baseline,2026/04/15-06:46:33.887800,3,4,6,1,5,,431457566,LevelMaxLevelSize
baseline_run1,baseline,2026/04/15-06:46:33.889559,3,4,6,1,5,,355894837,LevelMaxLevelSize
baseline_run1,baseline,2026/04/15-06:46:33.927600,3,4,4,1,3,,236697615,LevelMaxLevelSize
baseline_run1,baseline,2026/04/15-06:46:33.935259,3,4,5,1,4,,295955904,LevelMaxLevelSize
baseline_run1,baseline,2026/04/15-06:46:33.942571,3,4,2,1,1,,61155163,LevelMaxLevelSize
baseline_run1,baseline,2026/04/15-06:46:33.961571,3,4,3,1,2,,183832230,LevelMaxLevelSize
baseline_run1,baseline,2026/04/15-06:46:33.972217,3,4,4,1,3,,224709967,LevelMaxLevelSize
baseline_run1,baseline,2026/04/15-06:46:34.082242,0,1,4,4,0,,263111008,LevelL0FilesNum
baseline_run1,baseline,2026/04/15-06:46:34.493990,3,4,4,1,3,,254697138,LevelMaxLevelSize
baseline_run1,baseline,2026/04/15-06:46:34.493998,3,4,2,1,1,,110354344,LevelMaxLevelSize
baseline_run1,baseline,2026/04/15-06:46:34.493999,3,4,4,1,3,,262950799,LevelMaxLevelSize
baseline_run1,baseline,2026/04/15-06:46:34.494093,3,4,5,1,4,,236151487,LevelMaxLevelSize
baseline_run1,baseline,2026/04/15-06:46:34.494192,3,4,3,1,2,,99544330,LevelMaxLevelSize
baseline_run1,baseline,2026/04/15-06:46:34.494360,3,4,4,1,3,,246532633,LevelMaxLevelSize
baseline_run1,baseline,2026/04/15-06:46:34.494615,3,4,4,1,3,,246502668,LevelMaxLevelSize
baseline_run1,baseline,2026/04/15-06:46:34.494716,3,4,5,1,4,,314168331,LevelMaxLevelSize
baseline_run1,baseline,2026/04/15-06:46:34.494722,3,4,7,1,6,,400118059,LevelMaxLevelSize
baseline_run1,baseline,2026/04/15-06:46:34.494723,3,4,3,1,2,,175857834,LevelMaxLevelSize
baseline_run1,baseline,2026/04/15-06:46:34.494722,3,4,4,1,3,,232105211,LevelMaxLevelSize
baseline_run1,baseline,2026/04/15-06:46:34.494728,3,4,2,1,1,,60481937,LevelMaxLevelSize
baseline_run1,baseline,2026/04/15-06:46:34.505770,0,1,4,4,0,,263116992,LevelL0FilesNum
baseline_run1,baseline,2026/04/15-06:46:34.915753,0,1,4,4,0,,263107891,LevelL0FilesNum
baseline_run1,baseline,2026/04/15-06:46:35.291771,0,1,22,10,12,,3880899914,LevelL0FilesNum
baseline_run1,baseline,2026/04/15-06:46:35.617153,0,1,4,4,0,,263108958,LevelL0FilesNum
baseline_run1,baseline,2026/04/15-06:46:36.012431,0,1,4,4,0,,263119107,LevelL0FilesNum
baseline_run1,baseline,2026/04/15-06:46:36.406392,0,1,4,4,0,,263101517,LevelL0FilesNum
baseline_run1,baseline,2026/04/15-06:46:36.803575,0,1,4,4,0,,263090194,LevelL0FilesNum
baseline_run1,baseline,2026/04/15-06:46:37.295254,0,1,4,4,0,,263098517,LevelL0FilesNum
baseline_run1,baseline,2026/04/15-06:46:37.882386,0,1,4,4,0,,263140194,LevelL0FilesNum
baseline_run1,baseline,2026/04/15-06:46:38.269897,0,1,7,7,0,,1643735595,LevelL0FilesNum
baseline_run1,baseline,2026/04/15-06:46:40.070564,0,1,4,4,0,,263131646,LevelL0FilesNum
baseline_run1,baseline,2026/04/15-06:46:41.298425,1,2,2,1,1,,197208275,LevelMaxLevelSize
baseline_run1,baseline,2026/04/15-06:46:41.298433,1,2,2,1,1,,130095792,LevelMaxLevelSize
baseline_run1,baseline,2026/04/15-06:46:41.298582,1,2,3,2,1,,267293712,LevelMaxLevelSize
baseline_run1,baseline,2026/04/15-06:46:41.298584,1,2,2,1,1,,185036863,LevelMaxLevelSize
baseline_run1,baseline,2026/04/15-06:46:41.298863,1,2,2,1,1,,169523675,LevelMaxLevelSize
baseline_run1,baseline,2026/04/15-06:46:41.299122,1,2,2,1,1,,144821637,LevelMaxLevelSize
baseline_run1,baseline,2026/04/15-06:46:41.299129,1,2,2,1,1,,180253555,LevelMaxLevelSize
baseline_run1,baseline,2026/04/15-06:46:41.299132,1,2,2,1,1,,178836716,LevelMaxLevelSize
baseline_run1,baseline,2026/04/15-06:46:41.299133,1,2,3,1,2,,188799309,LevelMaxLevelSize
baseline_run1,baseline,2026/04/15-06:46:41.299129,1,2,3,1,2,,223462036,LevelMaxLevelSize
baseline_run1,baseline,2026/04/15-06:46:41.305878,2,3,4,1,3,,251053616,LevelMaxLevelSize
baseline_run1,baseline,2026/04/15-06:46:41.514374,0,1,4,4,0,,263111796,LevelL0FilesNum
baseline_run1,baseline,2026/04/15-06:46:41.514538,1,2,2,1,1,,151836254,LevelMaxLevelSize
baseline_run1,baseline,2026/04/15-06:46:41.526805,2,3,2,1,1,,137431579,LevelMaxLevelSize
baseline_run1,baseline,2026/04/15-06:46:41.549699,2,3,2,1,1,,27964500,LevelMaxLevelSize
baseline_run1,baseline,2026/04/15-06:46:41.549709,2,3,7,1,6,,317610041,LevelMaxLevelSize
baseline_run1,baseline,2026/04/15-06:46:41.549824,2,3,9,1,8,,633276317,LevelMaxLevelSize
baseline_run1,baseline,2026/04/15-06:46:41.590971,2,3,3,1,2,,130570061,LevelMaxLevelSize
baseline_run1,baseline,2026/04/15-06:46:41.591078,2,3,3,1,2,,221938247,LevelMaxLevelSize
baseline_run1,baseline,2026/04/15-06:46:41.610686,2,3,5,1,4,,278431639,LevelMaxLevelSize
baseline_run1,baseline,2026/04/15-06:46:41.610686,2,3,5,1,4,,338249603,LevelMaxLevelSize
baseline_run1,baseline,2026/04/15-06:46:41.610811,2,3,6,1,5,,406828351,LevelMaxLevelSize
baseline_run1,baseline,2026/04/15-06:46:41.612331,2,3,5,1,4,,337374323,LevelMaxLevelSize
baseline_run1,baseline,2026/04/15-06:46:41.612441,2,3,3,1,2,,171620795,LevelMaxLevelSize
baseline_run1,baseline,2026/04/15-06:46:41.612531,2,3,3,1,2,,172822368,LevelMaxLevelSize
baseline_run1,baseline,2026/04/15-06:46:41.612546,2,3,2,1,1,,92134490,LevelMaxLevelSize
baseline_run1,baseline,2026/04/15-06:46:41.619665,2,3,4,1,3,,245450208,LevelMaxLevelSize
baseline_run1,baseline,2026/04/15-06:46:41.619765,2,3,6,1,5,,436751029,LevelMaxLevelSize
baseline_run1,baseline,2026/04/15-06:46:41.619822,2,3,6,1,5,,375830248,LevelMaxLevelSize
baseline_run1,baseline,2026/04/15-06:46:41.631657,2,3,6,1,5,,303340811,LevelMaxLevelSize
baseline_run1,baseline,2026/04/15-06:46:41.631666,2,3,4,1,3,,209817267,LevelMaxLevelSize
baseline_run1,baseline,2026/04/15-06:46:41.631678,2,3,6,1,5,,313158096,LevelMaxLevelSize
baseline_run1,baseline,2026/04/15-06:46:41.641404,2,3,5,1,4,,257390779,LevelMaxLevelSize
baseline_run1,baseline,2026/04/15-06:46:41.641411,2,3,6,1,5,,391629712,LevelMaxLevelSize
baseline_run1,baseline,2026/04/15-06:46:41.641417,2,3,5,1,4,,347943543,LevelMaxLevelSize
baseline_run1,baseline,2026/04/15-06:46:41.641438,2,3,4,1,3,,259233995,LevelMaxLevelSize
baseline_run1,baseline,2026/04/15-06:46:41.705296,2,3,3,1,2,,221057877,LevelMaxLevelSize
baseline_run1,baseline,2026/04/15-06:46:41.705322,2,3,5,1,4,,297192666,LevelMaxLevelSize
baseline_run1,baseline,2026/04/15-06:46:41.705324,2,3,4,1,3,,233259133,LevelMaxLevelSize
baseline_run1,baseline,2026/04/15-06:46:41.796870,2,3,4,1,3,,262880710,LevelMaxLevelSize
baseline_run1,baseline,2026/04/15-06:46:41.796871,2,3,5,1,4,,243597469,LevelMaxLevelSize
baseline_run1,baseline,2026/04/15-06:46:41.796877,2,3,3,2,1,,155377368,LevelMaxLevelSize
baseline_run1,baseline,2026/04/15-06:46:41.821940,2,3,4,1,3,,250085271,LevelMaxLevelSize
baseline_run1,baseline,2026/04/15-06:46:41.821941,2,3,4,1,3,,252708552,LevelMaxLevelSize
baseline_run1,baseline,2026/04/15-06:46:42.052310,0,1,4,4,0,,263085235,LevelL0FilesNum
baseline_run1,baseline,2026/04/15-06:46:42.406309,3,4,5,1,4,,263105071,LevelMaxLevelSize
baseline_run1,baseline,2026/04/15-06:46:42.406576,3,4,3,1,2,,142662342,LevelMaxLevelSize
baseline_run1,baseline,2026/04/15-06:46:42.406579,3,4,2,1,1,,100527612,LevelMaxLevelSize
baseline_run1,baseline,2026/04/15-06:46:42.406658,3,4,4,1,3,,178809297,LevelMaxLevelSize
baseline_run1,baseline,2026/04/15-06:46:42.406668,3,4,4,1,3,,207755082,LevelMaxLevelSize
baseline_run1,baseline,2026/04/15-06:46:42.406675,3,4,4,1,3,,236828465,LevelMaxLevelSize
baseline_run1,baseline,2026/04/15-06:46:42.422044,3,4,2,1,1,,100383183,LevelMaxLevelSize
baseline_run1,baseline,2026/04/15-06:46:42.422133,3,4,3,1,2,,190608467,LevelMaxLevelSize
baseline_run1,baseline,2026/04/15-06:46:42.422204,3,4,3,1,2,,158871473,LevelMaxLevelSize
baseline_run1,baseline,2026/04/15-06:46:42.422287,3,4,3,1,2,,192090177,LevelMaxLevelSize
baseline_run1,baseline,2026/04/15-06:46:42.422384,3,4,3,1,2,,187735728,LevelMaxLevelSize
baseline_run1,baseline,2026/04/15-06:46:42.422386,3,4,3,1,2,,138593580,LevelMaxLevelSize
baseline_run1,baseline,2026/04/15-06:46:42.422386,3,4,3,1,2,,162761559,LevelMaxLevelSize
baseline_run1,baseline,2026/04/15-06:46:42.469743,3,4,5,1,4,,294149121,LevelMaxLevelSize
baseline_run1,baseline,2026/04/15-06:46:42.469750,3,4,4,1,3,,226103156,LevelMaxLevelSize
baseline_run1,baseline,2026/04/15-06:46:42.469770,3,4,3,1,2,,191223517,LevelMaxLevelSize
baseline_run1,baseline,2026/04/15-06:46:42.469771,3,4,4,1,3,,185609563,LevelMaxLevelSize
baseline_run1,baseline,2026/04/15-06:46:42.469771,3,4,4,1,3,,216220348,LevelMaxLevelSize
baseline_run1,baseline,2026/04/15-06:46:42.469779,3,4,4,1,3,,203760490,LevelMaxLevelSize
baseline_run1,baseline,2026/04/15-06:46:42.470462,3,4,3,1,2,,188512998,LevelMaxLevelSize
baseline_run1,baseline,2026/04/15-06:46:42.526495,0,1,31,7,24,,4506390598,LevelL0FilesNum
baseline_run1,baseline,2026/04/15-06:46:42.785552,3,4,3,1,2,,149973749,LevelMaxLevelSize
baseline_run1,baseline,2026/04/15-06:46:42.785660,3,4,2,1,1,,94121166,LevelMaxLevelSize
baseline_run1,baseline,2026/04/15-06:46:42.785748,3,4,5,1,4,,289859039,LevelMaxLevelSize
baseline_run1,baseline,2026/04/15-06:46:42.785914,3,4,3,1,2,,171663637,LevelMaxLevelSize
baseline_run1,baseline,2026/04/15-06:46:42.786007,3,4,5,1,4,,280068813,LevelMaxLevelSize
baseline_run1,baseline,2026/04/15-06:46:42.786258,3,4,4,1,3,,278688452,LevelMaxLevelSize
baseline_run1,baseline,2026/04/15-06:46:42.786268,3,4,4,1,3,,217390224,LevelMaxLevelSize
baseline_run1,baseline,2026/04/15-06:46:42.786278,3,4,4,1,3,,222385320,LevelMaxLevelSize
baseline_run1,baseline,2026/04/15-06:46:42.786280,3,4,5,1,4,,333999494,LevelMaxLevelSize
baseline_run1,baseline,2026/04/15-06:46:42.786283,3,4,4,1,3,,248461150,LevelMaxLevelSize
baseline_run1,baseline,2026/04/15-06:46:42.883329,0,1,4,4,0,,263111999,LevelL0FilesNum
baseline_run1,baseline,2026/04/15-06:46:43.299879,0,1,4,4,0,,263103847,LevelL0FilesNum
baseline_run1,baseline,2026/04/15-06:46:43.699565,0,1,4,4,0,,263103746,LevelL0FilesNum
baseline_run1,baseline,2026/04/15-06:46:44.084470,0,1,4,4,0,,263095518,LevelL0FilesNum
baseline_run1,baseline,2026/04/15-06:46:44.490387,0,1,4,4,0,,263107823,LevelL0FilesNum
baseline_run1,baseline,2026/04/15-06:46:49.220840,1,2,2,1,1,,99285970,LevelMaxLevelSize
baseline_run1,baseline,2026/04/15-06:46:49.221189,1,2,2,1,1,,205552931,LevelMaxLevelSize
baseline_run1,baseline,2026/04/15-06:46:49.221192,1,2,3,2,1,,284375916,LevelMaxLevelSize
baseline_run1,baseline,2026/04/15-06:46:49.221200,1,2,2,1,1,,132843209,LevelMaxLevelSize
baseline_run1,baseline,2026/04/15-06:46:49.221214,1,2,2,1,1,,96759096,LevelMaxLevelSize
baseline_run1,baseline,2026/04/15-06:46:49.221217,1,2,2,1,1,,97003144,LevelMaxLevelSize
baseline_run1,baseline,2026/04/15-06:46:49.221224,1,2,3,2,1,,275061929,LevelMaxLevelSize
baseline_run1,baseline,2026/04/15-06:46:49.221239,1,2,2,1,1,,154035056,LevelMaxLevelSize
baseline_run1,baseline,2026/04/15-06:46:49.221244,1,2,2,1,1,,117892519,LevelMaxLevelSize
baseline_run1,baseline,2026/04/15-06:46:49.221260,1,2,3,1,2,,244793757,LevelMaxLevelSize
baseline_run1,baseline,2026/04/15-06:46:49.221269,1,2,2,1,1,,104903094,LevelMaxLevelSize
baseline_run1,baseline,2026/04/15-06:46:49.221270,1,2,3,2,1,,398631339,LevelMaxLevelSize
baseline_run1,baseline,2026/04/15-06:46:49.221284,1,2,2,1,1,,180280225,LevelMaxLevelSize
baseline_run1,baseline,2026/04/15-06:46:49.221286,1,2,2,1,1,,108366264,LevelMaxLevelSize
baseline_run1,baseline,2026/04/15-06:46:49.221406,1,2,2,1,1,,259045186,LevelMaxLevelSize
baseline_run1,baseline,2026/04/15-06:46:49.223458,1,2,2,1,1,,169824179,LevelMaxLevelSize
baseline_run1,baseline,2026/04/15-06:46:49.226592,2,3,6,1,5,,309993950,LevelMaxLevelSize
baseline_run1,baseline,2026/04/15-06:46:49.400964,1,2,2,1,1,,202118211,LevelMaxLevelSize
baseline_run1,baseline,2026/04/15-06:46:49.400977,0,1,4,4,0,,263109679,LevelL0FilesNum
baseline_run1,baseline,2026/04/15-06:46:49.401177,1,2,2,1,1,,125998351,LevelMaxLevelSize
baseline_run1,baseline,2026/04/15-06:46:49.401177,1,2,2,1,1,,258232412,LevelMaxLevelSize
baseline_run1,baseline,2026/04/15-06:46:49.418339,2,3,2,1,1,,124238973,LevelMaxLevelSize
baseline_run1,baseline,2026/04/15-06:46:49.418340,2,3,3,1,2,,203272853,LevelMaxLevelSize
baseline_run1,baseline,2026/04/15-06:46:49.427523,2,3,5,1,4,,265707022,LevelMaxLevelSize
baseline_run1,baseline,2026/04/15-06:46:49.427535,2,3,5,1,4,,270437692,LevelMaxLevelSize
baseline_run1,baseline,2026/04/15-06:46:49.444374,2,3,2,1,1,,117632480,LevelMaxLevelSize
baseline_run1,baseline,2026/04/15-06:46:49.474776,2,3,5,1,4,,327222913,LevelMaxLevelSize
baseline_run1,baseline,2026/04/15-06:46:49.474784,2,3,5,1,4,,258166395,LevelMaxLevelSize
baseline_run1,baseline,2026/04/15-06:46:49.516509,2,3,3,1,2,,202914888,LevelMaxLevelSize
baseline_run1,baseline,2026/04/15-06:46:49.516702,2,3,2,1,1,,99083223,LevelMaxLevelSize
baseline_run1,baseline,2026/04/15-06:46:49.516725,2,3,4,1,3,,235576281,LevelMaxLevelSize
baseline_run1,baseline,2026/04/15-06:46:49.554083,2,3,2,1,1,,114239367,LevelMaxLevelSize
baseline_run1,baseline,2026/04/15-06:46:49.554085,2,3,5,1,4,,281359746,LevelMaxLevelSize
baseline_run1,baseline,2026/04/15-06:46:49.554271,2,3,6,1,5,,320448298,LevelMaxLevelSize
baseline_run1,baseline,2026/04/15-06:46:49.565859,2,3,2,1,1,,138312497,LevelMaxLevelSize
baseline_run1,baseline,2026/04/15-06:46:49.565955,2,3,3,1,2,,217012999,LevelMaxLevelSize
baseline_run1,baseline,2026/04/15-06:46:49.565967,2,3,2,1,1,,84026189,LevelMaxLevelSize
baseline_run1,baseline,2026/04/15-06:46:49.628639,2,3,5,1,4,,270539292,LevelMaxLevelSize
baseline_run1,baseline,2026/04/15-06:46:49.629484,2,3,4,1,3,,272313138,LevelMaxLevelSize
baseline_run1,baseline,2026/04/15-06:46:49.661766,2,3,5,1,4,,278787191,LevelMaxLevelSize
baseline_run1,baseline,2026/04/15-06:46:49.661771,2,3,8,1,7,,610823988,LevelMaxLevelSize
baseline_run1,baseline,2026/04/15-06:46:49.706593,2,3,3,1,2,,230272638,LevelMaxLevelSize
baseline_run1,baseline,2026/04/15-06:46:49.706697,2,3,3,1,2,,196986884,LevelMaxLevelSize
baseline_run1,baseline,2026/04/15-06:46:49.706704,2,3,3,1,2,,190584875,LevelMaxLevelSize
baseline_run1,baseline,2026/04/15-06:46:49.706812,2,3,4,1,3,,253199110,LevelMaxLevelSize
baseline_run1,baseline,2026/04/15-06:46:49.734681,2,3,3,1,2,,195783180,LevelMaxLevelSize
baseline_run1,baseline,2026/04/15-06:46:49.734682,2,3,2,1,1,,151819056,LevelMaxLevelSize
baseline_run1,baseline,2026/04/15-06:46:49.734682,2,3,3,1,2,,200109389,LevelMaxLevelSize
baseline_run1,baseline,2026/04/15-06:46:49.734704,2,3,3,1,2,,257962346,LevelMaxLevelSize
baseline_run1,baseline,2026/04/15-06:46:49.770005,2,3,4,1,3,,212360902,LevelMaxLevelSize
baseline_run1,baseline,2026/04/15-06:46:49.770096,2,3,3,1,2,,189788308,LevelMaxLevelSize
baseline_run1,baseline,2026/04/15-06:46:49.770177,2,3,4,1,3,,283694359,LevelMaxLevelSize
baseline_run1,baseline,2026/04/15-06:46:49.770187,2,3,4,1,3,,267379170,LevelMaxLevelSize
baseline_run1,baseline,2026/04/15-06:46:49.804400,2,3,3,1,2,,167119979,LevelMaxLevelSize
baseline_run1,baseline,2026/04/15-06:46:49.804406,2,3,3,1,2,,219484451,LevelMaxLevelSize
baseline_run1,baseline,2026/04/15-06:46:49.804489,2,3,6,1,5,,322830429,LevelMaxLevelSize
baseline_run1,baseline,2026/04/15-06:46:49.816403,2,3,8,2,6,,382924149,LevelMaxLevelSize
baseline_run1,baseline,2026/04/15-06:46:49.844687,2,3,2,1,1,,78773006,LevelMaxLevelSize
baseline_run1,baseline,2026/04/15-06:46:49.860449,2,3,5,1,4,,333166820,LevelMaxLevelSize
baseline_run1,baseline,2026/04/15-06:46:49.862335,2,3,6,1,5,,357518214,LevelMaxLevelSize
baseline_run1,baseline,2026/04/15-06:46:49.885113,0,1,4,4,0,,263115132,LevelL0FilesNum
baseline_run1,baseline,2026/04/15-06:46:49.971464,2,3,6,1,5,,355372554,LevelMaxLevelSize
baseline_run1,baseline,2026/04/15-06:46:49.973935,2,3,3,1,2,,177244377,LevelMaxLevelSize
baseline_run1,baseline,2026/04/15-06:46:49.976180,2,3,4,1,3,,248263418,LevelMaxLevelSize
baseline_run1,baseline,2026/04/15-06:46:50.018060,2,3,5,1,4,,286272291,LevelMaxLevelSize
baseline_run1,baseline,2026/04/15-06:46:50.030460,2,3,4,1,3,,255803286,LevelMaxLevelSize
baseline_run1,baseline,2026/04/15-06:46:50.045746,2,3,6,1,5,,406539816,LevelMaxLevelSize
baseline_run1,baseline,2026/04/15-06:46:50.058957,2,3,3,1,2,,226369312,LevelMaxLevelSize
baseline_run1,baseline,2026/04/15-06:46:50.059777,2,3,3,1,2,,129384726,LevelMaxLevelSize
baseline_run1,baseline,2026/04/15-06:46:50.068954,2,3,2,1,1,,101203073,LevelMaxLevelSize
baseline_run1,baseline,2026/04/15-06:46:50.075991,2,3,3,1,2,,189719127,LevelMaxLevelSize
baseline_run1,baseline,2026/04/15-06:46:50.098342,2,3,3,1,2,,159248072,LevelMaxLevelSize
baseline_run1,baseline,2026/04/15-06:46:50.175074,2,3,5,1,4,,349839426,LevelMaxLevelSize
baseline_run1,baseline,2026/04/15-06:46:50.373982,0,1,4,4,0,,263106932,LevelL0FilesNum
baseline_run1,baseline,2026/04/15-06:46:50.572718,3,4,4,1,3,,215991798,LevelMaxLevelSize
baseline_run1,baseline,2026/04/15-06:46:50.572719,3,4,2,1,1,,112624399,LevelMaxLevelSize
baseline_run1,baseline,2026/04/15-06:46:50.572722,3,4,2,1,1,,61940441,LevelMaxLevelSize
baseline_run1,baseline,2026/04/15-06:46:50.572724,3,4,3,1,2,,137252421,LevelMaxLevelSize
baseline_run1,baseline,2026/04/15-06:46:50.572819,3,4,2,1,1,,99940489,LevelMaxLevelSize
baseline_run1,baseline,2026/04/15-06:46:50.572948,3,4,4,1,3,,168439318,LevelMaxLevelSize
baseline_run1,baseline,2026/04/15-06:46:50.593892,3,4,3,1,2,,196460243,LevelMaxLevelSize
baseline_run1,baseline,2026/04/15-06:46:50.594033,3,4,4,1,3,,199326909,LevelMaxLevelSize
baseline_run1,baseline,2026/04/15-06:46:50.594040,3,4,4,1,3,,181353892,LevelMaxLevelSize
baseline_run1,baseline,2026/04/15-06:46:50.594040,3,4,4,1,3,,262493550,LevelMaxLevelSize
baseline_run1,baseline,2026/04/15-06:46:50.594043,3,4,3,1,2,,193490527,LevelMaxLevelSize
baseline_run1,baseline,2026/04/15-06:46:50.619406,3,4,4,1,3,,237461238,LevelMaxLevelSize
baseline_run1,baseline,2026/04/15-06:46:50.619550,3,4,3,1,2,,140559466,LevelMaxLevelSize
baseline_run1,baseline,2026/04/15-06:46:50.620058,3,4,4,1,3,,236992805,LevelMaxLevelSize
baseline_run1,baseline,2026/04/15-06:46:50.620188,3,4,4,1,3,,199675364,LevelMaxLevelSize
baseline_run1,baseline,2026/04/15-06:46:50.620192,3,4,4,1,3,,232159344,LevelMaxLevelSize
baseline_run1,baseline,2026/04/15-06:46:50.621792,3,4,2,1,1,,95220404,LevelMaxLevelSize
baseline_run1,baseline,2026/04/15-06:46:50.622249,3,4,3,1,2,,152844446,LevelMaxLevelSize
baseline_run1,baseline,2026/04/15-06:46:50.622261,3,4,5,1,4,,294627921,LevelMaxLevelSize
baseline_run1,baseline,2026/04/15-06:46:50.622263,3,4,4,1,3,,217623731,LevelMaxLevelSize
baseline_run1,baseline,2026/04/15-06:46:50.622290,3,4,4,1,3,,234888694,LevelMaxLevelSize
baseline_run1,baseline,2026/04/15-06:46:50.622290,3,4,4,1,3,,179625907,LevelMaxLevelSize
baseline_run1,baseline,2026/04/15-06:46:50.622295,3,4,4,1,3,,221153222,LevelMaxLevelSize
baseline_run1,baseline,2026/04/15-06:46:50.694512,3,4,5,1,4,,277604446,LevelMaxLevelSize
baseline_run1,baseline,2026/04/15-06:46:50.694513,3,4,3,1,2,,100930346,LevelMaxLevelSize
baseline_run1,baseline,2026/04/15-06:46:50.694518,3,4,4,1,3,,209882148,LevelMaxLevelSize
baseline_run1,baseline,2026/04/15-06:46:50.694513,3,4,4,1,3,,234902221,LevelMaxLevelSize
baseline_run1,baseline,2026/04/15-06:46:50.694520,3,4,4,1,3,,249028445,LevelMaxLevelSize
baseline_run1,baseline,2026/04/15-06:46:50.694528,3,4,3,1,2,,186825418,LevelMaxLevelSize
baseline_run1,baseline,2026/04/15-06:46:50.811779,0,1,4,4,0,,263120374,LevelL0FilesNum
baseline_run1,baseline,2026/04/15-06:46:50.885288,3,4,4,1,3,,221913702,LevelMaxLevelSize
baseline_run1,baseline,2026/04/15-06:46:50.885524,3,4,4,1,3,,217125013,LevelMaxLevelSize
baseline_run1,baseline,2026/04/15-06:46:50.885528,3,4,6,1,5,,311069261,LevelMaxLevelSize
baseline_run1,baseline,2026/04/15-06:46:50.886078,3,4,4,1,3,,216707307,LevelMaxLevelSize
baseline_run1,baseline,2026/04/15-06:46:50.886170,3,4,5,1,4,,253060184,LevelMaxLevelSize
baseline_run1,baseline,2026/04/15-06:46:50.890645,3,4,4,1,3,,219949179,LevelMaxLevelSize
baseline_run1,baseline,2026/04/15-06:46:50.890655,3,4,3,1,2,,184145036,LevelMaxLevelSize
baseline_run1,baseline,2026/04/15-06:46:50.890787,3,4,4,1,3,,220375279,LevelMaxLevelSize
baseline_run1,baseline,2026/04/15-06:46:50.890794,3,4,4,1,3,,217027665,LevelMaxLevelSize
baseline_run1,baseline,2026/04/15-06:46:50.891616,3,4,4,1,3,,220102663,LevelMaxLevelSize
baseline_run1,baseline,2026/04/15-06:46:50.914056,3,4,5,1,4,,280378297,LevelMaxLevelSize
baseline_run1,baseline,2026/04/15-06:46:50.996814,3,4,3,1,2,,183796905,LevelMaxLevelSize
baseline_run1,baseline,2026/04/15-06:46:50.996825,3,4,6,1,5,,346347599,LevelMaxLevelSize
baseline_run1,baseline,2026/04/15-06:46:50.996826,3,4,3,1,2,,183914188,LevelMaxLevelSize
baseline_run1,baseline,2026/04/15-06:46:50.996897,3,4,3,1,2,,183673330,LevelMaxLevelSize
baseline_run1,baseline,2026/04/15-06:46:51.004545,3,4,4,1,3,,241662790,LevelMaxLevelSize
baseline_run1,baseline,2026/04/15-06:46:51.007721,3,4,2,1,1,,91804254,LevelMaxLevelSize
baseline_run1,baseline,2026/04/15-06:46:51.012499,3,4,3,1,2,,183540342,LevelMaxLevelSize
baseline_run1,baseline,2026/04/15-06:46:51.016310,3,4,2,1,1,,60546333,LevelMaxLevelSize
baseline_run1,baseline,2026/04/15-06:46:51.018171,3,4,3,1,2,,183476921,LevelMaxLevelSize
baseline_run1,baseline,2026/04/15-06:46:51.029473,3,4,4,1,3,,240098230,LevelMaxLevelSize
baseline_run1,baseline,2026/04/15-06:46:51.050516,3,4,4,1,3,,255749572,LevelMaxLevelSize
baseline_run1,baseline,2026/04/15-06:46:51.098923,3,4,5,1,4,,313053632,LevelMaxLevelSize
baseline_run1,baseline,2026/04/15-06:46:51.278042,0,1,4,4,0,,263120352,LevelL0FilesNum
baseline_run1,baseline,2026/04/15-06:46:51.700187,0,1,29,13,16,,4019633931,LevelL0FilesNum
baseline_run1,baseline,2026/04/15-06:46:52.014773,0,1,4,4,0,,263108545,LevelL0FilesNum
baseline_run1,baseline,2026/04/15-06:46:52.520025,0,1,4,4,0,,263124415,LevelL0FilesNum
baseline_run1,baseline,2026/04/15-06:46:53.097616,0,1,4,4,0,,263103674,LevelL0FilesNum
baseline_run1,baseline,2026/04/15-06:46:53.470031,0,1,4,4,0,,854782646,LevelL0FilesNum
baseline_run1,baseline,2026/04/15-06:46:54.768379,0,1,4,4,0,,263126676,LevelL0FilesNum
baseline_run1,baseline,2026/04/15-06:46:55.347114,0,1,4,4,0,,263123391,LevelL0FilesNum
baseline_run1,baseline,2026/04/15-06:46:56.030292,0,1,4,4,0,,263109950,LevelL0FilesNum
baseline_run1,baseline,2026/04/15-06:46:56.523125,0,1,4,4,0,,854815650,LevelL0FilesNum
baseline_run1,baseline,2026/04/15-06:46:57.966209,0,1,4,4,0,,263111003,LevelL0FilesNum
baseline_run1,baseline,2026/04/15-06:46:57.987226,1,2,2,1,1,,146043018,LevelMaxLevelSize
baseline_run1,baseline,2026/04/15-06:46:57.987332,1,2,2,1,1,,159843781,LevelMaxLevelSize
baseline_run1,baseline,2026/04/15-06:46:57.987428,1,2,2,1,1,,189335085,LevelMaxLevelSize
baseline_run1,baseline,2026/04/15-06:46:57.987627,1,2,2,1,1,,113431512,LevelMaxLevelSize
baseline_run1,baseline,2026/04/15-06:46:57.987754,1,2,2,1,1,,178675120,LevelMaxLevelSize
baseline_run1,baseline,2026/04/15-06:46:57.987758,1,2,2,1,1,,76571291,LevelMaxLevelSize
baseline_run1,baseline,2026/04/15-06:46:57.987779,1,2,2,1,1,,137749628,LevelMaxLevelSize
baseline_run1,baseline,2026/04/15-06:46:57.988116,1,2,2,1,1,,180503751,LevelMaxLevelSize
baseline_run1,baseline,2026/04/15-06:46:57.988499,1,2,2,1,1,,142753232,LevelMaxLevelSize
baseline_run1,baseline,2026/04/15-06:46:57.988539,1,2,2,1,1,,185622368,LevelMaxLevelSize
baseline_run1,baseline,2026/04/15-06:46:57.988543,1,2,2,1,1,,178662861,LevelMaxLevelSize
baseline_run1,baseline,2026/04/15-06:46:57.988718,1,2,2,1,1,,167133160,LevelMaxLevelSize
baseline_run1,baseline,2026/04/15-06:46:57.988722,1,2,2,1,1,,97559646,LevelMaxLevelSize
baseline_run1,baseline,2026/04/15-06:46:57.989035,1,2,2,1,1,,145199166,LevelMaxLevelSize
baseline_run1,baseline,2026/04/15-06:46:57.989079,1,2,3,2,1,,312558604,LevelMaxLevelSize
baseline_run1,baseline,2026/04/15-06:46:57.989086,1,2,3,2,1,,325260038,LevelMaxLevelSize
baseline_run1,baseline,2026/04/15-06:46:58.244483,2,3,5,1,4,,307960930,LevelMaxLevelSize
baseline_run1,baseline,2026/04/15-06:46:58.251262,2,3,3,1,2,,201653932,LevelMaxLevelSize
baseline_run1,baseline,2026/04/15-06:46:58.251290,2,3,4,1,3,,276616465,LevelMaxLevelSize
baseline_run1,baseline,2026/04/15-06:46:58.253677,2,3,2,1,1,,103531478,LevelMaxLevelSize
baseline_run1,baseline,2026/04/15-06:46:58.253678,2,3,3,1,2,,166386113,LevelMaxLevelSize
baseline_run1,baseline,2026/04/15-06:46:58.253684,2,3,2,1,1,,124714904,LevelMaxLevelSize
baseline_run1,baseline,2026/04/15-06:46:58.256288,2,3,2,1,1,,118559031,LevelMaxLevelSize
baseline_run1,baseline,2026/04/15-06:46:58.256397,2,3,2,1,1,,114897887,LevelMaxLevelSize
baseline_run1,baseline,2026/04/15-06:46:58.271491,2,3,3,1,2,,184871637,LevelMaxLevelSize
baseline_run1,baseline,2026/04/15-06:46:58.271592,2,3,5,1,4,,315255734,LevelMaxLevelSize
baseline_run1,baseline,2026/04/15-06:46:58.271609,2,3,4,1,3,,270448323,LevelMaxLevelSize
baseline_run1,baseline,2026/04/15-06:46:58.294218,2,3,3,1,2,,176949296,LevelMaxLevelSize
baseline_run1,baseline,2026/04/15-06:46:58.294228,2,3,4,1,3,,234818337,LevelMaxLevelSize
baseline_run1,baseline,2026/04/15-06:46:58.294234,2,3,4,1,3,,293430890,LevelMaxLevelSize
baseline_run1,baseline,2026/04/15-06:46:58.316191,2,3,4,1,3,,136229021,LevelMaxLevelSize
baseline_run1,baseline,2026/04/15-06:46:58.316282,2,3,5,1,4,,316370179,LevelMaxLevelSize
baseline_run1,baseline,2026/04/15-06:46:58.316343,2,3,6,1,5,,353849061,LevelMaxLevelSize
baseline_run1,baseline,2026/04/15-06:46:58.319525,2,3,5,1,4,,334754474,LevelMaxLevelSize
baseline_run1,baseline,2026/04/15-06:46:58.319660,2,3,3,1,2,,197619134,LevelMaxLevelSize
baseline_run1,baseline,2026/04/15-06:46:58.319682,2,3,5,1,4,,364508312,LevelMaxLevelSize
baseline_run1,baseline,2026/04/15-06:46:58.321729,2,3,5,1,4,,347862747,LevelMaxLevelSize
baseline_run1,baseline,2026/04/15-06:46:58.321737,2,3,3,1,2,,105830430,LevelMaxLevelSize
baseline_run1,baseline,2026/04/15-06:46:58.321744,2,3,3,1,2,,203128887,LevelMaxLevelSize
baseline_run1,baseline,2026/04/15-06:46:58.337715,2,3,5,1,4,,341323365,LevelMaxLevelSize
baseline_run1,baseline,2026/04/15-06:46:58.337720,2,3,7,1,6,,433976700,LevelMaxLevelSize
baseline_run1,baseline,2026/04/15-06:46:58.337725,2,3,10,1,9,,522656114,LevelMaxLevelSize
baseline_run1,baseline,2026/04/15-06:46:58.346762,2,3,2,1,1,,118114166,LevelMaxLevelSize
baseline_run1,baseline,2026/04/15-06:46:58.346873,2,3,7,1,6,,434258016,LevelMaxLevelSize
baseline_run1,baseline,2026/04/15-06:46:58.346891,2,3,7,1,6,,394562396,LevelMaxLevelSize
baseline_run1,baseline,2026/04/15-06:46:58.570231,0,1,4,4,0,,263091363,LevelL0FilesNum
baseline_run1,baseline,2026/04/15-06:46:58.623592,2,3,2,1,1,,100492905,LevelMaxLevelSize
baseline_run1,baseline,2026/04/15-06:46:58.624008,2,3,5,1,4,,326956405,LevelMaxLevelSize
baseline_run1,baseline,2026/04/15-06:46:58.624011,2,3,3,1,2,,204000409,LevelMaxLevelSize
baseline_run1,baseline,2026/04/15-06:46:58.624012,2,3,5,1,4,,292168664,LevelMaxLevelSize
baseline_run1,baseline,2026/04/15-06:46:58.624019,2,3,7,1,6,,446227581,LevelMaxLevelSize
baseline_run1,baseline,2026/04/15-06:46:58.641621,2,3,5,1,4,,338194602,LevelMaxLevelSize
baseline_run1,baseline,2026/04/15-06:46:58.641848,2,3,6,1,5,,350889471,LevelMaxLevelSize
baseline_run1,baseline,2026/04/15-06:46:58.641854,2,3,4,1,3,,234231900,LevelMaxLevelSize
baseline_run1,baseline,2026/04/15-06:46:58.642001,2,3,8,1,7,,524014924,LevelMaxLevelSize
baseline_run1,baseline,2026/04/15-06:46:58.642002,2,3,6,1,5,,370059243,LevelMaxLevelSize
baseline_run1,baseline,2026/04/15-06:46:58.993571,0,1,4,4,0,,263108598,LevelL0FilesNum
baseline_run1,baseline,2026/04/15-06:46:59.308028,3,4,3,1,2,,151283902,LevelMaxLevelSize
baseline_run1,baseline,2026/04/15-06:46:59.308031,3,4,2,1,1,,97332631,LevelMaxLevelSize
baseline_run1,baseline,2026/04/15-06:46:59.308117,3,4,4,1,3,,227265727,LevelMaxLevelSize
baseline_run1,baseline,2026/04/15-06:46:59.308265,3,4,4,1,3,,260385366,LevelMaxLevelSize
baseline_run1,baseline,2026/04/15-06:46:59.308273,3,4,4,1,3,,195004005,LevelMaxLevelSize
baseline_run1,baseline,2026/04/15-06:46:59.308279,3,4,2,1,1,,94874397,LevelMaxLevelSize
baseline_run1,baseline,2026/04/15-06:46:59.340343,3,4,4,1,3,,236867000,LevelMaxLevelSize
baseline_run1,baseline,2026/04/15-06:46:59.340345,3,4,4,1,3,,198975096,LevelMaxLevelSize
baseline_run1,baseline,2026/04/15-06:46:59.340644,3,4,6,1,5,,330837489,LevelMaxLevelSize
baseline_run1,baseline,2026/04/15-06:46:59.340726,3,4,3,1,2,,189143551,LevelMaxLevelSize
baseline_run1,baseline,2026/04/15-06:46:59.340727,3,4,4,1,3,,199073829,LevelMaxLevelSize
baseline_run1,baseline,2026/04/15-06:46:59.340763,3,4,4,1,3,,199216164,LevelMaxLevelSize
baseline_run1,baseline,2026/04/15-06:46:59.370880,3,4,3,1,2,,189120821,LevelMaxLevelSize
baseline_run1,baseline,2026/04/15-06:46:59.371471,3,4,4,1,3,,266892793,LevelMaxLevelSize
baseline_run1,baseline,2026/04/15-06:46:59.371473,3,4,4,1,3,,228312869,LevelMaxLevelSize
baseline_run1,baseline,2026/04/15-06:46:59.371473,3,4,4,1,3,,221553367,LevelMaxLevelSize
baseline_run1,baseline,2026/04/15-06:46:59.371494,3,4,4,1,3,,223119264,LevelMaxLevelSize
baseline_run1,baseline,2026/04/15-06:46:59.371498,3,4,5,1,4,,271720366,LevelMaxLevelSize
baseline_run1,baseline,2026/04/15-06:46:59.371504,3,4,6,1,5,,289862293,LevelMaxLevelSize
baseline_run1,baseline,2026/04/15-06:46:59.371506,3,4,4,1,3,,228602770,LevelMaxLevelSize
baseline_run1,baseline,2026/04/15-06:46:59.381981,0,1,4,4,0,,263107688,LevelL0FilesNum
baseline_run1,baseline,2026/04/15-06:46:59.480501,3,4,3,1,2,,189057176,LevelMaxLevelSize
baseline_run1,baseline,2026/04/15-06:46:59.480507,3,4,4,1,3,,198923210,LevelMaxLevelSize
baseline_run1,baseline,2026/04/15-06:46:59.480515,3,4,4,1,3,,242046321,LevelMaxLevelSize
baseline_run1,baseline,2026/04/15-06:46:59.481183,3,4,5,1,4,,246833449,LevelMaxLevelSize
baseline_run1,baseline,2026/04/15-06:46:59.481185,3,4,5,1,4,,291566023,LevelMaxLevelSize
baseline_run1,baseline,2026/04/15-06:46:59.481191,3,4,5,1,4,,270771740,LevelMaxLevelSize
baseline_run1,baseline,2026/04/15-06:46:59.690899,3,4,5,1,4,,282970488,LevelMaxLevelSize
baseline_run1,baseline,2026/04/15-06:46:59.690986,3,4,4,1,3,,216968380,LevelMaxLevelSize
baseline_run1,baseline,2026/04/15-06:46:59.691065,3,4,4,1,3,,209181115,LevelMaxLevelSize
baseline_run1,baseline,2026/04/15-06:46:59.691185,3,4,3,1,2,,175977421,LevelMaxLevelSize
baseline_run1,baseline,2026/04/15-06:46:59.691437,3,4,4,1,3,,238992642,LevelMaxLevelSize
baseline_run1,baseline,2026/04/15-06:46:59.691441,3,4,4,1,3,,200485790,LevelMaxLevelSize
baseline_run1,baseline,2026/04/15-06:46:59.691442,3,4,4,1,3,,208667631,LevelMaxLevelSize
baseline_run1,baseline,2026/04/15-06:46:59.691445,3,4,4,1,3,,209487572,LevelMaxLevelSize
baseline_run1,baseline,2026/04/15-06:46:59.821686,0,1,4,4,0,,263114879,LevelL0FilesNum
baseline_run1,baseline,2026/04/15-06:47:00.211270,0,1,4,4,0,,263090252,LevelL0FilesNum
baseline_run1,baseline,2026/04/15-06:47:00.591714,0,1,32,11,21,,5051191797,LevelL0FilesNum
baseline_run1,baseline,2026/04/15-06:47:00.887919,0,1,4,4,0,,263110044,LevelL0FilesNum
baseline_run1,baseline,2026/04/15-06:47:01.284549,0,1,4,4,0,,263104871,LevelL0FilesNum
baseline_run1,baseline,2026/04/15-06:47:01.685450,0,1,4,4,0,,263105033,LevelL0FilesNum
baseline_run1,baseline,2026/04/15-06:47:02.055084,0,1,4,4,0,,854770329,LevelL0FilesNum
baseline_run1,baseline,2026/04/15-06:47:08.115672,1,2,2,1,1,,66306223,LevelMaxLevelSize
baseline_run1,baseline,2026/04/15-06:47:08.115945,1,2,2,1,1,,58347243,LevelMaxLevelSize
baseline_run1,baseline,2026/04/15-06:47:08.116378,1,2,3,2,1,,238833167,LevelMaxLevelSize
baseline_run1,baseline,2026/04/15-06:47:08.116697,1,2,3,2,1,,258363707,LevelMaxLevelSize
baseline_run1,baseline,2026/04/15-06:47:08.116707,1,2,2,1,1,,184802698,LevelMaxLevelSize
baseline_run1,baseline,2026/04/15-06:47:08.116720,1,2,2,1,1,,181137092,LevelMaxLevelSize
baseline_run1,baseline,2026/04/15-06:47:08.117008,1,2,2,1,1,,138947690,LevelMaxLevelSize
baseline_run1,baseline,2026/04/15-06:47:08.117012,1,2,2,1,1,,143212358,LevelMaxLevelSize
baseline_run1,baseline,2026/04/15-06:47:08.117285,1,2,2,1,1,,78416861,LevelMaxLevelSize
baseline_run1,baseline,2026/04/15-06:47:08.117685,1,2,2,1,1,,145636662,LevelMaxLevelSize
baseline_run1,baseline,2026/04/15-06:47:08.117784,1,2,2,1,1,,180616033,LevelMaxLevelSize
baseline_run1,baseline,2026/04/15-06:47:08.117785,1,2,2,1,1,,196244730,LevelMaxLevelSize
baseline_run1,baseline,2026/04/15-06:47:08.117789,1,2,3,2,1,,276439579,LevelMaxLevelSize
baseline_run1,baseline,2026/04/15-06:47:08.117793,1,2,2,1,1,,131971226,LevelMaxLevelSize
baseline_run1,baseline,2026/04/15-06:47:08.117783,1,2,2,1,1,,153026842,LevelMaxLevelSize
baseline_run1,baseline,2026/04/15-06:47:08.117802,1,2,2,1,1,,100778559,LevelMaxLevelSize
baseline_run1,baseline,2026/04/15-06:47:08.117813,1,2,3,1,2,,160911895,LevelMaxLevelSize
baseline_run1,baseline,2026/04/15-06:47:08.117816,1,2,2,1,1,,158544880,LevelMaxLevelSize
baseline_run1,baseline,2026/04/15-06:47:08.117826,1,2,2,1,1,,123947120,LevelMaxLevelSize
baseline_run1,baseline,2026/04/15-06:47:08.117833,1,2,2,1,1,,202821833,LevelMaxLevelSize
baseline_run1,baseline,2026/04/15-06:47:08.117835,1,2,2,1,1,,97777354,LevelMaxLevelSize
baseline_run1,baseline,2026/04/15-06:47:08.117841,1,2,2,1,1,,141753902,LevelMaxLevelSize
baseline_run1,baseline,2026/04/15-06:47:08.117844,1,2,2,1,1,,163192636,LevelMaxLevelSize
baseline_run1,baseline,2026/04/15-06:47:08.117851,1,2,2,1,1,,137930192,LevelMaxLevelSize
baseline_run1,baseline,2026/04/15-06:47:08.117948,1,2,4,2,2,,305641421,LevelMaxLevelSize
baseline_run1,baseline,2026/04/15-06:47:08.117988,1,2,2,1,1,,141726037,LevelMaxLevelSize
baseline_run1,baseline,2026/04/15-06:47:08.118049,1,2,2,1,1,,139496925,LevelMaxLevelSize
baseline_run1,baseline,2026/04/15-06:47:08.119929,1,2,2,1,1,,91672810,LevelMaxLevelSize
baseline_run1,baseline,2026/04/15-06:47:08.123471,1,2,3,1,2,,169996827,LevelMaxLevelSize
baseline_run1,baseline,2026/04/15-06:47:08.123504,1,2,2,1,1,,143884905,LevelMaxLevelSize
baseline_run1,baseline,2026/04/15-06:47:08.123695,1,2,3,2,1,,318320350,LevelMaxLevelSize
baseline_run1,baseline,2026/04/15-06:47:08.123697,1,2,3,2,1,,395666187,LevelMaxLevelSize
baseline_run1,baseline,2026/04/15-06:47:08.436677,2,3,3,1,2,,208188340,LevelMaxLevelSize
baseline_run1,baseline,2026/04/15-06:47:08.436682,2,3,3,1,2,,151601128,LevelMaxLevelSize
baseline_run1,baseline,2026/04/15-06:47:08.436687,2,3,3,1,2,,198893629,LevelMaxLevelSize
baseline_run1,baseline,2026/04/15-06:47:08.439648,2,3,3,1,2,,191224097,LevelMaxLevelSize
baseline_run1,baseline,2026/04/15-06:47:08.439666,2,3,2,1,1,,82312388,LevelMaxLevelSize
baseline_run1,baseline,2026/04/15-06:47:08.439674,2,3,2,1,1,,16965202,LevelMaxLevelSize
baseline_run1,baseline,2026/04/15-06:47:08.439675,2,3,2,1,1,,66140104,LevelMaxLevelSize
baseline_run1,baseline,2026/04/15-06:47:08.439692,2,3,3,1,2,,200064701,LevelMaxLevelSize
baseline_run1,baseline,2026/04/15-06:47:08.439708,2,3,5,1,4,,273941047,LevelMaxLevelSize
baseline_run1,baseline,2026/04/15-06:47:08.441051,2,3,3,1,2,,208242899,LevelMaxLevelSize
baseline_run1,baseline,2026/04/15-06:47:08.441058,2,3,3,1,2,,201417037,LevelMaxLevelSize
baseline_run1,baseline,2026/04/15-06:47:08.441059,2,3,2,1,1,,84022492,LevelMaxLevelSize
baseline_run1,baseline,2026/04/15-06:47:08.452569,2,3,5,2,3,,241457586,LevelMaxLevelSize
baseline_run1,baseline,2026/04/15-06:47:08.452569,2,3,3,1,2,,104470999,LevelMaxLevelSize
baseline_run1,baseline,2026/04/15-06:47:08.452570,2,3,3,1,2,,201713817,LevelMaxLevelSize
baseline_run1,baseline,2026/04/15-06:47:08.471642,2,3,2,1,1,,80890003,LevelMaxLevelSize
baseline_run1,baseline,2026/04/15-06:47:08.471645,2,3,3,1,2,,130669589,LevelMaxLevelSize
baseline_run1,baseline,2026/04/15-06:47:08.471677,2,3,4,1,3,,247778407,LevelMaxLevelSize
baseline_run1,baseline,2026/04/15-06:47:08.471790,2,3,6,2,4,,332772733,LevelMaxLevelSize
baseline_run1,baseline,2026/04/15-06:47:08.473579,2,3,2,1,1,,126265006,LevelMaxLevelSize
baseline_run1,baseline,2026/04/15-06:47:08.473659,2,3,4,1,3,,184288794,LevelMaxLevelSize
baseline_run1,baseline,2026/04/15-06:47:08.473678,2,3,4,1,3,,242354808,LevelMaxLevelSize
baseline_run1,baseline,2026/04/15-06:47:08.479926,2,3,3,1,2,,194162970,LevelMaxLevelSize
baseline_run1,baseline,2026/04/15-06:47:08.480030,2,3,4,1,3,,245041852,LevelMaxLevelSize
baseline_run1,baseline,2026/04/15-06:47:08.482308,2,3,3,1,2,,188474902,LevelMaxLevelSize
baseline_run1,baseline,2026/04/15-06:47:08.487524,2,3,3,1,2,,178808116,LevelMaxLevelSize
baseline_run1,baseline,2026/04/15-06:47:08.511972,2,3,3,1,2,,158138202,LevelMaxLevelSize
baseline_run1,baseline,2026/04/15-06:47:08.515115,2,3,3,1,2,,187996980,LevelMaxLevelSize
baseline_run1,baseline,2026/04/15-06:47:08.521333,2,3,3,1,2,,176048452,LevelMaxLevelSize
baseline_run1,baseline,2026/04/15-06:47:08.545304,2,3,3,1,2,,148138345,LevelMaxLevelSize
baseline_run1,baseline,2026/04/15-06:47:08.568672,2,3,4,1,3,,325833291,LevelMaxLevelSize
baseline_run1,baseline,2026/04/15-06:47:08.605674,2,3,3,1,2,,188737247,LevelMaxLevelSize
baseline_run1,baseline,2026/04/15-06:47:08.628311,2,3,3,1,2,,200540941,LevelMaxLevelSize
baseline_run1,baseline,2026/04/15-06:47:08.640477,2,3,4,1,3,,184626457,LevelMaxLevelSize
baseline_run1,baseline,2026/04/15-06:47:08.647239,2,3,3,1,2,,156297816,LevelMaxLevelSize
baseline_run1,baseline,2026/04/15-06:47:08.663883,0,1,5,5,0,,328888993,LevelL0FilesNum
baseline_run1,baseline,2026/04/15-06:47:08.710894,2,3,4,1,3,,199708890,LevelMaxLevelSize
baseline_run1,baseline,2026/04/15-06:47:08.712920,2,3,3,1,2,,184223427,LevelMaxLevelSize
baseline_run1,baseline,2026/04/15-06:47:08.738582,2,3,3,1,2,,151889191,LevelMaxLevelSize
baseline_run1,baseline,2026/04/15-06:47:08.791534,2,3,4,1,3,,213467344,LevelMaxLevelSize
baseline_run1,baseline,2026/04/15-06:47:08.798214,2,3,3,1,2,,223396783,LevelMaxLevelSize
baseline_run1,baseline,2026/04/15-06:47:08.814235,2,3,5,1,4,,243065357,LevelMaxLevelSize
baseline_run1,baseline,2026/04/15-06:47:08.825443,2,3,2,1,1,,82379640,LevelMaxLevelSize
baseline_run1,baseline,2026/04/15-06:47:08.853991,2,3,2,1,1,,107328076,LevelMaxLevelSize
baseline_run1,baseline,2026/04/15-06:47:08.892380,2,3,2,1,1,,124285150,LevelMaxLevelSize
baseline_run1,baseline,2026/04/15-06:47:08.905653,2,3,3,1,2,,149279292,LevelMaxLevelSize
baseline_run1,baseline,2026/04/15-06:47:08.916742,2,3,3,1,2,,214738019,LevelMaxLevelSize
baseline_run1,baseline,2026/04/15-06:47:08.919268,2,3,3,1,2,,194330408,LevelMaxLevelSize
baseline_run1,baseline,2026/04/15-06:47:08.923105,2,3,3,1,2,,179823994,LevelMaxLevelSize
baseline_run1,baseline,2026/04/15-06:47:08.924829,2,3,3,1,2,,186870428,LevelMaxLevelSize
baseline_run1,baseline,2026/04/15-06:47:08.928518,2,3,4,1,3,,247202658,LevelMaxLevelSize
baseline_run1,baseline,2026/04/15-06:47:08.936017,2,3,4,1,3,,212538802,LevelMaxLevelSize
baseline_run1,baseline,2026/04/15-06:47:08.939062,2,3,4,1,3,,221537309,LevelMaxLevelSize
baseline_run1,baseline,2026/04/15-06:47:08.945735,2,3,5,1,4,,339618624,LevelMaxLevelSize
baseline_run1,baseline,2026/04/15-06:47:08.947949,2,3,5,1,4,,332539508,LevelMaxLevelSize
baseline_run1,baseline,2026/04/15-06:47:08.950049,2,3,4,1,3,,285388537,LevelMaxLevelSize
baseline_run1,baseline,2026/04/15-06:47:08.953186,2,3,4,1,3,,270724511,LevelMaxLevelSize
baseline_run1,baseline,2026/04/15-06:47:08.964501,2,3,4,1,3,,257340260,LevelMaxLevelSize
baseline_run1,baseline,2026/04/15-06:47:08.981605,2,3,4,1,3,,256719302,LevelMaxLevelSize
baseline_run1,baseline,2026/04/15-06:47:09.028502,2,3,10,1,9,,647292623,LevelMaxLevelSize
baseline_run1,baseline,2026/04/15-06:47:09.030729,2,3,5,1,4,,356631857,LevelMaxLevelSize
baseline_run1,baseline,2026/04/15-06:47:09.040906,2,3,4,1,3,,272308983,LevelMaxLevelSize
baseline_run1,baseline,2026/04/15-06:47:09.058747,2,3,2,1,1,,128637983,LevelMaxLevelSize
baseline_run1,baseline,2026/04/15-06:47:09.068909,2,3,4,1,3,,203172259,LevelMaxLevelSize
baseline_run1,baseline,2026/04/15-06:47:09.075409,2,3,3,1,2,,194642086,LevelMaxLevelSize
baseline_run1,baseline,2026/04/15-06:47:09.077677,2,3,3,1,2,,179315658,LevelMaxLevelSize
baseline_run1,baseline,2026/04/15-06:47:09.077799,2,3,3,1,2,,208491955,LevelMaxLevelSize
baseline_run1,baseline,2026/04/15-06:47:09.085133,2,3,4,1,3,,241061013,LevelMaxLevelSize
baseline_run1,baseline,2026/04/15-06:47:09.105158,2,3,3,1,2,,130133281,LevelMaxLevelSize
baseline_run1,baseline,2026/04/15-06:47:09.112937,2,3,4,1,3,,128644460,LevelMaxLevelSize
baseline_run1,baseline,2026/04/15-06:47:09.115599,2,3,6,1,5,,338692429,LevelMaxLevelSize
baseline_run1,baseline,2026/04/15-06:47:09.118117,2,3,6,1,5,,347973282,LevelMaxLevelSize
baseline_run1,baseline,2026/04/15-06:47:09.168147,0,1,4,4,0,,263110993,LevelL0FilesNum
baseline_run1,baseline,2026/04/15-06:47:09.193720,2,3,5,1,4,,325650407,LevelMaxLevelSize
baseline_run1,baseline,2026/04/15-06:47:09.555378,3,4,2,1,1,,111370280,LevelMaxLevelSize
baseline_run1,baseline,2026/04/15-06:47:09.555381,3,4,2,1,1,,117213694,LevelMaxLevelSize
baseline_run1,baseline,2026/04/15-06:47:09.556817,3,4,3,1,2,,152821394,LevelMaxLevelSize
baseline_run1,baseline,2026/04/15-06:47:09.557002,3,4,3,1,2,,145811377,LevelMaxLevelSize
baseline_run1,baseline,2026/04/15-06:47:09.557011,3,4,2,1,1,,102638656,LevelMaxLevelSize
baseline_run1,baseline,2026/04/15-06:47:09.557017,3,4,3,1,2,,151638141,LevelMaxLevelSize
baseline_run1,baseline,2026/04/15-06:47:09.557019,3,4,3,1,2,,180616372,LevelMaxLevelSize
baseline_run1,baseline,2026/04/15-06:47:09.569512,0,1,4,4,0,,263111824,LevelL0FilesNum
baseline_run1,baseline,2026/04/15-06:47:09.584191,3,4,4,1,3,,170000305,LevelMaxLevelSize
baseline_run1,baseline,2026/04/15-06:47:09.584277,3,4,3,1,2,,193245218,LevelMaxLevelSize
baseline_run1,baseline,2026/04/15-06:47:09.584390,3,4,4,1,3,,198090845,LevelMaxLevelSize
baseline_run1,baseline,2026/04/15-06:47:09.584482,3,4,4,1,3,,236475253,LevelMaxLevelSize
baseline_run1,baseline,2026/04/15-06:47:09.584486,3,4,5,1,4,,242089415,LevelMaxLevelSize
baseline_run1,baseline,2026/04/15-06:47:09.604653,3,4,4,1,3,,241337763,LevelMaxLevelSize
baseline_run1,baseline,2026/04/15-06:47:09.604654,3,4,4,1,3,,187967202,LevelMaxLevelSize
baseline_run1,baseline,2026/04/15-06:47:09.604654,3,4,5,1,4,,244174832,LevelMaxLevelSize
baseline_run1,baseline,2026/04/15-06:47:09.635593,3,4,3,1,2,,192259250,LevelMaxLevelSize
baseline_run1,baseline,2026/04/15-06:47:09.635842,3,4,4,1,3,,258139306,LevelMaxLevelSize
baseline_run1,baseline,2026/04/15-06:47:09.635848,3,4,4,1,3,,235251265,LevelMaxLevelSize
baseline_run1,baseline,2026/04/15-06:47:09.636041,3,4,3,1,2,,185434439,LevelMaxLevelSize
baseline_run1,baseline,2026/04/15-06:47:09.682506,3,4,3,1,2,,172016987,LevelMaxLevelSize
baseline_run1,baseline,2026/04/15-06:47:09.682507,3,4,4,1,3,,211262030,LevelMaxLevelSize
baseline_run1,baseline,2026/04/15-06:47:09.682666,3,4,4,1,3,,194369208,LevelMaxLevelSize
baseline_run1,baseline,2026/04/15-06:47:09.682678,3,4,4,1,3,,183376742,LevelMaxLevelSize
baseline_run1,baseline,2026/04/15-06:47:09.682683,3,4,4,1,3,,227869340,LevelMaxLevelSize
baseline_run1,baseline,2026/04/15-06:47:09.705358,3,4,3,1,2,,204854030,LevelMaxLevelSize
baseline_run1,baseline,2026/04/15-06:47:09.705512,3,4,3,1,2,,187788557,LevelMaxLevelSize
baseline_run1,baseline,2026/04/15-06:47:09.705600,3,4,4,1,3,,228035540,LevelMaxLevelSize
baseline_run1,baseline,2026/04/15-06:47:09.705603,3,4,3,1,2,,134771235,LevelMaxLevelSize
baseline_run1,baseline,2026/04/15-06:47:09.706180,3,4,4,1,3,,224827008,LevelMaxLevelSize
baseline_run1,baseline,2026/04/15-06:47:09.734477,3,4,4,1,3,,247763666,LevelMaxLevelSize
baseline_run1,baseline,2026/04/15-06:47:09.816329,3,4,4,1,3,,224733660,LevelMaxLevelSize
baseline_run1,baseline,2026/04/15-06:47:09.816449,3,4,4,1,3,,254333403,LevelMaxLevelSize
baseline_run1,baseline,2026/04/15-06:47:09.816448,3,4,3,1,2,,176052311,LevelMaxLevelSize
baseline_run1,baseline,2026/04/15-06:47:09.816543,3,4,3,1,2,,95689865,LevelMaxLevelSize
baseline_run1,baseline,2026/04/15-06:47:09.859794,3,4,5,1,4,,263006265,LevelMaxLevelSize
baseline_run1,baseline,2026/04/15-06:47:09.870350,3,4,5,1,4,,259351191,LevelMaxLevelSize
baseline_run1,baseline,2026/04/15-06:47:09.886024,3,4,4,1,3,,199948351,LevelMaxLevelSize
baseline_run1,baseline,2026/04/15-06:47:09.896940,3,4,4,1,3,,200024504,LevelMaxLevelSize
baseline_run1,baseline,2026/04/15-06:47:09.899734,3,4,3,1,2,,172425280,LevelMaxLevelSize
baseline_run1,baseline,2026/04/15-06:47:09.902457,3,4,4,1,3,,227717552,LevelMaxLevelSize
baseline_run1,baseline,2026/04/15-06:47:09.953141,3,4,2,1,1,,94371563,LevelMaxLevelSize
baseline_run1,baseline,2026/04/15-06:47:09.963414,3,4,3,1,2,,118176483,LevelMaxLevelSize
baseline_run1,baseline,2026/04/15-06:47:10.027257,0,1,4,4,0,,263104790,LevelL0FilesNum
baseline_run1,baseline,2026/04/15-06:47:10.029015,3,4,4,1,3,,229867269,LevelMaxLevelSize
baseline_run1,baseline,2026/04/15-06:47:10.036709,3,4,3,1,2,,129122224,LevelMaxLevelSize
baseline_run1,baseline,2026/04/15-06:47:10.046211,3,4,5,1,4,,240552381,LevelMaxLevelSize
baseline_run1,baseline,2026/04/15-06:47:10.051725,3,4,4,1,3,,236951003,LevelMaxLevelSize
baseline_run1,baseline,2026/04/15-06:47:10.062670,3,4,5,1,4,,291318909,LevelMaxLevelSize
baseline_run1,baseline,2026/04/15-06:47:10.091653,3,4,4,1,3,,222412505,LevelMaxLevelSize
baseline_run1,baseline,2026/04/15-06:47:10.093546,3,4,3,1,2,,185776230,LevelMaxLevelSize
baseline_run1,baseline,2026/04/15-06:47:10.104141,3,4,4,1,3,,224807457,LevelMaxLevelSize
baseline_run1,baseline,2026/04/15-06:47:10.127986,3,4,4,1,3,,220852100,LevelMaxLevelSize
baseline_run1,baseline,2026/04/15-06:47:10.134920,3,4,4,1,3,,234661816,LevelMaxLevelSize
baseline_run1,baseline,2026/04/15-06:47:10.147492,3,4,4,1,3,,223230101,LevelMaxLevelSize
baseline_run1,baseline,2026/04/15-06:47:10.456418,0,1,4,4,0,,263098504,LevelL0FilesNum
baseline_run1,baseline,2026/04/15-06:47:10.462887,3,4,5,1,4,,260386006,LevelMaxLevelSize
baseline_run1,baseline,2026/04/15-06:47:10.463142,3,4,4,1,3,,246448390,LevelMaxLevelSize
baseline_run1,baseline,2026/04/15-06:47:10.463222,3,4,3,1,2,,185415683,LevelMaxLevelSize
baseline_run1,baseline,2026/04/15-06:47:10.463226,3,4,3,1,2,,175476681,LevelMaxLevelSize
baseline_run1,baseline,2026/04/15-06:47:10.463228,3,4,4,1,3,,219781872,LevelMaxLevelSize
baseline_run1,baseline,2026/04/15-06:47:10.463316,3,4,4,1,3,,223372390,LevelMaxLevelSize
baseline_run1,baseline,2026/04/15-06:47:10.463635,3,4,4,1,3,,223188829,LevelMaxLevelSize
baseline_run1,baseline,2026/04/15-06:47:10.463639,3,4,3,1,2,,185027065,LevelMaxLevelSize
baseline_run1,baseline,2026/04/15-06:47:10.463648,3,4,2,1,1,,92652112,LevelMaxLevelSize
baseline_run1,baseline,2026/04/15-06:47:10.463654,3,4,5,1,4,,231972877,LevelMaxLevelSize
baseline_run1,baseline,2026/04/15-06:47:10.463655,3,4,5,1,4,,265575662,LevelMaxLevelSize
baseline_run1,baseline,2026/04/15-06:47:10.855438,0,1,4,4,0,,263071062,LevelL0FilesNum
baseline_run1,baseline,2026/04/15-06:47:11.227921,0,1,19,10,9,,3520315077,LevelL0FilesNum
baseline_run1,baseline,2026/04/15-06:47:11.519293,0,1,4,4,0,,263114233,LevelL0FilesNum
baseline_run1,baseline,2026/04/15-06:47:11.906526,0,1,4,4,0,,263119515,LevelL0FilesNum
baseline_run1,baseline,2026/04/15-06:47:12.302230,0,1,4,4,0,,263093540,LevelL0FilesNum
baseline_run1,baseline,2026/04/15-06:47:12.699649,0,1,4,4,0,,263091267,LevelL0FilesNum
baseline_run1,baseline,2026/04/15-06:47:13.168664,0,1,4,4,0,,263094678,LevelL0FilesNum
baseline_run1,baseline,2026/04/15-06:47:13.743308,0,1,4,4,0,,263122189,LevelL0FilesNum
baseline_run1,baseline,2026/04/15-06:47:14.113400,0,1,7,7,0,,1643767557,LevelL0FilesNum
baseline_run1,baseline,2026/04/15-06:47:16.399384,0,1,4,4,0,,263094656,LevelL0FilesNum
baseline_run1,baseline,2026/04/15-06:47:16.600746,1,2,2,1,1,,110045728,LevelMaxLevelSize
baseline_run1,baseline,2026/04/15-06:47:16.600746,1,2,2,1,1,,108900137,LevelMaxLevelSize
baseline_run1,baseline,2026/04/15-06:47:16.601247,1,2,2,1,1,,102645761,LevelMaxLevelSize
baseline_run1,baseline,2026/04/15-06:47:16.601248,1,2,2,1,1,,30946913,LevelMaxLevelSize
baseline_run1,baseline,2026/04/15-06:47:16.601500,1,2,3,2,1,,391220618,LevelMaxLevelSize
baseline_run1,baseline,2026/04/15-06:47:16.601509,1,2,2,1,1,,167518996,LevelMaxLevelSize
baseline_run1,baseline,2026/04/15-06:47:16.601523,1,2,2,1,1,,178891216,LevelMaxLevelSize
baseline_run1,baseline,2026/04/15-06:47:16.601524,1,2,2,1,1,,75279133,LevelMaxLevelSize
baseline_run1,baseline,2026/04/15-06:47:16.601530,1,2,3,1,2,,205531916,LevelMaxLevelSize
baseline_run1,baseline,2026/04/15-06:47:16.601535,1,2,2,1,1,,201149611,LevelMaxLevelSize
baseline_run1,baseline,2026/04/15-06:47:16.601547,1,2,2,1,1,,75526057,LevelMaxLevelSize
baseline_run1,baseline,2026/04/15-06:47:16.601550,1,2,2,1,1,,270058174,LevelMaxLevelSize
baseline_run1,baseline,2026/04/15-06:47:16.735566,2,3,6,1,5,,381070963,LevelMaxLevelSize
baseline_run1,baseline,2026/04/15-06:47:16.742038,2,3,6,2,4,,333281270,LevelMaxLevelSize
baseline_run1,baseline,2026/04/15-06:47:16.784783,2,3,6,1,5,,335029580,LevelMaxLevelSize
baseline_run1,baseline,2026/04/15-06:47:16.793927,2,3,10,1,9,,725590038,LevelMaxLevelSize
baseline_run1,baseline,2026/04/15-06:47:16.795623,2,3,5,1,4,,331193027,LevelMaxLevelSize
baseline_run1,baseline,2026/04/15-06:47:16.795638,2,3,6,1,5,,369644844,LevelMaxLevelSize
baseline_run1,baseline,2026/04/15-06:47:16.910545,2,3,5,1,4,,307357724,LevelMaxLevelSize
baseline_run1,baseline,2026/04/15-06:47:16.910552,2,3,5,1,4,,297905396,LevelMaxLevelSize
baseline_run1,baseline,2026/04/15-06:47:16.918452,2,3,6,1,5,,402437284,LevelMaxLevelSize
baseline_run1,baseline,2026/04/15-06:47:16.918452,2,3,2,1,1,,60206977,LevelMaxLevelSize
baseline_run1,baseline,2026/04/15-06:47:16.918461,2,3,7,1,6,,415223289,LevelMaxLevelSize
baseline_run1,baseline,2026/04/15-06:47:16.918467,2,3,4,1,3,,261065033,LevelMaxLevelSize
baseline_run1,baseline,2026/04/15-06:47:16.956127,0,1,4,4,0,,263118005,LevelL0FilesNum
baseline_run1,baseline,2026/04/15-06:47:16.959409,2,3,5,1,4,,297539791,LevelMaxLevelSize
baseline_run1,baseline,2026/04/15-06:47:16.959416,2,3,6,1,5,,390194719,LevelMaxLevelSize
baseline_run1,baseline,2026/04/15-06:47:16.959421,2,3,2,1,1,,96023746,LevelMaxLevelSize
baseline_run1,baseline,2026/04/15-06:47:16.978521,2,3,5,1,4,,323716971,LevelMaxLevelSize
baseline_run1,baseline,2026/04/15-06:47:16.978526,2,3,6,1,5,,383695363,LevelMaxLevelSize
baseline_run1,baseline,2026/04/15-06:47:16.978642,2,3,6,1,5,,324960890,LevelMaxLevelSize
baseline_run1,baseline,2026/04/15-06:47:17.102676,2,3,3,1,2,,178291907,LevelMaxLevelSize
baseline_run1,baseline,2026/04/15-06:47:17.102875,2,3,4,1,3,,226393671,LevelMaxLevelSize
baseline_run1,baseline,2026/04/15-06:47:17.103082,2,3,2,1,1,,98227681,LevelMaxLevelSize
baseline_run1,baseline,2026/04/15-06:47:17.103085,2,3,5,1,4,,327725599,LevelMaxLevelSize
baseline_run1,baseline,2026/04/15-06:47:17.103087,2,3,3,1,2,,222555006,LevelMaxLevelSize
baseline_run1,baseline,2026/04/15-06:47:17.339797,2,3,2,1,1,,129706585,LevelMaxLevelSize
baseline_run1,baseline,2026/04/15-06:47:17.339970,2,3,3,1,2,,162963753,LevelMaxLevelSize
baseline_run1,baseline,2026/04/15-06:47:17.339988,2,3,2,1,1,,166329460,LevelMaxLevelSize
baseline_run1,baseline,2026/04/15-06:47:17.340187,2,3,3,1,2,,204263673,LevelMaxLevelSize
baseline_run1,baseline,2026/04/15-06:47:17.340277,2,3,4,1,3,,245503699,LevelMaxLevelSize
baseline_run1,baseline,2026/04/15-06:47:17.340283,2,3,4,1,3,,225310094,LevelMaxLevelSize
baseline_run1,baseline,2026/04/15-06:47:17.409786,0,1,4,4,0,,263107839,LevelL0FilesNum
baseline_run1,baseline,2026/04/15-06:47:17.741225,3,4,3,1,2,,161518794,LevelMaxLevelSize
baseline_run1,baseline,2026/04/15-06:47:17.743111,3,4,2,1,1,,114904045,LevelMaxLevelSize
baseline_run1,baseline,2026/04/15-06:47:17.743281,3,4,3,1,2,,158289857,LevelMaxLevelSize
baseline_run1,baseline,2026/04/15-06:47:17.743360,3,4,5,1,4,,232760401,LevelMaxLevelSize
baseline_run1,baseline,2026/04/15-06:47:17.743378,3,4,4,1,3,,234000439,LevelMaxLevelSize
baseline_run1,baseline,2026/04/15-06:47:17.743383,3,4,2,1,1,,97406368,LevelMaxLevelSize
baseline_run1,baseline,2026/04/15-06:47:17.743387,3,4,2,1,1,,111796352,LevelMaxLevelSize
baseline_run1,baseline,2026/04/15-06:47:17.743401,3,4,3,1,2,,169095143,LevelMaxLevelSize
baseline_run1,baseline,2026/04/15-06:47:17.765217,3,4,4,1,3,,251717307,LevelMaxLevelSize
baseline_run1,baseline,2026/04/15-06:47:17.765220,3,4,4,1,3,,225408914,LevelMaxLevelSize
baseline_run1,baseline,2026/04/15-06:47:17.765220,3,4,4,1,3,,221371408,LevelMaxLevelSize
baseline_run1,baseline,2026/04/15-06:47:17.795651,3,4,4,1,3,,210690282,LevelMaxLevelSize
baseline_run1,baseline,2026/04/15-06:47:17.795800,3,4,3,1,2,,119795319,LevelMaxLevelSize
baseline_run1,baseline,2026/04/15-06:47:17.795808,3,4,4,1,3,,228137334,LevelMaxLevelSize
baseline_run1,baseline,2026/04/15-06:47:17.795812,3,4,4,1,3,,212771899,LevelMaxLevelSize
baseline_run1,baseline,2026/04/15-06:47:17.840942,0,1,4,4,0,,263118090,LevelL0FilesNum
baseline_run1,baseline,2026/04/15-06:47:18.142024,3,4,4,1,3,,209811500,LevelMaxLevelSize
baseline_run1,baseline,2026/04/15-06:47:18.142032,3,4,3,1,2,,187710686,LevelMaxLevelSize
baseline_run1,baseline,2026/04/15-06:47:18.142034,3,4,4,1,3,,218182749,LevelMaxLevelSize
baseline_run1,baseline,2026/04/15-06:47:18.142216,3,4,4,1,3,,247080276,LevelMaxLevelSize
baseline_run1,baseline,2026/04/15-06:47:18.142432,3,4,4,1,3,,231545124,LevelMaxLevelSize
baseline_run1,baseline,2026/04/15-06:47:18.142599,3,4,3,1,2,,185689865,LevelMaxLevelSize
baseline_run1,baseline,2026/04/15-06:47:18.142611,3,4,5,1,4,,282688894,LevelMaxLevelSize
baseline_run1,baseline,2026/04/15-06:47:18.142615,3,4,6,1,5,,286731090,LevelMaxLevelSize
baseline_run1,baseline,2026/04/15-06:47:18.142616,3,4,4,1,3,,215757661,LevelMaxLevelSize
baseline_run1,baseline,2026/04/15-06:47:18.142617,3,4,5,1,4,,306281458,LevelMaxLevelSize
baseline_run1,baseline,2026/04/15-06:47:18.142621,3,4,4,1,3,,212737552,LevelMaxLevelSize
baseline_run1,baseline,2026/04/15-06:47:18.269241,0,1,4,4,0,,263124499,LevelL0FilesNum
baseline_run1,baseline,2026/04/15-06:47:18.684805,0,1,4,4,0,,263097508,LevelL0FilesNum
baseline_run1,baseline,2026/04/15-06:47:19.057939,0,1,32,10,22,,5013399822,LevelL0FilesNum
baseline_run1,baseline,2026/04/15-06:47:19.375741,0,1,4,4,0,,263116301,LevelL0FilesNum
baseline_run1,baseline,2026/04/15-06:47:19.772680,0,1,4,4,0,,263095238,LevelL0FilesNum
baseline_run1,baseline,2026/04/15-06:47:20.166447,0,1,4,4,0,,263121158,LevelL0FilesNum
baseline_run1,baseline,2026/04/15-06:47:22.308525,0,1,4,4,0,,854749237,LevelL0FilesNum
baseline_run1,baseline,2026/04/15-06:47:26.549370,1,2,2,1,1,,138920193,LevelMaxLevelSize
baseline_run1,baseline,2026/04/15-06:47:26.549621,1,2,2,1,1,,86767582,LevelMaxLevelSize
baseline_run1,baseline,2026/04/15-06:47:26.549622,1,2,2,1,1,,133207236,LevelMaxLevelSize
baseline_run1,baseline,2026/04/15-06:47:26.549735,1,2,2,1,1,,195897367,LevelMaxLevelSize
baseline_run1,baseline,2026/04/15-06:47:26.549971,1,2,2,1,1,,184837455,LevelMaxLevelSize
baseline_run1,baseline,2026/04/15-06:47:26.549972,1,2,2,1,1,,202375765,LevelMaxLevelSize
baseline_run1,baseline,2026/04/15-06:47:26.550050,1,2,2,1,1,,97854681,LevelMaxLevelSize
baseline_run1,baseline,2026/04/15-06:47:26.550149,1,2,2,1,1,,208438900,LevelMaxLevelSize
baseline_run1,baseline,2026/04/15-06:47:26.550372,1,2,2,1,1,,153914640,LevelMaxLevelSize
baseline_run1,baseline,2026/04/15-06:47:26.550373,1,2,2,1,1,,216857755,LevelMaxLevelSize
baseline_run1,baseline,2026/04/15-06:47:26.550442,1,2,2,1,1,,167388525,LevelMaxLevelSize
baseline_run1,baseline,2026/04/15-06:47:26.550633,1,2,2,1,1,,153108443,LevelMaxLevelSize
baseline_run1,baseline,2026/04/15-06:47:26.552578,1,2,4,1,3,,205632415,LevelMaxLevelSize
baseline_run1,baseline,2026/04/15-06:47:26.552797,1,2,2,1,1,,159379170,LevelMaxLevelSize
baseline_run1,baseline,2026/04/15-06:47:26.552797,1,2,2,1,1,,148949501,LevelMaxLevelSize
baseline_run1,baseline,2026/04/15-06:47:26.553336,1,2,2,1,1,,94210609,LevelMaxLevelSize
baseline_run1,baseline,2026/04/15-06:47:26.553337,1,2,2,1,1,,112948364,LevelMaxLevelSize
baseline_run1,baseline,2026/04/15-06:47:26.553343,1,2,2,1,1,,96097845,LevelMaxLevelSize
baseline_run1,baseline,2026/04/15-06:47:26.553352,1,2,2,1,1,,134041794,LevelMaxLevelSize
baseline_run1,baseline,2026/04/15-06:47:26.553499,1,2,2,1,1,,144122437,LevelMaxLevelSize
baseline_run1,baseline,2026/04/15-06:47:26.553877,1,2,2,1,1,,89370872,LevelMaxLevelSize
baseline_run1,baseline,2026/04/15-06:47:26.553882,1,2,2,1,1,,143434459,LevelMaxLevelSize
baseline_run1,baseline,2026/04/15-06:47:26.553922,1,2,2,1,1,,225610904,LevelMaxLevelSize
baseline_run1,baseline,2026/04/15-06:47:26.553928,1,2,3,2,1,,295858578,LevelMaxLevelSize
baseline_run1,baseline,2026/04/15-06:47:26.553988,1,2,2,1,1,,129679086,LevelMaxLevelSize
baseline_run1,baseline,2026/04/15-06:47:26.554073,1,2,3,1,2,,177252243,LevelMaxLevelSize
baseline_run1,baseline,2026/04/15-06:47:26.556506,1,2,3,2,1,,321874460,LevelMaxLevelSize
baseline_run1,baseline,2026/04/15-06:47:26.556784,1,2,3,2,1,,380375255,LevelMaxLevelSize
baseline_run1,baseline,2026/04/15-06:47:26.556787,1,2,2,1,1,,128997813,LevelMaxLevelSize
baseline_run1,baseline,2026/04/15-06:47:26.556926,1,2,3,1,2,,116169332,LevelMaxLevelSize
baseline_run1,baseline,2026/04/15-06:47:26.851422,2,3,3,1,2,,142258470,LevelMaxLevelSize
baseline_run1,baseline,2026/04/15-06:47:26.857889,2,3,3,1,2,,185367931,LevelMaxLevelSize
baseline_run1,baseline,2026/04/15-06:47:26.857989,2,3,3,1,2,,174685601,LevelMaxLevelSize
baseline_run1,baseline,2026/04/15-06:47:26.858002,2,3,2,1,1,,101502083,LevelMaxLevelSize
baseline_run1,baseline,2026/04/15-06:47:26.860213,2,3,4,1,3,,143661199,LevelMaxLevelSize
baseline_run1,baseline,2026/04/15-06:47:26.860235,2,3,4,1,3,,239558475,LevelMaxLevelSize
baseline_run1,baseline,2026/04/15-06:47:26.862847,2,3,6,1,5,,411598783,LevelMaxLevelSize
baseline_run1,baseline,2026/04/15-06:47:26.862847,2,3,5,1,4,,292923356,LevelMaxLevelSize
baseline_run1,baseline,2026/04/15-06:47:26.875034,2,3,2,1,1,,82651449,LevelMaxLevelSize
baseline_run1,baseline,2026/04/15-06:47:26.875133,2,3,3,1,2,,181369917,LevelMaxLevelSize
baseline_run1,baseline,2026/04/15-06:47:26.875159,2,3,4,1,3,,268255531,LevelMaxLevelSize
baseline_run1,baseline,2026/04/15-06:47:26.879436,2,3,3,1,2,,184226059,LevelMaxLevelSize
baseline_run1,baseline,2026/04/15-06:47:26.879445,2,3,3,1,2,,200449249,LevelMaxLevelSize
baseline_run1,baseline,2026/04/15-06:47:26.882791,2,3,4,1,3,,170022731,LevelMaxLevelSize
baseline_run1,baseline,2026/04/15-06:47:26.882794,2,3,3,1,2,,143051536,LevelMaxLevelSize
baseline_run1,baseline,2026/04/15-06:47:26.882924,2,3,7,2,5,,354313899,LevelMaxLevelSize
baseline_run1,baseline,2026/04/15-06:47:26.901271,2,3,3,1,2,,182193141,LevelMaxLevelSize
baseline_run1,baseline,2026/04/15-06:47:26.901272,2,3,2,1,1,,82630334,LevelMaxLevelSize
baseline_run1,baseline,2026/04/15-06:47:26.901498,2,3,4,1,3,,274413214,LevelMaxLevelSize
baseline_run1,baseline,2026/04/15-06:47:26.901521,2,3,4,1,3,,264962863,LevelMaxLevelSize
baseline_run1,baseline,2026/04/15-06:47:26.903660,2,3,4,1,3,,259561348,LevelMaxLevelSize
baseline_run1,baseline,2026/04/15-06:47:26.903662,2,3,5,1,4,,314393559,LevelMaxLevelSize
baseline_run1,baseline,2026/04/15-06:47:26.907268,2,3,4,1,3,,274600410,LevelMaxLevelSize
baseline_run1,baseline,2026/04/15-06:47:26.907379,2,3,3,1,2,,205706961,LevelMaxLevelSize
baseline_run1,baseline,2026/04/15-06:47:26.930918,2,3,4,1,3,,221999890,LevelMaxLevelSize
baseline_run1,baseline,2026/04/15-06:47:26.961199,2,3,2,1,1,,101878831,LevelMaxLevelSize
baseline_run1,baseline,2026/04/15-06:47:26.965367,2,3,3,1,2,,177834787,LevelMaxLevelSize
baseline_run1,baseline,2026/04/15-06:47:27.003881,2,3,4,1,3,,260401695,LevelMaxLevelSize
baseline_run1,baseline,2026/04/15-06:47:27.007950,2,3,3,1,2,,119555691,LevelMaxLevelSize
baseline_run1,baseline,2026/04/15-06:47:27.028220,2,3,2,1,1,,113396923,LevelMaxLevelSize
baseline_run1,baseline,2026/04/15-06:47:27.033811,2,3,3,1,2,,192605595,LevelMaxLevelSize
baseline_run1,baseline,2026/04/15-06:47:27.051099,2,3,2,1,1,,110554825,LevelMaxLevelSize
baseline_run1,baseline,2026/04/15-06:47:27.062375,2,3,2,1,1,,104048468,LevelMaxLevelSize
baseline_run1,baseline,2026/04/15-06:47:27.078151,2,3,2,1,1,,60829717,LevelMaxLevelSize
baseline_run1,baseline,2026/04/15-06:47:27.102206,2,3,3,1,2,,176033147,LevelMaxLevelSize
baseline_run1,baseline,2026/04/15-06:47:27.107372,2,3,5,1,4,,344408344,LevelMaxLevelSize
baseline_run1,baseline,2026/04/15-06:47:27.202234,2,3,3,1,2,,184668988,LevelMaxLevelSize
baseline_run1,baseline,2026/04/15-06:47:27.208793,2,3,5,1,4,,358051285,LevelMaxLevelSize
baseline_run1,baseline,2026/04/15-06:47:27.216513,2,3,5,1,4,,282613297,LevelMaxLevelSize
baseline_run1,baseline,2026/04/15-06:47:27.233895,2,3,4,1,3,,279678577,LevelMaxLevelSize
baseline_run1,baseline,2026/04/15-06:47:27.244094,2,3,5,1,4,,318212755,LevelMaxLevelSize
baseline_run1,baseline,2026/04/15-06:47:27.250145,0,1,5,5,0,,328904383,LevelL0FilesNum
baseline_run1,baseline,2026/04/15-06:47:27.295313,2,3,2,1,1,,113989134,LevelMaxLevelSize
baseline_run1,baseline,2026/04/15-06:47:27.299479,2,3,3,1,2,,208103335,LevelMaxLevelSize
baseline_run1,baseline,2026/04/15-06:47:27.302309,2,3,3,1,2,,175258632,LevelMaxLevelSize
baseline_run1,baseline,2026/04/15-06:47:27.304271,2,3,5,1,4,,293557809,LevelMaxLevelSize
baseline_run1,baseline,2026/04/15-06:47:27.311899,2,3,3,1,2,,175374409,LevelMaxLevelSize
baseline_run1,baseline,2026/04/15-06:47:27.317145,2,3,3,1,2,,151883223,LevelMaxLevelSize
baseline_run1,baseline,2026/04/15-06:47:27.318853,2,3,3,1,2,,159705058,LevelMaxLevelSize
baseline_run1,baseline,2026/04/15-06:47:27.324546,2,3,4,1,3,,259896990,LevelMaxLevelSize
baseline_run1,baseline,2026/04/15-06:47:27.326371,2,3,6,1,5,,375196254,LevelMaxLevelSize
baseline_run1,baseline,2026/04/15-06:47:27.329275,2,3,4,1,3,,264447007,LevelMaxLevelSize
baseline_run1,baseline,2026/04/15-06:47:27.350428,2,3,4,1,3,,266384221,LevelMaxLevelSize
baseline_run1,baseline,2026/04/15-06:47:27.379343,2,3,5,1,4,,273165083,LevelMaxLevelSize
baseline_run1,baseline,2026/04/15-06:47:27.401444,2,3,4,1,3,,243359575,LevelMaxLevelSize
baseline_run1,baseline,2026/04/15-06:47:27.412387,2,3,6,1,5,,382532519,LevelMaxLevelSize
baseline_run1,baseline,2026/04/15-06:47:27.449799,2,3,4,1,3,,269627701,LevelMaxLevelSize
baseline_run1,baseline,2026/04/15-06:47:27.471333,2,3,2,1,1,,102765883,LevelMaxLevelSize
baseline_run1,baseline,2026/04/15-06:47:27.472648,2,3,3,1,2,,166181010,LevelMaxLevelSize
baseline_run1,baseline,2026/04/15-06:47:27.516122,2,3,3,1,2,,158206035,LevelMaxLevelSize
baseline_run1,baseline,2026/04/15-06:47:27.523578,2,3,4,1,3,,274740342,LevelMaxLevelSize
baseline_run1,baseline,2026/04/15-06:47:27.541951,2,3,2,1,1,,143436651,LevelMaxLevelSize
baseline_run1,baseline,2026/04/15-06:47:27.544267,2,3,5,1,4,,334147215,LevelMaxLevelSize
baseline_run1,baseline,2026/04/15-06:47:27.546047,2,3,2,1,1,,116757576,LevelMaxLevelSize
baseline_run1,baseline,2026/04/15-06:47:27.569905,2,3,2,1,1,,20166366,LevelMaxLevelSize
baseline_run1,baseline,2026/04/15-06:47:27.584112,2,3,5,1,4,,371879863,LevelMaxLevelSize
baseline_run1,baseline,2026/04/15-06:47:27.585960,2,3,3,1,2,,149563788,LevelMaxLevelSize
baseline_run1,baseline,2026/04/15-06:47:27.589548,2,3,6,1,5,,378848070,LevelMaxLevelSize
baseline_run1,baseline,2026/04/15-06:47:27.622094,2,3,7,1,6,,407997052,LevelMaxLevelSize
baseline_run1,baseline,2026/04/15-06:47:27.636481,2,3,5,1,4,,320394023,LevelMaxLevelSize
baseline_run1,baseline,2026/04/15-06:47:27.662533,2,3,5,1,4,,339894851,LevelMaxLevelSize
baseline_run1,baseline,2026/04/15-06:47:27.664722,2,3,6,1,5,,384207517,LevelMaxLevelSize
baseline_run1,baseline,2026/04/15-06:47:27.697736,2,3,2,1,1,,101998152,LevelMaxLevelSize
baseline_run1,baseline,2026/04/15-06:47:27.707804,2,3,6,1,5,,369028272,LevelMaxLevelSize
baseline_run1,baseline,2026/04/15-06:47:27.744711,0,1,4,4,0,,263111232,LevelL0FilesNum
baseline_run1,baseline,2026/04/15-06:47:28.112289,3,4,2,1,1,,68367837,LevelMaxLevelSize
baseline_run1,baseline,2026/04/15-06:47:28.112289,3,4,2,1,1,,93066639,LevelMaxLevelSize
baseline_run1,baseline,2026/04/15-06:47:28.112512,3,4,3,1,2,,204731452,LevelMaxLevelSize
baseline_run1,baseline,2026/04/15-06:47:28.112518,3,4,3,1,2,,181659426,LevelMaxLevelSize
baseline_run1,baseline,2026/04/15-06:47:28.147851,3,4,4,1,3,,240416272,LevelMaxLevelSize
baseline_run1,baseline,2026/04/15-06:47:28.148269,3,4,2,1,1,,98352849,LevelMaxLevelSize
baseline_run1,baseline,2026/04/15-06:47:28.148280,3,4,3,1,2,,136128137,LevelMaxLevelSize
baseline_run1,baseline,2026/04/15-06:47:28.148281,3,4,4,1,3,,213677700,LevelMaxLevelSize
baseline_run1,baseline,2026/04/15-06:47:28.148282,3,4,3,1,2,,196400878,LevelMaxLevelSize
baseline_run1,baseline,2026/04/15-06:47:28.148288,3,4,3,1,2,,196984610,LevelMaxLevelSize
baseline_run1,baseline,2026/04/15-06:47:28.148292,3,4,3,1,2,,168196252,LevelMaxLevelSize
baseline_run1,baseline,2026/04/15-06:47:28.197732,0,1,4,4,0,,263121253,LevelL0FilesNum
baseline_run1,baseline,2026/04/15-06:47:28.235540,3,4,2,1,1,,97174631,LevelMaxLevelSize
baseline_run1,baseline,2026/04/15-06:47:28.235653,3,4,3,1,2,,179632613,LevelMaxLevelSize
baseline_run1,baseline,2026/04/15-06:47:28.235742,3,4,4,1,3,,217351763,LevelMaxLevelSize
baseline_run1,baseline,2026/04/15-06:47:28.235828,3,4,3,1,2,,148965711,LevelMaxLevelSize
baseline_run1,baseline,2026/04/15-06:47:28.236002,3,4,4,1,3,,203961105,LevelMaxLevelSize
baseline_run1,baseline,2026/04/15-06:47:28.236009,3,4,4,1,3,,146558093,LevelMaxLevelSize
baseline_run1,baseline,2026/04/15-06:47:28.236010,3,4,4,1,3,,217359771,LevelMaxLevelSize
baseline_run1,baseline,2026/04/15-06:47:28.252864,3,4,4,1,3,,201740884,LevelMaxLevelSize
baseline_run1,baseline,2026/04/15-06:47:28.252866,3,4,4,1,3,,224534039,LevelMaxLevelSize
baseline_run1,baseline,2026/04/15-06:47:28.252874,3,4,4,1,3,,224680583,LevelMaxLevelSize
baseline_run1,baseline,2026/04/15-06:47:28.253108,3,4,4,1,3,,207270206,LevelMaxLevelSize
baseline_run1,baseline,2026/04/15-06:47:28.253135,3,4,4,1,3,,228413740,LevelMaxLevelSize
baseline_run1,baseline,2026/04/15-06:47:28.303072,3,4,2,1,1,,108276284,LevelMaxLevelSize
baseline_run1,baseline,2026/04/15-06:47:28.303250,3,4,4,1,3,,227344459,LevelMaxLevelSize
baseline_run1,baseline,2026/04/15-06:47:28.303342,3,4,5,1,4,,256820342,LevelMaxLevelSize
baseline_run1,baseline,2026/04/15-06:47:28.303542,3,4,4,1,3,,246869151,LevelMaxLevelSize
baseline_run1,baseline,2026/04/15-06:47:28.303543,3,4,4,1,3,,243272237,LevelMaxLevelSize
baseline_run1,baseline,2026/04/15-06:47:28.303543,3,4,3,1,2,,187557028,LevelMaxLevelSize
baseline_run1,baseline,2026/04/15-06:47:28.371510,3,4,3,1,2,,186590712,LevelMaxLevelSize
baseline_run1,baseline,2026/04/15-06:47:28.372192,3,4,4,1,3,,225701707,LevelMaxLevelSize
baseline_run1,baseline,2026/04/15-06:47:28.372199,3,4,5,1,4,,256748902,LevelMaxLevelSize
baseline_run1,baseline,2026/04/15-06:47:28.372208,3,4,2,1,1,,51560108,LevelMaxLevelSize
baseline_run1,baseline,2026/04/15-06:47:28.374658,3,4,2,1,1,,93018805,LevelMaxLevelSize
baseline_run1,baseline,2026/04/15-06:47:28.396559,3,4,3,1,2,,185936085,LevelMaxLevelSize
baseline_run1,baseline,2026/04/15-06:47:28.442169,3,4,4,1,3,,242294722,LevelMaxLevelSize
baseline_run1,baseline,2026/04/15-06:47:28.461504,3,4,4,1,3,,220773889,LevelMaxLevelSize
baseline_run1,baseline,2026/04/15-06:47:28.477439,3,4,4,1,3,,234781633,LevelMaxLevelSize
baseline_run1,baseline,2026/04/15-06:47:28.480394,3,4,3,1,2,,96002408,LevelMaxLevelSize
baseline_run1,baseline,2026/04/15-06:47:28.485138,3,4,6,1,5,,317748359,LevelMaxLevelSize
baseline_run1,baseline,2026/04/15-06:47:28.492700,3,4,6,1,5,,310011341,LevelMaxLevelSize
baseline_run1,baseline,2026/04/15-06:47:28.494737,3,4,3,1,2,,184127219,LevelMaxLevelSize
baseline_run1,baseline,2026/04/15-06:47:28.525441,3,4,5,1,4,,290353602,LevelMaxLevelSize
baseline_run1,baseline,2026/04/15-06:47:28.547447,3,4,4,1,3,,203213055,LevelMaxLevelSize
baseline_run1,baseline,2026/04/15-06:47:28.553418,3,4,3,1,2,,184059722,LevelMaxLevelSize
baseline_run1,baseline,2026/04/15-06:47:28.579321,3,4,5,1,4,,281940005,LevelMaxLevelSize
baseline_run1,baseline,2026/04/15-06:47:28.585592,3,4,4,1,3,,209476145,LevelMaxLevelSize
baseline_run1,baseline,2026/04/15-06:47:28.587355,3,4,7,1,6,,318159428,LevelMaxLevelSize
baseline_run1,baseline,2026/04/15-06:47:28.592515,3,4,6,1,5,,333774478,LevelMaxLevelSize
baseline_run1,baseline,2026/04/15-06:47:28.605092,3,4,5,1,4,,281715534,LevelMaxLevelSize
baseline_run1,baseline,2026/04/15-06:47:28.630245,3,4,3,1,2,,183390634,LevelMaxLevelSize
baseline_run1,baseline,2026/04/15-06:47:28.652858,3,4,5,1,4,,291092433,LevelMaxLevelSize
baseline_run1,baseline,2026/04/15-06:47:28.667513,3,4,3,1,2,,182257071,LevelMaxLevelSize
baseline_run1,baseline,2026/04/15-06:47:28.705961,0,1,4,4,0,,263099548,LevelL0FilesNum
baseline_run1,baseline,2026/04/15-06:47:28.716431,3,4,6,1,5,,304977061,LevelMaxLevelSize
baseline_run1,baseline,2026/04/15-06:47:28.734510,3,4,3,1,2,,134185056,LevelMaxLevelSize
baseline_run1,baseline,2026/04/15-06:47:28.746028,3,4,4,1,3,,203135274,LevelMaxLevelSize
baseline_run1,baseline,2026/04/15-06:47:28.748025,3,4,6,1,5,,321177917,LevelMaxLevelSize
baseline_run1,baseline,2026/04/15-06:47:28.755820,3,4,3,1,2,,182396283,LevelMaxLevelSize
baseline_run1,baseline,2026/04/15-06:47:28.761361,3,4,4,1,3,,245629830,LevelMaxLevelSize
baseline_run1,baseline,2026/04/15-06:47:28.787977,3,4,5,1,4,,288316123,LevelMaxLevelSize
baseline_run1,baseline,2026/04/15-06:47:28.791557,3,4,4,1,3,,243520484,LevelMaxLevelSize
baseline_run1,baseline,2026/04/15-06:47:28.795584,3,4,5,1,4,,276406327,LevelMaxLevelSize
baseline_run1,baseline,2026/04/15-06:47:28.815402,3,4,7,1,6,,352324377,LevelMaxLevelSize
baseline_run1,baseline,2026/04/15-06:47:28.822882,3,4,5,1,4,,303983020,LevelMaxLevelSize
baseline_run1,baseline,2026/04/15-06:47:29.155974,0,1,4,4,0,,263103746,LevelL0FilesNum
baseline_run1,baseline,2026/04/15-06:47:29.578247,0,1,21,9,12,,3275541359,LevelL0FilesNum
baseline_run1,baseline,2026/04/15-06:47:29.897325,0,1,4,4,0,,263125206,LevelL0FilesNum
baseline_run1,baseline,2026/04/15-06:47:30.314472,0,1,4,4,0,,263123463,LevelL0FilesNum
baseline_run1,baseline,2026/04/15-06:47:30.718784,0,1,4,4,0,,263112377,LevelL0FilesNum
baseline_run1,baseline,2026/04/15-06:47:31.120223,0,1,4,4,0,,263119313,LevelL0FilesNum
baseline_run1,baseline,2026/04/15-06:47:31.522307,0,1,4,4,0,,263084102,LevelL0FilesNum
baseline_run1,baseline,2026/04/15-06:47:32.011435,0,1,4,4,0,,263108788,LevelL0FilesNum
baseline_run1,baseline,2026/04/15-06:47:32.593580,0,1,4,4,0,,263121433,LevelL0FilesNum
baseline_run1,baseline,2026/04/15-06:47:32.969914,0,1,7,7,0,,1643803513,LevelL0FilesNum
baseline_run1,baseline,2026/04/15-06:47:34.565321,1,2,3,2,1,,262822292,LevelMaxLevelSize
baseline_run1,baseline,2026/04/15-06:47:34.565321,1,2,2,1,1,,162905840,LevelMaxLevelSize
baseline_run1,baseline,2026/04/15-06:47:34.565328,1,2,3,1,2,,119045577,LevelMaxLevelSize
baseline_run1,baseline,2026/04/15-06:47:34.565331,1,2,2,1,1,,161854458,LevelMaxLevelSize
baseline_run1,baseline,2026/04/15-06:47:34.565336,1,2,2,1,1,,138638934,LevelMaxLevelSize
baseline_run1,baseline,2026/04/15-06:47:34.565347,1,2,2,1,1,,176284579,LevelMaxLevelSize
baseline_run1,baseline,2026/04/15-06:47:34.565741,1,2,3,2,1,,310328751,LevelMaxLevelSize
baseline_run1,baseline,2026/04/15-06:47:34.565746,1,2,2,1,1,,139070143,LevelMaxLevelSize
baseline_run1,baseline,2026/04/15-06:47:34.565748,1,2,3,1,2,,191546787,LevelMaxLevelSize
baseline_run1,baseline,2026/04/15-06:47:34.565756,1,2,2,1,1,,156646454,LevelMaxLevelSize
baseline_run1,baseline,2026/04/15-06:47:34.566567,1,2,2,1,1,,109318521,LevelMaxLevelSize
baseline_run1,baseline,2026/04/15-06:47:34.566657,1,2,3,2,1,,316527930,LevelMaxLevelSize
baseline_run1,baseline,2026/04/15-06:47:34.566661,1,2,3,1,2,,154920416,LevelMaxLevelSize
baseline_run1,baseline,2026/04/15-06:47:34.566665,1,2,2,1,1,,120643901,LevelMaxLevelSize
baseline_run1,baseline,2026/04/15-06:47:34.566670,1,2,2,1,1,,128313825,LevelMaxLevelSize
baseline_run1,baseline,2026/04/15-06:47:34.566680,1,2,2,1,1,,100244785,LevelMaxLevelSize
baseline_run1,baseline,2026/04/15-06:47:34.566689,1,2,2,1,1,,118825529,LevelMaxLevelSize
baseline_run1,baseline,2026/04/15-06:47:34.566691,1,2,2,1,1,,152568873,LevelMaxLevelSize
baseline_run1,baseline,2026/04/15-06:47:34.566697,1,2,3,1,2,,170834706,LevelMaxLevelSize
baseline_run1,baseline,2026/04/15-06:47:34.566713,1,2,2,1,1,,135637905,LevelMaxLevelSize
baseline_run1,baseline,2026/04/15-06:47:34.566831,1,2,4,1,3,,237772155,LevelMaxLevelSize
baseline_run1,baseline,2026/04/15-06:47:34.663251,0,1,4,4,0,,263130782,LevelL0FilesNum
baseline_run1,baseline,2026/04/15-06:47:34.663256,1,2,2,1,1,,202533957,LevelMaxLevelSize
baseline_run1,baseline,2026/04/15-06:47:34.663577,1,2,2,1,1,,168914106,LevelMaxLevelSize
baseline_run1,baseline,2026/04/15-06:47:34.663577,1,2,3,1,2,,184868194,LevelMaxLevelSize
baseline_run1,baseline,2026/04/15-06:47:34.663590,1,2,4,1,3,,229131033,LevelMaxLevelSize
baseline_run1,baseline,2026/04/15-06:47:34.857177,2,3,3,1,2,,237966465,LevelMaxLevelSize
baseline_run1,baseline,2026/04/15-06:47:34.859755,2,3,3,1,2,,173170000,LevelMaxLevelSize
baseline_run1,baseline,2026/04/15-06:47:34.859858,2,3,5,1,4,,282265941,LevelMaxLevelSize
baseline_run1,baseline,2026/04/15-06:47:34.866769,2,3,2,1,1,,97425388,LevelMaxLevelSize
baseline_run1,baseline,2026/04/15-06:47:34.866925,2,3,4,1,3,,249979783,LevelMaxLevelSize
baseline_run1,baseline,2026/04/15-06:47:34.866931,2,3,4,1,3,,264122540,LevelMaxLevelSize
baseline_run1,baseline,2026/04/15-06:47:34.874511,2,3,2,1,1,,111074227,LevelMaxLevelSize
baseline_run1,baseline,2026/04/15-06:47:34.874687,2,3,5,1,4,,290410544,LevelMaxLevelSize
baseline_run1,baseline,2026/04/15-06:47:34.874724,2,3,2,1,1,,73054475,LevelMaxLevelSize
baseline_run1,baseline,2026/04/15-06:47:34.874737,2,3,6,1,5,,250071786,LevelMaxLevelSize
baseline_run1,baseline,2026/04/15-06:47:34.885806,2,3,3,1,2,,183724268,LevelMaxLevelSize
baseline_run1,baseline,2026/04/15-06:47:34.885988,2,3,4,1,3,,152170529,LevelMaxLevelSize
baseline_run1,baseline,2026/04/15-06:47:34.885989,2,3,3,1,2,,189682803,LevelMaxLevelSize
baseline_run1,baseline,2026/04/15-06:47:34.900631,2,3,1,1,0,,105131183,LevelMaxLevelSize
baseline_run1,baseline,2026/04/15-06:47:34.900631,2,3,3,1,2,,173940257,LevelMaxLevelSize
baseline_run1,baseline,2026/04/15-06:47:34.900631,2,3,5,1,4,,268082592,LevelMaxLevelSize
baseline_run1,baseline,2026/04/15-06:47:34.933657,2,3,3,1,2,,193298874,LevelMaxLevelSize
baseline_run1,baseline,2026/04/15-06:47:34.934038,2,3,3,1,2,,175617931,LevelMaxLevelSize
baseline_run1,baseline,2026/04/15-06:47:34.934040,2,3,3,1,2,,170701915,LevelMaxLevelSize
baseline_run1,baseline,2026/04/15-06:47:34.934047,2,3,2,1,1,,108747365,LevelMaxLevelSize
baseline_run1,baseline,2026/04/15-06:47:34.996682,2,3,3,1,2,,203048342,LevelMaxLevelSize
baseline_run1,baseline,2026/04/15-06:47:34.996683,2,3,6,1,5,,380578441,LevelMaxLevelSize
baseline_run1,baseline,2026/04/15-06:47:34.996703,2,3,5,1,4,,224463925,LevelMaxLevelSize
baseline_run1,baseline,2026/04/15-06:47:35.028733,2,3,4,1,3,,270307629,LevelMaxLevelSize
baseline_run1,baseline,2026/04/15-06:47:35.028733,2,3,5,1,4,,275176697,LevelMaxLevelSize
baseline_run1,baseline,2026/04/15-06:47:35.028850,2,3,6,1,5,,333565315,LevelMaxLevelSize
baseline_run1,baseline,2026/04/15-06:47:35.043862,2,3,4,1,3,,228661536,LevelMaxLevelSize
baseline_run1,baseline,2026/04/15-06:47:35.044169,2,3,5,1,4,,308337663,LevelMaxLevelSize
baseline_run1,baseline,2026/04/15-06:47:35.044172,2,3,4,1,3,,254049681,LevelMaxLevelSize
baseline_run1,baseline,2026/04/15-06:47:35.060301,0,1,4,4,0,,263095195,LevelL0FilesNum
baseline_run1,baseline,2026/04/15-06:47:35.077123,2,3,2,1,1,,119613217,LevelMaxLevelSize
baseline_run1,baseline,2026/04/15-06:47:35.077216,2,3,5,1,4,,346718262,LevelMaxLevelSize
baseline_run1,baseline,2026/04/15-06:47:35.079641,2,3,3,1,2,,186060096,LevelMaxLevelSize
baseline_run1,baseline,2026/04/15-06:47:35.115934,2,3,3,1,2,,169036421,LevelMaxLevelSize
baseline_run1,baseline,2026/04/15-06:47:35.120652,2,3,3,1,2,,184021446,LevelMaxLevelSize
baseline_run1,baseline,2026/04/15-06:47:35.123287,2,3,2,1,1,,93066818,LevelMaxLevelSize
baseline_run1,baseline,2026/04/15-06:47:35.188859,2,3,6,1,5,,269488085,LevelMaxLevelSize
baseline_run1,baseline,2026/04/15-06:47:35.191702,2,3,2,1,1,,131972523,LevelMaxLevelSize
baseline_run1,baseline,2026/04/15-06:47:35.194073,2,3,3,1,2,,134238659,LevelMaxLevelSize
baseline_run1,baseline,2026/04/15-06:47:35.211989,2,3,2,1,1,,98253862,LevelMaxLevelSize
baseline_run1,baseline,2026/04/15-06:47:35.241016,2,3,2,1,1,,159057607,LevelMaxLevelSize
baseline_run1,baseline,2026/04/15-06:47:35.251947,2,3,3,1,2,,166657677,LevelMaxLevelSize
baseline_run1,baseline,2026/04/15-06:47:35.305964,2,3,3,1,2,,165654896,LevelMaxLevelSize
baseline_run1,baseline,2026/04/15-06:47:35.317669,2,3,4,1,3,,223775002,LevelMaxLevelSize
baseline_run1,baseline,2026/04/15-06:47:35.326686,2,3,4,1,3,,236670725,LevelMaxLevelSize
baseline_run1,baseline,2026/04/15-06:47:35.347509,2,3,3,1,2,,171075058,LevelMaxLevelSize
baseline_run1,baseline,2026/04/15-06:47:35.349860,2,3,5,1,4,,279378044,LevelMaxLevelSize
baseline_run1,baseline,2026/04/15-06:47:35.351702,2,3,4,1,3,,278256886,LevelMaxLevelSize
baseline_run1,baseline,2026/04/15-06:47:35.379276,2,3,6,1,5,,359687749,LevelMaxLevelSize
baseline_run1,baseline,2026/04/15-06:47:35.394254,2,3,5,1,4,,321025464,LevelMaxLevelSize
baseline_run1,baseline,2026/04/15-06:47:35.407322,2,3,4,1,3,,203813330,LevelMaxLevelSize
baseline_run1,baseline,2026/04/15-06:47:35.454209,2,3,5,1,4,,303167684,LevelMaxLevelSize
baseline_run1,baseline,2026/04/15-06:47:35.455905,2,3,5,1,4,,340668034,LevelMaxLevelSize
baseline_run1,baseline,2026/04/15-06:47:35.480343,0,1,4,4,0,,263119123,LevelL0FilesNum
baseline_run1,baseline,2026/04/15-06:47:35.816131,3,4,2,1,1,,67521481,LevelMaxLevelSize
baseline_run1,baseline,2026/04/15-06:47:35.816275,3,4,3,1,2,,147234987,LevelMaxLevelSize
baseline_run1,baseline,2026/04/15-06:47:35.816277,3,4,3,1,2,,144752778,LevelMaxLevelSize
baseline_run1,baseline,2026/04/15-06:47:35.816302,3,4,4,1,3,,231121194,LevelMaxLevelSize
baseline_run1,baseline,2026/04/15-06:47:35.834382,3,4,2,1,1,,32658842,LevelMaxLevelSize
baseline_run1,baseline,2026/04/15-06:47:35.834480,3,4,4,1,3,,246113964,LevelMaxLevelSize
baseline_run1,baseline,2026/04/15-06:47:35.834562,3,4,4,1,3,,206256394,LevelMaxLevelSize
baseline_run1,baseline,2026/04/15-06:47:35.834830,3,4,2,1,1,,96000673,LevelMaxLevelSize
baseline_run1,baseline,2026/04/15-06:47:35.834832,3,4,4,1,3,,247479929,LevelMaxLevelSize
baseline_run1,baseline,2026/04/15-06:47:35.834839,3,4,4,1,3,,217532275,LevelMaxLevelSize
baseline_run1,baseline,2026/04/15-06:47:35.834840,3,4,3,1,2,,122687645,LevelMaxLevelSize
baseline_run1,baseline,2026/04/15-06:47:35.841274,3,4,4,1,3,,243198600,LevelMaxLevelSize
baseline_run1,baseline,2026/04/15-06:47:35.841277,3,4,4,1,3,,205513173,LevelMaxLevelSize
baseline_run1,baseline,2026/04/15-06:47:35.841811,3,4,4,1,3,,226262982,LevelMaxLevelSize
baseline_run1,baseline,2026/04/15-06:47:35.841807,3,4,4,1,3,,194650254,LevelMaxLevelSize
baseline_run1,baseline,2026/04/15-06:47:35.841815,3,4,4,1,3,,194965609,LevelMaxLevelSize
baseline_run1,baseline,2026/04/15-06:47:35.841827,3,4,3,1,2,,191864620,LevelMaxLevelSize
baseline_run1,baseline,2026/04/15-06:47:35.892085,0,1,4,4,0,,263134766,LevelL0FilesNum
baseline_run1,baseline,2026/04/15-06:47:35.910552,3,4,4,1,3,,212950495,LevelMaxLevelSize
baseline_run1,baseline,2026/04/15-06:47:35.910558,3,4,4,1,3,,254104657,LevelMaxLevelSize
baseline_run1,baseline,2026/04/15-06:47:35.910776,3,4,5,1,4,,267285845,LevelMaxLevelSize
baseline_run1,baseline,2026/04/15-06:47:35.910779,3,4,4,1,3,,194020119,LevelMaxLevelSize
baseline_run1,baseline,2026/04/15-06:47:35.925063,3,4,3,1,2,,167848519,LevelMaxLevelSize
baseline_run1,baseline,2026/04/15-06:47:35.925195,3,4,4,1,3,,224887324,LevelMaxLevelSize
baseline_run1,baseline,2026/04/15-06:47:35.925418,3,4,4,1,3,,230764907,LevelMaxLevelSize
baseline_run1,baseline,2026/04/15-06:47:35.925418,3,4,3,1,2,,117847134,LevelMaxLevelSize
baseline_run1,baseline,2026/04/15-06:47:35.925419,3,4,3,1,2,,152846522,LevelMaxLevelSize
baseline_run1,baseline,2026/04/15-06:47:36.053522,3,4,4,1,3,,224799161,LevelMaxLevelSize
baseline_run1,baseline,2026/04/15-06:47:36.053600,3,4,2,1,1,,92851548,LevelMaxLevelSize
baseline_run1,baseline,2026/04/15-06:47:36.053600,3,4,4,1,3,,250134686,LevelMaxLevelSize
baseline_run1,baseline,2026/04/15-06:47:36.053943,3,4,4,1,3,,228535417,LevelMaxLevelSize
baseline_run1,baseline,2026/04/15-06:47:36.053958,3,4,3,1,2,,171143208,LevelMaxLevelSize
baseline_run1,baseline,2026/04/15-06:47:36.053969,3,4,3,1,2,,184352786,LevelMaxLevelSize
baseline_run1,baseline,2026/04/15-06:47:36.062820,3,4,3,1,2,,182996663,LevelMaxLevelSize
baseline_run1,baseline,2026/04/15-06:47:36.062824,3,4,4,1,3,,247047927,LevelMaxLevelSize
baseline_run1,baseline,2026/04/15-06:47:36.062825,3,4,3,1,2,,184008773,LevelMaxLevelSize
baseline_run1,baseline,2026/04/15-06:47:36.062837,3,4,5,1,4,,283027569,LevelMaxLevelSize
baseline_run1,baseline,2026/04/15-06:47:36.101476,3,4,5,1,4,,296098065,LevelMaxLevelSize
baseline_run1,baseline,2026/04/15-06:47:36.125762,3,4,3,1,2,,189429140,LevelMaxLevelSize
baseline_run1,baseline,2026/04/15-06:47:36.125776,3,4,4,1,3,,193672048,LevelMaxLevelSize
baseline_run1,baseline,2026/04/15-06:47:36.126358,3,4,2,1,1,,91330470,LevelMaxLevelSize
baseline_run1,baseline,2026/04/15-06:47:36.174247,3,4,3,1,2,,193911460,LevelMaxLevelSize
baseline_run1,baseline,2026/04/15-06:47:36.193156,3,4,3,1,2,,182646742,LevelMaxLevelSize
baseline_run1,baseline,2026/04/15-06:47:36.253897,3,4,3,1,2,,182592728,LevelMaxLevelSize
baseline_run1,baseline,2026/04/15-06:47:36.272430,3,4,4,1,3,,206319713,LevelMaxLevelSize
baseline_run1,baseline,2026/04/15-06:47:36.276159,3,4,4,1,3,,273856001,LevelMaxLevelSize
baseline_run1,baseline,2026/04/15-06:47:36.278082,3,4,6,1,5,,284894061,LevelMaxLevelSize
baseline_run1,baseline,2026/04/15-06:47:36.284290,3,4,3,1,2,,98781751,LevelMaxLevelSize
baseline_run1,baseline,2026/04/15-06:47:36.285972,3,4,3,1,2,,181549632,LevelMaxLevelSize
baseline_run1,baseline,2026/04/15-06:47:36.303773,3,4,2,1,1,,29415076,LevelMaxLevelSize
baseline_run1,baseline,2026/04/15-06:47:36.308036,0,1,4,4,0,,263115281,LevelL0FilesNum
baseline_run1,baseline,2026/04/15-06:47:36.324224,3,4,5,1,4,,280060446,LevelMaxLevelSize
baseline_run1,baseline,2026/04/15-06:47:36.326907,3,4,5,1,4,,279104479,LevelMaxLevelSize
baseline_run1,baseline,2026/04/15-06:47:36.723873,0,1,4,4,0,,263113117,LevelL0FilesNum
baseline_run1,baseline,2026/04/15-06:47:37.103367,0,1,15,11,4,,3888579399,LevelL0FilesNum
baseline_run1,baseline,2026/04/15-06:47:37.400690,0,1,4,4,0,,263092365,LevelL0FilesNum
baseline_run1,baseline,2026/04/15-06:47:37.798069,0,1,4,4,0,,263117080,LevelL0FilesNum
baseline_run1,baseline,2026/04/15-06:47:38.201887,0,1,4,4,0,,263110992,LevelL0FilesNum
baseline_run1,baseline,2026/04/15-06:47:38.695897,0,1,4,4,0,,263110629,LevelL0FilesNum
baseline_run1,baseline,2026/04/15-06:47:39.279460,0,1,4,4,0,,263104654,LevelL0FilesNum
baseline_run1,baseline,2026/04/15-06:47:39.674987,0,1,6,6,0,,1380758622,LevelL0FilesNum
baseline_run1,baseline,2026/04/15-06:47:41.787538,0,1,4,4,0,,263118043,LevelL0FilesNum
baseline_run1,baseline,2026/04/15-06:47:42.186474,0,1,4,4,0,,263078191,LevelL0FilesNum
baseline_run1,baseline,2026/04/15-06:47:43.187823,1,2,2,1,1,,124153914,LevelMaxLevelSize
baseline_run1,baseline,2026/04/15-06:47:43.187826,1,2,2,1,1,,149456205,LevelMaxLevelSize
baseline_run1,baseline,2026/04/15-06:47:43.187826,1,2,2,1,1,,124160992,LevelMaxLevelSize
baseline_run1,baseline,2026/04/15-06:47:43.188133,1,2,2,1,1,,132629722,LevelMaxLevelSize
baseline_run1,baseline,2026/04/15-06:47:43.188660,1,2,2,1,1,,62165327,LevelMaxLevelSize
baseline_run1,baseline,2026/04/15-06:47:43.188677,1,2,2,1,1,,148989983,LevelMaxLevelSize
baseline_run1,baseline,2026/04/15-06:47:43.188689,1,2,2,1,1,,154928810,LevelMaxLevelSize
baseline_run1,baseline,2026/04/15-06:47:43.188700,1,2,2,1,1,,74937277,LevelMaxLevelSize
baseline_run1,baseline,2026/04/15-06:47:43.188706,1,2,2,1,1,,136073396,LevelMaxLevelSize
baseline_run1,baseline,2026/04/15-06:47:43.188716,1,2,2,1,1,,127994428,LevelMaxLevelSize
baseline_run1,baseline,2026/04/15-06:47:43.188724,1,2,2,1,1,,126975335,LevelMaxLevelSize
baseline_run1,baseline,2026/04/15-06:47:43.188734,1,2,3,1,2,,227499792,LevelMaxLevelSize
baseline_run1,baseline,2026/04/15-06:47:43.188738,1,2,3,2,1,,353087139,LevelMaxLevelSize
baseline_run1,baseline,2026/04/15-06:47:43.305445,2,3,4,1,3,,291156289,LevelMaxLevelSize
baseline_run1,baseline,2026/04/15-06:47:43.324471,2,3,6,1,5,,332005508,LevelMaxLevelSize
baseline_run1,baseline,2026/04/15-06:47:43.415118,2,3,6,1,5,,338290803,LevelMaxLevelSize
baseline_run1,baseline,2026/04/15-06:47:43.415268,2,3,5,1,4,,293777558,LevelMaxLevelSize
baseline_run1,baseline,2026/04/15-06:47:43.419549,2,3,4,1,3,,223893590,LevelMaxLevelSize
baseline_run1,baseline,2026/04/15-06:47:43.419564,2,3,8,2,6,,361315761,LevelMaxLevelSize
baseline_run1,baseline,2026/04/15-06:47:43.421097,2,3,11,1,10,,736255839,LevelMaxLevelSize
baseline_run1,baseline,2026/04/15-06:47:43.425618,2,3,5,1,4,,353792588,LevelMaxLevelSize
baseline_run1,baseline,2026/04/15-06:47:43.425634,2,3,6,1,5,,316448546,LevelMaxLevelSize
baseline_run1,baseline,2026/04/15-06:47:43.435389,2,3,6,1,5,,337472038,LevelMaxLevelSize
baseline_run1,baseline,2026/04/15-06:47:43.435406,2,3,6,1,5,,338031232,LevelMaxLevelSize
baseline_run1,baseline,2026/04/15-06:47:43.437691,2,3,7,1,6,,340514333,LevelMaxLevelSize
baseline_run1,baseline,2026/04/15-06:47:43.437701,2,3,7,1,6,,422974800,LevelMaxLevelSize
baseline_run1,baseline,2026/04/15-06:47:43.458455,2,3,2,1,1,,49034467,LevelMaxLevelSize
baseline_run1,baseline,2026/04/15-06:47:43.458660,2,3,4,1,3,,210182914,LevelMaxLevelSize
baseline_run1,baseline,2026/04/15-06:47:43.458661,2,3,6,1,5,,344256319,LevelMaxLevelSize
baseline_run1,baseline,2026/04/15-06:47:43.466303,2,3,6,1,5,,372455882,LevelMaxLevelSize
baseline_run1,baseline,2026/04/15-06:47:43.466453,2,3,5,1,4,,359780746,LevelMaxLevelSize
baseline_run1,baseline,2026/04/15-06:47:43.466456,2,3,3,1,2,,203232739,LevelMaxLevelSize
baseline_run1,baseline,2026/04/15-06:47:43.472917,2,3,8,1,7,,402278353,LevelMaxLevelSize
baseline_run1,baseline,2026/04/15-06:47:43.472927,2,3,6,1,5,,427998202,LevelMaxLevelSize
baseline_run1,baseline,2026/04/15-06:47:43.566683,0,1,4,4,0,,263108827,LevelL0FilesNum
baseline_run1,baseline,2026/04/15-06:47:43.618776,2,3,3,1,2,,187452082,LevelMaxLevelSize
baseline_run1,baseline,2026/04/15-06:47:43.618777,2,3,4,1,3,,283617707,LevelMaxLevelSize
baseline_run1,baseline,2026/04/15-06:47:43.618793,2,3,6,1,5,,380895135,LevelMaxLevelSize
baseline_run1,baseline,2026/04/15-06:47:43.896686,2,3,3,1,2,,172210325,LevelMaxLevelSize
baseline_run1,baseline,2026/04/15-06:47:43.896690,2,3,4,1,3,,229803204,LevelMaxLevelSize
baseline_run1,baseline,2026/04/15-06:47:43.896877,2,3,6,1,5,,409898363,LevelMaxLevelSize
baseline_run1,baseline,2026/04/15-06:47:43.897077,2,3,6,1,5,,375972739,LevelMaxLevelSize
baseline_run1,baseline,2026/04/15-06:47:43.897085,2,3,7,1,6,,446490797,LevelMaxLevelSize
baseline_run1,baseline,2026/04/15-06:47:43.897100,2,3,12,1,11,,805353823,LevelMaxLevelSize
baseline_run1,baseline,2026/04/15-06:47:44.103372,0,1,30,6,24,,4198993410,LevelL0FilesNum
baseline_run1,baseline,2026/04/15-06:47:44.495270,0,1,4,4,0,,263118011,LevelL0FilesNum
baseline_run1,baseline,2026/04/15-06:47:44.682562,3,4,4,1,3,,207287960,LevelMaxLevelSize
baseline_run1,baseline,2026/04/15-06:47:44.682617,3,4,4,1,3,,217214429,LevelMaxLevelSize
baseline_run1,baseline,2026/04/15-06:47:44.682631,3,4,4,1,3,,225157478,LevelMaxLevelSize
baseline_run1,baseline,2026/04/15-06:47:44.682633,3,4,3,1,2,,146769329,LevelMaxLevelSize
baseline_run1,baseline,2026/04/15-06:47:44.764267,3,4,4,1,3,,235293809,LevelMaxLevelSize
baseline_run1,baseline,2026/04/15-06:47:44.764872,3,4,4,1,3,,212568948,LevelMaxLevelSize
baseline_run1,baseline,2026/04/15-06:47:44.764888,3,4,2,1,1,,92738251,LevelMaxLevelSize
baseline_run1,baseline,2026/04/15-06:47:44.764891,3,4,2,1,1,,93057162,LevelMaxLevelSize
baseline_run1,baseline,2026/04/15-06:47:44.765042,3,4,4,1,3,,206001769,LevelMaxLevelSize
baseline_run1,baseline,2026/04/15-06:47:44.765043,3,4,5,1,4,,264993037,LevelMaxLevelSize
baseline_run1,baseline,2026/04/15-06:47:44.765291,3,4,3,1,2,,185364528,LevelMaxLevelSize
baseline_run1,baseline,2026/04/15-06:47:44.765299,3,4,5,1,4,,241414073,LevelMaxLevelSize
baseline_run1,baseline,2026/04/15-06:47:44.765307,3,4,7,1,6,,306516426,LevelMaxLevelSize
baseline_run1,baseline,2026/04/15-06:47:44.765314,3,4,4,1,3,,215198807,LevelMaxLevelSize
baseline_run1,baseline,2026/04/15-06:47:44.765320,3,4,3,1,2,,185197559,LevelMaxLevelSize
baseline_run1,baseline,2026/04/15-06:47:44.765321,3,4,3,1,2,,185806151,LevelMaxLevelSize
baseline_run1,baseline,2026/04/15-06:47:44.765334,3,4,3,1,2,,122948564,LevelMaxLevelSize
baseline_run1,baseline,2026/04/15-06:47:44.765339,3,4,4,1,3,,212861193,LevelMaxLevelSize
baseline_run1,baseline,2026/04/15-06:47:44.895437,0,1,4,4,0,,263130527,LevelL0FilesNum
baseline_run1,baseline,2026/04/15-06:47:45.318429,3,4,3,1,2,,167753730,LevelMaxLevelSize
baseline_run1,baseline,2026/04/15-06:47:45.318515,3,4,5,1,4,,255206650,LevelMaxLevelSize
baseline_run1,baseline,2026/04/15-06:47:45.318829,3,4,4,1,3,,225318801,LevelMaxLevelSize
baseline_run1,baseline,2026/04/15-06:47:45.318921,3,4,4,1,3,,226103058,LevelMaxLevelSize
baseline_run1,baseline,2026/04/15-06:47:45.319008,3,4,4,1,3,,219105561,LevelMaxLevelSize
baseline_run1,baseline,2026/04/15-06:47:45.319019,3,4,4,1,3,,235930863,LevelMaxLevelSize
baseline_run1,baseline,2026/04/15-06:47:45.319025,3,4,4,1,3,,271404736,LevelMaxLevelSize
baseline_run1,baseline,2026/04/15-06:47:45.319028,3,4,3,1,2,,182827416,LevelMaxLevelSize
baseline_run1,baseline,2026/04/15-06:47:45.319032,3,4,4,1,3,,233456813,LevelMaxLevelSize
baseline_run1,baseline,2026/04/15-06:47:45.319036,3,4,7,1,6,,329626784,LevelMaxLevelSize
baseline_run1,baseline,2026/04/15-06:47:45.319039,3,4,4,1,3,,271386232,LevelMaxLevelSize
baseline_run1,baseline,2026/04/15-06:47:45.319041,3,4,6,1,5,,308987457,LevelMaxLevelSize
baseline_run1,baseline,2026/04/15-06:47:45.335514,0,1,4,4,0,,263102732,LevelL0FilesNum
baseline_run1,baseline,2026/04/15-06:47:45.750585,0,1,4,4,0,,263100740,LevelL0FilesNum
baseline_run1,baseline,2026/04/15-06:47:46.138190,0,1,4,4,0,,263116069,LevelL0FilesNum
baseline_run1,baseline,2026/04/15-06:47:46.537241,0,1,4,4,0,,263112972,LevelL0FilesNum
baseline_run1,baseline,2026/04/15-06:47:46.922355,0,1,7,7,0,,1643779499,LevelL0FilesNum
baseline_run1,baseline,2026/04/15-06:47:50.702914,1,2,2,1,1,,121603483,LevelMaxLevelSize
baseline_run1,baseline,2026/04/15-06:47:50.703167,1,2,2,1,1,,87575029,LevelMaxLevelSize
baseline_run1,baseline,2026/04/15-06:47:50.703168,1,2,2,1,1,,209249765,LevelMaxLevelSize
baseline_run1,baseline,2026/04/15-06:47:50.703174,1,2,2,1,1,,143916210,LevelMaxLevelSize
baseline_run1,baseline,2026/04/15-06:47:50.703258,1,2,2,1,1,,130952376,LevelMaxLevelSize
baseline_run1,baseline,2026/04/15-06:47:50.703707,1,2,3,1,2,,193704095,LevelMaxLevelSize
baseline_run1,baseline,2026/04/15-06:47:50.703708,1,2,3,2,1,,256380101,LevelMaxLevelSize
baseline_run1,baseline,2026/04/15-06:47:50.703710,1,2,2,1,1,,162480674,LevelMaxLevelSize
baseline_run1,baseline,2026/04/15-06:47:50.703795,1,2,2,1,1,,153431882,LevelMaxLevelSize
baseline_run1,baseline,2026/04/15-06:47:50.703801,1,2,2,1,1,,136390637,LevelMaxLevelSize
baseline_run1,baseline,2026/04/15-06:47:50.705855,1,2,2,1,1,,257140994,LevelMaxLevelSize
baseline_run1,baseline,2026/04/15-06:47:50.705864,1,2,2,1,1,,127836151,LevelMaxLevelSize
baseline_run1,baseline,2026/04/15-06:47:50.705871,1,2,3,1,2,,208648068,LevelMaxLevelSize
baseline_run1,baseline,2026/04/15-06:47:50.709163,2,3,3,1,2,,208498975,LevelMaxLevelSize
baseline_run1,baseline,2026/04/15-06:47:50.709163,2,3,8,1,7,,595852276,LevelMaxLevelSize
baseline_run1,baseline,2026/04/15-06:47:50.709183,2,3,6,1,5,,374820022,LevelMaxLevelSize
baseline_run1,baseline,2026/04/15-06:47:50.928972,2,3,6,1,5,,382640621,LevelMaxLevelSize
baseline_run1,baseline,2026/04/15-06:47:50.928981,2,3,5,1,4,,378267654,LevelMaxLevelSize
baseline_run1,baseline,2026/04/15-06:47:50.942132,2,3,6,1,5,,403203364,LevelMaxLevelSize
baseline_run1,baseline,2026/04/15-06:47:50.945841,2,3,4,1,3,,257949639,LevelMaxLevelSize
baseline_run1,baseline,2026/04/15-06:47:50.946044,2,3,5,1,4,,261606752,LevelMaxLevelSize
baseline_run1,baseline,2026/04/15-06:47:50.946063,2,3,9,1,8,,658881872,LevelMaxLevelSize
baseline_run1,baseline,2026/04/15-06:47:50.957581,2,3,5,1,4,,339724631,LevelMaxLevelSize
baseline_run1,baseline,2026/04/15-06:47:50.963644,2,3,3,1,2,,206473188,LevelMaxLevelSize
baseline_run1,baseline,2026/04/15-06:47:50.963733,2,3,3,1,2,,112377602,LevelMaxLevelSize
baseline_run1,baseline,2026/04/15-06:47:50.963774,2,3,4,1,3,,276405058,LevelMaxLevelSize
baseline_run1,baseline,2026/04/15-06:47:50.991638,2,3,2,1,1,,49710407,LevelMaxLevelSize
baseline_run1,baseline,2026/04/15-06:47:50.991740,2,3,5,1,4,,336792994,LevelMaxLevelSize
baseline_run1,baseline,2026/04/15-06:47:50.991756,2,3,5,1,4,,308058710,LevelMaxLevelSize
baseline_run1,baseline,2026/04/15-06:47:51.000201,2,3,4,1,3,,225945785,LevelMaxLevelSize
baseline_run1,baseline,2026/04/15-06:47:51.000202,2,3,6,1,5,,376724056,LevelMaxLevelSize
baseline_run1,baseline,2026/04/15-06:47:51.068675,2,3,6,1,5,,391484684,LevelMaxLevelSize
baseline_run1,baseline,2026/04/15-06:47:51.068678,2,3,4,1,3,,287985005,LevelMaxLevelSize
baseline_run1,baseline,2026/04/15-06:47:51.101965,2,3,7,1,6,,435993529,LevelMaxLevelSize
baseline_run1,baseline,2026/04/15-06:47:51.101966,2,3,3,1,2,,182570572,LevelMaxLevelSize
baseline_run1,baseline,2026/04/15-06:47:51.101967,2,3,4,1,3,,263643646,LevelMaxLevelSize
baseline_run1,baseline,2026/04/15-06:47:51.101971,2,3,3,1,2,,187033772,LevelMaxLevelSize
baseline_run1,baseline,2026/04/15-06:47:51.108380,2,3,4,1,3,,235024002,LevelMaxLevelSize
baseline_run1,baseline,2026/04/15-06:47:51.108380,2,3,6,1,5,,331770174,LevelMaxLevelSize
baseline_run1,baseline,2026/04/15-06:47:51.198570,2,3,2,1,1,,99185666,LevelMaxLevelSize
baseline_run1,baseline,2026/04/15-06:47:51.198669,2,3,5,1,4,,303286055,LevelMaxLevelSize
baseline_run1,baseline,2026/04/15-06:47:51.198680,2,3,7,1,6,,450145863,LevelMaxLevelSize
baseline_run1,baseline,2026/04/15-06:47:51.198691,2,3,4,1,3,,247860272,LevelMaxLevelSize
baseline_run1,baseline,2026/04/15-06:47:51.198719,2,3,4,1,3,,261078166,LevelMaxLevelSize
baseline_run1,baseline,2026/04/15-06:47:51.204406,0,1,27,5,22,,3579483925,LevelL0FilesNum
baseline_run1,baseline,2026/04/15-06:47:51.205038,2,3,4,1,3,,252041795,LevelMaxLevelSize
baseline_run1,baseline,2026/04/15-06:47:51.205038,2,3,4,1,3,,263215967,LevelMaxLevelSize
baseline_run1,baseline,2026/04/15-06:47:51.205043,2,3,4,1,3,,277120627,LevelMaxLevelSize
baseline_run1,baseline,2026/04/15-06:47:51.721126,0,1,4,4,0,,263117440,LevelL0FilesNum
baseline_run1,baseline,2026/04/15-06:47:51.865737,3,4,2,1,1,,116538298,LevelMaxLevelSize
baseline_run1,baseline,2026/04/15-06:47:51.881325,3,4,3,1,2,,156413961,LevelMaxLevelSize
baseline_run1,baseline,2026/04/15-06:47:51.881598,3,4,3,1,2,,122161038,LevelMaxLevelSize
baseline_run1,baseline,2026/04/15-06:47:51.881857,3,4,3,1,2,,187195410,LevelMaxLevelSize
baseline_run1,baseline,2026/04/15-06:47:51.881943,3,4,4,1,3,,212026634,LevelMaxLevelSize
baseline_run1,baseline,2026/04/15-06:47:51.882040,3,4,4,1,3,,180164573,LevelMaxLevelSize
baseline_run1,baseline,2026/04/15-06:47:51.882138,3,4,2,1,1,,65311119,LevelMaxLevelSize
baseline_run1,baseline,2026/04/15-06:47:51.882149,3,4,3,1,2,,186737071,LevelMaxLevelSize
baseline_run1,baseline,2026/04/15-06:47:51.882152,3,4,3,1,2,,144266450,LevelMaxLevelSize
baseline_run1,baseline,2026/04/15-06:47:51.882152,3,4,4,1,3,,219056474,LevelMaxLevelSize
baseline_run1,baseline,2026/04/15-06:47:51.882155,3,4,6,1,5,,286040991,LevelMaxLevelSize
baseline_run1,baseline,2026/04/15-06:47:51.882159,3,4,4,1,3,,208947296,LevelMaxLevelSize
baseline_run1,baseline,2026/04/15-06:47:51.882220,3,4,4,1,3,,219442239,LevelMaxLevelSize
baseline_run1,baseline,2026/04/15-06:47:51.983709,3,4,2,1,1,,93321206,LevelMaxLevelSize
baseline_run1,baseline,2026/04/15-06:47:51.983816,3,4,3,1,2,,171054481,LevelMaxLevelSize
baseline_run1,baseline,2026/04/15-06:47:51.983887,3,4,6,1,5,,300236208,LevelMaxLevelSize
baseline_run1,baseline,2026/04/15-06:47:51.983903,3,4,3,1,2,,184662382,LevelMaxLevelSize
baseline_run1,baseline,2026/04/15-06:47:51.983905,3,4,4,1,3,,209696215,LevelMaxLevelSize
baseline_run1,baseline,2026/04/15-06:47:51.984066,3,4,4,1,3,,218861088,LevelMaxLevelSize
baseline_run1,baseline,2026/04/15-06:47:51.984075,3,4,4,1,3,,220470633,LevelMaxLevelSize
baseline_run1,baseline,2026/04/15-06:47:52.088711,3,4,6,1,5,,376553835,LevelMaxLevelSize
baseline_run1,baseline,2026/04/15-06:47:52.088715,3,4,4,1,3,,218470724,LevelMaxLevelSize
baseline_run1,baseline,2026/04/15-06:47:52.088719,3,4,4,1,3,,264039653,LevelMaxLevelSize
baseline_run1,baseline,2026/04/15-06:47:52.088721,3,4,3,1,2,,184340256,LevelMaxLevelSize
baseline_run1,baseline,2026/04/15-06:47:52.089008,3,4,4,1,3,,192750476,LevelMaxLevelSize
baseline_run1,baseline,2026/04/15-06:47:52.089023,3,4,4,1,3,,218968323,LevelMaxLevelSize
baseline_run1,baseline,2026/04/15-06:47:52.089030,3,4,4,1,3,,231095579,LevelMaxLevelSize
baseline_run1,baseline,2026/04/15-06:47:52.162782,0,1,4,4,0,,263097353,LevelL0FilesNum
baseline_run1,baseline,2026/04/15-06:47:52.281870,3,4,2,1,1,,70546667,LevelMaxLevelSize
baseline_run1,baseline,2026/04/15-06:47:52.282188,3,4,6,1,5,,290800172,LevelMaxLevelSize
baseline_run1,baseline,2026/04/15-06:47:52.282193,3,4,4,1,3,,186722283,LevelMaxLevelSize
baseline_run1,baseline,2026/04/15-06:47:52.283070,3,4,5,1,4,,266786237,LevelMaxLevelSize
baseline_run1,baseline,2026/04/15-06:47:52.283070,3,4,4,1,3,,237572565,LevelMaxLevelSize
baseline_run1,baseline,2026/04/15-06:47:52.283073,3,4,4,1,3,,271171277,LevelMaxLevelSize
baseline_run1,baseline,2026/04/15-06:47:52.283082,3,4,5,1,4,,282388732,LevelMaxLevelSize
baseline_run1,baseline,2026/04/15-06:47:52.283092,3,4,6,1,5,,309068495,LevelMaxLevelSize
baseline_run1,baseline,2026/04/15-06:47:52.283096,3,4,5,1,4,,291394602,LevelMaxLevelSize
baseline_run1,baseline,2026/04/15-06:47:52.283098,3,4,5,1,4,,264952965,LevelMaxLevelSize
baseline_run1,baseline,2026/04/15-06:47:52.283099,3,4,2,1,1,,90310150,LevelMaxLevelSize
baseline_run1,baseline,2026/04/15-06:47:52.612935,0,1,4,4,0,,263101678,LevelL0FilesNum
baseline_run1,baseline,2026/04/15-06:47:53.020172,0,1,4,4,0,,263105801,LevelL0FilesNum
baseline_run1,baseline,2026/04/15-06:47:53.426156,0,1,4,4,0,,263109693,LevelL0FilesNum
baseline_run1,baseline,2026/04/15-06:47:53.822954,0,1,4,4,0,,263103536,LevelL0FilesNum
baseline_run1,baseline,2026/04/15-06:47:54.217964,0,1,4,4,0,,263119117,LevelL0FilesNum
baseline_run1,baseline,2026/04/15-06:47:54.553307,0,1,4,4,0,,228517640,LevelL0FilesNum
baseline_run1,baseline,2026/04/15-06:47:54.878852,0,1,6,6,0,,1543336821,LevelL0FilesNum
baseline_run1,baseline,2026/04/15-06:47:56.997025,1,2,2,1,1,,167285863,LevelMaxLevelSize
baseline_run1,baseline,2026/04/15-06:47:56.997104,1,2,2,1,1,,131378936,LevelMaxLevelSize
baseline_run1,baseline,2026/04/15-06:47:56.997367,1,2,2,1,1,,184532642,LevelMaxLevelSize
baseline_run1,baseline,2026/04/15-06:47:56.997456,1,2,2,1,1,,119199993,LevelMaxLevelSize
baseline_run1,baseline,2026/04/15-06:47:56.997882,1,2,3,1,2,,86354174,LevelMaxLevelSize
baseline_run1,baseline,2026/04/15-06:47:56.997960,1,2,3,1,2,,169946728,LevelMaxLevelSize
baseline_run1,baseline,2026/04/15-06:47:56.998141,1,2,3,1,2,,211392559,LevelMaxLevelSize
baseline_run1,baseline,2026/04/15-06:47:56.998145,1,2,2,1,1,,234264127,LevelMaxLevelSize
baseline_run1,baseline,2026/04/15-06:47:56.998151,1,2,5,4,1,,595646094,LevelMaxLevelSize
baseline_run1,baseline,2026/04/15-06:47:56.998153,1,2,2,1,1,,106174518,LevelMaxLevelSize
baseline_run1,baseline,2026/04/15-06:47:56.998157,1,2,2,1,1,,138929078,LevelMaxLevelSize
baseline_run1,baseline,2026/04/15-06:47:56.998165,1,2,2,1,1,,154323742,LevelMaxLevelSize
baseline_run1,baseline,2026/04/15-06:47:56.998172,1,2,2,1,1,,182882211,LevelMaxLevelSize
baseline_run1,baseline,2026/04/15-06:47:56.998179,1,2,2,1,1,,150763373,LevelMaxLevelSize
baseline_run1,baseline,2026/04/15-06:47:56.998464,1,2,4,3,1,,471118306,LevelMaxLevelSize
baseline_run1,baseline,2026/04/15-06:47:56.998648,1,2,3,1,2,,153400361,LevelMaxLevelSize
baseline_run1,baseline,2026/04/15-06:47:57.000317,1,2,2,1,1,,116983373,LevelMaxLevelSize
baseline_run1,baseline,2026/04/15-06:47:57.000324,1,2,3,1,2,,207576193,LevelMaxLevelSize
baseline_run1,baseline,2026/04/15-06:47:57.000543,1,2,2,1,1,,101308839,LevelMaxLevelSize
baseline_run1,baseline,2026/04/15-06:47:57.000635,1,2,2,1,1,,101406478,LevelMaxLevelSize
baseline_run1,baseline,2026/04/15-06:47:57.000737,1,2,4,1,3,,307891481,LevelMaxLevelSize
baseline_run1,baseline,2026/04/15-06:47:57.000925,1,2,4,1,3,,199941708,LevelMaxLevelSize
baseline_run1,baseline,2026/04/15-06:47:57.000943,1,2,3,1,2,,209561663,LevelMaxLevelSize
baseline_run1,baseline,2026/04/15-06:47:57.000950,1,2,2,1,1,,118075754,LevelMaxLevelSize
baseline_run1,baseline,2026/04/15-06:47:57.000944,1,2,2,1,1,,105313892,LevelMaxLevelSize
baseline_run1,baseline,2026/04/15-06:47:57.337731,2,3,2,1,1,,121339306,LevelMaxLevelSize
baseline_run1,baseline,2026/04/15-06:47:57.337741,2,3,2,1,1,,96171057,LevelMaxLevelSize
baseline_run1,baseline,2026/04/15-06:47:57.345560,2,3,3,1,2,,217434655,LevelMaxLevelSize
baseline_run1,baseline,2026/04/15-06:47:57.345682,2,3,3,1,2,,178632938,LevelMaxLevelSize
baseline_run1,baseline,2026/04/15-06:47:57.370240,2,3,2,1,1,,110766058,LevelMaxLevelSize
baseline_run1,baseline,2026/04/15-06:47:57.370535,2,3,3,1,2,,217043131,LevelMaxLevelSize
baseline_run1,baseline,2026/04/15-06:47:57.370535,2,3,4,1,3,,302842011,LevelMaxLevelSize
baseline_run1,baseline,2026/04/15-06:47:57.370546,2,3,2,1,1,,106190956,LevelMaxLevelSize
baseline_run1,baseline,2026/04/15-06:47:57.372227,2,3,2,1,1,,23284729,LevelMaxLevelSize
baseline_run1,baseline,2026/04/15-06:47:57.372228,2,3,4,1,3,,193415823,LevelMaxLevelSize
baseline_run1,baseline,2026/04/15-06:47:57.372233,2,3,3,1,2,,173414465,LevelMaxLevelSize
baseline_run1,baseline,2026/04/15-06:47:57.372236,2,3,3,1,2,,190418622,LevelMaxLevelSize
baseline_run1,baseline,2026/04/15-06:47:57.396186,2,3,4,1,3,,253468229,LevelMaxLevelSize
baseline_run1,baseline,2026/04/15-06:47:57.396186,2,3,6,1,5,,375282095,LevelMaxLevelSize
baseline_run1,baseline,2026/04/15-06:47:57.396187,2,3,3,1,2,,192743787,LevelMaxLevelSize
baseline_run1,baseline,2026/04/15-06:47:57.396185,2,3,3,1,2,,183772998,LevelMaxLevelSize
baseline_run1,baseline,2026/04/15-06:47:57.415983,2,3,5,1,4,,287633813,LevelMaxLevelSize
baseline_run1,baseline,2026/04/15-06:47:57.415997,2,3,3,1,2,,213680601,LevelMaxLevelSize
baseline_run1,baseline,2026/04/15-06:47:57.416678,2,3,5,1,4,,329301394,LevelMaxLevelSize
baseline_run1,baseline,2026/04/15-06:47:57.422319,2,3,2,1,1,,89647293,LevelMaxLevelSize
baseline_run1,baseline,2026/04/15-06:47:57.422657,2,3,5,1,4,,281276383,LevelMaxLevelSize
baseline_run1,baseline,2026/04/15-06:47:57.422671,2,3,4,1,3,,252655750,LevelMaxLevelSize
baseline_run1,baseline,2026/04/15-06:47:57.422675,2,3,6,2,4,,271788860,LevelMaxLevelSize
baseline_run1,baseline,2026/04/15-06:47:57.424390,2,3,6,1,5,,370730173,LevelMaxLevelSize
baseline_run1,baseline,2026/04/15-06:47:57.424392,2,3,6,1,5,,397447847,LevelMaxLevelSize
baseline_run1,baseline,2026/04/15-06:47:57.424408,2,3,6,1,5,,350908841,LevelMaxLevelSize
baseline_run1,baseline,2026/04/15-06:47:57.468021,2,3,4,2,2,,182823836,LevelMaxLevelSize
baseline_run1,baseline,2026/04/15-06:47:57.468026,2,3,2,1,1,,121390205,LevelMaxLevelSize
baseline_run1,baseline,2026/04/15-06:47:57.468038,2,3,3,1,2,,195013170,LevelMaxLevelSize
baseline_run1,baseline,2026/04/15-06:47:57.639013,2,3,3,1,2,,202426433,LevelMaxLevelSize
baseline_run1,baseline,2026/04/15-06:47:57.639086,2,3,5,1,4,,260682143,LevelMaxLevelSize
baseline_run1,baseline,2026/04/15-06:47:57.639299,2,3,4,1,3,,259286073,LevelMaxLevelSize
baseline_run1,baseline,2026/04/15-06:47:57.639314,2,3,4,1,3,,260927104,LevelMaxLevelSize
baseline_run1,baseline,2026/04/15-06:47:57.639315,2,3,5,1,4,,254202169,LevelMaxLevelSize
baseline_run1,baseline,2026/04/15-06:47:57.970947,2,3,2,1,1,,133782286,LevelMaxLevelSize
baseline_run1,baseline,2026/04/15-06:47:57.970958,2,3,3,1,2,,256444632,LevelMaxLevelSize
baseline_run1,baseline,2026/04/15-06:47:57.971139,2,3,3,1,2,,217367881,LevelMaxLevelSize
baseline_run1,baseline,2026/04/15-06:47:57.971149,2,3,3,1,2,,162778381,LevelMaxLevelSize
baseline_run1,baseline,2026/04/15-06:47:57.971230,2,3,3,1,2,,223929379,LevelMaxLevelSize
baseline_run1,baseline,2026/04/15-06:47:57.971324,2,3,5,1,4,,325784640,LevelMaxLevelSize
baseline_run1,baseline,2026/04/15-06:47:58.165267,3,4,3,1,2,,150651051,LevelMaxLevelSize
baseline_run1,baseline,2026/04/15-06:47:58.165354,3,4,3,1,2,,194335094,LevelMaxLevelSize
baseline_run1,baseline,2026/04/15-06:47:58.165370,3,4,4,1,3,,203862218,LevelMaxLevelSize
baseline_run1,baseline,2026/04/15-06:47:58.173621,3,4,4,1,3,,259772610,LevelMaxLevelSize
baseline_run1,baseline,2026/04/15-06:47:58.173832,3,4,3,1,2,,126986090,LevelMaxLevelSize
baseline_run1,baseline,2026/04/15-06:47:58.174063,3,4,4,1,3,,221308003,LevelMaxLevelSize
baseline_run1,baseline,2026/04/15-06:47:58.174077,3,4,5,1,4,,325491021,LevelMaxLevelSize
baseline_run1,baseline,2026/04/15-06:47:58.174077,3,4,4,1,3,,193161789,LevelMaxLevelSize
baseline_run1,baseline,2026/04/15-06:47:58.174084,3,4,5,1,4,,249812248,LevelMaxLevelSize
baseline_run1,baseline,2026/04/15-06:47:58.178128,2,3,2,1,1,,122082604,LevelMaxLevelSize
baseline_run1,baseline,2026/04/15-06:47:58.178128,2,3,2,1,1,,74930397,LevelMaxLevelSize
baseline_run1,baseline,2026/04/15-06:47:58.178140,0,1,9,3,6,,2579896918,LevelL0FilesNum
baseline_run1,baseline,2026/04/15-06:47:58.178146,2,3,4,1,3,,229732975,LevelMaxLevelSize
baseline_run1,baseline,2026/04/15-06:47:58.178336,2,3,2,1,1,,124171799,LevelMaxLevelSize
baseline_run1,baseline,2026/04/15-06:47:58.178516,2,3,4,1,3,,241259447,LevelMaxLevelSize
baseline_run1,baseline,2026/04/15-06:47:58.178743,2,3,3,1,2,,208911628,LevelMaxLevelSize
baseline_run1,baseline,2026/04/15-06:47:58.178750,2,3,6,1,5,,363327301,LevelMaxLevelSize
baseline_run1,baseline,2026/04/15-06:47:58.178751,2,3,4,1,3,,200675066,LevelMaxLevelSize
baseline_run1,baseline,2026/04/15-06:47:58.178757,2,3,3,1,2,,165818713,LevelMaxLevelSize
baseline_run1,baseline,2026/04/15-06:47:58.178762,2,3,3,1,2,,205422072,LevelMaxLevelSize
baseline_run1,baseline,2026/04/15-06:47:58.435631,3,4,3,1,2,,167625961,LevelMaxLevelSize
baseline_run1,baseline,2026/04/15-06:47:58.435640,3,4,5,1,4,,266780812,LevelMaxLevelSize
baseline_run1,baseline,2026/04/15-06:47:58.470427,3,4,4,1,3,,239413355,LevelMaxLevelSize
baseline_run1,baseline,2026/04/15-06:47:58.470781,3,4,4,1,3,,195569196,LevelMaxLevelSize
baseline_run1,baseline,2026/04/15-06:47:58.470781,3,4,4,1,3,,229180590,LevelMaxLevelSize
baseline_run1,baseline,2026/04/15-06:47:58.471035,3,4,5,1,4,,275767062,LevelMaxLevelSize
baseline_run1,baseline,2026/04/15-06:47:58.522476,3,4,4,1,3,,207932183,LevelMaxLevelSize
baseline_run1,baseline,2026/04/15-06:47:58.522479,3,4,5,1,4,,286533159,LevelMaxLevelSize
baseline_run1,baseline,2026/04/15-06:47:58.587461,3,4,3,1,2,,180382745,LevelMaxLevelSize
baseline_run1,baseline,2026/04/15-06:47:58.587712,3,4,5,1,4,,218215791,LevelMaxLevelSize
baseline_run1,baseline,2026/04/15-06:47:58.587735,3,4,4,1,3,,228188267,LevelMaxLevelSize
baseline_run1,baseline,2026/04/15-06:47:58.591802,3,4,2,1,1,,109016086,LevelMaxLevelSize
baseline_run1,baseline,2026/04/15-06:47:58.591948,3,4,3,1,2,,183270152,LevelMaxLevelSize
baseline_run1,baseline,2026/04/15-06:47:58.592028,3,4,2,1,1,,91538168,LevelMaxLevelSize
baseline_run1,baseline,2026/04/15-06:47:58.592122,3,4,4,1,3,,235072647,LevelMaxLevelSize
baseline_run1,baseline,2026/04/15-06:47:58.592136,3,4,4,1,3,,247637969,LevelMaxLevelSize
baseline_run1,baseline,2026/04/15-06:47:58.600901,3,4,4,1,3,,251629745,LevelMaxLevelSize
baseline_run1,baseline,2026/04/15-06:47:58.601096,3,4,6,1,5,,336889642,LevelMaxLevelSize
baseline_run1,baseline,2026/04/15-06:47:58.601110,3,4,3,1,2,,126449898,LevelMaxLevelSize
baseline_run1,baseline,2026/04/15-06:47:58.604590,3,4,4,1,3,,211198610,LevelMaxLevelSize
baseline_run1,baseline,2026/04/15-06:47:58.604591,3,4,5,1,4,,273698101,LevelMaxLevelSize
baseline_run1,baseline,2026/04/15-06:47:58.604598,3,4,5,1,4,,282994493,LevelMaxLevelSize
baseline_run1,baseline,2026/04/15-06:47:58.604603,3,4,5,1,4,,278777353,LevelMaxLevelSize
baseline_run1,baseline,2026/04/15-06:47:58.604605,3,4,7,1,6,,351575503,LevelMaxLevelSize
baseline_run1,baseline,2026/04/15-06:47:58.647152,3,4,4,1,3,,229339421,LevelMaxLevelSize
baseline_run1,baseline,2026/04/15-06:47:58.647326,3,4,5,1,4,,282006202,LevelMaxLevelSize
baseline_run1,baseline,2026/04/15-06:47:58.647351,3,4,5,1,4,,279699844,LevelMaxLevelSize
baseline_run1,baseline,2026/04/15-06:47:58.675519,3,4,5,1,4,,308894469,LevelMaxLevelSize
baseline_run1,baseline,2026/04/15-06:47:58.675678,3,4,3,1,2,,179743840,LevelMaxLevelSize
baseline_run1,baseline,2026/04/15-06:47:58.675683,3,4,4,1,3,,241044689,LevelMaxLevelSize
baseline_run1,baseline,2026/04/15-06:47:58.675685,3,4,6,1,5,,380561214,LevelMaxLevelSize
baseline_run1,baseline,2026/04/15-06:47:58.965705,3,4,4,1,3,,221262289,LevelMaxLevelSize
baseline_run1,baseline,2026/04/15-06:47:58.965853,3,4,3,1,2,,188660272,LevelMaxLevelSize
baseline_run1,baseline,2026/04/15-06:47:58.965949,3,4,5,1,4,,274839386,LevelMaxLevelSize
baseline_run1,baseline,2026/04/15-06:47:58.965952,3,4,5,1,4,,293852766,LevelMaxLevelSize
baseline_run1,baseline,2026/04/15-06:47:58.965962,3,4,4,1,3,,226349946,LevelMaxLevelSize
baseline_run1,baseline,2026/04/15-06:48:02.225713,1,2,2,1,1,,161155089,LevelMaxLevelSize
baseline_run1,baseline,2026/04/15-06:48:02.225925,1,2,2,1,1,,78518508,LevelMaxLevelSize
baseline_run1,baseline,2026/04/15-06:48:02.226004,1,2,2,1,1,,152947109,LevelMaxLevelSize
baseline_run1,baseline,2026/04/15-06:48:02.226108,1,2,2,1,1,,124921289,LevelMaxLevelSize
baseline_run1,baseline,2026/04/15-06:48:02.226111,1,2,2,1,1,,119455446,LevelMaxLevelSize
baseline_run1,baseline,2026/04/15-06:48:02.226301,1,2,2,1,1,,150281023,LevelMaxLevelSize
baseline_run1,baseline,2026/04/15-06:48:02.226485,1,2,4,2,2,,288483886,LevelMaxLevelSize
baseline_run1,baseline,2026/04/15-06:48:02.226654,1,2,2,1,1,,90165170,LevelMaxLevelSize
baseline_run1,baseline,2026/04/15-06:48:02.226654,1,2,2,1,1,,145423347,LevelMaxLevelSize
baseline_run1,baseline,2026/04/15-06:48:02.226742,1,2,2,1,1,,103923491,LevelMaxLevelSize
baseline_run1,baseline,2026/04/15-06:48:02.226853,1,2,2,1,1,,140329738,LevelMaxLevelSize
baseline_run1,baseline,2026/04/15-06:48:02.226855,1,2,2,1,1,,127184382,LevelMaxLevelSize
baseline_run1,baseline,2026/04/15-06:48:02.226861,1,2,2,1,1,,119637203,LevelMaxLevelSize
baseline_run1,baseline,2026/04/15-06:48:02.227117,1,2,2,1,1,,153528819,LevelMaxLevelSize
baseline_run1,baseline,2026/04/15-06:48:02.227298,1,2,2,1,1,,98075536,LevelMaxLevelSize
baseline_run1,baseline,2026/04/15-06:48:02.227387,1,2,3,1,2,,177168693,LevelMaxLevelSize
baseline_run1,baseline,2026/04/15-06:48:02.227471,1,2,3,1,2,,154896260,LevelMaxLevelSize
baseline_run1,baseline,2026/04/15-06:48:02.227576,1,2,4,1,3,,211841673,LevelMaxLevelSize
baseline_run1,baseline,2026/04/15-06:48:02.227820,1,2,2,1,1,,128437481,LevelMaxLevelSize
baseline_run1,baseline,2026/04/15-06:48:02.228061,1,2,2,1,1,,101826542,LevelMaxLevelSize
baseline_run1,baseline,2026/04/15-06:48:02.228239,1,2,2,1,1,,101595513,LevelMaxLevelSize
baseline_run1,baseline,2026/04/15-06:48:02.228248,1,2,3,1,2,,150257350,LevelMaxLevelSize
baseline_run1,baseline,2026/04/15-06:48:02.228250,1,2,2,1,1,,104678109,LevelMaxLevelSize
baseline_run1,baseline,2026/04/15-06:48:02.228250,1,2,2,1,1,,106690656,LevelMaxLevelSize
baseline_run1,baseline,2026/04/15-06:48:02.228258,1,2,3,1,2,,164033726,LevelMaxLevelSize
baseline_run1,baseline,2026/04/15-06:48:02.228265,1,2,3,1,2,,168705535,LevelMaxLevelSize
baseline_run1,baseline,2026/04/15-06:48:02.228268,1,2,3,1,2,,192544770,LevelMaxLevelSize
baseline_run1,baseline,2026/04/15-06:48:02.228276,1,2,2,1,1,,114044718,LevelMaxLevelSize
baseline_run1,baseline,2026/04/15-06:48:02.229359,1,2,3,1,2,,176737035,LevelMaxLevelSize
baseline_run1,baseline,2026/04/15-06:48:02.539066,2,3,3,1,2,,178584720,LevelMaxLevelSize
baseline_run1,baseline,2026/04/15-06:48:02.546034,2,3,2,1,1,,7820013,LevelMaxLevelSize
baseline_run1,baseline,2026/04/15-06:48:02.546146,2,3,7,1,6,,454738247,LevelMaxLevelSize
baseline_run1,baseline,2026/04/15-06:48:02.551759,2,3,2,1,1,,150256994,LevelMaxLevelSize
baseline_run1,baseline,2026/04/15-06:48:02.553813,2,3,3,1,2,,173332810,LevelMaxLevelSize
baseline_run1,baseline,2026/04/15-06:48:02.553828,2,3,3,1,2,,130615783,LevelMaxLevelSize
baseline_run1,baseline,2026/04/15-06:48:02.554154,2,3,3,1,2,,188893283,LevelMaxLevelSize
baseline_run1,baseline,2026/04/15-06:48:02.554157,2,3,2,1,1,,112243184,LevelMaxLevelSize
baseline_run1,baseline,2026/04/15-06:48:02.554887,2,3,3,1,2,,112919309,LevelMaxLevelSize
baseline_run1,baseline,2026/04/15-06:48:02.554899,2,3,3,1,2,,172847229,LevelMaxLevelSize
baseline_run1,baseline,2026/04/15-06:48:02.554902,2,3,5,1,4,,308179945,LevelMaxLevelSize
baseline_run1,baseline,2026/04/15-06:48:02.556863,2,3,3,1,2,,205692343,LevelMaxLevelSize
baseline_run1,baseline,2026/04/15-06:48:02.557592,2,3,5,1,4,,325300228,LevelMaxLevelSize
baseline_run1,baseline,2026/04/15-06:48:02.557593,2,3,5,1,4,,320099149,LevelMaxLevelSize
baseline_run1,baseline,2026/04/15-06:48:02.559800,2,3,5,1,4,,319028924,LevelMaxLevelSize
baseline_run1,baseline,2026/04/15-06:48:02.559803,2,3,6,1,5,,385640287,LevelMaxLevelSize
baseline_run1,baseline,2026/04/15-06:48:02.575713,2,3,5,1,4,,330598251,LevelMaxLevelSize
baseline_run1,baseline,2026/04/15-06:48:02.575814,2,3,5,1,4,,339491224,LevelMaxLevelSize
baseline_run1,baseline,2026/04/15-06:48:02.575825,2,3,5,1,4,,346352854,LevelMaxLevelSize
baseline_run1,baseline,2026/04/15-06:48:02.599458,2,3,6,1,5,,380146037,LevelMaxLevelSize
baseline_run1,baseline,2026/04/15-06:48:02.599463,2,3,6,1,5,,314112341,LevelMaxLevelSize
baseline_run1,baseline,2026/04/15-06:48:02.601407,2,3,5,1,4,,227831685,LevelMaxLevelSize
baseline_run1,baseline,2026/04/15-06:48:02.601413,2,3,4,1,3,,276281857,LevelMaxLevelSize
baseline_run1,baseline,2026/04/15-06:48:02.601416,2,3,7,1,6,,344855114,LevelMaxLevelSize
baseline_run1,baseline,2026/04/15-06:48:02.607863,2,3,5,1,4,,330612780,LevelMaxLevelSize
baseline_run1,baseline,2026/04/15-06:48:02.607865,2,3,5,1,4,,320162249,LevelMaxLevelSize
baseline_run1,baseline,2026/04/15-06:48:02.607883,2,3,6,1,5,,411221460,LevelMaxLevelSize
baseline_run1,baseline,2026/04/15-06:48:02.643081,2,3,3,1,2,,180978874,LevelMaxLevelSize
baseline_run1,baseline,2026/04/15-06:48:02.643288,2,3,6,1,5,,365235501,LevelMaxLevelSize
baseline_run1,baseline,2026/04/15-06:48:02.643342,2,3,6,1,5,,349428345,LevelMaxLevelSize
baseline_run1,baseline,2026/04/15-06:48:02.684278,2,3,2,1,1,,50047259,LevelMaxLevelSize
baseline_run1,baseline,2026/04/15-06:48:02.684276,2,3,7,1,6,,455561934,LevelMaxLevelSize
baseline_run1,baseline,2026/04/15-06:48:02.684278,2,3,6,1,5,,362390675,LevelMaxLevelSize
baseline_run1,baseline,2026/04/15-06:48:02.684291,2,3,3,1,2,,99852223,LevelMaxLevelSize
baseline_run1,baseline,2026/04/15-06:48:02.684296,2,3,2,1,1,,25769678,LevelMaxLevelSize
baseline_run1,baseline,2026/04/15-06:48:02.684297,2,3,6,1,5,,374126631,LevelMaxLevelSize
baseline_run1,baseline,2026/04/15-06:48:02.874296,2,3,4,1,3,,248566960,LevelMaxLevelSize
baseline_run1,baseline,2026/04/15-06:48:02.874296,2,3,3,1,2,,186475261,LevelMaxLevelSize
baseline_run1,baseline,2026/04/15-06:48:02.874298,2,3,5,1,4,,293178757,LevelMaxLevelSize
baseline_run1,baseline,2026/04/15-06:48:02.874297,2,3,4,1,3,,221322155,LevelMaxLevelSize
baseline_run1,baseline,2026/04/15-06:48:03.437005,3,4,4,1,3,,237580627,LevelMaxLevelSize
baseline_run1,baseline,2026/04/15-06:48:03.437008,3,4,3,1,2,,190121116,LevelMaxLevelSize
baseline_run1,baseline,2026/04/15-06:48:03.761605,3,4,4,1,3,,197787473,LevelMaxLevelSize
baseline_run1,baseline,2026/04/15-06:48:04.021516,3,4,5,1,4,,285163772,LevelMaxLevelSize
baseline_run1,baseline,2026/04/15-06:48:04.392165,3,4,3,1,2,,186018211,LevelMaxLevelSize
baseline_run1,baseline,2026/04/15-06:48:04.634085,3,4,3,1,2,,172430375,LevelMaxLevelSize
baseline_run1,baseline,2026/04/15-06:48:04.853203,3,4,4,1,3,,255035727,LevelMaxLevelSize
baseline_run1,baseline,2026/04/15-06:48:05.181472,3,4,4,1,3,,199624393,LevelMaxLevelSize
baseline_run1,baseline,2026/04/15-06:48:05.441960,3,4,6,1,5,,334093469,LevelMaxLevelSize
baseline_run1,baseline,2026/04/15-06:48:05.869948,3,4,4,1,3,,229982336,LevelMaxLevelSize
baseline_run1,baseline,2026/04/15-06:48:06.154278,3,4,4,1,3,,230778568,LevelMaxLevelSize
baseline_run1,baseline,2026/04/15-06:48:06.448340,3,4,5,1,4,,241145955,LevelMaxLevelSize
baseline_run1,baseline,2026/04/15-06:48:06.758704,3,4,3,1,2,,184592779,LevelMaxLevelSize
baseline_run1,baseline,2026/04/15-06:48:06.994186,3,4,5,1,4,,286480022,LevelMaxLevelSize
baseline_run1,baseline,2026/04/15-06:48:07.364051,3,4,5,1,4,,276339656,LevelMaxLevelSize
baseline_run1,baseline,2026/04/15-06:48:07.715781,3,4,3,1,2,,180963244,LevelMaxLevelSize
baseline_run1,baseline,2026/04/15-06:48:07.946613,3,4,6,1,5,,314661415,LevelMaxLevelSize
baseline_run1,baseline,2026/04/15-06:48:08.350725,3,4,5,1,4,,280925643,LevelMaxLevelSize
baseline_run1,baseline,2026/04/15-06:48:08.719529,3,4,3,1,2,,183400934,LevelMaxLevelSize
baseline_run1,baseline,2026/04/15-06:48:08.957652,3,4,2,1,1,,91655577,LevelMaxLevelSize
baseline_run1,baseline,2026/04/15-06:48:09.079180,3,4,4,1,3,,232235452,LevelMaxLevelSize
baseline_run1,baseline,2026/04/15-06:48:09.376242,3,4,5,1,4,,277993589,LevelMaxLevelSize
baseline_run1,baseline,2026/04/15-06:48:09.741433,3,4,3,1,2,,182871066,LevelMaxLevelSize
baseline_run1,baseline,2026/04/15-06:48:09.979527,3,4,4,1,3,,238713964,LevelMaxLevelSize
baseline_run1,baseline,2026/04/15-06:48:10.289306,3,4,3,1,2,,182659146,LevelMaxLevelSize
baseline_run1,baseline,2026/04/15-06:48:10.523213,3,4,3,1,2,,182517806,LevelMaxLevelSize
baseline_run1,baseline,2026/04/15-06:48:10.758161,3,4,5,1,4,,253029087,LevelMaxLevelSize
baseline_run1,baseline,2026/04/15-06:48:11.092956,3,4,6,1,5,,293301571,LevelMaxLevelSize
baseline_run1,baseline,2026/04/15-06:48:11.468309,3,4,4,1,3,,252851471,LevelMaxLevelSize
baseline_run1,baseline,2026/04/15-06:48:11.791085,3,4,5,1,4,,291901476,LevelMaxLevelSize
baseline_run1,baseline,2026/04/15-06:48:12.164810,3,4,4,1,3,,216906987,LevelMaxLevelSize
baseline_run1,baseline,2026/04/15-06:48:12.452452,3,4,5,1,4,,292144671,LevelMaxLevelSize
baseline_run1,baseline,2026/04/15-06:48:12.829751,3,4,4,1,3,,269843304,LevelMaxLevelSize
baseline_run1,baseline,2026/04/15-06:48:13.173041,3,4,4,1,3,,219020207,LevelMaxLevelSize
