run,mode,ts,start_level,output_level,n_inputs_total,n_inputs_start,n_inputs_next,n_outputs,input_entries,reason
vcomp_run1,vcomp,2026/04/14-17:10:24.674813,0,1,4,,,4,262105,
vcomp_run1,vcomp,2026/04/14-17:10:24.682499,0,1,8,,,8,524156,
vcomp_run1,vcomp,2026/04/14-17:10:24.688401,0,1,8,,,5,524125,
vcomp_run1,vcomp,2026/04/14-17:10:24.694378,0,1,6,,,7,393140,
vcomp_run1,vcomp,2026/04/14-17:10:24.694731,1,2,2,,,2,130948,
vcomp_run1,vcomp,2026/04/14-17:10:24.695022,1,2,3,,,3,196047,
vcomp_run1,vcomp,2026/04/14-17:10:24.695349,1,2,3,,,3,196280,
vcomp_run1,vcomp,2026/04/14-17:10:24.700380,0,1,8,,,5,458579,
vcomp_run1,vcomp,2026/04/14-17:10:24.701002,1,2,3,,,5,300275,
vcomp_run1,vcomp,2026/04/14-17:10:24.701227,1,2,3,,,6,348944,
vcomp_run1,vcomp,2026/04/14-17:10:24.701464,1,2,5,,,5,311280,
vcomp_run1,vcomp,2026/04/14-17:10:24.706452,0,1,6,,,7,480476,
vcomp_run1,vcomp,2026/04/14-17:10:24.707079,1,2,3,,,3,196086,
vcomp_run1,vcomp,2026/04/14-17:10:24.707313,1,2,4,,,5,327024,
vcomp_run1,vcomp,2026/04/14-17:10:24.707513,1,2,6,,,6,368392,
vcomp_run1,vcomp,2026/04/14-17:10:24.712685,0,1,8,,,7,488910,
vcomp_run1,vcomp,2026/04/14-17:10:24.713351,1,2,5,,,6,363268,
vcomp_run1,vcomp,2026/04/14-17:10:24.713644,1,2,4,,,4,251148,
vcomp_run1,vcomp,2026/04/14-17:10:24.713669,1,2,4,,,3,185909,
vcomp_run1,vcomp,2026/04/14-17:10:24.718679,0,1,8,,,10,508772,
vcomp_run1,vcomp,2026/04/14-17:10:24.719223,1,2,2,,,2,105087,
vcomp_run1,vcomp,2026/04/14-17:10:24.719523,1,2,3,,,3,191736,
vcomp_run1,vcomp,2026/04/14-17:10:24.719544,1,2,3,,,3,191949,
vcomp_run1,vcomp,2026/04/14-17:10:24.719824,1,2,3,,,2,128019,
vcomp_run1,vcomp,2026/04/14-17:10:24.719846,1,2,5,,,6,333012,
vcomp_run1,vcomp,2026/04/14-17:10:24.720490,1,2,4,,,4,240167,
vcomp_run1,vcomp,2026/04/14-17:10:24.724530,0,1,8,,,7,480384,
vcomp_run1,vcomp,2026/04/14-17:10:24.725077,1,2,3,,,3,168451,
vcomp_run1,vcomp,2026/04/14-17:10:24.725289,1,2,4,,,4,261838,
vcomp_run1,vcomp,2026/04/14-17:10:24.725523,1,2,5,,,5,293710,
vcomp_run1,vcomp,2026/04/14-17:10:24.726127,1,2,8,,,9,534516,
vcomp_run1,vcomp,2026/04/14-17:10:24.730762,0,1,7,,,7,456826,
vcomp_run1,vcomp,2026/04/14-17:10:24.731346,1,2,6,,,6,341119,
vcomp_run1,vcomp,2026/04/14-17:10:24.731597,1,2,6,,,6,393198,
vcomp_run1,vcomp,2026/04/14-17:10:24.731841,1,2,7,,,7,395178,
vcomp_run1,vcomp,2026/04/14-17:10:24.736552,0,1,8,,,7,494848,
vcomp_run1,vcomp,2026/04/14-17:10:24.736941,1,2,3,,,3,179650,
vcomp_run1,vcomp,2026/04/14-17:10:24.737389,1,2,7,,,6,371561,
vcomp_run1,vcomp,2026/04/14-17:10:24.737728,1,2,6,,,7,400462,
vcomp_run1,vcomp,2026/04/14-17:10:24.737748,1,2,6,,,7,395709,
vcomp_run1,vcomp,2026/04/14-17:10:24.742605,0,1,7,,,8,489071,
vcomp_run1,vcomp,2026/04/14-17:10:24.742904,1,2,2,,,2,91854,
vcomp_run1,vcomp,2026/04/14-17:10:24.743196,1,2,5,,,6,346855,
vcomp_run1,vcomp,2026/04/14-17:10:24.743439,1,2,7,,,3,372876,
vcomp_run1,vcomp,2026/04/14-17:10:24.743461,1,2,6,,,6,389075,
vcomp_run1,vcomp,2026/04/14-17:10:24.748678,0,1,8,,,9,514349,
vcomp_run1,vcomp,2026/04/14-17:10:24.749152,1,2,5,,,5,306129,
vcomp_run1,vcomp,2026/04/14-17:10:24.749515,1,2,5,,,6,365252,
vcomp_run1,vcomp,2026/04/14-17:10:24.749564,1,2,8,,,8,467709,
vcomp_run1,vcomp,2026/04/14-17:10:24.749775,1,2,9,,,8,522524,
vcomp_run1,vcomp,2026/04/14-17:10:24.754621,0,1,9,,,9,512250,
vcomp_run1,vcomp,2026/04/14-17:10:24.755102,1,2,2,,,3,196541,
vcomp_run1,vcomp,2026/04/14-17:10:24.755367,1,2,5,,,5,314641,
vcomp_run1,vcomp,2026/04/14-17:10:24.755745,1,2,8,,,8,465289,
vcomp_run1,vcomp,2026/04/14-17:10:24.755768,1,2,7,,,6,378767,
vcomp_run1,vcomp,2026/04/14-17:10:24.756069,1,2,7,,,7,450565,
vcomp_run1,vcomp,2026/04/14-17:10:24.760578,0,1,8,,,7,465740,
vcomp_run1,vcomp,2026/04/14-17:10:24.761149,1,2,3,,,5,310394,
vcomp_run1,vcomp,2026/04/14-17:10:24.761342,1,2,7,,,4,451070,
vcomp_run1,vcomp,2026/04/14-17:10:24.761586,1,2,8,,,8,470376,
vcomp_run1,vcomp,2026/04/14-17:10:24.766574,0,1,8,,,8,457504,
vcomp_run1,vcomp,2026/04/14-17:10:24.766942,1,2,2,,,2,176313,
vcomp_run1,vcomp,2026/04/14-17:10:24.767108,1,2,2,,,1,34299,
vcomp_run1,vcomp,2026/04/14-17:10:24.767324,1,2,7,,,4,456820,
vcomp_run1,vcomp,2026/04/14-17:10:24.767604,1,2,8,,,8,505728,
vcomp_run1,vcomp,2026/04/14-17:10:24.767847,1,2,7,,,7,519290,
vcomp_run1,vcomp,2026/04/14-17:10:24.772507,0,1,7,,,8,454514,
vcomp_run1,vcomp,2026/04/14-17:10:24.773047,1,2,5,,,5,316128,
vcomp_run1,vcomp,2026/04/14-17:10:24.773266,1,2,6,,,6,411841,
vcomp_run1,vcomp,2026/04/14-17:10:24.773586,1,2,8,,,8,514282,
vcomp_run1,vcomp,2026/04/14-17:10:24.773611,1,2,7,,,5,648410,
vcomp_run1,vcomp,2026/04/14-17:10:24.778465,0,1,8,,,7,466063,
vcomp_run1,vcomp,2026/04/14-17:10:24.778914,1,2,3,,,2,248487,
vcomp_run1,vcomp,2026/04/14-17:10:24.779185,1,2,5,,,4,232321,
vcomp_run1,vcomp,2026/04/14-17:10:24.779423,1,2,6,,,8,497714,
vcomp_run1,vcomp,2026/04/14-17:10:24.779679,1,2,9,,,9,583022,
vcomp_run1,vcomp,2026/04/14-17:10:24.784528,0,1,7,,,7,464784,
vcomp_run1,vcomp,2026/04/14-17:10:24.785072,1,2,4,,,4,248467,
vcomp_run1,vcomp,2026/04/14-17:10:24.785334,1,2,5,,,7,464962,
vcomp_run1,vcomp,2026/04/14-17:10:24.785621,1,2,9,,,9,581466,
vcomp_run1,vcomp,2026/04/14-17:10:24.786022,2,3,2,,,2,107083,
vcomp_run1,vcomp,2026/04/14-17:10:24.790572,0,1,8,,,7,503060,
vcomp_run1,vcomp,2026/04/14-17:10:24.790971,1,2,5,,,3,268128,
vcomp_run1,vcomp,2026/04/14-17:10:24.791361,1,2,6,,,5,339234,
vcomp_run1,vcomp,2026/04/14-17:10:24.791630,1,2,5,,,7,475686,
vcomp_run1,vcomp,2026/04/14-17:10:24.792067,2,3,2,,,3,142164,
vcomp_run1,vcomp,2026/04/14-17:10:24.796575,0,1,8,,,8,482622,
vcomp_run1,vcomp,2026/04/14-17:10:24.796878,1,2,2,,,1,42577,
vcomp_run1,vcomp,2026/04/14-17:10:24.797142,1,2,5,,,5,309305,
vcomp_run1,vcomp,2026/04/14-17:10:24.797385,1,2,8,,,8,515327,
vcomp_run1,vcomp,2026/04/14-17:10:24.797627,1,2,9,,,5,598466,
vcomp_run1,vcomp,2026/04/14-17:10:24.797913,1,2,7,,,8,478028,
vcomp_run1,vcomp,2026/04/14-17:10:24.802493,0,1,7,,,8,465227,
vcomp_run1,vcomp,2026/04/14-17:10:24.802808,1,2,2,,,1,114199,
vcomp_run1,vcomp,2026/04/14-17:10:24.803076,1,2,5,,,5,313275,
vcomp_run1,vcomp,2026/04/14-17:10:24.803088,1,2,4,,,4,204344,
vcomp_run1,vcomp,2026/04/14-17:10:24.803414,1,2,11,,,10,644892,
vcomp_run1,vcomp,2026/04/14-17:10:24.808503,0,1,8,,,7,504794,
vcomp_run1,vcomp,2026/04/14-17:10:24.809077,1,2,5,,,7,341515,
vcomp_run1,vcomp,2026/04/14-17:10:24.809368,1,2,5,,,5,320704,
vcomp_run1,vcomp,2026/04/14-17:10:24.809392,1,2,7,,,6,386454,
vcomp_run1,vcomp,2026/04/14-17:10:24.810094,1,2,8,,,9,671277,
vcomp_run1,vcomp,2026/04/14-17:10:24.814486,0,1,7,,,8,465644,
vcomp_run1,vcomp,2026/04/14-17:10:24.814856,1,2,2,,,2,167228,
vcomp_run1,vcomp,2026/04/14-17:10:24.815141,1,2,6,,,5,373596,
vcomp_run1,vcomp,2026/04/14-17:10:24.815372,1,2,7,,,4,445350,
vcomp_run1,vcomp,2026/04/14-17:10:24.815687,1,2,7,,,8,531595,
vcomp_run1,vcomp,2026/04/14-17:10:24.820703,0,1,8,,,8,466993,
vcomp_run1,vcomp,2026/04/14-17:10:24.821202,1,2,3,,,3,301673,
vcomp_run1,vcomp,2026/04/14-17:10:24.821471,1,2,5,,,3,306023,
vcomp_run1,vcomp,2026/04/14-17:10:24.821483,1,2,6,,,5,352662,
vcomp_run1,vcomp,2026/04/14-17:10:24.821750,1,2,7,,,7,555805,
vcomp_run1,vcomp,2026/04/14-17:10:24.826590,0,1,8,,,8,476305,
vcomp_run1,vcomp,2026/04/14-17:10:24.826978,1,2,4,,,3,196649,
vcomp_run1,vcomp,2026/04/14-17:10:24.827343,1,2,3,,,3,209813,
vcomp_run1,vcomp,2026/04/14-17:10:24.827358,1,2,5,,,5,307483,
vcomp_run1,vcomp,2026/04/14-17:10:24.827382,1,2,4,,,4,214297,
vcomp_run1,vcomp,2026/04/14-17:10:24.828107,1,2,10,,,9,747902,
vcomp_run1,vcomp,2026/04/14-17:10:24.832459,0,1,7,,,7,479637,
vcomp_run1,vcomp,2026/04/14-17:10:24.833080,1,2,5,,,5,402737,
vcomp_run1,vcomp,2026/04/14-17:10:24.833383,1,2,4,,,5,410715,
vcomp_run1,vcomp,2026/04/14-17:10:24.833410,1,2,7,,,6,494444,
vcomp_run1,vcomp,2026/04/14-17:10:24.838601,0,1,8,,,8,509855,
vcomp_run1,vcomp,2026/04/14-17:10:24.839046,1,2,3,,,3,230585,
vcomp_run1,vcomp,2026/04/14-17:10:24.839374,1,2,6,,,6,400983,
vcomp_run1,vcomp,2026/04/14-17:10:24.839386,1,2,6,,,6,427526,
vcomp_run1,vcomp,2026/04/14-17:10:24.839661,1,2,6,,,5,500166,
vcomp_run1,vcomp,2026/04/14-17:10:24.840254,2,3,2,,,3,138229,
vcomp_run1,vcomp,2026/04/14-17:10:24.840263,2,3,2,,,3,165543,
vcomp_run1,vcomp,2026/04/14-17:10:24.844692,0,1,8,,,9,521867,
vcomp_run1,vcomp,2026/04/14-17:10:24.845153,1,2,4,,,3,248228,
vcomp_run1,vcomp,2026/04/14-17:10:24.845463,1,2,3,,,3,199964,
vcomp_run1,vcomp,2026/04/14-17:10:24.845475,1,2,4,,,4,273084,
vcomp_run1,vcomp,2026/04/14-17:10:24.845508,1,2,5,,,4,357928,
vcomp_run1,vcomp,2026/04/14-17:10:24.845930,1,2,6,,,5,415372,
vcomp_run1,vcomp,2026/04/14-17:10:24.846461,1,2,8,,,9,609836,
vcomp_run1,vcomp,2026/04/14-17:10:24.847000,2,3,2,,,2,80017,
vcomp_run1,vcomp,2026/04/14-17:10:24.847009,2,3,2,,,3,195950,
vcomp_run1,vcomp,2026/04/14-17:10:24.847267,2,3,3,,,4,222797,
vcomp_run1,vcomp,2026/04/14-17:10:24.850525,0,1,7,,,7,453722,
vcomp_run1,vcomp,2026/04/14-17:10:24.850865,1,2,3,,,2,118112,
vcomp_run1,vcomp,2026/04/14-17:10:24.851156,1,2,4,,,4,362922,
vcomp_run1,vcomp,2026/04/14-17:10:24.851411,1,2,6,,,6,488620,
vcomp_run1,vcomp,2026/04/14-17:10:24.851727,1,2,9,,,8,771970,
vcomp_run1,vcomp,2026/04/14-17:10:24.852261,2,3,2,,,3,155054,
vcomp_run1,vcomp,2026/04/14-17:10:24.852620,2,3,2,,,3,161454,
vcomp_run1,vcomp,2026/04/14-17:10:24.856747,0,1,7,,,8,484863,
vcomp_run1,vcomp,2026/04/14-17:10:24.857297,1,2,3,,,3,254955,
vcomp_run1,vcomp,2026/04/14-17:10:24.857522,1,2,3,,,3,205853,
vcomp_run1,vcomp,2026/04/14-17:10:24.857542,1,2,6,,,5,387722,
vcomp_run1,vcomp,2026/04/14-17:10:24.857906,1,2,6,,,5,469792,
vcomp_run1,vcomp,2026/04/14-17:10:24.858402,2,3,2,,,3,182916,
vcomp_run1,vcomp,2026/04/14-17:10:24.858822,2,3,3,,,4,253076,
vcomp_run1,vcomp,2026/04/14-17:10:24.862868,0,1,8,,,8,505414,
vcomp_run1,vcomp,2026/04/14-17:10:24.863311,1,2,4,,,4,233187,
vcomp_run1,vcomp,2026/04/14-17:10:24.863599,1,2,4,,,4,259519,
vcomp_run1,vcomp,2026/04/14-17:10:24.863612,1,2,6,,,4,336155,
vcomp_run1,vcomp,2026/04/14-17:10:24.863994,1,2,7,,,7,606977,
vcomp_run1,vcomp,2026/04/14-17:10:24.864538,2,3,2,,,3,148219,
vcomp_run1,vcomp,2026/04/14-17:10:24.864884,2,3,2,,,3,148282,
vcomp_run1,vcomp,2026/04/14-17:10:24.865216,2,3,2,,,3,159620,
vcomp_run1,vcomp,2026/04/14-17:10:24.868776,0,1,8,,,8,503070,
vcomp_run1,vcomp,2026/04/14-17:10:24.869194,1,2,2,,,2,178978,
vcomp_run1,vcomp,2026/04/14-17:10:24.869460,1,2,4,,,5,318791,
vcomp_run1,vcomp,2026/04/14-17:10:24.869753,1,2,5,,,5,425274,
vcomp_run1,vcomp,2026/04/14-17:10:24.869785,1,2,6,,,5,521413,
vcomp_run1,vcomp,2026/04/14-17:10:24.870414,2,3,3,,,5,272175,
vcomp_run1,vcomp,2026/04/14-17:10:24.870877,2,3,2,,,4,239107,
vcomp_run1,vcomp,2026/04/14-17:10:24.874771,0,1,8,,,8,509410,
vcomp_run1,vcomp,2026/04/14-17:10:24.875235,1,2,4,,,4,264772,
vcomp_run1,vcomp,2026/04/14-17:10:24.875508,1,2,4,,,3,273914,
vcomp_run1,vcomp,2026/04/14-17:10:24.875520,1,2,4,,,4,368647,
vcomp_run1,vcomp,2026/04/14-17:10:24.875791,1,2,6,,,5,466804,
vcomp_run1,vcomp,2026/04/14-17:10:24.876310,2,3,3,,,3,158970,
vcomp_run1,vcomp,2026/04/14-17:10:24.876760,2,3,4,,,5,265306,
vcomp_run1,vcomp,2026/04/14-17:10:24.877245,2,3,3,,,5,271239,
vcomp_run1,vcomp,2026/04/14-17:10:24.880750,0,1,8,,,8,487677,
vcomp_run1,vcomp,2026/04/14-17:10:24.881118,1,2,3,,,3,143962,
vcomp_run1,vcomp,2026/04/14-17:10:24.881453,1,2,5,,,5,373343,
vcomp_run1,vcomp,2026/04/14-17:10:24.881761,1,2,6,,,5,444052,
vcomp_run1,vcomp,2026/04/14-17:10:24.881806,1,2,6,,,6,488492,
vcomp_run1,vcomp,2026/04/14-17:10:24.882414,2,3,2,,,3,195169,
vcomp_run1,vcomp,2026/04/14-17:10:24.882966,2,3,3,,,5,304250,
vcomp_run1,vcomp,2026/04/14-17:10:24.886764,0,1,8,,,8,499463,
vcomp_run1,vcomp,2026/04/14-17:10:24.887269,1,2,5,,,5,323402,
vcomp_run1,vcomp,2026/04/14-17:10:24.887586,1,2,5,,,5,465647,
vcomp_run1,vcomp,2026/04/14-17:10:24.887613,1,2,5,,,4,393530,
vcomp_run1,vcomp,2026/04/14-17:10:24.888037,1,2,7,,,6,429660,
vcomp_run1,vcomp,2026/04/14-17:10:24.888530,2,3,2,,,3,151875,
vcomp_run1,vcomp,2026/04/14-17:10:24.888979,2,3,2,,,4,259928,
vcomp_run1,vcomp,2026/04/14-17:10:24.892801,0,1,8,,,9,478830,
vcomp_run1,vcomp,2026/04/14-17:10:24.893146,1,2,2,,,1,7818,
vcomp_run1,vcomp,2026/04/14-17:10:24.893520,1,2,3,,,4,224796,
vcomp_run1,vcomp,2026/04/14-17:10:24.893535,1,2,4,,,4,308667,
vcomp_run1,vcomp,2026/04/14-17:10:24.893565,1,2,4,,,4,277106,
vcomp_run1,vcomp,2026/04/14-17:10:24.894190,1,2,4,,,4,312318,
vcomp_run1,vcomp,2026/04/14-17:10:24.894720,2,3,3,,,4,261297,
vcomp_run1,vcomp,2026/04/14-17:10:24.898808,0,1,8,,,8,518747,
vcomp_run1,vcomp,2026/04/14-17:10:24.899300,1,2,4,,,4,308442,
vcomp_run1,vcomp,2026/04/14-17:10:24.899606,1,2,6,,,6,391028,
vcomp_run1,vcomp,2026/04/14-17:10:24.899916,1,2,6,,,6,571370,
vcomp_run1,vcomp,2026/04/14-17:10:24.900207,1,2,6,,,5,377760,
vcomp_run1,vcomp,2026/04/14-17:10:24.900698,2,3,2,,,2,117507,
vcomp_run1,vcomp,2026/04/14-17:10:24.901408,2,3,6,,,7,428002,
vcomp_run1,vcomp,2026/04/14-17:10:24.904949,0,1,8,,,8,518811,
vcomp_run1,vcomp,2026/04/14-17:10:24.905319,1,2,2,,,1,9475,
vcomp_run1,vcomp,2026/04/14-17:10:24.905645,1,2,5,,,4,292847,
vcomp_run1,vcomp,2026/04/14-17:10:24.905658,1,2,5,,,6,343911,
vcomp_run1,vcomp,2026/04/14-17:10:24.905970,1,2,5,,,4,370401,
vcomp_run1,vcomp,2026/04/14-17:10:24.905997,1,2,5,,,5,491855,
vcomp_run1,vcomp,2026/04/14-17:10:24.906647,2,3,2,,,4,225184,
vcomp_run1,vcomp,2026/04/14-17:10:24.907283,2,3,5,,,7,395196,
vcomp_run1,vcomp,2026/04/14-17:10:24.910855,0,1,7,,,9,507357,
vcomp_run1,vcomp,2026/04/14-17:10:24.911259,1,2,3,,,3,143046,
vcomp_run1,vcomp,2026/04/14-17:10:24.911587,1,2,8,,,5,362971,
vcomp_run1,vcomp,2026/04/14-17:10:24.911967,1,2,8,,,7,484503,
vcomp_run1,vcomp,2026/04/14-17:10:24.912003,1,2,6,,,7,485741,
vcomp_run1,vcomp,2026/04/14-17:10:24.912695,2,3,2,,,4,247691,
vcomp_run1,vcomp,2026/04/14-17:10:24.913030,2,3,2,,,2,113296,
vcomp_run1,vcomp,2026/04/14-17:10:24.913365,2,3,2,,,2,113185,
vcomp_run1,vcomp,2026/04/14-17:10:24.916804,0,1,8,,,8,514933,
vcomp_run1,vcomp,2026/04/14-17:10:24.917268,1,2,2,,,2,180196,
vcomp_run1,vcomp,2026/04/14-17:10:24.917549,1,2,6,,,4,410633,
vcomp_run1,vcomp,2026/04/14-17:10:24.917853,1,2,7,,,7,507676,
vcomp_run1,vcomp,2026/04/14-17:10:24.918161,1,2,5,,,5,371739,
vcomp_run1,vcomp,2026/04/14-17:10:24.918506,1,2,9,,,10,692333,
vcomp_run1,vcomp,2026/04/14-17:10:24.918854,2,3,2,,,2,113984,
vcomp_run1,vcomp,2026/04/14-17:10:24.919165,2,3,3,,,4,250798,
vcomp_run1,vcomp,2026/04/14-17:10:24.919178,2,3,4,,,4,252984,
vcomp_run1,vcomp,2026/04/14-17:10:24.919499,2,3,4,,,5,319421,
vcomp_run1,vcomp,2026/04/14-17:10:24.922935,0,1,7,,,8,479166,
vcomp_run1,vcomp,2026/04/14-17:10:24.923373,1,2,2,,,2,160088,
vcomp_run1,vcomp,2026/04/14-17:10:24.923643,1,2,4,,,4,275571,
vcomp_run1,vcomp,2026/04/14-17:10:24.923928,1,2,5,,,5,418982,
vcomp_run1,vcomp,2026/04/14-17:10:24.924279,1,2,11,,,11,754181,
vcomp_run1,vcomp,2026/04/14-17:10:24.925043,2,3,5,,,6,381417,
vcomp_run1,vcomp,2026/04/14-17:10:24.925491,2,3,4,,,4,212801,
vcomp_run1,vcomp,2026/04/14-17:10:24.928942,0,1,8,,,9,493038,
vcomp_run1,vcomp,2026/04/14-17:10:24.929557,1,2,5,,,4,357022,
vcomp_run1,vcomp,2026/04/14-17:10:24.929945,1,2,3,,,3,293156,
vcomp_run1,vcomp,2026/04/14-17:10:24.929960,1,2,6,,,5,447571,
vcomp_run1,vcomp,2026/04/14-17:10:24.929992,1,2,7,,,7,479826,
vcomp_run1,vcomp,2026/04/14-17:10:24.930507,2,3,2,,,2,124309,
vcomp_run1,vcomp,2026/04/14-17:10:24.930897,2,3,3,,,3,164736,
vcomp_run1,vcomp,2026/04/14-17:10:24.931285,2,3,3,,,3,133445,
vcomp_run1,vcomp,2026/04/14-17:10:24.931651,2,3,3,,,3,149500,
vcomp_run1,vcomp,2026/04/14-17:10:24.934994,0,1,9,,,8,505629,
vcomp_run1,vcomp,2026/04/14-17:10:24.935488,1,2,4,,,4,222203,
vcomp_run1,vcomp,2026/04/14-17:10:24.935827,1,2,3,,,4,291402,
vcomp_run1,vcomp,2026/04/14-17:10:24.935845,1,2,3,,,3,253070,
vcomp_run1,vcomp,2026/04/14-17:10:24.936189,1,2,5,,,6,441492,
vcomp_run1,vcomp,2026/04/14-17:10:24.936753,2,3,4,,,4,239771,
vcomp_run1,vcomp,2026/04/14-17:10:24.937219,2,3,2,,,4,226699,
vcomp_run1,vcomp,2026/04/14-17:10:24.937740,2,3,3,,,5,276021,
vcomp_run1,vcomp,2026/04/14-17:10:24.941077,0,1,8,,,9,523073,
vcomp_run1,vcomp,2026/04/14-17:10:24.941459,1,2,4,,,2,142402,
vcomp_run1,vcomp,2026/04/14-17:10:24.941863,1,2,5,,,6,318823,
vcomp_run1,vcomp,2026/04/14-17:10:24.942230,1,2,5,,,6,387554,
vcomp_run1,vcomp,2026/04/14-17:10:24.942304,1,2,5,,,5,301124,
vcomp_run1,vcomp,2026/04/14-17:10:24.942590,1,2,8,,,7,619006,
vcomp_run1,vcomp,2026/04/14-17:10:24.943130,2,3,3,,,2,123696,
vcomp_run1,vcomp,2026/04/14-17:10:24.943692,2,3,5,,,6,345573,
vcomp_run1,vcomp,2026/04/14-17:10:24.944077,2,3,3,,,2,126076,
vcomp_run1,vcomp,2026/04/14-17:10:24.944578,2,3,4,,,5,285322,
vcomp_run1,vcomp,2026/04/14-17:10:24.947113,0,1,8,,,8,474347,
vcomp_run1,vcomp,2026/04/14-17:10:24.947546,1,2,2,,,2,142578,
vcomp_run1,vcomp,2026/04/14-17:10:24.947867,1,2,3,,,2,183643,
vcomp_run1,vcomp,2026/04/14-17:10:24.947881,1,2,4,,,4,238482,
vcomp_run1,vcomp,2026/04/14-17:10:24.948208,1,2,6,,,6,383347,
vcomp_run1,vcomp,2026/04/14-17:10:24.948745,2,3,3,,,3,189912,
vcomp_run1,vcomp,2026/04/14-17:10:24.949197,2,3,4,,,4,223476,
vcomp_run1,vcomp,2026/04/14-17:10:24.949590,2,3,4,,,3,169778,
vcomp_run1,vcomp,2026/04/14-17:10:24.953080,0,1,8,,,8,500758,
vcomp_run1,vcomp,2026/04/14-17:10:24.953659,1,2,4,,,4,233398,
vcomp_run1,vcomp,2026/04/14-17:10:24.954092,1,2,5,,,6,334055,
vcomp_run1,vcomp,2026/04/14-17:10:24.954107,1,2,7,,,7,455618,
vcomp_run1,vcomp,2026/04/14-17:10:24.954148,1,2,8,,,8,506993,
vcomp_run1,vcomp,2026/04/14-17:10:24.954715,2,3,2,,,2,117219,
vcomp_run1,vcomp,2026/04/14-17:10:24.955189,2,3,3,,,4,197038,
vcomp_run1,vcomp,2026/04/14-17:10:24.955611,2,3,4,,,3,187450,
vcomp_run1,vcomp,2026/04/14-17:10:24.955999,2,3,3,,,3,137672,
vcomp_run1,vcomp,2026/04/14-17:10:24.959202,0,1,8,,,9,521976,
vcomp_run1,vcomp,2026/04/14-17:10:24.959760,1,2,5,,,5,255922,
vcomp_run1,vcomp,2026/04/14-17:10:24.960204,1,2,5,,,4,317560,
vcomp_run1,vcomp,2026/04/14-17:10:24.960217,1,2,6,,,5,305831,
vcomp_run1,vcomp,2026/04/14-17:10:24.960268,1,2,5,,,5,327422,
vcomp_run1,vcomp,2026/04/14-17:10:24.960660,1,2,8,,,7,484951,
vcomp_run1,vcomp,2026/04/14-17:10:24.961210,2,3,2,,,2,107193,
vcomp_run1,vcomp,2026/04/14-17:10:24.961649,2,3,3,,,4,200755,
vcomp_run1,vcomp,2026/04/14-17:10:24.962114,2,3,4,,,4,255194,
vcomp_run1,vcomp,2026/04/14-17:10:24.962635,2,3,5,,,5,287416,
vcomp_run1,vcomp,2026/04/14-17:10:24.965422,0,1,8,,,9,522761,
vcomp_run1,vcomp,2026/04/14-17:10:24.965832,1,2,3,,,3,168221,
vcomp_run1,vcomp,2026/04/14-17:10:24.966234,1,2,5,,,4,261709,
vcomp_run1,vcomp,2026/04/14-17:10:24.966246,1,2,3,,,3,279080,
vcomp_run1,vcomp,2026/04/14-17:10:24.966275,1,2,4,,,5,386559,
vcomp_run1,vcomp,2026/04/14-17:10:24.966876,2,3,4,,,4,258508,
vcomp_run1,vcomp,2026/04/14-17:10:24.967665,1,2,7,,,7,514025,
vcomp_run1,vcomp,2026/04/14-17:10:24.968162,2,3,3,,,4,199027,
vcomp_run1,vcomp,2026/04/14-17:10:24.968739,2,3,4,,,6,339560,
vcomp_run1,vcomp,2026/04/14-17:10:24.971432,0,1,8,,,7,469554,
vcomp_run1,vcomp,2026/04/14-17:10:24.972003,1,2,4,,,5,273804,
vcomp_run1,vcomp,2026/04/14-17:10:24.972392,1,2,6,,,5,313735,
vcomp_run1,vcomp,2026/04/14-17:10:24.972426,1,2,7,,,6,430860,
vcomp_run1,vcomp,2026/04/14-17:10:24.972737,1,2,7,,,5,385742,
vcomp_run1,vcomp,2026/04/14-17:10:24.973401,2,3,4,,,4,230494,
vcomp_run1,vcomp,2026/04/14-17:10:24.974074,2,3,6,,,7,442737,
vcomp_run1,vcomp,2026/04/14-17:10:24.974521,2,3,3,,,3,180368,
vcomp_run1,vcomp,2026/04/14-17:10:24.977913,0,1,7,,,7,488555,
vcomp_run1,vcomp,2026/04/14-17:10:24.978546,1,2,4,,,4,269086,
vcomp_run1,vcomp,2026/04/14-17:10:24.978894,1,2,7,,,7,451703,
vcomp_run1,vcomp,2026/04/14-17:10:24.978932,1,2,4,,,5,349600,
vcomp_run1,vcomp,2026/04/14-17:10:24.979527,1,2,11,,,11,784157,
vcomp_run1,vcomp,2026/04/14-17:10:24.980130,2,3,3,,,3,145319,
vcomp_run1,vcomp,2026/04/14-17:10:24.980595,2,3,3,,,4,201090,
vcomp_run1,vcomp,2026/04/14-17:10:24.981007,2,3,3,,,3,179191,
vcomp_run1,vcomp,2026/04/14-17:10:24.981529,2,3,4,,,5,269128,
vcomp_run1,vcomp,2026/04/14-17:10:24.985462,0,1,7,,,7,491766,
vcomp_run1,vcomp,2026/04/14-17:10:24.985881,1,2,3,,,3,169889,
vcomp_run1,vcomp,2026/04/14-17:10:24.986247,1,2,6,,,7,466949,
vcomp_run1,vcomp,2026/04/14-17:10:24.986630,1,2,6,,,7,436387,
vcomp_run1,vcomp,2026/04/14-17:10:24.986680,1,2,8,,,9,492158,
vcomp_run1,vcomp,2026/04/14-17:10:24.987377,2,3,2,,,4,259407,
vcomp_run1,vcomp,2026/04/14-17:10:24.987743,2,3,2,,,2,111942,
vcomp_run1,vcomp,2026/04/14-17:10:24.988177,2,3,3,,,3,166508,
vcomp_run1,vcomp,2026/04/14-17:10:24.992977,0,1,7,,,8,473095,
vcomp_run1,vcomp,2026/04/14-17:10:24.993453,1,2,4,,,4,256639,
vcomp_run1,vcomp,2026/04/14-17:10:24.993834,1,2,5,,,6,306485,
vcomp_run1,vcomp,2026/04/14-17:10:24.993846,1,2,6,,,7,389952,
vcomp_run1,vcomp,2026/04/14-17:10:24.994509,1,2,15,,,13,830211,
vcomp_run1,vcomp,2026/04/14-17:10:24.995157,2,3,3,,,3,159575,
vcomp_run1,vcomp,2026/04/14-17:10:24.995579,2,3,3,,,3,188899,
vcomp_run1,vcomp,2026/04/14-17:10:24.995998,2,3,3,,,3,185845,
vcomp_run1,vcomp,2026/04/14-17:10:24.996511,2,3,4,,,5,282323,
vcomp_run1,vcomp,2026/04/14-17:10:24.999843,0,1,8,,,8,487245,
vcomp_run1,vcomp,2026/04/14-17:10:25.000283,1,2,3,,,3,164108,
vcomp_run1,vcomp,2026/04/14-17:10:25.000583,1,2,4,,,4,248391,
vcomp_run1,vcomp,2026/04/14-17:10:25.000981,1,2,9,,,8,551281,
vcomp_run1,vcomp,2026/04/14-17:10:25.001012,1,2,6,,,7,435707,
vcomp_run1,vcomp,2026/04/14-17:10:25.001702,2,3,3,,,4,205969,
vcomp_run1,vcomp,2026/04/14-17:10:25.002153,2,3,3,,,3,159551,
vcomp_run1,vcomp,2026/04/14-17:10:25.002663,2,3,4,,,4,246172,
vcomp_run1,vcomp,2026/04/14-17:10:25.006031,0,1,8,,,9,519689,
vcomp_run1,vcomp,2026/04/14-17:10:25.006477,1,2,2,,,2,102413,
vcomp_run1,vcomp,2026/04/14-17:10:25.006801,1,2,3,,,3,155099,
vcomp_run1,vcomp,2026/04/14-17:10:25.006815,1,2,5,,,4,256809,
vcomp_run1,vcomp,2026/04/14-17:10:25.007239,1,2,8,,,8,513252,
vcomp_run1,vcomp,2026/04/14-17:10:25.007280,1,2,5,,,4,243957,
vcomp_run1,vcomp,2026/04/14-17:10:25.007836,2,3,2,,,2,104830,
vcomp_run1,vcomp,2026/04/14-17:10:25.008294,2,3,3,,,3,188183,
vcomp_run1,vcomp,2026/04/14-17:10:25.008775,2,3,4,,,4,238412,
vcomp_run1,vcomp,2026/04/14-17:10:25.009187,2,3,3,,,3,157988,
vcomp_run1,vcomp,2026/04/14-17:10:25.009632,2,3,4,,,4,203287,
vcomp_run1,vcomp,2026/04/14-17:10:25.012133,0,1,8,,,8,513343,
vcomp_run1,vcomp,2026/04/14-17:10:25.012526,1,2,3,,,3,183297,
vcomp_run1,vcomp,2026/04/14-17:10:25.012890,1,2,7,,,7,443308,
vcomp_run1,vcomp,2026/04/14-17:10:25.013334,1,2,8,,,7,456686,
vcomp_run1,vcomp,2026/04/14-17:10:25.013364,1,2,7,,,10,510647,
vcomp_run1,vcomp,2026/04/14-17:10:25.013906,2,3,3,,,3,169220,
vcomp_run1,vcomp,2026/04/14-17:10:25.014267,2,3,3,,,3,176692,
vcomp_run1,vcomp,2026/04/14-17:10:25.014685,2,3,4,,,4,223617,
vcomp_run1,vcomp,2026/04/14-17:10:25.015041,2,3,3,,,3,156595,
vcomp_run1,vcomp,2026/04/14-17:10:25.018163,0,1,8,,,8,516031,
vcomp_run1,vcomp,2026/04/14-17:10:25.018694,1,2,5,,,4,255223,
vcomp_run1,vcomp,2026/04/14-17:10:25.019166,1,2,6,,,5,362569,
vcomp_run1,vcomp,2026/04/14-17:10:25.019182,1,2,6,,,5,334507,
vcomp_run1,vcomp,2026/04/14-17:10:25.019564,1,2,8,,,7,460894,
vcomp_run1,vcomp,2026/04/14-17:10:25.019966,1,2,10,,,10,655329,
vcomp_run1,vcomp,2026/04/14-17:10:25.020391,2,3,3,,,3,132226,
vcomp_run1,vcomp,2026/04/14-17:10:25.020910,2,3,2,,,2,90548,
vcomp_run1,vcomp,2026/04/14-17:10:25.020925,2,3,4,,,4,212495,
vcomp_run1,vcomp,2026/04/14-17:10:25.020938,2,3,6,,,6,359455,
vcomp_run1,vcomp,2026/04/14-17:10:25.020953,2,3,5,,,4,261383,
vcomp_run1,vcomp,2026/04/14-17:10:25.020986,2,3,5,,,5,303357,
vcomp_run1,vcomp,2026/04/14-17:10:25.024170,0,1,7,,,8,475006,
vcomp_run1,vcomp,2026/04/14-17:10:25.024707,1,2,5,,,5,336064,
vcomp_run1,vcomp,2026/04/14-17:10:25.025074,1,2,6,,,7,394870,
vcomp_run1,vcomp,2026/04/14-17:10:25.025113,1,2,8,,,8,527247,
vcomp_run1,vcomp,2026/04/14-17:10:25.025671,2,3,3,,,2,107569,
vcomp_run1,vcomp,2026/04/14-17:10:25.026179,2,3,4,,,4,232457,
vcomp_run1,vcomp,2026/04/14-17:10:25.026679,2,3,4,,,4,245217,
vcomp_run1,vcomp,2026/04/14-17:10:25.030345,0,1,9,,,8,515884,
vcomp_run1,vcomp,2026/04/14-17:10:25.030877,1,2,3,,,4,226855,
vcomp_run1,vcomp,2026/04/14-17:10:25.031218,1,2,4,,,4,265627,
vcomp_run1,vcomp,2026/04/14-17:10:25.031619,1,2,7,,,8,500447,
vcomp_run1,vcomp,2026/04/14-17:10:25.032061,1,2,10,,,10,600884,
vcomp_run1,vcomp,2026/04/14-17:10:25.032758,2,3,3,,,4,201337,
vcomp_run1,vcomp,2026/04/14-17:10:25.033208,2,3,4,,,3,186521,
vcomp_run1,vcomp,2026/04/14-17:10:25.033762,2,3,5,,,5,285326,
vcomp_run1,vcomp,2026/04/14-17:10:25.034203,2,3,3,,,3,177244,
vcomp_run1,vcomp,2026/04/14-17:10:25.037430,0,1,8,,,9,518660,
vcomp_run1,vcomp,2026/04/14-17:10:25.037864,1,2,2,,,1,75447,
vcomp_run1,vcomp,2026/04/14-17:10:25.038334,1,2,4,,,5,298947,
vcomp_run1,vcomp,2026/04/14-17:10:25.038347,1,2,5,,,5,316966,
vcomp_run1,vcomp,2026/04/14-17:10:25.038665,1,2,7,,,7,420297,
vcomp_run1,vcomp,2026/04/14-17:10:25.039016,1,2,5,,,5,316586,
vcomp_run1,vcomp,2026/04/14-17:10:25.039593,2,3,3,,,4,204922,
vcomp_run1,vcomp,2026/04/14-17:10:25.040064,2,3,3,,,3,195129,
vcomp_run1,vcomp,2026/04/14-17:10:25.040619,2,3,5,,,5,274714,
vcomp_run1,vcomp,2026/04/14-17:10:25.041078,2,3,3,,,3,178437,
vcomp_run1,vcomp,2026/04/14-17:10:25.044986,0,1,8,,,9,519462,
vcomp_run1,vcomp,2026/04/14-17:10:25.045624,1,2,6,,,6,323639,
vcomp_run1,vcomp,2026/04/14-17:10:25.046084,1,2,6,,,6,376073,
vcomp_run1,vcomp,2026/04/14-17:10:25.046097,1,2,6,,,6,369528,
vcomp_run1,vcomp,2026/04/14-17:10:25.046139,1,2,6,,,7,391246,
vcomp_run1,vcomp,2026/04/14-17:10:25.046817,2,3,3,,,2,99431,
vcomp_run1,vcomp,2026/04/14-17:10:25.047269,2,3,3,,,3,182126,
vcomp_run1,vcomp,2026/04/14-17:10:25.047727,2,3,3,,,3,176179,
vcomp_run1,vcomp,2026/04/14-17:10:25.048172,2,3,4,,,3,186829,
vcomp_run1,vcomp,2026/04/14-17:10:25.048643,2,3,4,,,3,191273,
vcomp_run1,vcomp,2026/04/14-17:10:25.052830,0,1,8,,,9,523734,
vcomp_run1,vcomp,2026/04/14-17:10:25.053513,1,2,6,,,6,356685,
vcomp_run1,vcomp,2026/04/14-17:10:25.053994,1,2,5,,,5,309538,
vcomp_run1,vcomp,2026/04/14-17:10:25.054008,1,2,5,,,4,322194,
vcomp_run1,vcomp,2026/04/14-17:10:25.054042,1,2,8,,,8,464846,
vcomp_run1,vcomp,2026/04/14-17:10:25.054432,1,2,9,,,8,493480,
vcomp_run1,vcomp,2026/04/14-17:10:25.054925,2,3,3,,,3,187296,
vcomp_run1,vcomp,2026/04/14-17:10:25.055372,2,3,3,,,3,171341,
vcomp_run1,vcomp,2026/04/14-17:10:25.055386,2,3,5,,,5,324192,
vcomp_run1,vcomp,2026/04/14-17:10:25.055399,2,3,5,,,5,265176,
vcomp_run1,vcomp,2026/04/14-17:10:25.055430,2,3,5,,,5,279627,
vcomp_run1,vcomp,2026/04/14-17:10:25.058815,0,1,8,,,8,466059,
vcomp_run1,vcomp,2026/04/14-17:10:25.059396,1,2,4,,,4,199547,
vcomp_run1,vcomp,2026/04/14-17:10:25.059887,1,2,5,,,5,318518,
vcomp_run1,vcomp,2026/04/14-17:10:25.059908,1,2,5,,,5,351374,
vcomp_run1,vcomp,2026/04/14-17:10:25.059959,1,2,6,,,7,393481,
vcomp_run1,vcomp,2026/04/14-17:10:25.060607,2,3,2,,,2,121686,
vcomp_run1,vcomp,2026/04/14-17:10:25.061069,2,3,3,,,3,170851,
vcomp_run1,vcomp,2026/04/14-17:10:25.061567,2,3,4,,,4,233344,
vcomp_run1,vcomp,2026/04/14-17:10:25.062084,2,3,4,,,4,250581,
vcomp_run1,vcomp,2026/04/14-17:10:25.066497,0,1,8,,,8,512628,
vcomp_run1,vcomp,2026/04/14-17:10:25.067095,1,2,4,,,4,260280,
vcomp_run1,vcomp,2026/04/14-17:10:25.067580,1,2,6,,,5,276125,
vcomp_run1,vcomp,2026/04/14-17:10:25.067593,1,2,7,,,6,440780,
vcomp_run1,vcomp,2026/04/14-17:10:25.067642,1,2,7,,,8,469449,
vcomp_run1,vcomp,2026/04/14-17:10:25.068396,2,3,3,,,3,188584,
vcomp_run1,vcomp,2026/04/14-17:10:25.068895,2,3,3,,,3,189304,
vcomp_run1,vcomp,2026/04/14-17:10:25.069355,2,3,3,,,3,176785,
vcomp_run1,vcomp,2026/04/14-17:10:25.069999,2,3,5,,,5,309108,
vcomp_run1,vcomp,2026/04/14-17:10:25.074233,0,1,8,,,8,522241,
vcomp_run1,vcomp,2026/04/14-17:10:25.074788,1,2,4,,,4,213854,
vcomp_run1,vcomp,2026/04/14-17:10:25.075241,1,2,4,,,5,278879,
vcomp_run1,vcomp,2026/04/14-17:10:25.075255,1,2,4,,,4,266208,
vcomp_run1,vcomp,2026/04/14-17:10:25.075288,1,2,8,,,8,448200,
vcomp_run1,vcomp,2026/04/14-17:10:25.075643,1,2,7,,,6,380507,
vcomp_run1,vcomp,2026/04/14-17:10:25.076306,2,3,3,,,3,191331,
vcomp_run1,vcomp,2026/04/14-17:10:25.076874,2,3,4,,,4,242577,
vcomp_run1,vcomp,2026/04/14-17:10:25.077321,2,3,3,,,3,148528,
vcomp_run1,vcomp,2026/04/14-17:10:25.077878,2,3,5,,,5,309079,
vcomp_run1,vcomp,2026/04/14-17:10:25.078550,2,3,7,,,6,369992,
vcomp_run1,vcomp,2026/04/14-17:10:25.080833,0,1,7,,,8,473643,
vcomp_run1,vcomp,2026/04/14-17:10:25.081415,1,2,5,,,5,296549,
vcomp_run1,vcomp,2026/04/14-17:10:25.081812,1,2,5,,,6,333719,
vcomp_run1,vcomp,2026/04/14-17:10:25.081824,1,2,4,,,4,277979,
vcomp_run1,vcomp,2026/04/14-17:10:25.082262,1,2,12,,,12,753311,
vcomp_run1,vcomp,2026/04/14-17:10:25.082934,2,3,3,,,3,177424,
vcomp_run1,vcomp,2026/04/14-17:10:25.083464,2,3,4,,,4,258434,
vcomp_run1,vcomp,2026/04/14-17:10:25.083949,2,3,3,,,3,178122,
vcomp_run1,vcomp,2026/04/14-17:10:25.087060,0,1,8,,,9,496419,
vcomp_run1,vcomp,2026/04/14-17:10:25.087710,1,2,5,,,6,332545,
vcomp_run1,vcomp,2026/04/14-17:10:25.088184,1,2,6,,,5,338695,
vcomp_run1,vcomp,2026/04/14-17:10:25.088196,1,2,5,,,5,279942,
vcomp_run1,vcomp,2026/04/14-17:10:25.088241,1,2,9,,,8,501830,
vcomp_run1,vcomp,2026/04/14-17:10:25.088923,2,3,3,,,3,142584,
vcomp_run1,vcomp,2026/04/14-17:10:25.089326,2,3,2,,,2,92203,
vcomp_run1,vcomp,2026/04/14-17:10:25.089771,2,3,3,,,3,177754,
vcomp_run1,vcomp,2026/04/14-17:10:25.090294,2,3,4,,,4,261719,
vcomp_run1,vcomp,2026/04/14-17:10:25.090819,2,3,4,,,4,207928,
vcomp_run1,vcomp,2026/04/14-17:10:25.093141,0,1,9,,,9,520850,
vcomp_run1,vcomp,2026/04/14-17:10:25.093558,1,2,2,,,1,12357,
vcomp_run1,vcomp,2026/04/14-17:10:25.093972,1,2,4,,,4,246442,
vcomp_run1,vcomp,2026/04/14-17:10:25.093987,1,2,6,,,6,375158,
vcomp_run1,vcomp,2026/04/14-17:10:25.094453,1,2,7,,,7,426587,
vcomp_run1,vcomp,2026/04/14-17:10:25.094496,1,2,7,,,8,521854,
vcomp_run1,vcomp,2026/04/14-17:10:25.095299,2,3,4,,,4,198879,
vcomp_run1,vcomp,2026/04/14-17:10:25.095798,2,3,3,,,3,166184,
vcomp_run1,vcomp,2026/04/14-17:10:25.096431,2,3,5,,,5,284834,
vcomp_run1,vcomp,2026/04/14-17:10:25.096992,2,3,4,,,4,252845,
vcomp_run1,vcomp,2026/04/14-17:10:25.097668,2,3,5,,,5,289355,
vcomp_run1,vcomp,2026/04/14-17:10:25.099164,0,1,8,,,9,506259,
vcomp_run1,vcomp,2026/04/14-17:10:25.099642,1,2,3,,,4,179351,
vcomp_run1,vcomp,2026/04/14-17:10:25.100140,1,2,5,,,5,306981,
vcomp_run1,vcomp,2026/04/14-17:10:25.100152,1,2,5,,,5,337319,
vcomp_run1,vcomp,2026/04/14-17:10:25.100165,1,2,9,,,7,402370,
vcomp_run1,vcomp,2026/04/14-17:10:25.100562,1,2,9,,,10,609549,
vcomp_run1,vcomp,2026/04/14-17:10:25.101208,2,3,2,,,2,101129,
vcomp_run1,vcomp,2026/04/14-17:10:25.101667,2,3,3,,,3,182649,
vcomp_run1,vcomp,2026/04/14-17:10:25.102206,2,3,4,,,4,249696,
vcomp_run1,vcomp,2026/04/14-17:10:25.102705,2,3,3,,,3,173415,
vcomp_run1,vcomp,2026/04/14-17:10:25.103288,2,3,4,,,4,258729,
vcomp_run1,vcomp,2026/04/14-17:10:25.105215,0,1,7,,,8,481579,
vcomp_run1,vcomp,2026/04/14-17:10:25.105782,1,2,4,,,4,232856,
vcomp_run1,vcomp,2026/04/14-17:10:25.106185,1,2,3,,,3,228514,
vcomp_run1,vcomp,2026/04/14-17:10:25.106203,1,2,7,,,8,480956,
vcomp_run1,vcomp,2026/04/14-17:10:25.106690,1,2,13,,,12,772277,
vcomp_run1,vcomp,2026/04/14-17:10:25.107480,2,3,5,,,5,268766,
vcomp_run1,vcomp,2026/04/14-17:10:25.108067,2,3,4,,,4,253308,
vcomp_run1,vcomp,2026/04/14-17:10:25.108594,2,3,4,,,4,243506,
vcomp_run1,vcomp,2026/04/14-17:10:25.109203,2,3,5,,,5,288634,
vcomp_run1,vcomp,2026/04/14-17:10:25.111384,0,1,8,,,8,481957,
vcomp_run1,vcomp,2026/04/14-17:10:25.111852,1,2,3,,,3,189162,
vcomp_run1,vcomp,2026/04/14-17:10:25.112277,1,2,3,,,3,159052,
vcomp_run1,vcomp,2026/04/14-17:10:25.112294,1,2,5,,,4,264210,
vcomp_run1,vcomp,2026/04/14-17:10:25.112674,1,2,6,,,6,387559,
vcomp_run1,vcomp,2026/04/14-17:10:25.113363,2,3,4,,,4,249111,
vcomp_run1,vcomp,2026/04/14-17:10:25.113992,2,3,5,,,5,318211,
vcomp_run1,vcomp,2026/04/14-17:10:25.114708,2,3,6,,,7,408946,
vcomp_run1,vcomp,2026/04/14-17:10:25.115336,2,3,5,,,5,315062,
vcomp_run1,vcomp,2026/04/14-17:10:25.117542,0,1,8,,,9,513365,
vcomp_run1,vcomp,2026/04/14-17:10:25.118091,1,2,3,,,4,205647,
vcomp_run1,vcomp,2026/04/14-17:10:25.118552,1,2,5,,,5,323509,
vcomp_run1,vcomp,2026/04/14-17:10:25.118565,1,2,4,,,3,213538,
vcomp_run1,vcomp,2026/04/14-17:10:25.118577,1,2,6,,,6,375041,
vcomp_run1,vcomp,2026/04/14-17:10:25.118985,1,2,8,,,8,519628,
vcomp_run1,vcomp,2026/04/14-17:10:25.119722,2,3,4,,,4,225750,
vcomp_run1,vcomp,2026/04/14-17:10:25.120228,2,3,3,,,3,166830,
vcomp_run1,vcomp,2026/04/14-17:10:25.120869,2,3,5,,,5,303003,
vcomp_run1,vcomp,2026/04/14-17:10:25.121748,1,2,7,,,7,446583,
vcomp_run1,vcomp,2026/04/14-17:10:25.122304,2,3,4,,,4,220102,
vcomp_run1,vcomp,2026/04/14-17:10:25.122988,2,3,5,,,5,317861,
vcomp_run1,vcomp,2026/04/14-17:10:25.123495,0,1,7,,,7,455884,
vcomp_run1,vcomp,2026/04/14-17:10:25.124208,1,2,6,,,5,358207,
vcomp_run1,vcomp,2026/04/14-17:10:25.124650,1,2,8,,,7,432834,
vcomp_run1,vcomp,2026/04/14-17:10:25.124708,1,2,7,,,7,478160,
vcomp_run1,vcomp,2026/04/14-17:10:25.125373,2,3,3,,,3,185098,
vcomp_run1,vcomp,2026/04/14-17:10:25.126019,2,3,6,,,6,359310,
vcomp_run1,vcomp,2026/04/14-17:10:25.126668,2,3,5,,,5,275532,
vcomp_run1,vcomp,2026/04/14-17:10:25.129678,0,1,8,,,8,508450,
vcomp_run1,vcomp,2026/04/14-17:10:25.130383,1,2,5,,,6,348490,
vcomp_run1,vcomp,2026/04/14-17:10:25.130847,1,2,5,,,5,311189,
vcomp_run1,vcomp,2026/04/14-17:10:25.130860,1,2,6,,,5,343746,
vcomp_run1,vcomp,2026/04/14-17:10:25.130896,1,2,6,,,6,406587,
vcomp_run1,vcomp,2026/04/14-17:10:25.131599,2,3,3,,,3,188047,
vcomp_run1,vcomp,2026/04/14-17:10:25.132223,2,3,4,,,4,255604,
vcomp_run1,vcomp,2026/04/14-17:10:25.132892,2,3,5,,,5,297958,
vcomp_run1,vcomp,2026/04/14-17:10:25.133512,2,3,4,,,4,251162,
vcomp_run1,vcomp,2026/04/14-17:10:25.135698,0,1,8,,,8,513508,
vcomp_run1,vcomp,2026/04/14-17:10:25.136382,1,2,5,,,5,314440,
vcomp_run1,vcomp,2026/04/14-17:10:25.136864,1,2,5,,,6,363166,
vcomp_run1,vcomp,2026/04/14-17:10:25.136878,1,2,5,,,5,331191,
vcomp_run1,vcomp,2026/04/14-17:10:25.136915,1,2,7,,,6,433608,
vcomp_run1,vcomp,2026/04/14-17:10:25.137578,2,3,3,,,3,167800,
vcomp_run1,vcomp,2026/04/14-17:10:25.138284,2,3,6,,,6,349591,
vcomp_run1,vcomp,2026/04/14-17:10:25.139026,2,3,7,,,7,414647,
vcomp_run1,vcomp,2026/04/14-17:10:25.139795,2,3,6,,,7,408285,
vcomp_run1,vcomp,2026/04/14-17:10:25.141808,0,1,8,,,8,495577,
vcomp_run1,vcomp,2026/04/14-17:10:25.142382,1,2,5,,,5,334490,
vcomp_run1,vcomp,2026/04/14-17:10:25.142887,1,2,5,,,6,339248,
vcomp_run1,vcomp,2026/04/14-17:10:25.142898,1,2,6,,,6,405886,
vcomp_run1,vcomp,2026/04/14-17:10:25.142936,1,2,8,,,7,443329,
vcomp_run1,vcomp,2026/04/14-17:10:25.143754,2,3,5,,,5,277707,
vcomp_run1,vcomp,2026/04/14-17:10:25.144499,2,3,6,,,6,381031,
vcomp_run1,vcomp,2026/04/14-17:10:25.145171,2,3,6,,,6,351041,
vcomp_run1,vcomp,2026/04/14-17:10:25.145842,2,3,7,,,6,381655,
vcomp_run1,vcomp,2026/04/14-17:10:25.147846,0,1,8,,,8,476887,
vcomp_run1,vcomp,2026/04/14-17:10:25.148369,1,2,3,,,4,190016,
vcomp_run1,vcomp,2026/04/14-17:10:25.148724,1,2,6,,,7,407852,
vcomp_run1,vcomp,2026/04/14-17:10:25.149140,1,2,8,,,9,575009,
vcomp_run1,vcomp,2026/04/14-17:10:25.149519,1,2,7,,,7,478787,
vcomp_run1,vcomp,2026/04/14-17:10:25.150227,2,3,5,,,4,255543,
vcomp_run1,vcomp,2026/04/14-17:10:25.150714,2,3,3,,,3,180733,
vcomp_run1,vcomp,2026/04/14-17:10:25.151186,2,3,3,,,3,175076,
vcomp_run1,vcomp,2026/04/14-17:10:25.151798,2,3,5,,,5,288317,
vcomp_run1,vcomp,2026/04/14-17:10:25.154030,0,1,8,,,8,455425,
vcomp_run1,vcomp,2026/04/14-17:10:25.154581,1,2,4,,,2,106811,
vcomp_run1,vcomp,2026/04/14-17:10:25.155078,1,2,6,,,6,319620,
vcomp_run1,vcomp,2026/04/14-17:10:25.155090,1,2,7,,,7,410352,
vcomp_run1,vcomp,2026/04/14-17:10:25.155143,1,2,8,,,8,479798,
vcomp_run1,vcomp,2026/04/14-17:10:25.155933,2,3,3,,,3,147552,
vcomp_run1,vcomp,2026/04/14-17:10:25.156397,2,3,3,,,2,90472,
vcomp_run1,vcomp,2026/04/14-17:10:25.156870,2,3,3,,,3,165449,
vcomp_run1,vcomp,2026/04/14-17:10:25.157436,2,3,4,,,4,246897,
vcomp_run1,vcomp,2026/04/14-17:10:25.157980,2,3,4,,,4,245112,
vcomp_run1,vcomp,2026/04/14-17:10:25.160213,0,1,8,,,9,524066,
vcomp_run1,vcomp,2026/04/14-17:10:25.160719,1,2,2,,,3,122559,
vcomp_run1,vcomp,2026/04/14-17:10:25.161274,1,2,5,,,5,301985,
vcomp_run1,vcomp,2026/04/14-17:10:25.161289,1,2,5,,,5,339284,
vcomp_run1,vcomp,2026/04/14-17:10:25.161659,1,2,8,,,9,581229,
vcomp_run1,vcomp,2026/04/14-17:10:25.162103,1,2,7,,,7,392344,
vcomp_run1,vcomp,2026/04/14-17:10:25.162771,2,3,5,,,4,259494,
vcomp_run1,vcomp,2026/04/14-17:10:25.163340,2,3,4,,,4,231894,
vcomp_run1,vcomp,2026/04/14-17:10:25.163975,2,3,5,,,5,312684,
vcomp_run1,vcomp,2026/04/14-17:10:25.164641,2,3,5,,,5,300131,
vcomp_run1,vcomp,2026/04/14-17:10:25.165332,2,3,6,,,5,326549,
vcomp_run1,vcomp,2026/04/14-17:10:25.166589,0,1,8,,,8,483153,
vcomp_run1,vcomp,2026/04/14-17:10:25.167090,1,2,3,,,2,132627,
vcomp_run1,vcomp,2026/04/14-17:10:25.167494,1,2,4,,,4,223260,
vcomp_run1,vcomp,2026/04/14-17:10:25.167506,1,2,6,,,6,398042,
vcomp_run1,vcomp,2026/04/14-17:10:25.167914,1,2,7,,,7,438397,
vcomp_run1,vcomp,2026/04/14-17:10:25.168615,2,3,4,,,4,234619,
vcomp_run1,vcomp,2026/04/14-17:10:25.169286,2,3,6,,,6,356609,
vcomp_run1,vcomp,2026/04/14-17:10:25.169947,2,3,6,,,6,349275,
vcomp_run1,vcomp,2026/04/14-17:10:25.172764,0,1,8,,,8,517625,
vcomp_run1,vcomp,2026/04/14-17:10:25.173358,1,2,5,,,5,322995,
vcomp_run1,vcomp,2026/04/14-17:10:25.173766,1,2,5,,,5,308004,
vcomp_run1,vcomp,2026/04/14-17:10:25.173780,1,2,6,,,6,415080,
vcomp_run1,vcomp,2026/04/14-17:10:25.174204,1,2,12,,,11,734104,
vcomp_run1,vcomp,2026/04/14-17:10:25.174909,2,3,3,,,3,160486,
vcomp_run1,vcomp,2026/04/14-17:10:25.175441,2,3,4,,,4,199520,
vcomp_run1,vcomp,2026/04/14-17:10:25.176085,2,3,5,,,5,292073,
vcomp_run1,vcomp,2026/04/14-17:10:25.176776,2,3,6,,,5,312532,
vcomp_run1,vcomp,2026/04/14-17:10:25.178863,0,1,8,,,9,513716,
vcomp_run1,vcomp,2026/04/14-17:10:25.179490,1,2,3,,,3,155467,
vcomp_run1,vcomp,2026/04/14-17:10:25.180028,1,2,4,,,4,277170,
vcomp_run1,vcomp,2026/04/14-17:10:25.180044,1,2,5,,,5,329182,
vcomp_run1,vcomp,2026/04/14-17:10:25.180058,1,2,7,,,8,479520,
vcomp_run1,vcomp,2026/04/14-17:10:25.180495,1,2,8,,,8,453070,
vcomp_run1,vcomp,2026/04/14-17:10:25.181213,2,3,3,,,3,177216,
vcomp_run1,vcomp,2026/04/14-17:10:25.181864,2,3,5,,,6,332981,
vcomp_run1,vcomp,2026/04/14-17:10:25.182363,2,3,3,,,3,171423,
vcomp_run1,vcomp,2026/04/14-17:10:25.183051,2,3,5,,,5,307239,
vcomp_run1,vcomp,2026/04/14-17:10:25.183719,2,3,6,,,6,348214,
vcomp_run1,vcomp,2026/04/14-17:10:25.184965,0,1,8,,,8,483377,
vcomp_run1,vcomp,2026/04/14-17:10:25.185575,1,2,4,,,4,265911,
vcomp_run1,vcomp,2026/04/14-17:10:25.185998,1,2,3,,,3,161434,
vcomp_run1,vcomp,2026/04/14-17:10:25.186011,1,2,6,,,6,419889,
vcomp_run1,vcomp,2026/04/14-17:10:25.186534,1,2,12,,,12,744556,
vcomp_run1,vcomp,2026/04/14-17:10:25.187291,2,3,4,,,4,205921,
vcomp_run1,vcomp,2026/04/14-17:10:25.187793,2,3,3,,,2,118809,
vcomp_run1,vcomp,2026/04/14-17:10:25.188347,2,3,4,,,4,246997,
vcomp_run1,vcomp,2026/04/14-17:10:25.189030,2,3,6,,,5,306842,
vcomp_run1,vcomp,2026/04/14-17:10:25.189644,2,3,5,,,5,266272,
vcomp_run1,vcomp,2026/04/14-17:10:25.191099,0,1,8,,,8,508242,
vcomp_run1,vcomp,2026/04/14-17:10:25.191599,1,2,3,,,4,196145,
vcomp_run1,vcomp,2026/04/14-17:10:25.192006,1,2,4,,,4,245996,
vcomp_run1,vcomp,2026/04/14-17:10:25.192022,1,2,7,,,5,362649,
vcomp_run1,vcomp,2026/04/14-17:10:25.192426,1,2,9,,,9,557610,
vcomp_run1,vcomp,2026/04/14-17:10:25.193208,2,3,4,,,5,262217,
vcomp_run1,vcomp,2026/04/14-17:10:25.193777,2,3,4,,,4,248088,
vcomp_run1,vcomp,2026/04/14-17:10:25.194377,2,3,5,,,5,273484,
vcomp_run1,vcomp,2026/04/14-17:10:25.195110,2,3,6,,,6,328068,
vcomp_run1,vcomp,2026/04/14-17:10:25.197222,0,1,8,,,8,517689,
vcomp_run1,vcomp,2026/04/14-17:10:25.197768,1,2,4,,,4,225080,
vcomp_run1,vcomp,2026/04/14-17:10:25.198352,1,2,5,,,6,358051,
vcomp_run1,vcomp,2026/04/14-17:10:25.198364,1,2,5,,,6,333050,
vcomp_run1,vcomp,2026/04/14-17:10:25.198379,1,2,5,,,6,321999,
vcomp_run1,vcomp,2026/04/14-17:10:25.198413,1,2,6,,,7,408276,
vcomp_run1,vcomp,2026/04/14-17:10:25.199152,2,3,4,,,4,216217,
vcomp_run1,vcomp,2026/04/14-17:10:25.199692,2,3,4,,,4,247317,
vcomp_run1,vcomp,2026/04/14-17:10:25.200397,2,3,6,,,6,338569,
vcomp_run1,vcomp,2026/04/14-17:10:25.201197,2,3,7,,,8,468639,
vcomp_run1,vcomp,2026/04/14-17:10:25.203330,0,1,7,,,8,467419,
vcomp_run1,vcomp,2026/04/14-17:10:25.203854,1,2,4,,,4,206940,
vcomp_run1,vcomp,2026/04/14-17:10:25.204283,1,2,3,,,3,178113,
vcomp_run1,vcomp,2026/04/14-17:10:25.204299,1,2,6,,,5,324962,
vcomp_run1,vcomp,2026/04/14-17:10:25.204752,1,2,10,,,10,601990,
vcomp_run1,vcomp,2026/04/14-17:10:25.205445,2,3,3,,,3,185755,
vcomp_run1,vcomp,2026/04/14-17:10:25.205983,2,3,4,,,4,225210,
vcomp_run1,vcomp,2026/04/14-17:10:25.206675,2,3,6,,,6,359976,
vcomp_run1,vcomp,2026/04/14-17:10:25.207253,2,3,4,,,4,238421,
vcomp_run1,vcomp,2026/04/14-17:10:25.209518,0,1,8,,,8,502221,
vcomp_run1,vcomp,2026/04/14-17:10:25.210145,1,2,4,,,4,257054,
vcomp_run1,vcomp,2026/04/14-17:10:25.210637,1,2,7,,,7,443826,
vcomp_run1,vcomp,2026/04/14-17:10:25.210658,1,2,9,,,9,540094,
vcomp_run1,vcomp,2026/04/14-17:10:25.211074,1,2,8,,,8,477183,
vcomp_run1,vcomp,2026/04/14-17:10:25.211774,2,3,3,,,3,164088,
vcomp_run1,vcomp,2026/04/14-17:10:25.212560,2,3,7,,,7,411799,
vcomp_run1,vcomp,2026/04/14-17:10:25.213369,2,3,6,,,6,376016,
vcomp_run1,vcomp,2026/04/14-17:10:25.213970,2,3,6,,,5,297093,
vcomp_run1,vcomp,2026/04/14-17:10:25.214730,2,3,7,,,7,416983,
vcomp_run1,vcomp,2026/04/14-17:10:25.215965,0,1,8,,,8,472508,
vcomp_run1,vcomp,2026/04/14-17:10:25.216456,1,2,4,,,3,214583,
vcomp_run1,vcomp,2026/04/14-17:10:25.216893,1,2,3,,,2,130068,
vcomp_run1,vcomp,2026/04/14-17:10:25.216906,1,2,5,,,5,309126,
vcomp_run1,vcomp,2026/04/14-17:10:25.216936,1,2,5,,,5,314369,
vcomp_run1,vcomp,2026/04/14-17:10:25.217635,2,3,4,,,4,208639,
vcomp_run1,vcomp,2026/04/14-17:10:25.218493,1,2,9,,,9,550086,
vcomp_run1,vcomp,2026/04/14-17:10:25.219307,2,3,7,,,7,418169,
vcomp_run1,vcomp,2026/04/14-17:10:25.220090,2,3,6,,,6,351190,
vcomp_run1,vcomp,2026/04/14-17:10:25.220867,2,3,6,,,6,374741,
vcomp_run1,vcomp,2026/04/14-17:10:25.222089,0,1,7,,,8,463062,
vcomp_run1,vcomp,2026/04/14-17:10:25.222830,1,2,5,,,5,309486,
vcomp_run1,vcomp,2026/04/14-17:10:25.223648,1,2,6,,,6,399665,
vcomp_run1,vcomp,2026/04/14-17:10:25.224472,1,2,7,,,7,392871,
vcomp_run1,vcomp,2026/04/14-17:10:25.225418,1,2,7,,,7,474709,
vcomp_run1,vcomp,2026/04/14-17:10:25.225875,2,3,2,,,2,88531,
vcomp_run1,vcomp,2026/04/14-17:10:25.226556,2,3,6,,,6,342218,
vcomp_run1,vcomp,2026/04/14-17:10:25.227588,2,3,7,,,8,469068,
vcomp_run1,vcomp,2026/04/14-17:10:25.228141,0,1,8,,,7,471592,
vcomp_run1,vcomp,2026/04/14-17:10:25.228787,1,2,5,,,6,328631,
vcomp_run1,vcomp,2026/04/14-17:10:25.229244,1,2,7,,,7,453468,
vcomp_run1,vcomp,2026/04/14-17:10:25.229342,1,2,9,,,8,513833,
vcomp_run1,vcomp,2026/04/14-17:10:25.229798,1,2,8,,,8,494177,
vcomp_run1,vcomp,2026/04/14-17:10:25.230462,2,3,3,,,3,164248,
vcomp_run1,vcomp,2026/04/14-17:10:25.230965,2,3,4,,,3,191291,
vcomp_run1,vcomp,2026/04/14-17:10:25.231599,2,3,5,,,5,279124,
vcomp_run1,vcomp,2026/04/14-17:10:25.232297,2,3,5,,,5,309621,
vcomp_run1,vcomp,2026/04/14-17:10:25.233068,2,3,6,,,6,386093,
vcomp_run1,vcomp,2026/04/14-17:10:25.234317,0,1,7,,,8,468145,
vcomp_run1,vcomp,2026/04/14-17:10:25.234803,1,2,3,,,3,191804,
vcomp_run1,vcomp,2026/04/14-17:10:25.235255,1,2,4,,,4,210713,
vcomp_run1,vcomp,2026/04/14-17:10:25.235266,1,2,6,,,5,292572,
vcomp_run1,vcomp,2026/04/14-17:10:25.235302,1,2,7,,,6,353452,
vcomp_run1,vcomp,2026/04/14-17:10:25.236042,2,3,4,,,4,241879,
vcomp_run1,vcomp,2026/04/14-17:10:25.236673,2,3,5,,,5,288250,
vcomp_run1,vcomp,2026/04/14-17:10:25.237519,2,3,8,,,8,486909,
vcomp_run1,vcomp,2026/04/14-17:10:25.240538,0,1,8,,,8,520961,
vcomp_run1,vcomp,2026/04/14-17:10:25.241124,1,2,4,,,5,276705,
vcomp_run1,vcomp,2026/04/14-17:10:25.241633,1,2,7,,,6,399660,
vcomp_run1,vcomp,2026/04/14-17:10:25.241650,1,2,6,,,6,397288,
vcomp_run1,vcomp,2026/04/14-17:10:25.241686,1,2,7,,,7,444648,
vcomp_run1,vcomp,2026/04/14-17:10:25.242508,2,3,4,,,4,250163,
vcomp_run1,vcomp,2026/04/14-17:10:25.243285,2,3,6,,,6,353336,
vcomp_run1,vcomp,2026/04/14-17:10:25.244122,2,3,7,,,7,402947,
vcomp_run1,vcomp,2026/04/14-17:10:25.244942,2,3,7,,,8,470282,
vcomp_run1,vcomp,2026/04/14-17:10:25.246660,0,1,8,,,8,511505,
vcomp_run1,vcomp,2026/04/14-17:10:25.247336,1,2,5,,,4,283426,
vcomp_run1,vcomp,2026/04/14-17:10:25.247926,1,2,6,,,7,417164,
vcomp_run1,vcomp,2026/04/14-17:10:25.247939,1,2,6,,,7,410293,
vcomp_run1,vcomp,2026/04/14-17:10:25.247980,1,2,6,,,6,336312,
vcomp_run1,vcomp,2026/04/14-17:10:25.248399,1,2,8,,,8,469608,
vcomp_run1,vcomp,2026/04/14-17:10:25.249236,2,3,5,,,5,285999,
vcomp_run1,vcomp,2026/04/14-17:10:25.250032,2,3,6,,,6,363574,
vcomp_run1,vcomp,2026/04/14-17:10:25.250731,2,3,6,,,6,337014,
vcomp_run1,vcomp,2026/04/14-17:10:25.251429,2,3,6,,,6,363731,
vcomp_run1,vcomp,2026/04/14-17:10:25.252705,0,1,7,,,7,470345,
vcomp_run1,vcomp,2026/04/14-17:10:25.253514,1,2,6,,,7,398634,
vcomp_run1,vcomp,2026/04/14-17:10:25.253992,1,2,8,,,8,466371,
vcomp_run1,vcomp,2026/04/14-17:10:25.254028,1,2,6,,,6,402206,
vcomp_run1,vcomp,2026/04/14-17:10:25.254905,2,3,6,,,6,327961,
vcomp_run1,vcomp,2026/04/14-17:10:25.255635,2,3,6,,,6,377062,
vcomp_run1,vcomp,2026/04/14-17:10:25.256338,2,3,5,,,5,311035,
vcomp_run1,vcomp,2026/04/14-17:10:25.257144,2,3,7,,,6,381119,
vcomp_run1,vcomp,2026/04/14-17:10:25.258782,0,1,8,,,8,505292,
vcomp_run1,vcomp,2026/04/14-17:10:25.259453,1,2,5,,,5,315786,
vcomp_run1,vcomp,2026/04/14-17:10:25.259973,1,2,6,,,5,367936,
vcomp_run1,vcomp,2026/04/14-17:10:25.259987,1,2,7,,,7,406221,
vcomp_run1,vcomp,2026/04/14-17:10:25.260019,1,2,6,,,6,388972,
vcomp_run1,vcomp,2026/04/14-17:10:25.260942,2,3,6,,,6,390096,
vcomp_run1,vcomp,2026/04/14-17:10:25.261672,2,3,6,,,6,391177,
vcomp_run1,vcomp,2026/04/14-17:10:25.262378,2,3,6,,,6,353495,
vcomp_run1,vcomp,2026/04/14-17:10:25.263144,2,3,7,,,7,400289,
vcomp_run1,vcomp,2026/04/14-17:10:25.264914,0,1,8,,,9,496928,
vcomp_run1,vcomp,2026/04/14-17:10:25.265401,1,2,2,,,1,25244,
vcomp_run1,vcomp,2026/04/14-17:10:25.265787,1,2,4,,,4,276575,
vcomp_run1,vcomp,2026/04/14-17:10:25.266308,1,2,7,,,7,449303,
vcomp_run1,vcomp,2026/04/14-17:10:25.266344,1,2,7,,,7,477029,
vcomp_run1,vcomp,2026/04/14-17:10:25.266724,1,2,4,,,4,250871,
vcomp_run1,vcomp,2026/04/14-17:10:25.267538,2,3,5,,,5,297428,
vcomp_run1,vcomp,2026/04/14-17:10:25.268399,2,3,7,,,7,431665,
vcomp_run1,vcomp,2026/04/14-17:10:25.269335,2,3,8,,,8,498980,
vcomp_run1,vcomp,2026/04/14-17:10:25.271113,0,1,8,,,8,507382,
vcomp_run1,vcomp,2026/04/14-17:10:25.271833,1,2,5,,,5,282776,
vcomp_run1,vcomp,2026/04/14-17:10:25.272413,1,2,8,,,8,455873,
vcomp_run1,vcomp,2026/04/14-17:10:25.272427,1,2,9,,,9,550213,
vcomp_run1,vcomp,2026/04/14-17:10:25.272489,1,2,7,,,7,476619,
vcomp_run1,vcomp,2026/04/14-17:10:25.273294,2,3,3,,,3,157448,
vcomp_run1,vcomp,2026/04/14-17:10:25.273882,2,3,4,,,4,224882,
vcomp_run1,vcomp,2026/04/14-17:10:25.274554,2,3,5,,,5,286706,
vcomp_run1,vcomp,2026/04/14-17:10:25.275001,2,3,2,,,2,83910,
vcomp_run1,vcomp,2026/04/14-17:10:25.275932,2,3,8,,,9,524564,
vcomp_run1,vcomp,2026/04/14-17:10:25.276676,2,3,6,,,6,340509,
vcomp_run1,vcomp,2026/04/14-17:10:25.277177,0,1,8,,,7,468067,
vcomp_run1,vcomp,2026/04/14-17:10:25.277936,1,2,5,,,4,248461,
vcomp_run1,vcomp,2026/04/14-17:10:25.278733,1,2,6,,,6,337181,
vcomp_run1,vcomp,2026/04/14-17:10:25.279621,1,2,7,,,8,478099,
vcomp_run1,vcomp,2026/04/14-17:10:25.280161,2,3,3,,,3,133073,
vcomp_run1,vcomp,2026/04/14-17:10:25.280753,2,3,4,,,4,249960,
vcomp_run1,vcomp,2026/04/14-17:10:25.281624,1,2,8,,,7,465926,
vcomp_run1,vcomp,2026/04/14-17:10:25.282286,2,3,5,,,5,294226,
vcomp_run1,vcomp,2026/04/14-17:10:25.283026,2,3,5,,,5,322303,
vcomp_run1,vcomp,2026/04/14-17:10:25.283520,0,1,7,,,7,450167,
vcomp_run1,vcomp,2026/04/14-17:10:25.284251,1,2,6,,,7,395869,
vcomp_run1,vcomp,2026/04/14-17:10:25.284713,1,2,5,,,6,338814,
vcomp_run1,vcomp,2026/04/14-17:10:25.284751,1,2,8,,,8,480738,
vcomp_run1,vcomp,2026/04/14-17:10:25.285496,2,3,5,,,4,246021,
vcomp_run1,vcomp,2026/04/14-17:10:25.286306,2,3,7,,,6,379219,
vcomp_run1,vcomp,2026/04/14-17:10:25.287017,2,3,6,,,6,349360,
vcomp_run1,vcomp,2026/04/14-17:10:25.287831,2,3,8,,,8,463539,
vcomp_run1,vcomp,2026/04/14-17:10:25.289657,0,1,8,,,8,518622,
vcomp_run1,vcomp,2026/04/14-17:10:25.290267,1,2,4,,,5,270158,
vcomp_run1,vcomp,2026/04/14-17:10:25.290726,1,2,4,,,4,211753,
vcomp_run1,vcomp,2026/04/14-17:10:25.290739,1,2,6,,,7,410149,
vcomp_run1,vcomp,2026/04/14-17:10:25.291204,1,2,10,,,10,607173,
vcomp_run1,vcomp,2026/04/14-17:10:25.291680,1,2,8,,,7,466028,
vcomp_run1,vcomp,2026/04/14-17:10:25.292535,2,3,4,,,4,240545,
vcomp_run1,vcomp,2026/04/14-17:10:25.293172,2,3,5,,,5,316972,
vcomp_run1,vcomp,2026/04/14-17:10:25.293708,2,3,4,,,3,173293,
vcomp_run1,vcomp,2026/04/14-17:10:25.294563,2,3,7,,,7,410635,
vcomp_run1,vcomp,2026/04/14-17:10:25.295532,2,3,7,,,6,385164,
vcomp_run1,vcomp,2026/04/14-17:10:25.295997,0,1,7,,,8,463514,
vcomp_run1,vcomp,2026/04/14-17:10:25.296831,1,2,6,,,6,344902,
vcomp_run1,vcomp,2026/04/14-17:10:25.297559,1,2,6,,,6,360939,
vcomp_run1,vcomp,2026/04/14-17:10:25.298195,1,2,5,,,5,301832,
vcomp_run1,vcomp,2026/04/14-17:10:25.298715,2,3,3,,,3,176735,
vcomp_run1,vcomp,2026/04/14-17:10:25.299488,1,2,8,,,7,451014,
vcomp_run1,vcomp,2026/04/14-17:10:25.300161,2,3,5,,,5,273878,
vcomp_run1,vcomp,2026/04/14-17:10:25.300978,2,3,7,,,7,394620,
vcomp_run1,vcomp,2026/04/14-17:10:25.301862,2,3,7,,,7,410385,
vcomp_run1,vcomp,2026/04/14-17:10:25.302284,0,1,8,,,8,473416,
vcomp_run1,vcomp,2026/04/14-17:10:25.302827,1,2,4,,,4,227907,
vcomp_run1,vcomp,2026/04/14-17:10:25.303312,1,2,6,,,5,290695,
vcomp_run1,vcomp,2026/04/14-17:10:25.303325,1,2,6,,,7,405502,
vcomp_run1,vcomp,2026/04/14-17:10:25.303767,1,2,10,,,10,633131,
vcomp_run1,vcomp,2026/04/14-17:10:25.304503,2,3,4,,,3,187361,
vcomp_run1,vcomp,2026/04/14-17:10:25.305136,2,3,5,,,4,261354,
vcomp_run1,vcomp,2026/04/14-17:10:25.305896,2,3,6,,,6,384686,
vcomp_run1,vcomp,2026/04/14-17:10:25.306730,2,3,6,,,6,373151,
vcomp_run1,vcomp,2026/04/14-17:10:25.308395,0,1,8,,,9,502817,
vcomp_run1,vcomp,2026/04/14-17:10:25.308970,1,2,4,,,4,246960,
vcomp_run1,vcomp,2026/04/14-17:10:25.309411,1,2,4,,,4,271249,
vcomp_run1,vcomp,2026/04/14-17:10:25.309427,1,2,6,,,7,399665,
vcomp_run1,vcomp,2026/04/14-17:10:25.309876,1,2,10,,,11,663597,
vcomp_run1,vcomp,2026/04/14-17:10:25.310506,2,3,2,,,2,81428,
vcomp_run1,vcomp,2026/04/14-17:10:25.311211,2,3,6,,,6,349767,
vcomp_run1,vcomp,2026/04/14-17:10:25.312078,2,3,6,,,7,393338,
vcomp_run1,vcomp,2026/04/14-17:10:25.312846,2,3,7,,,6,386266,
vcomp_run1,vcomp,2026/04/14-17:10:25.314554,0,1,9,,,9,522878,
vcomp_run1,vcomp,2026/04/14-17:10:25.315099,1,2,3,,,3,159568,
vcomp_run1,vcomp,2026/04/14-17:10:25.315686,1,2,4,,,4,247822,
vcomp_run1,vcomp,2026/04/14-17:10:25.315698,1,2,5,,,5,307876,
vcomp_run1,vcomp,2026/04/14-17:10:25.315711,1,2,6,,,7,385083,
vcomp_run1,vcomp,2026/04/14-17:10:25.315747,1,2,7,,,7,399053,
vcomp_run1,vcomp,2026/04/14-17:10:25.316744,2,3,6,,,6,351434,
vcomp_run1,vcomp,2026/04/14-17:10:25.317487,2,3,6,,,6,358476,
vcomp_run1,vcomp,2026/04/14-17:10:25.318255,2,3,6,,,6,387058,
vcomp_run1,vcomp,2026/04/14-17:10:25.319110,2,3,8,,,7,450422,
vcomp_run1,vcomp,2026/04/14-17:10:25.320701,0,1,8,,,9,500307,
vcomp_run1,vcomp,2026/04/14-17:10:25.321319,1,2,4,,,4,252351,
vcomp_run1,vcomp,2026/04/14-17:10:25.321869,1,2,5,,,5,328057,
vcomp_run1,vcomp,2026/04/14-17:10:25.321889,1,2,7,,,7,447306,
vcomp_run1,vcomp,2026/04/14-17:10:25.322418,1,2,9,,,8,471674,
vcomp_run1,vcomp,2026/04/14-17:10:25.322470,1,2,6,,,6,335018,
vcomp_run1,vcomp,2026/04/14-17:10:25.323443,2,3,5,,,5,307120,
vcomp_run1,vcomp,2026/04/14-17:10:25.324149,2,3,6,,,6,341554,
vcomp_run1,vcomp,2026/04/14-17:10:25.325049,2,3,7,,,7,444528,
vcomp_run1,vcomp,2026/04/14-17:10:25.326203,2,3,8,,,7,450194,
vcomp_run1,vcomp,2026/04/14-17:10:25.326646,2,3,8,,,8,463920,
vcomp_run1,vcomp,2026/04/14-17:10:25.327094,0,1,8,,,8,463883,
vcomp_run1,vcomp,2026/04/14-17:10:25.327800,1,2,3,,,3,176369,
vcomp_run1,vcomp,2026/04/14-17:10:25.328542,1,2,7,,,6,390676,
vcomp_run1,vcomp,2026/04/14-17:10:25.329480,1,2,7,,,7,429823,
vcomp_run1,vcomp,2026/04/14-17:10:25.330297,2,3,6,,,6,357757,
vcomp_run1,vcomp,2026/04/14-17:10:25.331025,2,3,6,,,6,338632,
vcomp_run1,vcomp,2026/04/14-17:10:25.331934,1,2,7,,,7,450836,
vcomp_run1,vcomp,2026/04/14-17:10:25.332745,2,3,7,,,7,398519,
vcomp_run1,vcomp,2026/04/14-17:10:25.333190,2,3,7,,,7,398844,
vcomp_run1,vcomp,2026/04/14-17:10:25.333626,0,1,8,,,8,461371,
vcomp_run1,vcomp,2026/04/14-17:10:25.334247,1,2,3,,,1,66114,
vcomp_run1,vcomp,2026/04/14-17:10:25.334843,1,2,4,,,4,245083,
vcomp_run1,vcomp,2026/04/14-17:10:25.335773,1,2,7,,,8,445850,
vcomp_run1,vcomp,2026/04/14-17:10:25.336552,1,2,7,,,7,399312,
vcomp_run1,vcomp,2026/04/14-17:10:25.337345,2,3,6,,,6,343601,
vcomp_run1,vcomp,2026/04/14-17:10:25.338296,2,3,7,,,7,405386,
vcomp_run1,vcomp,2026/04/14-17:10:25.339068,2,3,6,,,6,367992,
vcomp_run1,vcomp,2026/04/14-17:10:25.339515,1,2,7,,,7,441996,
vcomp_run1,vcomp,2026/04/14-17:10:25.340305,2,3,7,,,6,380472,
vcomp_run1,vcomp,2026/04/14-17:10:25.340791,0,1,7,,,8,464919,
vcomp_run1,vcomp,2026/04/14-17:10:25.341503,1,2,6,,,6,358665,
vcomp_run1,vcomp,2026/04/14-17:10:25.342045,1,2,6,,,5,359363,
vcomp_run1,vcomp,2026/04/14-17:10:25.342089,1,2,7,,,7,423340,
vcomp_run1,vcomp,2026/04/14-17:10:25.343249,2,3,8,,,8,496737,
vcomp_run1,vcomp,2026/04/14-17:10:25.343984,1,2,5,,,6,330095,
vcomp_run1,vcomp,2026/04/14-17:10:25.344616,2,3,4,,,4,226701,
vcomp_run1,vcomp,2026/04/14-17:10:25.345512,2,3,7,,,7,424464,
vcomp_run1,vcomp,2026/04/14-17:10:25.345936,2,3,8,,,7,447044,
vcomp_run1,vcomp,2026/04/14-17:10:25.346381,0,1,8,,,8,482080,
vcomp_run1,vcomp,2026/04/14-17:10:25.347192,1,2,5,,,5,285184,
vcomp_run1,vcomp,2026/04/14-17:10:25.347936,1,2,6,,,5,330573,
vcomp_run1,vcomp,2026/04/14-17:10:25.348856,1,2,7,,,7,440105,
vcomp_run1,vcomp,2026/04/14-17:10:25.349379,1,2,3,,,3,128018,
vcomp_run1,vcomp,2026/04/14-17:10:25.350301,2,3,9,,,8,518286,
vcomp_run1,vcomp,2026/04/14-17:10:25.351000,2,3,5,,,5,304454,
vcomp_run1,vcomp,2026/04/14-17:10:25.351837,1,2,8,,,7,447952,
vcomp_run1,vcomp,2026/04/14-17:10:25.352517,2,3,6,,,6,365578,
vcomp_run1,vcomp,2026/04/14-17:10:25.353006,2,3,8,,,7,456080,
vcomp_run1,vcomp,2026/04/14-17:10:25.353050,0,1,7,,,8,464771,
vcomp_run1,vcomp,2026/04/14-17:10:25.354045,1,2,6,,,7,390761,
vcomp_run1,vcomp,2026/04/14-17:10:25.354716,1,2,4,,,4,196770,
vcomp_run1,vcomp,2026/04/14-17:10:25.355608,1,2,8,,,7,478906,
vcomp_run1,vcomp,2026/04/14-17:10:25.356354,2,3,6,,,6,332065,
vcomp_run1,vcomp,2026/04/14-17:10:25.357233,2,3,7,,,7,400585,
vcomp_run1,vcomp,2026/04/14-17:10:25.358051,2,3,8,,,7,455616,
vcomp_run1,vcomp,2026/04/14-17:10:25.358654,0,1,9,,,9,523690,
vcomp_run1,vcomp,2026/04/14-17:10:25.359218,1,2,3,,,2,82790,
vcomp_run1,vcomp,2026/04/14-17:10:25.359822,1,2,4,,,4,231491,
vcomp_run1,vcomp,2026/04/14-17:10:25.359833,1,2,6,,,7,399371,
vcomp_run1,vcomp,2026/04/14-17:10:25.359845,1,2,6,,,6,375216,
vcomp_run1,vcomp,2026/04/14-17:10:25.359887,1,2,6,,,6,386769,
vcomp_run1,vcomp,2026/04/14-17:10:25.360870,2,3,5,,,5,323620,
vcomp_run1,vcomp,2026/04/14-17:10:25.361626,2,3,6,,,6,368765,
vcomp_run1,vcomp,2026/04/14-17:10:25.362417,2,3,6,,,6,385727,
vcomp_run1,vcomp,2026/04/14-17:10:25.363266,2,3,6,,,6,356237,
vcomp_run1,vcomp,2026/04/14-17:10:25.364143,2,3,7,,,6,388192,
vcomp_run1,vcomp,2026/04/14-17:10:25.364854,0,1,8,,,8,517543,
vcomp_run1,vcomp,2026/04/14-17:10:25.365530,1,2,4,,,5,266916,
vcomp_run1,vcomp,2026/04/14-17:10:25.366128,1,2,7,,,7,434794,
vcomp_run1,vcomp,2026/04/14-17:10:25.366208,1,2,10,,,10,596313,
vcomp_run1,vcomp,2026/04/14-17:10:25.366614,1,2,10,,,10,631324,
vcomp_run1,vcomp,2026/04/14-17:10:25.367573,2,3,6,,,6,344335,
vcomp_run1,vcomp,2026/04/14-17:10:25.368519,2,3,8,,,8,503771,
vcomp_run1,vcomp,2026/04/14-17:10:25.369384,2,3,7,,,7,447538,
vcomp_run1,vcomp,2026/04/14-17:10:25.370428,2,3,7,,,7,451189,
vcomp_run1,vcomp,2026/04/14-17:10:25.370867,0,1,8,,,8,482126,
vcomp_run1,vcomp,2026/04/14-17:10:25.371576,1,2,5,,,5,288390,
vcomp_run1,vcomp,2026/04/14-17:10:25.372136,1,2,6,,,6,375205,
vcomp_run1,vcomp,2026/04/14-17:10:25.372151,1,2,8,,,7,393532,
vcomp_run1,vcomp,2026/04/14-17:10:25.372193,1,2,9,,,9,564984,
vcomp_run1,vcomp,2026/04/14-17:10:25.373019,2,3,5,,,4,243064,
vcomp_run1,vcomp,2026/04/14-17:10:25.373730,2,3,5,,,5,305870,
vcomp_run1,vcomp,2026/04/14-17:10:25.374457,2,3,6,,,6,349349,
vcomp_run1,vcomp,2026/04/14-17:10:25.375461,2,3,8,,,8,472923,
vcomp_run1,vcomp,2026/04/14-17:10:25.376998,0,1,8,,,9,501011,
vcomp_run1,vcomp,2026/04/14-17:10:25.377544,1,2,4,,,4,200356,
vcomp_run1,vcomp,2026/04/14-17:10:25.378055,1,2,4,,,4,229177,
vcomp_run1,vcomp,2026/04/14-17:10:25.378067,1,2,4,,,5,258438,
vcomp_run1,vcomp,2026/04/14-17:10:25.378080,1,2,6,,,6,404946,
vcomp_run1,vcomp,2026/04/14-17:10:25.378550,1,2,11,,,11,691144,
vcomp_run1,vcomp,2026/04/14-17:10:25.379485,2,3,6,,,6,380597,
vcomp_run1,vcomp,2026/04/14-17:10:25.380220,2,3,6,,,6,392622,
vcomp_run1,vcomp,2026/04/14-17:10:25.380972,2,3,6,,,6,370204,
vcomp_run1,vcomp,2026/04/14-17:10:25.381818,2,3,6,,,6,382040,
vcomp_run1,vcomp,2026/04/14-17:10:25.383116,0,1,8,,,8,486749,
vcomp_run1,vcomp,2026/04/14-17:10:25.383679,1,2,4,,,4,238800,
vcomp_run1,vcomp,2026/04/14-17:10:25.384163,1,2,4,,,4,226909,
vcomp_run1,vcomp,2026/04/14-17:10:25.384177,1,2,5,,,5,270247,
vcomp_run1,vcomp,2026/04/14-17:10:25.384632,1,2,7,,,8,468412,
vcomp_run1,vcomp,2026/04/14-17:10:25.385457,2,3,4,,,4,247587,
vcomp_run1,vcomp,2026/04/14-17:10:25.386204,2,3,6,,,6,351784,
vcomp_run1,vcomp,2026/04/14-17:10:25.387073,2,3,8,,,7,422811,
vcomp_run1,vcomp,2026/04/14-17:10:25.387634,2,3,3,,,3,153965,
vcomp_run1,vcomp,2026/04/14-17:10:25.388771,2,3,8,,,7,455052,
vcomp_run1,vcomp,2026/04/14-17:10:25.389485,0,1,8,,,8,500957,
vcomp_run1,vcomp,2026/04/14-17:10:25.390201,1,2,6,,,4,280069,
vcomp_run1,vcomp,2026/04/14-17:10:25.390746,1,2,6,,,5,312989,
vcomp_run1,vcomp,2026/04/14-17:10:25.390761,1,2,7,,,7,447291,
vcomp_run1,vcomp,2026/04/14-17:10:25.390807,1,2,6,,,7,395258,
vcomp_run1,vcomp,2026/04/14-17:10:25.391955,2,3,7,,,7,401157,
vcomp_run1,vcomp,2026/04/14-17:10:25.392894,2,3,7,,,7,443616,
vcomp_run1,vcomp,2026/04/14-17:10:25.393924,2,3,9,,,9,566993,
vcomp_run1,vcomp,2026/04/14-17:10:25.395478,0,1,8,,,9,508012,
vcomp_run1,vcomp,2026/04/14-17:10:25.396012,1,2,3,,,3,170871,
vcomp_run1,vcomp,2026/04/14-17:10:25.396582,1,2,3,,,3,189505,
vcomp_run1,vcomp,2026/04/14-17:10:25.396594,1,2,6,,,6,340782,
vcomp_run1,vcomp,2026/04/14-17:10:25.396633,1,2,7,,,7,427773,
vcomp_run1,vcomp,2026/04/14-17:10:25.397089,1,2,6,,,6,329450,
vcomp_run1,vcomp,2026/04/14-17:10:25.398026,2,3,6,,,6,374787,
vcomp_run1,vcomp,2026/04/14-17:10:25.398741,2,3,5,,,5,284897,
vcomp_run1,vcomp,2026/04/14-17:10:25.399498,2,3,6,,,6,381339,
vcomp_run1,vcomp,2026/04/14-17:10:25.400465,2,3,8,,,8,493259,
vcomp_run1,vcomp,2026/04/14-17:10:25.401915,0,1,8,,,8,521126,
vcomp_run1,vcomp,2026/04/14-17:10:25.402572,1,2,5,,,5,280471,
vcomp_run1,vcomp,2026/04/14-17:10:25.403203,1,2,6,,,6,381308,
vcomp_run1,vcomp,2026/04/14-17:10:25.403215,1,2,7,,,7,400439,
vcomp_run1,vcomp,2026/04/14-17:10:25.403254,1,2,6,,,7,415393,
vcomp_run1,vcomp,2026/04/14-17:10:25.404222,2,3,5,,,5,310438,
vcomp_run1,vcomp,2026/04/14-17:10:25.405122,2,3,6,,,6,380105,
vcomp_run1,vcomp,2026/04/14-17:10:25.405994,2,3,6,,,6,357841,
vcomp_run1,vcomp,2026/04/14-17:10:25.406950,2,3,6,,,6,386127,
vcomp_run1,vcomp,2026/04/14-17:10:25.407899,2,3,7,,,7,432672,
vcomp_run1,vcomp,2026/04/14-17:10:25.408550,0,1,8,,,8,503335,
vcomp_run1,vcomp,2026/04/14-17:10:25.409751,1,2,6,,,7,390773,
vcomp_run1,vcomp,2026/04/14-17:10:25.409762,1,2,6,,,6,321104,
vcomp_run1,vcomp,2026/04/14-17:10:25.409840,1,2,6,,,6,365797,
vcomp_run1,vcomp,2026/04/14-17:10:25.410290,1,2,7,,,7,400622,
vcomp_run1,vcomp,2026/04/14-17:10:25.411199,2,3,4,,,2,258462,
vcomp_run1,vcomp,2026/04/14-17:10:25.411903,2,3,4,,,4,238597,
vcomp_run1,vcomp,2026/04/14-17:10:25.412709,2,3,5,,,5,305640,
vcomp_run1,vcomp,2026/04/14-17:10:25.414043,2,3,7,,,7,437815,
vcomp_run1,vcomp,2026/04/14-17:10:25.414539,1,2,6,,,6,334601,
vcomp_run1,vcomp,2026/04/14-17:10:25.415490,2,3,7,,,6,389419,
vcomp_run1,vcomp,2026/04/14-17:10:25.416021,0,1,7,,,8,461964,
vcomp_run1,vcomp,2026/04/14-17:10:25.416802,1,2,4,,,4,259470,
vcomp_run1,vcomp,2026/04/14-17:10:25.417596,1,2,6,,,6,337725,
vcomp_run1,vcomp,2026/04/14-17:10:25.418382,1,2,7,,,6,354704,
vcomp_run1,vcomp,2026/04/14-17:10:25.419146,1,2,6,,,6,339994,
vcomp_run1,vcomp,2026/04/14-17:10:25.420303,2,3,6,,,5,301501,
vcomp_run1,vcomp,2026/04/14-17:10:25.420783,2,3,5,,,5,278833,
vcomp_run1,vcomp,2026/04/14-17:10:25.421540,2,3,7,,,7,447684,
vcomp_run1,vcomp,2026/04/14-17:10:25.421607,0,1,8,,,8,489188,
vcomp_run1,vcomp,2026/04/14-17:10:25.422069,1,2,4,,,4,195644,
vcomp_run1,vcomp,2026/04/14-17:10:25.422698,1,2,4,,,4,254643,
vcomp_run1,vcomp,2026/04/14-17:10:25.422710,1,2,5,,,4,237560,
vcomp_run1,vcomp,2026/04/14-17:10:25.422724,1,2,8,,,8,494013,
vcomp_run1,vcomp,2026/04/14-17:10:25.423786,2,3,7,,,7,446203,
vcomp_run1,vcomp,2026/04/14-17:10:25.424760,2,3,8,,,8,475589,
vcomp_run1,vcomp,2026/04/14-17:10:25.425863,2,3,9,,,9,538305,
vcomp_run1,vcomp,2026/04/14-17:10:25.426897,2,3,9,,,9,551858,
vcomp_run1,vcomp,2026/04/14-17:10:25.427473,0,1,8,,,9,514911,
vcomp_run1,vcomp,2026/04/14-17:10:25.428665,1,2,4,,,4,213767,
vcomp_run1,vcomp,2026/04/14-17:10:25.428680,1,2,5,,,6,319657,
vcomp_run1,vcomp,2026/04/14-17:10:25.429288,1,2,7,,,7,415164,
vcomp_run1,vcomp,2026/04/14-17:10:25.429336,1,2,6,,,7,382942,
vcomp_run1,vcomp,2026/04/14-17:10:25.430168,2,3,2,,,3,182413,
vcomp_run1,vcomp,2026/04/14-17:10:25.430983,2,3,5,,,5,285267,
vcomp_run1,vcomp,2026/04/14-17:10:25.431758,2,3,5,,,3,317014,
vcomp_run1,vcomp,2026/04/14-17:10:25.433161,2,3,7,,,6,386162,
vcomp_run1,vcomp,2026/04/14-17:10:25.433736,0,1,9,,,8,507247,
vcomp_run1,vcomp,2026/04/14-17:10:25.434691,1,2,5,,,5,274418,
vcomp_run1,vcomp,2026/04/14-17:10:25.435362,1,2,7,,,7,411771,
vcomp_run1,vcomp,2026/04/14-17:10:25.435374,1,2,7,,,7,416248,
vcomp_run1,vcomp,2026/04/14-17:10:25.435420,1,2,7,,,7,419195,
vcomp_run1,vcomp,2026/04/14-17:10:25.436461,2,3,6,,,6,339913,
vcomp_run1,vcomp,2026/04/14-17:10:25.437402,2,3,7,,,7,403203,
vcomp_run1,vcomp,2026/04/14-17:10:25.438233,2,3,5,,,5,311244,
vcomp_run1,vcomp,2026/04/14-17:10:25.439326,2,3,7,,,7,429285,
vcomp_run1,vcomp,2026/04/14-17:10:25.439956,2,3,7,,,7,442458,
vcomp_run1,vcomp,2026/04/14-17:10:25.440185,0,1,8,,,8,481958,
vcomp_run1,vcomp,2026/04/14-17:10:25.441367,1,2,4,,,4,205139,
vcomp_run1,vcomp,2026/04/14-17:10:25.441381,1,2,6,,,6,329685,
vcomp_run1,vcomp,2026/04/14-17:10:25.441393,1,2,8,,,8,464338,
vcomp_run1,vcomp,2026/04/14-17:10:25.441436,1,2,7,,,7,449284,
vcomp_run1,vcomp,2026/04/14-17:10:25.442422,2,3,5,,,5,373841,
vcomp_run1,vcomp,2026/04/14-17:10:25.443368,2,3,8,,,7,455922,
vcomp_run1,vcomp,2026/04/14-17:10:25.444348,2,3,7,,,7,449167,
vcomp_run1,vcomp,2026/04/14-17:10:25.445510,2,3,7,,,7,447368,
vcomp_run1,vcomp,2026/04/14-17:10:25.446627,0,1,8,,,9,514479,
vcomp_run1,vcomp,2026/04/14-17:10:25.447248,1,2,3,,,3,167186,
vcomp_run1,vcomp,2026/04/14-17:10:25.447935,1,2,8,,,7,454739,
vcomp_run1,vcomp,2026/04/14-17:10:25.447947,1,2,5,,,5,311733,
vcomp_run1,vcomp,2026/04/14-17:10:25.447991,1,2,9,,,9,540637,
vcomp_run1,vcomp,2026/04/14-17:10:25.449125,2,3,7,,,7,404329,
vcomp_run1,vcomp,2026/04/14-17:10:25.449890,2,3,5,,,5,290209,
vcomp_run1,vcomp,2026/04/14-17:10:25.450628,1,2,6,,,5,284041,
vcomp_run1,vcomp,2026/04/14-17:10:25.451795,2,3,7,,,7,451413,
vcomp_run1,vcomp,2026/04/14-17:10:25.452429,2,3,7,,,7,448420,
vcomp_run1,vcomp,2026/04/14-17:10:25.453046,0,1,8,,,8,476238,
vcomp_run1,vcomp,2026/04/14-17:10:25.454260,1,2,2,,,2,96501,
vcomp_run1,vcomp,2026/04/14-17:10:25.454280,1,2,6,,,6,372599,
vcomp_run1,vcomp,2026/04/14-17:10:25.454853,1,2,7,,,7,439425,
vcomp_run1,vcomp,2026/04/14-17:10:25.455808,1,2,6,,,5,352768,
vcomp_run1,vcomp,2026/04/14-17:10:25.456786,2,3,6,,,6,472185,
vcomp_run1,vcomp,2026/04/14-17:10:25.457973,2,3,5,,,5,307900,
vcomp_run1,vcomp,2026/04/14-17:10:25.458492,2,3,6,,,6,385210,
vcomp_run1,vcomp,2026/04/14-17:10:25.459080,0,1,8,,,8,495809,
vcomp_run1,vcomp,2026/04/14-17:10:25.460186,1,2,5,,,6,314293,
vcomp_run1,vcomp,2026/04/14-17:10:25.460197,1,2,5,,,5,313760,
vcomp_run1,vcomp,2026/04/14-17:10:25.460805,1,2,7,,,6,347067,
vcomp_run1,vcomp,2026/04/14-17:10:25.460853,1,2,9,,,8,507445,
vcomp_run1,vcomp,2026/04/14-17:10:25.461964,2,3,6,,,6,355292,
vcomp_run1,vcomp,2026/04/14-17:10:25.462844,2,3,8,,,6,364121,
vcomp_run1,vcomp,2026/04/14-17:10:25.464200,2,3,7,,,7,428167,
vcomp_run1,vcomp,2026/04/14-17:10:25.464714,2,3,5,,,5,311572,
vcomp_run1,vcomp,2026/04/14-17:10:25.465293,0,1,8,,,9,511585,
vcomp_run1,vcomp,2026/04/14-17:10:25.465993,1,2,3,,,3,167897,
vcomp_run1,vcomp,2026/04/14-17:10:25.466628,1,2,6,,,5,305350,
vcomp_run1,vcomp,2026/04/14-17:10:25.466641,1,2,7,,,7,401424,
vcomp_run1,vcomp,2026/04/14-17:10:25.466680,1,2,8,,,7,437920,
vcomp_run1,vcomp,2026/04/14-17:10:25.467228,1,2,6,,,6,369275,
vcomp_run1,vcomp,2026/04/14-17:10:25.468290,2,3,6,,,6,359729,
vcomp_run1,vcomp,2026/04/14-17:10:25.469202,2,3,6,,,6,368901,
vcomp_run1,vcomp,2026/04/14-17:10:25.470440,2,3,7,,,6,361818,
vcomp_run1,vcomp,2026/04/14-17:10:25.471063,2,3,8,,,8,461816,
vcomp_run1,vcomp,2026/04/14-17:10:25.471871,0,1,8,,,9,519180,
vcomp_run1,vcomp,2026/04/14-17:10:25.471875,2,3,8,,,8,502413,
vcomp_run1,vcomp,2026/04/14-17:10:25.472571,1,2,2,,,2,115959,
vcomp_run1,vcomp,2026/04/14-17:10:25.473342,1,2,5,,,6,332189,
vcomp_run1,vcomp,2026/04/14-17:10:25.473356,1,2,6,,,6,373588,
vcomp_run1,vcomp,2026/04/14-17:10:25.473370,1,2,8,,,9,505320,
vcomp_run1,vcomp,2026/04/14-17:10:25.474072,1,2,6,,,7,384772,
vcomp_run1,vcomp,2026/04/14-17:10:25.475005,2,3,4,,,2,224811,
vcomp_run1,vcomp,2026/04/14-17:10:25.475606,2,3,2,,,2,78192,
vcomp_run1,vcomp,2026/04/14-17:10:25.476804,2,3,7,,,7,427606,
vcomp_run1,vcomp,2026/04/14-17:10:25.477529,2,3,8,,,8,503246,
vcomp_run1,vcomp,2026/04/14-17:10:25.477542,2,3,7,,,7,541413,
vcomp_run1,vcomp,2026/04/14-17:10:25.477586,0,1,7,,,7,455759,
vcomp_run1,vcomp,2026/04/14-17:10:25.478508,1,2,3,,,3,170706,
vcomp_run1,vcomp,2026/04/14-17:10:25.479539,1,2,8,,,8,455663,
vcomp_run1,vcomp,2026/04/14-17:10:25.480523,1,2,8,,,8,453550,
vcomp_run1,vcomp,2026/04/14-17:10:25.481591,2,3,7,,,7,447327,
vcomp_run1,vcomp,2026/04/14-17:10:25.482919,2,3,8,,,8,514269,
vcomp_run1,vcomp,2026/04/14-17:10:25.483504,2,3,7,,,7,436935,
vcomp_run1,vcomp,2026/04/14-17:10:25.484139,0,1,8,,,9,521706,
vcomp_run1,vcomp,2026/04/14-17:10:25.485272,1,2,4,,,4,214870,
vcomp_run1,vcomp,2026/04/14-17:10:25.485906,1,2,7,,,7,441176,
vcomp_run1,vcomp,2026/04/14-17:10:25.485996,1,2,7,,,7,440252,
vcomp_run1,vcomp,2026/04/14-17:10:25.486645,1,2,7,,,7,386841,
vcomp_run1,vcomp,2026/04/14-17:10:25.486701,1,2,8,,,7,445408,
vcomp_run1,vcomp,2026/04/14-17:10:25.487792,2,3,5,,,5,314090,
vcomp_run1,vcomp,2026/04/14-17:10:25.488754,2,3,6,,,6,371308,
vcomp_run1,vcomp,2026/04/14-17:10:25.489777,2,3,5,,,5,317442,
vcomp_run1,vcomp,2026/04/14-17:10:25.490612,2,3,6,,,6,365466,
vcomp_run1,vcomp,2026/04/14-17:10:25.490630,2,3,8,,,8,479648,
vcomp_run1,vcomp,2026/04/14-17:10:25.491151,0,1,8,,,8,465797,
vcomp_run1,vcomp,2026/04/14-17:10:25.492498,1,2,3,,,3,188382,
vcomp_run1,vcomp,2026/04/14-17:10:25.493357,1,2,5,,,5,306425,
vcomp_run1,vcomp,2026/04/14-17:10:25.494006,1,2,4,,,3,134859,
vcomp_run1,vcomp,2026/04/14-17:10:25.494867,1,2,6,,,6,376402,
vcomp_run1,vcomp,2026/04/14-17:10:25.495968,2,3,4,,,5,334055,
vcomp_run1,vcomp,2026/04/14-17:10:25.496511,2,3,7,,,6,392143,
vcomp_run1,vcomp,2026/04/14-17:10:25.497119,0,1,8,,,9,518601,
vcomp_run1,vcomp,2026/04/14-17:10:25.498336,1,2,3,,,2,118144,
vcomp_run1,vcomp,2026/04/14-17:10:25.498348,1,2,8,,,7,447138,
vcomp_run1,vcomp,2026/04/14-17:10:25.498364,1,2,5,,,5,281320,
vcomp_run1,vcomp,2026/04/14-17:10:25.498937,1,2,7,,,7,438352,
vcomp_run1,vcomp,2026/04/14-17:10:25.499855,2,3,4,,,4,226969,
vcomp_run1,vcomp,2026/04/14-17:10:25.500714,1,2,6,,,6,391669,
vcomp_run1,vcomp,2026/04/14-17:10:25.501523,2,3,6,,,5,321642,
vcomp_run1,vcomp,2026/04/14-17:10:25.502620,2,3,7,,,7,433904,
vcomp_run1,vcomp,2026/04/14-17:10:25.503424,2,3,5,,,5,437346,
vcomp_run1,vcomp,2026/04/14-17:10:25.503437,2,3,8,,,8,489168,
vcomp_run1,vcomp,2026/04/14-17:10:25.503450,0,1,8,,,7,477880,
vcomp_run1,vcomp,2026/04/14-17:10:25.504049,2,3,10,,,10,606044,
vcomp_run1,vcomp,2026/04/14-17:10:25.504765,1,2,5,,,5,322945,
vcomp_run1,vcomp,2026/04/14-17:10:25.504778,1,2,7,,,7,460057,
vcomp_run1,vcomp,2026/04/14-17:10:25.504822,1,2,7,,,8,486657,
vcomp_run1,vcomp,2026/04/14-17:10:25.505804,2,3,5,,,4,331789,
vcomp_run1,vcomp,2026/04/14-17:10:25.506667,2,3,6,,,6,359940,
vcomp_run1,vcomp,2026/04/14-17:10:25.507628,2,3,7,,,7,439717,
vcomp_run1,vcomp,2026/04/14-17:10:25.509701,2,3,7,,,7,447549,
vcomp_run1,vcomp,2026/04/14-17:10:25.510277,0,1,8,,,8,501019,
vcomp_run1,vcomp,2026/04/14-17:10:25.511231,1,2,5,,,5,278135,
vcomp_run1,vcomp,2026/04/14-17:10:25.512208,1,2,8,,,8,466946,
vcomp_run1,vcomp,2026/04/14-17:10:25.513147,1,2,7,,,7,407527,
vcomp_run1,vcomp,2026/04/14-17:10:25.514023,1,2,5,,,5,278701,
vcomp_run1,vcomp,2026/04/14-17:10:25.514724,2,3,2,,,2,142371,
vcomp_run1,vcomp,2026/04/14-17:10:25.515713,2,3,5,,,5,313318,
vcomp_run1,vcomp,2026/04/14-17:10:25.516441,2,3,6,,,6,370536,
vcomp_run1,vcomp,2026/04/14-17:10:25.516458,2,3,6,,,6,387210,
vcomp_run1,vcomp,2026/04/14-17:10:25.516939,0,1,8,,,9,496862,
vcomp_run1,vcomp,2026/04/14-17:10:25.518150,1,2,2,,,2,122300,
vcomp_run1,vcomp,2026/04/14-17:10:25.518657,1,2,2,,,1,12723,
vcomp_run1,vcomp,2026/04/14-17:10:25.519325,1,2,4,,,4,230987,
vcomp_run1,vcomp,2026/04/14-17:10:25.520097,1,2,5,,,5,262300,
vcomp_run1,vcomp,2026/04/14-17:10:25.520929,1,2,5,,,5,300672,
vcomp_run1,vcomp,2026/04/14-17:10:25.522021,2,3,6,,,6,476500,
vcomp_run1,vcomp,2026/04/14-17:10:25.522714,2,3,7,,,7,448708,
vcomp_run1,vcomp,2026/04/14-17:10:25.522771,1,2,7,,,7,458479,
vcomp_run1,vcomp,2026/04/14-17:10:25.523595,2,3,4,,,5,295658,
vcomp_run1,vcomp,2026/04/14-17:10:25.524246,2,3,8,,,8,473194,
vcomp_run1,vcomp,2026/04/14-17:10:25.524298,0,1,7,,,8,453492,
vcomp_run1,vcomp,2026/04/14-17:10:25.525217,1,2,4,,,4,246218,
vcomp_run1,vcomp,2026/04/14-17:10:25.526194,1,2,6,,,6,371542,
vcomp_run1,vcomp,2026/04/14-17:10:25.527243,1,2,8,,,7,450398,
vcomp_run1,vcomp,2026/04/14-17:10:25.528354,2,3,7,,,7,399707,
vcomp_run1,vcomp,2026/04/14-17:10:25.529144,1,2,7,,,7,441592,
vcomp_run1,vcomp,2026/04/14-17:10:25.529217,2,3,7,,,8,592189,
vcomp_run1,vcomp,2026/04/14-17:10:25.529924,2,3,5,,,5,316516,
vcomp_run1,vcomp,2026/04/14-17:10:25.530584,2,3,7,,,7,428294,
vcomp_run1,vcomp,2026/04/14-17:10:25.530627,0,1,8,,,8,464353,
vcomp_run1,vcomp,2026/04/14-17:10:25.531440,1,2,2,,,2,113686,
vcomp_run1,vcomp,2026/04/14-17:10:25.532473,1,2,7,,,7,421224,
vcomp_run1,vcomp,2026/04/14-17:10:25.533399,1,2,5,,,5,306025,
vcomp_run1,vcomp,2026/04/14-17:10:25.534563,2,3,7,,,7,408659,
vcomp_run1,vcomp,2026/04/14-17:10:25.535086,1,2,3,,,2,82655,
vcomp_run1,vcomp,2026/04/14-17:10:25.535763,2,3,8,,,8,475653,
vcomp_run1,vcomp,2026/04/14-17:10:25.536448,2,3,7,,,7,445133,
vcomp_run1,vcomp,2026/04/14-17:10:25.536817,0,1,8,,,9,523402,
vcomp_run1,vcomp,2026/04/14-17:10:25.537281,1,2,4,,,4,243629,
vcomp_run1,vcomp,2026/04/14-17:10:25.538190,1,2,2,,,2,98670,
vcomp_run1,vcomp,2026/04/14-17:10:25.538223,1,2,8,,,8,471070,
vcomp_run1,vcomp,2026/04/14-17:10:25.538240,1,2,9,,,9,547784,
vcomp_run1,vcomp,2026/04/14-17:10:25.538300,1,2,7,,,7,429869,
vcomp_run1,vcomp,2026/04/14-17:10:25.539316,2,3,4,,,4,284924,
vcomp_run1,vcomp,2026/04/14-17:10:25.540292,2,3,7,,,7,441116,
vcomp_run1,vcomp,2026/04/14-17:10:25.541384,2,3,7,,,7,396277,
vcomp_run1,vcomp,2026/04/14-17:10:25.542212,2,3,8,,,7,453831,
vcomp_run1,vcomp,2026/04/14-17:10:25.542286,0,1,8,,,8,508749,
vcomp_run1,vcomp,2026/04/14-17:10:25.542807,1,2,3,,,3,172214,
vcomp_run1,vcomp,2026/04/14-17:10:25.543537,1,2,5,,,5,309224,
vcomp_run1,vcomp,2026/04/14-17:10:25.543551,1,2,6,,,5,281847,
vcomp_run1,vcomp,2026/04/14-17:10:25.543564,1,2,5,,,5,318330,
vcomp_run1,vcomp,2026/04/14-17:10:25.544730,2,3,6,,,6,353292,
vcomp_run1,vcomp,2026/04/14-17:10:25.545783,2,3,7,,,7,413620,
vcomp_run1,vcomp,2026/04/14-17:10:25.546821,2,3,8,,,8,483075,
vcomp_run1,vcomp,2026/04/14-17:10:25.547873,2,3,9,,,9,536780,
vcomp_run1,vcomp,2026/04/14-17:10:25.549038,0,1,8,,,9,515332,
vcomp_run1,vcomp,2026/04/14-17:10:25.549875,1,2,4,,,4,226180,
vcomp_run1,vcomp,2026/04/14-17:10:25.550708,1,2,5,,,5,296290,
vcomp_run1,vcomp,2026/04/14-17:10:25.551851,1,2,8,,,8,487279,
vcomp_run1,vcomp,2026/04/14-17:10:25.552761,1,2,6,,,6,382157,
vcomp_run1,vcomp,2026/04/14-17:10:25.553504,2,3,4,,,4,210775,
vcomp_run1,vcomp,2026/04/14-17:10:25.554342,2,3,5,,,5,296755,
vcomp_run1,vcomp,2026/04/14-17:10:25.555729,2,3,5,,,6,360857,
vcomp_run1,vcomp,2026/04/14-17:10:25.556325,2,3,7,,,7,433062,
vcomp_run1,vcomp,2026/04/14-17:10:25.556949,0,1,9,,,9,516410,
vcomp_run1,vcomp,2026/04/14-17:10:25.557724,1,2,4,,,4,251307,
vcomp_run1,vcomp,2026/04/14-17:10:25.558456,1,2,5,,,6,318150,
vcomp_run1,vcomp,2026/04/14-17:10:25.558470,1,2,6,,,6,402493,
vcomp_run1,vcomp,2026/04/14-17:10:25.558523,1,2,7,,,7,446631,
vcomp_run1,vcomp,2026/04/14-17:10:25.559614,2,3,6,,,6,353916,
vcomp_run1,vcomp,2026/04/14-17:10:25.560534,2,3,5,,,5,316777,
vcomp_run1,vcomp,2026/04/14-17:10:25.561511,2,3,6,,,6,352213,
vcomp_run1,vcomp,2026/04/14-17:10:25.562310,1,2,6,,,5,294241,
vcomp_run1,vcomp,2026/04/14-17:10:25.563717,2,3,8,,,8,486114,
vcomp_run1,vcomp,2026/04/14-17:10:25.564560,2,3,7,,,7,428846,
vcomp_run1,vcomp,2026/04/14-17:10:25.565122,0,1,8,,,8,478321,
vcomp_run1,vcomp,2026/04/14-17:10:25.566698,1,2,4,,,3,238775,
vcomp_run1,vcomp,2026/04/14-17:10:25.567666,1,2,6,,,6,376289,
vcomp_run1,vcomp,2026/04/14-17:10:25.568352,1,2,3,,,2,117574,
vcomp_run1,vcomp,2026/04/14-17:10:25.569413,1,2,7,,,7,489375,
vcomp_run1,vcomp,2026/04/14-17:10:25.570426,2,3,7,,,7,453577,
vcomp_run1,vcomp,2026/04/14-17:10:25.571444,2,3,5,,,3,295791,
vcomp_run1,vcomp,2026/04/14-17:10:25.572095,0,1,8,,,8,518480,
vcomp_run1,vcomp,2026/04/14-17:10:25.572926,1,2,3,,,3,188583,
vcomp_run1,vcomp,2026/04/14-17:10:25.573792,1,2,6,,,6,355863,
vcomp_run1,vcomp,2026/04/14-17:10:25.573805,1,2,5,,,5,276398,
vcomp_run1,vcomp,2026/04/14-17:10:25.573822,1,2,7,,,7,465476,
vcomp_run1,vcomp,2026/04/14-17:10:25.573875,1,2,9,,,9,564094,
vcomp_run1,vcomp,2026/04/14-17:10:25.575172,2,3,6,,,7,436099,
vcomp_run1,vcomp,2026/04/14-17:10:25.576224,2,3,8,,,8,460053,
vcomp_run1,vcomp,2026/04/14-17:10:25.577182,2,3,6,,,6,386277,
vcomp_run1,vcomp,2026/04/14-17:10:25.578286,2,3,7,,,7,454952,
vcomp_run1,vcomp,2026/04/14-17:10:25.579020,2,3,7,,,7,419970,
vcomp_run1,vcomp,2026/04/14-17:10:25.579073,0,1,7,,,8,478377,
vcomp_run1,vcomp,2026/04/14-17:10:25.580073,1,2,4,,,4,230936,
vcomp_run1,vcomp,2026/04/14-17:10:25.581015,1,2,5,,,5,317926,
vcomp_run1,vcomp,2026/04/14-17:10:25.581928,1,2,5,,,5,312427,
vcomp_run1,vcomp,2026/04/14-17:10:25.582975,1,2,7,,,7,425312,
vcomp_run1,vcomp,2026/04/14-17:10:25.584015,2,3,7,,,7,436449,
vcomp_run1,vcomp,2026/04/14-17:10:25.585145,2,3,7,,,7,451901,
vcomp_run1,vcomp,2026/04/14-17:10:25.585901,2,3,7,,,7,448155,
vcomp_run1,vcomp,2026/04/14-17:10:25.585914,2,3,8,,,7,453952,
vcomp_run1,vcomp,2026/04/14-17:10:25.585963,0,1,8,,,8,476050,
vcomp_run1,vcomp,2026/04/14-17:10:25.587123,1,2,5,,,5,297262,
vcomp_run1,vcomp,2026/04/14-17:10:25.588106,1,2,7,,,7,445696,
vcomp_run1,vcomp,2026/04/14-17:10:25.589111,1,2,7,,,7,450789,
vcomp_run1,vcomp,2026/04/14-17:10:25.590149,1,2,7,,,8,456873,
vcomp_run1,vcomp,2026/04/14-17:10:25.591354,2,3,7,,,7,401882,
vcomp_run1,vcomp,2026/04/14-17:10:25.592275,2,3,8,,,8,479185,
vcomp_run1,vcomp,2026/04/14-17:10:25.592293,2,3,7,,,7,394720,
vcomp_run1,vcomp,2026/04/14-17:10:25.592843,0,1,8,,,8,479994,
vcomp_run1,vcomp,2026/04/14-17:10:25.594152,1,2,4,,,4,255695,
vcomp_run1,vcomp,2026/04/14-17:10:25.594164,1,2,7,,,6,380395,
vcomp_run1,vcomp,2026/04/14-17:10:25.594860,1,2,8,,,8,484916,
vcomp_run1,vcomp,2026/04/14-17:10:25.594908,1,2,10,,,10,626287,
vcomp_run1,vcomp,2026/04/14-17:10:25.596540,2,3,5,,,5,281587,
vcomp_run1,vcomp,2026/04/14-17:10:25.597703,2,3,5,,,6,313591,
vcomp_run1,vcomp,2026/04/14-17:10:25.598291,2,3,7,,,6,390291,
vcomp_run1,vcomp,2026/04/14-17:10:25.598985,2,3,8,,,8,522426,
vcomp_run1,vcomp,2026/04/14-17:10:25.599034,0,1,8,,,9,479226,
vcomp_run1,vcomp,2026/04/14-17:10:25.600040,1,2,4,,,4,247621,
vcomp_run1,vcomp,2026/04/14-17:10:25.600895,1,2,4,,,4,243691,
vcomp_run1,vcomp,2026/04/14-17:10:25.601697,1,2,5,,,5,277370,
vcomp_run1,vcomp,2026/04/14-17:10:25.602617,1,2,6,,,6,357839,
vcomp_run1,vcomp,2026/04/14-17:10:25.603259,2,3,2,,,2,70623,
vcomp_run1,vcomp,2026/04/14-17:10:25.604283,2,3,2,,,2,189479,
vcomp_run1,vcomp,2026/04/14-17:10:25.604907,2,3,8,,,8,468002,
vcomp_run1,vcomp,2026/04/14-17:10:25.605798,2,3,8,,,8,462806,
vcomp_run1,vcomp,2026/04/14-17:10:25.605990,0,1,9,,,9,524164,
vcomp_run1,vcomp,2026/04/14-17:10:25.606426,1,2,4,,,4,266247,
vcomp_run1,vcomp,2026/04/14-17:10:25.607295,1,2,2,,,1,15462,
vcomp_run1,vcomp,2026/04/14-17:10:25.607326,1,2,6,,,6,365006,
vcomp_run1,vcomp,2026/04/14-17:10:25.607339,1,2,6,,,6,381829,
vcomp_run1,vcomp,2026/04/14-17:10:25.607351,1,2,5,,,5,305260,
vcomp_run1,vcomp,2026/04/14-17:10:25.608369,2,3,4,,,2,260936,
vcomp_run1,vcomp,2026/04/14-17:10:25.609356,1,2,7,,,7,433634,
vcomp_run1,vcomp,2026/04/14-17:10:25.610690,2,3,9,,,9,649391,
vcomp_run1,vcomp,2026/04/14-17:10:25.611471,2,3,8,,,8,489503,
vcomp_run1,vcomp,2026/04/14-17:10:25.611482,2,3,7,,,7,436542,
vcomp_run1,vcomp,2026/04/14-17:10:25.611528,0,1,7,,,8,473510,
vcomp_run1,vcomp,2026/04/14-17:10:25.612528,1,2,3,,,3,168388,
vcomp_run1,vcomp,2026/04/14-17:10:25.613344,1,2,4,,,4,239359,
vcomp_run1,vcomp,2026/04/14-17:10:25.614217,1,2,5,,,5,308995,
vcomp_run1,vcomp,2026/04/14-17:10:25.615258,1,2,7,,,7,463638,
vcomp_run1,vcomp,2026/04/14-17:10:25.616426,2,3,7,,,8,471647,
vcomp_run1,vcomp,2026/04/14-17:10:25.617533,2,3,6,,,6,371527,
vcomp_run1,vcomp,2026/04/14-17:10:25.618126,2,3,5,,,5,293734,
vcomp_run1,vcomp,2026/04/14-17:10:25.618978,0,1,8,,,8,484457,
vcomp_run1,vcomp,2026/04/14-17:10:25.618981,2,3,9,,,8,518768,
vcomp_run1,vcomp,2026/04/14-17:10:25.619753,1,2,4,,,4,233486,
vcomp_run1,vcomp,2026/04/14-17:10:25.620602,1,2,5,,,5,307527,
vcomp_run1,vcomp,2026/04/14-17:10:25.620657,1,2,7,,,7,420852,
vcomp_run1,vcomp,2026/04/14-17:10:25.620674,1,2,8,,,7,411478,
vcomp_run1,vcomp,2026/04/14-17:10:25.622032,2,3,6,,,6,382034,
vcomp_run1,vcomp,2026/04/14-17:10:25.623018,2,3,6,,,6,457169,
vcomp_run1,vcomp,2026/04/14-17:10:25.624297,2,3,7,,,7,426493,
vcomp_run1,vcomp,2026/04/14-17:10:25.625156,2,3,8,,,9,515800,
vcomp_run1,vcomp,2026/04/14-17:10:25.625319,0,1,8,,,9,518818,
vcomp_run1,vcomp,2026/04/14-17:10:25.626677,1,2,3,,,3,155806,
vcomp_run1,vcomp,2026/04/14-17:10:25.626692,1,2,7,,,8,467607,
vcomp_run1,vcomp,2026/04/14-17:10:25.626746,1,2,7,,,7,422212,
vcomp_run1,vcomp,2026/04/14-17:10:25.627670,1,2,4,,,4,242925,
vcomp_run1,vcomp,2026/04/14-17:10:25.628590,1,2,5,,,5,260753,
vcomp_run1,vcomp,2026/04/14-17:10:25.629652,2,3,9,,,8,459004,
vcomp_run1,vcomp,2026/04/14-17:10:25.630770,2,3,6,,,6,366961,
vcomp_run1,vcomp,2026/04/14-17:10:25.631536,2,3,8,,,7,454933,
vcomp_run1,vcomp,2026/04/14-17:10:25.631619,2,3,4,,,4,226374,
vcomp_run1,vcomp,2026/04/14-17:10:25.631632,2,3,7,,,7,437285,
vcomp_run1,vcomp,2026/04/14-17:10:25.632190,0,1,8,,,9,494923,
vcomp_run1,vcomp,2026/04/14-17:10:25.633636,1,2,3,,,4,200246,
vcomp_run1,vcomp,2026/04/14-17:10:25.634515,1,2,4,,,4,261989,
vcomp_run1,vcomp,2026/04/14-17:10:25.635465,1,2,6,,,6,358747,
vcomp_run1,vcomp,2026/04/14-17:10:25.636503,1,2,7,,,7,418053,
vcomp_run1,vcomp,2026/04/14-17:10:25.637577,2,3,7,,,5,453407,
vcomp_run1,vcomp,2026/04/14-17:10:25.638211,2,3,7,,,7,452284,
vcomp_run1,vcomp,2026/04/14-17:10:25.639062,0,1,9,,,9,515713,
vcomp_run1,vcomp,2026/04/14-17:10:25.639065,2,3,8,,,7,449616,
vcomp_run1,vcomp,2026/04/14-17:10:25.639818,1,2,4,,,3,151134,
vcomp_run1,vcomp,2026/04/14-17:10:25.640559,1,2,5,,,5,317384,
vcomp_run1,vcomp,2026/04/14-17:10:25.640599,1,2,6,,,6,342489,
vcomp_run1,vcomp,2026/04/14-17:10:25.641354,1,2,12,,,12,732037,
vcomp_run1,vcomp,2026/04/14-17:10:25.641406,1,2,5,,,5,309941,
vcomp_run1,vcomp,2026/04/14-17:10:25.642516,2,3,5,,,6,305146,
vcomp_run1,vcomp,2026/04/14-17:10:25.643992,2,3,6,,,6,380792,
vcomp_run1,vcomp,2026/04/14-17:10:25.644768,2,3,8,,,8,470250,
vcomp_run1,vcomp,2026/04/14-17:10:25.644784,2,3,7,,,7,421166,
vcomp_run1,vcomp,2026/04/14-17:10:25.645524,2,3,9,,,8,505830,
vcomp_run1,vcomp,2026/04/14-17:10:25.645579,0,1,8,,,8,482462,
vcomp_run1,vcomp,2026/04/14-17:10:25.646846,1,2,4,,,5,277313,
vcomp_run1,vcomp,2026/04/14-17:10:25.647683,1,2,7,,,5,281678,
vcomp_run1,vcomp,2026/04/14-17:10:25.648679,1,2,6,,,5,309897,
vcomp_run1,vcomp,2026/04/14-17:10:25.649659,1,2,7,,,6,405935,
vcomp_run1,vcomp,2026/04/14-17:10:25.650782,2,3,6,,,6,386969,
vcomp_run1,vcomp,2026/04/14-17:10:25.651408,2,3,5,,,4,256175,
vcomp_run1,vcomp,2026/04/14-17:10:25.652369,2,3,7,,,6,365763,
vcomp_run1,vcomp,2026/04/14-17:10:25.652460,2,3,8,,,8,461388,
vcomp_run1,vcomp,2026/04/14-17:10:25.652557,0,1,8,,,9,511560,
vcomp_run1,vcomp,2026/04/14-17:10:25.652935,1,2,3,,,2,106163,
vcomp_run1,vcomp,2026/04/14-17:10:25.653769,1,2,4,,,4,249043,
vcomp_run1,vcomp,2026/04/14-17:10:25.653779,1,2,4,,,4,246247,
vcomp_run1,vcomp,2026/04/14-17:10:25.653807,1,2,5,,,5,304036,
vcomp_run1,vcomp,2026/04/14-17:10:25.654521,1,2,11,,,11,714848,
vcomp_run1,vcomp,2026/04/14-17:10:25.655705,2,3,6,,,6,374836,
vcomp_run1,vcomp,2026/04/14-17:10:25.656675,2,3,5,,,5,414692,
vcomp_run1,vcomp,2026/04/14-17:10:25.657771,2,3,6,,,6,381257,
vcomp_run1,vcomp,2026/04/14-17:10:25.658963,2,3,7,,,7,453385,
vcomp_run1,vcomp,2026/04/14-17:10:25.659644,0,1,8,,,8,490887,
vcomp_run1,vcomp,2026/04/14-17:10:25.661831,1,2,6,,,6,386070,
vcomp_run1,vcomp,2026/04/14-17:10:25.662702,1,2,5,,,5,319252,
vcomp_run1,vcomp,2026/04/14-17:10:25.663765,1,2,8,,,8,501943,
vcomp_run1,vcomp,2026/04/14-17:10:25.664791,2,3,7,,,7,428213,
vcomp_run1,vcomp,2026/04/14-17:10:25.665908,2,3,7,,,7,443652,
vcomp_run1,vcomp,2026/04/14-17:10:25.666610,2,3,7,,,7,426571,
vcomp_run1,vcomp,2026/04/14-17:10:25.666626,2,3,7,,,7,438181,
vcomp_run1,vcomp,2026/04/14-17:10:25.667364,0,1,8,,,8,508789,
vcomp_run1,vcomp,2026/04/14-17:10:25.669142,1,2,6,,,7,376235,
vcomp_run1,vcomp,2026/04/14-17:10:25.670025,1,2,6,,,5,301588,
vcomp_run1,vcomp,2026/04/14-17:10:25.670978,1,2,6,,,6,393641,
vcomp_run1,vcomp,2026/04/14-17:10:25.672330,1,2,4,,,4,251343,
vcomp_run1,vcomp,2026/04/14-17:10:25.673026,1,2,8,,,8,468398,
vcomp_run1,vcomp,2026/04/14-17:10:25.673792,2,3,6,,,6,328578,
vcomp_run1,vcomp,2026/04/14-17:10:25.674683,2,3,4,,,4,311623,
vcomp_run1,vcomp,2026/04/14-17:10:25.674695,2,3,6,,,6,341770,
vcomp_run1,vcomp,2026/04/14-17:10:25.674707,2,3,6,,,6,366460,
vcomp_run1,vcomp,2026/04/14-17:10:25.674719,2,3,7,,,7,451718,
vcomp_run1,vcomp,2026/04/14-17:10:25.674793,0,1,7,,,7,468357,
vcomp_run1,vcomp,2026/04/14-17:10:25.676117,1,2,5,,,6,330407,
vcomp_run1,vcomp,2026/04/14-17:10:25.677084,1,2,6,,,6,387381,
vcomp_run1,vcomp,2026/04/14-17:10:25.678204,1,2,7,,,8,450511,
vcomp_run1,vcomp,2026/04/14-17:10:25.679311,2,3,4,,,4,238201,
vcomp_run1,vcomp,2026/04/14-17:10:25.680031,2,3,5,,,6,309996,
vcomp_run1,vcomp,2026/04/14-17:10:25.680222,2,3,8,,,9,611102,
vcomp_run1,vcomp,2026/04/14-17:10:25.680801,0,1,8,,,9,515458,
vcomp_run1,vcomp,2026/04/14-17:10:25.682314,1,2,2,,,2,119634,
vcomp_run1,vcomp,2026/04/14-17:10:25.682325,1,2,4,,,4,218548,
vcomp_run1,vcomp,2026/04/14-17:10:25.682338,1,2,4,,,4,235172,
vcomp_run1,vcomp,2026/04/14-17:10:25.682350,1,2,4,,,4,216747,
vcomp_run1,vcomp,2026/04/14-17:10:25.682402,1,2,5,,,5,280835,
vcomp_run1,vcomp,2026/04/14-17:10:25.683544,2,3,6,,,6,363149,
vcomp_run1,vcomp,2026/04/14-17:10:25.684537,2,3,5,,,5,313562,
vcomp_run1,vcomp,2026/04/14-17:10:25.685720,2,3,5,,,5,296946,
vcomp_run1,vcomp,2026/04/14-17:10:25.686422,2,3,7,,,7,392223,
vcomp_run1,vcomp,2026/04/14-17:10:25.687257,0,1,8,,,9,522629,
vcomp_run1,vcomp,2026/04/14-17:10:25.688674,1,2,4,,,5,251721,
vcomp_run1,vcomp,2026/04/14-17:10:25.688685,1,2,5,,,5,281297,
vcomp_run1,vcomp,2026/04/14-17:10:25.688699,1,2,6,,,6,369962,
vcomp_run1,vcomp,2026/04/14-17:10:25.689408,1,2,9,,,9,548449,
vcomp_run1,vcomp,2026/04/14-17:10:25.690433,2,3,5,,,3,316242,
vcomp_run1,vcomp,2026/04/14-17:10:25.691471,2,3,6,,,6,352685,
vcomp_run1,vcomp,2026/04/14-17:10:25.692661,2,3,6,,,6,347586,
vcomp_run1,vcomp,2026/04/14-17:10:25.693501,2,3,5,,,4,235477,
vcomp_run1,vcomp,2026/04/14-17:10:25.693518,2,3,7,,,7,432221,
vcomp_run1,vcomp,2026/04/14-17:10:25.694118,0,1,9,,,9,520310,
vcomp_run1,vcomp,2026/04/14-17:10:25.695428,1,2,2,,,2,121814,
vcomp_run1,vcomp,2026/04/14-17:10:25.695439,1,2,2,,,1,40113,
vcomp_run1,vcomp,2026/04/14-17:10:25.695457,1,2,6,,,6,358143,
vcomp_run1,vcomp,2026/04/14-17:10:25.695471,1,2,6,,,6,373014,
vcomp_run1,vcomp,2026/04/14-17:10:25.696407,1,2,11,,,11,669008,
vcomp_run1,vcomp,2026/04/14-17:10:25.698015,2,3,4,,,4,282745,
vcomp_run1,vcomp,2026/04/14-17:10:25.699358,2,3,7,,,7,427757,
vcomp_run1,vcomp,2026/04/14-17:10:25.700602,2,3,6,,,6,369567,
vcomp_run1,vcomp,2026/04/14-17:10:25.701301,2,3,5,,,5,281835,
vcomp_run1,vcomp,2026/04/14-17:10:25.702020,0,1,8,,,9,521222,
vcomp_run1,vcomp,2026/04/14-17:10:25.703532,1,2,3,,,3,175024,
vcomp_run1,vcomp,2026/04/14-17:10:25.703553,1,2,3,,,3,186233,
vcomp_run1,vcomp,2026/04/14-17:10:25.704544,1,2,6,,,6,359694,
vcomp_run1,vcomp,2026/04/14-17:10:25.704563,1,2,9,,,9,553032,
vcomp_run1,vcomp,2026/04/14-17:10:25.705366,1,2,12,,,12,753035,
vcomp_run1,vcomp,2026/04/14-17:10:25.706647,2,3,6,,,3,389982,
vcomp_run1,vcomp,2026/04/14-17:10:25.708085,2,3,6,,,6,387359,
vcomp_run1,vcomp,2026/04/14-17:10:25.708878,2,3,6,,,6,369594,
vcomp_run1,vcomp,2026/04/14-17:10:25.709677,2,3,7,,,6,441763,
vcomp_run1,vcomp,2026/04/14-17:10:25.709691,0,1,8,,,8,462050,
vcomp_run1,vcomp,2026/04/14-17:10:25.710777,2,3,6,,,6,376346,
vcomp_run1,vcomp,2026/04/14-17:10:25.712721,1,2,5,,,5,309652,
vcomp_run1,vcomp,2026/04/14-17:10:25.714075,1,2,7,,,7,410063,
vcomp_run1,vcomp,2026/04/14-17:10:25.715280,2,3,7,,,6,382570,
vcomp_run1,vcomp,2026/04/14-17:10:25.716666,1,2,6,,,6,378253,
vcomp_run1,vcomp,2026/04/14-17:10:25.718285,2,3,6,,,6,375973,
vcomp_run1,vcomp,2026/04/14-17:10:25.719148,2,3,6,,,6,379720,
vcomp_run1,vcomp,2026/04/14-17:10:25.719163,2,3,8,,,7,454586,
vcomp_run1,vcomp,2026/04/14-17:10:25.719250,0,1,8,,,8,476203,
vcomp_run1,vcomp,2026/04/14-17:10:25.720417,1,2,3,,,3,190749,
vcomp_run1,vcomp,2026/04/14-17:10:25.721436,1,2,6,,,6,350633,
vcomp_run1,vcomp,2026/04/14-17:10:25.722607,1,2,8,,,7,411268,
vcomp_run1,vcomp,2026/04/14-17:10:25.723927,1,2,7,,,7,436252,
vcomp_run1,vcomp,2026/04/14-17:10:25.725516,2,3,7,,,7,469095,
vcomp_run1,vcomp,2026/04/14-17:10:25.726416,2,3,6,,,6,379849,
vcomp_run1,vcomp,2026/04/14-17:10:25.726429,2,3,7,,,7,448694,
vcomp_run1,vcomp,2026/04/14-17:10:25.726445,0,1,8,,,8,485084,
vcomp_run1,vcomp,2026/04/14-17:10:25.726536,2,3,5,,,6,430454,
vcomp_run1,vcomp,2026/04/14-17:10:25.728016,1,2,6,,,5,324728,
vcomp_run1,vcomp,2026/04/14-17:10:25.728900,1,2,3,,,2,99606,
vcomp_run1,vcomp,2026/04/14-17:10:25.729936,1,2,6,,,6,394657,
vcomp_run1,vcomp,2026/04/14-17:10:25.731455,1,2,6,,,7,390848,
vcomp_run1,vcomp,2026/04/14-17:10:25.732361,1,2,6,,,6,360849,
vcomp_run1,vcomp,2026/04/14-17:10:25.733142,2,3,5,,,5,332338,
vcomp_run1,vcomp,2026/04/14-17:10:25.734101,2,3,6,,,6,365521,
vcomp_run1,vcomp,2026/04/14-17:10:25.734111,2,3,6,,,3,327239,
vcomp_run1,vcomp,2026/04/14-17:10:25.734125,2,3,7,,,7,446150,
vcomp_run1,vcomp,2026/04/14-17:10:25.734193,0,1,7,,,8,470964,
vcomp_run1,vcomp,2026/04/14-17:10:25.735677,1,2,6,,,6,392251,
vcomp_run1,vcomp,2026/04/14-17:10:25.736777,1,2,6,,,6,370365,
vcomp_run1,vcomp,2026/04/14-17:10:25.738108,1,2,6,,,6,353045,
vcomp_run1,vcomp,2026/04/14-17:10:25.738964,1,2,5,,,5,309924,
vcomp_run1,vcomp,2026/04/14-17:10:25.739954,2,3,6,,,3,370453,
vcomp_run1,vcomp,2026/04/14-17:10:25.740842,2,3,7,,,8,406846,
vcomp_run1,vcomp,2026/04/14-17:10:25.740855,2,3,6,,,6,342546,
vcomp_run1,vcomp,2026/04/14-17:10:25.740868,2,3,7,,,6,389159,
vcomp_run1,vcomp,2026/04/14-17:10:25.740929,0,1,8,,,8,481888,
vcomp_run1,vcomp,2026/04/14-17:10:25.742185,1,2,4,,,4,265936,
vcomp_run1,vcomp,2026/04/14-17:10:25.743226,1,2,5,,,6,323407,
vcomp_run1,vcomp,2026/04/14-17:10:25.744420,1,2,7,,,6,375961,
vcomp_run1,vcomp,2026/04/14-17:10:25.745189,1,2,7,,,7,426728,
vcomp_run1,vcomp,2026/04/14-17:10:25.746184,2,3,5,,,5,287925,
vcomp_run1,vcomp,2026/04/14-17:10:25.747108,2,3,6,,,6,358704,
vcomp_run1,vcomp,2026/04/14-17:10:25.747126,2,3,6,,,6,367615,
vcomp_run1,vcomp,2026/04/14-17:10:25.747140,2,3,8,,,8,473256,
vcomp_run1,vcomp,2026/04/14-17:10:25.747201,0,1,8,,,8,478001,
vcomp_run1,vcomp,2026/04/14-17:10:25.748305,1,2,4,,,3,202603,
vcomp_run1,vcomp,2026/04/14-17:10:25.749365,1,2,6,,,6,408047,
vcomp_run1,vcomp,2026/04/14-17:10:25.750353,1,2,6,,,6,369087,
vcomp_run1,vcomp,2026/04/14-17:10:25.751745,1,2,9,,,9,556740,
vcomp_run1,vcomp,2026/04/14-17:10:25.752854,2,3,5,,,5,318546,
vcomp_run1,vcomp,2026/04/14-17:10:25.753720,2,3,7,,,7,556615,
vcomp_run1,vcomp,2026/04/14-17:10:25.753736,2,3,8,,,8,482193,
vcomp_run1,vcomp,2026/04/14-17:10:25.753795,0,1,8,,,8,489193,
vcomp_run1,vcomp,2026/04/14-17:10:25.754944,1,2,4,,,4,232468,
vcomp_run1,vcomp,2026/04/14-17:10:25.755990,1,2,6,,,7,414109,
vcomp_run1,vcomp,2026/04/14-17:10:25.757027,1,2,7,,,7,440988,
vcomp_run1,vcomp,2026/04/14-17:10:25.758894,1,2,9,,,9,567963,
vcomp_run1,vcomp,2026/04/14-17:10:25.759878,2,3,5,,,3,282458,
vcomp_run1,vcomp,2026/04/14-17:10:25.760828,2,3,7,,,8,397787,
vcomp_run1,vcomp,2026/04/14-17:10:25.760841,0,1,8,,,8,463505,
vcomp_run1,vcomp,2026/04/14-17:10:25.760856,2,3,8,,,8,472002,
vcomp_run1,vcomp,2026/04/14-17:10:25.760911,2,3,8,,,8,507769,
vcomp_run1,vcomp,2026/04/14-17:10:25.761971,1,2,4,,,3,168111,
vcomp_run1,vcomp,2026/04/14-17:10:25.762895,1,2,6,,,6,365391,
vcomp_run1,vcomp,2026/04/14-17:10:25.764579,1,2,7,,,7,423291,
vcomp_run1,vcomp,2026/04/14-17:10:25.765339,1,2,3,,,2,88051,
vcomp_run1,vcomp,2026/04/14-17:10:25.766091,2,3,2,,,2,104544,
vcomp_run1,vcomp,2026/04/14-17:10:25.766125,2,3,6,,,5,300069,
vcomp_run1,vcomp,2026/04/14-17:10:25.766197,2,3,7,,,7,429273,
vcomp_run1,vcomp,2026/04/14-17:10:25.767176,0,1,8,,,9,514029,
vcomp_run1,vcomp,2026/04/14-17:10:25.767183,2,3,7,,,7,418512,
vcomp_run1,vcomp,2026/04/14-17:10:25.767972,1,2,3,,,3,186320,
vcomp_run1,vcomp,2026/04/14-17:10:25.768917,1,2,4,,,4,249764,
vcomp_run1,vcomp,2026/04/14-17:10:25.768932,1,2,6,,,6,382134,
vcomp_run1,vcomp,2026/04/14-17:10:25.768977,1,2,9,,,9,534054,
vcomp_run1,vcomp,2026/04/14-17:10:25.768994,1,2,10,,,10,628740,
vcomp_run1,vcomp,2026/04/14-17:10:25.770591,2,3,8,,,7,413233,
vcomp_run1,vcomp,2026/04/14-17:10:25.772115,2,3,6,,,7,376385,
vcomp_run1,vcomp,2026/04/14-17:10:25.773060,2,3,7,,,7,449171,
vcomp_run1,vcomp,2026/04/14-17:10:25.773078,2,3,5,,,4,452574,
vcomp_run1,vcomp,2026/04/14-17:10:25.773094,2,3,8,,,8,512978,
vcomp_run1,vcomp,2026/04/14-17:10:25.773158,0,1,8,,,7,472168,
vcomp_run1,vcomp,2026/04/14-17:10:25.774289,1,2,3,,,4,215680,
vcomp_run1,vcomp,2026/04/14-17:10:25.775351,1,2,7,,,8,465651,
vcomp_run1,vcomp,2026/04/14-17:10:25.776499,1,2,7,,,7,448769,
vcomp_run1,vcomp,2026/04/14-17:10:25.777268,2,3,3,,,3,119192,
vcomp_run1,vcomp,2026/04/14-17:10:25.778446,2,3,8,,,8,475597,
vcomp_run1,vcomp,2026/04/14-17:10:25.779136,2,3,2,,,2,150771,
vcomp_run1,vcomp,2026/04/14-17:10:25.779151,2,3,7,,,6,439579,
vcomp_run1,vcomp,2026/04/14-17:10:25.780201,2,3,8,,,7,447763,
vcomp_run1,vcomp,2026/04/14-17:10:25.780266,0,1,8,,,8,495142,
vcomp_run1,vcomp,2026/04/14-17:10:25.780747,1,2,4,,,4,254704,
vcomp_run1,vcomp,2026/04/14-17:10:25.781652,1,2,5,,,5,309826,
vcomp_run1,vcomp,2026/04/14-17:10:25.781664,1,2,5,,,6,334776,
vcomp_run1,vcomp,2026/04/14-17:10:25.781677,1,2,5,,,5,271997,
vcomp_run1,vcomp,2026/04/14-17:10:25.782959,2,3,7,,,7,417598,
vcomp_run1,vcomp,2026/04/14-17:10:25.783758,2,3,3,,,2,125072,
vcomp_run1,vcomp,2026/04/14-17:10:25.785165,2,3,9,,,9,528644,
vcomp_run1,vcomp,2026/04/14-17:10:25.786066,2,3,8,,,8,492270,
vcomp_run1,vcomp,2026/04/14-17:10:25.786083,0,1,8,,,8,509972,
vcomp_run1,vcomp,2026/04/14-17:10:25.786140,2,3,9,,,9,530278,
vcomp_run1,vcomp,2026/04/14-17:10:25.787302,1,2,4,,,4,254884,
vcomp_run1,vcomp,2026/04/14-17:10:25.788419,1,2,6,,,6,385202,
vcomp_run1,vcomp,2026/04/14-17:10:25.789469,1,2,6,,,6,354629,
vcomp_run1,vcomp,2026/04/14-17:10:25.790510,1,2,6,,,6,353098,
vcomp_run1,vcomp,2026/04/14-17:10:25.791722,2,3,6,,,6,370644,
vcomp_run1,vcomp,2026/04/14-17:10:25.792444,2,3,5,,,4,239439,
vcomp_run1,vcomp,2026/04/14-17:10:25.792460,2,3,6,,,6,364473,
vcomp_run1,vcomp,2026/04/14-17:10:25.793295,0,1,8,,,9,524078,
vcomp_run1,vcomp,2026/04/14-17:10:25.793482,2,3,6,,,7,666560,
vcomp_run1,vcomp,2026/04/14-17:10:25.794130,1,2,4,,,5,259789,
vcomp_run1,vcomp,2026/04/14-17:10:25.795073,1,2,5,,,5,305412,
vcomp_run1,vcomp,2026/04/14-17:10:25.795093,1,2,6,,,7,385574,
vcomp_run1,vcomp,2026/04/14-17:10:25.795143,1,2,7,,,7,406932,
vcomp_run1,vcomp,2026/04/14-17:10:25.797298,2,3,7,,,9,447941,
vcomp_run1,vcomp,2026/04/14-17:10:25.798672,2,3,7,,,7,445801,
vcomp_run1,vcomp,2026/04/14-17:10:25.799534,2,3,8,,,9,445571,
vcomp_run1,vcomp,2026/04/14-17:10:25.799598,0,1,9,,,9,520881,
vcomp_run1,vcomp,2026/04/14-17:10:25.801356,1,2,4,,,4,239523,
vcomp_run1,vcomp,2026/04/14-17:10:25.801367,1,2,5,,,4,258073,
vcomp_run1,vcomp,2026/04/14-17:10:25.801381,1,2,6,,,5,397141,
vcomp_run1,vcomp,2026/04/14-17:10:25.801438,1,2,9,,,9,580525,
vcomp_run1,vcomp,2026/04/14-17:10:25.802521,1,2,4,,,5,260199,
vcomp_run1,vcomp,2026/04/14-17:10:25.803545,2,3,5,,,6,297471,
vcomp_run1,vcomp,2026/04/14-17:10:25.804907,2,3,5,,,4,322690,
vcomp_run1,vcomp,2026/04/14-17:10:25.805745,2,3,6,,,3,339600,
vcomp_run1,vcomp,2026/04/14-17:10:25.805796,2,3,8,,,7,467613,
vcomp_run1,vcomp,2026/04/14-17:10:25.805914,2,3,5,,,5,293517,
vcomp_run1,vcomp,2026/04/14-17:10:25.806532,0,1,8,,,9,494954,
vcomp_run1,vcomp,2026/04/14-17:10:25.808253,1,2,5,,,5,320625,
vcomp_run1,vcomp,2026/04/14-17:10:25.809295,1,2,7,,,7,437705,
vcomp_run1,vcomp,2026/04/14-17:10:25.810186,1,2,4,,,4,252971,
vcomp_run1,vcomp,2026/04/14-17:10:25.811411,1,2,6,,,6,333978,
vcomp_run1,vcomp,2026/04/14-17:10:25.812225,2,3,2,,,3,171429,
vcomp_run1,vcomp,2026/04/14-17:10:25.813147,2,3,4,,,4,368391,
vcomp_run1,vcomp,2026/04/14-17:10:25.813158,2,3,7,,,8,430971,
vcomp_run1,vcomp,2026/04/14-17:10:25.813172,2,3,9,,,9,487373,
vcomp_run1,vcomp,2026/04/14-17:10:25.813224,0,1,9,,,8,513747,
vcomp_run1,vcomp,2026/04/14-17:10:25.814434,1,2,5,,,6,314400,
vcomp_run1,vcomp,2026/04/14-17:10:25.815372,1,2,6,,,5,328285,
vcomp_run1,vcomp,2026/04/14-17:10:25.816340,1,2,6,,,4,263581,
vcomp_run1,vcomp,2026/04/14-17:10:25.817752,1,2,5,,,5,296320,
vcomp_run1,vcomp,2026/04/14-17:10:25.819304,1,2,10,,,10,639020,
vcomp_run1,vcomp,2026/04/14-17:10:25.820470,2,3,7,,,5,429261,
vcomp_run1,vcomp,2026/04/14-17:10:25.821362,2,3,6,,,6,382838,
vcomp_run1,vcomp,2026/04/14-17:10:25.821375,2,3,7,,,7,417415,
vcomp_run1,vcomp,2026/04/14-17:10:25.821392,2,3,6,,,7,553663,
vcomp_run1,vcomp,2026/04/14-17:10:25.821449,0,1,7,,,8,457540,
vcomp_run1,vcomp,2026/04/14-17:10:25.822613,1,2,4,,,4,252159,
vcomp_run1,vcomp,2026/04/14-17:10:25.824250,1,2,7,,,7,428261,
vcomp_run1,vcomp,2026/04/14-17:10:25.825218,1,2,7,,,7,422656,
vcomp_run1,vcomp,2026/04/14-17:10:25.826250,2,3,6,,,6,354291,
vcomp_run1,vcomp,2026/04/14-17:10:25.827203,2,3,7,,,7,451745,
vcomp_run1,vcomp,2026/04/14-17:10:25.827217,0,1,9,,,8,519405,
vcomp_run1,vcomp,2026/04/14-17:10:25.827283,2,3,8,,,8,487977,
vcomp_run1,vcomp,2026/04/14-17:10:25.828445,1,2,4,,,4,242058,
vcomp_run1,vcomp,2026/04/14-17:10:25.829352,1,2,5,,,5,292671,
vcomp_run1,vcomp,2026/04/14-17:10:25.830596,1,2,7,,,7,404978,
vcomp_run1,vcomp,2026/04/14-17:10:25.831644,1,2,7,,,7,424790,
vcomp_run1,vcomp,2026/04/14-17:10:25.831647,1,2,7,,,7,440621,
vcomp_run1,vcomp,2026/04/14-17:10:25.832494,2,3,6,,,6,383339,
vcomp_run1,vcomp,2026/04/14-17:10:25.833443,2,3,7,,,7,486475,
vcomp_run1,vcomp,2026/04/14-17:10:25.833460,2,3,7,,,7,418816,
vcomp_run1,vcomp,2026/04/14-17:10:25.833476,0,1,7,,,8,472744,
vcomp_run1,vcomp,2026/04/14-17:10:25.833529,2,3,9,,,8,572826,
vcomp_run1,vcomp,2026/04/14-17:10:25.834991,1,2,6,,,7,389200,
vcomp_run1,vcomp,2026/04/14-17:10:25.835954,1,2,4,,,4,254872,
vcomp_run1,vcomp,2026/04/14-17:10:25.837221,1,2,6,,,7,379651,
vcomp_run1,vcomp,2026/04/14-17:10:25.838035,1,2,8,,,7,402966,
vcomp_run1,vcomp,2026/04/14-17:10:25.839181,2,3,6,,,6,384403,
vcomp_run1,vcomp,2026/04/14-17:10:25.840126,2,3,6,,,6,360309,
vcomp_run1,vcomp,2026/04/14-17:10:25.840138,2,3,6,,,6,380456,
vcomp_run1,vcomp,2026/04/14-17:10:25.840151,2,3,7,,,7,445015,
vcomp_run1,vcomp,2026/04/14-17:10:25.840234,0,1,8,,,8,476670,
vcomp_run1,vcomp,2026/04/14-17:10:25.841423,1,2,3,,,3,187834,
vcomp_run1,vcomp,2026/04/14-17:10:25.842548,1,2,6,,,6,384794,
vcomp_run1,vcomp,2026/04/14-17:10:25.843975,1,2,7,,,6,380282,
vcomp_run1,vcomp,2026/04/14-17:10:25.844780,1,2,7,,,7,428810,
vcomp_run1,vcomp,2026/04/14-17:10:25.845821,2,3,3,,,2,188992,
vcomp_run1,vcomp,2026/04/14-17:10:25.846795,2,3,4,,,4,248549,
vcomp_run1,vcomp,2026/04/14-17:10:25.846813,2,3,7,,,7,369096,
vcomp_run1,vcomp,2026/04/14-17:10:25.846827,2,3,5,,,6,311940,
vcomp_run1,vcomp,2026/04/14-17:10:25.846883,0,1,8,,,8,499518,
vcomp_run1,vcomp,2026/04/14-17:10:25.847979,1,2,3,,,3,175308,
vcomp_run1,vcomp,2026/04/14-17:10:25.849013,1,2,6,,,6,337104,
vcomp_run1,vcomp,2026/04/14-17:10:25.850489,1,2,6,,,6,374858,
vcomp_run1,vcomp,2026/04/14-17:10:25.851371,1,2,4,,,4,192136,
vcomp_run1,vcomp,2026/04/14-17:10:25.851385,1,2,8,,,8,455473,
vcomp_run1,vcomp,2026/04/14-17:10:25.852572,2,3,4,,,3,192312,
vcomp_run1,vcomp,2026/04/14-17:10:25.853586,2,3,6,,,6,392818,
vcomp_run1,vcomp,2026/04/14-17:10:25.853601,2,3,6,,,5,400232,
vcomp_run1,vcomp,2026/04/14-17:10:25.853614,2,3,6,,,6,363330,
vcomp_run1,vcomp,2026/04/14-17:10:25.853626,2,3,6,,,6,374725,
vcomp_run1,vcomp,2026/04/14-17:10:25.854657,0,1,7,,,8,468842,
vcomp_run1,vcomp,2026/04/14-17:10:25.856035,1,2,6,,,6,330437,
vcomp_run1,vcomp,2026/04/14-17:10:25.857559,1,2,6,,,6,383086,
vcomp_run1,vcomp,2026/04/14-17:10:25.858463,1,2,8,,,7,484306,
vcomp_run1,vcomp,2026/04/14-17:10:25.858478,1,2,9,,,8,515249,
vcomp_run1,vcomp,2026/04/14-17:10:25.859423,2,3,6,,,3,384514,
vcomp_run1,vcomp,2026/04/14-17:10:25.860330,2,3,3,,,3,307840,
vcomp_run1,vcomp,2026/04/14-17:10:25.860343,2,3,7,,,7,445113,
vcomp_run1,vcomp,2026/04/14-17:10:25.860354,2,3,7,,,7,437164,
vcomp_run1,vcomp,2026/04/14-17:10:25.860412,0,1,8,,,8,478759,
vcomp_run1,vcomp,2026/04/14-17:10:25.861663,1,2,5,,,5,291432,
vcomp_run1,vcomp,2026/04/14-17:10:25.862680,1,2,5,,,6,322651,
vcomp_run1,vcomp,2026/04/14-17:10:25.863922,1,2,6,,,6,370081,
vcomp_run1,vcomp,2026/04/14-17:10:25.864671,1,2,7,,,7,400687,
vcomp_run1,vcomp,2026/04/14-17:10:25.865708,2,3,6,,,6,363518,
vcomp_run1,vcomp,2026/04/14-17:10:25.866660,2,3,7,,,7,447818,
vcomp_run1,vcomp,2026/04/14-17:10:25.866677,2,3,8,,,7,460916,
vcomp_run1,vcomp,2026/04/14-17:10:25.866690,2,3,7,,,7,425434,
vcomp_run1,vcomp,2026/04/14-17:10:25.866750,0,1,8,,,8,499528,
vcomp_run1,vcomp,2026/04/14-17:10:25.868191,1,2,5,,,6,353435,
vcomp_run1,vcomp,2026/04/14-17:10:25.869136,1,2,5,,,5,275289,
vcomp_run1,vcomp,2026/04/14-17:10:25.870458,1,2,6,,,6,354342,
vcomp_run1,vcomp,2026/04/14-17:10:25.871296,1,2,6,,,7,393462,
vcomp_run1,vcomp,2026/04/14-17:10:25.872339,2,3,7,,,6,373086,
vcomp_run1,vcomp,2026/04/14-17:10:25.873266,2,3,5,,,5,404622,
vcomp_run1,vcomp,2026/04/14-17:10:25.873279,2,3,8,,,9,418505,
vcomp_run1,vcomp,2026/04/14-17:10:25.873291,2,3,6,,,6,348264,
vcomp_run1,vcomp,2026/04/14-17:10:25.873351,0,1,8,,,8,513787,
vcomp_run1,vcomp,2026/04/14-17:10:25.874408,1,2,2,,,1,48465,
vcomp_run1,vcomp,2026/04/14-17:10:25.875396,1,2,6,,,6,366930,
vcomp_run1,vcomp,2026/04/14-17:10:25.876865,1,2,5,,,5,311189,
vcomp_run1,vcomp,2026/04/14-17:10:25.877727,1,2,8,,,8,460379,
vcomp_run1,vcomp,2026/04/14-17:10:25.878414,1,2,10,,,10,581791,
vcomp_run1,vcomp,2026/04/14-17:10:25.879427,2,3,5,,,3,391956,
vcomp_run1,vcomp,2026/04/14-17:10:25.880368,2,3,6,,,6,434120,
vcomp_run1,vcomp,2026/04/14-17:10:25.880380,2,3,7,,,9,409748,
vcomp_run1,vcomp,2026/04/14-17:10:25.880392,2,3,7,,,8,442056,
vcomp_run1,vcomp,2026/04/14-17:10:25.880471,0,1,7,,,8,473699,
vcomp_run1,vcomp,2026/04/14-17:10:25.881673,1,2,4,,,4,198206,
vcomp_run1,vcomp,2026/04/14-17:10:25.882707,1,2,5,,,6,318371,
vcomp_run1,vcomp,2026/04/14-17:10:25.884125,1,2,4,,,4,245227,
vcomp_run1,vcomp,2026/04/14-17:10:25.884946,1,2,7,,,6,377850,
vcomp_run1,vcomp,2026/04/14-17:10:25.885908,2,3,4,,,2,256538,
vcomp_run1,vcomp,2026/04/14-17:10:25.886905,2,3,6,,,6,350423,
vcomp_run1,vcomp,2026/04/14-17:10:25.886918,2,3,5,,,8,377957,
vcomp_run1,vcomp,2026/04/14-17:10:25.886930,2,3,8,,,8,534086,
vcomp_run1,vcomp,2026/04/14-17:10:25.887009,0,1,8,,,8,482659,
vcomp_run1,vcomp,2026/04/14-17:10:25.888365,1,2,7,,,6,384918,
vcomp_run1,vcomp,2026/04/14-17:10:25.889545,1,2,6,,,7,407978,
vcomp_run1,vcomp,2026/04/14-17:10:25.890989,1,2,7,,,6,376652,
vcomp_run1,vcomp,2026/04/14-17:10:25.891999,1,2,5,,,5,302721,
vcomp_run1,vcomp,2026/04/14-17:10:25.892992,2,3,7,,,7,403947,
vcomp_run1,vcomp,2026/04/14-17:10:25.893945,2,3,8,,,6,377457,
vcomp_run1,vcomp,2026/04/14-17:10:25.893964,2,3,6,,,6,379151,
vcomp_run1,vcomp,2026/04/14-17:10:25.893979,0,1,8,,,8,487437,
vcomp_run1,vcomp,2026/04/14-17:10:25.894052,2,3,8,,,8,468590,
vcomp_run1,vcomp,2026/04/14-17:10:25.895495,1,2,7,,,6,405820,
vcomp_run1,vcomp,2026/04/14-17:10:25.896442,1,2,4,,,3,150216,
vcomp_run1,vcomp,2026/04/14-17:10:25.897863,1,2,7,,,8,451980,
vcomp_run1,vcomp,2026/04/14-17:10:25.898734,1,2,7,,,7,438891,
vcomp_run1,vcomp,2026/04/14-17:10:25.898751,1,2,7,,,7,445015,
vcomp_run1,vcomp,2026/04/14-17:10:25.899753,2,3,5,,,3,317362,
vcomp_run1,vcomp,2026/04/14-17:10:25.900709,2,3,5,,,6,446909,
vcomp_run1,vcomp,2026/04/14-17:10:25.900725,2,3,8,,,8,482516,
vcomp_run1,vcomp,2026/04/14-17:10:25.900743,2,3,7,,,8,456103,
vcomp_run1,vcomp,2026/04/14-17:10:25.900798,0,1,7,,,7,460667,
vcomp_run1,vcomp,2026/04/14-17:10:25.902006,1,2,4,,,4,246543,
vcomp_run1,vcomp,2026/04/14-17:10:25.903166,1,2,7,,,6,413284,
vcomp_run1,vcomp,2026/04/14-17:10:25.904314,1,2,6,,,6,373193,
vcomp_run1,vcomp,2026/04/14-17:10:25.905708,2,3,5,,,6,441857,
vcomp_run1,vcomp,2026/04/14-17:10:25.906694,2,3,7,,,7,444003,
vcomp_run1,vcomp,2026/04/14-17:10:25.906707,1,2,7,,,8,443471,
vcomp_run1,vcomp,2026/04/14-17:10:25.906791,2,3,8,,,8,484040,
vcomp_run1,vcomp,2026/04/14-17:10:25.907684,2,3,5,,,6,372805,
vcomp_run1,vcomp,2026/04/14-17:10:25.908506,0,1,7,,,8,469233,
vcomp_run1,vcomp,2026/04/14-17:10:25.910537,1,2,5,,,5,306326,
vcomp_run1,vcomp,2026/04/14-17:10:25.911617,1,2,6,,,6,355516,
vcomp_run1,vcomp,2026/04/14-17:10:25.912702,1,2,7,,,7,439028,
vcomp_run1,vcomp,2026/04/14-17:10:25.914079,1,2,9,,,8,541139,
vcomp_run1,vcomp,2026/04/14-17:10:25.915014,2,3,4,,,3,280618,
vcomp_run1,vcomp,2026/04/14-17:10:25.916094,2,3,4,,,5,374746,
vcomp_run1,vcomp,2026/04/14-17:10:25.916116,2,3,8,,,10,516682,
vcomp_run1,vcomp,2026/04/14-17:10:25.916132,2,3,7,,,8,688381,
vcomp_run1,vcomp,2026/04/14-17:10:25.916196,0,1,8,,,8,467694,
vcomp_run1,vcomp,2026/04/14-17:10:25.917494,1,2,5,,,6,331939,
vcomp_run1,vcomp,2026/04/14-17:10:25.918442,1,2,7,,,7,436718,
vcomp_run1,vcomp,2026/04/14-17:10:25.919286,1,2,5,,,6,331237,
vcomp_run1,vcomp,2026/04/14-17:10:25.919994,2,3,3,,,3,176621,
vcomp_run1,vcomp,2026/04/14-17:10:25.921143,2,3,5,,,5,302445,
vcomp_run1,vcomp,2026/04/14-17:10:25.921946,2,3,6,,,6,351040,
vcomp_run1,vcomp,2026/04/14-17:10:25.922134,1,2,8,,,7,395330,
vcomp_run1,vcomp,2026/04/14-17:10:25.922917,2,3,4,,,4,324737,
vcomp_run1,vcomp,2026/04/14-17:10:25.923770,2,3,6,,,6,364025,
vcomp_run1,vcomp,2026/04/14-17:10:25.923887,0,1,7,,,8,462422,
vcomp_run1,vcomp,2026/04/14-17:10:25.925628,1,2,2,,,2,101120,
vcomp_run1,vcomp,2026/04/14-17:10:25.926684,1,2,5,,,6,335790,
vcomp_run1,vcomp,2026/04/14-17:10:25.928122,1,2,6,,,5,320087,
vcomp_run1,vcomp,2026/04/14-17:10:25.928928,1,2,5,,,5,305581,
vcomp_run1,vcomp,2026/04/14-17:10:25.930194,2,3,7,,,7,402042,
vcomp_run1,vcomp,2026/04/14-17:10:25.931214,2,3,6,,,8,468105,
vcomp_run1,vcomp,2026/04/14-17:10:25.931226,2,3,11,,,11,528287,
vcomp_run1,vcomp,2026/04/14-17:10:25.931245,0,1,8,,,8,491184,
vcomp_run1,vcomp,2026/04/14-17:10:25.931332,2,3,8,,,8,503706,
vcomp_run1,vcomp,2026/04/14-17:10:25.932690,1,2,5,,,4,268251,
vcomp_run1,vcomp,2026/04/14-17:10:25.933791,1,2,6,,,6,359469,
vcomp_run1,vcomp,2026/04/14-17:10:25.935295,1,2,7,,,8,474453,
vcomp_run1,vcomp,2026/04/14-17:10:25.936134,1,2,8,,,8,483406,
vcomp_run1,vcomp,2026/04/14-17:10:25.937184,2,3,6,,,3,359289,
vcomp_run1,vcomp,2026/04/14-17:10:25.938212,2,3,7,,,7,396419,
vcomp_run1,vcomp,2026/04/14-17:10:25.938226,2,3,7,,,7,422162,
vcomp_run1,vcomp,2026/04/14-17:10:25.938239,2,3,9,,,9,460884,
vcomp_run1,vcomp,2026/04/14-17:10:25.938318,0,1,8,,,9,484476,
vcomp_run1,vcomp,2026/04/14-17:10:25.939537,1,2,3,,,3,168795,
vcomp_run1,vcomp,2026/04/14-17:10:25.940551,1,2,5,,,5,312233,
vcomp_run1,vcomp,2026/04/14-17:10:25.941966,1,2,5,,,6,308173,
vcomp_run1,vcomp,2026/04/14-17:10:25.942806,1,2,7,,,7,428114,
vcomp_run1,vcomp,2026/04/14-17:10:25.943857,2,3,6,,,5,287559,
vcomp_run1,vcomp,2026/04/14-17:10:25.944811,2,3,6,,,5,302862,
vcomp_run1,vcomp,2026/04/14-17:10:25.944821,2,3,5,,,5,298989,
vcomp_run1,vcomp,2026/04/14-17:10:25.944837,2,3,8,,,7,433083,
vcomp_run1,vcomp,2026/04/14-17:10:25.944893,0,1,9,,,8,512039,
vcomp_run1,vcomp,2026/04/14-17:10:25.946102,1,2,4,,,4,227630,
vcomp_run1,vcomp,2026/04/14-17:10:25.947385,1,2,8,,,8,519460,
vcomp_run1,vcomp,2026/04/14-17:10:25.948843,1,2,8,,,8,500067,
vcomp_run1,vcomp,2026/04/14-17:10:25.949700,1,2,7,,,7,405502,
vcomp_run1,vcomp,2026/04/14-17:10:25.950905,2,3,6,,,6,537174,
vcomp_run1,vcomp,2026/04/14-17:10:25.951885,2,3,5,,,5,414521,
vcomp_run1,vcomp,2026/04/14-17:10:25.951902,2,3,9,,,8,502026,
vcomp_run1,vcomp,2026/04/14-17:10:25.951919,2,3,6,,,7,464856,
vcomp_run1,vcomp,2026/04/14-17:10:25.951980,0,1,8,,,8,494010,
vcomp_run1,vcomp,2026/04/14-17:10:25.953349,1,2,5,,,5,295736,
vcomp_run1,vcomp,2026/04/14-17:10:25.954195,1,2,3,,,2,110035,
vcomp_run1,vcomp,2026/04/14-17:10:25.955526,1,2,6,,,6,342205,
vcomp_run1,vcomp,2026/04/14-17:10:25.956359,1,2,7,,,6,374438,
vcomp_run1,vcomp,2026/04/14-17:10:25.957242,1,2,13,,,12,785139,
vcomp_run1,vcomp,2026/04/14-17:10:25.958273,2,3,5,,,6,326338,
vcomp_run1,vcomp,2026/04/14-17:10:25.959300,2,3,7,,,7,444695,
vcomp_run1,vcomp,2026/04/14-17:10:25.959320,0,1,7,,,8,458299,
vcomp_run1,vcomp,2026/04/14-17:10:25.959334,2,3,10,,,10,562559,
vcomp_run1,vcomp,2026/04/14-17:10:25.959424,2,3,9,,,8,463320,
vcomp_run1,vcomp,2026/04/14-17:10:25.960756,1,2,4,,,4,230004,
vcomp_run1,vcomp,2026/04/14-17:10:25.962353,1,2,5,,,5,307427,
vcomp_run1,vcomp,2026/04/14-17:10:25.963324,1,2,7,,,7,455746,
vcomp_run1,vcomp,2026/04/14-17:10:25.963337,1,2,7,,,7,446498,
vcomp_run1,vcomp,2026/04/14-17:10:25.964558,2,3,6,,,6,381139,
vcomp_run1,vcomp,2026/04/14-17:10:25.965557,2,3,6,,,7,492918,
vcomp_run1,vcomp,2026/04/14-17:10:25.965571,2,3,9,,,9,456082,
vcomp_run1,vcomp,2026/04/14-17:10:25.965585,2,3,9,,,8,521815,
vcomp_run1,vcomp,2026/04/14-17:10:25.965646,0,1,8,,,8,476970,
vcomp_run1,vcomp,2026/04/14-17:10:25.966997,1,2,5,,,5,305213,
vcomp_run1,vcomp,2026/04/14-17:10:25.968489,1,2,7,,,7,439659,
vcomp_run1,vcomp,2026/04/14-17:10:25.969342,1,2,4,,,4,201061,
vcomp_run1,vcomp,2026/04/14-17:10:25.969612,1,2,6,,,7,398111,
vcomp_run1,vcomp,2026/04/14-17:10:25.970432,2,3,5,,,5,298929,
vcomp_run1,vcomp,2026/04/14-17:10:25.971392,2,3,7,,,7,421515,
vcomp_run1,vcomp,2026/04/14-17:10:25.971404,2,3,8,,,8,479809,
vcomp_run1,vcomp,2026/04/14-17:10:25.971478,0,1,8,,,8,501923,
vcomp_run1,vcomp,2026/04/14-17:10:25.972856,1,2,5,,,4,308529,
vcomp_run1,vcomp,2026/04/14-17:10:25.974050,1,2,6,,,5,396954,
vcomp_run1,vcomp,2026/04/14-17:10:25.975659,1,2,7,,,7,434375,
vcomp_run1,vcomp,2026/04/14-17:10:25.976555,1,2,9,,,9,523161,
vcomp_run1,vcomp,2026/04/14-17:10:25.977614,2,3,5,,,3,299542,
vcomp_run1,vcomp,2026/04/14-17:10:25.978642,2,3,6,,,7,375124,
vcomp_run1,vcomp,2026/04/14-17:10:25.978653,2,3,5,,,5,348728,
vcomp_run1,vcomp,2026/04/14-17:10:25.978667,0,1,8,,,9,482185,
vcomp_run1,vcomp,2026/04/14-17:10:25.978728,2,3,8,,,10,796609,
vcomp_run1,vcomp,2026/04/14-17:10:25.979979,1,2,4,,,4,237472,
vcomp_run1,vcomp,2026/04/14-17:10:25.980907,1,2,4,,,4,216322,
vcomp_run1,vcomp,2026/04/14-17:10:25.982289,1,2,6,,,6,372959,
vcomp_run1,vcomp,2026/04/14-17:10:25.983118,1,2,7,,,7,421075,
vcomp_run1,vcomp,2026/04/14-17:10:25.984170,2,3,4,,,4,333959,
vcomp_run1,vcomp,2026/04/14-17:10:25.985114,2,3,6,,,6,378524,
vcomp_run1,vcomp,2026/04/14-17:10:25.985130,2,3,6,,,8,466056,
vcomp_run1,vcomp,2026/04/14-17:10:25.985181,0,1,9,,,8,516660,
vcomp_run1,vcomp,2026/04/14-17:10:25.986345,1,2,4,,,4,233788,
vcomp_run1,vcomp,2026/04/14-17:10:25.987360,1,2,4,,,4,264579,
vcomp_run1,vcomp,2026/04/14-17:10:25.988717,1,2,6,,,6,352744,
vcomp_run1,vcomp,2026/04/14-17:10:25.989580,1,2,6,,,7,396621,
vcomp_run1,vcomp,2026/04/14-17:10:25.990812,2,3,8,,,8,519488,
vcomp_run1,vcomp,2026/04/14-17:10:25.991829,2,3,7,,,7,415631,
vcomp_run1,vcomp,2026/04/14-17:10:25.991838,2,3,7,,,7,410988,
vcomp_run1,vcomp,2026/04/14-17:10:25.991853,2,3,7,,,7,423810,
vcomp_run1,vcomp,2026/04/14-17:10:25.991916,0,1,8,,,8,523800,
vcomp_run1,vcomp,2026/04/14-17:10:25.993181,1,2,4,,,5,263628,
vcomp_run1,vcomp,2026/04/14-17:10:25.994136,1,2,4,,,4,257447,
vcomp_run1,vcomp,2026/04/14-17:10:25.995490,1,2,5,,,6,326073,
vcomp_run1,vcomp,2026/04/14-17:10:25.996307,1,2,7,,,5,319812,
vcomp_run1,vcomp,2026/04/14-17:10:25.997227,1,2,10,,,10,602084,
vcomp_run1,vcomp,2026/04/14-17:10:25.998272,2,3,4,,,5,248550,
vcomp_run1,vcomp,2026/04/14-17:10:25.999327,2,3,6,,,3,387414,
vcomp_run1,vcomp,2026/04/14-17:10:25.999339,2,3,6,,,6,379310,
vcomp_run1,vcomp,2026/04/14-17:10:25.999356,2,3,6,,,6,380099,
vcomp_run1,vcomp,2026/04/14-17:10:25.999373,0,1,7,,,7,445475,
vcomp_run1,vcomp,2026/04/14-17:10:25.999448,2,3,7,,,7,435279,
vcomp_run1,vcomp,2026/04/14-17:10:26.000865,1,2,5,,,4,291770,
vcomp_run1,vcomp,2026/04/14-17:10:26.002403,1,2,6,,,6,366997,
vcomp_run1,vcomp,2026/04/14-17:10:26.004109,1,2,10,,,9,577869,
vcomp_run1,vcomp,2026/04/14-17:10:26.005284,2,3,7,,,6,403493,
vcomp_run1,vcomp,2026/04/14-17:10:26.006251,2,3,7,,,8,410986,
vcomp_run1,vcomp,2026/04/14-17:10:26.006264,2,3,7,,,6,397949,
vcomp_run1,vcomp,2026/04/14-17:10:26.006275,2,3,7,,,7,516430,
vcomp_run1,vcomp,2026/04/14-17:10:26.006350,0,1,8,,,8,498091,
vcomp_run1,vcomp,2026/04/14-17:10:26.007602,1,2,4,,,3,190498,
vcomp_run1,vcomp,2026/04/14-17:10:26.009093,1,2,4,,,4,262879,
vcomp_run1,vcomp,2026/04/14-17:10:26.009956,1,2,5,,,5,344669,
vcomp_run1,vcomp,2026/04/14-17:10:26.010017,1,2,8,,,8,522303,
vcomp_run1,vcomp,2026/04/14-17:10:26.011131,2,3,6,,,6,343972,
vcomp_run1,vcomp,2026/04/14-17:10:26.012153,2,3,4,,,4,278411,
vcomp_run1,vcomp,2026/04/14-17:10:26.012167,2,3,8,,,5,489224,
vcomp_run1,vcomp,2026/04/14-17:10:26.012181,2,3,7,,,7,434891,
vcomp_run1,vcomp,2026/04/14-17:10:26.012241,0,1,8,,,9,518777,
vcomp_run1,vcomp,2026/04/14-17:10:26.014182,1,2,4,,,4,257324,
vcomp_run1,vcomp,2026/04/14-17:10:26.015549,1,2,3,,,3,223936,
vcomp_run1,vcomp,2026/04/14-17:10:26.016445,1,2,6,,,6,324591,
vcomp_run1,vcomp,2026/04/14-17:10:26.016462,1,2,6,,,6,390522,
vcomp_run1,vcomp,2026/04/14-17:10:26.017673,2,3,6,,,7,335332,
vcomp_run1,vcomp,2026/04/14-17:10:26.018781,2,3,9,,,8,428342,
vcomp_run1,vcomp,2026/04/14-17:10:26.018795,2,3,8,,,7,386871,
vcomp_run1,vcomp,2026/04/14-17:10:26.018808,0,1,8,,,9,504851,
vcomp_run1,vcomp,2026/04/14-17:10:26.018864,2,3,8,,,9,635155,
vcomp_run1,vcomp,2026/04/14-17:10:26.020033,1,2,2,,,2,113996,
vcomp_run1,vcomp,2026/04/14-17:10:26.020891,1,2,3,,,3,189950,
vcomp_run1,vcomp,2026/04/14-17:10:26.022287,1,2,5,,,5,312792,
vcomp_run1,vcomp,2026/04/14-17:10:26.023366,1,2,6,,,6,386146,
vcomp_run1,vcomp,2026/04/14-17:10:26.024126,1,2,9,,,9,536872,
vcomp_run1,vcomp,2026/04/14-17:10:26.025144,2,3,6,,,5,363029,
vcomp_run1,vcomp,2026/04/14-17:10:26.026214,2,3,6,,,6,351691,
vcomp_run1,vcomp,2026/04/14-17:10:26.026227,2,3,7,,,6,449918,
vcomp_run1,vcomp,2026/04/14-17:10:26.026243,2,3,8,,,7,456843,
vcomp_run1,vcomp,2026/04/14-17:10:26.026316,0,1,8,,,8,472633,
vcomp_run1,vcomp,2026/04/14-17:10:26.027567,1,2,3,,,4,187591,
vcomp_run1,vcomp,2026/04/14-17:10:26.028916,1,2,6,,,6,406117,
vcomp_run1,vcomp,2026/04/14-17:10:26.029898,1,2,7,,,7,440129,
vcomp_run1,vcomp,2026/04/14-17:10:26.029902,1,2,4,,,2,112895,
vcomp_run1,vcomp,2026/04/14-17:10:26.030956,2,3,5,,,5,414534,
vcomp_run1,vcomp,2026/04/14-17:10:26.031888,2,3,7,,,7,395963,
vcomp_run1,vcomp,2026/04/14-17:10:26.031906,2,3,8,,,7,473076,
vcomp_run1,vcomp,2026/04/14-17:10:26.031981,0,1,8,,,9,521175,
vcomp_run1,vcomp,2026/04/14-17:10:26.033264,1,2,4,,,4,255802,
vcomp_run1,vcomp,2026/04/14-17:10:26.034320,1,2,5,,,6,316494,
vcomp_run1,vcomp,2026/04/14-17:10:26.035835,1,2,5,,,5,301167,
vcomp_run1,vcomp,2026/04/14-17:10:26.036621,1,2,6,,,7,399776,
vcomp_run1,vcomp,2026/04/14-17:10:26.037489,1,2,10,,,10,595149,
vcomp_run1,vcomp,2026/04/14-17:10:26.038554,2,3,4,,,3,238015,
vcomp_run1,vcomp,2026/04/14-17:10:26.039769,2,3,6,,,6,447219,
vcomp_run1,vcomp,2026/04/14-17:10:26.039782,2,3,4,,,4,248746,
vcomp_run1,vcomp,2026/04/14-17:10:26.039795,2,3,5,,,5,264485,
vcomp_run1,vcomp,2026/04/14-17:10:26.039808,2,3,7,,,7,447046,
vcomp_run1,vcomp,2026/04/14-17:10:26.039822,2,3,9,,,8,477490,
vcomp_run1,vcomp,2026/04/14-17:10:26.039915,0,1,8,,,8,469056,
vcomp_run1,vcomp,2026/04/14-17:10:26.041422,1,2,5,,,5,327624,
vcomp_run1,vcomp,2026/04/14-17:10:26.043040,1,2,5,,,5,270260,
vcomp_run1,vcomp,2026/04/14-17:10:26.044184,1,2,7,,,7,452720,
vcomp_run1,vcomp,2026/04/14-17:10:26.045095,2,3,5,,,5,373195,
vcomp_run1,vcomp,2026/04/14-17:10:26.046081,2,3,6,,,6,432562,
vcomp_run1,vcomp,2026/04/14-17:10:26.046092,2,3,7,,,7,412894,
vcomp_run1,vcomp,2026/04/14-17:10:26.046154,0,1,9,,,9,518338,
vcomp_run1,vcomp,2026/04/14-17:10:26.047430,1,2,4,,,4,243817,
vcomp_run1,vcomp,2026/04/14-17:10:26.048475,1,2,5,,,5,300410,
vcomp_run1,vcomp,2026/04/14-17:10:26.049903,1,2,6,,,5,307269,
vcomp_run1,vcomp,2026/04/14-17:10:26.050704,1,2,6,,,6,365590,
vcomp_run1,vcomp,2026/04/14-17:10:26.051874,2,3,7,,,7,442405,
vcomp_run1,vcomp,2026/04/14-17:10:26.052939,2,3,8,,,7,416717,
vcomp_run1,vcomp,2026/04/14-17:10:26.052951,2,3,8,,,8,529910,
vcomp_run1,vcomp,2026/04/14-17:10:26.052965,2,3,7,,,7,412339,
vcomp_run1,vcomp,2026/04/14-17:10:26.053052,0,1,8,,,9,519718,
vcomp_run1,vcomp,2026/04/14-17:10:26.054547,1,2,5,,,5,302403,
vcomp_run1,vcomp,2026/04/14-17:10:26.055710,1,2,4,,,4,250073,
vcomp_run1,vcomp,2026/04/14-17:10:26.056825,1,2,7,,,6,370661,
vcomp_run1,vcomp,2026/04/14-17:10:26.058475,1,2,5,,,5,305432,
vcomp_run1,vcomp,2026/04/14-17:10:26.059378,1,2,8,,,8,461991,
vcomp_run1,vcomp,2026/04/14-17:10:26.060429,2,3,3,,,3,233782,
vcomp_run1,vcomp,2026/04/14-17:10:26.061487,2,3,5,,,4,249872,
vcomp_run1,vcomp,2026/04/14-17:10:26.061500,2,3,6,,,6,357420,
vcomp_run1,vcomp,2026/04/14-17:10:26.061516,2,3,6,,,6,367252,
vcomp_run1,vcomp,2026/04/14-17:10:26.061527,2,3,7,,,7,419836,
vcomp_run1,vcomp,2026/04/14-17:10:26.061588,0,1,8,,,8,466394,
vcomp_run1,vcomp,2026/04/14-17:10:26.062978,1,2,5,,,6,318274,
vcomp_run1,vcomp,2026/04/14-17:10:26.064214,1,2,7,,,7,386830,
vcomp_run1,vcomp,2026/04/14-17:10:26.065613,1,2,6,,,6,401663,
vcomp_run1,vcomp,2026/04/14-17:10:26.066488,1,2,7,,,8,457993,
vcomp_run1,vcomp,2026/04/14-17:10:26.067603,2,3,4,,,4,232098,
vcomp_run1,vcomp,2026/04/14-17:10:26.068762,2,3,7,,,8,373244,
vcomp_run1,vcomp,2026/04/14-17:10:26.068778,2,3,8,,,9,585546,
vcomp_run1,vcomp,2026/04/14-17:10:26.068792,2,3,8,,,8,460540,
vcomp_run1,vcomp,2026/04/14-17:10:26.068861,0,1,8,,,8,469024,
vcomp_run1,vcomp,2026/04/14-17:10:26.070116,1,2,3,,,4,211721,
vcomp_run1,vcomp,2026/04/14-17:10:26.071338,1,2,7,,,7,449508,
vcomp_run1,vcomp,2026/04/14-17:10:26.072708,1,2,5,,,5,294003,
vcomp_run1,vcomp,2026/04/14-17:10:26.073526,1,2,8,,,7,434561,
vcomp_run1,vcomp,2026/04/14-17:10:26.074642,2,3,5,,,5,275003,
vcomp_run1,vcomp,2026/04/14-17:10:26.075657,2,3,6,,,6,455246,
vcomp_run1,vcomp,2026/04/14-17:10:26.075670,2,3,8,,,7,417729,
vcomp_run1,vcomp,2026/04/14-17:10:26.075684,2,3,9,,,9,470976,
vcomp_run1,vcomp,2026/04/14-17:10:26.075739,0,1,8,,,8,482673,
vcomp_run1,vcomp,2026/04/14-17:10:26.077075,1,2,5,,,5,305606,
vcomp_run1,vcomp,2026/04/14-17:10:26.078175,1,2,6,,,6,370260,
vcomp_run1,vcomp,2026/04/14-17:10:26.079586,1,2,5,,,5,315064,
vcomp_run1,vcomp,2026/04/14-17:10:26.080489,1,2,7,,,6,352437,
vcomp_run1,vcomp,2026/04/14-17:10:26.081664,2,3,7,,,6,392012,
vcomp_run1,vcomp,2026/04/14-17:10:26.082704,2,3,7,,,6,387946,
vcomp_run1,vcomp,2026/04/14-17:10:26.082716,2,3,7,,,7,401124,
vcomp_run1,vcomp,2026/04/14-17:10:26.082730,2,3,7,,,9,439328,
vcomp_run1,vcomp,2026/04/14-17:10:26.082804,0,1,8,,,8,501372,
vcomp_run1,vcomp,2026/04/14-17:10:26.084175,1,2,5,,,5,319021,
vcomp_run1,vcomp,2026/04/14-17:10:26.085282,1,2,5,,,5,332853,
vcomp_run1,vcomp,2026/04/14-17:10:26.086637,1,2,7,,,6,376497,
vcomp_run1,vcomp,2026/04/14-17:10:26.087452,1,2,7,,,6,373979,
vcomp_run1,vcomp,2026/04/14-17:10:26.089517,2,3,5,,,5,365892,
vcomp_run1,vcomp,2026/04/14-17:10:26.089534,2,3,10,,,10,540151,
vcomp_run1,vcomp,2026/04/14-17:10:26.089550,0,1,8,,,9,518393,
vcomp_run1,vcomp,2026/04/14-17:10:26.090638,2,3,8,,,9,715490,
vcomp_run1,vcomp,2026/04/14-17:10:26.091669,1,2,3,,,3,185508,
vcomp_run1,vcomp,2026/04/14-17:10:26.091687,1,2,5,,,5,301577,
vcomp_run1,vcomp,2026/04/14-17:10:26.091701,1,2,4,,,4,233793,
vcomp_run1,vcomp,2026/04/14-17:10:26.091835,1,2,11,,,11,672167,
vcomp_run1,vcomp,2026/04/14-17:10:26.093137,1,2,5,,,5,272190,
vcomp_run1,vcomp,2026/04/14-17:10:26.094864,2,3,5,,,5,270405,
vcomp_run1,vcomp,2026/04/14-17:10:26.094876,2,3,7,,,7,401021,
vcomp_run1,vcomp,2026/04/14-17:10:26.094892,2,3,7,,,7,458619,
vcomp_run1,vcomp,2026/04/14-17:10:26.095804,0,1,8,,,9,505124,
vcomp_run1,vcomp,2026/04/14-17:10:26.095873,2,3,10,,,10,753106,
vcomp_run1,vcomp,2026/04/14-17:10:26.097820,1,2,3,,,3,178920,
vcomp_run1,vcomp,2026/04/14-17:10:26.099502,1,2,4,,,4,268324,
vcomp_run1,vcomp,2026/04/14-17:10:26.100390,1,2,5,,,4,261153,
vcomp_run1,vcomp,2026/04/14-17:10:26.100405,1,2,7,,,7,392872,
vcomp_run1,vcomp,2026/04/14-17:10:26.102321,2,3,5,,,5,404263,
vcomp_run1,vcomp,2026/04/14-17:10:26.102540,2,3,4,,,5,251814,
vcomp_run1,vcomp,2026/04/14-17:10:26.102553,2,3,6,,,3,364629,
vcomp_run1,vcomp,2026/04/14-17:10:26.103313,0,1,8,,,8,496956,
vcomp_run1,vcomp,2026/04/14-17:10:26.105135,1,2,4,,,4,223175,
vcomp_run1,vcomp,2026/04/14-17:10:26.106466,1,2,4,,,5,276143,
vcomp_run1,vcomp,2026/04/14-17:10:26.107358,1,2,6,,,6,385196,
vcomp_run1,vcomp,2026/04/14-17:10:26.107414,1,2,7,,,7,453435,
vcomp_run1,vcomp,2026/04/14-17:10:26.108536,2,3,4,,,3,309547,
vcomp_run1,vcomp,2026/04/14-17:10:26.109703,2,3,7,,,7,448550,
vcomp_run1,vcomp,2026/04/14-17:10:26.109722,2,3,7,,,8,512637,
vcomp_run1,vcomp,2026/04/14-17:10:26.109737,2,3,8,,,7,511326,
vcomp_run1,vcomp,2026/04/14-17:10:26.109752,2,3,8,,,8,479255,
vcomp_run1,vcomp,2026/04/14-17:10:26.109817,0,1,8,,,8,497461,
vcomp_run1,vcomp,2026/04/14-17:10:26.111105,1,2,3,,,3,176249,
vcomp_run1,vcomp,2026/04/14-17:10:26.112022,1,2,3,,,3,175909,
vcomp_run1,vcomp,2026/04/14-17:10:26.113406,1,2,6,,,6,341708,
vcomp_run1,vcomp,2026/04/14-17:10:26.114443,1,2,5,,,5,317638,
vcomp_run1,vcomp,2026/04/14-17:10:26.114651,1,2,8,,,8,494650,
vcomp_run1,vcomp,2026/04/14-17:10:26.115307,2,3,7,,,6,347733,
vcomp_run1,vcomp,2026/04/14-17:10:26.116343,2,3,8,,,8,472115,
vcomp_run1,vcomp,2026/04/14-17:10:26.116357,2,3,6,,,6,418513,
vcomp_run1,vcomp,2026/04/14-17:10:26.116369,2,3,6,,,8,454751,
vcomp_run1,vcomp,2026/04/14-17:10:26.116423,0,1,7,,,8,466138,
vcomp_run1,vcomp,2026/04/14-17:10:26.117638,1,2,3,,,3,175694,
vcomp_run1,vcomp,2026/04/14-17:10:26.118795,1,2,6,,,6,390386,
vcomp_run1,vcomp,2026/04/14-17:10:26.120220,1,2,3,,,2,119794,
vcomp_run1,vcomp,2026/04/14-17:10:26.121218,1,2,7,,,7,428629,
vcomp_run1,vcomp,2026/04/14-17:10:26.122411,2,3,5,,,4,340774,
vcomp_run1,vcomp,2026/04/14-17:10:26.123385,2,3,7,,,6,381915,
vcomp_run1,vcomp,2026/04/14-17:10:26.123402,2,3,7,,,6,410403,
vcomp_run1,vcomp,2026/04/14-17:10:26.123469,0,1,8,,,9,520021,
vcomp_run1,vcomp,2026/04/14-17:10:26.124877,1,2,5,,,5,312329,
vcomp_run1,vcomp,2026/04/14-17:10:26.126670,1,2,6,,,6,378628,
vcomp_run1,vcomp,2026/04/14-17:10:26.127597,1,2,5,,,5,314635,
vcomp_run1,vcomp,2026/04/14-17:10:26.127611,1,2,7,,,7,449928,
vcomp_run1,vcomp,2026/04/14-17:10:26.128823,2,3,6,,,3,336937,
vcomp_run1,vcomp,2026/04/14-17:10:26.129983,2,3,4,,,4,237125,
vcomp_run1,vcomp,2026/04/14-17:10:26.129996,2,3,6,,,5,324132,
vcomp_run1,vcomp,2026/04/14-17:10:26.130011,2,3,6,,,6,391215,
vcomp_run1,vcomp,2026/04/14-17:10:26.130027,2,3,7,,,7,442075,
vcomp_run1,vcomp,2026/04/14-17:10:26.130910,0,1,9,,,9,523188,
vcomp_run1,vcomp,2026/04/14-17:10:26.132170,1,2,3,,,3,148546,
vcomp_run1,vcomp,2026/04/14-17:10:26.133558,1,2,6,,,6,365896,
vcomp_run1,vcomp,2026/04/14-17:10:26.134471,1,2,5,,,5,298945,
vcomp_run1,vcomp,2026/04/14-17:10:26.134487,1,2,8,,,8,454984,
vcomp_run1,vcomp,2026/04/14-17:10:26.135363,1,2,8,,,8,506342,
vcomp_run1,vcomp,2026/04/14-17:10:26.136458,2,3,6,,,6,344323,
vcomp_run1,vcomp,2026/04/14-17:10:26.137542,2,3,7,,,8,446650,
vcomp_run1,vcomp,2026/04/14-17:10:26.137555,2,3,10,,,9,560701,
vcomp_run1,vcomp,2026/04/14-17:10:26.137569,0,1,8,,,8,479584,
vcomp_run1,vcomp,2026/04/14-17:10:26.137626,2,3,11,,,11,639740,
vcomp_run1,vcomp,2026/04/14-17:10:26.138942,1,2,3,,,4,199827,
vcomp_run1,vcomp,2026/04/14-17:10:26.140372,1,2,2,,,2,128888,
vcomp_run1,vcomp,2026/04/14-17:10:26.141274,1,2,4,,,4,249543,
vcomp_run1,vcomp,2026/04/14-17:10:26.141355,1,2,9,,,8,493245,
vcomp_run1,vcomp,2026/04/14-17:10:26.142346,2,3,2,,,1,62599,
vcomp_run1,vcomp,2026/04/14-17:10:26.143484,0,1,8,,,9,510925,
vcomp_run1,vcomp,2026/04/14-17:10:26.143502,2,3,7,,,6,382940,
vcomp_run1,vcomp,2026/04/14-17:10:26.143508,2,3,5,,,6,415721,
vcomp_run1,vcomp,2026/04/14-17:10:26.143608,2,3,5,,,5,371202,
vcomp_run1,vcomp,2026/04/14-17:10:26.144512,1,2,3,,,2,117980,
vcomp_run1,vcomp,2026/04/14-17:10:26.145502,1,2,5,,,5,267522,
vcomp_run1,vcomp,2026/04/14-17:10:26.145539,1,2,6,,,6,356585,
vcomp_run1,vcomp,2026/04/14-17:10:26.146542,1,2,10,,,10,628597,
vcomp_run1,vcomp,2026/04/14-17:10:26.147707,1,2,6,,,6,370828,
vcomp_run1,vcomp,2026/04/14-17:10:26.148826,2,3,4,,,2,199507,
vcomp_run1,vcomp,2026/04/14-17:10:26.149916,2,3,6,,,5,312324,
vcomp_run1,vcomp,2026/04/14-17:10:26.149933,2,3,5,,,5,363867,
vcomp_run1,vcomp,2026/04/14-17:10:26.149947,2,3,6,,,5,324484,
vcomp_run1,vcomp,2026/04/14-17:10:26.149962,2,3,7,,,7,407361,
vcomp_run1,vcomp,2026/04/14-17:10:26.150041,0,1,8,,,8,483313,
vcomp_run1,vcomp,2026/04/14-17:10:26.151493,1,2,5,,,5,312066,
vcomp_run1,vcomp,2026/04/14-17:10:26.152600,1,2,6,,,6,377941,
vcomp_run1,vcomp,2026/04/14-17:10:26.154091,1,2,6,,,6,382753,
vcomp_run1,vcomp,2026/04/14-17:10:26.154957,1,2,7,,,7,411209,
vcomp_run1,vcomp,2026/04/14-17:10:26.156213,2,3,7,,,6,492876,
vcomp_run1,vcomp,2026/04/14-17:10:26.157279,2,3,8,,,7,433328,
vcomp_run1,vcomp,2026/04/14-17:10:26.157292,2,3,7,,,6,406975,
vcomp_run1,vcomp,2026/04/14-17:10:26.157306,2,3,8,,,8,544731,
vcomp_run1,vcomp,2026/04/14-17:10:26.157389,0,1,8,,,8,487055,
vcomp_run1,vcomp,2026/04/14-17:10:26.158759,1,2,3,,,3,205791,
vcomp_run1,vcomp,2026/04/14-17:10:26.159681,1,2,3,,,3,145051,
vcomp_run1,vcomp,2026/04/14-17:10:26.161278,1,2,6,,,6,372953,
vcomp_run1,vcomp,2026/04/14-17:10:26.162415,1,2,6,,,6,349533,
vcomp_run1,vcomp,2026/04/14-17:10:26.162627,1,2,9,,,8,531121,
vcomp_run1,vcomp,2026/04/14-17:10:26.163527,2,3,6,,,6,379045,
vcomp_run1,vcomp,2026/04/14-17:10:26.164623,2,3,7,,,7,397092,
vcomp_run1,vcomp,2026/04/14-17:10:26.164634,2,3,7,,,7,432462,
vcomp_run1,vcomp,2026/04/14-17:10:26.164647,2,3,8,,,9,421093,
vcomp_run1,vcomp,2026/04/14-17:10:26.164723,0,1,7,,,8,479664,
vcomp_run1,vcomp,2026/04/14-17:10:26.166216,1,2,6,,,6,391932,
vcomp_run1,vcomp,2026/04/14-17:10:26.167711,1,2,4,,,5,244392,
vcomp_run1,vcomp,2026/04/14-17:10:26.168966,1,2,8,,,8,499773,
vcomp_run1,vcomp,2026/04/14-17:10:26.169195,1,2,8,,,8,466493,
vcomp_run1,vcomp,2026/04/14-17:10:26.169757,2,3,3,,,3,266757,
vcomp_run1,vcomp,2026/04/14-17:10:26.170838,2,3,4,,,4,208997,
vcomp_run1,vcomp,2026/04/14-17:10:26.170850,2,3,7,,,6,350136,
vcomp_run1,vcomp,2026/04/14-17:10:26.170866,2,3,5,,,7,316395,
vcomp_run1,vcomp,2026/04/14-17:10:26.170934,0,1,8,,,8,495085,
vcomp_run1,vcomp,2026/04/14-17:10:26.172212,1,2,4,,,4,262016,
vcomp_run1,vcomp,2026/04/14-17:10:26.173284,1,2,4,,,5,269636,
vcomp_run1,vcomp,2026/04/14-17:10:26.174698,1,2,5,,,5,283904,
vcomp_run1,vcomp,2026/04/14-17:10:26.175558,1,2,8,,,7,466120,
vcomp_run1,vcomp,2026/04/14-17:10:26.176498,2,3,2,,,2,185514,
vcomp_run1,vcomp,2026/04/14-17:10:26.177542,2,3,4,,,4,277836,
vcomp_run1,vcomp,2026/04/14-17:10:26.177554,2,3,6,,,4,413459,
vcomp_run1,vcomp,2026/04/14-17:10:26.177567,2,3,7,,,8,428683,
vcomp_run1,vcomp,2026/04/14-17:10:26.177621,0,1,8,,,9,507683,
vcomp_run1,vcomp,2026/04/14-17:10:26.178747,1,2,2,,,3,113528,
vcomp_run1,vcomp,2026/04/14-17:10:26.179970,1,2,7,,,6,355068,
vcomp_run1,vcomp,2026/04/14-17:10:26.181400,1,2,5,,,5,309927,
vcomp_run1,vcomp,2026/04/14-17:10:26.182636,1,2,7,,,8,456180,
vcomp_run1,vcomp,2026/04/14-17:10:26.183304,2,3,3,,,3,177649,
vcomp_run1,vcomp,2026/04/14-17:10:26.184224,2,3,2,,,1,58694,
vcomp_run1,vcomp,2026/04/14-17:10:26.184239,2,3,6,,,7,398416,
vcomp_run1,vcomp,2026/04/14-17:10:26.184254,2,3,8,,,7,435454,
vcomp_run1,vcomp,2026/04/14-17:10:26.184361,2,3,6,,,7,431233,
vcomp_run1,vcomp,2026/04/14-17:10:26.185171,0,1,9,,,9,517821,
vcomp_run1,vcomp,2026/04/14-17:10:26.186023,3,4,2,,,3,143451,
vcomp_run1,vcomp,2026/04/14-17:10:26.187039,1,2,2,,,2,106846,
vcomp_run1,vcomp,2026/04/14-17:10:26.188560,1,2,6,,,6,367538,
vcomp_run1,vcomp,2026/04/14-17:10:26.189602,1,2,6,,,6,347825,
vcomp_run1,vcomp,2026/04/14-17:10:26.189617,1,2,8,,,8,510828,
vcomp_run1,vcomp,2026/04/14-17:10:26.189684,1,2,8,,,7,440001,
vcomp_run1,vcomp,2026/04/14-17:10:26.190922,2,3,7,,,6,392489,
vcomp_run1,vcomp,2026/04/14-17:10:26.192094,2,3,6,,,6,375875,
vcomp_run1,vcomp,2026/04/14-17:10:26.192105,2,3,7,,,7,471345,
vcomp_run1,vcomp,2026/04/14-17:10:26.192117,2,3,7,,,7,446193,
vcomp_run1,vcomp,2026/04/14-17:10:26.192133,2,3,8,,,8,515346,
vcomp_run1,vcomp,2026/04/14-17:10:26.192208,0,1,8,,,9,490760,
vcomp_run1,vcomp,2026/04/14-17:10:26.193458,1,2,3,,,2,119733,
vcomp_run1,vcomp,2026/04/14-17:10:26.194882,1,2,4,,,4,250263,
vcomp_run1,vcomp,2026/04/14-17:10:26.195914,1,2,4,,,3,174382,
vcomp_run1,vcomp,2026/04/14-17:10:26.195931,1,2,8,,,8,510618,
vcomp_run1,vcomp,2026/04/14-17:10:26.195994,1,2,6,,,7,389185,
vcomp_run1,vcomp,2026/04/14-17:10:26.197123,2,3,3,,,2,189067,
vcomp_run1,vcomp,2026/04/14-17:10:26.198198,2,3,2,,,2,177983,
vcomp_run1,vcomp,2026/04/14-17:10:26.198214,2,3,5,,,5,311162,
vcomp_run1,vcomp,2026/04/14-17:10:26.198229,2,3,7,,,6,413926,
vcomp_run1,vcomp,2026/04/14-17:10:26.198310,0,1,8,,,8,492734,
vcomp_run1,vcomp,2026/04/14-17:10:26.199714,1,2,6,,,6,381439,
vcomp_run1,vcomp,2026/04/14-17:10:26.201583,1,2,9,,,8,488524,
vcomp_run1,vcomp,2026/04/14-17:10:26.202573,1,2,4,,,4,257076,
vcomp_run1,vcomp,2026/04/14-17:10:26.202586,1,2,6,,,6,393191,
vcomp_run1,vcomp,2026/04/14-17:10:26.203780,2,3,5,,,3,354941,
vcomp_run1,vcomp,2026/04/14-17:10:26.205046,2,3,6,,,5,412376,
vcomp_run1,vcomp,2026/04/14-17:10:26.205061,2,3,7,,,8,388785,
vcomp_run1,vcomp,2026/04/14-17:10:26.205081,0,1,8,,,8,506387,
vcomp_run1,vcomp,2026/04/14-17:10:26.205159,2,3,13,,,13,697693,
vcomp_run1,vcomp,2026/04/14-17:10:26.206582,1,2,4,,,4,222661,
vcomp_run1,vcomp,2026/04/14-17:10:26.208223,1,2,6,,,6,411882,
vcomp_run1,vcomp,2026/04/14-17:10:26.209286,1,2,9,,,9,561114,
vcomp_run1,vcomp,2026/04/14-17:10:26.209718,1,2,8,,,9,523326,
vcomp_run1,vcomp,2026/04/14-17:10:26.210549,2,3,4,,,3,355564,
vcomp_run1,vcomp,2026/04/14-17:10:26.211694,2,3,6,,,7,444054,
vcomp_run1,vcomp,2026/04/14-17:10:26.211708,2,3,8,,,7,496805,
vcomp_run1,vcomp,2026/04/14-17:10:26.211721,2,3,8,,,8,511520,
vcomp_run1,vcomp,2026/04/14-17:10:26.211791,0,1,8,,,8,478719,
vcomp_run1,vcomp,2026/04/14-17:10:26.213192,1,2,4,,,4,245521,
vcomp_run1,vcomp,2026/04/14-17:10:26.214653,1,2,4,,,4,256436,
vcomp_run1,vcomp,2026/04/14-17:10:26.215654,1,2,4,,,5,236171,
vcomp_run1,vcomp,2026/04/14-17:10:26.215667,1,2,7,,,8,469230,
vcomp_run1,vcomp,2026/04/14-17:10:26.217010,2,3,6,,,6,355975,
vcomp_run1,vcomp,2026/04/14-17:10:26.218159,2,3,3,,,3,247942,
vcomp_run1,vcomp,2026/04/14-17:10:26.218178,2,3,6,,,8,403914,
vcomp_run1,vcomp,2026/04/14-17:10:26.218196,0,1,8,,,8,521636,
vcomp_run1,vcomp,2026/04/14-17:10:26.218279,2,3,10,,,9,569139,
vcomp_run1,vcomp,2026/04/14-17:10:26.219542,1,2,3,,,3,166670,
vcomp_run1,vcomp,2026/04/14-17:10:26.221423,1,2,5,,,5,324267,
vcomp_run1,vcomp,2026/04/14-17:10:26.222496,1,2,6,,,7,386469,
vcomp_run1,vcomp,2026/04/14-17:10:26.222756,1,2,10,,,10,583507,
vcomp_run1,vcomp,2026/04/14-17:10:26.223575,2,3,4,,,2,236358,
vcomp_run1,vcomp,2026/04/14-17:10:26.224543,1,2,7,,,6,405982,
vcomp_run1,vcomp,2026/04/14-17:10:26.224694,2,3,8,,,7,445020,
vcomp_run1,vcomp,2026/04/14-17:10:26.225857,2,3,5,,,5,423888,
vcomp_run1,vcomp,2026/04/14-17:10:26.226878,2,3,5,,,5,402919,
vcomp_run1,vcomp,2026/04/14-17:10:26.227015,0,1,7,,,7,465587,
vcomp_run1,vcomp,2026/04/14-17:10:26.228503,1,2,3,,,2,109185,
vcomp_run1,vcomp,2026/04/14-17:10:26.229500,1,2,6,,,5,300974,
vcomp_run1,vcomp,2026/04/14-17:10:26.229518,1,2,8,,,9,530789,
vcomp_run1,vcomp,2026/04/14-17:10:26.229594,1,2,7,,,7,414969,
vcomp_run1,vcomp,2026/04/14-17:10:26.230601,2,3,2,,,2,98399,
vcomp_run1,vcomp,2026/04/14-17:10:26.231763,2,3,4,,,4,240038,
vcomp_run1,vcomp,2026/04/14-17:10:26.231774,2,3,4,,,4,240985,
vcomp_run1,vcomp,2026/04/14-17:10:26.231791,2,3,8,,,7,367789,
vcomp_run1,vcomp,2026/04/14-17:10:26.231805,2,3,6,,,5,380287,
vcomp_run1,vcomp,2026/04/14-17:10:26.231869,0,1,7,,,9,474602,
vcomp_run1,vcomp,2026/04/14-17:10:26.233232,1,2,4,,,4,242484,
vcomp_run1,vcomp,2026/04/14-17:10:26.234803,1,2,5,,,5,323042,
vcomp_run1,vcomp,2026/04/14-17:10:26.236013,1,2,7,,,7,449067,
vcomp_run1,vcomp,2026/04/14-17:10:26.236020,3,4,2,,,3,145401,
vcomp_run1,vcomp,2026/04/14-17:10:26.236036,1,2,5,,,6,303184,
vcomp_run1,vcomp,2026/04/14-17:10:26.237289,2,3,7,,,6,384472,
vcomp_run1,vcomp,2026/04/14-17:10:26.238532,2,3,6,,,8,386430,
vcomp_run1,vcomp,2026/04/14-17:10:26.238543,2,3,3,,,2,125166,
vcomp_run1,vcomp,2026/04/14-17:10:26.238559,2,3,7,,,7,403939,
vcomp_run1,vcomp,2026/04/14-17:10:26.238576,2,3,10,,,9,458092,
vcomp_run1,vcomp,2026/04/14-17:10:26.238653,0,1,9,,,9,505882,
vcomp_run1,vcomp,2026/04/14-17:10:26.240133,1,2,5,,,5,309089,
vcomp_run1,vcomp,2026/04/14-17:10:26.241577,1,2,4,,,4,239800,
vcomp_run1,vcomp,2026/04/14-17:10:26.242562,1,2,7,,,8,460270,
vcomp_run1,vcomp,2026/04/14-17:10:26.242575,1,2,6,,,6,337990,
vcomp_run1,vcomp,2026/04/14-17:10:26.243832,2,3,4,,,5,235356,
vcomp_run1,vcomp,2026/04/14-17:10:26.244947,2,3,6,,,3,379930,
vcomp_run1,vcomp,2026/04/14-17:10:26.244958,2,3,8,,,7,481266,
vcomp_run1,vcomp,2026/04/14-17:10:26.244976,2,3,9,,,8,568933,
vcomp_run1,vcomp,2026/04/14-17:10:26.245039,0,1,9,,,9,520784,
vcomp_run1,vcomp,2026/04/14-17:10:26.246389,1,2,4,,,4,273141,
vcomp_run1,vcomp,2026/04/14-17:10:26.248126,1,2,6,,,5,329563,
vcomp_run1,vcomp,2026/04/14-17:10:26.249223,1,2,5,,,5,332774,
vcomp_run1,vcomp,2026/04/14-17:10:26.249227,1,2,8,,,8,512084,
vcomp_run1,vcomp,2026/04/14-17:10:26.250326,2,3,5,,,3,317550,
vcomp_run1,vcomp,2026/04/14-17:10:26.251627,2,3,6,,,7,367975,
vcomp_run1,vcomp,2026/04/14-17:10:26.251648,2,3,7,,,7,448642,
vcomp_run1,vcomp,2026/04/14-17:10:26.251662,2,3,10,,,9,661024,
vcomp_run1,vcomp,2026/04/14-17:10:26.251742,0,1,9,,,9,515881,
vcomp_run1,vcomp,2026/04/14-17:10:26.253208,1,2,5,,,5,311812,
vcomp_run1,vcomp,2026/04/14-17:10:26.254865,1,2,4,,,4,239373,
vcomp_run1,vcomp,2026/04/14-17:10:26.255934,1,2,6,,,6,311057,
vcomp_run1,vcomp,2026/04/14-17:10:26.255998,1,2,6,,,6,391766,
vcomp_run1,vcomp,2026/04/14-17:10:26.256123,1,2,6,,,6,394728,
vcomp_run1,vcomp,2026/04/14-17:10:26.257197,2,3,4,,,4,307088,
vcomp_run1,vcomp,2026/04/14-17:10:26.258356,2,3,7,,,7,403492,
vcomp_run1,vcomp,2026/04/14-17:10:26.258369,2,3,5,,,6,370052,
vcomp_run1,vcomp,2026/04/14-17:10:26.258383,2,3,7,,,6,390955,
vcomp_run1,vcomp,2026/04/14-17:10:26.258449,0,1,8,,,8,475144,
vcomp_run1,vcomp,2026/04/14-17:10:26.259778,1,2,6,,,5,287188,
vcomp_run1,vcomp,2026/04/14-17:10:26.261313,1,2,5,,,6,319294,
vcomp_run1,vcomp,2026/04/14-17:10:26.262347,1,2,4,,,5,261837,
vcomp_run1,vcomp,2026/04/14-17:10:26.262666,1,2,7,,,7,396132,
vcomp_run1,vcomp,2026/04/14-17:10:26.263500,2,3,5,,,5,295298,
vcomp_run1,vcomp,2026/04/14-17:10:26.264559,2,3,6,,,5,359672,
vcomp_run1,vcomp,2026/04/14-17:10:26.264573,2,3,5,,,5,455505,
vcomp_run1,vcomp,2026/04/14-17:10:26.264590,2,3,10,,,9,503940,
vcomp_run1,vcomp,2026/04/14-17:10:26.264648,0,1,8,,,8,471043,
vcomp_run1,vcomp,2026/04/14-17:10:26.266074,1,2,5,,,5,260732,
vcomp_run1,vcomp,2026/04/14-17:10:26.267647,1,2,6,,,6,375406,
vcomp_run1,vcomp,2026/04/14-17:10:26.268759,1,2,9,,,8,510742,
vcomp_run1,vcomp,2026/04/14-17:10:26.268762,1,2,7,,,6,330010,
vcomp_run1,vcomp,2026/04/14-17:10:26.269762,2,3,6,,,5,322944,
vcomp_run1,vcomp,2026/04/14-17:10:26.270859,2,3,4,,,5,456112,
vcomp_run1,vcomp,2026/04/14-17:10:26.270874,2,3,9,,,8,474324,
vcomp_run1,vcomp,2026/04/14-17:10:26.270889,2,3,7,,,7,444555,
vcomp_run1,vcomp,2026/04/14-17:10:26.270960,0,1,8,,,8,485393,
vcomp_run1,vcomp,2026/04/14-17:10:26.272229,1,2,4,,,4,205444,
vcomp_run1,vcomp,2026/04/14-17:10:26.273311,1,2,5,,,5,305202,
vcomp_run1,vcomp,2026/04/14-17:10:26.274845,1,2,7,,,8,439358,
vcomp_run1,vcomp,2026/04/14-17:10:26.275799,1,2,6,,,6,400333,
vcomp_run1,vcomp,2026/04/14-17:10:26.277076,2,3,6,,,6,379130,
vcomp_run1,vcomp,2026/04/14-17:10:26.278173,2,3,8,,,7,405926,
vcomp_run1,vcomp,2026/04/14-17:10:26.278186,2,3,8,,,7,454815,
vcomp_run1,vcomp,2026/04/14-17:10:26.278202,2,3,7,,,6,428781,
vcomp_run1,vcomp,2026/04/14-17:10:26.278308,0,1,8,,,8,519749,
vcomp_run1,vcomp,2026/04/14-17:10:26.279818,1,2,4,,,4,258611,
vcomp_run1,vcomp,2026/04/14-17:10:26.281587,1,2,6,,,6,356984,
vcomp_run1,vcomp,2026/04/14-17:10:26.282802,1,2,6,,,6,403809,
vcomp_run1,vcomp,2026/04/14-17:10:26.282923,1,2,8,,,7,422847,
vcomp_run1,vcomp,2026/04/14-17:10:26.283865,2,3,6,,,5,398515,
vcomp_run1,vcomp,2026/04/14-17:10:26.284977,2,3,7,,,8,514964,
vcomp_run1,vcomp,2026/04/14-17:10:26.284992,2,3,8,,,8,580102,
vcomp_run1,vcomp,2026/04/14-17:10:26.285010,0,1,8,,,8,501810,
vcomp_run1,vcomp,2026/04/14-17:10:26.285075,2,3,8,,,7,514032,
vcomp_run1,vcomp,2026/04/14-17:10:26.286520,1,2,6,,,5,308963,
vcomp_run1,vcomp,2026/04/14-17:10:26.288062,1,2,5,,,5,301571,
vcomp_run1,vcomp,2026/04/14-17:10:26.289076,1,2,5,,,5,316258,
vcomp_run1,vcomp,2026/04/14-17:10:26.289093,1,2,9,,,8,541164,
vcomp_run1,vcomp,2026/04/14-17:10:26.290370,2,3,5,,,5,340457,
vcomp_run1,vcomp,2026/04/14-17:10:26.291531,2,3,7,,,7,408035,
vcomp_run1,vcomp,2026/04/14-17:10:26.291544,2,3,5,,,4,398586,
vcomp_run1,vcomp,2026/04/14-17:10:26.291560,2,3,8,,,11,527581,
vcomp_run1,vcomp,2026/04/14-17:10:26.291642,0,1,8,,,8,496489,
vcomp_run1,vcomp,2026/04/14-17:10:26.294715,1,2,5,,,6,337783,
vcomp_run1,vcomp,2026/04/14-17:10:26.295873,1,2,6,,,6,393489,
vcomp_run1,vcomp,2026/04/14-17:10:26.295946,1,2,7,,,6,400142,
vcomp_run1,vcomp,2026/04/14-17:10:26.296984,2,3,3,,,2,190926,
vcomp_run1,vcomp,2026/04/14-17:10:26.298085,2,3,5,,,6,346257,
vcomp_run1,vcomp,2026/04/14-17:10:26.298098,2,3,8,,,7,511147,
vcomp_run1,vcomp,2026/04/14-17:10:26.298112,0,1,8,,,8,506933,
vcomp_run1,vcomp,2026/04/14-17:10:26.298190,2,3,9,,,10,515852,
vcomp_run1,vcomp,2026/04/14-17:10:26.299622,1,2,6,,,6,331336,
vcomp_run1,vcomp,2026/04/14-17:10:26.301345,1,2,6,,,6,388622,
vcomp_run1,vcomp,2026/04/14-17:10:26.302454,1,2,7,,,6,387413,
vcomp_run1,vcomp,2026/04/14-17:10:26.302458,1,2,6,,,6,370392,
vcomp_run1,vcomp,2026/04/14-17:10:26.303882,2,3,7,,,7,442229,
vcomp_run1,vcomp,2026/04/14-17:10:26.305028,2,3,7,,,6,476298,
vcomp_run1,vcomp,2026/04/14-17:10:26.305041,2,3,8,,,8,468463,
vcomp_run1,vcomp,2026/04/14-17:10:26.305054,0,1,8,,,8,502925,
vcomp_run1,vcomp,2026/04/14-17:10:26.305153,2,3,8,,,7,449831,
vcomp_run1,vcomp,2026/04/14-17:10:26.306778,1,2,5,,,5,316969,
vcomp_run1,vcomp,2026/04/14-17:10:26.308601,1,2,4,,,4,264100,
vcomp_run1,vcomp,2026/04/14-17:10:26.309608,1,2,5,,,5,294634,
vcomp_run1,vcomp,2026/04/14-17:10:26.309669,1,2,5,,,6,336282,
vcomp_run1,vcomp,2026/04/14-17:10:26.310737,2,3,5,,,5,286037,
vcomp_run1,vcomp,2026/04/14-17:10:26.311780,2,3,4,,,6,391889,
vcomp_run1,vcomp,2026/04/14-17:10:26.311792,2,3,8,,,7,510991,
vcomp_run1,vcomp,2026/04/14-17:10:26.311862,0,1,8,,,9,514204,
vcomp_run1,vcomp,2026/04/14-17:10:26.313018,1,2,2,,,2,111965,
vcomp_run1,vcomp,2026/04/14-17:10:26.313962,1,2,3,,,3,176019,
vcomp_run1,vcomp,2026/04/14-17:10:26.315821,1,2,7,,,7,405888,
vcomp_run1,vcomp,2026/04/14-17:10:26.316852,1,2,5,,,5,273294,
vcomp_run1,vcomp,2026/04/14-17:10:26.317063,1,2,7,,,8,442382,
vcomp_run1,vcomp,2026/04/14-17:10:26.318152,2,3,4,,,4,287309,
vcomp_run1,vcomp,2026/04/14-17:10:26.319332,2,3,7,,,7,354684,
vcomp_run1,vcomp,2026/04/14-17:10:26.319349,2,3,7,,,6,391975,
vcomp_run1,vcomp,2026/04/14-17:10:26.319364,2,3,7,,,8,425796,
vcomp_run1,vcomp,2026/04/14-17:10:26.319378,0,1,8,,,8,505497,
vcomp_run1,vcomp,2026/04/14-17:10:26.319455,2,3,7,,,4,433273,
vcomp_run1,vcomp,2026/04/14-17:10:26.320961,1,2,4,,,4,248002,
vcomp_run1,vcomp,2026/04/14-17:10:26.322745,1,2,5,,,4,263665,
vcomp_run1,vcomp,2026/04/14-17:10:26.323823,1,2,8,,,8,473773,
vcomp_run1,vcomp,2026/04/14-17:10:26.324241,1,2,7,,,7,447281,
vcomp_run1,vcomp,2026/04/14-17:10:26.325092,2,3,4,,,3,318294,
vcomp_run1,vcomp,2026/04/14-17:10:26.326252,2,3,7,,,7,432844,
vcomp_run1,vcomp,2026/04/14-17:10:26.326265,2,3,10,,,9,509178,
vcomp_run1,vcomp,2026/04/14-17:10:26.326281,2,3,9,,,8,661915,
vcomp_run1,vcomp,2026/04/14-17:10:26.326342,0,1,8,,,9,509478,
vcomp_run1,vcomp,2026/04/14-17:10:26.327656,1,2,3,,,3,178359,
vcomp_run1,vcomp,2026/04/14-17:10:26.329155,1,2,6,,,6,346542,
vcomp_run1,vcomp,2026/04/14-17:10:26.330076,1,2,6,,,6,375077,
vcomp_run1,vcomp,2026/04/14-17:10:26.330134,1,2,7,,,7,413107,
vcomp_run1,vcomp,2026/04/14-17:10:26.331566,2,3,6,,,6,360722,
vcomp_run1,vcomp,2026/04/14-17:10:26.332703,2,3,8,,,8,481565,
vcomp_run1,vcomp,2026/04/14-17:10:26.332719,2,3,7,,,7,449328,
vcomp_run1,vcomp,2026/04/14-17:10:26.332740,0,1,9,,,9,522359,
vcomp_run1,vcomp,2026/04/14-17:10:26.332811,2,3,7,,,7,437289,
vcomp_run1,vcomp,2026/04/14-17:10:26.334314,1,2,5,,,5,313900,
vcomp_run1,vcomp,2026/04/14-17:10:26.335867,1,2,4,,,4,244013,
vcomp_run1,vcomp,2026/04/14-17:10:26.337059,1,2,6,,,6,375956,
vcomp_run1,vcomp,2026/04/14-17:10:26.337074,1,2,6,,,7,407294,
vcomp_run1,vcomp,2026/04/14-17:10:26.337089,1,2,8,,,8,474915,
vcomp_run1,vcomp,2026/04/14-17:10:26.338205,2,3,3,,,3,220277,
vcomp_run1,vcomp,2026/04/14-17:10:26.339340,2,3,6,,,7,468200,
vcomp_run1,vcomp,2026/04/14-17:10:26.339355,2,3,6,,,5,363529,
vcomp_run1,vcomp,2026/04/14-17:10:26.339374,2,3,6,,,6,378149,
vcomp_run1,vcomp,2026/04/14-17:10:26.339387,2,3,4,,,3,167612,
vcomp_run1,vcomp,2026/04/14-17:10:26.339462,0,1,8,,,8,476259,
vcomp_run1,vcomp,2026/04/14-17:10:26.340800,1,2,4,,,4,242009,
vcomp_run1,vcomp,2026/04/14-17:10:26.342695,1,2,5,,,5,335971,
vcomp_run1,vcomp,2026/04/14-17:10:26.343794,1,2,10,,,11,633607,
vcomp_run1,vcomp,2026/04/14-17:10:26.344232,1,2,10,,,10,600156,
vcomp_run1,vcomp,2026/04/14-17:10:26.345088,2,3,3,,,3,247676,
vcomp_run1,vcomp,2026/04/14-17:10:26.346199,2,3,7,,,6,445949,
vcomp_run1,vcomp,2026/04/14-17:10:26.346210,2,3,7,,,6,401534,
vcomp_run1,vcomp,2026/04/14-17:10:26.346224,0,1,8,,,8,469306,
vcomp_run1,vcomp,2026/04/14-17:10:26.346291,2,3,9,,,9,552137,
vcomp_run1,vcomp,2026/04/14-17:10:26.347777,1,2,5,,,5,309250,
vcomp_run1,vcomp,2026/04/14-17:10:26.349354,1,2,6,,,5,330598,
vcomp_run1,vcomp,2026/04/14-17:10:26.350246,1,2,2,,,2,59512,
vcomp_run1,vcomp,2026/04/14-17:10:26.351307,1,2,12,,,12,713053,
vcomp_run1,vcomp,2026/04/14-17:10:26.351394,1,2,12,,,11,710875,
vcomp_run1,vcomp,2026/04/14-17:10:26.352482,2,3,4,,,2,256484,
vcomp_run1,vcomp,2026/04/14-17:10:26.353573,2,3,7,,,7,395748,
vcomp_run1,vcomp,2026/04/14-17:10:26.353584,2,3,5,,,5,375655,
vcomp_run1,vcomp,2026/04/14-17:10:26.353597,2,3,8,,,7,475752,
vcomp_run1,vcomp,2026/04/14-17:10:26.353669,0,1,7,,,8,463356,
vcomp_run1,vcomp,2026/04/14-17:10:26.354933,1,2,3,,,3,175821,
vcomp_run1,vcomp,2026/04/14-17:10:26.356475,1,2,4,,,4,211066,
vcomp_run1,vcomp,2026/04/14-17:10:26.357616,1,2,5,,,4,282302,
vcomp_run1,vcomp,2026/04/14-17:10:26.357632,1,2,5,,,4,213926,
vcomp_run1,vcomp,2026/04/14-17:10:26.358693,2,3,5,,,5,289224,
vcomp_run1,vcomp,2026/04/14-17:10:26.359712,2,3,6,,,5,322514,
vcomp_run1,vcomp,2026/04/14-17:10:26.359728,2,3,9,,,8,552163,
vcomp_run1,vcomp,2026/04/14-17:10:26.359797,0,1,8,,,8,518840,
vcomp_run1,vcomp,2026/04/14-17:10:26.361186,1,2,5,,,6,362951,
vcomp_run1,vcomp,2026/04/14-17:10:26.362961,1,2,7,,,8,457475,
vcomp_run1,vcomp,2026/04/14-17:10:26.363911,1,2,5,,,5,326766,
vcomp_run1,vcomp,2026/04/14-17:10:26.364531,1,2,10,,,10,578120,
vcomp_run1,vcomp,2026/04/14-17:10:26.364980,2,3,2,,,1,108109,
vcomp_run1,vcomp,2026/04/14-17:10:26.366248,2,3,6,,,5,318040,
vcomp_run1,vcomp,2026/04/14-17:10:26.366260,2,3,5,,,4,281235,
vcomp_run1,vcomp,2026/04/14-17:10:26.366277,2,3,7,,,7,419111,
vcomp_run1,vcomp,2026/04/14-17:10:26.366289,2,3,7,,,7,431221,
vcomp_run1,vcomp,2026/04/14-17:10:26.366306,2,3,8,,,8,483641,
vcomp_run1,vcomp,2026/04/14-17:10:26.366393,0,1,8,,,8,470655,
vcomp_run1,vcomp,2026/04/14-17:10:26.367770,1,2,3,,,3,175988,
vcomp_run1,vcomp,2026/04/14-17:10:26.369564,1,2,5,,,5,301461,
vcomp_run1,vcomp,2026/04/14-17:10:26.370679,1,2,7,,,6,374189,
vcomp_run1,vcomp,2026/04/14-17:10:26.371097,1,2,5,,,6,345145,
vcomp_run1,vcomp,2026/04/14-17:10:26.371929,2,3,3,,,2,236416,
vcomp_run1,vcomp,2026/04/14-17:10:26.372965,2,3,8,,,7,371646,
vcomp_run1,vcomp,2026/04/14-17:10:26.372981,2,3,7,,,6,378867,
vcomp_run1,vcomp,2026/04/14-17:10:26.373049,0,1,8,,,8,496152,
vcomp_run1,vcomp,2026/04/14-17:10:26.374347,1,2,4,,,4,260738,
vcomp_run1,vcomp,2026/04/14-17:10:26.376118,1,2,7,,,6,356411,
vcomp_run1,vcomp,2026/04/14-17:10:26.377096,1,2,7,,,8,454503,
vcomp_run1,vcomp,2026/04/14-17:10:26.377246,1,2,8,,,8,493347,
vcomp_run1,vcomp,2026/04/14-17:10:26.378310,2,3,2,,,2,86484,
vcomp_run1,vcomp,2026/04/14-17:10:26.379462,2,3,6,,,5,371052,
vcomp_run1,vcomp,2026/04/14-17:10:26.379477,2,3,5,,,4,286996,
vcomp_run1,vcomp,2026/04/14-17:10:26.379498,2,3,5,,,5,307021,
vcomp_run1,vcomp,2026/04/14-17:10:26.379516,2,3,6,,,6,481688,
vcomp_run1,vcomp,2026/04/14-17:10:26.379598,0,1,8,,,9,516507,
vcomp_run1,vcomp,2026/04/14-17:10:26.380868,1,2,3,,,3,155164,
vcomp_run1,vcomp,2026/04/14-17:10:26.382682,1,2,4,,,4,259610,
vcomp_run1,vcomp,2026/04/14-17:10:26.383810,1,2,4,,,5,257755,
vcomp_run1,vcomp,2026/04/14-17:10:26.383837,1,2,7,,,7,449109,
vcomp_run1,vcomp,2026/04/14-17:10:26.384148,1,2,6,,,6,369612,
vcomp_run1,vcomp,2026/04/14-17:10:26.385000,2,3,4,,,3,317030,
vcomp_run1,vcomp,2026/04/14-17:10:26.386090,2,3,6,,,4,399141,
vcomp_run1,vcomp,2026/04/14-17:10:26.386106,2,3,7,,,7,437522,
vcomp_run1,vcomp,2026/04/14-17:10:26.386118,2,3,7,,,7,471478,
vcomp_run1,vcomp,2026/04/14-17:10:26.386184,0,1,8,,,8,485231,
vcomp_run1,vcomp,2026/04/14-17:10:26.387602,1,2,5,,,5,289701,
vcomp_run1,vcomp,2026/04/14-17:10:26.389215,1,2,5,,,4,255395,
vcomp_run1,vcomp,2026/04/14-17:10:26.390554,1,2,7,,,7,442055,
vcomp_run1,vcomp,2026/04/14-17:10:26.390594,1,2,7,,,7,452723,
vcomp_run1,vcomp,2026/04/14-17:10:26.391720,2,3,6,,,6,394667,
vcomp_run1,vcomp,2026/04/14-17:10:26.392869,2,3,6,,,5,433604,
vcomp_run1,vcomp,2026/04/14-17:10:26.392882,2,3,8,,,8,483516,
vcomp_run1,vcomp,2026/04/14-17:10:26.392897,2,3,9,,,9,441212,
vcomp_run1,vcomp,2026/04/14-17:10:26.393006,0,1,8,,,8,482252,
vcomp_run1,vcomp,2026/04/14-17:10:26.394551,1,2,5,,,5,313874,
vcomp_run1,vcomp,2026/04/14-17:10:26.396295,1,2,6,,,6,376979,
vcomp_run1,vcomp,2026/04/14-17:10:26.397515,1,2,8,,,8,445120,
vcomp_run1,vcomp,2026/04/14-17:10:26.397617,1,2,8,,,8,458256,
vcomp_run1,vcomp,2026/04/14-17:10:26.398458,2,3,3,,,3,205745,
vcomp_run1,vcomp,2026/04/14-17:10:26.399624,2,3,9,,,9,425975,
vcomp_run1,vcomp,2026/04/14-17:10:26.399638,0,1,8,,,9,517823,
vcomp_run1,vcomp,2026/04/14-17:10:26.399642,2,3,7,,,6,376263,
vcomp_run1,vcomp,2026/04/14-17:10:26.399745,2,3,6,,,6,436484,
vcomp_run1,vcomp,2026/04/14-17:10:26.400764,1,2,4,,,3,207339,
vcomp_run1,vcomp,2026/04/14-17:10:26.402040,1,2,3,,,3,159894,
vcomp_run1,vcomp,2026/04/14-17:10:26.402056,1,2,7,,,7,383637,
vcomp_run1,vcomp,2026/04/14-17:10:26.402095,1,2,7,,,8,477572,
vcomp_run1,vcomp,2026/04/14-17:10:26.402113,1,2,7,,,7,434598,
vcomp_run1,vcomp,2026/04/14-17:10:26.404000,2,3,6,,,6,353250,
vcomp_run1,vcomp,2026/04/14-17:10:26.405147,2,3,3,,,3,295831,
vcomp_run1,vcomp,2026/04/14-17:10:26.405160,2,3,4,,,3,292819,
vcomp_run1,vcomp,2026/04/14-17:10:26.405175,2,3,6,,,5,407665,
vcomp_run1,vcomp,2026/04/14-17:10:26.405186,0,1,8,,,7,472301,
vcomp_run1,vcomp,2026/04/14-17:10:26.405281,2,3,7,,,7,418901,
vcomp_run1,vcomp,2026/04/14-17:10:26.406664,1,2,3,,,3,203593,
vcomp_run1,vcomp,2026/04/14-17:10:26.407724,1,2,4,,,4,279840,
vcomp_run1,vcomp,2026/04/14-17:10:26.408930,1,2,6,,,7,373976,
vcomp_run1,vcomp,2026/04/14-17:10:26.410673,2,3,7,,,7,381708,
vcomp_run1,vcomp,2026/04/14-17:10:26.411678,2,3,6,,,5,359786,
vcomp_run1,vcomp,2026/04/14-17:10:26.411695,2,3,7,,,6,409073,
vcomp_run1,vcomp,2026/04/14-17:10:26.411708,2,3,7,,,7,431542,
vcomp_run1,vcomp,2026/04/14-17:10:26.412684,0,1,8,,,9,509267,
vcomp_run1,vcomp,2026/04/14-17:10:26.414864,1,2,5,,,6,319820,
vcomp_run1,vcomp,2026/04/14-17:10:26.416009,1,2,5,,,5,329608,
vcomp_run1,vcomp,2026/04/14-17:10:26.417583,1,2,6,,,7,379201,
vcomp_run1,vcomp,2026/04/14-17:10:26.418571,1,2,6,,,6,344312,
vcomp_run1,vcomp,2026/04/14-17:10:26.419845,2,3,6,,,6,388721,
vcomp_run1,vcomp,2026/04/14-17:10:26.420899,2,3,5,,,5,409640,
vcomp_run1,vcomp,2026/04/14-17:10:26.420911,2,3,7,,,8,413776,
vcomp_run1,vcomp,2026/04/14-17:10:26.420986,0,1,9,,,9,518455,
vcomp_run1,vcomp,2026/04/14-17:10:26.422284,1,2,4,,,4,242769,
vcomp_run1,vcomp,2026/04/14-17:10:26.424028,1,2,6,,,6,368305,
vcomp_run1,vcomp,2026/04/14-17:10:26.425141,1,2,3,,,2,78532,
vcomp_run1,vcomp,2026/04/14-17:10:26.425158,1,2,6,,,7,387334,
vcomp_run1,vcomp,2026/04/14-17:10:26.425306,1,2,9,,,8,497624,
vcomp_run1,vcomp,2026/04/14-17:10:26.426388,2,3,4,,,4,312947,
vcomp_run1,vcomp,2026/04/14-17:10:26.427650,2,3,6,,,5,334401,
vcomp_run1,vcomp,2026/04/14-17:10:26.427667,2,3,7,,,6,359319,
vcomp_run1,vcomp,2026/04/14-17:10:26.427688,2,3,6,,,6,375211,
vcomp_run1,vcomp,2026/04/14-17:10:26.427759,0,1,8,,,9,523241,
vcomp_run1,vcomp,2026/04/14-17:10:26.429062,1,2,3,,,3,181116,
vcomp_run1,vcomp,2026/04/14-17:10:26.430636,1,2,5,,,4,243959,
vcomp_run1,vcomp,2026/04/14-17:10:26.432059,1,2,7,,,7,415618,
vcomp_run1,vcomp,2026/04/14-17:10:26.432081,1,2,8,,,7,438778,
vcomp_run1,vcomp,2026/04/14-17:10:26.432323,1,2,7,,,7,468862,
vcomp_run1,vcomp,2026/04/14-17:10:26.432982,2,3,3,,,3,157583,
vcomp_run1,vcomp,2026/04/14-17:10:26.434203,2,3,3,,,3,256103,
vcomp_run1,vcomp,2026/04/14-17:10:26.434216,2,3,7,,,6,534926,
vcomp_run1,vcomp,2026/04/14-17:10:26.434238,2,3,7,,,7,470439,
vcomp_run1,vcomp,2026/04/14-17:10:26.434258,2,3,9,,,8,494742,
vcomp_run1,vcomp,2026/04/14-17:10:26.434336,0,1,8,,,9,483102,
vcomp_run1,vcomp,2026/04/14-17:10:26.435724,1,2,5,,,5,262693,
vcomp_run1,vcomp,2026/04/14-17:10:26.437564,1,2,5,,,4,259522,
vcomp_run1,vcomp,2026/04/14-17:10:26.437577,1,2,2,,,1,13705,
vcomp_run1,vcomp,2026/04/14-17:10:26.438547,1,2,6,,,6,380202,
vcomp_run1,vcomp,2026/04/14-17:10:26.439105,1,2,4,,,4,256792,
vcomp_run1,vcomp,2026/04/14-17:10:26.439810,2,3,8,,,7,370838,
vcomp_run1,vcomp,2026/04/14-17:10:26.440933,2,3,6,,,5,428809,
vcomp_run1,vcomp,2026/04/14-17:10:26.440946,2,3,7,,,6,479514,
vcomp_run1,vcomp,2026/04/14-17:10:26.441032,0,1,8,,,9,504315,
vcomp_run1,vcomp,2026/04/14-17:10:26.442326,1,2,3,,,3,157412,
vcomp_run1,vcomp,2026/04/14-17:10:26.444148,1,2,4,,,3,200297,
vcomp_run1,vcomp,2026/04/14-17:10:26.445322,1,2,8,,,8,495100,
vcomp_run1,vcomp,2026/04/14-17:10:26.445336,1,2,8,,,8,495721,
vcomp_run1,vcomp,2026/04/14-17:10:26.445339,1,2,3,,,1,36669,
vcomp_run1,vcomp,2026/04/14-17:10:26.446199,2,3,2,,,1,109859,
vcomp_run1,vcomp,2026/04/14-17:10:26.447411,2,3,8,,,9,462063,
vcomp_run1,vcomp,2026/04/14-17:10:26.447424,2,3,5,,,5,491796,
vcomp_run1,vcomp,2026/04/14-17:10:26.447546,2,3,9,,,10,616906,
vcomp_run1,vcomp,2026/04/14-17:10:26.448382,0,1,8,,,8,517635,
vcomp_run1,vcomp,2026/04/14-17:10:26.449839,1,2,5,,,6,328278,
vcomp_run1,vcomp,2026/04/14-17:10:26.451604,1,2,6,,,7,383205,
vcomp_run1,vcomp,2026/04/14-17:10:26.452844,3,4,2,,,1,49235,
vcomp_run1,vcomp,2026/04/14-17:10:26.452871,1,2,6,,,6,375333,
vcomp_run1,vcomp,2026/04/14-17:10:26.453693,1,2,11,,,11,685421,
vcomp_run1,vcomp,2026/04/14-17:10:26.454842,2,3,4,,,4,328432,
vcomp_run1,vcomp,2026/04/14-17:10:26.455995,2,3,6,,,7,352435,
vcomp_run1,vcomp,2026/04/14-17:10:26.456011,2,3,6,,,7,435647,
vcomp_run1,vcomp,2026/04/14-17:10:26.456030,2,3,7,,,8,458840,
vcomp_run1,vcomp,2026/04/14-17:10:26.456089,0,1,8,,,8,507703,
vcomp_run1,vcomp,2026/04/14-17:10:26.458134,1,2,4,,,5,267102,
vcomp_run1,vcomp,2026/04/14-17:10:26.459258,1,2,5,,,5,258314,
vcomp_run1,vcomp,2026/04/14-17:10:26.459280,1,2,7,,,6,370455,
vcomp_run1,vcomp,2026/04/14-17:10:26.459521,1,2,5,,,5,322025,
vcomp_run1,vcomp,2026/04/14-17:10:26.460650,1,2,13,,,14,832402,
vcomp_run1,vcomp,2026/04/14-17:10:26.461826,2,3,4,,,5,294216,
vcomp_run1,vcomp,2026/04/14-17:10:26.463042,2,3,2,,,1,70776,
vcomp_run1,vcomp,2026/04/14-17:10:26.463060,2,3,6,,,6,357197,
vcomp_run1,vcomp,2026/04/14-17:10:26.463075,2,3,6,,,5,431012,
vcomp_run1,vcomp,2026/04/14-17:10:26.463089,0,1,7,,,8,487361,
vcomp_run1,vcomp,2026/04/14-17:10:26.463282,2,3,7,,,6,401912,
vcomp_run1,vcomp,2026/04/14-17:10:26.464778,1,2,3,,,2,122534,
vcomp_run1,vcomp,2026/04/14-17:10:26.465834,1,2,6,,,7,358683,
vcomp_run1,vcomp,2026/04/14-17:10:26.466005,1,2,5,,,6,317017,
vcomp_run1,vcomp,2026/04/14-17:10:26.466958,1,2,16,,,14,951413,
vcomp_run1,vcomp,2026/04/14-17:10:26.468079,2,3,4,,,2,200224,
vcomp_run1,vcomp,2026/04/14-17:10:26.469360,2,3,4,,,5,222975,
vcomp_run1,vcomp,2026/04/14-17:10:26.469371,2,3,6,,,5,428491,
vcomp_run1,vcomp,2026/04/14-17:10:26.469386,2,3,5,,,5,345366,
vcomp_run1,vcomp,2026/04/14-17:10:26.469402,2,3,7,,,7,488854,
vcomp_run1,vcomp,2026/04/14-17:10:26.469488,0,1,8,,,8,480584,
vcomp_run1,vcomp,2026/04/14-17:10:26.471464,1,2,3,,,3,175002,
vcomp_run1,vcomp,2026/04/14-17:10:26.472529,1,2,5,,,5,295515,
vcomp_run1,vcomp,2026/04/14-17:10:26.472669,1,2,5,,,5,313929,
vcomp_run1,vcomp,2026/04/14-17:10:26.473571,1,2,14,,,15,938691,
vcomp_run1,vcomp,2026/04/14-17:10:26.474726,2,3,3,,,3,237188,
vcomp_run1,vcomp,2026/04/14-17:10:26.475898,2,3,5,,,5,270880,
vcomp_run1,vcomp,2026/04/14-17:10:26.475915,2,3,6,,,3,351221,
vcomp_run1,vcomp,2026/04/14-17:10:26.475928,2,3,6,,,6,442678,
vcomp_run1,vcomp,2026/04/14-17:10:26.476010,0,1,8,,,9,504253,
vcomp_run1,vcomp,2026/04/14-17:10:26.478321,1,2,4,,,3,204409,
vcomp_run1,vcomp,2026/04/14-17:10:26.479383,1,2,6,,,5,289572,
vcomp_run1,vcomp,2026/04/14-17:10:26.479396,1,2,5,,,5,317284,
vcomp_run1,vcomp,2026/04/14-17:10:26.479483,1,2,7,,,6,391393,
vcomp_run1,vcomp,2026/04/14-17:10:26.480896,2,3,7,,,6,416730,
vcomp_run1,vcomp,2026/04/14-17:10:26.482043,2,3,7,,,7,399322,
vcomp_run1,vcomp,2026/04/14-17:10:26.482094,2,3,8,,,9,500660,
vcomp_run1,vcomp,2026/04/14-17:10:26.482323,0,1,9,,,9,519644,
vcomp_run1,vcomp,2026/04/14-17:10:26.483368,1,2,2,,,2,110180,
vcomp_run1,vcomp,2026/04/14-17:10:26.485021,1,2,7,,,7,414040,
vcomp_run1,vcomp,2026/04/14-17:10:26.485056,1,2,8,,,7,424267,
vcomp_run1,vcomp,2026/04/14-17:10:26.485346,1,2,8,,,8,531589,
vcomp_run1,vcomp,2026/04/14-17:10:26.485351,1,2,5,,,5,299371,
vcomp_run1,vcomp,2026/04/14-17:10:26.486005,2,3,3,,,3,230837,
vcomp_run1,vcomp,2026/04/14-17:10:26.487283,2,3,3,,,4,289924,
vcomp_run1,vcomp,2026/04/14-17:10:26.487296,2,3,6,,,6,357705,
vcomp_run1,vcomp,2026/04/14-17:10:26.487309,2,3,6,,,6,442435,
vcomp_run1,vcomp,2026/04/14-17:10:26.487320,2,3,6,,,6,449445,
vcomp_run1,vcomp,2026/04/14-17:10:26.487403,0,1,8,,,9,501490,
vcomp_run1,vcomp,2026/04/14-17:10:26.489011,1,2,6,,,6,409358,
vcomp_run1,vcomp,2026/04/14-17:10:26.490176,1,2,4,,,5,248825,
vcomp_run1,vcomp,2026/04/14-17:10:26.491221,1,2,3,,,4,198912,
vcomp_run1,vcomp,2026/04/14-17:10:26.492941,1,2,5,,,5,304237,
vcomp_run1,vcomp,2026/04/14-17:10:26.494870,2,3,4,,,4,287176,
vcomp_run1,vcomp,2026/04/14-17:10:26.494883,2,3,4,,,4,292423,
vcomp_run1,vcomp,2026/04/14-17:10:26.495046,2,3,7,,,6,457977,
vcomp_run1,vcomp,2026/04/14-17:10:26.495906,0,1,9,,,9,513140,
vcomp_run1,vcomp,2026/04/14-17:10:26.495988,2,3,9,,,8,614470,
vcomp_run1,vcomp,2026/04/14-17:10:26.497330,1,2,3,,,3,179757,
vcomp_run1,vcomp,2026/04/14-17:10:26.498320,1,2,3,,,3,162480,
vcomp_run1,vcomp,2026/04/14-17:10:26.500210,1,2,6,,,6,352101,
vcomp_run1,vcomp,2026/04/14-17:10:26.501382,1,2,8,,,7,445418,
vcomp_run1,vcomp,2026/04/14-17:10:26.501405,1,2,8,,,8,513050,
vcomp_run1,vcomp,2026/04/14-17:10:26.502766,2,3,5,,,7,321001,
vcomp_run1,vcomp,2026/04/14-17:10:26.504014,2,3,8,,,8,459267,
vcomp_run1,vcomp,2026/04/14-17:10:26.504028,2,3,7,,,8,415687,
vcomp_run1,vcomp,2026/04/14-17:10:26.504048,2,3,5,,,6,409069,
vcomp_run1,vcomp,2026/04/14-17:10:26.504116,0,1,8,,,8,495791,
vcomp_run1,vcomp,2026/04/14-17:10:26.505479,1,2,4,,,4,236749,
vcomp_run1,vcomp,2026/04/14-17:10:26.507125,1,2,6,,,5,344996,
vcomp_run1,vcomp,2026/04/14-17:10:26.508262,1,2,7,,,7,448145,
vcomp_run1,vcomp,2026/04/14-17:10:26.508277,1,2,7,,,7,461681,
vcomp_run1,vcomp,2026/04/14-17:10:26.509527,2,3,5,,,3,322825,
vcomp_run1,vcomp,2026/04/14-17:10:26.510720,2,3,8,,,9,489088,
vcomp_run1,vcomp,2026/04/14-17:10:26.510735,2,3,7,,,6,507289,
vcomp_run1,vcomp,2026/04/14-17:10:26.510749,0,1,8,,,8,502674,
vcomp_run1,vcomp,2026/04/14-17:10:26.510835,2,3,8,,,8,614058,
vcomp_run1,vcomp,2026/04/14-17:10:26.512395,1,2,6,,,5,325767,
vcomp_run1,vcomp,2026/04/14-17:10:26.513979,1,2,3,,,3,127129,
vcomp_run1,vcomp,2026/04/14-17:10:26.515074,1,2,8,,,8,512834,
vcomp_run1,vcomp,2026/04/14-17:10:26.515090,1,2,5,,,5,325063,
vcomp_run1,vcomp,2026/04/14-17:10:26.516376,2,3,6,,,7,389656,
vcomp_run1,vcomp,2026/04/14-17:10:26.517519,2,3,5,,,4,370913,
vcomp_run1,vcomp,2026/04/14-17:10:26.517536,2,3,7,,,6,480586,
vcomp_run1,vcomp,2026/04/14-17:10:26.517549,2,3,7,,,7,551506,
vcomp_run1,vcomp,2026/04/14-17:10:26.517611,0,1,8,,,9,515010,
vcomp_run1,vcomp,2026/04/14-17:10:26.518905,1,2,3,,,3,195637,
vcomp_run1,vcomp,2026/04/14-17:10:26.520517,1,2,6,,,6,384695,
vcomp_run1,vcomp,2026/04/14-17:10:26.521740,1,2,8,,,8,533709,
vcomp_run1,vcomp,2026/04/14-17:10:26.521755,1,2,7,,,7,436196,
vcomp_run1,vcomp,2026/04/14-17:10:26.521759,1,2,5,,,5,263941,
vcomp_run1,vcomp,2026/04/14-17:10:26.523101,2,3,7,,,5,422044,
vcomp_run1,vcomp,2026/04/14-17:10:26.524430,2,3,8,,,8,441308,
vcomp_run1,vcomp,2026/04/14-17:10:26.524444,2,3,7,,,8,492323,
vcomp_run1,vcomp,2026/04/14-17:10:26.524462,2,3,10,,,9,553935,
vcomp_run1,vcomp,2026/04/14-17:10:26.524540,0,1,8,,,8,477424,
vcomp_run1,vcomp,2026/04/14-17:10:26.526141,1,2,5,,,6,326929,
vcomp_run1,vcomp,2026/04/14-17:10:26.527772,1,2,4,,,3,195091,
vcomp_run1,vcomp,2026/04/14-17:10:26.528914,1,2,6,,,6,370269,
vcomp_run1,vcomp,2026/04/14-17:10:26.528931,1,2,8,,,8,524691,
vcomp_run1,vcomp,2026/04/14-17:10:26.530236,2,3,7,,,6,361222,
vcomp_run1,vcomp,2026/04/14-17:10:26.531383,2,3,5,,,4,398483,
vcomp_run1,vcomp,2026/04/14-17:10:26.531402,2,3,9,,,8,485720,
vcomp_run1,vcomp,2026/04/14-17:10:26.531417,0,1,8,,,8,479261,
vcomp_run1,vcomp,2026/04/14-17:10:26.531502,2,3,6,,,4,417083,
vcomp_run1,vcomp,2026/04/14-17:10:26.532935,1,2,3,,,3,179555,
vcomp_run1,vcomp,2026/04/14-17:10:26.534773,1,2,6,,,7,395398,
vcomp_run1,vcomp,2026/04/14-17:10:26.535961,1,2,5,,,5,278374,
vcomp_run1,vcomp,2026/04/14-17:10:26.535986,1,2,6,,,4,196792,
vcomp_run1,vcomp,2026/04/14-17:10:26.536148,1,2,8,,,8,488497,
vcomp_run1,vcomp,2026/04/14-17:10:26.537307,2,3,5,,,5,357735,
vcomp_run1,vcomp,2026/04/14-17:10:26.538502,2,3,4,,,3,148292,
vcomp_run1,vcomp,2026/04/14-17:10:26.538513,2,3,3,,,3,138924,
vcomp_run1,vcomp,2026/04/14-17:10:26.538528,2,3,5,,,5,300709,
vcomp_run1,vcomp,2026/04/14-17:10:26.538546,2,3,4,,,5,452317,
vcomp_run1,vcomp,2026/04/14-17:10:26.538634,0,1,7,,,8,464442,
vcomp_run1,vcomp,2026/04/14-17:10:26.539963,1,2,3,,,3,187169,
vcomp_run1,vcomp,2026/04/14-17:10:26.541737,1,2,7,,,8,485513,
vcomp_run1,vcomp,2026/04/14-17:10:26.542727,1,2,6,,,7,385950,
vcomp_run1,vcomp,2026/04/14-17:10:26.542901,1,2,9,,,9,531939,
vcomp_run1,vcomp,2026/04/14-17:10:26.544148,2,3,6,,,6,347382,
vcomp_run1,vcomp,2026/04/14-17:10:26.545387,2,3,8,,,7,396327,
vcomp_run1,vcomp,2026/04/14-17:10:26.545404,2,3,7,,,7,460313,
vcomp_run1,vcomp,2026/04/14-17:10:26.545416,0,1,8,,,7,468315,
vcomp_run1,vcomp,2026/04/14-17:10:26.545493,2,3,8,,,6,580557,
vcomp_run1,vcomp,2026/04/14-17:10:26.546992,1,2,5,,,5,310927,
vcomp_run1,vcomp,2026/04/14-17:10:26.548644,1,2,6,,,7,430546,
vcomp_run1,vcomp,2026/04/14-17:10:26.550030,1,2,7,,,8,444821,
vcomp_run1,vcomp,2026/04/14-17:10:26.550272,1,2,8,,,9,558848,
vcomp_run1,vcomp,2026/04/14-17:10:26.551130,2,3,2,,,1,116997,
vcomp_run1,vcomp,2026/04/14-17:10:26.552254,2,3,7,,,7,407065,
vcomp_run1,vcomp,2026/04/14-17:10:26.552266,2,3,6,,,5,444506,
vcomp_run1,vcomp,2026/04/14-17:10:26.552280,2,3,7,,,8,537736,
vcomp_run1,vcomp,2026/04/14-17:10:26.552348,0,1,7,,,8,451892,
vcomp_run1,vcomp,2026/04/14-17:10:26.553733,1,2,4,,,4,230107,
vcomp_run1,vcomp,2026/04/14-17:10:26.555368,1,2,4,,,4,234298,
vcomp_run1,vcomp,2026/04/14-17:10:26.556432,1,2,7,,,7,400365,
vcomp_run1,vcomp,2026/04/14-17:10:26.556881,1,2,8,,,8,465590,
vcomp_run1,vcomp,2026/04/14-17:10:26.557849,2,3,5,,,5,348075,
vcomp_run1,vcomp,2026/04/14-17:10:26.559056,2,3,7,,,3,362816,
vcomp_run1,vcomp,2026/04/14-17:10:26.559069,2,3,7,,,7,500657,
vcomp_run1,vcomp,2026/04/14-17:10:26.559083,2,3,7,,,8,424289,
vcomp_run1,vcomp,2026/04/14-17:10:26.559149,0,1,8,,,8,487044,
vcomp_run1,vcomp,2026/04/14-17:10:26.560373,1,2,2,,,1,49544,
vcomp_run1,vcomp,2026/04/14-17:10:26.562004,1,2,5,,,4,250768,
vcomp_run1,vcomp,2026/04/14-17:10:26.563128,1,2,8,,,7,440939,
vcomp_run1,vcomp,2026/04/14-17:10:26.563577,1,2,10,,,10,554719,
vcomp_run1,vcomp,2026/04/14-17:10:26.564493,2,3,3,,,3,226796,
vcomp_run1,vcomp,2026/04/14-17:10:26.565592,2,3,7,,,7,414281,
vcomp_run1,vcomp,2026/04/14-17:10:26.565611,2,3,8,,,7,519010,
vcomp_run1,vcomp,2026/04/14-17:10:26.565680,0,1,8,,,9,519441,
vcomp_run1,vcomp,2026/04/14-17:10:26.567036,1,2,5,,,5,301780,
vcomp_run1,vcomp,2026/04/14-17:10:26.568913,1,2,6,,,6,390457,
vcomp_run1,vcomp,2026/04/14-17:10:26.570035,1,2,8,,,8,496928,
vcomp_run1,vcomp,2026/04/14-17:10:26.570125,1,2,7,,,7,407247,
vcomp_run1,vcomp,2026/04/14-17:10:26.571303,2,3,4,,,3,290415,
vcomp_run1,vcomp,2026/04/14-17:10:26.572487,2,3,6,,,5,358297,
vcomp_run1,vcomp,2026/04/14-17:10:26.572500,2,3,6,,,8,411549,
vcomp_run1,vcomp,2026/04/14-17:10:26.572515,2,3,8,,,7,485189,
vcomp_run1,vcomp,2026/04/14-17:10:26.572618,0,1,9,,,9,519179,
vcomp_run1,vcomp,2026/04/14-17:10:26.573971,1,2,3,,,3,190666,
vcomp_run1,vcomp,2026/04/14-17:10:26.575178,1,2,6,,,6,355691,
vcomp_run1,vcomp,2026/04/14-17:10:26.577140,1,2,6,,,6,322979,
vcomp_run1,vcomp,2026/04/14-17:10:26.578451,3,4,2,,,3,196608,
vcomp_run1,vcomp,2026/04/14-17:10:26.578466,1,2,7,,,7,416433,
vcomp_run1,vcomp,2026/04/14-17:10:26.578699,1,2,7,,,7,409340,
vcomp_run1,vcomp,2026/04/14-17:10:26.579670,2,3,6,,,4,291518,
vcomp_run1,vcomp,2026/04/14-17:10:26.580886,2,3,7,,,7,376544,
vcomp_run1,vcomp,2026/04/14-17:10:26.580897,2,3,8,,,6,383826,
vcomp_run1,vcomp,2026/04/14-17:10:26.580911,2,3,6,,,6,419222,
vcomp_run1,vcomp,2026/04/14-17:10:26.580926,2,3,6,,,5,469346,
vcomp_run1,vcomp,2026/04/14-17:10:26.581019,0,1,8,,,7,466693,
vcomp_run1,vcomp,2026/04/14-17:10:26.582730,1,2,6,,,7,394212,
vcomp_run1,vcomp,2026/04/14-17:10:26.584193,1,2,7,,,8,494879,
vcomp_run1,vcomp,2026/04/14-17:10:26.586178,1,2,5,,,5,328388,
vcomp_run1,vcomp,2026/04/14-17:10:26.587176,3,4,2,,,3,158193,
vcomp_run1,vcomp,2026/04/14-17:10:26.587189,3,4,2,,,3,156449,
vcomp_run1,vcomp,2026/04/14-17:10:26.587561,3,4,3,,,4,251445,
vcomp_run1,vcomp,2026/04/14-17:10:26.588519,2,3,4,,,4,329003,
vcomp_run1,vcomp,2026/04/14-17:10:26.588531,2,3,3,,,3,289091,
vcomp_run1,vcomp,2026/04/14-17:10:26.588552,2,3,9,,,8,499104,
vcomp_run1,vcomp,2026/04/14-17:10:26.588573,2,3,9,,,9,492182,
vcomp_run1,vcomp,2026/04/14-17:10:26.588653,0,1,8,,,9,505180,
vcomp_run1,vcomp,2026/04/14-17:10:26.589921,1,2,2,,,1,6994,
vcomp_run1,vcomp,2026/04/14-17:10:26.591017,1,2,4,,,5,257075,
vcomp_run1,vcomp,2026/04/14-17:10:26.592846,1,2,6,,,5,266139,
vcomp_run1,vcomp,2026/04/14-17:10:26.594141,1,2,9,,,8,519015,
vcomp_run1,vcomp,2026/04/14-17:10:26.594267,1,2,6,,,5,329867,
vcomp_run1,vcomp,2026/04/14-17:10:26.594334,3,4,2,,,3,137887,
vcomp_run1,vcomp,2026/04/14-17:10:26.596271,2,3,3,,,2,210213,
vcomp_run1,vcomp,2026/04/14-17:10:26.596285,2,3,5,,,5,359495,
vcomp_run1,vcomp,2026/04/14-17:10:26.596298,2,3,6,,,6,414847,
vcomp_run1,vcomp,2026/04/14-17:10:26.596316,2,3,5,,,5,344795,
vcomp_run1,vcomp,2026/04/14-17:10:26.596407,0,1,8,,,9,513844,
vcomp_run1,vcomp,2026/04/14-17:10:26.597669,1,2,2,,,2,101477,
vcomp_run1,vcomp,2026/04/14-17:10:26.599520,1,2,4,,,4,255983,
vcomp_run1,vcomp,2026/04/14-17:10:26.600772,1,2,6,,,6,359661,
vcomp_run1,vcomp,2026/04/14-17:10:26.600882,3,4,3,,,3,184937,
vcomp_run1,vcomp,2026/04/14-17:10:26.600894,3,4,2,,,3,194095,
vcomp_run1,vcomp,2026/04/14-17:10:26.600909,1,2,7,,,6,385605,
vcomp_run1,vcomp,2026/04/14-17:10:26.600958,1,2,5,,,5,263296,
vcomp_run1,vcomp,2026/04/14-17:10:26.602195,2,3,4,,,3,187885,
vcomp_run1,vcomp,2026/04/14-17:10:26.603359,2,3,7,,,6,416636,
vcomp_run1,vcomp,2026/04/14-17:10:26.603374,2,3,6,,,5,510176,
vcomp_run1,vcomp,2026/04/14-17:10:26.603388,0,1,8,,,9,514438,
vcomp_run1,vcomp,2026/04/14-17:10:26.603466,2,3,6,,,7,429277,
vcomp_run1,vcomp,2026/04/14-17:10:26.604840,1,2,3,,,3,175695,
vcomp_run1,vcomp,2026/04/14-17:10:26.606457,1,2,4,,,5,257033,
vcomp_run1,vcomp,2026/04/14-17:10:26.607555,1,2,6,,,6,377249,
vcomp_run1,vcomp,2026/04/14-17:10:26.607655,1,2,6,,,6,354401,
vcomp_run1,vcomp,2026/04/14-17:10:26.607675,1,2,5,,,4,279678,
vcomp_run1,vcomp,2026/04/14-17:10:26.607778,3,4,2,,,3,156589,
vcomp_run1,vcomp,2026/04/14-17:10:26.608934,2,3,7,,,6,360047,
vcomp_run1,vcomp,2026/04/14-17:10:26.610088,2,3,7,,,7,442396,
vcomp_run1,vcomp,2026/04/14-17:10:26.610103,2,3,5,,,7,383802,
vcomp_run1,vcomp,2026/04/14-17:10:26.610118,2,3,6,,,5,400845,
vcomp_run1,vcomp,2026/04/14-17:10:26.610190,0,1,8,,,8,500381,
vcomp_run1,vcomp,2026/04/14-17:10:26.611720,1,2,6,,,5,308134,
vcomp_run1,vcomp,2026/04/14-17:10:26.613369,1,2,5,,,6,318776,
vcomp_run1,vcomp,2026/04/14-17:10:26.614627,1,2,10,,,11,662689,
vcomp_run1,vcomp,2026/04/14-17:10:26.614631,3,4,2,,,3,157247,
vcomp_run1,vcomp,2026/04/14-17:10:26.614645,3,4,2,,,3,196608,
vcomp_run1,vcomp,2026/04/14-17:10:26.614756,1,2,9,,,9,587961,
vcomp_run1,vcomp,2026/04/14-17:10:26.615870,2,3,6,,,5,315156,
vcomp_run1,vcomp,2026/04/14-17:10:26.617110,2,3,6,,,5,454777,
vcomp_run1,vcomp,2026/04/14-17:10:26.617131,2,3,6,,,6,337228,
vcomp_run1,vcomp,2026/04/14-17:10:26.617146,2,3,8,,,8,422521,
vcomp_run1,vcomp,2026/04/14-17:10:26.617159,2,3,5,,,4,442944,
vcomp_run1,vcomp,2026/04/14-17:10:26.617224,0,1,8,,,8,477624,
vcomp_run1,vcomp,2026/04/14-17:10:26.620085,1,2,3,,,3,180158,
vcomp_run1,vcomp,2026/04/14-17:10:26.621447,3,4,2,,,3,149089,
vcomp_run1,vcomp,2026/04/14-17:10:26.621651,3,4,2,,,3,191861,
vcomp_run1,vcomp,2026/04/14-17:10:26.621664,3,4,3,,,3,183269,
vcomp_run1,vcomp,2026/04/14-17:10:26.621681,1,2,8,,,7,426201,
vcomp_run1,vcomp,2026/04/14-17:10:26.621865,1,2,8,,,8,511905,
vcomp_run1,vcomp,2026/04/14-17:10:26.622039,1,2,4,,,5,260600,
vcomp_run1,vcomp,2026/04/14-17:10:26.622845,2,3,3,,,3,224783,
vcomp_run1,vcomp,2026/04/14-17:10:26.624126,2,3,7,,,7,439723,
vcomp_run1,vcomp,2026/04/14-17:10:26.624143,2,3,7,,,6,471289,
vcomp_run1,vcomp,2026/04/14-17:10:26.624155,2,3,7,,,6,419335,
vcomp_run1,vcomp,2026/04/14-17:10:26.624232,0,1,7,,,8,482553,
vcomp_run1,vcomp,2026/04/14-17:10:26.625643,1,2,4,,,4,269872,
vcomp_run1,vcomp,2026/04/14-17:10:26.627286,1,2,6,,,6,358639,
vcomp_run1,vcomp,2026/04/14-17:10:26.628452,3,4,2,,,3,148893,
vcomp_run1,vcomp,2026/04/14-17:10:26.628467,3,4,2,,,3,144533,
vcomp_run1,vcomp,2026/04/14-17:10:26.628485,1,2,9,,,8,485759,
vcomp_run1,vcomp,2026/04/14-17:10:26.628561,1,2,8,,,8,511320,
vcomp_run1,vcomp,2026/04/14-17:10:26.629801,2,3,4,,,3,308160,
vcomp_run1,vcomp,2026/04/14-17:10:26.630955,2,3,7,,,7,380452,
vcomp_run1,vcomp,2026/04/14-17:10:26.630968,2,3,5,,,6,452942,
vcomp_run1,vcomp,2026/04/14-17:10:26.630982,2,3,6,,,7,401092,
vcomp_run1,vcomp,2026/04/14-17:10:26.631045,0,1,8,,,8,469639,
vcomp_run1,vcomp,2026/04/14-17:10:26.632322,1,2,2,,,2,97056,
vcomp_run1,vcomp,2026/04/14-17:10:26.633930,1,2,3,,,2,95093,
vcomp_run1,vcomp,2026/04/14-17:10:26.635174,3,4,2,,,2,87825,
vcomp_run1,vcomp,2026/04/14-17:10:26.635271,1,2,7,,,7,428298,
vcomp_run1,vcomp,2026/04/14-17:10:26.635288,3,4,2,,,3,144202,
vcomp_run1,vcomp,2026/04/14-17:10:26.635304,1,2,7,,,8,452391,
vcomp_run1,vcomp,2026/04/14-17:10:26.635327,3,4,3,,,3,167153,
vcomp_run1,vcomp,2026/04/14-17:10:26.635647,3,4,2,,,3,144858,
vcomp_run1,vcomp,2026/04/14-17:10:26.636535,2,3,2,,,2,149063,
vcomp_run1,vcomp,2026/04/14-17:10:26.637730,2,3,5,,,4,328442,
vcomp_run1,vcomp,2026/04/14-17:10:26.637749,2,3,6,,,5,505598,
vcomp_run1,vcomp,2026/04/14-17:10:26.637767,2,3,9,,,8,457458,
vcomp_run1,vcomp,2026/04/14-17:10:26.637843,0,1,8,,,9,520205,
vcomp_run1,vcomp,2026/04/14-17:10:26.639369,1,2,5,,,6,333894,
vcomp_run1,vcomp,2026/04/14-17:10:26.641309,1,2,5,,,6,316093,
vcomp_run1,vcomp,2026/04/14-17:10:26.642506,1,2,3,,,2,113080,
vcomp_run1,vcomp,2026/04/14-17:10:26.642674,1,2,6,,,6,349306,
vcomp_run1,vcomp,2026/04/14-17:10:26.642692,3,4,3,,,3,187020,
vcomp_run1,vcomp,2026/04/14-17:10:26.642714,1,2,5,,,5,309750,
vcomp_run1,vcomp,2026/04/14-17:10:26.642893,3,4,2,,,3,148896,
vcomp_run1,vcomp,2026/04/14-17:10:26.644043,2,3,6,,,5,380344,
vcomp_run1,vcomp,2026/04/14-17:10:26.645392,2,3,6,,,6,351308,
vcomp_run1,vcomp,2026/04/14-17:10:26.645411,2,3,8,,,7,447917,
vcomp_run1,vcomp,2026/04/14-17:10:26.645428,2,3,4,,,3,216026,
vcomp_run1,vcomp,2026/04/14-17:10:26.645447,0,1,8,,,9,509545,
vcomp_run1,vcomp,2026/04/14-17:10:26.645545,2,3,8,,,7,549534,
vcomp_run1,vcomp,2026/04/14-17:10:26.646957,1,2,2,,,2,117921,
vcomp_run1,vcomp,2026/04/14-17:10:26.648899,1,2,4,,,4,249726,
vcomp_run1,vcomp,2026/04/14-17:10:26.650228,1,2,7,,,6,394579,
vcomp_run1,vcomp,2026/04/14-17:10:26.650241,1,2,2,,,2,102538,
vcomp_run1,vcomp,2026/04/14-17:10:26.650256,1,2,6,,,5,322695,
vcomp_run1,vcomp,2026/04/14-17:10:26.650269,3,4,2,,,3,149030,
vcomp_run1,vcomp,2026/04/14-17:10:26.650280,3,4,2,,,3,138032,
vcomp_run1,vcomp,2026/04/14-17:10:26.650294,1,2,9,,,8,504360,
vcomp_run1,vcomp,2026/04/14-17:10:26.650370,3,4,2,,,3,137419,
vcomp_run1,vcomp,2026/04/14-17:10:26.651613,2,3,5,,,5,278570,
vcomp_run1,vcomp,2026/04/14-17:10:26.652854,2,3,5,,,5,445879,
vcomp_run1,vcomp,2026/04/14-17:10:26.652868,2,3,7,,,6,562990,
vcomp_run1,vcomp,2026/04/14-17:10:26.652882,0,1,7,,,8,457999,
vcomp_run1,vcomp,2026/04/14-17:10:26.652971,2,3,6,,,6,405237,
vcomp_run1,vcomp,2026/04/14-17:10:26.654215,1,2,2,,,1,8704,
vcomp_run1,vcomp,2026/04/14-17:10:26.656030,1,2,4,,,4,259867,
vcomp_run1,vcomp,2026/04/14-17:10:26.657375,1,2,6,,,6,393598,
vcomp_run1,vcomp,2026/04/14-17:10:26.657435,3,4,3,,,3,166805,
vcomp_run1,vcomp,2026/04/14-17:10:26.657449,1,2,8,,,8,460823,
vcomp_run1,vcomp,2026/04/14-17:10:26.657694,3,4,2,,,3,160528,
vcomp_run1,vcomp,2026/04/14-17:10:26.658690,2,3,7,,,7,376198,
vcomp_run1,vcomp,2026/04/14-17:10:26.659870,2,3,7,,,6,415583,
vcomp_run1,vcomp,2026/04/14-17:10:26.659888,2,3,7,,,6,579994,
vcomp_run1,vcomp,2026/04/14-17:10:26.659969,0,1,8,,,9,516193,
vcomp_run1,vcomp,2026/04/14-17:10:26.661179,1,2,2,,,1,13510,
vcomp_run1,vcomp,2026/04/14-17:10:26.663060,1,2,4,,,4,246458,
vcomp_run1,vcomp,2026/04/14-17:10:26.664268,3,4,2,,,4,205501,
vcomp_run1,vcomp,2026/04/14-17:10:26.664441,1,2,6,,,6,388443,
vcomp_run1,vcomp,2026/04/14-17:10:26.664462,3,4,3,,,3,144311,
vcomp_run1,vcomp,2026/04/14-17:10:26.664496,1,2,7,,,6,393449,
vcomp_run1,vcomp,2026/04/14-17:10:26.665339,1,2,11,,,11,668615,
vcomp_run1,vcomp,2026/04/14-17:10:26.666645,2,3,4,,,5,258083,
vcomp_run1,vcomp,2026/04/14-17:10:26.667922,2,3,5,,,5,391120,
vcomp_run1,vcomp,2026/04/14-17:10:26.667935,2,3,5,,,5,377772,
vcomp_run1,vcomp,2026/04/14-17:10:26.667953,0,1,8,,,9,506792,
vcomp_run1,vcomp,2026/04/14-17:10:26.668025,2,3,12,,,10,787289,
vcomp_run1,vcomp,2026/04/14-17:10:26.669733,1,2,3,,,3,177692,
vcomp_run1,vcomp,2026/04/14-17:10:26.670964,3,4,2,,,2,101345,
vcomp_run1,vcomp,2026/04/14-17:10:26.670976,1,2,5,,,5,303924,
vcomp_run1,vcomp,2026/04/14-17:10:26.670988,1,2,4,,,4,237683,
vcomp_run1,vcomp,2026/04/14-17:10:26.671000,1,2,5,,,5,320543,
vcomp_run1,vcomp,2026/04/14-17:10:26.671017,3,4,3,,,3,173221,
vcomp_run1,vcomp,2026/04/14-17:10:26.671110,1,2,5,,,5,314790,
vcomp_run1,vcomp,2026/04/14-17:10:26.672389,2,3,4,,,4,344211,
vcomp_run1,vcomp,2026/04/14-17:10:26.673579,2,3,7,,,6,351397,
vcomp_run1,vcomp,2026/04/14-17:10:26.673596,2,3,6,,,7,549520,
vcomp_run1,vcomp,2026/04/14-17:10:26.673678,0,1,8,,,9,523150,
vcomp_run1,vcomp,2026/04/14-17:10:26.675247,1,2,6,,,7,387853,
vcomp_run1,vcomp,2026/04/14-17:10:26.677190,1,2,7,,,6,383733,
vcomp_run1,vcomp,2026/04/14-17:10:26.678832,3,4,2,,,3,180050,
vcomp_run1,vcomp,2026/04/14-17:10:26.678846,1,2,7,,,8,441606,
vcomp_run1,vcomp,2026/04/14-17:10:26.678861,3,4,2,,,3,167087,
vcomp_run1,vcomp,2026/04/14-17:10:26.678878,1,2,8,,,8,497154,
vcomp_run1,vcomp,2026/04/14-17:10:26.679253,1,2,6,,,6,369739,
vcomp_run1,vcomp,2026/04/14-17:10:26.679933,2,3,6,,,5,363445,
vcomp_run1,vcomp,2026/04/14-17:10:26.681170,2,3,5,,,4,376291,
vcomp_run1,vcomp,2026/04/14-17:10:26.681186,2,3,6,,,5,343461,
vcomp_run1,vcomp,2026/04/14-17:10:26.681200,2,3,8,,,6,534314,
vcomp_run1,vcomp,2026/04/14-17:10:26.681217,2,3,5,,,5,384640,
vcomp_run1,vcomp,2026/04/14-17:10:26.681344,0,1,8,,,7,472567,
vcomp_run1,vcomp,2026/04/14-17:10:26.682800,1,2,4,,,3,190902,
vcomp_run1,vcomp,2026/04/14-17:10:26.684617,1,2,6,,,7,395808,
vcomp_run1,vcomp,2026/04/14-17:10:26.685837,3,4,2,,,3,161853,
vcomp_run1,vcomp,2026/04/14-17:10:26.685848,3,4,2,,,3,154735,
vcomp_run1,vcomp,2026/04/14-17:10:26.685861,3,4,2,,,3,142642,
vcomp_run1,vcomp,2026/04/14-17:10:26.685879,1,2,6,,,6,389648,
vcomp_run1,vcomp,2026/04/14-17:10:26.685950,1,2,13,,,12,712693,
vcomp_run1,vcomp,2026/04/14-17:10:26.687205,2,3,4,,,4,218936,
vcomp_run1,vcomp,2026/04/14-17:10:26.688418,2,3,6,,,5,331413,
vcomp_run1,vcomp,2026/04/14-17:10:26.688435,2,3,7,,,7,458493,
vcomp_run1,vcomp,2026/04/14-17:10:26.688452,0,1,7,,,8,485177,
vcomp_run1,vcomp,2026/04/14-17:10:26.688533,2,3,8,,,8,526044,
vcomp_run1,vcomp,2026/04/14-17:10:26.690096,1,2,5,,,5,285057,
vcomp_run1,vcomp,2026/04/14-17:10:26.691823,1,2,4,,,4,236645,
vcomp_run1,vcomp,2026/04/14-17:10:26.692999,1,2,5,,,5,294353,
vcomp_run1,vcomp,2026/04/14-17:10:26.693242,3,4,2,,,3,196608,
vcomp_run1,vcomp,2026/04/14-17:10:26.693260,1,2,9,,,9,530665,
vcomp_run1,vcomp,2026/04/14-17:10:26.693527,3,4,3,,,3,154468,
vcomp_run1,vcomp,2026/04/14-17:10:26.694458,2,3,5,,,4,234368,
vcomp_run1,vcomp,2026/04/14-17:10:26.695677,2,3,5,,,5,393109,
vcomp_run1,vcomp,2026/04/14-17:10:26.695692,2,3,5,,,4,430533,
vcomp_run1,vcomp,2026/04/14-17:10:26.695705,0,1,8,,,8,515818,
vcomp_run1,vcomp,2026/04/14-17:10:26.695784,2,3,8,,,7,455287,
vcomp_run1,vcomp,2026/04/14-17:10:26.697175,1,2,3,,,3,185564,
vcomp_run1,vcomp,2026/04/14-17:10:26.699038,1,2,3,,,3,166110,
vcomp_run1,vcomp,2026/04/14-17:10:26.700206,3,4,2,,,3,180495,
vcomp_run1,vcomp,2026/04/14-17:10:26.700221,3,4,2,,,3,150347,
vcomp_run1,vcomp,2026/04/14-17:10:26.700238,1,2,6,,,6,384071,
vcomp_run1,vcomp,2026/04/14-17:10:26.700336,1,2,8,,,8,493257,
vcomp_run1,vcomp,2026/04/14-17:10:26.701653,2,3,3,,,4,176530,
vcomp_run1,vcomp,2026/04/14-17:10:26.702938,2,3,6,,,7,383430,
vcomp_run1,vcomp,2026/04/14-17:10:26.702959,0,1,8,,,9,523902,
vcomp_run1,vcomp,2026/04/14-17:10:26.702977,2,3,7,,,9,438397,
vcomp_run1,vcomp,2026/04/14-17:10:26.703070,2,3,8,,,7,544702,
vcomp_run1,vcomp,2026/04/14-17:10:26.704585,1,2,4,,,4,247147,
vcomp_run1,vcomp,2026/04/14-17:10:26.706392,1,2,6,,,6,374053,
vcomp_run1,vcomp,2026/04/14-17:10:26.707621,1,2,3,,,3,126348,
vcomp_run1,vcomp,2026/04/14-17:10:26.707653,1,2,7,,,6,366814,
vcomp_run1,vcomp,2026/04/14-17:10:26.707666,3,4,2,,,3,146731,
vcomp_run1,vcomp,2026/04/14-17:10:26.707680,1,2,6,,,6,357595,
vcomp_run1,vcomp,2026/04/14-17:10:26.707694,3,4,2,,,3,138743,
vcomp_run1,vcomp,2026/04/14-17:10:26.707929,3,4,2,,,3,150274,
vcomp_run1,vcomp,2026/04/14-17:10:26.708742,1,2,9,,,9,551331,
vcomp_run1,vcomp,2026/04/14-17:10:26.709723,2,3,2,,,1,25734,
vcomp_run1,vcomp,2026/04/14-17:10:26.711071,2,3,4,,,3,343757,
vcomp_run1,vcomp,2026/04/14-17:10:26.711081,2,3,3,,,3,151735,
vcomp_run1,vcomp,2026/04/14-17:10:26.711100,2,3,5,,,4,280420,
vcomp_run1,vcomp,2026/04/14-17:10:26.711116,2,3,7,,,6,527376,
vcomp_run1,vcomp,2026/04/14-17:10:26.711128,0,1,7,,,8,461229,
vcomp_run1,vcomp,2026/04/14-17:10:26.711215,2,3,7,,,6,353811,
vcomp_run1,vcomp,2026/04/14-17:10:26.713343,1,2,4,,,4,255524,
vcomp_run1,vcomp,2026/04/14-17:10:26.714727,1,2,7,,,8,446408,
vcomp_run1,vcomp,2026/04/14-17:10:26.714924,3,4,2,,,3,155010,
vcomp_run1,vcomp,2026/04/14-17:10:26.714980,1,2,7,,,7,441817,
vcomp_run1,vcomp,2026/04/14-17:10:26.714994,3,4,3,,,3,154820,
vcomp_run1,vcomp,2026/04/14-17:10:26.715007,3,4,3,,,3,146091,
vcomp_run1,vcomp,2026/04/14-17:10:26.715192,1,2,5,,,5,306781,
vcomp_run1,vcomp,2026/04/14-17:10:26.716173,2,3,3,,,2,170328,
vcomp_run1,vcomp,2026/04/14-17:10:26.717407,2,3,5,,,5,444160,
vcomp_run1,vcomp,2026/04/14-17:10:26.717420,2,3,5,,,4,348764,
vcomp_run1,vcomp,2026/04/14-17:10:26.717433,2,3,8,,,7,468040,
vcomp_run1,vcomp,2026/04/14-17:10:26.717504,0,1,8,,,8,495880,
vcomp_run1,vcomp,2026/04/14-17:10:26.719049,1,2,6,,,6,354606,
vcomp_run1,vcomp,2026/04/14-17:10:26.720757,1,2,4,,,3,155660,
vcomp_run1,vcomp,2026/04/14-17:10:26.721970,3,4,2,,,3,145737,
vcomp_run1,vcomp,2026/04/14-17:10:26.721984,1,2,6,,,6,375438,
vcomp_run1,vcomp,2026/04/14-17:10:26.721998,1,2,5,,,6,310922,
vcomp_run1,vcomp,2026/04/14-17:10:26.722010,3,4,2,,,3,134179,
vcomp_run1,vcomp,2026/04/14-17:10:26.722108,1,2,7,,,7,407886,
vcomp_run1,vcomp,2026/04/14-17:10:26.723335,2,3,3,,,4,193799,
vcomp_run1,vcomp,2026/04/14-17:10:26.724787,2,3,7,,,6,461816,
vcomp_run1,vcomp,2026/04/14-17:10:26.724798,2,3,6,,,5,494347,
vcomp_run1,vcomp,2026/04/14-17:10:26.724816,2,3,7,,,8,468227,
vcomp_run1,vcomp,2026/04/14-17:10:26.724835,2,3,9,,,8,453890,
vcomp_run1,vcomp,2026/04/14-17:10:26.724934,0,1,7,,,7,467498,
vcomp_run1,vcomp,2026/04/14-17:10:26.727312,1,2,5,,,5,343175,
vcomp_run1,vcomp,2026/04/14-17:10:26.728557,3,4,3,,,3,137367,
vcomp_run1,vcomp,2026/04/14-17:10:26.728569,3,4,3,,,4,201212,
vcomp_run1,vcomp,2026/04/14-17:10:26.728581,3,4,2,,,3,134583,
vcomp_run1,vcomp,2026/04/14-17:10:26.728595,1,2,7,,,7,411442,
vcomp_run1,vcomp,2026/04/14-17:10:26.728701,1,2,11,,,10,617655,
vcomp_run1,vcomp,2026/04/14-17:10:26.729977,2,3,3,,,3,122774,
vcomp_run1,vcomp,2026/04/14-17:10:26.731268,2,3,5,,,5,368394,
vcomp_run1,vcomp,2026/04/14-17:10:26.731283,2,3,7,,,7,500424,
vcomp_run1,vcomp,2026/04/14-17:10:26.731297,2,3,7,,,6,443836,
vcomp_run1,vcomp,2026/04/14-17:10:26.731369,0,1,8,,,8,504116,
vcomp_run1,vcomp,2026/04/14-17:10:26.732883,1,2,5,,,5,332453,
vcomp_run1,vcomp,2026/04/14-17:10:26.734631,1,2,6,,,6,370632,
vcomp_run1,vcomp,2026/04/14-17:10:26.735880,3,4,3,,,4,197986,
vcomp_run1,vcomp,2026/04/14-17:10:26.736552,1,2,6,,,6,367392,
vcomp_run1,vcomp,2026/04/14-17:10:26.736594,1,2,6,,,7,384450,
vcomp_run1,vcomp,2026/04/14-17:10:26.737373,2,3,7,,,6,405807,
vcomp_run1,vcomp,2026/04/14-17:10:26.738595,2,3,4,,,3,320775,
vcomp_run1,vcomp,2026/04/14-17:10:26.738608,2,3,6,,,6,340392,
vcomp_run1,vcomp,2026/04/14-17:10:26.738624,2,3,8,,,8,419256,
vcomp_run1,vcomp,2026/04/14-17:10:26.738708,0,1,8,,,9,504619,
vcomp_run1,vcomp,2026/04/14-17:10:26.740199,1,2,4,,,4,207051,
vcomp_run1,vcomp,2026/04/14-17:10:26.742254,1,2,4,,,4,257017,
vcomp_run1,vcomp,2026/04/14-17:10:26.743551,1,2,7,,,6,375731,
vcomp_run1,vcomp,2026/04/14-17:10:26.743761,3,4,3,,,2,120312,
vcomp_run1,vcomp,2026/04/14-17:10:26.743775,3,4,2,,,2,128667,
vcomp_run1,vcomp,2026/04/14-17:10:26.743794,1,2,7,,,7,452608,
vcomp_run1,vcomp,2026/04/14-17:10:26.744034,3,4,2,,,2,128272,
vcomp_run1,vcomp,2026/04/14-17:10:26.745068,2,3,5,,,5,334589,
vcomp_run1,vcomp,2026/04/14-17:10:26.746363,2,3,7,,,7,466315,
vcomp_run1,vcomp,2026/04/14-17:10:26.746378,2,3,9,,,10,497143,
vcomp_run1,vcomp,2026/04/14-17:10:26.746396,0,1,8,,,8,505765,
vcomp_run1,vcomp,2026/04/14-17:10:26.746476,2,3,6,,,5,455489,
vcomp_run1,vcomp,2026/04/14-17:10:26.747915,1,2,4,,,4,195813,
vcomp_run1,vcomp,2026/04/14-17:10:26.749688,1,2,5,,,6,361612,
vcomp_run1,vcomp,2026/04/14-17:10:26.751498,3,4,2,,,3,133839,
vcomp_run1,vcomp,2026/04/14-17:10:26.751511,3,4,2,,,3,176636,
vcomp_run1,vcomp,2026/04/14-17:10:26.751526,3,4,2,,,3,135831,
vcomp_run1,vcomp,2026/04/14-17:10:26.751541,1,2,7,,,7,440626,
vcomp_run1,vcomp,2026/04/14-17:10:26.751635,1,2,9,,,9,529846,
vcomp_run1,vcomp,2026/04/14-17:10:26.751639,1,2,5,,,5,270307,
vcomp_run1,vcomp,2026/04/14-17:10:26.752309,2,3,4,,,4,281268,
vcomp_run1,vcomp,2026/04/14-17:10:26.753632,2,3,5,,,4,331045,
vcomp_run1,vcomp,2026/04/14-17:10:26.753649,2,3,6,,,5,340040,
vcomp_run1,vcomp,2026/04/14-17:10:26.753664,2,3,3,,,3,242434,
vcomp_run1,vcomp,2026/04/14-17:10:26.753685,0,1,7,,,7,465040,
vcomp_run1,vcomp,2026/04/14-17:10:26.753800,2,3,8,,,7,443029,
vcomp_run1,vcomp,2026/04/14-17:10:26.755346,1,2,4,,,4,245896,
vcomp_run1,vcomp,2026/04/14-17:10:26.757422,1,2,9,,,8,525263,
vcomp_run1,vcomp,2026/04/14-17:10:26.758634,3,4,2,,,3,136988,
vcomp_run1,vcomp,2026/04/14-17:10:26.758748,1,2,7,,,7,446658,
vcomp_run1,vcomp,2026/04/14-17:10:26.758759,3,4,2,,,3,147608,
vcomp_run1,vcomp,2026/04/14-17:10:26.758973,3,4,3,,,3,178490,
vcomp_run1,vcomp,2026/04/14-17:10:26.760093,2,3,5,,,4,313708,
vcomp_run1,vcomp,2026/04/14-17:10:26.761258,2,3,5,,,4,436693,
vcomp_run1,vcomp,2026/04/14-17:10:26.761276,2,3,7,,,6,387769,
vcomp_run1,vcomp,2026/04/14-17:10:26.761359,0,1,8,,,9,523063,
vcomp_run1,vcomp,2026/04/14-17:10:26.762976,1,2,6,,,6,366039,
vcomp_run1,vcomp,2026/04/14-17:10:26.764977,1,2,3,,,3,130544,
vcomp_run1,vcomp,2026/04/14-17:10:26.766463,1,2,5,,,4,262612,
vcomp_run1,vcomp,2026/04/14-17:10:26.766529,1,2,5,,,5,293708,
vcomp_run1,vcomp,2026/04/14-17:10:26.766547,1,2,10,,,11,629144,
vcomp_run1,vcomp,2026/04/14-17:10:26.766744,3,4,2,,,3,139890,
vcomp_run1,vcomp,2026/04/14-17:10:26.766849,3,4,3,,,3,157658,
vcomp_run1,vcomp,2026/04/14-17:10:26.767543,2,3,2,,,1,31435,
vcomp_run1,vcomp,2026/04/14-17:10:26.768844,2,3,6,,,6,447299,
vcomp_run1,vcomp,2026/04/14-17:10:26.768858,2,3,6,,,6,487409,
vcomp_run1,vcomp,2026/04/14-17:10:26.768871,2,3,8,,,7,502072,
vcomp_run1,vcomp,2026/04/14-17:10:26.768958,0,1,8,,,8,515554,
vcomp_run1,vcomp,2026/04/14-17:10:26.771690,1,2,7,,,8,477793,
vcomp_run1,vcomp,2026/04/14-17:10:26.772940,1,2,5,,,4,245067,
vcomp_run1,vcomp,2026/04/14-17:10:26.772957,3,4,2,,,1,60915,
vcomp_run1,vcomp,2026/04/14-17:10:26.772973,1,2,8,,,8,508311,
vcomp_run1,vcomp,2026/04/14-17:10:26.773076,3,4,2,,,3,136850,
vcomp_run1,vcomp,2026/04/14-17:10:26.774077,1,2,6,,,6,370653,
vcomp_run1,vcomp,2026/04/14-17:10:26.775389,2,3,3,,,3,211440,
vcomp_run1,vcomp,2026/04/14-17:10:26.777998,2,3,5,,,7,332067,
vcomp_run1,vcomp,2026/04/14-17:10:26.778037,2,3,4,,,4,399589,
vcomp_run1,vcomp,2026/04/14-17:10:26.778055,2,3,5,,,4,434269,
vcomp_run1,vcomp,2026/04/14-17:10:26.778084,2,3,8,,,7,392093,
vcomp_run1,vcomp,2026/04/14-17:10:26.778350,0,1,8,,,9,516389,
vcomp_run1,vcomp,2026/04/14-17:10:26.781443,1,2,4,,,5,256351,
vcomp_run1,vcomp,2026/04/14-17:10:26.781453,3,4,3,,,3,168272,
vcomp_run1,vcomp,2026/04/14-17:10:26.781471,1,2,7,,,6,384657,
vcomp_run1,vcomp,2026/04/14-17:10:26.781484,3,4,2,,,3,136739,
vcomp_run1,vcomp,2026/04/14-17:10:26.781509,1,2,5,,,5,292637,
vcomp_run1,vcomp,2026/04/14-17:10:26.781524,3,4,2,,,3,134260,
vcomp_run1,vcomp,2026/04/14-17:10:26.781607,1,2,5,,,5,327108,
vcomp_run1,vcomp,2026/04/14-17:10:26.783093,2,3,6,,,5,323086,
vcomp_run1,vcomp,2026/04/14-17:10:26.784241,1,2,6,,,5,313191,
vcomp_run1,vcomp,2026/04/14-17:10:26.784310,2,3,7,,,7,425614,
vcomp_run1,vcomp,2026/04/14-17:10:26.785821,2,3,7,,,7,452400,
vcomp_run1,vcomp,2026/04/14-17:10:26.786842,2,3,7,,,6,461630,
vcomp_run1,vcomp,2026/04/14-17:10:26.786861,0,1,7,,,8,463284,
vcomp_run1,vcomp,2026/04/14-17:10:26.786957,2,3,9,,,10,481548,
vcomp_run1,vcomp,2026/04/14-17:10:26.788722,3,4,3,,,3,137193,
vcomp_run1,vcomp,2026/04/14-17:10:26.790245,1,2,6,,,6,374981,
vcomp_run1,vcomp,2026/04/14-17:10:26.790318,3,4,2,,,2,126822,
vcomp_run1,vcomp,2026/04/14-17:10:26.790336,1,2,4,,,4,261964,
vcomp_run1,vcomp,2026/04/14-17:10:26.790359,3,4,2,,,3,139203,
vcomp_run1,vcomp,2026/04/14-17:10:26.790377,1,2,9,,,9,562015,
vcomp_run1,vcomp,2026/04/14-17:10:26.790396,3,4,2,,,3,133060,
vcomp_run1,vcomp,2026/04/14-17:10:26.790525,1,2,7,,,7,436786,
vcomp_run1,vcomp,2026/04/14-17:10:26.791880,2,3,4,,,3,307496,
vcomp_run1,vcomp,2026/04/14-17:10:26.793256,2,3,5,,,4,289400,
vcomp_run1,vcomp,2026/04/14-17:10:26.793273,2,3,7,,,7,389769,
vcomp_run1,vcomp,2026/04/14-17:10:26.793292,2,3,6,,,5,333044,
vcomp_run1,vcomp,2026/04/14-17:10:26.793383,0,1,8,,,8,474567,
vcomp_run1,vcomp,2026/04/14-17:10:26.795196,1,2,3,,,1,2572,
vcomp_run1,vcomp,2026/04/14-17:10:26.796535,3,4,3,,,3,139566,
vcomp_run1,vcomp,2026/04/14-17:10:26.796564,3,4,2,,,3,168561,
vcomp_run1,vcomp,2026/04/14-17:10:26.796584,3,4,2,,,3,138545,
vcomp_run1,vcomp,2026/04/14-17:10:26.796853,1,2,7,,,7,454551,
vcomp_run1,vcomp,2026/04/14-17:10:26.796867,1,2,5,,,6,323817,
vcomp_run1,vcomp,2026/04/14-17:10:26.796953,1,2,5,,,5,314753,
vcomp_run1,vcomp,2026/04/14-17:10:26.797850,1,2,9,,,8,537968,
vcomp_run1,vcomp,2026/04/14-17:10:26.799102,2,3,2,,,1,74842,
vcomp_run1,vcomp,2026/04/14-17:10:26.800459,2,3,3,,,3,207130,
vcomp_run1,vcomp,2026/04/14-17:10:26.800471,2,3,6,,,6,423724,
vcomp_run1,vcomp,2026/04/14-17:10:26.800483,2,3,5,,,4,399789,
vcomp_run1,vcomp,2026/04/14-17:10:26.800499,2,3,5,,,5,515142,
vcomp_run1,vcomp,2026/04/14-17:10:26.800582,0,1,7,,,8,463669,
vcomp_run1,vcomp,2026/04/14-17:10:26.802401,1,2,3,,,3,180209,
vcomp_run1,vcomp,2026/04/14-17:10:26.803613,1,2,6,,,7,393888,
vcomp_run1,vcomp,2026/04/14-17:10:26.803753,3,4,2,,,2,125762,
vcomp_run1,vcomp,2026/04/14-17:10:26.803770,3,4,3,,,3,140651,
vcomp_run1,vcomp,2026/04/14-17:10:26.803759,3,4,2,,,3,146304,
vcomp_run1,vcomp,2026/04/14-17:10:26.804665,1,2,10,,,11,653687,
vcomp_run1,vcomp,2026/04/14-17:10:26.806069,2,3,4,,,4,330542,
vcomp_run1,vcomp,2026/04/14-17:10:26.807256,2,3,5,,,4,402639,
vcomp_run1,vcomp,2026/04/14-17:10:26.807275,2,3,5,,,5,446327,
vcomp_run1,vcomp,2026/04/14-17:10:26.807482,0,1,9,,,8,519864,
vcomp_run1,vcomp,2026/04/14-17:10:26.809253,1,2,4,,,3,200343,
vcomp_run1,vcomp,2026/04/14-17:10:26.810451,3,4,2,,,2,118915,
vcomp_run1,vcomp,2026/04/14-17:10:26.810506,3,4,2,,,2,125782,
vcomp_run1,vcomp,2026/04/14-17:10:26.810706,1,2,5,,,6,320184,
vcomp_run1,vcomp,2026/04/14-17:10:26.810712,1,2,5,,,6,313841,
vcomp_run1,vcomp,2026/04/14-17:10:26.811851,1,2,10,,,10,663609,
vcomp_run1,vcomp,2026/04/14-17:10:26.813315,2,3,4,,,4,295257,
vcomp_run1,vcomp,2026/04/14-17:10:26.814687,2,3,7,,,6,381871,
vcomp_run1,vcomp,2026/04/14-17:10:26.814707,2,3,6,,,5,416924,
vcomp_run1,vcomp,2026/04/14-17:10:26.814725,0,1,8,,,8,518365,
vcomp_run1,vcomp,2026/04/14-17:10:26.814941,2,3,11,,,10,594211,
vcomp_run1,vcomp,2026/04/14-17:10:26.816610,1,2,3,,,3,180579,
vcomp_run1,vcomp,2026/04/14-17:10:26.818069,1,2,6,,,7,382337,
vcomp_run1,vcomp,2026/04/14-17:10:26.818082,3,4,2,,,2,122569,
vcomp_run1,vcomp,2026/04/14-17:10:26.818099,1,2,9,,,8,519224,
vcomp_run1,vcomp,2026/04/14-17:10:26.818104,3,4,2,,,3,167532,
vcomp_run1,vcomp,2026/04/14-17:10:26.818114,3,4,2,,,3,131807,
vcomp_run1,vcomp,2026/04/14-17:10:26.818509,1,2,9,,,10,584272,
vcomp_run1,vcomp,2026/04/14-17:10:26.819562,2,3,6,,,6,418585,
vcomp_run1,vcomp,2026/04/14-17:10:26.820823,2,3,8,,,8,464959,
vcomp_run1,vcomp,2026/04/14-17:10:26.820836,2,3,7,,,7,434597,
vcomp_run1,vcomp,2026/04/14-17:10:26.820849,0,1,8,,,9,507007,
vcomp_run1,vcomp,2026/04/14-17:10:26.820943,2,3,7,,,6,473891,
vcomp_run1,vcomp,2026/04/14-17:10:26.822357,1,2,2,,,1,14124,
vcomp_run1,vcomp,2026/04/14-17:10:26.824397,1,2,2,,,2,107435,
vcomp_run1,vcomp,2026/04/14-17:10:26.825766,1,2,6,,,6,314960,
vcomp_run1,vcomp,2026/04/14-17:10:26.826042,3,4,2,,,2,127713,
vcomp_run1,vcomp,2026/04/14-17:10:26.826062,3,4,2,,,2,124070,
vcomp_run1,vcomp,2026/04/14-17:10:26.826084,1,2,7,,,8,454403,
vcomp_run1,vcomp,2026/04/14-17:10:26.826099,1,2,7,,,7,446098,
vcomp_run1,vcomp,2026/04/14-17:10:26.826359,3,4,2,,,3,133223,
vcomp_run1,vcomp,2026/04/14-17:10:26.827398,2,3,3,,,3,280791,
vcomp_run1,vcomp,2026/04/14-17:10:26.828761,2,3,6,,,6,404686,
vcomp_run1,vcomp,2026/04/14-17:10:26.828777,2,3,5,,,2,243418,
vcomp_run1,vcomp,2026/04/14-17:10:26.828793,2,3,7,,,10,488524,
vcomp_run1,vcomp,2026/04/14-17:10:26.828812,2,3,7,,,7,503326,
vcomp_run1,vcomp,2026/04/14-17:10:26.828897,0,1,8,,,8,499526,
vcomp_run1,vcomp,2026/04/14-17:10:26.831857,1,2,6,,,6,392901,
vcomp_run1,vcomp,2026/04/14-17:10:26.831872,1,2,4,,,4,264295,
vcomp_run1,vcomp,2026/04/14-17:10:26.833071,3,4,3,,,3,135246,
vcomp_run1,vcomp,2026/04/14-17:10:26.833100,3,4,2,,,2,92419,
vcomp_run1,vcomp,2026/04/14-17:10:26.833111,3,4,2,,,2,124223,
vcomp_run1,vcomp,2026/04/14-17:10:26.833129,1,2,7,,,7,392700,
vcomp_run1,vcomp,2026/04/14-17:10:26.833420,3,4,2,,,2,117069,
vcomp_run1,vcomp,2026/04/14-17:10:26.834288,1,2,7,,,7,407272,
vcomp_run1,vcomp,2026/04/14-17:10:26.835666,2,3,3,,,2,153021,
vcomp_run1,vcomp,2026/04/14-17:10:26.837047,2,3,4,,,4,352320,
vcomp_run1,vcomp,2026/04/14-17:10:26.837059,2,3,7,,,8,471114,
vcomp_run1,vcomp,2026/04/14-17:10:26.837074,2,3,7,,,6,462589,
vcomp_run1,vcomp,2026/04/14-17:10:26.837087,2,3,8,,,6,426921,
vcomp_run1,vcomp,2026/04/14-17:10:26.837160,0,1,8,,,8,495752,
vcomp_run1,vcomp,2026/04/14-17:10:26.839105,1,2,5,,,4,337608,
vcomp_run1,vcomp,2026/04/14-17:10:26.840465,3,4,2,,,3,131363,
vcomp_run1,vcomp,2026/04/14-17:10:26.840646,1,2,5,,,4,245949,
vcomp_run1,vcomp,2026/04/14-17:10:26.840661,3,4,2,,,3,148746,
vcomp_run1,vcomp,2026/04/14-17:10:26.840672,1,2,7,,,6,380601,
vcomp_run1,vcomp,2026/04/14-17:10:26.840689,3,4,2,,,2,124224,
vcomp_run1,vcomp,2026/04/14-17:10:26.840720,1,2,6,,,6,377521,
vcomp_run1,vcomp,2026/04/14-17:10:26.841696,1,2,10,,,9,593460,
vcomp_run1,vcomp,2026/04/14-17:10:26.843173,2,3,6,,,8,353763,
vcomp_run1,vcomp,2026/04/14-17:10:26.844502,2,3,5,,,5,385054,
vcomp_run1,vcomp,2026/04/14-17:10:26.844523,2,3,8,,,8,446409,
vcomp_run1,vcomp,2026/04/14-17:10:26.844538,0,1,7,,,8,466529,
vcomp_run1,vcomp,2026/04/14-17:10:26.844725,2,3,8,,,8,871779,
vcomp_run1,vcomp,2026/04/14-17:10:26.846736,1,2,5,,,5,303459,
vcomp_run1,vcomp,2026/04/14-17:10:26.848365,1,2,5,,,5,305540,
vcomp_run1,vcomp,2026/04/14-17:10:26.848378,1,2,5,,,5,326868,
vcomp_run1,vcomp,2026/04/14-17:10:26.848396,1,2,7,,,8,480374,
vcomp_run1,vcomp,2026/04/14-17:10:26.848409,3,4,2,,,3,164216,
vcomp_run1,vcomp,2026/04/14-17:10:26.848425,3,4,2,,,2,124434,
vcomp_run1,vcomp,2026/04/14-17:10:26.848648,3,4,2,,,2,125143,
vcomp_run1,vcomp,2026/04/14-17:10:26.849750,2,3,5,,,6,294017,
vcomp_run1,vcomp,2026/04/14-17:10:26.851034,2,3,4,,,3,386384,
vcomp_run1,vcomp,2026/04/14-17:10:26.851049,2,3,9,,,8,531659,
vcomp_run1,vcomp,2026/04/14-17:10:26.851063,2,3,7,,,7,515629,
vcomp_run1,vcomp,2026/04/14-17:10:26.851150,0,1,8,,,7,471942,
vcomp_run1,vcomp,2026/04/14-17:10:26.853598,1,2,6,,,6,361162,
vcomp_run1,vcomp,2026/04/14-17:10:26.854962,3,4,2,,,2,122874,
vcomp_run1,vcomp,2026/04/14-17:10:26.854986,1,2,6,,,7,396966,
vcomp_run1,vcomp,2026/04/14-17:10:26.855001,1,2,8,,,8,499870,
vcomp_run1,vcomp,2026/04/14-17:10:26.855269,3,4,2,,,3,165449,
vcomp_run1,vcomp,2026/04/14-17:10:26.856578,2,3,5,,,4,376892,
vcomp_run1,vcomp,2026/04/14-17:10:26.857814,2,3,5,,,4,347604,
vcomp_run1,vcomp,2026/04/14-17:10:26.857827,2,3,7,,,9,475078,
vcomp_run1,vcomp,2026/04/14-17:10:26.857906,0,1,8,,,9,517599,
vcomp_run1,vcomp,2026/04/14-17:10:26.860243,1,2,4,,,4,262412,
vcomp_run1,vcomp,2026/04/14-17:10:26.861468,1,2,4,,,5,258176,
vcomp_run1,vcomp,2026/04/14-17:10:26.861486,1,2,5,,,5,330916,
vcomp_run1,vcomp,2026/04/14-17:10:26.861499,3,4,2,,,3,153250,
vcomp_run1,vcomp,2026/04/14-17:10:26.861584,1,2,6,,,6,366572,
vcomp_run1,vcomp,2026/04/14-17:10:26.863113,1,2,3,,,1,66158,
vcomp_run1,vcomp,2026/04/14-17:10:26.864049,2,3,5,,,5,315698,
vcomp_run1,vcomp,2026/04/14-17:10:26.864068,2,3,5,,,5,435892,
vcomp_run1,vcomp,2026/04/14-17:10:26.864141,2,3,7,,,9,433058,
vcomp_run1,vcomp,2026/04/14-17:10:26.865259,2,3,7,,,6,531441,
vcomp_run1,vcomp,2026/04/14-17:10:26.865325,0,1,8,,,8,519903,
vcomp_run1,vcomp,2026/04/14-17:10:26.867461,1,2,5,,,5,300318,
vcomp_run1,vcomp,2026/04/14-17:10:26.868931,1,2,7,,,7,460908,
vcomp_run1,vcomp,2026/04/14-17:10:26.868952,3,4,3,,,4,198172,
vcomp_run1,vcomp,2026/04/14-17:10:26.868967,3,4,3,,,4,196827,
vcomp_run1,vcomp,2026/04/14-17:10:26.868982,1,2,6,,,6,378689,
vcomp_run1,vcomp,2026/04/14-17:10:26.868998,1,2,6,,,6,393563,
vcomp_run1,vcomp,2026/04/14-17:10:26.869078,3,4,3,,,4,207643,
vcomp_run1,vcomp,2026/04/14-17:10:26.870403,2,3,3,,,3,247841,
vcomp_run1,vcomp,2026/04/14-17:10:26.871795,2,3,7,,,6,397646,
vcomp_run1,vcomp,2026/04/14-17:10:26.871813,2,3,6,,,6,389686,
vcomp_run1,vcomp,2026/04/14-17:10:26.871826,2,3,6,,,6,462469,
vcomp_run1,vcomp,2026/04/14-17:10:26.871841,2,3,8,,,8,444818,
vcomp_run1,vcomp,2026/04/14-17:10:26.871932,0,1,8,,,8,498583,
vcomp_run1,vcomp,2026/04/14-17:10:26.874259,1,2,4,,,4,244394,
vcomp_run1,vcomp,2026/04/14-17:10:26.875692,1,2,4,,,4,245922,
vcomp_run1,vcomp,2026/04/14-17:10:26.875706,3,4,3,,,3,135616,
vcomp_run1,vcomp,2026/04/14-17:10:26.875718,3,4,2,,,2,126803,
vcomp_run1,vcomp,2026/04/14-17:10:26.875734,1,2,7,,,7,443257,
vcomp_run1,vcomp,2026/04/14-17:10:26.875753,3,4,3,,,4,207581,
vcomp_run1,vcomp,2026/04/14-17:10:26.875984,1,2,7,,,8,453722,
vcomp_run1,vcomp,2026/04/14-17:10:26.876893,1,2,8,,,9,539291,
vcomp_run1,vcomp,2026/04/14-17:10:26.878297,2,3,3,,,2,137124,
vcomp_run1,vcomp,2026/04/14-17:10:26.879666,2,3,4,,,4,370836,
vcomp_run1,vcomp,2026/04/14-17:10:26.879678,2,3,5,,,5,354612,
vcomp_run1,vcomp,2026/04/14-17:10:26.879697,2,3,7,,,6,351011,
vcomp_run1,vcomp,2026/04/14-17:10:26.879710,2,3,7,,,6,378678,
vcomp_run1,vcomp,2026/04/14-17:10:26.879797,0,1,7,,,8,461038,
vcomp_run1,vcomp,2026/04/14-17:10:26.882028,1,2,5,,,5,313297,
vcomp_run1,vcomp,2026/04/14-17:10:26.883477,3,4,4,,,5,286703,
vcomp_run1,vcomp,2026/04/14-17:10:26.883618,1,2,7,,,8,447382,
vcomp_run1,vcomp,2026/04/14-17:10:26.884102,1,2,8,,,8,464971,
vcomp_run1,vcomp,2026/04/14-17:10:26.884116,1,2,6,,,6,337015,
vcomp_run1,vcomp,2026/04/14-17:10:26.884943,2,3,3,,,2,259863,
vcomp_run1,vcomp,2026/04/14-17:10:26.886351,2,3,5,,,7,345931,
vcomp_run1,vcomp,2026/04/14-17:10:26.886364,2,3,4,,,3,306635,
vcomp_run1,vcomp,2026/04/14-17:10:26.886379,2,3,5,,,5,268584,
vcomp_run1,vcomp,2026/04/14-17:10:26.886393,2,3,8,,,7,428175,
vcomp_run1,vcomp,2026/04/14-17:10:26.886475,0,1,8,,,7,477993,
vcomp_run1,vcomp,2026/04/14-17:10:26.889113,1,2,6,,,6,341397,
vcomp_run1,vcomp,2026/04/14-17:10:26.890585,3,4,2,,,3,158454,
vcomp_run1,vcomp,2026/04/14-17:10:26.890597,1,2,8,,,8,470642,
vcomp_run1,vcomp,2026/04/14-17:10:26.890871,3,4,3,,,4,204916,
vcomp_run1,vcomp,2026/04/14-17:10:26.890876,1,2,6,,,7,390403,
vcomp_run1,vcomp,2026/04/14-17:10:26.891940,2,3,3,,,3,255999,
vcomp_run1,vcomp,2026/04/14-17:10:26.893183,2,3,8,,,7,410708,
vcomp_run1,vcomp,2026/04/14-17:10:26.893196,2,3,4,,,4,343760,
vcomp_run1,vcomp,2026/04/14-17:10:26.893296,0,1,8,,,9,523309,
vcomp_run1,vcomp,2026/04/14-17:10:26.896634,1,2,3,,,3,179810,
vcomp_run1,vcomp,2026/04/14-17:10:26.898039,3,4,3,,,3,188377,
vcomp_run1,vcomp,2026/04/14-17:10:26.898060,1,2,5,,,5,278657,
vcomp_run1,vcomp,2026/04/14-17:10:26.898076,1,2,7,,,7,390317,
vcomp_run1,vcomp,2026/04/14-17:10:26.898183,1,2,8,,,8,505031,
vcomp_run1,vcomp,2026/04/14-17:10:26.899525,2,3,5,,,5,289145,
vcomp_run1,vcomp,2026/04/14-17:10:26.900847,2,3,5,,,5,360816,
vcomp_run1,vcomp,2026/04/14-17:10:26.900860,2,3,8,,,7,384423,
vcomp_run1,vcomp,2026/04/14-17:10:26.900872,2,3,6,,,5,412847,
vcomp_run1,vcomp,2026/04/14-17:10:26.900963,0,1,8,,,9,521096,
vcomp_run1,vcomp,2026/04/14-17:10:26.903419,1,2,4,,,4,243902,
vcomp_run1,vcomp,2026/04/14-17:10:26.905041,3,4,2,,,3,176159,
vcomp_run1,vcomp,2026/04/14-17:10:26.905057,1,2,8,,,6,364540,
vcomp_run1,vcomp,2026/04/14-17:10:26.905063,1,2,4,,,5,256959,
vcomp_run1,vcomp,2026/04/14-17:10:26.905079,1,2,5,,,5,246810,
vcomp_run1,vcomp,2026/04/14-17:10:26.905089,3,4,2,,,3,141934,
vcomp_run1,vcomp,2026/04/14-17:10:26.905368,1,2,5,,,5,326694,
vcomp_run1,vcomp,2026/04/14-17:10:26.906700,2,3,6,,,6,366913,
vcomp_run1,vcomp,2026/04/14-17:10:26.908080,2,3,4,,,3,330638,
vcomp_run1,vcomp,2026/04/14-17:10:26.908093,2,3,5,,,7,495014,
vcomp_run1,vcomp,2026/04/14-17:10:26.908109,2,3,6,,,5,429904,
vcomp_run1,vcomp,2026/04/14-17:10:26.908124,2,3,7,,,6,428775,
vcomp_run1,vcomp,2026/04/14-17:10:26.908197,0,1,8,,,9,510383,
vcomp_run1,vcomp,2026/04/14-17:10:26.910546,1,2,4,,,4,193116,
vcomp_run1,vcomp,2026/04/14-17:10:26.912050,3,4,2,,,2,129397,
vcomp_run1,vcomp,2026/04/14-17:10:26.912064,1,2,7,,,8,442141,
vcomp_run1,vcomp,2026/04/14-17:10:26.912078,3,4,3,,,4,233350,
vcomp_run1,vcomp,2026/04/14-17:10:26.912099,1,2,10,,,9,560637,
vcomp_run1,vcomp,2026/04/14-17:10:26.912225,1,2,6,,,6,350553,
vcomp_run1,vcomp,2026/04/14-17:10:26.912683,3,4,2,,,2,73633,
vcomp_run1,vcomp,2026/04/14-17:10:26.913546,2,3,3,,,3,263572,
vcomp_run1,vcomp,2026/04/14-17:10:26.914943,2,3,5,,,4,340555,
vcomp_run1,vcomp,2026/04/14-17:10:26.914958,2,3,7,,,6,404494,
vcomp_run1,vcomp,2026/04/14-17:10:26.914976,2,3,7,,,6,451526,
vcomp_run1,vcomp,2026/04/14-17:10:26.915062,0,1,9,,,8,519649,
vcomp_run1,vcomp,2026/04/14-17:10:26.917487,1,2,6,,,7,401920,
vcomp_run1,vcomp,2026/04/14-17:10:26.918805,1,2,5,,,6,328617,
vcomp_run1,vcomp,2026/04/14-17:10:26.918817,3,4,4,,,4,255513,
vcomp_run1,vcomp,2026/04/14-17:10:26.918833,1,2,4,,,4,232803,
vcomp_run1,vcomp,2026/04/14-17:10:26.919079,1,2,4,,,4,198938,
vcomp_run1,vcomp,2026/04/14-17:10:26.920293,1,2,8,,,7,427837,
vcomp_run1,vcomp,2026/04/14-17:10:26.921590,2,3,2,,,2,83047,
vcomp_run1,vcomp,2026/04/14-17:10:26.923114,2,3,3,,,4,253968,
vcomp_run1,vcomp,2026/04/14-17:10:26.923130,2,3,6,,,5,412969,
vcomp_run1,vcomp,2026/04/14-17:10:26.923148,2,3,6,,,5,515473,
vcomp_run1,vcomp,2026/04/14-17:10:26.923162,2,3,7,,,5,516313,
vcomp_run1,vcomp,2026/04/14-17:10:26.923379,0,1,7,,,8,480097,
vcomp_run1,vcomp,2026/04/14-17:10:26.925202,1,2,6,,,6,321345,
vcomp_run1,vcomp,2026/04/14-17:10:26.926636,1,2,6,,,6,353160,
vcomp_run1,vcomp,2026/04/14-17:10:26.926650,3,4,2,,,3,133052,
vcomp_run1,vcomp,2026/04/14-17:10:26.926663,3,4,2,,,4,247083,
vcomp_run1,vcomp,2026/04/14-17:10:26.926676,3,4,3,,,4,232368,
vcomp_run1,vcomp,2026/04/14-17:10:26.926692,1,2,10,,,10,635346,
vcomp_run1,vcomp,2026/04/14-17:10:26.926800,1,2,6,,,6,392359,
vcomp_run1,vcomp,2026/04/14-17:10:26.928215,2,3,2,,,2,82842,
vcomp_run1,vcomp,2026/04/14-17:10:26.929683,2,3,6,,,5,375406,
vcomp_run1,vcomp,2026/04/14-17:10:26.929696,2,3,6,,,5,491315,
vcomp_run1,vcomp,2026/04/14-17:10:26.929711,2,3,8,,,8,544113,
vcomp_run1,vcomp,2026/04/14-17:10:26.929722,2,3,7,,,8,501593,
vcomp_run1,vcomp,2026/04/14-17:10:26.929793,0,1,8,,,8,470815,
vcomp_run1,vcomp,2026/04/14-17:10:26.931358,1,2,4,,,5,254318,
vcomp_run1,vcomp,2026/04/14-17:10:26.933321,1,2,5,,,4,258917,
vcomp_run1,vcomp,2026/04/14-17:10:26.934655,1,2,7,,,6,391452,
vcomp_run1,vcomp,2026/04/14-17:10:26.934670,3,4,2,,,3,145578,
vcomp_run1,vcomp,2026/04/14-17:10:26.934685,1,2,8,,,7,440882,
vcomp_run1,vcomp,2026/04/14-17:10:26.934691,3,4,2,,,2,124874,
vcomp_run1,vcomp,2026/04/14-17:10:26.934816,3,4,2,,,2,127007,
vcomp_run1,vcomp,2026/04/14-17:10:26.936119,2,3,6,,,5,348050,
vcomp_run1,vcomp,2026/04/14-17:10:26.937483,2,3,5,,,5,314998,
vcomp_run1,vcomp,2026/04/14-17:10:26.937495,2,3,7,,,6,436665,
vcomp_run1,vcomp,2026/04/14-17:10:26.937511,2,3,8,,,7,478480,
vcomp_run1,vcomp,2026/04/14-17:10:26.937589,0,1,8,,,8,472219,
vcomp_run1,vcomp,2026/04/14-17:10:26.938931,1,2,2,,,1,2160,
vcomp_run1,vcomp,2026/04/14-17:10:26.940301,1,2,7,,,7,412405,
vcomp_run1,vcomp,2026/04/14-17:10:26.942557,1,2,7,,,7,439802,
vcomp_run1,vcomp,2026/04/14-17:10:26.943930,3,4,2,,,2,122562,
vcomp_run1,vcomp,2026/04/14-17:10:26.943948,1,2,7,,,7,492528,
vcomp_run1,vcomp,2026/04/14-17:10:26.943960,1,2,8,,,7,445177,
vcomp_run1,vcomp,2026/04/14-17:10:26.944043,3,4,3,,,4,196640,
vcomp_run1,vcomp,2026/04/14-17:10:26.945418,2,3,5,,,5,391102,
vcomp_run1,vcomp,2026/04/14-17:10:26.946701,2,3,5,,,5,468731,
vcomp_run1,vcomp,2026/04/14-17:10:26.946713,2,3,5,,,4,413137,
vcomp_run1,vcomp,2026/04/14-17:10:26.946726,2,3,9,,,8,453574,
vcomp_run1,vcomp,2026/04/14-17:10:26.946806,0,1,7,,,9,468178,
vcomp_run1,vcomp,2026/04/14-17:10:26.948201,1,2,2,,,2,99323,
vcomp_run1,vcomp,2026/04/14-17:10:26.949422,1,2,4,,,4,253530,
vcomp_run1,vcomp,2026/04/14-17:10:26.951581,1,2,5,,,5,274726,
vcomp_run1,vcomp,2026/04/14-17:10:26.952758,3,4,3,,,4,240290,
vcomp_run1,vcomp,2026/04/14-17:10:26.952772,1,2,6,,,6,386158,
vcomp_run1,vcomp,2026/04/14-17:10:26.952858,3,4,3,,,4,247421,
vcomp_run1,vcomp,2026/04/14-17:10:26.954300,2,3,5,,,5,314784,
vcomp_run1,vcomp,2026/04/14-17:10:26.955656,2,3,5,,,4,391295,
vcomp_run1,vcomp,2026/04/14-17:10:26.955674,2,3,6,,,7,377512,
vcomp_run1,vcomp,2026/04/14-17:10:26.955694,2,3,8,,,8,470309,
vcomp_run1,vcomp,2026/04/14-17:10:26.955787,0,1,9,,,8,520304,
vcomp_run1,vcomp,2026/04/14-17:10:26.957631,1,2,5,,,6,334051,
vcomp_run1,vcomp,2026/04/14-17:10:26.959706,1,2,7,,,7,425176,
vcomp_run1,vcomp,2026/04/14-17:10:26.961015,1,2,6,,,6,381078,
vcomp_run1,vcomp,2026/04/14-17:10:26.961219,1,2,5,,,5,353086,
vcomp_run1,vcomp,2026/04/14-17:10:26.961237,3,4,3,,,4,228258,
vcomp_run1,vcomp,2026/04/14-17:10:26.961490,3,4,3,,,4,247427,
vcomp_run1,vcomp,2026/04/14-17:10:26.962585,2,3,5,,,4,422549,
vcomp_run1,vcomp,2026/04/14-17:10:26.963778,2,3,3,,,3,249077,
vcomp_run1,vcomp,2026/04/14-17:10:26.963795,2,3,6,,,5,413951,
vcomp_run1,vcomp,2026/04/14-17:10:26.963884,0,1,8,,,9,520119,
vcomp_run1,vcomp,2026/04/14-17:10:26.965311,1,2,3,,,4,188635,
vcomp_run1,vcomp,2026/04/14-17:10:26.967362,1,2,3,,,1,53355,
vcomp_run1,vcomp,2026/04/14-17:10:26.968820,1,2,4,,,4,231498,
vcomp_run1,vcomp,2026/04/14-17:10:26.968837,3,4,3,,,3,171341,
vcomp_run1,vcomp,2026/04/14-17:10:26.968850,3,4,2,,,4,243776,
vcomp_run1,vcomp,2026/04/14-17:10:26.968870,1,2,8,,,8,465775,
vcomp_run1,vcomp,2026/04/14-17:10:26.968952,1,2,6,,,7,398885,
vcomp_run1,vcomp,2026/04/14-17:10:26.970443,2,3,6,,,5,341083,
vcomp_run1,vcomp,2026/04/14-17:10:26.971882,2,3,5,,,6,320078,
vcomp_run1,vcomp,2026/04/14-17:10:26.971907,2,3,8,,,7,404772,
vcomp_run1,vcomp,2026/04/14-17:10:26.971923,0,1,8,,,8,512025,
vcomp_run1,vcomp,2026/04/14-17:10:26.971943,2,3,7,,,8,385358,
vcomp_run1,vcomp,2026/04/14-17:10:26.972032,2,3,6,,,7,578038,
vcomp_run1,vcomp,2026/04/14-17:10:26.974343,1,2,3,,,3,187373,
vcomp_run1,vcomp,2026/04/14-17:10:26.975875,3,4,2,,,2,129658,
vcomp_run1,vcomp,2026/04/14-17:10:26.975901,3,4,3,,,4,230174,
vcomp_run1,vcomp,2026/04/14-17:10:26.975926,1,2,9,,,9,545976,
vcomp_run1,vcomp,2026/04/14-17:10:26.975941,1,2,7,,,7,463589,
vcomp_run1,vcomp,2026/04/14-17:10:26.975962,1,2,9,,,9,550330,
vcomp_run1,vcomp,2026/04/14-17:10:26.977586,2,3,4,,,3,310282,
vcomp_run1,vcomp,2026/04/14-17:10:26.978963,2,3,7,,,6,323260,
vcomp_run1,vcomp,2026/04/14-17:10:26.978979,2,3,8,,,7,428075,
vcomp_run1,vcomp,2026/04/14-17:10:26.979001,2,3,7,,,6,452607,
vcomp_run1,vcomp,2026/04/14-17:10:26.979099,0,1,8,,,8,495331,
vcomp_run1,vcomp,2026/04/14-17:10:26.981628,1,2,4,,,3,172743,
vcomp_run1,vcomp,2026/04/14-17:10:26.983201,1,2,8,,,8,503607,
vcomp_run1,vcomp,2026/04/14-17:10:26.983208,1,2,5,,,5,306583,
vcomp_run1,vcomp,2026/04/14-17:10:26.983223,1,2,4,,,4,248134,
vcomp_run1,vcomp,2026/04/14-17:10:26.983230,3,4,2,,,2,77004,
vcomp_run1,vcomp,2026/04/14-17:10:26.983244,3,4,3,,,4,197843,
vcomp_run1,vcomp,2026/04/14-17:10:26.983521,3,4,2,,,1,62959,
vcomp_run1,vcomp,2026/04/14-17:10:26.984645,2,3,4,,,4,281309,
vcomp_run1,vcomp,2026/04/14-17:10:26.985732,2,3,4,,,4,358238,
vcomp_run1,vcomp,2026/04/14-17:10:26.985823,1,2,9,,,9,550108,
vcomp_run1,vcomp,2026/04/14-17:10:26.987162,2,3,5,,,4,233883,
vcomp_run1,vcomp,2026/04/14-17:10:26.988459,2,3,6,,,6,356584,
vcomp_run1,vcomp,2026/04/14-17:10:26.988473,2,3,6,,,6,459652,
vcomp_run1,vcomp,2026/04/14-17:10:26.988542,0,1,7,,,8,473335,
vcomp_run1,vcomp,2026/04/14-17:10:26.990016,1,2,3,,,3,196477,
vcomp_run1,vcomp,2026/04/14-17:10:26.991408,1,2,5,,,5,314784,
vcomp_run1,vcomp,2026/04/14-17:10:26.991470,3,4,2,,,2,129556,
vcomp_run1,vcomp,2026/04/14-17:10:26.991488,1,2,6,,,6,322449,
vcomp_run1,vcomp,2026/04/14-17:10:26.991504,3,4,4,,,4,245867,
vcomp_run1,vcomp,2026/04/14-17:10:26.991517,3,4,2,,,4,239108,
vcomp_run1,vcomp,2026/04/14-17:10:26.991766,1,2,4,,,4,237385,
vcomp_run1,vcomp,2026/04/14-17:10:26.993186,2,3,5,,,5,314793,
vcomp_run1,vcomp,2026/04/14-17:10:26.994574,2,3,8,,,7,455798,
vcomp_run1,vcomp,2026/04/14-17:10:26.994587,2,3,10,,,9,435187,
vcomp_run1,vcomp,2026/04/14-17:10:26.994605,2,3,6,,,7,418709,
vcomp_run1,vcomp,2026/04/14-17:10:26.994689,0,1,8,,,8,511555,
vcomp_run1,vcomp,2026/04/14-17:10:26.996946,1,2,6,,,6,418045,
vcomp_run1,vcomp,2026/04/14-17:10:26.998354,1,2,3,,,3,131814,
vcomp_run1,vcomp,2026/04/14-17:10:26.998369,3,4,2,,,2,124177,
vcomp_run1,vcomp,2026/04/14-17:10:26.998386,3,4,3,,,3,182306,
vcomp_run1,vcomp,2026/04/14-17:10:26.998407,1,2,8,,,8,501646,
vcomp_run1,vcomp,2026/04/14-17:10:26.998506,1,2,8,,,8,499677,
vcomp_run1,vcomp,2026/04/14-17:10:27.000106,2,3,7,,,5,435129,
vcomp_run1,vcomp,2026/04/14-17:10:27.001566,2,3,6,,,6,485514,
vcomp_run1,vcomp,2026/04/14-17:10:27.001579,2,3,6,,,7,378788,
vcomp_run1,vcomp,2026/04/14-17:10:27.001593,0,1,8,,,9,522349,
vcomp_run1,vcomp,2026/04/14-17:10:27.001687,2,3,10,,,9,464869,
vcomp_run1,vcomp,2026/04/14-17:10:27.003402,1,2,5,,,6,329154,
vcomp_run1,vcomp,2026/04/14-17:10:27.005713,1,2,5,,,5,305413,
vcomp_run1,vcomp,2026/04/14-17:10:27.007226,3,4,2,,,3,140477,
vcomp_run1,vcomp,2026/04/14-17:10:27.007242,1,2,6,,,6,371353,
vcomp_run1,vcomp,2026/04/14-17:10:27.007259,1,2,8,,,7,488624,
vcomp_run1,vcomp,2026/04/14-17:10:27.007276,1,2,8,,,8,510655,
vcomp_run1,vcomp,2026/04/14-17:10:27.007372,3,4,4,,,4,233924,
vcomp_run1,vcomp,2026/04/14-17:10:27.008737,2,3,2,,,2,84112,
vcomp_run1,vcomp,2026/04/14-17:10:27.010180,2,3,5,,,4,359953,
vcomp_run1,vcomp,2026/04/14-17:10:27.010195,2,3,6,,,5,469926,
vcomp_run1,vcomp,2026/04/14-17:10:27.010211,2,3,7,,,7,400011,
vcomp_run1,vcomp,2026/04/14-17:10:27.010227,0,1,8,,,8,468337,
vcomp_run1,vcomp,2026/04/14-17:10:27.010316,2,3,5,,,5,343175,
vcomp_run1,vcomp,2026/04/14-17:10:27.011910,1,2,4,,,4,247950,
vcomp_run1,vcomp,2026/04/14-17:10:27.014081,1,2,6,,,7,374092,
vcomp_run1,vcomp,2026/04/14-17:10:27.015585,1,2,6,,,6,384567,
vcomp_run1,vcomp,2026/04/14-17:10:27.015591,1,2,5,,,4,215298,
vcomp_run1,vcomp,2026/04/14-17:10:27.015610,3,4,3,,,4,217350,
vcomp_run1,vcomp,2026/04/14-17:10:27.015853,3,4,3,,,5,285234,
vcomp_run1,vcomp,2026/04/14-17:10:27.017178,2,3,5,,,5,463124,
vcomp_run1,vcomp,2026/04/14-17:10:27.018648,2,3,6,,,5,443842,
vcomp_run1,vcomp,2026/04/14-17:10:27.018661,2,3,8,,,8,452096,
vcomp_run1,vcomp,2026/04/14-17:10:27.018674,0,1,8,,,9,513943,
vcomp_run1,vcomp,2026/04/14-17:10:27.018768,2,3,10,,,10,485965,
vcomp_run1,vcomp,2026/04/14-17:10:27.021156,1,2,4,,,4,251008,
vcomp_run1,vcomp,2026/04/14-17:10:27.022700,3,4,3,,,4,206889,
vcomp_run1,vcomp,2026/04/14-17:10:27.022716,1,2,6,,,7,383283,
vcomp_run1,vcomp,2026/04/14-17:10:27.022720,1,2,4,,,5,253550,
vcomp_run1,vcomp,2026/04/14-17:10:27.022735,1,2,4,,,4,247235,
vcomp_run1,vcomp,2026/04/14-17:10:27.022818,1,2,6,,,6,403314,
vcomp_run1,vcomp,2026/04/14-17:10:27.023065,3,4,3,,,3,154403,
vcomp_run1,vcomp,2026/04/14-17:10:27.024296,2,3,5,,,5,345196,
vcomp_run1,vcomp,2026/04/14-17:10:27.025622,2,3,6,,,7,392698,
vcomp_run1,vcomp,2026/04/14-17:10:27.025636,2,3,6,,,5,418763,
vcomp_run1,vcomp,2026/04/14-17:10:27.025658,2,3,7,,,7,609076,
vcomp_run1,vcomp,2026/04/14-17:10:27.025736,0,1,8,,,8,475806,
vcomp_run1,vcomp,2026/04/14-17:10:27.028442,1,2,4,,,4,275645,
vcomp_run1,vcomp,2026/04/14-17:10:27.030044,1,2,4,,,4,189161,
vcomp_run1,vcomp,2026/04/14-17:10:27.030056,3,4,3,,,2,109092,
vcomp_run1,vcomp,2026/04/14-17:10:27.030068,3,4,3,,,3,136046,
vcomp_run1,vcomp,2026/04/14-17:10:27.030082,3,4,3,,,3,159706,
vcomp_run1,vcomp,2026/04/14-17:10:27.030099,1,2,7,,,6,418565,
vcomp_run1,vcomp,2026/04/14-17:10:27.030119,1,2,10,,,9,582009,
vcomp_run1,vcomp,2026/04/14-17:10:27.030208,3,4,2,,,4,242913,
vcomp_run1,vcomp,2026/04/14-17:10:27.031717,2,3,7,,,6,427577,
vcomp_run1,vcomp,2026/04/14-17:10:27.032942,2,3,6,,,7,372194,
vcomp_run1,vcomp,2026/04/14-17:10:27.032961,2,3,6,,,5,462705,
vcomp_run1,vcomp,2026/04/14-17:10:27.033046,0,1,8,,,8,518511,
vcomp_run1,vcomp,2026/04/14-17:10:27.035390,1,2,6,,,6,409476,
vcomp_run1,vcomp,2026/04/14-17:10:27.036826,1,2,7,,,7,411569,
vcomp_run1,vcomp,2026/04/14-17:10:27.036839,1,2,8,,,8,501755,
vcomp_run1,vcomp,2026/04/14-17:10:27.036845,3,4,2,,,4,242315,
vcomp_run1,vcomp,2026/04/14-17:10:27.037112,1,2,8,,,7,446294,
vcomp_run1,vcomp,2026/04/14-17:10:27.038436,2,3,6,,,7,503619,
vcomp_run1,vcomp,2026/04/14-17:10:27.039906,2,3,6,,,6,410352,
vcomp_run1,vcomp,2026/04/14-17:10:27.039926,2,3,8,,,9,455787,
vcomp_run1,vcomp,2026/04/14-17:10:27.039944,2,3,7,,,7,554117,
vcomp_run1,vcomp,2026/04/14-17:10:27.040041,0,1,8,,,8,477917,
vcomp_run1,vcomp,2026/04/14-17:10:27.042477,1,2,5,,,6,330113,
vcomp_run1,vcomp,2026/04/14-17:10:27.043782,3,4,2,,,3,144274,
vcomp_run1,vcomp,2026/04/14-17:10:27.043794,3,4,3,,,4,216427,
vcomp_run1,vcomp,2026/04/14-17:10:27.043812,1,2,7,,,8,484671,
vcomp_run1,vcomp,2026/04/14-17:10:27.043907,1,2,8,,,8,515730,
vcomp_run1,vcomp,2026/04/14-17:10:27.045288,2,3,5,,,4,297155,
vcomp_run1,vcomp,2026/04/14-17:10:27.046731,2,3,7,,,6,446311,
vcomp_run1,vcomp,2026/04/14-17:10:27.046745,2,3,6,,,8,367833,
vcomp_run1,vcomp,2026/04/14-17:10:27.046761,0,1,9,,,9,510741,
vcomp_run1,vcomp,2026/04/14-17:10:27.046851,2,3,5,,,5,303380,
vcomp_run1,vcomp,2026/04/14-17:10:27.050398,1,2,4,,,4,242163,
vcomp_run1,vcomp,2026/04/14-17:10:27.052175,1,2,8,,,8,471520,
vcomp_run1,vcomp,2026/04/14-17:10:27.052192,3,4,3,,,4,254304,
vcomp_run1,vcomp,2026/04/14-17:10:27.052209,1,2,8,,,8,485299,
vcomp_run1,vcomp,2026/04/14-17:10:27.052214,1,2,4,,,4,245214,
vcomp_run1,vcomp,2026/04/14-17:10:27.052471,3,4,3,,,4,201167,
vcomp_run1,vcomp,2026/04/14-17:10:27.053572,2,3,5,,,4,376275,
vcomp_run1,vcomp,2026/04/14-17:10:27.055123,2,3,6,,,5,415232,
vcomp_run1,vcomp,2026/04/14-17:10:27.055141,2,3,8,,,7,429048,
vcomp_run1,vcomp,2026/04/14-17:10:27.055158,2,3,7,,,7,464683,
vcomp_run1,vcomp,2026/04/14-17:10:27.055177,0,1,8,,,8,475734,
vcomp_run1,vcomp,2026/04/14-17:10:27.055286,2,3,6,,,6,408538,
vcomp_run1,vcomp,2026/04/14-17:10:27.057829,1,2,5,,,6,320065,
vcomp_run1,vcomp,2026/04/14-17:10:27.059385,1,2,5,,,5,316569,
vcomp_run1,vcomp,2026/04/14-17:10:27.059401,1,2,6,,,6,379142,
vcomp_run1,vcomp,2026/04/14-17:10:27.059413,3,4,2,,,2,120757,
vcomp_run1,vcomp,2026/04/14-17:10:27.059416,3,4,3,,,3,158538,
vcomp_run1,vcomp,2026/04/14-17:10:27.059436,3,4,3,,,3,177778,
vcomp_run1,vcomp,2026/04/14-17:10:27.059692,1,2,9,,,9,533132,
vcomp_run1,vcomp,2026/04/14-17:10:27.060980,2,3,4,,,3,235643,
vcomp_run1,vcomp,2026/04/14-17:10:27.062326,2,3,5,,,4,459991,
vcomp_run1,vcomp,2026/04/14-17:10:27.062342,2,3,9,,,9,489440,
vcomp_run1,vcomp,2026/04/14-17:10:27.062359,2,3,9,,,8,515375,
vcomp_run1,vcomp,2026/04/14-17:10:27.062452,0,1,8,,,8,461329,
vcomp_run1,vcomp,2026/04/14-17:10:27.064059,1,2,3,,,3,191330,
vcomp_run1,vcomp,2026/04/14-17:10:27.066123,1,2,4,,,5,253114,
vcomp_run1,vcomp,2026/04/14-17:10:27.067481,1,2,3,,,3,143741,
vcomp_run1,vcomp,2026/04/14-17:10:27.067603,1,2,9,,,9,533387,
vcomp_run1,vcomp,2026/04/14-17:10:27.067622,3,4,2,,,4,240667,
vcomp_run1,vcomp,2026/04/14-17:10:27.067644,3,4,2,,,2,121627,
vcomp_run1,vcomp,2026/04/14-17:10:27.067797,3,4,3,,,3,156713,
vcomp_run1,vcomp,2026/04/14-17:10:27.069094,2,3,5,,,4,425515,
vcomp_run1,vcomp,2026/04/14-17:10:27.070348,2,3,7,,,5,394778,
vcomp_run1,vcomp,2026/04/14-17:10:27.070365,2,3,8,,,7,471943,
vcomp_run1,vcomp,2026/04/14-17:10:27.070444,0,1,8,,,9,519929,
vcomp_run1,vcomp,2026/04/14-17:10:27.071936,1,2,3,,,3,174362,
vcomp_run1,vcomp,2026/04/14-17:10:27.073968,1,2,4,,,4,241080,
vcomp_run1,vcomp,2026/04/14-17:10:27.075329,3,4,2,,,2,118816,
vcomp_run1,vcomp,2026/04/14-17:10:27.075590,1,2,5,,,4,241637,
vcomp_run1,vcomp,2026/04/14-17:10:27.075762,3,4,2,,,2,118663,
vcomp_run1,vcomp,2026/04/14-17:10:27.075780,1,2,6,,,6,343426,
vcomp_run1,vcomp,2026/04/14-17:10:27.075887,1,2,8,,,7,438933,
vcomp_run1,vcomp,2026/04/14-17:10:27.076653,2,3,4,,,3,273548,
vcomp_run1,vcomp,2026/04/14-17:10:27.078012,2,3,4,,,4,393910,
vcomp_run1,vcomp,2026/04/14-17:10:27.078023,2,3,8,,,7,431920,
vcomp_run1,vcomp,2026/04/14-17:10:27.078036,2,3,5,,,5,415687,
vcomp_run1,vcomp,2026/04/14-17:10:27.078127,1,2,11,,,10,612326,
vcomp_run1,vcomp,2026/04/14-17:10:27.079793,2,3,5,,,4,336675,
vcomp_run1,vcomp,2026/04/14-17:10:27.081903,3,4,4,,,4,241226,
vcomp_run1,vcomp,2026/04/14-17:10:27.083434,3,4,2,,,2,120907,
vcomp_run1,vcomp,2026/04/14-17:10:27.083449,2,3,7,,,7,525913,
vcomp_run1,vcomp,2026/04/14-17:10:27.084508,0,1,11,,,13,716273,
vcomp_run1,vcomp,2026/04/14-17:10:27.085737,3,4,4,,,5,281374,
vcomp_run1,vcomp,2026/04/14-17:10:27.085945,3,4,2,,,2,120439,
vcomp_run1,vcomp,2026/04/14-17:10:27.087505,1,2,2,,,2,111861,
vcomp_run1,vcomp,2026/04/14-17:10:27.087520,1,2,3,,,3,177594,
vcomp_run1,vcomp,2026/04/14-17:10:27.087531,1,2,4,,,3,166748,
vcomp_run1,vcomp,2026/04/14-17:10:27.087548,1,2,4,,,5,259657,
vcomp_run1,vcomp,2026/04/14-17:10:27.087563,1,2,4,,,4,236918,
vcomp_run1,vcomp,2026/04/14-17:10:27.087577,1,2,6,,,7,389033,
vcomp_run1,vcomp,2026/04/14-17:10:27.087593,1,2,8,,,8,501413,
vcomp_run1,vcomp,2026/04/14-17:10:27.087694,1,2,3,,,3,171399,
vcomp_run1,vcomp,2026/04/14-17:10:27.089866,2,3,5,,,4,287259,
vcomp_run1,vcomp,2026/04/14-17:10:27.091177,2,3,7,,,7,467692,
vcomp_run1,vcomp,2026/04/14-17:10:27.091392,2,3,4,,,3,306446,
vcomp_run1,vcomp,2026/04/14-17:10:27.091655,1,2,4,,,4,223872,
vcomp_run1,vcomp,2026/04/14-17:10:27.092800,2,3,5,,,5,264651,
vcomp_run1,vcomp,2026/04/14-17:10:27.094242,2,3,8,,,7,545591,
vcomp_run1,vcomp,2026/04/14-17:10:27.094256,2,3,7,,,5,412061,
vcomp_run1,vcomp,2026/04/14-17:10:27.094271,2,3,6,,,6,451995,
vcomp_run1,vcomp,2026/04/14-17:10:27.094371,0,1,8,,,8,502894,
vcomp_run1,vcomp,2026/04/14-17:10:27.097091,1,2,4,,,4,213384,
vcomp_run1,vcomp,2026/04/14-17:10:27.098761,3,4,2,,,3,140504,
vcomp_run1,vcomp,2026/04/14-17:10:27.098776,3,4,2,,,2,129778,
vcomp_run1,vcomp,2026/04/14-17:10:27.098788,3,4,2,,,2,94786,
vcomp_run1,vcomp,2026/04/14-17:10:27.098967,3,4,2,,,2,92428,
vcomp_run1,vcomp,2026/04/14-17:10:27.098980,3,4,2,,,2,114245,
vcomp_run1,vcomp,2026/04/14-17:10:27.098994,1,2,6,,,6,369109,
vcomp_run1,vcomp,2026/04/14-17:10:27.099001,1,2,6,,,6,364574,
vcomp_run1,vcomp,2026/04/14-17:10:27.099029,1,2,3,,,3,141396,
vcomp_run1,vcomp,2026/04/14-17:10:27.099107,3,4,2,,,2,114048,
vcomp_run1,vcomp,2026/04/14-17:10:27.100016,1,2,10,,,9,586087,
vcomp_run1,vcomp,2026/04/14-17:10:27.101415,2,3,2,,,2,141750,
vcomp_run1,vcomp,2026/04/14-17:10:27.102975,2,3,5,,,4,271992,
vcomp_run1,vcomp,2026/04/14-17:10:27.102990,2,3,5,,,4,336396,
vcomp_run1,vcomp,2026/04/14-17:10:27.103007,2,3,7,,,8,390310,
vcomp_run1,vcomp,2026/04/14-17:10:27.103024,2,3,6,,,6,445722,
vcomp_run1,vcomp,2026/04/14-17:10:27.103235,0,1,7,,,8,463877,
vcomp_run1,vcomp,2026/04/14-17:10:27.105203,1,2,5,,,4,260939,
vcomp_run1,vcomp,2026/04/14-17:10:27.106615,3,4,2,,,2,129257,
vcomp_run1,vcomp,2026/04/14-17:10:27.106820,3,4,2,,,4,229838,
vcomp_run1,vcomp,2026/04/14-17:10:27.106841,3,4,2,,,2,129558,
vcomp_run1,vcomp,2026/04/14-17:10:27.106853,3,4,3,,,3,150081,
vcomp_run1,vcomp,2026/04/14-17:10:27.106870,1,2,7,,,8,477905,
vcomp_run1,vcomp,2026/04/14-17:10:27.107119,1,2,6,,,6,379610,
vcomp_run1,vcomp,2026/04/14-17:10:27.108246,2,3,7,,,7,536410,
vcomp_run1,vcomp,2026/04/14-17:10:27.109512,2,3,5,,,4,318263,
vcomp_run1,vcomp,2026/04/14-17:10:27.109530,2,3,9,,,8,450572,
vcomp_run1,vcomp,2026/04/14-17:10:27.109634,0,1,9,,,8,523073,
vcomp_run1,vcomp,2026/04/14-17:10:27.112302,1,2,4,,,4,262067,
vcomp_run1,vcomp,2026/04/14-17:10:27.113812,1,2,7,,,7,396487,
vcomp_run1,vcomp,2026/04/14-17:10:27.113823,3,4,3,,,4,255285,
vcomp_run1,vcomp,2026/04/14-17:10:27.113841,1,2,8,,,7,440356,
vcomp_run1,vcomp,2026/04/14-17:10:27.113848,1,2,5,,,5,301070,
vcomp_run1,vcomp,2026/04/14-17:10:27.113999,3,4,2,,,2,118220,
vcomp_run1,vcomp,2026/04/14-17:10:27.115342,2,3,7,,,6,364339,
vcomp_run1,vcomp,2026/04/14-17:10:27.116893,2,3,8,,,7,380030,
vcomp_run1,vcomp,2026/04/14-17:10:27.116913,2,3,7,,,6,439496,
vcomp_run1,vcomp,2026/04/14-17:10:27.116930,2,3,8,,,8,658468,
vcomp_run1,vcomp,2026/04/14-17:10:27.117028,0,1,8,,,9,521415,
vcomp_run1,vcomp,2026/04/14-17:10:27.119332,1,2,2,,,1,30328,
vcomp_run1,vcomp,2026/04/14-17:10:27.120878,1,2,5,,,5,298834,
vcomp_run1,vcomp,2026/04/14-17:10:27.120891,3,4,2,,,2,87298,
vcomp_run1,vcomp,2026/04/14-17:10:27.120907,1,2,5,,,5,320974,
vcomp_run1,vcomp,2026/04/14-17:10:27.120922,3,4,2,,,2,118643,
vcomp_run1,vcomp,2026/04/14-17:10:27.120938,1,2,6,,,6,391478,
vcomp_run1,vcomp,2026/04/14-17:10:27.120948,3,4,2,,,2,117831,
vcomp_run1,vcomp,2026/04/14-17:10:27.121048,1,2,7,,,7,426626,
vcomp_run1,vcomp,2026/04/14-17:10:27.122640,2,3,8,,,8,427738,
vcomp_run1,vcomp,2026/04/14-17:10:27.124004,2,3,7,,,8,422228,
vcomp_run1,vcomp,2026/04/14-17:10:27.124019,2,3,8,,,7,446882,
vcomp_run1,vcomp,2026/04/14-17:10:27.124110,1,2,7,,,7,432339,
vcomp_run1,vcomp,2026/04/14-17:10:27.126452,2,3,7,,,5,504212,
vcomp_run1,vcomp,2026/04/14-17:10:27.127798,0,1,11,,,12,721092,
vcomp_run1,vcomp,2026/04/14-17:10:27.129001,3,4,2,,,2,124093,
vcomp_run1,vcomp,2026/04/14-17:10:27.129534,3,4,2,,,4,241012,
vcomp_run1,vcomp,2026/04/14-17:10:27.130619,1,2,3,,,3,182591,
vcomp_run1,vcomp,2026/04/14-17:10:27.130635,1,2,4,,,3,181599,
vcomp_run1,vcomp,2026/04/14-17:10:27.130654,1,2,5,,,5,317278,
vcomp_run1,vcomp,2026/04/14-17:10:27.130665,1,2,3,,,3,162901,
vcomp_run1,vcomp,2026/04/14-17:10:27.130677,1,2,6,,,6,389007,
vcomp_run1,vcomp,2026/04/14-17:10:27.130690,1,2,7,,,7,422144,
vcomp_run1,vcomp,2026/04/14-17:10:27.130775,1,2,4,,,4,258123,
vcomp_run1,vcomp,2026/04/14-17:10:27.132636,1,2,7,,,7,413575,
vcomp_run1,vcomp,2026/04/14-17:10:27.135022,2,3,4,,,4,305423,
vcomp_run1,vcomp,2026/04/14-17:10:27.136577,2,3,7,,,6,376108,
vcomp_run1,vcomp,2026/04/14-17:10:27.136590,2,3,7,,,8,449498,
vcomp_run1,vcomp,2026/04/14-17:10:27.136612,2,3,6,,,6,485902,
vcomp_run1,vcomp,2026/04/14-17:10:27.136627,2,3,7,,,7,427940,
vcomp_run1,vcomp,2026/04/14-17:10:27.136640,2,3,7,,,7,467036,
vcomp_run1,vcomp,2026/04/14-17:10:27.136831,2,3,7,,,7,472832,
vcomp_run1,vcomp,2026/04/14-17:10:27.137818,0,1,8,,,9,510189,
vcomp_run1,vcomp,2026/04/14-17:10:27.139478,1,2,4,,,3,193104,
vcomp_run1,vcomp,2026/04/14-17:10:27.140909,1,2,5,,,5,300442,
vcomp_run1,vcomp,2026/04/14-17:10:27.143012,1,2,3,,,3,178491,
vcomp_run1,vcomp,2026/04/14-17:10:27.144661,3,4,2,,,3,153482,
vcomp_run1,vcomp,2026/04/14-17:10:27.144677,3,4,3,,,3,185615,
vcomp_run1,vcomp,2026/04/14-17:10:27.144692,3,4,3,,,5,264404,
vcomp_run1,vcomp,2026/04/14-17:10:27.144709,1,2,10,,,10,597786,
vcomp_run1,vcomp,2026/04/14-17:10:27.144721,3,4,2,,,2,120972,
vcomp_run1,vcomp,2026/04/14-17:10:27.144728,1,2,6,,,7,398964,
vcomp_run1,vcomp,2026/04/14-17:10:27.144856,3,4,2,,,2,121316,
vcomp_run1,vcomp,2026/04/14-17:10:27.146302,2,3,4,,,4,239473,
vcomp_run1,vcomp,2026/04/14-17:10:27.147873,2,3,2,,,1,94830,
vcomp_run1,vcomp,2026/04/14-17:10:27.147886,2,3,5,,,6,319123,
vcomp_run1,vcomp,2026/04/14-17:10:27.147905,2,3,5,,,6,332648,
vcomp_run1,vcomp,2026/04/14-17:10:27.147919,2,3,6,,,5,339328,
vcomp_run1,vcomp,2026/04/14-17:10:27.147942,2,3,9,,,8,487775,
vcomp_run1,vcomp,2026/04/14-17:10:27.148039,0,1,8,,,8,471464,
vcomp_run1,vcomp,2026/04/14-17:10:27.150372,1,2,2,,,2,65860,
vcomp_run1,vcomp,2026/04/14-17:10:27.151919,3,4,3,,,4,202425,
vcomp_run1,vcomp,2026/04/14-17:10:27.151935,1,2,7,,,7,386366,
vcomp_run1,vcomp,2026/04/14-17:10:27.151948,3,4,2,,,2,119468,
vcomp_run1,vcomp,2026/04/14-17:10:27.151958,3,4,2,,,2,109693,
vcomp_run1,vcomp,2026/04/14-17:10:27.151977,1,2,6,,,6,359680,
vcomp_run1,vcomp,2026/04/14-17:10:27.151983,1,2,5,,,6,332091,
vcomp_run1,vcomp,2026/04/14-17:10:27.152127,3,4,3,,,2,123008,
vcomp_run1,vcomp,2026/04/14-17:10:27.153367,2,3,4,,,5,256925,
vcomp_run1,vcomp,2026/04/14-17:10:27.154774,2,3,4,,,4,308671,
vcomp_run1,vcomp,2026/04/14-17:10:27.154789,2,3,4,,,4,328129,
vcomp_run1,vcomp,2026/04/14-17:10:27.154800,2,3,8,,,6,425353,
vcomp_run1,vcomp,2026/04/14-17:10:27.154897,0,1,8,,,9,516651,
vcomp_run1,vcomp,2026/04/14-17:10:27.157475,1,2,4,,,5,257092,
vcomp_run1,vcomp,2026/04/14-17:10:27.158973,1,2,4,,,4,227586,
vcomp_run1,vcomp,2026/04/14-17:10:27.158985,3,4,2,,,3,132116,
vcomp_run1,vcomp,2026/04/14-17:10:27.159001,1,2,8,,,8,488202,
vcomp_run1,vcomp,2026/04/14-17:10:27.159020,1,2,8,,,8,454771,
vcomp_run1,vcomp,2026/04/14-17:10:27.159035,3,4,3,,,3,170799,
vcomp_run1,vcomp,2026/04/14-17:10:27.159125,1,2,8,,,8,484877,
vcomp_run1,vcomp,2026/04/14-17:10:27.160598,2,3,4,,,4,308796,
vcomp_run1,vcomp,2026/04/14-17:10:27.162140,2,3,2,,,1,33241,
vcomp_run1,vcomp,2026/04/14-17:10:27.162152,2,3,3,,,3,233819,
vcomp_run1,vcomp,2026/04/14-17:10:27.162165,2,3,5,,,4,375507,
vcomp_run1,vcomp,2026/04/14-17:10:27.162178,2,3,7,,,6,414920,
vcomp_run1,vcomp,2026/04/14-17:10:27.162198,2,3,6,,,6,491256,
vcomp_run1,vcomp,2026/04/14-17:10:27.162299,0,1,8,,,7,459579,
vcomp_run1,vcomp,2026/04/14-17:10:27.164705,1,2,6,,,6,380785,
vcomp_run1,vcomp,2026/04/14-17:10:27.166233,3,4,2,,,2,112260,
vcomp_run1,vcomp,2026/04/14-17:10:27.166248,3,4,3,,,4,219935,
vcomp_run1,vcomp,2026/04/14-17:10:27.166422,1,2,11,,,10,605962,
vcomp_run1,vcomp,2026/04/14-17:10:27.166441,1,2,6,,,6,348236,
vcomp_run1,vcomp,2026/04/14-17:10:27.166447,3,4,2,,,2,113638,
vcomp_run1,vcomp,2026/04/14-17:10:27.166532,3,4,2,,,2,113755,
vcomp_run1,vcomp,2026/04/14-17:10:27.167457,1,2,11,,,11,657758,
vcomp_run1,vcomp,2026/04/14-17:10:27.168896,2,3,2,,,1,87591,
vcomp_run1,vcomp,2026/04/14-17:10:27.170363,2,3,5,,,5,382830,
vcomp_run1,vcomp,2026/04/14-17:10:27.170376,2,3,4,,,4,415693,
vcomp_run1,vcomp,2026/04/14-17:10:27.170389,2,3,6,,,6,466000,
vcomp_run1,vcomp,2026/04/14-17:10:27.170402,2,3,7,,,6,418071,
vcomp_run1,vcomp,2026/04/14-17:10:27.170474,0,1,7,,,7,447596,
vcomp_run1,vcomp,2026/04/14-17:10:27.172889,1,2,3,,,3,138505,
vcomp_run1,vcomp,2026/04/14-17:10:27.174360,3,4,2,,,3,183632,
vcomp_run1,vcomp,2026/04/14-17:10:27.174381,1,2,7,,,8,455018,
vcomp_run1,vcomp,2026/04/14-17:10:27.174392,3,4,2,,,2,121617,
vcomp_run1,vcomp,2026/04/14-17:10:27.174409,1,2,7,,,7,409421,
vcomp_run1,vcomp,2026/04/14-17:10:27.174421,3,4,2,,,2,121872,
vcomp_run1,vcomp,2026/04/14-17:10:27.174516,1,2,8,,,8,521573,
vcomp_run1,vcomp,2026/04/14-17:10:27.176169,2,3,6,,,5,425227,
vcomp_run1,vcomp,2026/04/14-17:10:27.177547,2,3,8,,,7,456527,
vcomp_run1,vcomp,2026/04/14-17:10:27.177563,2,3,9,,,9,494428,
vcomp_run1,vcomp,2026/04/14-17:10:27.177577,0,1,7,,,8,468646,
vcomp_run1,vcomp,2026/04/14-17:10:27.177660,2,3,6,,,6,581831,
vcomp_run1,vcomp,2026/04/14-17:10:27.180228,1,2,6,,,6,374402,
vcomp_run1,vcomp,2026/04/14-17:10:27.181728,1,2,6,,,6,333620,
vcomp_run1,vcomp,2026/04/14-17:10:27.181738,1,2,5,,,6,340972,
vcomp_run1,vcomp,2026/04/14-17:10:27.181748,3,4,2,,,3,143909,
vcomp_run1,vcomp,2026/04/14-17:10:27.181762,3,4,2,,,2,106024,
vcomp_run1,vcomp,2026/04/14-17:10:27.181779,3,4,3,,,4,253117,
vcomp_run1,vcomp,2026/04/14-17:10:27.181875,1,2,8,,,8,514815,
vcomp_run1,vcomp,2026/04/14-17:10:27.183601,2,3,4,,,3,283577,
vcomp_run1,vcomp,2026/04/14-17:10:27.185175,2,3,8,,,6,437298,
vcomp_run1,vcomp,2026/04/14-17:10:27.187207,2,3,6,,,6,478531,
vcomp_run1,vcomp,2026/04/14-17:10:27.188805,2,3,9,,,8,445654,
vcomp_run1,vcomp,2026/04/14-17:10:27.189802,0,1,12,,,12,739349,
vcomp_run1,vcomp,2026/04/14-17:10:27.191458,3,4,3,,,3,162539,
vcomp_run1,vcomp,2026/04/14-17:10:27.191539,3,4,2,,,4,233678,
vcomp_run1,vcomp,2026/04/14-17:10:27.192647,1,2,3,,,4,187201,
vcomp_run1,vcomp,2026/04/14-17:10:27.192662,1,2,5,,,5,306108,
vcomp_run1,vcomp,2026/04/14-17:10:27.192677,1,2,6,,,6,374942,
vcomp_run1,vcomp,2026/04/14-17:10:27.192690,1,2,5,,,4,251461,
vcomp_run1,vcomp,2026/04/14-17:10:27.192703,1,2,5,,,5,325711,
vcomp_run1,vcomp,2026/04/14-17:10:27.192914,1,2,7,,,7,403806,
vcomp_run1,vcomp,2026/04/14-17:10:27.194817,1,2,6,,,5,307364,
vcomp_run1,vcomp,2026/04/14-17:10:27.195981,1,2,4,,,4,237188,
vcomp_run1,vcomp,2026/04/14-17:10:27.197086,2,3,6,,,5,291009,
vcomp_run1,vcomp,2026/04/14-17:10:27.197103,2,3,6,,,6,415405,
vcomp_run1,vcomp,2026/04/14-17:10:27.197116,2,3,5,,,5,483575,
vcomp_run1,vcomp,2026/04/14-17:10:27.197382,2,3,8,,,7,542110,
vcomp_run1,vcomp,2026/04/14-17:10:27.198704,2,3,6,,,5,440368,
vcomp_run1,vcomp,2026/04/14-17:10:27.198715,2,3,5,,,5,309612,
vcomp_run1,vcomp,2026/04/14-17:10:27.198727,0,1,8,,,9,509949,
vcomp_run1,vcomp,2026/04/14-17:10:27.199967,2,3,8,,,8,658445,
vcomp_run1,vcomp,2026/04/14-17:10:27.201976,1,2,2,,,2,114702,
vcomp_run1,vcomp,2026/04/14-17:10:27.203700,1,2,6,,,4,258321,
vcomp_run1,vcomp,2026/04/14-17:10:27.203714,1,2,3,,,3,178249,
vcomp_run1,vcomp,2026/04/14-17:10:27.203727,3,4,3,,,3,156293,
vcomp_run1,vcomp,2026/04/14-17:10:27.203736,3,4,2,,,3,135046,
vcomp_run1,vcomp,2026/04/14-17:10:27.203746,3,4,2,,,3,131232,
vcomp_run1,vcomp,2026/04/14-17:10:27.203763,1,2,7,,,7,414396,
vcomp_run1,vcomp,2026/04/14-17:10:27.203774,3,4,2,,,2,117387,
vcomp_run1,vcomp,2026/04/14-17:10:27.203788,3,4,4,,,4,238568,
vcomp_run1,vcomp,2026/04/14-17:10:27.203884,1,2,6,,,6,362505,
vcomp_run1,vcomp,2026/04/14-17:10:27.205369,2,3,4,,,3,231820,
vcomp_run1,vcomp,2026/04/14-17:10:27.206884,2,3,5,,,3,292258,
vcomp_run1,vcomp,2026/04/14-17:10:27.206903,2,3,9,,,8,561994,
vcomp_run1,vcomp,2026/04/14-17:10:27.206915,2,3,7,,,7,348323,
vcomp_run1,vcomp,2026/04/14-17:10:27.206930,2,3,9,,,10,519784,
vcomp_run1,vcomp,2026/04/14-17:10:27.207019,0,1,8,,,8,489786,
vcomp_run1,vcomp,2026/04/14-17:10:27.209386,1,2,6,,,7,392226,
vcomp_run1,vcomp,2026/04/14-17:10:27.210948,3,4,3,,,3,138688,
vcomp_run1,vcomp,2026/04/14-17:10:27.211161,3,4,2,,,2,112704,
vcomp_run1,vcomp,2026/04/14-17:10:27.211169,1,2,5,,,5,334230,
vcomp_run1,vcomp,2026/04/14-17:10:27.211181,3,4,3,,,3,146977,
vcomp_run1,vcomp,2026/04/14-17:10:27.211191,1,2,5,,,6,309063,
vcomp_run1,vcomp,2026/04/14-17:10:27.211204,1,2,6,,,6,372350,
vcomp_run1,vcomp,2026/04/14-17:10:27.211347,3,4,2,,,2,109475,
vcomp_run1,vcomp,2026/04/14-17:10:27.212478,2,3,7,,,6,430797,
vcomp_run1,vcomp,2026/04/14-17:10:27.213799,2,3,6,,,6,343759,
vcomp_run1,vcomp,2026/04/14-17:10:27.213814,2,3,7,,,6,482234,
vcomp_run1,vcomp,2026/04/14-17:10:27.213899,0,1,8,,,9,508803,
vcomp_run1,vcomp,2026/04/14-17:10:27.216384,1,2,5,,,5,273033,
vcomp_run1,vcomp,2026/04/14-17:10:27.217929,1,2,4,,,4,232994,
vcomp_run1,vcomp,2026/04/14-17:10:27.218114,1,2,8,,,8,458580,
vcomp_run1,vcomp,2026/04/14-17:10:27.218133,3,4,2,,,2,128060,
vcomp_run1,vcomp,2026/04/14-17:10:27.218149,1,2,6,,,6,386268,
vcomp_run1,vcomp,2026/04/14-17:10:27.218164,1,2,6,,,6,351768,
vcomp_run1,vcomp,2026/04/14-17:10:27.218681,3,4,3,,,3,139043,
vcomp_run1,vcomp,2026/04/14-17:10:27.219271,2,3,4,,,3,259167,
vcomp_run1,vcomp,2026/04/14-17:10:27.220704,2,3,5,,,5,321060,
vcomp_run1,vcomp,2026/04/14-17:10:27.220717,2,3,6,,,7,401110,
vcomp_run1,vcomp,2026/04/14-17:10:27.220728,2,3,6,,,6,502629,
vcomp_run1,vcomp,2026/04/14-17:10:27.220745,2,3,7,,,6,487249,
vcomp_run1,vcomp,2026/04/14-17:10:27.220824,0,1,8,,,7,478260,
vcomp_run1,vcomp,2026/04/14-17:10:27.223799,1,2,7,,,7,450161,
vcomp_run1,vcomp,2026/04/14-17:10:27.225281,1,2,6,,,5,296859,
vcomp_run1,vcomp,2026/04/14-17:10:27.225296,1,2,5,,,5,313857,
vcomp_run1,vcomp,2026/04/14-17:10:27.225308,3,4,2,,,3,149147,
vcomp_run1,vcomp,2026/04/14-17:10:27.225323,3,4,2,,,3,149304,
vcomp_run1,vcomp,2026/04/14-17:10:27.225338,3,4,3,,,4,209158,
vcomp_run1,vcomp,2026/04/14-17:10:27.225446,1,2,9,,,8,516760,
vcomp_run1,vcomp,2026/04/14-17:10:27.227235,2,3,6,,,6,384904,
vcomp_run1,vcomp,2026/04/14-17:10:27.228691,2,3,6,,,5,375589,
vcomp_run1,vcomp,2026/04/14-17:10:27.230789,2,3,4,,,4,309828,
vcomp_run1,vcomp,2026/04/14-17:10:27.232116,2,3,6,,,5,441352,
vcomp_run1,vcomp,2026/04/14-17:10:27.233314,0,1,11,,,13,730257,
vcomp_run1,vcomp,2026/04/14-17:10:27.234493,3,4,2,,,2,118827,
vcomp_run1,vcomp,2026/04/14-17:10:27.234506,3,4,3,,,4,224584,
vcomp_run1,vcomp,2026/04/14-17:10:27.234787,3,4,3,,,3,131376,
vcomp_run1,vcomp,2026/04/14-17:10:27.236323,1,2,3,,,3,189763,
vcomp_run1,vcomp,2026/04/14-17:10:27.236336,1,2,3,,,3,167618,
vcomp_run1,vcomp,2026/04/14-17:10:27.236350,1,2,4,,,5,261527,
vcomp_run1,vcomp,2026/04/14-17:10:27.236362,1,2,4,,,4,240104,
vcomp_run1,vcomp,2026/04/14-17:10:27.236372,1,2,3,,,2,118332,
vcomp_run1,vcomp,2026/04/14-17:10:27.236386,1,2,5,,,6,327462,
vcomp_run1,vcomp,2026/04/14-17:10:27.236477,1,2,6,,,5,311050,
vcomp_run1,vcomp,2026/04/14-17:10:27.238625,1,2,7,,,6,400284,
vcomp_run1,vcomp,2026/04/14-17:10:27.239902,1,2,5,,,5,260303,
vcomp_run1,vcomp,2026/04/14-17:10:27.239984,1,2,8,,,8,482748,
vcomp_run1,vcomp,2026/04/14-17:10:27.241344,2,3,4,,,5,212443,
vcomp_run1,vcomp,2026/04/14-17:10:27.243227,2,3,8,,,8,379300,
vcomp_run1,vcomp,2026/04/14-17:10:27.243237,2,3,4,,,4,326087,
vcomp_run1,vcomp,2026/04/14-17:10:27.243254,2,3,4,,,4,326944,
vcomp_run1,vcomp,2026/04/14-17:10:27.243266,2,3,4,,,4,254550,
vcomp_run1,vcomp,2026/04/14-17:10:27.243285,2,3,8,,,7,383136,
vcomp_run1,vcomp,2026/04/14-17:10:27.243310,2,3,5,,,7,439218,
vcomp_run1,vcomp,2026/04/14-17:10:27.243328,2,3,6,,,4,455332,
vcomp_run1,vcomp,2026/04/14-17:10:27.243345,0,1,7,,,8,458223,
vcomp_run1,vcomp,2026/04/14-17:10:27.243451,2,3,7,,,8,569263,
vcomp_run1,vcomp,2026/04/14-17:10:27.245916,1,2,4,,,5,239132,
vcomp_run1,vcomp,2026/04/14-17:10:27.247581,1,2,8,,,8,506219,
vcomp_run1,vcomp,2026/04/14-17:10:27.247597,1,2,5,,,5,316317,
vcomp_run1,vcomp,2026/04/14-17:10:27.247608,3,4,2,,,2,111913,
vcomp_run1,vcomp,2026/04/14-17:10:27.247622,3,4,3,,,4,222768,
vcomp_run1,vcomp,2026/04/14-17:10:27.247634,3,4,2,,,2,109051,
vcomp_run1,vcomp,2026/04/14-17:10:27.247650,1,2,6,,,5,306755,
vcomp_run1,vcomp,2026/04/14-17:10:27.247667,3,4,3,,,3,187006,
vcomp_run1,vcomp,2026/04/14-17:10:27.247679,3,4,2,,,2,112604,
vcomp_run1,vcomp,2026/04/14-17:10:27.247777,3,4,2,,,4,216934,
vcomp_run1,vcomp,2026/04/14-17:10:27.249560,2,3,7,,,6,368013,
vcomp_run1,vcomp,2026/04/14-17:10:27.250931,2,3,4,,,3,307166,
vcomp_run1,vcomp,2026/04/14-17:10:27.253077,2,3,7,,,5,537350,
vcomp_run1,vcomp,2026/04/14-17:10:27.254461,0,1,11,,,13,732486,
vcomp_run1,vcomp,2026/04/14-17:10:27.256170,3,4,3,,,4,229067,
vcomp_run1,vcomp,2026/04/14-17:10:27.256260,3,4,3,,,3,151188,
vcomp_run1,vcomp,2026/04/14-17:10:27.257329,1,2,3,,,3,190627,
vcomp_run1,vcomp,2026/04/14-17:10:27.257341,1,2,4,,,4,258218,
vcomp_run1,vcomp,2026/04/14-17:10:27.257358,1,2,4,,,4,196266,
vcomp_run1,vcomp,2026/04/14-17:10:27.257374,1,2,5,,,5,275982,
vcomp_run1,vcomp,2026/04/14-17:10:27.257390,1,2,5,,,5,287902,
vcomp_run1,vcomp,2026/04/14-17:10:27.257474,1,2,6,,,5,324703,
vcomp_run1,vcomp,2026/04/14-17:10:27.259825,1,2,4,,,3,204314,
vcomp_run1,vcomp,2026/04/14-17:10:27.261030,1,2,6,,,5,276616,
vcomp_run1,vcomp,2026/04/14-17:10:27.261407,1,2,6,,,6,398436,
vcomp_run1,vcomp,2026/04/14-17:10:27.262732,2,3,4,,,4,340791,
vcomp_run1,vcomp,2026/04/14-17:10:27.264535,2,3,6,,,6,339666,
vcomp_run1,vcomp,2026/04/14-17:10:27.264548,2,3,5,,,7,338548,
vcomp_run1,vcomp,2026/04/14-17:10:27.264561,2,3,6,,,6,510870,
vcomp_run1,vcomp,2026/04/14-17:10:27.264576,2,3,6,,,6,398988,
vcomp_run1,vcomp,2026/04/14-17:10:27.264590,2,3,6,,,4,443111,
vcomp_run1,vcomp,2026/04/14-17:10:27.264615,2,3,7,,,6,424446,
vcomp_run1,vcomp,2026/04/14-17:10:27.264700,0,1,8,,,9,501190,
vcomp_run1,vcomp,2026/04/14-17:10:27.266798,1,2,3,,,3,175514,
vcomp_run1,vcomp,2026/04/14-17:10:27.268451,3,4,2,,,3,144814,
vcomp_run1,vcomp,2026/04/14-17:10:27.268501,1,2,3,,,2,98348,
vcomp_run1,vcomp,2026/04/14-17:10:27.268518,1,2,4,,,4,242540,
vcomp_run1,vcomp,2026/04/14-17:10:27.268530,1,2,4,,,4,265576,
vcomp_run1,vcomp,2026/04/14-17:10:27.268543,3,4,3,,,3,152310,
vcomp_run1,vcomp,2026/04/14-17:10:27.268555,3,4,2,,,2,121824,
vcomp_run1,vcomp,2026/04/14-17:10:27.268727,3,4,2,,,2,106630,
vcomp_run1,vcomp,2026/04/14-17:10:27.268818,3,4,4,,,4,237532,
vcomp_run1,vcomp,2026/04/14-17:10:27.269714,1,2,7,,,7,446464,
vcomp_run1,vcomp,2026/04/14-17:10:27.270881,1,2,6,,,7,379016,
vcomp_run1,vcomp,2026/04/14-17:10:27.272418,2,3,6,,,5,382997,
vcomp_run1,vcomp,2026/04/14-17:10:27.274113,2,3,6,,,6,493663,
vcomp_run1,vcomp,2026/04/14-17:10:27.274130,2,3,5,,,4,398725,
vcomp_run1,vcomp,2026/04/14-17:10:27.274148,0,1,7,,,8,473250,
vcomp_run1,vcomp,2026/04/14-17:10:27.274160,2,3,7,,,6,356570,
vcomp_run1,vcomp,2026/04/14-17:10:27.274466,2,3,7,,,7,390807,
vcomp_run1,vcomp,2026/04/14-17:10:27.275851,1,2,2,,,2,106200,
vcomp_run1,vcomp,2026/04/14-17:10:27.277524,1,2,5,,,4,208484,
vcomp_run1,vcomp,2026/04/14-17:10:27.277535,1,2,6,,,5,316405,
vcomp_run1,vcomp,2026/04/14-17:10:27.277549,3,4,3,,,3,143685,
vcomp_run1,vcomp,2026/04/14-17:10:27.277563,3,4,2,,,2,112950,
vcomp_run1,vcomp,2026/04/14-17:10:27.277574,3,4,2,,,2,112958,
vcomp_run1,vcomp,2026/04/14-17:10:27.277592,1,2,11,,,11,702075,
vcomp_run1,vcomp,2026/04/14-17:10:27.277690,3,4,4,,,4,259903,
vcomp_run1,vcomp,2026/04/14-17:10:27.279479,2,3,5,,,5,409059,
vcomp_run1,vcomp,2026/04/14-17:10:27.280827,2,3,3,,,3,228812,
vcomp_run1,vcomp,2026/04/14-17:10:27.282798,2,3,6,,,5,417821,
vcomp_run1,vcomp,2026/04/14-17:10:27.283998,0,1,12,,,12,780572,
vcomp_run1,vcomp,2026/04/14-17:10:27.285123,3,4,2,,,3,152480,
vcomp_run1,vcomp,2026/04/14-17:10:27.285399,3,4,2,,,2,115758,
vcomp_run1,vcomp,2026/04/14-17:10:27.287061,1,2,4,,,4,253723,
vcomp_run1,vcomp,2026/04/14-17:10:27.287073,1,2,4,,,4,229704,
vcomp_run1,vcomp,2026/04/14-17:10:27.287086,1,2,6,,,6,350332,
vcomp_run1,vcomp,2026/04/14-17:10:27.287099,1,2,5,,,5,322832,
vcomp_run1,vcomp,2026/04/14-17:10:27.287112,1,2,6,,,6,330916,
vcomp_run1,vcomp,2026/04/14-17:10:27.287123,1,2,6,,,6,406263,
vcomp_run1,vcomp,2026/04/14-17:10:27.287201,1,2,7,,,6,388048,
vcomp_run1,vcomp,2026/04/14-17:10:27.288758,1,2,3,,,3,132603,
vcomp_run1,vcomp,2026/04/14-17:10:27.291281,2,3,5,,,5,387371,
vcomp_run1,vcomp,2026/04/14-17:10:27.292887,2,3,6,,,5,458095,
vcomp_run1,vcomp,2026/04/14-17:10:27.292901,2,3,4,,,4,388787,
vcomp_run1,vcomp,2026/04/14-17:10:27.292916,2,3,7,,,7,462258,
vcomp_run1,vcomp,2026/04/14-17:10:27.292928,1,2,3,,,3,180365,
vcomp_run1,vcomp,2026/04/14-17:10:27.292946,2,3,8,,,7,427574,
vcomp_run1,vcomp,2026/04/14-17:10:27.292960,2,3,9,,,9,527675,
vcomp_run1,vcomp,2026/04/14-17:10:27.293070,2,3,7,,,6,434470,
vcomp_run1,vcomp,2026/04/14-17:10:27.294895,2,3,4,,,4,279746,
vcomp_run1,vcomp,2026/04/14-17:10:27.296127,3,4,3,,,3,155158,
vcomp_run1,vcomp,2026/04/14-17:10:27.297314,3,4,2,,,2,128283,
vcomp_run1,vcomp,2026/04/14-17:10:27.299469,2,3,7,,,8,455567,
vcomp_run1,vcomp,2026/04/14-17:10:27.300759,0,1,11,,,11,748025,
vcomp_run1,vcomp,2026/04/14-17:10:27.302017,3,4,4,,,4,226294,
vcomp_run1,vcomp,2026/04/14-17:10:27.302028,3,4,3,,,3,158700,
vcomp_run1,vcomp,2026/04/14-17:10:27.302041,3,4,2,,,2,111735,
vcomp_run1,vcomp,2026/04/14-17:10:27.302554,3,4,2,,,2,112088,
vcomp_run1,vcomp,2026/04/14-17:10:27.303675,1,2,3,,,4,228980,
vcomp_run1,vcomp,2026/04/14-17:10:27.303686,1,2,4,,,5,256787,
vcomp_run1,vcomp,2026/04/14-17:10:27.303697,1,2,4,,,5,267016,
vcomp_run1,vcomp,2026/04/14-17:10:27.303717,1,2,7,,,7,436724,
vcomp_run1,vcomp,2026/04/14-17:10:27.303818,1,2,9,,,8,441993,
vcomp_run1,vcomp,2026/04/14-17:10:27.306292,1,2,6,,,6,351595,
vcomp_run1,vcomp,2026/04/14-17:10:27.307570,1,2,6,,,5,337322,
vcomp_run1,vcomp,2026/04/14-17:10:27.308798,2,3,2,,,2,159786,
vcomp_run1,vcomp,2026/04/14-17:10:27.308812,2,3,3,,,4,202819,
vcomp_run1,vcomp,2026/04/14-17:10:27.309092,2,3,4,,,4,317924,
vcomp_run1,vcomp,2026/04/14-17:10:27.310828,2,3,2,,,1,67122,
vcomp_run1,vcomp,2026/04/14-17:10:27.310845,2,3,7,,,6,430628,
vcomp_run1,vcomp,2026/04/14-17:10:27.310859,2,3,7,,,6,355159,
vcomp_run1,vcomp,2026/04/14-17:10:27.310879,2,3,5,,,6,410442,
vcomp_run1,vcomp,2026/04/14-17:10:27.310900,2,3,6,,,5,435529,
vcomp_run1,vcomp,2026/04/14-17:10:27.310918,2,3,8,,,8,430020,
vcomp_run1,vcomp,2026/04/14-17:10:27.311009,0,1,8,,,10,514515,
vcomp_run1,vcomp,2026/04/14-17:10:27.313297,1,2,3,,,3,150130,
vcomp_run1,vcomp,2026/04/14-17:10:27.315185,3,4,2,,,2,107816,
vcomp_run1,vcomp,2026/04/14-17:10:27.315205,3,4,2,,,2,113055,
vcomp_run1,vcomp,2026/04/14-17:10:27.315215,3,4,2,,,2,113598,
vcomp_run1,vcomp,2026/04/14-17:10:27.315231,3,4,2,,,2,113474,
vcomp_run1,vcomp,2026/04/14-17:10:27.315242,3,4,2,,,2,113434,
vcomp_run1,vcomp,2026/04/14-17:10:27.315261,1,2,9,,,9,553166,
vcomp_run1,vcomp,2026/04/14-17:10:27.315275,3,4,2,,,3,161046,
vcomp_run1,vcomp,2026/04/14-17:10:27.315294,1,2,11,,,9,576500,
vcomp_run1,vcomp,2026/04/14-17:10:27.315299,1,2,4,,,4,218778,
vcomp_run1,vcomp,2026/04/14-17:10:27.315310,1,2,5,,,5,305835,
vcomp_run1,vcomp,2026/04/14-17:10:27.315742,3,4,2,,,2,108450,
vcomp_run1,vcomp,2026/04/14-17:10:27.317115,2,3,8,,,8,412180,
vcomp_run1,vcomp,2026/04/14-17:10:27.318491,2,3,6,,,5,368734,
vcomp_run1,vcomp,2026/04/14-17:10:27.318505,2,3,8,,,9,450190,
vcomp_run1,vcomp,2026/04/14-17:10:27.318522,2,3,6,,,5,380787,
vcomp_run1,vcomp,2026/04/14-17:10:27.318612,0,1,8,,,8,504953,
vcomp_run1,vcomp,2026/04/14-17:10:27.321121,1,2,5,,,5,270127,
vcomp_run1,vcomp,2026/04/14-17:10:27.322665,1,2,5,,,5,317095,
vcomp_run1,vcomp,2026/04/14-17:10:27.322682,1,2,5,,,6,346440,
vcomp_run1,vcomp,2026/04/14-17:10:27.322693,3,4,2,,,2,110772,
vcomp_run1,vcomp,2026/04/14-17:10:27.322708,3,4,5,,,5,296090,
vcomp_run1,vcomp,2026/04/14-17:10:27.322814,1,2,7,,,7,445014,
vcomp_run1,vcomp,2026/04/14-17:10:27.324482,2,3,7,,,6,432927,
vcomp_run1,vcomp,2026/04/14-17:10:27.325976,2,3,5,,,5,468105,
vcomp_run1,vcomp,2026/04/14-17:10:27.325996,2,3,6,,,5,537302,
vcomp_run1,vcomp,2026/04/14-17:10:27.326012,0,1,8,,,8,521218,
vcomp_run1,vcomp,2026/04/14-17:10:27.326280,2,3,9,,,8,489313,
vcomp_run1,vcomp,2026/04/14-17:10:27.328358,1,2,4,,,4,239947,
vcomp_run1,vcomp,2026/04/14-17:10:27.330400,1,2,9,,,8,467309,
vcomp_run1,vcomp,2026/04/14-17:10:27.330404,1,2,5,,,6,313096,
vcomp_run1,vcomp,2026/04/14-17:10:27.330420,3,4,2,,,2,110860,
vcomp_run1,vcomp,2026/04/14-17:10:27.330433,3,4,2,,,2,110709,
vcomp_run1,vcomp,2026/04/14-17:10:27.330445,3,4,3,,,3,154650,
vcomp_run1,vcomp,2026/04/14-17:10:27.330461,1,2,6,,,6,381086,
vcomp_run1,vcomp,2026/04/14-17:10:27.330712,1,2,6,,,6,387790,
vcomp_run1,vcomp,2026/04/14-17:10:27.330828,3,4,2,,,2,118565,
vcomp_run1,vcomp,2026/04/14-17:10:27.331635,2,3,2,,,2,169247,
vcomp_run1,vcomp,2026/04/14-17:10:27.333296,2,3,7,,,7,509886,
vcomp_run1,vcomp,2026/04/14-17:10:27.333306,2,3,4,,,5,407607,
vcomp_run1,vcomp,2026/04/14-17:10:27.333318,2,3,6,,,5,388608,
vcomp_run1,vcomp,2026/04/14-17:10:27.333331,2,3,6,,,5,339459,
vcomp_run1,vcomp,2026/04/14-17:10:27.333417,0,1,7,,,8,475381,
vcomp_run1,vcomp,2026/04/14-17:10:27.336157,1,2,5,,,5,289698,
vcomp_run1,vcomp,2026/04/14-17:10:27.337744,1,2,4,,,4,239615,
vcomp_run1,vcomp,2026/04/14-17:10:27.337756,1,2,5,,,5,316719,
vcomp_run1,vcomp,2026/04/14-17:10:27.337770,3,4,3,,,3,164483,
vcomp_run1,vcomp,2026/04/14-17:10:27.337788,1,2,10,,,9,542962,
vcomp_run1,vcomp,2026/04/14-17:10:27.337801,3,4,3,,,3,163692,
vcomp_run1,vcomp,2026/04/14-17:10:27.337908,3,4,2,,,4,218412,
vcomp_run1,vcomp,2026/04/14-17:10:27.339537,2,3,4,,,3,255762,
vcomp_run1,vcomp,2026/04/14-17:10:27.341039,2,3,6,,,6,422969,
vcomp_run1,vcomp,2026/04/14-17:10:27.343190,2,3,6,,,5,425365,
vcomp_run1,vcomp,2026/04/14-17:10:27.344308,2,3,6,,,7,414866,
vcomp_run1,vcomp,2026/04/14-17:10:27.345655,0,1,12,,,12,738458,
vcomp_run1,vcomp,2026/04/14-17:10:27.346937,3,4,2,,,2,126828,
vcomp_run1,vcomp,2026/04/14-17:10:27.346951,3,4,3,,,3,150197,
vcomp_run1,vcomp,2026/04/14-17:10:27.347241,3,4,2,,,2,107248,
vcomp_run1,vcomp,2026/04/14-17:10:27.348814,1,2,3,,,3,172427,
vcomp_run1,vcomp,2026/04/14-17:10:27.348831,1,2,4,,,4,251169,
vcomp_run1,vcomp,2026/04/14-17:10:27.348844,1,2,6,,,6,357592,
vcomp_run1,vcomp,2026/04/14-17:10:27.348862,1,2,6,,,6,336481,
vcomp_run1,vcomp,2026/04/14-17:10:27.348880,1,2,5,,,6,332387,
vcomp_run1,vcomp,2026/04/14-17:10:27.348966,1,2,3,,,3,166352,
vcomp_run1,vcomp,2026/04/14-17:10:27.351240,1,2,4,,,4,226056,
vcomp_run1,vcomp,2026/04/14-17:10:27.352367,1,2,4,,,4,225842,
vcomp_run1,vcomp,2026/04/14-17:10:27.352684,1,2,5,,,5,264700,
vcomp_run1,vcomp,2026/04/14-17:10:27.353970,2,3,6,,,6,404997,
vcomp_run1,vcomp,2026/04/14-17:10:27.355828,2,3,2,,,2,85809,
vcomp_run1,vcomp,2026/04/14-17:10:27.355838,2,3,3,,,3,291399,
vcomp_run1,vcomp,2026/04/14-17:10:27.355851,2,3,7,,,6,416641,
vcomp_run1,vcomp,2026/04/14-17:10:27.355866,2,3,5,,,5,413436,
vcomp_run1,vcomp,2026/04/14-17:10:27.355881,2,3,8,,,7,492545,
vcomp_run1,vcomp,2026/04/14-17:10:27.355900,2,3,8,,,8,446013,
vcomp_run1,vcomp,2026/04/14-17:10:27.355920,0,1,7,,,8,468320,
vcomp_run1,vcomp,2026/04/14-17:10:27.355938,2,3,7,,,7,526561,
vcomp_run1,vcomp,2026/04/14-17:10:27.356025,2,3,8,,,8,616331,
vcomp_run1,vcomp,2026/04/14-17:10:27.358511,1,2,6,,,6,382864,
vcomp_run1,vcomp,2026/04/14-17:10:27.360248,1,2,7,,,7,388064,
vcomp_run1,vcomp,2026/04/14-17:10:27.360263,1,2,4,,,5,258225,
vcomp_run1,vcomp,2026/04/14-17:10:27.360274,1,2,6,,,6,379056,
vcomp_run1,vcomp,2026/04/14-17:10:27.360288,3,4,2,,,3,151364,
vcomp_run1,vcomp,2026/04/14-17:10:27.360299,3,4,2,,,2,122166,
vcomp_run1,vcomp,2026/04/14-17:10:27.360312,3,4,3,,,4,258304,
vcomp_run1,vcomp,2026/04/14-17:10:27.360326,3,4,2,,,2,115070,
vcomp_run1,vcomp,2026/04/14-17:10:27.360338,3,4,3,,,3,152962,
vcomp_run1,vcomp,2026/04/14-17:10:27.360437,3,4,2,,,2,111609,
vcomp_run1,vcomp,2026/04/14-17:10:27.362338,2,3,6,,,6,389931,
vcomp_run1,vcomp,2026/04/14-17:10:27.363883,2,3,6,,,4,391395,
vcomp_run1,vcomp,2026/04/14-17:10:27.366199,2,3,6,,,7,462348,
vcomp_run1,vcomp,2026/04/14-17:10:27.367809,0,1,12,,,12,738118,
vcomp_run1,vcomp,2026/04/14-17:10:27.367813,2,3,7,,,6,531534,
vcomp_run1,vcomp,2026/04/14-17:10:27.369158,1,2,2,,,2,127358,
vcomp_run1,vcomp,2026/04/14-17:10:27.370886,1,2,5,,,6,326107,
vcomp_run1,vcomp,2026/04/14-17:10:27.370901,1,2,3,,,2,104623,
vcomp_run1,vcomp,2026/04/14-17:10:27.370914,1,2,6,,,5,322520,
vcomp_run1,vcomp,2026/04/14-17:10:27.370931,3,4,2,,,2,108085,
vcomp_run1,vcomp,2026/04/14-17:10:27.370941,3,4,2,,,2,111712,
vcomp_run1,vcomp,2026/04/14-17:10:27.370951,3,4,3,,,3,190392,
vcomp_run1,vcomp,2026/04/14-17:10:27.370974,1,2,8,,,8,457458,
vcomp_run1,vcomp,2026/04/14-17:10:27.371059,1,2,4,,,4,263664,
vcomp_run1,vcomp,2026/04/14-17:10:27.373461,1,2,3,,,3,195182,
vcomp_run1,vcomp,2026/04/14-17:10:27.374662,1,2,6,,,5,293598,
vcomp_run1,vcomp,2026/04/14-17:10:27.374939,1,2,7,,,7,416587,
vcomp_run1,vcomp,2026/04/14-17:10:27.376253,2,3,2,,,1,109376,
vcomp_run1,vcomp,2026/04/14-17:10:27.378124,2,3,3,,,3,313968,
vcomp_run1,vcomp,2026/04/14-17:10:27.378138,2,3,6,,,6,480488,
vcomp_run1,vcomp,2026/04/14-17:10:27.378153,2,3,7,,,6,462395,
vcomp_run1,vcomp,2026/04/14-17:10:27.378169,2,3,9,,,7,441472,
vcomp_run1,vcomp,2026/04/14-17:10:27.378185,2,3,7,,,6,455725,
vcomp_run1,vcomp,2026/04/14-17:10:27.378201,2,3,6,,,6,548188,
vcomp_run1,vcomp,2026/04/14-17:10:27.378220,0,1,7,,,7,454024,
vcomp_run1,vcomp,2026/04/14-17:10:27.378307,2,3,6,,,8,382542,
vcomp_run1,vcomp,2026/04/14-17:10:27.380691,1,2,4,,,4,256988,
vcomp_run1,vcomp,2026/04/14-17:10:27.382429,1,2,6,,,6,336999,
vcomp_run1,vcomp,2026/04/14-17:10:27.382440,3,4,3,,,3,150559,
vcomp_run1,vcomp,2026/04/14-17:10:27.382455,3,4,2,,,2,122270,
vcomp_run1,vcomp,2026/04/14-17:10:27.382467,3,4,2,,,3,171084,
vcomp_run1,vcomp,2026/04/14-17:10:27.382483,3,4,2,,,2,108484,
vcomp_run1,vcomp,2026/04/14-17:10:27.382500,1,2,7,,,7,418763,
vcomp_run1,vcomp,2026/04/14-17:10:27.382513,3,4,3,,,3,168223,
vcomp_run1,vcomp,2026/04/14-17:10:27.382615,3,4,4,,,4,228683,
vcomp_run1,vcomp,2026/04/14-17:10:27.384311,2,3,5,,,5,284974,
vcomp_run1,vcomp,2026/04/14-17:10:27.385967,2,3,6,,,8,400077,
vcomp_run1,vcomp,2026/04/14-17:10:27.388159,2,3,7,,,7,496232,
vcomp_run1,vcomp,2026/04/14-17:10:27.389783,0,1,12,,,13,780678,
vcomp_run1,vcomp,2026/04/14-17:10:27.391099,3,4,3,,,2,93314,
vcomp_run1,vcomp,2026/04/14-17:10:27.391128,3,4,2,,,4,224399,
vcomp_run1,vcomp,2026/04/14-17:10:27.391680,3,4,2,,,2,107112,
vcomp_run1,vcomp,2026/04/14-17:10:27.392837,1,2,3,,,3,183628,
vcomp_run1,vcomp,2026/04/14-17:10:27.392847,1,2,4,,,4,188238,
vcomp_run1,vcomp,2026/04/14-17:10:27.392863,1,2,6,,,7,399499,
vcomp_run1,vcomp,2026/04/14-17:10:27.392879,1,2,6,,,6,374554,
vcomp_run1,vcomp,2026/04/14-17:10:27.392896,1,2,6,,,6,370070,
vcomp_run1,vcomp,2026/04/14-17:10:27.392971,1,2,6,,,7,390600,
vcomp_run1,vcomp,2026/04/14-17:10:27.395392,1,2,4,,,4,238197,
vcomp_run1,vcomp,2026/04/14-17:10:27.396845,1,2,5,,,5,272191,
vcomp_run1,vcomp,2026/04/14-17:10:27.397183,1,2,5,,,4,299402,
vcomp_run1,vcomp,2026/04/14-17:10:27.400067,2,3,5,,,5,396381,
vcomp_run1,vcomp,2026/04/14-17:10:27.400085,2,3,6,,,7,406445,
vcomp_run1,vcomp,2026/04/14-17:10:27.400101,2,3,5,,,4,362051,
vcomp_run1,vcomp,2026/04/14-17:10:27.400114,2,3,8,,,8,508858,
vcomp_run1,vcomp,2026/04/14-17:10:27.400130,2,3,6,,,6,377537,
vcomp_run1,vcomp,2026/04/14-17:10:27.400148,2,3,7,,,7,413349,
vcomp_run1,vcomp,2026/04/14-17:10:27.400163,2,3,7,,,6,504877,
vcomp_run1,vcomp,2026/04/14-17:10:27.400181,2,3,7,,,6,534946,
vcomp_run1,vcomp,2026/04/14-17:10:27.400408,2,3,6,,,5,507510,
vcomp_run1,vcomp,2026/04/14-17:10:27.401434,0,1,8,,,8,484708,
vcomp_run1,vcomp,2026/04/14-17:10:27.403848,1,2,4,,,4,247054,
vcomp_run1,vcomp,2026/04/14-17:10:27.405528,1,2,6,,,6,342040,
vcomp_run1,vcomp,2026/04/14-17:10:27.405541,1,2,8,,,7,483306,
vcomp_run1,vcomp,2026/04/14-17:10:27.405553,1,2,4,,,3,179301,
vcomp_run1,vcomp,2026/04/14-17:10:27.405565,3,4,2,,,2,121644,
vcomp_run1,vcomp,2026/04/14-17:10:27.405577,3,4,2,,,2,99972,
vcomp_run1,vcomp,2026/04/14-17:10:27.405593,3,4,3,,,4,197148,
vcomp_run1,vcomp,2026/04/14-17:10:27.405608,3,4,3,,,3,186428,
vcomp_run1,vcomp,2026/04/14-17:10:27.405704,3,4,2,,,4,207878,
vcomp_run1,vcomp,2026/04/14-17:10:27.407384,2,3,4,,,4,347222,
vcomp_run1,vcomp,2026/04/14-17:10:27.408830,2,3,7,,,6,356253,
vcomp_run1,vcomp,2026/04/14-17:10:27.411037,2,3,7,,,8,588947,
vcomp_run1,vcomp,2026/04/14-17:10:27.413617,0,1,12,,,14,783788,
vcomp_run1,vcomp,2026/04/14-17:10:27.413629,3,4,3,,,4,246419,
vcomp_run1,vcomp,2026/04/14-17:10:27.413723,3,4,2,,,2,109804,
vcomp_run1,vcomp,2026/04/14-17:10:27.415703,1,2,4,,,3,198218,
vcomp_run1,vcomp,2026/04/14-17:10:27.416831,1,2,3,,,3,183275,
vcomp_run1,vcomp,2026/04/14-17:10:27.416844,1,2,4,,,4,247735,
vcomp_run1,vcomp,2026/04/14-17:10:27.416856,1,2,4,,,4,234066,
vcomp_run1,vcomp,2026/04/14-17:10:27.416869,1,2,5,,,6,334632,
vcomp_run1,vcomp,2026/04/14-17:10:27.416883,1,2,5,,,6,316905,
vcomp_run1,vcomp,2026/04/14-17:10:27.416967,1,2,6,,,6,345861,
vcomp_run1,vcomp,2026/04/14-17:10:27.418253,1,2,4,,,4,192014,
vcomp_run1,vcomp,2026/04/14-17:10:27.419659,1,2,4,,,4,220027,
vcomp_run1,vcomp,2026/04/14-17:10:27.421115,1,2,5,,,5,327164,
vcomp_run1,vcomp,2026/04/14-17:10:27.422505,2,3,2,,,2,81943,
vcomp_run1,vcomp,2026/04/14-17:10:27.422518,2,3,7,,,6,370787,
vcomp_run1,vcomp,2026/04/14-17:10:27.422537,2,3,5,,,4,280910,
vcomp_run1,vcomp,2026/04/14-17:10:27.422843,2,3,5,,,6,436554,
vcomp_run1,vcomp,2026/04/14-17:10:27.424539,2,3,6,,,7,427717,
vcomp_run1,vcomp,2026/04/14-17:10:27.424555,2,3,6,,,6,401444,
vcomp_run1,vcomp,2026/04/14-17:10:27.424572,2,3,6,,,7,498155,
vcomp_run1,vcomp,2026/04/14-17:10:27.424587,2,3,5,,,6,416200,
vcomp_run1,vcomp,2026/04/14-17:10:27.424602,2,3,8,,,8,391083,
vcomp_run1,vcomp,2026/04/14-17:10:27.424701,0,1,8,,,8,495574,
vcomp_run1,vcomp,2026/04/14-17:10:27.426550,1,2,4,,,4,237880,
vcomp_run1,vcomp,2026/04/14-17:10:27.429127,1,2,6,,,7,391625,
vcomp_run1,vcomp,2026/04/14-17:10:27.430879,1,2,6,,,6,377243,
vcomp_run1,vcomp,2026/04/14-17:10:27.430897,3,4,3,,,4,217917,
vcomp_run1,vcomp,2026/04/14-17:10:27.430907,3,4,2,,,2,117777,
vcomp_run1,vcomp,2026/04/14-17:10:27.430923,3,4,4,,,5,290027,
vcomp_run1,vcomp,2026/04/14-17:10:27.430934,3,4,2,,,2,106100,
vcomp_run1,vcomp,2026/04/14-17:10:27.430951,3,4,4,,,4,244482,
vcomp_run1,vcomp,2026/04/14-17:10:27.431057,1,2,10,,,9,539845,
vcomp_run1,vcomp,2026/04/14-17:10:27.432848,2,3,4,,,4,314852,
vcomp_run1,vcomp,2026/04/14-17:10:27.434509,2,3,7,,,8,408159,
vcomp_run1,vcomp,2026/04/14-17:10:27.436708,2,3,5,,,5,394548,
vcomp_run1,vcomp,2026/04/14-17:10:27.437998,2,3,8,,,8,389534,
vcomp_run1,vcomp,2026/04/14-17:10:27.439268,0,1,12,,,13,768280,
vcomp_run1,vcomp,2026/04/14-17:10:27.440540,3,4,3,,,4,215533,
vcomp_run1,vcomp,2026/04/14-17:10:27.440545,3,4,2,,,2,121058,
vcomp_run1,vcomp,2026/04/14-17:10:27.441199,3,4,2,,,2,105362,
vcomp_run1,vcomp,2026/04/14-17:10:27.442340,1,2,3,,,4,195749,
vcomp_run1,vcomp,2026/04/14-17:10:27.442354,1,2,4,,,3,198785,
vcomp_run1,vcomp,2026/04/14-17:10:27.442367,1,2,4,,,3,166061,
vcomp_run1,vcomp,2026/04/14-17:10:27.442380,1,2,3,,,3,173454,
vcomp_run1,vcomp,2026/04/14-17:10:27.442391,1,2,4,,,4,264255,
vcomp_run1,vcomp,2026/04/14-17:10:27.442405,1,2,4,,,4,282040,
vcomp_run1,vcomp,2026/04/14-17:10:27.442581,1,2,7,,,7,393783,
vcomp_run1,vcomp,2026/04/14-17:10:27.442696,1,2,6,,,5,331499,
vcomp_run1,vcomp,2026/04/14-17:10:27.444702,2,3,4,,,4,300082,
vcomp_run1,vcomp,2026/04/14-17:10:27.445950,2,3,4,,,4,222373,
vcomp_run1,vcomp,2026/04/14-17:10:27.446537,1,2,7,,,7,415826,
vcomp_run1,vcomp,2026/04/14-17:10:27.447642,2,3,4,,,4,223550,
vcomp_run1,vcomp,2026/04/14-17:10:27.449451,2,3,6,,,6,364636,
vcomp_run1,vcomp,2026/04/14-17:10:27.449464,2,3,7,,,7,418381,
vcomp_run1,vcomp,2026/04/14-17:10:27.449475,2,3,5,,,5,361233,
vcomp_run1,vcomp,2026/04/14-17:10:27.449491,2,3,6,,,6,416652,
vcomp_run1,vcomp,2026/04/14-17:10:27.449502,2,3,6,,,6,453737,
vcomp_run1,vcomp,2026/04/14-17:10:27.449519,2,3,8,,,8,619408,
vcomp_run1,vcomp,2026/04/14-17:10:27.449615,0,1,8,,,8,494694,
vcomp_run1,vcomp,2026/04/14-17:10:27.451962,1,2,3,,,3,194377,
vcomp_run1,vcomp,2026/04/14-17:10:27.453803,3,4,2,,,2,88537,
vcomp_run1,vcomp,2026/04/14-17:10:27.453815,3,4,2,,,2,118548,
vcomp_run1,vcomp,2026/04/14-17:10:27.453827,3,4,3,,,4,225044,
vcomp_run1,vcomp,2026/04/14-17:10:27.453840,1,2,5,,,5,334348,
vcomp_run1,vcomp,2026/04/14-17:10:27.453852,3,4,2,,,2,97696,
vcomp_run1,vcomp,2026/04/14-17:10:27.453867,3,4,2,,,2,112341,
vcomp_run1,vcomp,2026/04/14-17:10:27.453882,1,2,10,,,9,537265,
vcomp_run1,vcomp,2026/04/14-17:10:27.453897,3,4,4,,,4,231705,
vcomp_run1,vcomp,2026/04/14-17:10:27.454399,1,2,6,,,6,367213,
vcomp_run1,vcomp,2026/04/14-17:10:27.455631,2,3,6,,,5,356625,
vcomp_run1,vcomp,2026/04/14-17:10:27.456936,1,2,6,,,6,355656,
vcomp_run1,vcomp,2026/04/14-17:10:27.457034,2,3,6,,,6,467667,
vcomp_run1,vcomp,2026/04/14-17:10:27.459437,2,3,8,,,7,389326,
vcomp_run1,vcomp,2026/04/14-17:10:27.460913,2,3,7,,,6,447250,
vcomp_run1,vcomp,2026/04/14-17:10:27.460934,2,3,10,,,8,543757,
vcomp_run1,vcomp,2026/04/14-17:10:27.461034,0,1,11,,,12,733987,
vcomp_run1,vcomp,2026/04/14-17:10:27.462442,1,2,4,,,4,204262,
vcomp_run1,vcomp,2026/04/14-17:10:27.464197,1,2,3,,,3,163886,
vcomp_run1,vcomp,2026/04/14-17:10:27.464210,1,2,4,,,4,261841,
vcomp_run1,vcomp,2026/04/14-17:10:27.464226,1,2,4,,,5,266760,
vcomp_run1,vcomp,2026/04/14-17:10:27.464241,1,2,4,,,4,276435,
vcomp_run1,vcomp,2026/04/14-17:10:27.464257,3,4,2,,,2,121660,
vcomp_run1,vcomp,2026/04/14-17:10:27.464272,3,4,4,,,4,261675,
vcomp_run1,vcomp,2026/04/14-17:10:27.464291,1,2,8,,,8,475509,
vcomp_run1,vcomp,2026/04/14-17:10:27.464533,3,4,2,,,2,121871,
vcomp_run1,vcomp,2026/04/14-17:10:27.465512,1,2,5,,,5,324598,
vcomp_run1,vcomp,2026/04/14-17:10:27.467888,2,3,4,,,4,409107,
vcomp_run1,vcomp,2026/04/14-17:10:27.469327,1,2,5,,,5,337555,
vcomp_run1,vcomp,2026/04/14-17:10:27.469775,2,3,8,,,8,442065,
vcomp_run1,vcomp,2026/04/14-17:10:27.471094,2,3,7,,,6,385291,
vcomp_run1,vcomp,2026/04/14-17:10:27.472844,2,3,5,,,6,447240,
vcomp_run1,vcomp,2026/04/14-17:10:27.472859,2,3,6,,,5,410001,
vcomp_run1,vcomp,2026/04/14-17:10:27.472874,2,3,9,,,8,452533,
vcomp_run1,vcomp,2026/04/14-17:10:27.472890,0,1,8,,,8,486719,
vcomp_run1,vcomp,2026/04/14-17:10:27.472915,2,3,6,,,6,460114,
vcomp_run1,vcomp,2026/04/14-17:10:27.473022,2,3,9,,,8,513403,
vcomp_run1,vcomp,2026/04/14-17:10:27.475417,1,2,4,,,4,251160,
vcomp_run1,vcomp,2026/04/14-17:10:27.477217,3,4,2,,,2,107123,
vcomp_run1,vcomp,2026/04/14-17:10:27.477229,1,2,6,,,5,275629,
vcomp_run1,vcomp,2026/04/14-17:10:27.477247,3,4,3,,,4,219589,
vcomp_run1,vcomp,2026/04/14-17:10:27.477258,3,4,2,,,3,133629,
vcomp_run1,vcomp,2026/04/14-17:10:27.477274,1,2,5,,,5,346401,
vcomp_run1,vcomp,2026/04/14-17:10:27.477284,3,4,2,,,2,118448,
vcomp_run1,vcomp,2026/04/14-17:10:27.477298,3,4,2,,,2,106989,
vcomp_run1,vcomp,2026/04/14-17:10:27.477313,3,4,4,,,4,248559,
vcomp_run1,vcomp,2026/04/14-17:10:27.477444,1,2,10,,,9,605592,
vcomp_run1,vcomp,2026/04/14-17:10:27.479152,2,3,2,,,1,59218,
vcomp_run1,vcomp,2026/04/14-17:10:27.481170,2,3,9,,,8,602161,
vcomp_run1,vcomp,2026/04/14-17:10:27.483343,2,3,7,,,8,461676,
vcomp_run1,vcomp,2026/04/14-17:10:27.484617,2,3,7,,,5,454501,
vcomp_run1,vcomp,2026/04/14-17:10:27.486233,0,1,12,,,13,770482,
vcomp_run1,vcomp,2026/04/14-17:10:27.487454,3,4,3,,,3,189185,
vcomp_run1,vcomp,2026/04/14-17:10:27.487703,3,4,4,,,5,273767,
vcomp_run1,vcomp,2026/04/14-17:10:27.489393,1,2,3,,,3,173545,
vcomp_run1,vcomp,2026/04/14-17:10:27.489403,1,2,3,,,3,169322,
vcomp_run1,vcomp,2026/04/14-17:10:27.489418,1,2,4,,,5,268441,
vcomp_run1,vcomp,2026/04/14-17:10:27.489432,1,2,4,,,4,209783,
vcomp_run1,vcomp,2026/04/14-17:10:27.489446,1,2,3,,,3,196460,
vcomp_run1,vcomp,2026/04/14-17:10:27.489459,1,2,5,,,4,313441,
vcomp_run1,vcomp,2026/04/14-17:10:27.489478,1,2,4,,,5,284509,
vcomp_run1,vcomp,2026/04/14-17:10:27.489745,1,2,5,,,6,322662,
vcomp_run1,vcomp,2026/04/14-17:10:27.491812,1,2,5,,,5,286340,
vcomp_run1,vcomp,2026/04/14-17:10:27.493199,2,3,6,,,5,336419,
vcomp_run1,vcomp,2026/04/14-17:10:27.493211,2,3,5,,,4,347442,
vcomp_run1,vcomp,2026/04/14-17:10:27.493682,2,3,5,,,6,395011,
vcomp_run1,vcomp,2026/04/14-17:10:27.494881,2,3,6,,,5,414435,
vcomp_run1,vcomp,2026/04/14-17:10:27.494892,2,3,7,,,7,414100,
vcomp_run1,vcomp,2026/04/14-17:10:27.494912,2,3,7,,,7,664378,
vcomp_run1,vcomp,2026/04/14-17:10:27.494934,0,1,8,,,8,510164,
vcomp_run1,vcomp,2026/04/14-17:10:27.495034,2,3,6,,,5,474544,
vcomp_run1,vcomp,2026/04/14-17:10:27.496944,1,2,5,,,5,271397,
vcomp_run1,vcomp,2026/04/14-17:10:27.499208,1,2,6,,,7,403411,
vcomp_run1,vcomp,2026/04/14-17:10:27.500870,3,4,2,,,2,125490,
vcomp_run1,vcomp,2026/04/14-17:10:27.500889,3,4,3,,,4,222403,
vcomp_run1,vcomp,2026/04/14-17:10:27.500901,3,4,2,,,2,105881,
vcomp_run1,vcomp,2026/04/14-17:10:27.500917,3,4,2,,,2,113407,
vcomp_run1,vcomp,2026/04/14-17:10:27.500931,1,2,6,,,6,382826,
vcomp_run1,vcomp,2026/04/14-17:10:27.500948,3,4,3,,,3,187425,
vcomp_run1,vcomp,2026/04/14-17:10:27.501683,1,2,7,,,7,415822,
vcomp_run1,vcomp,2026/04/14-17:10:27.502603,2,3,4,,,3,155509,
vcomp_run1,vcomp,2026/04/14-17:10:27.504333,2,3,5,,,4,362353,
vcomp_run1,vcomp,2026/04/14-17:10:27.504353,2,3,6,,,5,401750,
vcomp_run1,vcomp,2026/04/14-17:10:27.504370,2,3,6,,,6,442781,
vcomp_run1,vcomp,2026/04/14-17:10:27.504385,0,1,8,,,9,508613,
vcomp_run1,vcomp,2026/04/14-17:10:27.504467,2,3,6,,,6,441383,
vcomp_run1,vcomp,2026/04/14-17:10:27.507025,1,2,4,,,4,252577,
vcomp_run1,vcomp,2026/04/14-17:10:27.508735,3,4,4,,,5,304792,
vcomp_run1,vcomp,2026/04/14-17:10:27.509014,1,2,5,,,6,340937,
vcomp_run1,vcomp,2026/04/14-17:10:27.509019,1,2,2,,,1,944,
vcomp_run1,vcomp,2026/04/14-17:10:27.509034,3,4,2,,,3,137874,
vcomp_run1,vcomp,2026/04/14-17:10:27.509046,3,4,3,,,4,224142,
vcomp_run1,vcomp,2026/04/14-17:10:27.509138,1,2,5,,,6,362989,
vcomp_run1,vcomp,2026/04/14-17:10:27.510099,1,2,8,,,8,507360,
vcomp_run1,vcomp,2026/04/14-17:10:27.511775,2,3,5,,,6,275410,
vcomp_run1,vcomp,2026/04/14-17:10:27.514179,2,3,4,,,3,280050,
vcomp_run1,vcomp,2026/04/14-17:10:27.515590,2,3,2,,,2,137541,
vcomp_run1,vcomp,2026/04/14-17:10:27.515605,2,3,6,,,6,346102,
vcomp_run1,vcomp,2026/04/14-17:10:27.515620,2,3,5,,,6,395227,
vcomp_run1,vcomp,2026/04/14-17:10:27.516984,0,1,12,,,13,779764,
vcomp_run1,vcomp,2026/04/14-17:10:27.518207,3,4,3,,,3,165505,
vcomp_run1,vcomp,2026/04/14-17:10:27.518479,3,4,4,,,4,253409,
vcomp_run1,vcomp,2026/04/14-17:10:27.520096,1,2,3,,,3,155930,
vcomp_run1,vcomp,2026/04/14-17:10:27.520112,1,2,4,,,4,244414,
vcomp_run1,vcomp,2026/04/14-17:10:27.520131,1,2,5,,,5,265241,
vcomp_run1,vcomp,2026/04/14-17:10:27.520145,1,2,4,,,4,247317,
vcomp_run1,vcomp,2026/04/14-17:10:27.520162,1,2,7,,,7,447609,
vcomp_run1,vcomp,2026/04/14-17:10:27.520254,1,2,7,,,7,443763,
vcomp_run1,vcomp,2026/04/14-17:10:27.522543,1,2,4,,,4,237839,
vcomp_run1,vcomp,2026/04/14-17:10:27.523876,1,2,6,,,5,322249,
vcomp_run1,vcomp,2026/04/14-17:10:27.523983,1,2,7,,,7,434381,
vcomp_run1,vcomp,2026/04/14-17:10:27.525411,2,3,3,,,3,198164,
vcomp_run1,vcomp,2026/04/14-17:10:27.527432,2,3,5,,,5,359733,
vcomp_run1,vcomp,2026/04/14-17:10:27.527446,2,3,4,,,4,315421,
vcomp_run1,vcomp,2026/04/14-17:10:27.527466,2,3,7,,,7,389587,
vcomp_run1,vcomp,2026/04/14-17:10:27.527480,2,3,6,,,6,346617,
vcomp_run1,vcomp,2026/04/14-17:10:27.527496,2,3,6,,,7,392328,
vcomp_run1,vcomp,2026/04/14-17:10:27.527510,2,3,5,,,5,429106,
vcomp_run1,vcomp,2026/04/14-17:10:27.527527,2,3,10,,,10,582921,
vcomp_run1,vcomp,2026/04/14-17:10:27.527543,0,1,8,,,7,465686,
vcomp_run1,vcomp,2026/04/14-17:10:27.527638,2,3,7,,,5,363006,
vcomp_run1,vcomp,2026/04/14-17:10:27.530164,1,2,4,,,5,297611,
vcomp_run1,vcomp,2026/04/14-17:10:27.532045,1,2,9,,,8,542007,
vcomp_run1,vcomp,2026/04/14-17:10:27.532060,3,4,2,,,2,112820,
vcomp_run1,vcomp,2026/04/14-17:10:27.532072,3,4,2,,,2,113004,
vcomp_run1,vcomp,2026/04/14-17:10:27.532089,3,4,2,,,2,85660,
vcomp_run1,vcomp,2026/04/14-17:10:27.532101,3,4,2,,,2,113044,
vcomp_run1,vcomp,2026/04/14-17:10:27.532112,3,4,2,,,2,112017,
vcomp_run1,vcomp,2026/04/14-17:10:27.532129,1,2,7,,,7,404556,
vcomp_run1,vcomp,2026/04/14-17:10:27.532143,3,4,2,,,2,107666,
vcomp_run1,vcomp,2026/04/14-17:10:27.532245,3,4,4,,,5,301056,
vcomp_run1,vcomp,2026/04/14-17:10:27.534082,2,3,4,,,3,241897,
vcomp_run1,vcomp,2026/04/14-17:10:27.535547,2,3,4,,,4,237960,
vcomp_run1,vcomp,2026/04/14-17:10:27.537789,2,3,8,,,7,445682,
vcomp_run1,vcomp,2026/04/14-17:10:27.539507,2,3,7,,,7,508690,
vcomp_run1,vcomp,2026/04/14-17:10:27.540656,0,1,12,,,14,758979,
vcomp_run1,vcomp,2026/04/14-17:10:27.542033,3,4,3,,,3,144178,
vcomp_run1,vcomp,2026/04/14-17:10:27.542630,3,4,3,,,3,187404,
vcomp_run1,vcomp,2026/04/14-17:10:27.542706,3,4,3,,,4,214166,
vcomp_run1,vcomp,2026/04/14-17:10:27.543883,1,2,3,,,3,176989,
vcomp_run1,vcomp,2026/04/14-17:10:27.543898,1,2,2,,,2,104871,
vcomp_run1,vcomp,2026/04/14-17:10:27.543913,1,2,4,,,4,243486,
vcomp_run1,vcomp,2026/04/14-17:10:27.543927,1,2,3,,,3,181300,
vcomp_run1,vcomp,2026/04/14-17:10:27.543943,1,2,4,,,4,246472,
vcomp_run1,vcomp,2026/04/14-17:10:27.543962,1,2,4,,,4,257492,
vcomp_run1,vcomp,2026/04/14-17:10:27.543976,1,2,6,,,6,366420,
vcomp_run1,vcomp,2026/04/14-17:10:27.544071,1,2,5,,,4,255822,
vcomp_run1,vcomp,2026/04/14-17:10:27.546405,1,2,4,,,4,241533,
vcomp_run1,vcomp,2026/04/14-17:10:27.547786,1,2,6,,,6,354631,
vcomp_run1,vcomp,2026/04/14-17:10:27.549164,2,3,5,,,4,346845,
vcomp_run1,vcomp,2026/04/14-17:10:27.549184,2,3,7,,,6,548676,
vcomp_run1,vcomp,2026/04/14-17:10:27.549459,2,3,6,,,7,428090,
vcomp_run1,vcomp,2026/04/14-17:10:27.551264,2,3,2,,,2,83818,
vcomp_run1,vcomp,2026/04/14-17:10:27.551281,2,3,8,,,7,400183,
vcomp_run1,vcomp,2026/04/14-17:10:27.551294,2,3,8,,,7,491465,
vcomp_run1,vcomp,2026/04/14-17:10:27.551312,2,3,8,,,8,443926,
vcomp_run1,vcomp,2026/04/14-17:10:27.551327,0,1,8,,,8,496152,
vcomp_run1,vcomp,2026/04/14-17:10:27.551345,2,3,9,,,9,502584,
vcomp_run1,vcomp,2026/04/14-17:10:27.551449,2,3,8,,,6,446290,
vcomp_run1,vcomp,2026/04/14-17:10:27.553930,1,2,5,,,6,328454,
vcomp_run1,vcomp,2026/04/14-17:10:27.555830,3,4,2,,,2,95886,
vcomp_run1,vcomp,2026/04/14-17:10:27.555845,3,4,3,,,3,162189,
vcomp_run1,vcomp,2026/04/14-17:10:27.555862,1,2,6,,,6,399596,
vcomp_run1,vcomp,2026/04/14-17:10:27.555876,1,2,7,,,7,410958,
vcomp_run1,vcomp,2026/04/14-17:10:27.555890,3,4,2,,,2,113393,
vcomp_run1,vcomp,2026/04/14-17:10:27.555905,3,4,2,,,2,95845,
vcomp_run1,vcomp,2026/04/14-17:10:27.555920,3,4,2,,,2,113060,
vcomp_run1,vcomp,2026/04/14-17:10:27.555938,3,4,3,,,4,204464,
vcomp_run1,vcomp,2026/04/14-17:10:27.555952,3,4,4,,,5,316529,
vcomp_run1,vcomp,2026/04/14-17:10:27.556082,1,2,9,,,9,548738,
vcomp_run1,vcomp,2026/04/14-17:10:27.557829,2,3,3,,,3,233014,
vcomp_run1,vcomp,2026/04/14-17:10:27.559337,2,3,5,,,5,337958,
vcomp_run1,vcomp,2026/04/14-17:10:27.561630,2,3,6,,,6,522637,
vcomp_run1,vcomp,2026/04/14-17:10:27.562816,2,3,7,,,8,415336,
vcomp_run1,vcomp,2026/04/14-17:10:27.564227,0,1,12,,,12,728699,
vcomp_run1,vcomp,2026/04/14-17:10:27.565557,3,4,4,,,4,248434,
vcomp_run1,vcomp,2026/04/14-17:10:27.565864,3,4,5,,,5,307873,
vcomp_run1,vcomp,2026/04/14-17:10:27.567625,1,2,2,,,2,126402,
vcomp_run1,vcomp,2026/04/14-17:10:27.567642,1,2,3,,,3,168590,
vcomp_run1,vcomp,2026/04/14-17:10:27.567657,1,2,3,,,3,193578,
vcomp_run1,vcomp,2026/04/14-17:10:27.567672,1,2,3,,,3,175157,
vcomp_run1,vcomp,2026/04/14-17:10:27.567685,1,2,4,,,4,262867,
vcomp_run1,vcomp,2026/04/14-17:10:27.567697,1,2,7,,,7,400282,
vcomp_run1,vcomp,2026/04/14-17:10:27.567984,1,2,5,,,4,250642,
vcomp_run1,vcomp,2026/04/14-17:10:27.570133,1,2,4,,,4,225914,
vcomp_run1,vcomp,2026/04/14-17:10:27.571647,2,3,4,,,4,297716,
vcomp_run1,vcomp,2026/04/14-17:10:27.571804,2,3,5,,,4,365283,
vcomp_run1,vcomp,2026/04/14-17:10:27.571827,2,3,5,,,5,400108,
vcomp_run1,vcomp,2026/04/14-17:10:27.572003,1,2,8,,,9,515820,
vcomp_run1,vcomp,2026/04/14-17:10:27.573497,2,3,6,,,6,333597,
vcomp_run1,vcomp,2026/04/14-17:10:27.575303,2,3,8,,,7,444913,
vcomp_run1,vcomp,2026/04/14-17:10:27.575316,2,3,9,,,8,546958,
vcomp_run1,vcomp,2026/04/14-17:10:27.575333,2,3,6,,,6,516921,
vcomp_run1,vcomp,2026/04/14-17:10:27.575351,2,3,7,,,6,569021,
vcomp_run1,vcomp,2026/04/14-17:10:27.575372,0,1,7,,,8,456280,
vcomp_run1,vcomp,2026/04/14-17:10:27.575483,2,3,9,,,9,670644,
vcomp_run1,vcomp,2026/04/14-17:10:27.577819,1,2,3,,,3,183667,
vcomp_run1,vcomp,2026/04/14-17:10:27.579672,1,2,4,,,4,230461,
vcomp_run1,vcomp,2026/04/14-17:10:27.579682,3,4,2,,,3,135244,
vcomp_run1,vcomp,2026/04/14-17:10:27.579696,1,2,6,,,6,360692,
vcomp_run1,vcomp,2026/04/14-17:10:27.579709,3,4,2,,,3,138202,
vcomp_run1,vcomp,2026/04/14-17:10:27.579725,3,4,3,,,4,208533,
vcomp_run1,vcomp,2026/04/14-17:10:27.579742,1,2,6,,,7,393562,
vcomp_run1,vcomp,2026/04/14-17:10:27.579756,3,4,4,,,5,269575,
vcomp_run1,vcomp,2026/04/14-17:10:27.579861,3,4,5,,,5,293887,
vcomp_run1,vcomp,2026/04/14-17:10:27.581564,2,3,4,,,3,282657,
vcomp_run1,vcomp,2026/04/14-17:10:27.583218,2,3,8,,,8,358436,
vcomp_run1,vcomp,2026/04/14-17:10:27.585615,2,3,6,,,6,421233,
vcomp_run1,vcomp,2026/04/14-17:10:27.587029,0,1,12,,,12,739893,
vcomp_run1,vcomp,2026/04/14-17:10:27.588243,3,4,3,,,3,189883,
vcomp_run1,vcomp,2026/04/14-17:10:27.589686,1,2,3,,,3,178169,
vcomp_run1,vcomp,2026/04/14-17:10:27.591045,1,2,4,,,5,245935,
vcomp_run1,vcomp,2026/04/14-17:10:27.593284,1,2,5,,,5,310160,
vcomp_run1,vcomp,2026/04/14-17:10:27.595049,1,2,5,,,4,271779,
vcomp_run1,vcomp,2026/04/14-17:10:27.595136,1,2,6,,,6,391207,
vcomp_run1,vcomp,2026/04/14-17:10:27.595151,1,2,3,,,2,103392,
vcomp_run1,vcomp,2026/04/14-17:10:27.595168,1,2,6,,,6,364421,
vcomp_run1,vcomp,2026/04/14-17:10:27.595839,1,2,7,,,6,377497,
vcomp_run1,vcomp,2026/04/14-17:10:27.596747,2,3,7,,,8,581277,
vcomp_run1,vcomp,2026/04/14-17:10:27.598341,2,3,5,,,5,318790,
vcomp_run1,vcomp,2026/04/14-17:10:27.598353,2,3,3,,,3,232166,
vcomp_run1,vcomp,2026/04/14-17:10:27.598366,2,3,5,,,6,388440,
vcomp_run1,vcomp,2026/04/14-17:10:27.598377,1,2,6,,,5,273427,
vcomp_run1,vcomp,2026/04/14-17:10:27.598389,2,3,6,,,6,326451,
vcomp_run1,vcomp,2026/04/14-17:10:27.598501,2,3,8,,,8,567957,
vcomp_run1,vcomp,2026/04/14-17:10:27.600824,2,3,7,,,4,382139,
vcomp_run1,vcomp,2026/04/14-17:10:27.602021,2,3,7,,,6,438037,
vcomp_run1,vcomp,2026/04/14-17:10:27.603688,0,1,11,,,11,740519,
vcomp_run1,vcomp,2026/04/14-17:10:27.603785,3,4,2,,,2,127480,
vcomp_run1,vcomp,2026/04/14-17:10:27.605197,3,4,3,,,4,241528,
vcomp_run1,vcomp,2026/04/14-17:10:27.605210,3,4,3,,,4,204244,
vcomp_run1,vcomp,2026/04/14-17:10:27.605226,3,4,3,,,3,178432,
vcomp_run1,vcomp,2026/04/14-17:10:27.605499,3,4,3,,,5,293251,
vcomp_run1,vcomp,2026/04/14-17:10:27.607096,1,2,4,,,5,254933,
vcomp_run1,vcomp,2026/04/14-17:10:27.607113,1,2,4,,,5,260667,
vcomp_run1,vcomp,2026/04/14-17:10:27.607130,1,2,5,,,5,294650,
vcomp_run1,vcomp,2026/04/14-17:10:27.607147,1,2,4,,,4,238542,
vcomp_run1,vcomp,2026/04/14-17:10:27.607163,1,2,6,,,7,393683,
vcomp_run1,vcomp,2026/04/14-17:10:27.607260,1,2,6,,,6,383352,
vcomp_run1,vcomp,2026/04/14-17:10:27.609670,1,2,6,,,6,370369,
vcomp_run1,vcomp,2026/04/14-17:10:27.610996,2,3,6,,,4,370416,
vcomp_run1,vcomp,2026/04/14-17:10:27.611283,2,3,7,,,8,441017,
vcomp_run1,vcomp,2026/04/14-17:10:27.613108,2,3,6,,,6,382433,
vcomp_run1,vcomp,2026/04/14-17:10:27.613125,2,3,6,,,6,420310,
vcomp_run1,vcomp,2026/04/14-17:10:27.613143,2,3,5,,,5,427457,
vcomp_run1,vcomp,2026/04/14-17:10:27.613159,2,3,8,,,8,471387,
vcomp_run1,vcomp,2026/04/14-17:10:27.613173,2,3,6,,,5,468742,
vcomp_run1,vcomp,2026/04/14-17:10:27.613189,2,3,8,,,9,516081,
vcomp_run1,vcomp,2026/04/14-17:10:27.613289,0,1,8,,,8,491020,
vcomp_run1,vcomp,2026/04/14-17:10:27.615335,1,2,7,,,7,419265,
vcomp_run1,vcomp,2026/04/14-17:10:27.617868,1,2,7,,,6,392445,
vcomp_run1,vcomp,2026/04/14-17:10:27.619635,3,4,2,,,2,104083,
vcomp_run1,vcomp,2026/04/14-17:10:27.619650,3,4,3,,,3,178904,
vcomp_run1,vcomp,2026/04/14-17:10:27.619666,3,4,3,,,4,219802,
vcomp_run1,vcomp,2026/04/14-17:10:27.619679,3,4,3,,,3,165598,
vcomp_run1,vcomp,2026/04/14-17:10:27.619694,1,2,7,,,7,424957,
vcomp_run1,vcomp,2026/04/14-17:10:27.619712,3,4,3,,,3,179002,
vcomp_run1,vcomp,2026/04/14-17:10:27.619813,1,2,9,,,9,554127,
vcomp_run1,vcomp,2026/04/14-17:10:27.621614,2,3,5,,,4,341989,
vcomp_run1,vcomp,2026/04/14-17:10:27.623246,2,3,9,,,8,409416,
vcomp_run1,vcomp,2026/04/14-17:10:27.626397,2,3,5,,,5,414476,
vcomp_run1,vcomp,2026/04/14-17:10:27.627898,2,3,6,,,5,412834,
vcomp_run1,vcomp,2026/04/14-17:10:27.627911,2,3,9,,,9,460553,
vcomp_run1,vcomp,2026/04/14-17:10:27.628027,0,1,12,,,12,732891,
vcomp_run1,vcomp,2026/04/14-17:10:27.629956,1,2,3,,,3,172445,
vcomp_run1,vcomp,2026/04/14-17:10:27.631960,1,2,5,,,6,336349,
vcomp_run1,vcomp,2026/04/14-17:10:27.631971,3,4,2,,,2,105973,
vcomp_run1,vcomp,2026/04/14-17:10:27.631982,1,2,4,,,5,260309,
vcomp_run1,vcomp,2026/04/14-17:10:27.631998,1,2,5,,,5,322668,
vcomp_run1,vcomp,2026/04/14-17:10:27.632014,1,2,6,,,6,325200,
vcomp_run1,vcomp,2026/04/14-17:10:27.632029,3,4,2,,,2,105906,
vcomp_run1,vcomp,2026/04/14-17:10:27.632045,1,2,4,,,4,261038,
vcomp_run1,vcomp,2026/04/14-17:10:27.632057,3,4,2,,,2,106966,
vcomp_run1,vcomp,2026/04/14-17:10:27.632066,3,4,3,,,2,104854,
vcomp_run1,vcomp,2026/04/14-17:10:27.632358,3,4,2,,,2,102472,
vcomp_run1,vcomp,2026/04/14-17:10:27.632437,3,4,2,,,2,106788,
vcomp_run1,vcomp,2026/04/14-17:10:27.633526,1,2,6,,,6,367354,
vcomp_run1,vcomp,2026/04/14-17:10:27.636086,1,2,7,,,7,452088,
vcomp_run1,vcomp,2026/04/14-17:10:27.637527,2,3,2,,,2,79519,
vcomp_run1,vcomp,2026/04/14-17:10:27.639425,2,3,4,,,3,230338,
vcomp_run1,vcomp,2026/04/14-17:10:27.639438,2,3,5,,,4,303325,
vcomp_run1,vcomp,2026/04/14-17:10:27.639451,2,3,3,,,2,246216,
vcomp_run1,vcomp,2026/04/14-17:10:27.639466,2,3,8,,,6,391753,
vcomp_run1,vcomp,2026/04/14-17:10:27.639482,2,3,8,,,6,457719,
vcomp_run1,vcomp,2026/04/14-17:10:27.639494,2,3,5,,,5,341447,
vcomp_run1,vcomp,2026/04/14-17:10:27.639509,2,3,5,,,4,382342,
vcomp_run1,vcomp,2026/04/14-17:10:27.639524,2,3,8,,,7,478360,
vcomp_run1,vcomp,2026/04/14-17:10:27.639625,0,1,8,,,8,482584,
vcomp_run1,vcomp,2026/04/14-17:10:27.641418,1,2,3,,,3,160032,
vcomp_run1,vcomp,2026/04/14-17:10:27.643891,1,2,8,,,8,463655,
vcomp_run1,vcomp,2026/04/14-17:10:27.645649,3,4,3,,,3,177059,
vcomp_run1,vcomp,2026/04/14-17:10:27.645659,3,4,2,,,3,173813,
vcomp_run1,vcomp,2026/04/14-17:10:27.645668,3,4,2,,,2,101983,
vcomp_run1,vcomp,2026/04/14-17:10:27.645679,3,4,2,,,2,101912,
vcomp_run1,vcomp,2026/04/14-17:10:27.645695,1,2,7,,,7,460530,
vcomp_run1,vcomp,2026/04/14-17:10:27.645706,3,4,2,,,4,201345,
vcomp_run1,vcomp,2026/04/14-17:10:27.645721,3,4,3,,,4,256331,
vcomp_run1,vcomp,2026/04/14-17:10:27.645818,1,2,8,,,9,511881,
vcomp_run1,vcomp,2026/04/14-17:10:27.647655,2,3,3,,,3,284859,
vcomp_run1,vcomp,2026/04/14-17:10:27.649229,2,3,6,,,4,322926,
vcomp_run1,vcomp,2026/04/14-17:10:27.651478,2,3,9,,,8,443557,
vcomp_run1,vcomp,2026/04/14-17:10:27.652855,2,3,4,,,4,261744,
vcomp_run1,vcomp,2026/04/14-17:10:27.653030,2,3,8,,,9,546340,
vcomp_run1,vcomp,2026/04/14-17:10:27.654311,0,1,12,,,12,719092,
vcomp_run1,vcomp,2026/04/14-17:10:27.655873,3,4,2,,,2,99981,
vcomp_run1,vcomp,2026/04/14-17:10:27.655885,3,4,3,,,3,188818,
vcomp_run1,vcomp,2026/04/14-17:10:27.655907,3,4,2,,,2,100062,
vcomp_run1,vcomp,2026/04/14-17:10:27.655921,3,4,5,,,4,254040,
vcomp_run1,vcomp,2026/04/14-17:10:27.656020,3,4,2,,,2,120440,
vcomp_run1,vcomp,2026/04/14-17:10:27.658537,1,2,4,,,5,284170,
vcomp_run1,vcomp,2026/04/14-17:10:27.660136,1,2,3,,,3,174456,
vcomp_run1,vcomp,2026/04/14-17:10:27.660152,1,2,3,,,3,198971,
vcomp_run1,vcomp,2026/04/14-17:10:27.660169,1,2,6,,,7,391183,
vcomp_run1,vcomp,2026/04/14-17:10:27.660359,1,2,7,,,6,390015,
vcomp_run1,vcomp,2026/04/14-17:10:27.660566,1,2,5,,,5,296677,
vcomp_run1,vcomp,2026/04/14-17:10:27.661440,1,2,4,,,4,206780,
vcomp_run1,vcomp,2026/04/14-17:10:27.662779,2,3,3,,,4,226948,
vcomp_run1,vcomp,2026/04/14-17:10:27.662924,1,2,5,,,5,326092,
vcomp_run1,vcomp,2026/04/14-17:10:27.664274,2,3,6,,,5,403927,
vcomp_run1,vcomp,2026/04/14-17:10:27.666328,2,3,9,,,11,500496,
vcomp_run1,vcomp,2026/04/14-17:10:27.666331,2,3,7,,,6,440813,
vcomp_run1,vcomp,2026/04/14-17:10:27.666346,2,3,9,,,7,445476,
vcomp_run1,vcomp,2026/04/14-17:10:27.666358,2,3,7,,,9,412244,
vcomp_run1,vcomp,2026/04/14-17:10:27.666376,0,1,8,,,8,485508,
vcomp_run1,vcomp,2026/04/14-17:10:27.666774,2,3,8,,,7,400911,
vcomp_run1,vcomp,2026/04/14-17:10:27.667678,1,2,3,,,3,174475,
vcomp_run1,vcomp,2026/04/14-17:10:27.669645,1,2,7,,,7,439426,
vcomp_run1,vcomp,2026/04/14-17:10:27.669658,3,4,2,,,2,107244,
vcomp_run1,vcomp,2026/04/14-17:10:27.669673,3,4,3,,,3,175574,
vcomp_run1,vcomp,2026/04/14-17:10:27.669695,1,2,4,,,4,214397,
vcomp_run1,vcomp,2026/04/14-17:10:27.669707,3,4,2,,,2,103942,
vcomp_run1,vcomp,2026/04/14-17:10:27.669720,3,4,2,,,2,103095,
vcomp_run1,vcomp,2026/04/14-17:10:27.669735,3,4,2,,,2,96625,
vcomp_run1,vcomp,2026/04/14-17:10:27.669749,1,2,9,,,9,514859,
vcomp_run1,vcomp,2026/04/14-17:10:27.669761,3,4,2,,,2,103309,
vcomp_run1,vcomp,2026/04/14-17:10:27.669860,3,4,2,,,2,99542,
vcomp_run1,vcomp,2026/04/14-17:10:27.671847,2,3,5,,,4,359987,
vcomp_run1,vcomp,2026/04/14-17:10:27.674449,2,3,7,,,5,334933,
vcomp_run1,vcomp,2026/04/14-17:10:27.675836,2,3,7,,,9,470793,
vcomp_run1,vcomp,2026/04/14-17:10:27.676121,2,3,7,,,7,544202,
vcomp_run1,vcomp,2026/04/14-17:10:27.677380,0,1,12,,,12,739463,
vcomp_run1,vcomp,2026/04/14-17:10:27.678700,3,4,3,,,2,94420,
vcomp_run1,vcomp,2026/04/14-17:10:27.678716,3,4,2,,,3,155478,
vcomp_run1,vcomp,2026/04/14-17:10:27.679009,3,4,2,,,4,242027,
vcomp_run1,vcomp,2026/04/14-17:10:27.680635,1,2,5,,,5,282991,
vcomp_run1,vcomp,2026/04/14-17:10:27.680646,1,2,4,,,4,247208,
vcomp_run1,vcomp,2026/04/14-17:10:27.680661,1,2,4,,,4,229346,
vcomp_run1,vcomp,2026/04/14-17:10:27.680826,1,2,7,,,6,372253,
vcomp_run1,vcomp,2026/04/14-17:10:27.680920,1,2,5,,,5,317345,
vcomp_run1,vcomp,2026/04/14-17:10:27.683163,1,2,6,,,5,319533,
vcomp_run1,vcomp,2026/04/14-17:10:27.684408,1,2,4,,,4,243717,
vcomp_run1,vcomp,2026/04/14-17:10:27.684711,1,2,5,,,5,280401,
vcomp_run1,vcomp,2026/04/14-17:10:27.686157,2,3,7,,,4,348939,
vcomp_run1,vcomp,2026/04/14-17:10:27.688257,2,3,5,,,4,379918,
vcomp_run1,vcomp,2026/04/14-17:10:27.688270,2,3,7,,,7,423521,
vcomp_run1,vcomp,2026/04/14-17:10:27.688293,2,3,6,,,7,403310,
vcomp_run1,vcomp,2026/04/14-17:10:27.688309,2,3,6,,,7,476651,
vcomp_run1,vcomp,2026/04/14-17:10:27.688326,2,3,6,,,5,533315,
vcomp_run1,vcomp,2026/04/14-17:10:27.688340,2,3,7,,,8,481982,
vcomp_run1,vcomp,2026/04/14-17:10:27.688361,2,3,8,,,8,559691,
vcomp_run1,vcomp,2026/04/14-17:10:27.688474,0,1,8,,,8,494140,
vcomp_run1,vcomp,2026/04/14-17:10:27.690857,1,2,4,,,4,252490,
vcomp_run1,vcomp,2026/04/14-17:10:27.692795,1,2,5,,,5,275829,
vcomp_run1,vcomp,2026/04/14-17:10:27.692810,1,2,6,,,4,235396,
vcomp_run1,vcomp,2026/04/14-17:10:27.692823,3,4,2,,,2,97504,
vcomp_run1,vcomp,2026/04/14-17:10:27.692836,1,2,6,,,6,330874,
vcomp_run1,vcomp,2026/04/14-17:10:27.692851,3,4,3,,,4,218053,
vcomp_run1,vcomp,2026/04/14-17:10:27.692864,3,4,2,,,2,96878,
vcomp_run1,vcomp,2026/04/14-17:10:27.692878,3,4,2,,,2,99832,
vcomp_run1,vcomp,2026/04/14-17:10:27.692893,3,4,3,,,3,191997,
vcomp_run1,vcomp,2026/04/14-17:10:27.692905,3,4,2,,,4,205731,
vcomp_run1,vcomp,2026/04/14-17:10:27.693025,1,2,10,,,11,638179,
vcomp_run1,vcomp,2026/04/14-17:10:27.694999,2,3,5,,,7,319655,
vcomp_run1,vcomp,2026/04/14-17:10:27.697775,2,3,6,,,7,408972,
vcomp_run1,vcomp,2026/04/14-17:10:27.699223,2,3,6,,,5,465523,
vcomp_run1,vcomp,2026/04/14-17:10:27.699240,2,3,9,,,7,469296,
vcomp_run1,vcomp,2026/04/14-17:10:27.699336,0,1,11,,,12,723789,
vcomp_run1,vcomp,2026/04/14-17:10:27.701026,1,2,3,,,3,184596,
vcomp_run1,vcomp,2026/04/14-17:10:27.702474,1,2,5,,,5,311686,
vcomp_run1,vcomp,2026/04/14-17:10:27.704746,1,2,4,,,4,250255,
vcomp_run1,vcomp,2026/04/14-17:10:27.706808,3,4,3,,,4,248080,
vcomp_run1,vcomp,2026/04/14-17:10:27.706820,3,4,2,,,2,101012,
vcomp_run1,vcomp,2026/04/14-17:10:27.706833,1,2,6,,,6,346978,
vcomp_run1,vcomp,2026/04/14-17:10:27.706837,1,2,3,,,3,186889,
vcomp_run1,vcomp,2026/04/14-17:10:27.706851,1,2,4,,,5,255620,
vcomp_run1,vcomp,2026/04/14-17:10:27.706863,3,4,3,,,3,135301,
vcomp_run1,vcomp,2026/04/14-17:10:27.706880,1,2,7,,,7,423421,
vcomp_run1,vcomp,2026/04/14-17:10:27.707049,1,2,5,,,5,282603,
vcomp_run1,vcomp,2026/04/14-17:10:27.708563,2,3,3,,,4,248293,
vcomp_run1,vcomp,2026/04/14-17:10:27.710284,2,3,5,,,5,416246,
vcomp_run1,vcomp,2026/04/14-17:10:27.710296,2,3,3,,,2,252928,
vcomp_run1,vcomp,2026/04/14-17:10:27.710311,2,3,5,,,6,319580,
vcomp_run1,vcomp,2026/04/14-17:10:27.710331,2,3,4,,,4,326200,
vcomp_run1,vcomp,2026/04/14-17:10:27.710343,2,3,5,,,7,289537,
vcomp_run1,vcomp,2026/04/14-17:10:27.710364,2,3,7,,,6,491149,
vcomp_run1,vcomp,2026/04/14-17:10:27.710461,0,1,8,,,9,512626,
vcomp_run1,vcomp,2026/04/14-17:10:27.713425,1,2,4,,,5,249341,
vcomp_run1,vcomp,2026/04/14-17:10:27.713963,1,2,5,,,5,257593,
vcomp_run1,vcomp,2026/04/14-17:10:27.715232,1,2,11,,,10,660892,
vcomp_run1,vcomp,2026/04/14-17:10:27.715242,3,4,3,,,3,187035,
vcomp_run1,vcomp,2026/04/14-17:10:27.715261,3,4,3,,,5,288512,
vcomp_run1,vcomp,2026/04/14-17:10:27.715280,1,2,5,,,5,278865,
vcomp_run1,vcomp,2026/04/14-17:10:27.715292,1,2,5,,,5,313733,
vcomp_run1,vcomp,2026/04/14-17:10:27.715305,3,4,4,,,5,265247,
vcomp_run1,vcomp,2026/04/14-17:10:27.715318,3,4,2,,,2,100674,
vcomp_run1,vcomp,2026/04/14-17:10:27.715423,3,4,2,,,2,100724,
vcomp_run1,vcomp,2026/04/14-17:10:27.717165,2,3,3,,,2,177354,
vcomp_run1,vcomp,2026/04/14-17:10:27.719480,2,3,4,,,3,262734,
vcomp_run1,vcomp,2026/04/14-17:10:27.721447,2,3,5,,,5,377196,
vcomp_run1,vcomp,2026/04/14-17:10:27.721468,2,3,8,,,7,418733,
vcomp_run1,vcomp,2026/04/14-17:10:27.721482,2,3,7,,,7,533760,
vcomp_run1,vcomp,2026/04/14-17:10:27.722680,0,1,12,,,12,756844,
vcomp_run1,vcomp,2026/04/14-17:10:27.724114,3,4,2,,,2,100944,
vcomp_run1,vcomp,2026/04/14-17:10:27.724126,3,4,2,,,2,126671,
vcomp_run1,vcomp,2026/04/14-17:10:27.724140,3,4,2,,,2,100966,
vcomp_run1,vcomp,2026/04/14-17:10:27.724422,3,4,3,,,3,170872,
vcomp_run1,vcomp,2026/04/14-17:10:27.726080,1,2,4,,,4,257827,
vcomp_run1,vcomp,2026/04/14-17:10:27.726094,1,2,2,,,2,109610,
vcomp_run1,vcomp,2026/04/14-17:10:27.726104,1,2,4,,,4,198455,
vcomp_run1,vcomp,2026/04/14-17:10:27.726116,1,2,5,,,4,251914,
vcomp_run1,vcomp,2026/04/14-17:10:27.726133,1,2,7,,,6,369871,
vcomp_run1,vcomp,2026/04/14-17:10:27.726206,1,2,8,,,8,459894,
vcomp_run1,vcomp,2026/04/14-17:10:27.728709,1,2,7,,,7,455859,
vcomp_run1,vcomp,2026/04/14-17:10:27.730189,1,2,5,,,5,287318,
vcomp_run1,vcomp,2026/04/14-17:10:27.731584,2,3,4,,,3,304088,
vcomp_run1,vcomp,2026/04/14-17:10:27.731598,2,3,4,,,3,263948,
vcomp_run1,vcomp,2026/04/14-17:10:27.731865,2,3,7,,,8,411091,
vcomp_run1,vcomp,2026/04/14-17:10:27.733564,2,3,3,,,3,187120,
vcomp_run1,vcomp,2026/04/14-17:10:27.733577,2,3,4,,,5,376047,
vcomp_run1,vcomp,2026/04/14-17:10:27.733592,2,3,7,,,6,477244,
vcomp_run1,vcomp,2026/04/14-17:10:27.733611,2,3,7,,,7,397218,
vcomp_run1,vcomp,2026/04/14-17:10:27.733629,2,3,6,,,5,490943,
vcomp_run1,vcomp,2026/04/14-17:10:27.733736,0,1,8,,,8,513050,
vcomp_run1,vcomp,2026/04/14-17:10:27.736394,1,2,5,,,5,318101,
vcomp_run1,vcomp,2026/04/14-17:10:27.738199,1,2,8,,,6,396901,
vcomp_run1,vcomp,2026/04/14-17:10:27.738210,1,2,3,,,2,123601,
vcomp_run1,vcomp,2026/04/14-17:10:27.738222,1,2,7,,,7,420927,
vcomp_run1,vcomp,2026/04/14-17:10:27.738238,3,4,3,,,5,265785,
vcomp_run1,vcomp,2026/04/14-17:10:27.738252,3,4,4,,,4,249941,
vcomp_run1,vcomp,2026/04/14-17:10:27.738268,3,4,3,,,4,198679,
vcomp_run1,vcomp,2026/04/14-17:10:27.738577,3,4,4,,,4,210077,
vcomp_run1,vcomp,2026/04/14-17:10:27.739975,1,2,13,,,13,821023,
vcomp_run1,vcomp,2026/04/14-17:10:27.741761,2,3,4,,,4,246460,
vcomp_run1,vcomp,2026/04/14-17:10:27.744245,2,3,6,,,7,324265,
vcomp_run1,vcomp,2026/04/14-17:10:27.745670,2,3,4,,,4,226648,
vcomp_run1,vcomp,2026/04/14-17:10:27.745927,2,3,4,,,4,326532,
vcomp_run1,vcomp,2026/04/14-17:10:27.745951,2,3,7,,,7,386347,
vcomp_run1,vcomp,2026/04/14-17:10:27.747212,0,1,11,,,12,754686,
vcomp_run1,vcomp,2026/04/14-17:10:27.748627,3,4,3,,,3,179636,
vcomp_run1,vcomp,2026/04/14-17:10:27.748640,3,4,2,,,2,96327,
vcomp_run1,vcomp,2026/04/14-17:10:27.748930,3,4,5,,,5,293577,
vcomp_run1,vcomp,2026/04/14-17:10:27.750639,1,2,3,,,3,167599,
vcomp_run1,vcomp,2026/04/14-17:10:27.750651,1,2,3,,,3,181918,
vcomp_run1,vcomp,2026/04/14-17:10:27.750663,1,2,4,,,3,207498,
vcomp_run1,vcomp,2026/04/14-17:10:27.750675,1,2,4,,,4,256736,
vcomp_run1,vcomp,2026/04/14-17:10:27.750690,1,2,6,,,6,384026,
vcomp_run1,vcomp,2026/04/14-17:10:27.750705,1,2,6,,,6,398887,
vcomp_run1,vcomp,2026/04/14-17:10:27.750806,1,2,6,,,6,420184,
vcomp_run1,vcomp,2026/04/14-17:10:27.753140,1,2,4,,,4,274271,
vcomp_run1,vcomp,2026/04/14-17:10:27.754665,2,3,3,,,3,212323,
vcomp_run1,vcomp,2026/04/14-17:10:27.754678,2,3,6,,,6,321326,
vcomp_run1,vcomp,2026/04/14-17:10:27.754692,2,3,8,,,8,472298,
vcomp_run1,vcomp,2026/04/14-17:10:27.754974,2,3,8,,,7,490533,
vcomp_run1,vcomp,2026/04/14-17:10:27.756601,2,3,8,,,7,439188,
vcomp_run1,vcomp,2026/04/14-17:10:27.756616,2,3,6,,,6,440091,
vcomp_run1,vcomp,2026/04/14-17:10:27.756629,2,3,6,,,6,437222,
vcomp_run1,vcomp,2026/04/14-17:10:27.756647,2,3,7,,,7,466757,
vcomp_run1,vcomp,2026/04/14-17:10:27.756755,0,1,8,,,8,518340,
vcomp_run1,vcomp,2026/04/14-17:10:27.758706,1,2,3,,,3,175218,
vcomp_run1,vcomp,2026/04/14-17:10:27.761029,1,2,5,,,5,328307,
vcomp_run1,vcomp,2026/04/14-17:10:27.762933,1,2,5,,,5,344220,
vcomp_run1,vcomp,2026/04/14-17:10:27.762943,3,4,2,,,2,115360,
vcomp_run1,vcomp,2026/04/14-17:10:27.762957,3,4,2,,,2,94227,
vcomp_run1,vcomp,2026/04/14-17:10:27.762972,3,4,2,,,2,99959,
vcomp_run1,vcomp,2026/04/14-17:10:27.762987,1,2,6,,,6,349757,
vcomp_run1,vcomp,2026/04/14-17:10:27.763001,3,4,3,,,3,167938,
vcomp_run1,vcomp,2026/04/14-17:10:27.763015,3,4,2,,,2,97142,
vcomp_run1,vcomp,2026/04/14-17:10:27.763038,3,4,2,,,3,193877,
vcomp_run1,vcomp,2026/04/14-17:10:27.763053,3,4,2,,,2,99994,
vcomp_run1,vcomp,2026/04/14-17:10:27.763206,3,4,2,,,2,97384,
vcomp_run1,vcomp,2026/04/14-17:10:27.764474,1,2,9,,,9,604644,
vcomp_run1,vcomp,2026/04/14-17:10:27.766330,2,3,6,,,7,408710,
vcomp_run1,vcomp,2026/04/14-17:10:27.768645,2,3,7,,,7,403716,
vcomp_run1,vcomp,2026/04/14-17:10:27.770208,2,3,6,,,7,416751,
vcomp_run1,vcomp,2026/04/14-17:10:27.770405,2,3,9,,,8,424997,
vcomp_run1,vcomp,2026/04/14-17:10:27.771711,0,1,11,,,12,725093,
vcomp_run1,vcomp,2026/04/14-17:10:27.773243,3,4,2,,,2,106614,
vcomp_run1,vcomp,2026/04/14-17:10:27.773254,3,4,2,,,2,102383,
vcomp_run1,vcomp,2026/04/14-17:10:27.773265,3,4,2,,,2,102294,
vcomp_run1,vcomp,2026/04/14-17:10:27.773275,3,4,2,,,1,39026,
vcomp_run1,vcomp,2026/04/14-17:10:27.773288,3,4,2,,,2,103229,
vcomp_run1,vcomp,2026/04/14-17:10:27.773394,3,4,2,,,2,97451,
vcomp_run1,vcomp,2026/04/14-17:10:27.775965,1,2,3,,,4,205124,
vcomp_run1,vcomp,2026/04/14-17:10:27.777753,1,2,4,,,4,207606,
vcomp_run1,vcomp,2026/04/14-17:10:27.777835,1,2,5,,,5,314760,
vcomp_run1,vcomp,2026/04/14-17:10:27.777847,1,2,4,,,3,188527,
vcomp_run1,vcomp,2026/04/14-17:10:27.777862,1,2,5,,,6,349893,
vcomp_run1,vcomp,2026/04/14-17:10:27.778015,1,2,4,,,5,261021,
vcomp_run1,vcomp,2026/04/14-17:10:27.778032,1,2,4,,,4,244621,
vcomp_run1,vcomp,2026/04/14-17:10:27.778418,1,2,7,,,8,474170,
vcomp_run1,vcomp,2026/04/14-17:10:27.779157,2,3,2,,,2,77291,
vcomp_run1,vcomp,2026/04/14-17:10:27.780846,2,3,4,,,4,356308,
vcomp_run1,vcomp,2026/04/14-17:10:27.780863,1,2,8,,,8,474275,
vcomp_run1,vcomp,2026/04/14-17:10:27.780870,2,3,4,,,4,238407,
vcomp_run1,vcomp,2026/04/14-17:10:27.781012,2,3,5,,,5,443019,
vcomp_run1,vcomp,2026/04/14-17:10:27.782454,2,3,2,,,2,102576,
vcomp_run1,vcomp,2026/04/14-17:10:27.784547,2,3,6,,,6,386197,
vcomp_run1,vcomp,2026/04/14-17:10:27.784569,2,3,8,,,7,596374,
vcomp_run1,vcomp,2026/04/14-17:10:27.784588,2,3,9,,,7,469810,
vcomp_run1,vcomp,2026/04/14-17:10:27.784607,2,3,7,,,8,480753,
vcomp_run1,vcomp,2026/04/14-17:10:27.784625,0,1,7,,,7,441068,
vcomp_run1,vcomp,2026/04/14-17:10:27.784703,2,3,4,,,4,282836,
vcomp_run1,vcomp,2026/04/14-17:10:27.784872,2,3,8,,,7,486321,
vcomp_run1,vcomp,2026/04/14-17:10:27.786081,1,2,4,,,4,255232,
vcomp_run1,vcomp,2026/04/14-17:10:27.787907,3,4,2,,,2,122734,
vcomp_run1,vcomp,2026/04/14-17:10:27.787919,3,4,2,,,3,145511,
vcomp_run1,vcomp,2026/04/14-17:10:27.787939,3,4,3,,,3,181809,
vcomp_run1,vcomp,2026/04/14-17:10:27.787950,3,4,2,,,2,100411,
vcomp_run1,vcomp,2026/04/14-17:10:27.787961,3,4,3,,,4,237982,
vcomp_run1,vcomp,2026/04/14-17:10:27.787979,1,2,6,,,6,370804,
vcomp_run1,vcomp,2026/04/14-17:10:27.787999,3,4,3,,,3,181370,
vcomp_run1,vcomp,2026/04/14-17:10:27.788094,1,2,6,,,6,417228,
vcomp_run1,vcomp,2026/04/14-17:10:27.790028,2,3,6,,,5,430484,
vcomp_run1,vcomp,2026/04/14-17:10:27.791961,2,3,7,,,8,512534,
vcomp_run1,vcomp,2026/04/14-17:10:27.794553,2,3,7,,,8,419518,
vcomp_run1,vcomp,2026/04/14-17:10:27.796161,0,1,12,,,13,740233,
vcomp_run1,vcomp,2026/04/14-17:10:27.797433,3,4,3,,,4,220735,
vcomp_run1,vcomp,2026/04/14-17:10:27.797543,3,4,3,,,4,235748,
vcomp_run1,vcomp,2026/04/14-17:10:27.799130,1,2,3,,,3,186171,
vcomp_run1,vcomp,2026/04/14-17:10:27.800535,1,2,4,,,4,255336,
vcomp_run1,vcomp,2026/04/14-17:10:27.802823,1,2,4,,,5,254994,
vcomp_run1,vcomp,2026/04/14-17:10:27.804607,1,2,6,,,6,367318,
vcomp_run1,vcomp,2026/04/14-17:10:27.804619,1,2,3,,,2,129645,
vcomp_run1,vcomp,2026/04/14-17:10:27.804635,1,2,5,,,5,307206,
vcomp_run1,vcomp,2026/04/14-17:10:27.804895,1,2,4,,,5,277779,
vcomp_run1,vcomp,2026/04/14-17:10:27.805122,1,2,4,,,4,229379,
vcomp_run1,vcomp,2026/04/14-17:10:27.805400,1,2,7,,,6,400315,
vcomp_run1,vcomp,2026/04/14-17:10:27.805811,2,3,2,,,2,87123,
vcomp_run1,vcomp,2026/04/14-17:10:27.807733,2,3,4,,,4,286500,
vcomp_run1,vcomp,2026/04/14-17:10:27.807744,2,3,4,,,4,213998,
vcomp_run1,vcomp,2026/04/14-17:10:27.807758,2,3,4,,,4,309624,
vcomp_run1,vcomp,2026/04/14-17:10:27.807770,2,3,6,,,7,409742,
vcomp_run1,vcomp,2026/04/14-17:10:27.807791,1,2,5,,,4,248107,
vcomp_run1,vcomp,2026/04/14-17:10:27.807805,2,3,9,,,7,469228,
vcomp_run1,vcomp,2026/04/14-17:10:27.807821,2,3,7,,,7,405580,
vcomp_run1,vcomp,2026/04/14-17:10:27.809170,2,3,7,,,6,577969,
vcomp_run1,vcomp,2026/04/14-17:10:27.811514,3,4,3,,,4,222783,
vcomp_run1,vcomp,2026/04/14-17:10:27.812961,2,3,8,,,6,519820,
vcomp_run1,vcomp,2026/04/14-17:10:27.813059,0,1,11,,,12,729401,
vcomp_run1,vcomp,2026/04/14-17:10:27.814723,1,2,5,,,5,279734,
vcomp_run1,vcomp,2026/04/14-17:10:27.816097,1,2,3,,,3,180979,
vcomp_run1,vcomp,2026/04/14-17:10:27.818485,1,2,5,,,4,279542,
vcomp_run1,vcomp,2026/04/14-17:10:27.820503,1,2,4,,,4,210753,
vcomp_run1,vcomp,2026/04/14-17:10:27.820516,1,2,5,,,5,281175,
vcomp_run1,vcomp,2026/04/14-17:10:27.820529,3,4,3,,,3,145757,
vcomp_run1,vcomp,2026/04/14-17:10:27.820539,3,4,2,,,3,194297,
vcomp_run1,vcomp,2026/04/14-17:10:27.820559,1,2,4,,,4,238102,
vcomp_run1,vcomp,2026/04/14-17:10:27.820583,1,2,7,,,7,422447,
vcomp_run1,vcomp,2026/04/14-17:10:27.820597,1,2,6,,,6,382170,
vcomp_run1,vcomp,2026/04/14-17:10:27.820610,3,4,4,,,4,257254,
vcomp_run1,vcomp,2026/04/14-17:10:27.820712,3,4,5,,,5,298618,
vcomp_run1,vcomp,2026/04/14-17:10:27.822197,2,3,3,,,3,161254,
vcomp_run1,vcomp,2026/04/14-17:10:27.824229,2,3,7,,,7,410126,
vcomp_run1,vcomp,2026/04/14-17:10:27.824245,2,3,8,,,8,466163,
vcomp_run1,vcomp,2026/04/14-17:10:27.824260,2,3,4,,,4,274636,
vcomp_run1,vcomp,2026/04/14-17:10:27.824277,2,3,7,,,7,474640,
vcomp_run1,vcomp,2026/04/14-17:10:27.824295,2,3,8,,,8,540123,
vcomp_run1,vcomp,2026/04/14-17:10:27.824311,2,3,6,,,5,505138,
vcomp_run1,vcomp,2026/04/14-17:10:27.824331,0,1,8,,,8,506810,
vcomp_run1,vcomp,2026/04/14-17:10:27.825890,2,3,11,,,10,574843,
vcomp_run1,vcomp,2026/04/14-17:10:27.827485,1,2,3,,,3,171138,
vcomp_run1,vcomp,2026/04/14-17:10:27.829441,1,2,5,,,6,356103,
vcomp_run1,vcomp,2026/04/14-17:10:27.829451,3,4,2,,,2,120316,
vcomp_run1,vcomp,2026/04/14-17:10:27.829466,1,2,8,,,7,474920,
vcomp_run1,vcomp,2026/04/14-17:10:27.829480,1,2,7,,,7,459172,
vcomp_run1,vcomp,2026/04/14-17:10:27.829494,3,4,3,,,4,208826,
vcomp_run1,vcomp,2026/04/14-17:10:27.829509,3,4,3,,,4,202766,
vcomp_run1,vcomp,2026/04/14-17:10:27.829522,3,4,2,,,2,97965,
vcomp_run1,vcomp,2026/04/14-17:10:27.829621,3,4,2,,,3,181679,
vcomp_run1,vcomp,2026/04/14-17:10:27.831839,2,3,7,,,7,474419,
vcomp_run1,vcomp,2026/04/14-17:10:27.834469,2,3,8,,,8,535891,
vcomp_run1,vcomp,2026/04/14-17:10:27.835857,2,3,8,,,8,515773,
vcomp_run1,vcomp,2026/04/14-17:10:27.837377,0,1,12,,,13,779861,
vcomp_run1,vcomp,2026/04/14-17:10:27.838648,3,4,3,,,4,200465,
vcomp_run1,vcomp,2026/04/14-17:10:27.838987,3,4,2,,,2,106250,
vcomp_run1,vcomp,2026/04/14-17:10:27.840693,1,2,3,,,3,168725,
vcomp_run1,vcomp,2026/04/14-17:10:27.840707,1,2,2,,,2,112854,
vcomp_run1,vcomp,2026/04/14-17:10:27.840721,1,2,3,,,3,169330,
vcomp_run1,vcomp,2026/04/14-17:10:27.840738,1,2,4,,,4,227210,
vcomp_run1,vcomp,2026/04/14-17:10:27.840754,1,2,5,,,5,334206,
vcomp_run1,vcomp,2026/04/14-17:10:27.840845,1,2,8,,,9,524409,
vcomp_run1,vcomp,2026/04/14-17:10:27.843687,1,2,6,,,5,330704,
vcomp_run1,vcomp,2026/04/14-17:10:27.845142,1,2,5,,,5,279198,
vcomp_run1,vcomp,2026/04/14-17:10:27.845348,1,2,5,,,5,300384,
vcomp_run1,vcomp,2026/04/14-17:10:27.845712,1,2,7,,,8,425145,
vcomp_run1,vcomp,2026/04/14-17:10:27.847139,2,3,4,,,4,309795,
vcomp_run1,vcomp,2026/04/14-17:10:27.849428,2,3,6,,,5,371116,
vcomp_run1,vcomp,2026/04/14-17:10:27.849444,2,3,6,,,8,409370,
vcomp_run1,vcomp,2026/04/14-17:10:27.849458,2,3,6,,,7,393147,
vcomp_run1,vcomp,2026/04/14-17:10:27.849471,2,3,4,,,4,338127,
vcomp_run1,vcomp,2026/04/14-17:10:27.849488,2,3,9,,,8,616673,
vcomp_run1,vcomp,2026/04/14-17:10:27.849502,2,3,4,,,4,405375,
vcomp_run1,vcomp,2026/04/14-17:10:27.849517,2,3,5,,,5,400174,
vcomp_run1,vcomp,2026/04/14-17:10:27.849532,2,3,7,,,9,465588,
vcomp_run1,vcomp,2026/04/14-17:10:27.849551,2,3,10,,,9,599922,
vcomp_run1,vcomp,2026/04/14-17:10:27.849673,0,1,7,,,7,459334,
vcomp_run1,vcomp,2026/04/14-17:10:27.852898,1,2,6,,,6,387963,
vcomp_run1,vcomp,2026/04/14-17:10:27.855026,3,4,2,,,2,122930,
vcomp_run1,vcomp,2026/04/14-17:10:27.855036,1,2,5,,,5,311300,
vcomp_run1,vcomp,2026/04/14-17:10:27.855054,1,2,10,,,10,599112,
vcomp_run1,vcomp,2026/04/14-17:10:27.855066,3,4,2,,,2,105268,
vcomp_run1,vcomp,2026/04/14-17:10:27.855080,3,4,3,,,3,176540,
vcomp_run1,vcomp,2026/04/14-17:10:27.855094,3,4,2,,,2,89754,
vcomp_run1,vcomp,2026/04/14-17:10:27.855104,3,4,2,,,2,122878,
vcomp_run1,vcomp,2026/04/14-17:10:27.855120,3,4,3,,,4,254227,
vcomp_run1,vcomp,2026/04/14-17:10:27.855133,3,4,4,,,4,252221,
vcomp_run1,vcomp,2026/04/14-17:10:27.855242,3,4,3,,,2,121414,
vcomp_run1,vcomp,2026/04/14-17:10:27.857296,2,3,8,,,6,395194,
vcomp_run1,vcomp,2026/04/14-17:10:27.859040,2,3,6,,,6,504133,
vcomp_run1,vcomp,2026/04/14-17:10:27.861597,3,4,3,,,3,133529,
vcomp_run1,vcomp,2026/04/14-17:10:27.863099,0,1,12,,,12,785440,
vcomp_run1,vcomp,2026/04/14-17:10:27.864570,1,2,3,,,3,179552,
vcomp_run1,vcomp,2026/04/14-17:10:27.865885,1,2,3,,,3,178252,
vcomp_run1,vcomp,2026/04/14-17:10:27.867511,1,2,7,,,7,389818,
vcomp_run1,vcomp,2026/04/14-17:10:27.868938,1,2,5,,,5,240468,
vcomp_run1,vcomp,2026/04/14-17:10:27.871486,1,2,6,,,7,405640,
vcomp_run1,vcomp,2026/04/14-17:10:27.872912,1,2,6,,,6,375419,
vcomp_run1,vcomp,2026/04/14-17:10:27.872930,1,2,6,,,5,335136,
vcomp_run1,vcomp,2026/04/14-17:10:27.873040,1,2,7,,,6,355044,
vcomp_run1,vcomp,2026/04/14-17:10:27.874884,2,3,4,,,5,380095,
vcomp_run1,vcomp,2026/04/14-17:10:27.877173,2,3,6,,,6,369566,
vcomp_run1,vcomp,2026/04/14-17:10:27.877192,2,3,7,,,8,451409,
vcomp_run1,vcomp,2026/04/14-17:10:27.877210,2,3,9,,,7,432776,
vcomp_run1,vcomp,2026/04/14-17:10:27.877225,2,3,7,,,8,470666,
vcomp_run1,vcomp,2026/04/14-17:10:27.877241,2,3,6,,,6,413246,
vcomp_run1,vcomp,2026/04/14-17:10:27.877258,2,3,7,,,7,501260,
vcomp_run1,vcomp,2026/04/14-17:10:27.877271,2,3,5,,,5,365831,
vcomp_run1,vcomp,2026/04/14-17:10:27.877287,2,3,8,,,9,439456,
vcomp_run1,vcomp,2026/04/14-17:10:27.877400,0,1,8,,,9,514540,
vcomp_run1,vcomp,2026/04/14-17:10:27.879849,1,2,5,,,4,195169,
vcomp_run1,vcomp,2026/04/14-17:10:27.881894,3,4,2,,,2,107334,
vcomp_run1,vcomp,2026/04/14-17:10:27.881908,1,2,5,,,5,336935,
vcomp_run1,vcomp,2026/04/14-17:10:27.881922,1,2,7,,,7,432187,
vcomp_run1,vcomp,2026/04/14-17:10:27.881934,3,4,3,,,4,251591,
vcomp_run1,vcomp,2026/04/14-17:10:27.881946,3,4,4,,,5,283877,
vcomp_run1,vcomp,2026/04/14-17:10:27.881957,1,2,6,,,6,406661,
vcomp_run1,vcomp,2026/04/14-17:10:27.881971,3,4,3,,,4,212887,
vcomp_run1,vcomp,2026/04/14-17:10:27.881983,3,4,3,,,3,190378,
vcomp_run1,vcomp,2026/04/14-17:10:27.882087,3,4,4,,,5,294315,
vcomp_run1,vcomp,2026/04/14-17:10:27.884360,2,3,7,,,7,452976,
vcomp_run1,vcomp,2026/04/14-17:10:27.886066,2,3,7,,,5,406996,
vcomp_run1,vcomp,2026/04/14-17:10:27.888726,2,3,6,,,5,387397,
vcomp_run1,vcomp,2026/04/14-17:10:27.890239,2,3,8,,,9,477952,
vcomp_run1,vcomp,2026/04/14-17:10:27.890342,0,1,12,,,14,779386,
vcomp_run1,vcomp,2026/04/14-17:10:27.891881,1,2,2,,,2,110802,
vcomp_run1,vcomp,2026/04/14-17:10:27.893207,1,2,3,,,3,168853,
vcomp_run1,vcomp,2026/04/14-17:10:27.895592,1,2,3,,,3,189379,
vcomp_run1,vcomp,2026/04/14-17:10:27.897290,1,2,2,,,2,111299,
vcomp_run1,vcomp,2026/04/14-17:10:27.897306,1,2,3,,,3,196429,
vcomp_run1,vcomp,2026/04/14-17:10:27.897326,1,2,5,,,5,275120,
vcomp_run1,vcomp,2026/04/14-17:10:27.897336,3,4,3,,,3,134389,
vcomp_run1,vcomp,2026/04/14-17:10:27.897351,3,4,2,,,2,118662,
vcomp_run1,vcomp,2026/04/14-17:10:27.897366,1,2,7,,,7,434218,
vcomp_run1,vcomp,2026/04/14-17:10:27.898074,1,2,4,,,4,228541,
vcomp_run1,vcomp,2026/04/14-17:10:27.898890,1,2,5,,,5,305926,
vcomp_run1,vcomp,2026/04/14-17:10:27.900401,1,2,6,,,6,373923,
vcomp_run1,vcomp,2026/04/14-17:10:27.901833,2,3,3,,,3,225350,
vcomp_run1,vcomp,2026/04/14-17:10:27.901851,2,3,4,,,4,216557,
vcomp_run1,vcomp,2026/04/14-17:10:27.902522,2,3,7,,,6,357958,
vcomp_run1,vcomp,2026/04/14-17:10:27.903653,2,3,7,,,7,457188,
vcomp_run1,vcomp,2026/04/14-17:10:27.903668,2,3,3,,,3,260951,
vcomp_run1,vcomp,2026/04/14-17:10:27.903683,2,3,8,,,7,487908,
vcomp_run1,vcomp,2026/04/14-17:10:27.903699,2,3,4,,,3,157725,
vcomp_run1,vcomp,2026/04/14-17:10:27.903715,2,3,6,,,5,463332,
vcomp_run1,vcomp,2026/04/14-17:10:27.903729,2,3,5,,,5,429188,
vcomp_run1,vcomp,2026/04/14-17:10:27.903744,0,1,8,,,9,489732,
vcomp_run1,vcomp,2026/04/14-17:10:27.904328,2,3,7,,,7,429113,
vcomp_run1,vcomp,2026/04/14-17:10:27.905652,1,2,3,,,3,184407,
vcomp_run1,vcomp,2026/04/14-17:10:27.907798,1,2,2,,,1,11590,
vcomp_run1,vcomp,2026/04/14-17:10:27.907813,1,2,4,,,4,242128,
vcomp_run1,vcomp,2026/04/14-17:10:27.907825,3,4,2,,,2,127385,
vcomp_run1,vcomp,2026/04/14-17:10:27.907841,3,4,2,,,2,108017,
vcomp_run1,vcomp,2026/04/14-17:10:27.907860,1,2,9,,,10,601646,
vcomp_run1,vcomp,2026/04/14-17:10:27.907872,3,4,3,,,2,101962,
vcomp_run1,vcomp,2026/04/14-17:10:27.907889,3,4,2,,,2,98449,
vcomp_run1,vcomp,2026/04/14-17:10:27.907907,3,4,3,,,3,175198,
vcomp_run1,vcomp,2026/04/14-17:10:27.907921,3,4,3,,,3,164466,
vcomp_run1,vcomp,2026/04/14-17:10:27.907934,3,4,4,,,5,285543,
vcomp_run1,vcomp,2026/04/14-17:10:27.908032,1,2,10,,,10,636415,
vcomp_run1,vcomp,2026/04/14-17:10:27.909914,2,3,3,,,4,221618,
vcomp_run1,vcomp,2026/04/14-17:10:27.912402,2,3,5,,,6,380148,
vcomp_run1,vcomp,2026/04/14-17:10:27.913962,2,3,5,,,4,226211,
vcomp_run1,vcomp,2026/04/14-17:10:27.913989,2,3,6,,,6,516556,
vcomp_run1,vcomp,2026/04/14-17:10:27.914054,2,3,4,,,4,358157,
vcomp_run1,vcomp,2026/04/14-17:10:27.915591,0,1,12,,,13,768020,
vcomp_run1,vcomp,2026/04/14-17:10:27.917262,3,4,2,,,3,133958,
vcomp_run1,vcomp,2026/04/14-17:10:27.917275,3,4,3,,,3,186712,
vcomp_run1,vcomp,2026/04/14-17:10:27.917394,3,4,3,,,3,144586,
vcomp_run1,vcomp,2026/04/14-17:10:27.920160,1,2,3,,,4,205734,
vcomp_run1,vcomp,2026/04/14-17:10:27.922105,1,2,2,,,2,104364,
vcomp_run1,vcomp,2026/04/14-17:10:27.922127,1,2,4,,,4,219307,
vcomp_run1,vcomp,2026/04/14-17:10:27.922141,1,2,4,,,5,267249,
vcomp_run1,vcomp,2026/04/14-17:10:27.922352,1,2,5,,,5,328511,
vcomp_run1,vcomp,2026/04/14-17:10:27.922445,1,2,7,,,7,434258,
vcomp_run1,vcomp,2026/04/14-17:10:27.923623,1,2,6,,,6,383669,
vcomp_run1,vcomp,2026/04/14-17:10:27.925172,1,2,6,,,5,330674,
vcomp_run1,vcomp,2026/04/14-17:10:27.926583,2,3,4,,,5,329950,
vcomp_run1,vcomp,2026/04/14-17:10:27.926878,2,3,5,,,5,387018,
vcomp_run1,vcomp,2026/04/14-17:10:27.928402,2,3,5,,,6,413440,
vcomp_run1,vcomp,2026/04/14-17:10:27.928414,2,3,6,,,6,373574,
vcomp_run1,vcomp,2026/04/14-17:10:27.928431,2,3,4,,,4,312910,
vcomp_run1,vcomp,2026/04/14-17:10:27.928450,2,3,10,,,10,572485,
vcomp_run1,vcomp,2026/04/14-17:10:27.928463,2,3,8,,,7,439876,
vcomp_run1,vcomp,2026/04/14-17:10:27.928571,0,1,9,,,8,521102,
vcomp_run1,vcomp,2026/04/14-17:10:27.930053,1,2,3,,,3,179207,
vcomp_run1,vcomp,2026/04/14-17:10:27.932045,1,2,6,,,6,366032,
vcomp_run1,vcomp,2026/04/14-17:10:27.932058,1,2,4,,,5,250117,
vcomp_run1,vcomp,2026/04/14-17:10:27.932069,3,4,2,,,2,115256,
vcomp_run1,vcomp,2026/04/14-17:10:27.932079,3,4,2,,,2,96504,
vcomp_run1,vcomp,2026/04/14-17:10:27.932093,3,4,3,,,4,204643,
vcomp_run1,vcomp,2026/04/14-17:10:27.932110,3,4,3,,,3,178401,
vcomp_run1,vcomp,2026/04/14-17:10:27.932119,3,4,3,,,3,158522,
vcomp_run1,vcomp,2026/04/14-17:10:27.932135,1,2,10,,,9,599883,
vcomp_run1,vcomp,2026/04/14-17:10:27.932204,3,4,4,,,5,262874,
vcomp_run1,vcomp,2026/04/14-17:10:27.933526,1,2,8,,,8,495683,
vcomp_run1,vcomp,2026/04/14-17:10:27.936640,2,3,6,,,8,361440,
vcomp_run1,vcomp,2026/04/14-17:10:27.938306,2,3,4,,,3,277735,
vcomp_run1,vcomp,2026/04/14-17:10:27.938324,2,3,7,,,7,507660,
vcomp_run1,vcomp,2026/04/14-17:10:27.938340,2,3,4,,,3,292440,
vcomp_run1,vcomp,2026/04/14-17:10:27.938357,0,1,11,,,12,704965,
vcomp_run1,vcomp,2026/04/14-17:10:27.938483,2,3,7,,,6,515604,
vcomp_run1,vcomp,2026/04/14-17:10:27.940289,1,2,3,,,3,170347,
vcomp_run1,vcomp,2026/04/14-17:10:27.941659,1,2,3,,,3,188259,
vcomp_run1,vcomp,2026/04/14-17:10:27.944393,1,2,5,,,5,313860,
vcomp_run1,vcomp,2026/04/14-17:10:27.946108,1,2,4,,,4,216916,
vcomp_run1,vcomp,2026/04/14-17:10:27.946123,1,2,4,,,4,236858,
vcomp_run1,vcomp,2026/04/14-17:10:27.946136,3,4,3,,,3,173843,
vcomp_run1,vcomp,2026/04/14-17:10:27.946154,3,4,3,,,3,183578,
vcomp_run1,vcomp,2026/04/14-17:10:27.946357,1,2,8,,,8,509072,
vcomp_run1,vcomp,2026/04/14-17:10:27.946460,3,4,2,,,3,138954,
vcomp_run1,vcomp,2026/04/14-17:10:27.947654,1,2,5,,,6,319981,
vcomp_run1,vcomp,2026/04/14-17:10:27.949250,1,2,7,,,6,368008,
vcomp_run1,vcomp,2026/04/14-17:10:27.950646,2,3,4,,,4,251079,
vcomp_run1,vcomp,2026/04/14-17:10:27.950823,2,3,5,,,5,319116,
vcomp_run1,vcomp,2026/04/14-17:10:27.952431,2,3,5,,,4,378686,
vcomp_run1,vcomp,2026/04/14-17:10:27.952445,2,3,7,,,8,418975,
vcomp_run1,vcomp,2026/04/14-17:10:27.952460,2,3,8,,,8,433765,
vcomp_run1,vcomp,2026/04/14-17:10:27.952471,2,3,8,,,7,507245,
vcomp_run1,vcomp,2026/04/14-17:10:27.952485,0,1,8,,,8,475584,
vcomp_run1,vcomp,2026/04/14-17:10:27.952500,2,3,7,,,8,510283,
vcomp_run1,vcomp,2026/04/14-17:10:27.952604,2,3,9,,,8,570821,
vcomp_run1,vcomp,2026/04/14-17:10:27.954456,3,4,3,,,2,124999,
vcomp_run1,vcomp,2026/04/14-17:10:27.956495,1,2,6,,,5,239618,
vcomp_run1,vcomp,2026/04/14-17:10:27.956505,1,2,3,,,3,188364,
vcomp_run1,vcomp,2026/04/14-17:10:27.956524,3,4,2,,,2,96513,
vcomp_run1,vcomp,2026/04/14-17:10:27.956538,3,4,2,,,3,153233,
vcomp_run1,vcomp,2026/04/14-17:10:27.956552,1,2,5,,,6,355673,
vcomp_run1,vcomp,2026/04/14-17:10:27.956565,1,2,7,,,7,451491,
vcomp_run1,vcomp,2026/04/14-17:10:27.956576,3,4,2,,,2,91894,
vcomp_run1,vcomp,2026/04/14-17:10:27.956586,3,4,3,,,4,204454,
vcomp_run1,vcomp,2026/04/14-17:10:27.956602,3,4,2,,,2,99058,
vcomp_run1,vcomp,2026/04/14-17:10:27.956716,3,4,3,,,3,188352,
vcomp_run1,vcomp,2026/04/14-17:10:27.961049,2,3,3,,,4,202473,
vcomp_run1,vcomp,2026/04/14-17:10:27.962530,2,3,4,,,3,249793,
vcomp_run1,vcomp,2026/04/14-17:10:27.962546,2,3,6,,,7,376425,
vcomp_run1,vcomp,2026/04/14-17:10:27.962739,2,3,6,,,6,365528,
vcomp_run1,vcomp,2026/04/14-17:10:27.964039,0,1,12,,,13,775407,
vcomp_run1,vcomp,2026/04/14-17:10:27.965488,3,4,2,,,2,97270,
vcomp_run1,vcomp,2026/04/14-17:10:27.965499,3,4,3,,,3,186649,
vcomp_run1,vcomp,2026/04/14-17:10:27.965515,3,4,3,,,3,142556,
vcomp_run1,vcomp,2026/04/14-17:10:27.965614,3,4,3,,,3,182020,
vcomp_run1,vcomp,2026/04/14-17:10:27.968279,1,2,3,,,3,174358,
vcomp_run1,vcomp,2026/04/14-17:10:27.970099,1,2,7,,,8,467918,
vcomp_run1,vcomp,2026/04/14-17:10:27.970109,1,2,4,,,4,243101,
vcomp_run1,vcomp,2026/04/14-17:10:27.970129,1,2,4,,,4,242482,
vcomp_run1,vcomp,2026/04/14-17:10:27.970141,1,2,6,,,6,323554,
vcomp_run1,vcomp,2026/04/14-17:10:27.970153,1,2,5,,,5,307946,
vcomp_run1,vcomp,2026/04/14-17:10:27.970536,1,2,5,,,5,327518,
vcomp_run1,vcomp,2026/04/14-17:10:27.971992,1,2,4,,,4,247358,
vcomp_run1,vcomp,2026/04/14-17:10:27.973297,1,2,7,,,7,433168,
vcomp_run1,vcomp,2026/04/14-17:10:27.974582,2,3,5,,,5,289378,
vcomp_run1,vcomp,2026/04/14-17:10:27.974873,2,3,6,,,6,463532,
vcomp_run1,vcomp,2026/04/14-17:10:27.977155,2,3,5,,,5,328900,
vcomp_run1,vcomp,2026/04/14-17:10:27.977237,0,1,8,,,8,468474,
vcomp_run1,vcomp,2026/04/14-17:10:27.977699,2,3,8,,,8,477645,
vcomp_run1,vcomp,2026/04/14-17:10:27.977734,2,3,8,,,7,481450,
vcomp_run1,vcomp,2026/04/14-17:10:27.977803,2,3,5,,,5,297434,
vcomp_run1,vcomp,2026/04/14-17:10:27.977933,2,3,7,,,6,369911,
vcomp_run1,vcomp,2026/04/14-17:10:27.977937,2,3,7,,,7,445811,
vcomp_run1,vcomp,2026/04/14-17:10:27.978009,2,3,4,,,5,282702,
vcomp_run1,vcomp,2026/04/14-17:10:27.978579,3,4,2,,,2,98171,
vcomp_run1,vcomp,2026/04/14-17:10:27.980868,3,4,3,,,4,232962,
vcomp_run1,vcomp,2026/04/14-17:10:27.980881,3,4,2,,,2,97323,
vcomp_run1,vcomp,2026/04/14-17:10:27.980895,3,4,3,,,3,133889,
vcomp_run1,vcomp,2026/04/14-17:10:27.980908,1,2,2,,,2,70838,
vcomp_run1,vcomp,2026/04/14-17:10:27.980928,3,4,3,,,2,107580,
vcomp_run1,vcomp,2026/04/14-17:10:27.980939,1,2,5,,,5,279724,
vcomp_run1,vcomp,2026/04/14-17:10:27.980962,1,2,12,,,11,658021,
vcomp_run1,vcomp,2026/04/14-17:10:27.980975,3,4,3,,,3,139098,
vcomp_run1,vcomp,2026/04/14-17:10:27.980999,1,2,6,,,7,376223,
vcomp_run1,vcomp,2026/04/14-17:10:27.981029,1,2,4,,,3,192894,
vcomp_run1,vcomp,2026/04/14-17:10:27.981144,3,4,4,,,5,270821,
vcomp_run1,vcomp,2026/04/14-17:10:27.983426,2,3,6,,,6,392846,
vcomp_run1,vcomp,2026/04/14-17:10:27.986126,2,3,7,,,8,452348,
vcomp_run1,vcomp,2026/04/14-17:10:27.987638,2,3,5,,,5,382229,
vcomp_run1,vcomp,2026/04/14-17:10:27.987653,2,3,6,,,5,451141,
vcomp_run1,vcomp,2026/04/14-17:10:27.987737,0,1,11,,,12,724391,
vcomp_run1,vcomp,2026/04/14-17:10:27.989346,1,2,3,,,3,183549,
vcomp_run1,vcomp,2026/04/14-17:10:27.990739,1,2,3,,,3,179823,
vcomp_run1,vcomp,2026/04/14-17:10:27.993086,1,2,4,,,4,240108,
vcomp_run1,vcomp,2026/04/14-17:10:27.994930,1,2,4,,,4,249569,
vcomp_run1,vcomp,2026/04/14-17:10:27.994965,1,2,5,,,5,304977,
vcomp_run1,vcomp,2026/04/14-17:10:27.994980,3,4,3,,,3,170992,
vcomp_run1,vcomp,2026/04/14-17:10:27.994985,1,2,8,,,7,434201,
vcomp_run1,vcomp,2026/04/14-17:10:27.995298,3,4,3,,,3,191764,
vcomp_run1,vcomp,2026/04/14-17:10:27.995307,1,2,7,,,8,448272,
vcomp_run1,vcomp,2026/04/14-17:10:27.995318,3,4,5,,,5,280050,
vcomp_run1,vcomp,2026/04/14-17:10:27.996359,1,2,8,,,9,497127,
vcomp_run1,vcomp,2026/04/14-17:10:27.998059,2,3,4,,,4,293026,
vcomp_run1,vcomp,2026/04/14-17:10:28.000219,2,3,5,,,6,365409,
vcomp_run1,vcomp,2026/04/14-17:10:28.000235,2,3,7,,,6,364620,
vcomp_run1,vcomp,2026/04/14-17:10:28.000248,2,3,5,,,4,308880,
vcomp_run1,vcomp,2026/04/14-17:10:28.000265,2,3,7,,,8,406126,
vcomp_run1,vcomp,2026/04/14-17:10:28.000284,2,3,7,,,6,378620,
vcomp_run1,vcomp,2026/04/14-17:10:28.000299,2,3,6,,,8,375618,
vcomp_run1,vcomp,2026/04/14-17:10:28.000313,2,3,7,,,6,443410,
vcomp_run1,vcomp,2026/04/14-17:10:28.000418,0,1,8,,,9,470607,
vcomp_run1,vcomp,2026/04/14-17:10:28.003144,1,2,2,,,2,101469,
vcomp_run1,vcomp,2026/04/14-17:10:28.005339,1,2,2,,,2,100693,
vcomp_run1,vcomp,2026/04/14-17:10:28.005351,1,2,4,,,3,125500,
vcomp_run1,vcomp,2026/04/14-17:10:28.005367,3,4,2,,,3,131219,
vcomp_run1,vcomp,2026/04/14-17:10:28.005379,3,4,2,,,2,102908,
vcomp_run1,vcomp,2026/04/14-17:10:28.005403,3,4,2,,,2,69258,
vcomp_run1,vcomp,2026/04/14-17:10:28.005418,1,2,5,,,5,292769,
vcomp_run1,vcomp,2026/04/14-17:10:28.005430,3,4,2,,,2,88452,
vcomp_run1,vcomp,2026/04/14-17:10:28.005443,3,4,2,,,2,101775,
vcomp_run1,vcomp,2026/04/14-17:10:28.005457,3,4,2,,,2,109568,
vcomp_run1,vcomp,2026/04/14-17:10:28.005471,3,4,2,,,2,101558,
vcomp_run1,vcomp,2026/04/14-17:10:28.005485,3,4,2,,,2,96111,
vcomp_run1,vcomp,2026/04/14-17:10:28.005595,1,2,12,,,12,751421,
vcomp_run1,vcomp,2026/04/14-17:10:28.007669,2,3,7,,,7,431032,
vcomp_run1,vcomp,2026/04/14-17:10:28.009216,2,3,4,,,4,298217,
vcomp_run1,vcomp,2026/04/14-17:10:28.011625,2,3,8,,,8,460685,
vcomp_run1,vcomp,2026/04/14-17:10:28.013095,2,3,8,,,8,453930,
vcomp_run1,vcomp,2026/04/14-17:10:28.014619,0,1,12,,,13,773773,
vcomp_run1,vcomp,2026/04/14-17:10:28.016137,3,4,2,,,2,93928,
vcomp_run1,vcomp,2026/04/14-17:10:28.016146,3,4,2,,,2,94433,
vcomp_run1,vcomp,2026/04/14-17:10:28.016159,3,4,3,,,4,214654,
vcomp_run1,vcomp,2026/04/14-17:10:28.016239,3,4,4,,,4,198399,
vcomp_run1,vcomp,2026/04/14-17:10:28.017857,1,2,4,,,3,191152,
vcomp_run1,vcomp,2026/04/14-17:10:28.020428,1,2,4,,,5,239058,
vcomp_run1,vcomp,2026/04/14-17:10:28.022180,1,2,4,,,4,250633,
vcomp_run1,vcomp,2026/04/14-17:10:28.022245,1,2,6,,,5,293119,
vcomp_run1,vcomp,2026/04/14-17:10:28.022260,1,2,3,,,3,189348,
vcomp_run1,vcomp,2026/04/14-17:10:28.022275,1,2,5,,,5,303691,
vcomp_run1,vcomp,2026/04/14-17:10:28.022286,1,2,4,,,4,239238,
vcomp_run1,vcomp,2026/04/14-17:10:28.022614,1,2,5,,,5,307893,
vcomp_run1,vcomp,2026/04/14-17:10:28.024253,1,2,6,,,5,313530,
vcomp_run1,vcomp,2026/04/14-17:10:28.025978,2,3,4,,,4,242736,
vcomp_run1,vcomp,2026/04/14-17:10:28.025996,2,3,4,,,3,196708,
vcomp_run1,vcomp,2026/04/14-17:10:28.026011,2,3,5,,,6,324732,
vcomp_run1,vcomp,2026/04/14-17:10:28.026111,1,2,7,,,6,411043,
vcomp_run1,vcomp,2026/04/14-17:10:28.029524,2,3,6,,,6,432192,
vcomp_run1,vcomp,2026/04/14-17:10:28.029539,2,3,8,,,7,427737,
vcomp_run1,vcomp,2026/04/14-17:10:28.029557,2,3,8,,,6,479862,
vcomp_run1,vcomp,2026/04/14-17:10:28.029574,2,3,8,,,8,526770,
vcomp_run1,vcomp,2026/04/14-17:10:28.029590,2,3,8,,,7,465978,
vcomp_run1,vcomp,2026/04/14-17:10:28.029815,2,3,7,,,9,480137,
vcomp_run1,vcomp,2026/04/14-17:10:28.029829,2,3,7,,,7,429745,
vcomp_run1,vcomp,2026/04/14-17:10:28.030569,0,1,7,,,8,442418,
vcomp_run1,vcomp,2026/04/14-17:10:28.030947,0,0,4,,,4,262110,
vcomp_run1,vcomp,2026/04/14-17:10:28.032941,1,2,8,,,8,506190,
vcomp_run1,vcomp,2026/04/14-17:10:28.032961,1,2,4,,,4,240565,
vcomp_run1,vcomp,2026/04/14-17:10:28.032972,3,4,2,,,2,97038,
vcomp_run1,vcomp,2026/04/14-17:10:28.032984,3,4,3,,,3,160809,
vcomp_run1,vcomp,2026/04/14-17:10:28.032994,1,2,5,,,5,298278,
vcomp_run1,vcomp,2026/04/14-17:10:28.033012,3,4,3,,,2,119466,
vcomp_run1,vcomp,2026/04/14-17:10:28.033022,3,4,5,,,4,240286,
vcomp_run1,vcomp,2026/04/14-17:10:28.033034,3,4,4,,,5,305607,
vcomp_run1,vcomp,2026/04/14-17:10:28.033124,3,4,3,,,3,187929,
vcomp_run1,vcomp,2026/04/14-17:10:28.035847,2,3,4,,,4,217745,
vcomp_run1,vcomp,2026/04/14-17:10:28.037262,2,3,7,,,7,498038,
vcomp_run1,vcomp,2026/04/14-17:10:28.037341,0,1,13,,,14,781919,
vcomp_run1,vcomp,2026/04/14-17:10:28.038953,1,2,3,,,3,166662,
vcomp_run1,vcomp,2026/04/14-17:10:28.040500,1,2,4,,,4,249498,
vcomp_run1,vcomp,2026/04/14-17:10:28.042927,1,2,5,,,5,296573,
vcomp_run1,vcomp,2026/04/14-17:10:28.044753,1,2,3,,,4,177808,
vcomp_run1,vcomp,2026/04/14-17:10:28.045117,1,2,3,,,3,174741,
vcomp_run1,vcomp,2026/04/14-17:10:28.045135,1,2,5,,,5,305565,
vcomp_run1,vcomp,2026/04/14-17:10:28.045149,1,2,6,,,5,331611,
vcomp_run1,vcomp,2026/04/14-17:10:28.045153,1,2,8,,,9,517735,
vcomp_run1,vcomp,2026/04/14-17:10:28.045522,3,4,5,,,5,321222,
vcomp_run1,vcomp,2026/04/14-17:10:28.045650,1,2,3,,,3,151384,
vcomp_run1,vcomp,2026/04/14-17:10:28.046649,2,3,4,,,4,240163,
vcomp_run1,vcomp,2026/04/14-17:10:28.048509,2,3,3,,,3,193813,
vcomp_run1,vcomp,2026/04/14-17:10:28.048521,2,3,6,,,5,376806,
vcomp_run1,vcomp,2026/04/14-17:10:28.048536,2,3,5,,,5,290205,
vcomp_run1,vcomp,2026/04/14-17:10:28.048548,1,2,5,,,5,275192,
vcomp_run1,vcomp,2026/04/14-17:10:28.048651,2,3,6,,,8,402780,
vcomp_run1,vcomp,2026/04/14-17:10:28.051735,2,3,7,,,8,458530,
vcomp_run1,vcomp,2026/04/14-17:10:28.053918,0,1,12,,,13,756140,
vcomp_run1,vcomp,2026/04/14-17:10:28.054132,2,3,9,,,9,481030,
vcomp_run1,vcomp,2026/04/14-17:10:28.054136,2,3,7,,,7,452437,
vcomp_run1,vcomp,2026/04/14-17:10:28.054177,2,3,6,,,5,441972,
vcomp_run1,vcomp,2026/04/14-17:10:28.054283,2,3,7,,,7,500967,
vcomp_run1,vcomp,2026/04/14-17:10:28.055336,1,2,2,,,2,109944,
vcomp_run1,vcomp,2026/04/14-17:10:28.057915,1,2,3,,,3,163383,
vcomp_run1,vcomp,2026/04/14-17:10:28.057927,1,2,3,,,3,196518,
vcomp_run1,vcomp,2026/04/14-17:10:28.057941,1,2,4,,,4,254039,
vcomp_run1,vcomp,2026/04/14-17:10:28.057956,1,2,5,,,5,329993,
vcomp_run1,vcomp,2026/04/14-17:10:28.057972,1,2,8,,,8,479115,
vcomp_run1,vcomp,2026/04/14-17:10:28.057985,3,4,2,,,2,96906,
vcomp_run1,vcomp,2026/04/14-17:10:28.058004,1,2,9,,,9,529127,
vcomp_run1,vcomp,2026/04/14-17:10:28.058016,3,4,3,,,2,117493,
vcomp_run1,vcomp,2026/04/14-17:10:28.058028,3,4,2,,,2,95202,
vcomp_run1,vcomp,2026/04/14-17:10:28.058043,3,4,2,,,2,100728,
vcomp_run1,vcomp,2026/04/14-17:10:28.058058,3,4,2,,,2,100447,
vcomp_run1,vcomp,2026/04/14-17:10:28.058067,3,4,3,,,3,143650,
vcomp_run1,vcomp,2026/04/14-17:10:28.058079,3,4,2,,,2,95193,
vcomp_run1,vcomp,2026/04/14-17:10:28.058090,3,4,3,,,3,159990,
vcomp_run1,vcomp,2026/04/14-17:10:28.058104,3,4,3,,,3,156024,
vcomp_run1,vcomp,2026/04/14-17:10:28.058367,3,4,4,,,3,194681,
vcomp_run1,vcomp,2026/04/14-17:10:28.060780,1,2,5,,,5,298289,
vcomp_run1,vcomp,2026/04/14-17:10:28.062621,2,3,7,,,7,390060,
vcomp_run1,vcomp,2026/04/14-17:10:28.063009,1,2,6,,,7,404506,
vcomp_run1,vcomp,2026/04/14-17:10:28.063133,2,3,6,,,5,448039,
vcomp_run1,vcomp,2026/04/14-17:10:28.064041,2,3,3,,,3,235860,
vcomp_run1,vcomp,2026/04/14-17:10:28.066097,2,3,3,,,2,119562,
vcomp_run1,vcomp,2026/04/14-17:10:28.066111,2,3,9,,,8,443445,
vcomp_run1,vcomp,2026/04/14-17:10:28.066126,2,3,8,,,8,497983,
vcomp_run1,vcomp,2026/04/14-17:10:28.066137,2,3,6,,,6,371621,
vcomp_run1,vcomp,2026/04/14-17:10:28.066150,2,3,7,,,5,458974,
vcomp_run1,vcomp,2026/04/14-17:10:28.066163,2,3,9,,,8,481483,
vcomp_run1,vcomp,2026/04/14-17:10:28.066328,2,3,4,,,3,217419,
vcomp_run1,vcomp,2026/04/14-17:10:28.066437,0,1,8,,,8,461002,
vcomp_run1,vcomp,2026/04/14-17:10:28.068863,1,2,3,,,3,167051,
vcomp_run1,vcomp,2026/04/14-17:10:28.071106,1,2,4,,,4,219421,
vcomp_run1,vcomp,2026/04/14-17:10:28.071123,3,4,3,,,3,187745,
vcomp_run1,vcomp,2026/04/14-17:10:28.071133,3,4,3,,,2,126123,
vcomp_run1,vcomp,2026/04/14-17:10:28.071148,3,4,2,,,2,109755,
vcomp_run1,vcomp,2026/04/14-17:10:28.071165,1,2,6,,,5,326165,
vcomp_run1,vcomp,2026/04/14-17:10:28.071179,3,4,4,,,3,193034,
vcomp_run1,vcomp,2026/04/14-17:10:28.071192,3,4,2,,,2,92954,
vcomp_run1,vcomp,2026/04/14-17:10:28.071208,3,4,4,,,6,336492,
vcomp_run1,vcomp,2026/04/14-17:10:28.071227,1,2,10,,,10,582288,
vcomp_run1,vcomp,2026/04/14-17:10:28.071252,3,4,2,,,2,102135,
vcomp_run1,vcomp,2026/04/14-17:10:28.071346,3,4,5,,,4,224694,
vcomp_run1,vcomp,2026/04/14-17:10:28.073516,2,3,8,,,6,390155,
vcomp_run1,vcomp,2026/04/14-17:10:28.075227,2,3,5,,,5,396923,
vcomp_run1,vcomp,2026/04/14-17:10:28.077573,2,3,7,,,7,653752,
vcomp_run1,vcomp,2026/04/14-17:10:28.078829,2,3,9,,,8,503263,
vcomp_run1,vcomp,2026/04/14-17:10:28.080375,0,1,12,,,13,732048,
vcomp_run1,vcomp,2026/04/14-17:10:28.081913,3,4,2,,,2,122485,
vcomp_run1,vcomp,2026/04/14-17:10:28.081926,3,4,2,,,2,106307,
vcomp_run1,vcomp,2026/04/14-17:10:28.082013,3,4,3,,,4,212610,
vcomp_run1,vcomp,2026/04/14-17:10:28.084678,1,2,3,,,3,175130,
vcomp_run1,vcomp,2026/04/14-17:10:28.086256,1,2,4,,,4,252997,
vcomp_run1,vcomp,2026/04/14-17:10:28.086436,1,2,4,,,4,252451,
vcomp_run1,vcomp,2026/04/14-17:10:28.086638,1,2,4,,,4,241235,
vcomp_run1,vcomp,2026/04/14-17:10:28.086645,1,2,4,,,4,244025,
vcomp_run1,vcomp,2026/04/14-17:10:28.086659,1,2,7,,,7,433401,
vcomp_run1,vcomp,2026/04/14-17:10:28.087923,1,2,4,,,4,227169,
vcomp_run1,vcomp,2026/04/14-17:10:28.089585,1,2,5,,,5,298007,
vcomp_run1,vcomp,2026/04/14-17:10:28.089588,1,2,4,,,5,247393,
vcomp_run1,vcomp,2026/04/14-17:10:28.091129,2,3,3,,,3,166116,
vcomp_run1,vcomp,2026/04/14-17:10:28.093457,2,3,7,,,7,461750,
vcomp_run1,vcomp,2026/04/14-17:10:28.093480,2,3,3,,,3,174466,
vcomp_run1,vcomp,2026/04/14-17:10:28.093497,2,3,6,,,5,289617,
vcomp_run1,vcomp,2026/04/14-17:10:28.093517,2,3,6,,,9,388139,
vcomp_run1,vcomp,2026/04/14-17:10:28.093531,2,3,6,,,7,435090,
vcomp_run1,vcomp,2026/04/14-17:10:28.093547,2,3,5,,,6,378322,
vcomp_run1,vcomp,2026/04/14-17:10:28.093567,2,3,9,,,7,536509,
vcomp_run1,vcomp,2026/04/14-17:10:28.093662,0,1,8,,,8,488444,
vcomp_run1,vcomp,2026/04/14-17:10:28.095601,1,2,4,,,5,247349,
vcomp_run1,vcomp,2026/04/14-17:10:28.097609,1,2,3,,,1,62442,
vcomp_run1,vcomp,2026/04/14-17:10:28.097624,1,2,5,,,5,274959,
vcomp_run1,vcomp,2026/04/14-17:10:28.097636,3,4,3,,,4,197061,
vcomp_run1,vcomp,2026/04/14-17:10:28.097647,3,4,2,,,2,96275,
vcomp_run1,vcomp,2026/04/14-17:10:28.097662,1,2,7,,,8,457894,
vcomp_run1,vcomp,2026/04/14-17:10:28.097674,3,4,2,,,2,108073,
vcomp_run1,vcomp,2026/04/14-17:10:28.097690,3,4,5,,,5,296287,
vcomp_run1,vcomp,2026/04/14-17:10:28.097786,3,4,5,,,5,272402,
vcomp_run1,vcomp,2026/04/14-17:10:28.099673,2,3,3,,,3,197134,
vcomp_run1,vcomp,2026/04/14-17:10:28.102571,2,3,4,,,4,221359,
vcomp_run1,vcomp,2026/04/14-17:10:28.104199,2,3,6,,,6,346828,
vcomp_run1,vcomp,2026/04/14-17:10:28.104214,2,3,3,,,3,281319,
vcomp_run1,vcomp,2026/04/14-17:10:28.104302,0,1,12,,,13,793868,
vcomp_run1,vcomp,2026/04/14-17:10:28.105969,1,2,5,,,4,262001,
vcomp_run1,vcomp,2026/04/14-17:10:28.107577,1,2,4,,,5,269105,
vcomp_run1,vcomp,2026/04/14-17:10:28.109091,1,2,4,,,4,216506,
vcomp_run1,vcomp,2026/04/14-17:10:28.111718,1,2,6,,,5,279662,
vcomp_run1,vcomp,2026/04/14-17:10:28.113481,1,2,5,,,5,294751,
vcomp_run1,vcomp,2026/04/14-17:10:28.113493,3,4,3,,,3,176441,
vcomp_run1,vcomp,2026/04/14-17:10:28.113507,1,2,7,,,6,360735,
vcomp_run1,vcomp,2026/04/14-17:10:28.113523,3,4,3,,,3,180201,
vcomp_run1,vcomp,2026/04/14-17:10:28.113537,1,2,7,,,7,444483,
vcomp_run1,vcomp,2026/04/14-17:10:28.113663,1,2,6,,,6,341810,
vcomp_run1,vcomp,2026/04/14-17:10:28.115285,2,3,3,,,3,165299,
vcomp_run1,vcomp,2026/04/14-17:10:28.117647,2,3,2,,,1,85171,
vcomp_run1,vcomp,2026/04/14-17:10:28.117661,2,3,7,,,6,377526,
vcomp_run1,vcomp,2026/04/14-17:10:28.117674,2,3,3,,,3,123678,
vcomp_run1,vcomp,2026/04/14-17:10:28.117690,2,3,8,,,7,450270,
vcomp_run1,vcomp,2026/04/14-17:10:28.117707,2,3,6,,,6,431837,
vcomp_run1,vcomp,2026/04/14-17:10:28.117724,2,3,5,,,6,426631,
vcomp_run1,vcomp,2026/04/14-17:10:28.117740,2,3,7,,,7,448041,
vcomp_run1,vcomp,2026/04/14-17:10:28.117759,2,3,8,,,9,573846,
vcomp_run1,vcomp,2026/04/14-17:10:28.117771,2,3,7,,,8,400353,
vcomp_run1,vcomp,2026/04/14-17:10:28.117878,0,1,9,,,8,522724,
vcomp_run1,vcomp,2026/04/14-17:10:28.120979,1,2,3,,,3,187562,
vcomp_run1,vcomp,2026/04/14-17:10:28.123049,3,4,2,,,1,18150,
vcomp_run1,vcomp,2026/04/14-17:10:28.123060,3,4,3,,,3,167348,
vcomp_run1,vcomp,2026/04/14-17:10:28.123071,3,4,2,,,2,98713,
vcomp_run1,vcomp,2026/04/14-17:10:28.123088,1,2,6,,,7,396969,
vcomp_run1,vcomp,2026/04/14-17:10:28.123105,3,4,3,,,3,179857,
vcomp_run1,vcomp,2026/04/14-17:10:28.123117,1,2,6,,,7,387789,
vcomp_run1,vcomp,2026/04/14-17:10:28.123127,3,4,2,,,2,94742,
vcomp_run1,vcomp,2026/04/14-17:10:28.123141,3,4,2,,,2,94530,
vcomp_run1,vcomp,2026/04/14-17:10:28.123155,3,4,2,,,2,94680,
vcomp_run1,vcomp,2026/04/14-17:10:28.123171,3,4,3,,,4,206030,
vcomp_run1,vcomp,2026/04/14-17:10:28.123626,3,4,2,,,2,94710,
vcomp_run1,vcomp,2026/04/14-17:10:28.124728,1,2,3,,,3,131913,
vcomp_run1,vcomp,2026/04/14-17:10:28.126676,1,2,6,,,6,355486,
vcomp_run1,vcomp,2026/04/14-17:10:28.129515,2,3,6,,,6,334997,
vcomp_run1,vcomp,2026/04/14-17:10:28.131278,2,3,4,,,3,190927,
vcomp_run1,vcomp,2026/04/14-17:10:28.131290,2,3,8,,,5,335768,
vcomp_run1,vcomp,2026/04/14-17:10:28.131301,2,3,4,,,4,341106,
vcomp_run1,vcomp,2026/04/14-17:10:28.131316,2,3,4,,,5,347187,
vcomp_run1,vcomp,2026/04/14-17:10:28.131406,0,1,11,,,12,754675,
vcomp_run1,vcomp,2026/04/14-17:10:28.133175,1,2,4,,,4,224228,
vcomp_run1,vcomp,2026/04/14-17:10:28.134552,1,2,2,,,2,108480,
vcomp_run1,vcomp,2026/04/14-17:10:28.136970,1,2,4,,,4,241789,
vcomp_run1,vcomp,2026/04/14-17:10:28.139049,1,2,4,,,4,243849,
vcomp_run1,vcomp,2026/04/14-17:10:28.139071,1,2,6,,,7,414176,
vcomp_run1,vcomp,2026/04/14-17:10:28.139085,3,4,3,,,4,199248,
vcomp_run1,vcomp,2026/04/14-17:10:28.139095,3,4,3,,,2,121237,
vcomp_run1,vcomp,2026/04/14-17:10:28.139107,1,2,6,,,6,370001,
vcomp_run1,vcomp,2026/04/14-17:10:28.139124,1,2,6,,,7,394276,
vcomp_run1,vcomp,2026/04/14-17:10:28.139139,3,4,3,,,3,184599,
vcomp_run1,vcomp,2026/04/14-17:10:28.139690,1,2,6,,,6,388655,
vcomp_run1,vcomp,2026/04/14-17:10:28.140088,3,4,3,,,3,184152,
vcomp_run1,vcomp,2026/04/14-17:10:28.141436,2,3,5,,,5,290855,
vcomp_run1,vcomp,2026/04/14-17:10:28.143706,2,3,5,,,3,305293,
vcomp_run1,vcomp,2026/04/14-17:10:28.143723,2,3,6,,,5,340123,
vcomp_run1,vcomp,2026/04/14-17:10:28.143737,2,3,6,,,6,390794,
vcomp_run1,vcomp,2026/04/14-17:10:28.143749,2,3,5,,,5,272349,
vcomp_run1,vcomp,2026/04/14-17:10:28.143764,2,3,7,,,5,438246,
vcomp_run1,vcomp,2026/04/14-17:10:28.143778,2,3,8,,,6,415750,
vcomp_run1,vcomp,2026/04/14-17:10:28.143792,0,1,8,,,8,482440,
vcomp_run1,vcomp,2026/04/14-17:10:28.143809,2,3,10,,,11,640383,
vcomp_run1,vcomp,2026/04/14-17:10:28.144114,2,3,8,,,7,473651,
vcomp_run1,vcomp,2026/04/14-17:10:28.146760,1,2,4,,,4,207430,
vcomp_run1,vcomp,2026/04/14-17:10:28.148854,1,2,6,,,6,381495,
vcomp_run1,vcomp,2026/04/14-17:10:28.148868,1,2,3,,,2,87747,
vcomp_run1,vcomp,2026/04/14-17:10:28.148882,3,4,2,,,2,103277,
vcomp_run1,vcomp,2026/04/14-17:10:28.148893,3,4,3,,,2,112251,
vcomp_run1,vcomp,2026/04/14-17:10:28.148913,1,2,8,,,8,494504,
vcomp_run1,vcomp,2026/04/14-17:10:28.148926,3,4,3,,,4,199680,
vcomp_run1,vcomp,2026/04/14-17:10:28.148943,3,4,3,,,4,201439,
vcomp_run1,vcomp,2026/04/14-17:10:28.148959,3,4,3,,,3,192903,
vcomp_run1,vcomp,2026/04/14-17:10:28.149049,3,4,5,,,7,394906,
vcomp_run1,vcomp,2026/04/14-17:10:28.150744,2,3,2,,,1,77937,
vcomp_run1,vcomp,2026/04/14-17:10:28.153072,2,3,6,,,6,434147,
vcomp_run1,vcomp,2026/04/14-17:10:28.154798,2,3,8,,,7,421520,
vcomp_run1,vcomp,2026/04/14-17:10:28.154813,2,3,10,,,10,575866,
vcomp_run1,vcomp,2026/04/14-17:10:28.156207,0,1,12,,,13,777514,
vcomp_run1,vcomp,2026/04/14-17:10:28.157585,3,4,3,,,3,136797,
vcomp_run1,vcomp,2026/04/14-17:10:28.157690,3,4,3,,,2,127268,
vcomp_run1,vcomp,2026/04/14-17:10:28.160799,1,2,3,,,3,187636,
vcomp_run1,vcomp,2026/04/14-17:10:28.162493,1,2,4,,,4,210860,
vcomp_run1,vcomp,2026/04/14-17:10:28.162566,1,2,3,,,3,195296,
vcomp_run1,vcomp,2026/04/14-17:10:28.162583,1,2,6,,,6,371270,
vcomp_run1,vcomp,2026/04/14-17:10:28.162601,1,2,6,,,6,365006,
vcomp_run1,vcomp,2026/04/14-17:10:28.162932,1,2,3,,,3,167578,
vcomp_run1,vcomp,2026/04/14-17:10:28.164549,1,2,5,,,5,278417,
vcomp_run1,vcomp,2026/04/14-17:10:28.166027,1,2,5,,,4,266591,
vcomp_run1,vcomp,2026/04/14-17:10:28.166434,1,2,7,,,7,401473,
vcomp_run1,vcomp,2026/04/14-17:10:28.169588,2,3,6,,,7,439510,
vcomp_run1,vcomp,2026/04/14-17:10:28.169602,2,3,7,,,6,349310,
vcomp_run1,vcomp,2026/04/14-17:10:28.169616,2,3,4,,,4,302230,
vcomp_run1,vcomp,2026/04/14-17:10:28.169632,2,3,8,,,7,482071,
vcomp_run1,vcomp,2026/04/14-17:10:28.169650,2,3,8,,,8,476376,
vcomp_run1,vcomp,2026/04/14-17:10:28.169666,2,3,8,,,8,492013,
vcomp_run1,vcomp,2026/04/14-17:10:28.170148,2,3,6,,,6,408879,
vcomp_run1,vcomp,2026/04/14-17:10:28.170161,2,3,5,,,5,443836,
vcomp_run1,vcomp,2026/04/14-17:10:28.171558,0,1,8,,,8,508313,
vcomp_run1,vcomp,2026/04/14-17:10:28.171672,0,0,4,,,4,262108,
vcomp_run1,vcomp,2026/04/14-17:10:28.173292,3,4,2,,,3,147031,
vcomp_run1,vcomp,2026/04/14-17:10:28.173302,3,4,2,,,2,94628,
vcomp_run1,vcomp,2026/04/14-17:10:28.173318,3,4,3,,,4,214805,
vcomp_run1,vcomp,2026/04/14-17:10:28.173334,3,4,4,,,5,266228,
vcomp_run1,vcomp,2026/04/14-17:10:28.173909,3,4,4,,,5,319659,
vcomp_run1,vcomp,2026/04/14-17:10:28.175117,1,2,5,,,5,313572,
vcomp_run1,vcomp,2026/04/14-17:10:28.175131,1,2,5,,,6,319232,
vcomp_run1,vcomp,2026/04/14-17:10:28.175147,1,2,6,,,6,371036,
vcomp_run1,vcomp,2026/04/14-17:10:28.175246,1,2,10,,,9,618364,
vcomp_run1,vcomp,2026/04/14-17:10:28.177847,2,3,4,,,4,298582,
vcomp_run1,vcomp,2026/04/14-17:10:28.179505,2,3,7,,,7,392311,
vcomp_run1,vcomp,2026/04/14-17:10:28.179519,0,1,12,,,12,735831,
vcomp_run1,vcomp,2026/04/14-17:10:28.179539,2,3,6,,,6,460907,
vcomp_run1,vcomp,2026/04/14-17:10:28.179675,2,3,4,,,5,287511,
vcomp_run1,vcomp,2026/04/14-17:10:28.181433,1,2,3,,,3,169992,
vcomp_run1,vcomp,2026/04/14-17:10:28.182994,1,2,5,,,5,309626,
vcomp_run1,vcomp,2026/04/14-17:10:28.185887,1,2,3,,,3,166904,
vcomp_run1,vcomp,2026/04/14-17:10:28.187833,1,2,8,,,8,458111,
vcomp_run1,vcomp,2026/04/14-17:10:28.188126,3,4,3,,,3,159836,
vcomp_run1,vcomp,2026/04/14-17:10:28.188484,3,4,5,,,5,316673,
vcomp_run1,vcomp,2026/04/14-17:10:28.188505,3,4,2,,,2,97419,
vcomp_run1,vcomp,2026/04/14-17:10:28.188521,1,2,5,,,5,316718,
vcomp_run1,vcomp,2026/04/14-17:10:28.188536,1,2,4,,,4,278841,
vcomp_run1,vcomp,2026/04/14-17:10:28.188551,1,2,7,,,7,436205,
vcomp_run1,vcomp,2026/04/14-17:10:28.188749,1,2,4,,,3,173065,
vcomp_run1,vcomp,2026/04/14-17:10:28.189705,1,2,5,,,4,255036,
vcomp_run1,vcomp,2026/04/14-17:10:28.191464,2,3,4,,,5,226368,
vcomp_run1,vcomp,2026/04/14-17:10:28.191475,2,3,5,,,5,319984,
vcomp_run1,vcomp,2026/04/14-17:10:28.191490,2,3,6,,,6,399156,
vcomp_run1,vcomp,2026/04/14-17:10:28.191503,2,3,6,,,5,344306,
vcomp_run1,vcomp,2026/04/14-17:10:28.191774,2,3,7,,,7,519502,
vcomp_run1,vcomp,2026/04/14-17:10:28.193585,2,3,7,,,8,540707,
vcomp_run1,vcomp,2026/04/14-17:10:28.193598,2,3,8,,,9,462996,
vcomp_run1,vcomp,2026/04/14-17:10:28.193613,2,3,8,,,6,459769,
vcomp_run1,vcomp,2026/04/14-17:10:28.193628,2,3,9,,,8,511893,
vcomp_run1,vcomp,2026/04/14-17:10:28.193932,0,1,7,,,8,460591,
vcomp_run1,vcomp,2026/04/14-17:10:28.196584,1,2,4,,,4,253576,
vcomp_run1,vcomp,2026/04/14-17:10:28.198739,1,2,5,,,6,342630,
vcomp_run1,vcomp,2026/04/14-17:10:28.198751,3,4,3,,,2,111646,
vcomp_run1,vcomp,2026/04/14-17:10:28.198764,3,4,2,,,2,82074,
vcomp_run1,vcomp,2026/04/14-17:10:28.198781,1,2,4,,,4,243913,
vcomp_run1,vcomp,2026/04/14-17:10:28.198793,3,4,2,,,2,105836,
vcomp_run1,vcomp,2026/04/14-17:10:28.198804,3,4,2,,,2,109342,
vcomp_run1,vcomp,2026/04/14-17:10:28.198817,1,2,8,,,9,506261,
vcomp_run1,vcomp,2026/04/14-17:10:28.198829,3,4,3,,,2,119579,
vcomp_run1,vcomp,2026/04/14-17:10:28.198842,3,4,2,,,2,100371,
vcomp_run1,vcomp,2026/04/14-17:10:28.198853,3,4,3,,,3,184967,
vcomp_run1,vcomp,2026/04/14-17:10:28.198969,3,4,4,,,4,227192,
vcomp_run1,vcomp,2026/04/14-17:10:28.201120,2,3,8,,,7,421568,
vcomp_run1,vcomp,2026/04/14-17:10:28.202804,2,3,6,,,5,314959,
vcomp_run1,vcomp,2026/04/14-17:10:28.205583,2,3,5,,,6,383347,
vcomp_run1,vcomp,2026/04/14-17:10:28.207192,0,1,12,,,13,742121,
vcomp_run1,vcomp,2026/04/14-17:10:28.208754,3,4,2,,,3,161809,
vcomp_run1,vcomp,2026/04/14-17:10:28.208770,3,4,2,,,3,170663,
vcomp_run1,vcomp,2026/04/14-17:10:28.208874,3,4,4,,,5,276997,
vcomp_run1,vcomp,2026/04/14-17:10:28.210588,1,2,4,,,4,241493,
vcomp_run1,vcomp,2026/04/14-17:10:28.213048,1,2,3,,,3,175881,
vcomp_run1,vcomp,2026/04/14-17:10:28.214783,1,2,4,,,4,259889,
vcomp_run1,vcomp,2026/04/14-17:10:28.215061,1,2,4,,,4,218165,
vcomp_run1,vcomp,2026/04/14-17:10:28.215084,1,2,6,,,6,401725,
vcomp_run1,vcomp,2026/04/14-17:10:28.215091,1,2,4,,,4,230966,
vcomp_run1,vcomp,2026/04/14-17:10:28.215482,1,2,2,,,2,80085,
vcomp_run1,vcomp,2026/04/14-17:10:28.215488,1,2,6,,,6,377876,
vcomp_run1,vcomp,2026/04/14-17:10:28.216924,1,2,6,,,6,350068,
vcomp_run1,vcomp,2026/04/14-17:10:28.218727,2,3,4,,,4,256225,
vcomp_run1,vcomp,2026/04/14-17:10:28.218740,2,3,6,,,6,407481,
vcomp_run1,vcomp,2026/04/14-17:10:28.218814,2,3,6,,,5,378463,
vcomp_run1,vcomp,2026/04/14-17:10:28.220891,2,3,8,,,8,424858,
vcomp_run1,vcomp,2026/04/14-17:10:28.220905,2,3,7,,,6,438004,
vcomp_run1,vcomp,2026/04/14-17:10:28.220919,2,3,7,,,6,413633,
vcomp_run1,vcomp,2026/04/14-17:10:28.220940,0,1,8,,,8,506002,
vcomp_run1,vcomp,2026/04/14-17:10:28.221278,2,3,7,,,6,381796,
vcomp_run1,vcomp,2026/04/14-17:10:28.221444,2,3,7,,,5,356797,
vcomp_run1,vcomp,2026/04/14-17:10:28.223116,3,4,2,,,2,110803,
vcomp_run1,vcomp,2026/04/14-17:10:28.225210,1,2,3,,,2,108198,
vcomp_run1,vcomp,2026/04/14-17:10:28.225226,3,4,2,,,2,110690,
vcomp_run1,vcomp,2026/04/14-17:10:28.225243,1,2,7,,,7,425068,
vcomp_run1,vcomp,2026/04/14-17:10:28.225258,3,4,4,,,4,221214,
vcomp_run1,vcomp,2026/04/14-17:10:28.225275,1,2,5,,,5,320566,
vcomp_run1,vcomp,2026/04/14-17:10:28.225290,3,4,3,,,3,184040,
vcomp_run1,vcomp,2026/04/14-17:10:28.225309,1,2,10,,,11,633817,
vcomp_run1,vcomp,2026/04/14-17:10:28.225411,3,4,5,,,5,294945,
vcomp_run1,vcomp,2026/04/14-17:10:28.227790,2,3,9,,,9,459116,
vcomp_run1,vcomp,2026/04/14-17:10:28.230453,2,3,9,,,8,471887,
vcomp_run1,vcomp,2026/04/14-17:10:28.232033,2,3,9,,,8,529116,
vcomp_run1,vcomp,2026/04/14-17:10:28.232054,2,3,8,,,7,465686,
vcomp_run1,vcomp,2026/04/14-17:10:28.232151,0,1,12,,,13,789941,
vcomp_run1,vcomp,2026/04/14-17:10:28.233999,1,2,3,,,3,163588,
vcomp_run1,vcomp,2026/04/14-17:10:28.235494,1,2,3,,,3,189511,
vcomp_run1,vcomp,2026/04/14-17:10:28.237055,1,2,6,,,5,338203,
vcomp_run1,vcomp,2026/04/14-17:10:28.239718,1,2,5,,,4,214234,
vcomp_run1,vcomp,2026/04/14-17:10:28.241746,1,2,5,,,5,286436,
vcomp_run1,vcomp,2026/04/14-17:10:28.241806,1,2,6,,,6,360778,
vcomp_run1,vcomp,2026/04/14-17:10:28.241825,3,4,2,,,2,106182,
vcomp_run1,vcomp,2026/04/14-17:10:28.241837,1,2,6,,,6,379801,
vcomp_run1,vcomp,2026/04/14-17:10:28.241851,3,4,3,,,3,150151,
vcomp_run1,vcomp,2026/04/14-17:10:28.241863,3,4,4,,,3,193523,
vcomp_run1,vcomp,2026/04/14-17:10:28.241881,1,2,8,,,8,497903,
vcomp_run1,vcomp,2026/04/14-17:10:28.241897,1,2,4,,,4,256629,
vcomp_run1,vcomp,2026/04/14-17:10:28.242054,3,4,2,,,2,95271,
vcomp_run1,vcomp,2026/04/14-17:10:28.243396,2,3,4,,,5,273165,
vcomp_run1,vcomp,2026/04/14-17:10:28.245699,2,3,2,,,2,77766,
vcomp_run1,vcomp,2026/04/14-17:10:28.245713,2,3,6,,,6,414074,
vcomp_run1,vcomp,2026/04/14-17:10:28.245730,2,3,7,,,7,480900,
vcomp_run1,vcomp,2026/04/14-17:10:28.245744,2,3,9,,,8,475466,
vcomp_run1,vcomp,2026/04/14-17:10:28.245759,2,3,8,,,8,550730,
vcomp_run1,vcomp,2026/04/14-17:10:28.245773,2,3,10,,,10,603563,
vcomp_run1,vcomp,2026/04/14-17:10:28.245791,2,3,10,,,9,547921,
vcomp_run1,vcomp,2026/04/14-17:10:28.245805,2,3,9,,,8,542085,
vcomp_run1,vcomp,2026/04/14-17:10:28.245900,0,1,8,,,8,490197,
vcomp_run1,vcomp,2026/04/14-17:10:28.248501,1,2,4,,,3,184880,
vcomp_run1,vcomp,2026/04/14-17:10:28.250550,1,2,5,,,5,304911,
vcomp_run1,vcomp,2026/04/14-17:10:28.250566,1,2,4,,,4,198185,
vcomp_run1,vcomp,2026/04/14-17:10:28.250577,3,4,2,,,2,98833,
vcomp_run1,vcomp,2026/04/14-17:10:28.250591,1,2,5,,,5,303405,
vcomp_run1,vcomp,2026/04/14-17:10:28.250605,3,4,3,,,4,198891,
vcomp_run1,vcomp,2026/04/14-17:10:28.250617,3,4,3,,,3,190565,
vcomp_run1,vcomp,2026/04/14-17:10:28.250629,3,4,4,,,5,264405,
vcomp_run1,vcomp,2026/04/14-17:10:28.250644,3,4,2,,,2,94389,
vcomp_run1,vcomp,2026/04/14-17:10:28.250657,3,4,4,,,4,199370,
vcomp_run1,vcomp,2026/04/14-17:10:28.250739,3,4,3,,,2,117761,
vcomp_run1,vcomp,2026/04/14-17:10:28.252949,2,3,7,,,5,473840,
vcomp_run1,vcomp,2026/04/14-17:10:28.254928,2,3,8,,,9,465199,
vcomp_run1,vcomp,2026/04/14-17:10:28.257471,2,3,7,,,7,449343,
vcomp_run1,vcomp,2026/04/14-17:10:28.258994,0,1,12,,,13,784327,
vcomp_run1,vcomp,2026/04/14-17:10:28.260568,3,4,2,,,2,94476,
vcomp_run1,vcomp,2026/04/14-17:10:28.260586,3,4,3,,,3,181682,
vcomp_run1,vcomp,2026/04/14-17:10:28.260678,3,4,4,,,4,245432,
vcomp_run1,vcomp,2026/04/14-17:10:28.262458,1,2,4,,,4,231738,
vcomp_run1,vcomp,2026/04/14-17:10:28.264070,1,2,5,,,5,305545,
vcomp_run1,vcomp,2026/04/14-17:10:28.266855,1,2,5,,,5,297995,
vcomp_run1,vcomp,2026/04/14-17:10:28.268825,1,2,6,,,6,403982,
vcomp_run1,vcomp,2026/04/14-17:10:28.268830,1,2,5,,,5,287604,
vcomp_run1,vcomp,2026/04/14-17:10:28.269051,1,2,4,,,4,241603,
vcomp_run1,vcomp,2026/04/14-17:10:28.269067,1,2,6,,,6,375967,
vcomp_run1,vcomp,2026/04/14-17:10:28.269710,1,2,5,,,5,273010,
vcomp_run1,vcomp,2026/04/14-17:10:28.270174,2,3,3,,,3,176520,
vcomp_run1,vcomp,2026/04/14-17:10:28.272005,2,3,7,,,6,396810,
vcomp_run1,vcomp,2026/04/14-17:10:28.272019,1,2,4,,,3,200768,
vcomp_run1,vcomp,2026/04/14-17:10:28.272036,2,3,6,,,5,418402,
vcomp_run1,vcomp,2026/04/14-17:10:28.272054,2,3,8,,,8,470760,
vcomp_run1,vcomp,2026/04/14-17:10:28.272071,2,3,9,,,7,471598,
vcomp_run1,vcomp,2026/04/14-17:10:28.272302,2,3,4,,,4,362038,
vcomp_run1,vcomp,2026/04/14-17:10:28.274609,2,3,6,,,6,370531,
vcomp_run1,vcomp,2026/04/14-17:10:28.276163,2,3,5,,,5,405184,
vcomp_run1,vcomp,2026/04/14-17:10:28.276930,2,3,7,,,8,483126,
vcomp_run1,vcomp,2026/04/14-17:10:28.278145,0,1,12,,,13,767436,
vcomp_run1,vcomp,2026/04/14-17:10:28.278650,3,4,2,,,2,121972,
vcomp_run1,vcomp,2026/04/14-17:10:28.279854,3,4,2,,,2,110347,
vcomp_run1,vcomp,2026/04/14-17:10:28.279864,3,4,2,,,2,115547,
vcomp_run1,vcomp,2026/04/14-17:10:28.279878,3,4,3,,,4,212377,
vcomp_run1,vcomp,2026/04/14-17:10:28.279892,3,4,2,,,2,97673,
vcomp_run1,vcomp,2026/04/14-17:10:28.279996,3,4,4,,,4,245418,
vcomp_run1,vcomp,2026/04/14-17:10:28.282610,1,2,3,,,3,171470,
vcomp_run1,vcomp,2026/04/14-17:10:28.284209,1,2,3,,,3,176644,
vcomp_run1,vcomp,2026/04/14-17:10:28.284224,1,2,6,,,6,373168,
vcomp_run1,vcomp,2026/04/14-17:10:28.284237,1,2,4,,,5,253725,
vcomp_run1,vcomp,2026/04/14-17:10:28.284250,1,2,4,,,3,181873,
vcomp_run1,vcomp,2026/04/14-17:10:28.284413,1,2,8,,,8,530875,
vcomp_run1,vcomp,2026/04/14-17:10:28.285979,1,2,4,,,4,227693,
vcomp_run1,vcomp,2026/04/14-17:10:28.287478,1,2,3,,,4,189745,
vcomp_run1,vcomp,2026/04/14-17:10:28.287575,1,2,7,,,7,410414,
vcomp_run1,vcomp,2026/04/14-17:10:28.289069,2,3,3,,,3,170090,
vcomp_run1,vcomp,2026/04/14-17:10:28.291495,2,3,6,,,6,350463,
vcomp_run1,vcomp,2026/04/14-17:10:28.291840,0,1,8,,,9,506045,
vcomp_run1,vcomp,2026/04/14-17:10:28.291859,2,3,9,,,9,564306,
vcomp_run1,vcomp,2026/04/14-17:10:28.291874,2,3,7,,,8,438412,
vcomp_run1,vcomp,2026/04/14-17:10:28.291901,2,3,6,,,6,337534,
vcomp_run1,vcomp,2026/04/14-17:10:28.291919,2,3,6,,,7,440207,
vcomp_run1,vcomp,2026/04/14-17:10:28.292311,2,3,6,,,6,424534,
vcomp_run1,vcomp,2026/04/14-17:10:28.292332,2,3,8,,,8,499271,
vcomp_run1,vcomp,2026/04/14-17:10:28.293140,2,3,7,,,6,419555,
vcomp_run1,vcomp,2026/04/14-17:10:28.293408,1,2,2,,,2,103098,
vcomp_run1,vcomp,2026/04/14-17:10:28.295794,1,2,7,,,6,385110,
vcomp_run1,vcomp,2026/04/14-17:10:28.295805,3,4,3,,,3,135103,
vcomp_run1,vcomp,2026/04/14-17:10:28.295821,3,4,2,,,2,106079,
vcomp_run1,vcomp,2026/04/14-17:10:28.295833,3,4,3,,,3,165207,
vcomp_run1,vcomp,2026/04/14-17:10:28.295848,1,2,7,,,6,379681,
vcomp_run1,vcomp,2026/04/14-17:10:28.295865,3,4,2,,,2,105950,
vcomp_run1,vcomp,2026/04/14-17:10:28.295881,1,2,8,,,8,493242,
vcomp_run1,vcomp,2026/04/14-17:10:28.295897,3,4,4,,,4,227574,
vcomp_run1,vcomp,2026/04/14-17:10:28.295913,3,4,3,,,3,193724,
vcomp_run1,vcomp,2026/04/14-17:10:28.295926,3,4,4,,,3,179110,
vcomp_run1,vcomp,2026/04/14-17:10:28.296015,3,4,3,,,6,332833,
vcomp_run1,vcomp,2026/04/14-17:10:28.297952,2,3,4,,,4,245792,
vcomp_run1,vcomp,2026/04/14-17:10:28.300502,2,3,6,,,5,329450,
vcomp_run1,vcomp,2026/04/14-17:10:28.301914,2,3,6,,,6,406749,
vcomp_run1,vcomp,2026/04/14-17:10:28.301929,2,3,7,,,7,474439,
vcomp_run1,vcomp,2026/04/14-17:10:28.303504,0,1,13,,,13,782867,
vcomp_run1,vcomp,2026/04/14-17:10:28.305008,3,4,5,,,5,264355,
vcomp_run1,vcomp,2026/04/14-17:10:28.305107,3,4,4,,,3,189210,
vcomp_run1,vcomp,2026/04/14-17:10:28.306849,1,2,4,,,4,247431,
vcomp_run1,vcomp,2026/04/14-17:10:28.309576,1,2,3,,,3,194360,
vcomp_run1,vcomp,2026/04/14-17:10:28.311389,1,2,4,,,4,255101,
vcomp_run1,vcomp,2026/04/14-17:10:28.311763,1,2,4,,,3,232883,
vcomp_run1,vcomp,2026/04/14-17:10:28.311769,1,2,4,,,4,241393,
vcomp_run1,vcomp,2026/04/14-17:10:28.311787,1,2,4,,,4,234133,
vcomp_run1,vcomp,2026/04/14-17:10:28.311947,1,2,4,,,5,248034,
vcomp_run1,vcomp,2026/04/14-17:10:28.312972,1,2,4,,,4,240074,
vcomp_run1,vcomp,2026/04/14-17:10:28.314416,1,2,3,,,3,150899,
vcomp_run1,vcomp,2026/04/14-17:10:28.314518,1,2,6,,,6,379135,
vcomp_run1,vcomp,2026/04/14-17:10:28.318473,2,3,6,,,5,365770,
vcomp_run1,vcomp,2026/04/14-17:10:28.318486,2,3,4,,,5,318326,
vcomp_run1,vcomp,2026/04/14-17:10:28.318502,2,3,6,,,7,421438,
vcomp_run1,vcomp,2026/04/14-17:10:28.318519,2,3,6,,,6,414547,
vcomp_run1,vcomp,2026/04/14-17:10:28.318532,2,3,6,,,5,409501,
vcomp_run1,vcomp,2026/04/14-17:10:28.318548,2,3,7,,,7,435746,
vcomp_run1,vcomp,2026/04/14-17:10:28.318560,2,3,6,,,5,358178,
vcomp_run1,vcomp,2026/04/14-17:10:28.318575,2,3,7,,,7,580158,
vcomp_run1,vcomp,2026/04/14-17:10:28.318894,0,1,7,,,8,465964,
vcomp_run1,vcomp,2026/04/14-17:10:28.320500,0,0,4,,,4,262118,
vcomp_run1,vcomp,2026/04/14-17:10:28.322579,1,2,3,,,3,177525,
vcomp_run1,vcomp,2026/04/14-17:10:28.322599,1,2,4,,,4,244041,
vcomp_run1,vcomp,2026/04/14-17:10:28.322613,3,4,3,,,3,180819,
vcomp_run1,vcomp,2026/04/14-17:10:28.322624,3,4,2,,,2,107041,
vcomp_run1,vcomp,2026/04/14-17:10:28.322636,1,2,4,,,5,279137,
vcomp_run1,vcomp,2026/04/14-17:10:28.322647,3,4,2,,,2,94471,
vcomp_run1,vcomp,2026/04/14-17:10:28.322662,3,4,4,,,4,203106,
vcomp_run1,vcomp,2026/04/14-17:10:28.322839,3,4,4,,,4,250615,
vcomp_run1,vcomp,2026/04/14-17:10:28.322937,3,4,4,,,4,252542,
vcomp_run1,vcomp,2026/04/14-17:10:28.325117,1,2,7,,,7,425769,
vcomp_run1,vcomp,2026/04/14-17:10:28.326819,2,3,6,,,6,336349,
vcomp_run1,vcomp,2026/04/14-17:10:28.328426,2,3,5,,,6,317388,
vcomp_run1,vcomp,2026/04/14-17:10:28.328438,2,3,7,,,7,534211,
vcomp_run1,vcomp,2026/04/14-17:10:28.328533,0,1,12,,,13,755710,
vcomp_run1,vcomp,2026/04/14-17:10:28.330234,1,2,3,,,3,165903,
vcomp_run1,vcomp,2026/04/14-17:10:28.332784,1,2,3,,,3,152923,
vcomp_run1,vcomp,2026/04/14-17:10:28.334931,1,2,5,,,5,299672,
vcomp_run1,vcomp,2026/04/14-17:10:28.334945,1,2,5,,,5,276954,
vcomp_run1,vcomp,2026/04/14-17:10:28.334961,3,4,2,,,3,140407,
vcomp_run1,vcomp,2026/04/14-17:10:28.334979,1,2,2,,,1,35111,
vcomp_run1,vcomp,2026/04/14-17:10:28.334993,3,4,4,,,4,242897,
vcomp_run1,vcomp,2026/04/14-17:10:28.335332,1,2,4,,,4,239780,
vcomp_run1,vcomp,2026/04/14-17:10:28.335317,1,2,7,,,6,415392,
vcomp_run1,vcomp,2026/04/14-17:10:28.335433,1,2,5,,,4,236615,
vcomp_run1,vcomp,2026/04/14-17:10:28.336576,1,2,4,,,4,278589,
vcomp_run1,vcomp,2026/04/14-17:10:28.338233,2,3,5,,,6,409123,
vcomp_run1,vcomp,2026/04/14-17:10:28.338864,1,2,6,,,6,366512,
vcomp_run1,vcomp,2026/04/14-17:10:28.339862,2,3,5,,,5,371439,
vcomp_run1,vcomp,2026/04/14-17:10:28.340045,2,3,8,,,7,470415,
vcomp_run1,vcomp,2026/04/14-17:10:28.341762,2,3,7,,,7,453472,
vcomp_run1,vcomp,2026/04/14-17:10:28.341778,2,3,5,,,6,378975,
vcomp_run1,vcomp,2026/04/14-17:10:28.341791,2,3,7,,,8,455786,
vcomp_run1,vcomp,2026/04/14-17:10:28.341804,2,3,6,,,6,386651,
vcomp_run1,vcomp,2026/04/14-17:10:28.341818,2,3,7,,,7,487874,
vcomp_run1,vcomp,2026/04/14-17:10:28.341833,2,3,9,,,8,520501,
vcomp_run1,vcomp,2026/04/14-17:10:28.341938,0,1,7,,,8,470880,
vcomp_run1,vcomp,2026/04/14-17:10:28.343966,3,4,3,,,3,177491,
vcomp_run1,vcomp,2026/04/14-17:10:28.346226,3,4,2,,,2,101380,
vcomp_run1,vcomp,2026/04/14-17:10:28.346238,1,2,4,,,5,262790,
vcomp_run1,vcomp,2026/04/14-17:10:28.346252,1,2,6,,,6,331808,
vcomp_run1,vcomp,2026/04/14-17:10:28.346268,3,4,3,,,4,198217,
vcomp_run1,vcomp,2026/04/14-17:10:28.346278,3,4,3,,,3,150950,
vcomp_run1,vcomp,2026/04/14-17:10:28.346301,1,2,4,,,4,232657,
vcomp_run1,vcomp,2026/04/14-17:10:28.346317,3,4,4,,,4,241084,
vcomp_run1,vcomp,2026/04/14-17:10:28.346336,3,4,3,,,3,176660,
vcomp_run1,vcomp,2026/04/14-17:10:28.346352,1,2,9,,,9,565742,
vcomp_run1,vcomp,2026/04/14-17:10:28.346363,3,4,3,,,3,144363,
vcomp_run1,vcomp,2026/04/14-17:10:28.346498,3,4,3,,,3,177234,
vcomp_run1,vcomp,2026/04/14-17:10:28.348482,2,3,3,,,3,190756,
vcomp_run1,vcomp,2026/04/14-17:10:28.350246,2,3,7,,,5,443287,
vcomp_run1,vcomp,2026/04/14-17:10:28.353227,2,3,5,,,5,361608,
vcomp_run1,vcomp,2026/04/14-17:10:28.354751,2,3,7,,,5,374694,
vcomp_run1,vcomp,2026/04/14-17:10:28.354861,0,1,12,,,13,747675,
vcomp_run1,vcomp,2026/04/14-17:10:28.356615,1,2,3,,,3,172848,
vcomp_run1,vcomp,2026/04/14-17:10:28.358077,1,2,3,,,3,171264,
vcomp_run1,vcomp,2026/04/14-17:10:28.359558,1,2,4,,,4,225236,
vcomp_run1,vcomp,2026/04/14-17:10:28.362400,1,2,4,,,4,236107,
vcomp_run1,vcomp,2026/04/14-17:10:28.364929,3,4,2,,,2,96468,
vcomp_run1,vcomp,2026/04/14-17:10:28.364947,1,2,6,,,5,290238,
vcomp_run1,vcomp,2026/04/14-17:10:28.364964,1,2,5,,,5,300841,
vcomp_run1,vcomp,2026/04/14-17:10:28.364987,3,4,3,,,3,178226,
vcomp_run1,vcomp,2026/04/14-17:10:28.364998,3,4,3,,,3,171980,
vcomp_run1,vcomp,2026/04/14-17:10:28.365013,1,2,6,,,6,373031,
vcomp_run1,vcomp,2026/04/14-17:10:28.365246,3,4,4,,,4,218966,
vcomp_run1,vcomp,2026/04/14-17:10:28.365408,1,2,7,,,7,443362,
vcomp_run1,vcomp,2026/04/14-17:10:28.365414,1,2,4,,,4,227748,
vcomp_run1,vcomp,2026/04/14-17:10:28.366350,2,3,6,,,4,321240,
vcomp_run1,vcomp,2026/04/14-17:10:28.368446,2,3,4,,,4,282170,
vcomp_run1,vcomp,2026/04/14-17:10:28.368460,2,3,6,,,5,345505,
vcomp_run1,vcomp,2026/04/14-17:10:28.368474,2,3,6,,,5,400209,
vcomp_run1,vcomp,2026/04/14-17:10:28.368492,2,3,6,,,6,341925,
vcomp_run1,vcomp,2026/04/14-17:10:28.368506,2,3,7,,,7,445853,
vcomp_run1,vcomp,2026/04/14-17:10:28.368521,2,3,8,,,7,432020,
vcomp_run1,vcomp,2026/04/14-17:10:28.368535,0,1,8,,,8,504950,
vcomp_run1,vcomp,2026/04/14-17:10:28.368632,2,3,8,,,8,510428,
vcomp_run1,vcomp,2026/04/14-17:10:28.371867,1,2,6,,,6,339774,
vcomp_run1,vcomp,2026/04/14-17:10:28.373991,1,2,4,,,4,242702,
vcomp_run1,vcomp,2026/04/14-17:10:28.374001,3,4,2,,,2,112329,
vcomp_run1,vcomp,2026/04/14-17:10:28.374018,1,2,5,,,5,276536,
vcomp_run1,vcomp,2026/04/14-17:10:28.374028,3,4,2,,,2,88673,
vcomp_run1,vcomp,2026/04/14-17:10:28.374044,1,2,7,,,7,426829,
vcomp_run1,vcomp,2026/04/14-17:10:28.374056,3,4,4,,,4,198585,
vcomp_run1,vcomp,2026/04/14-17:10:28.374069,3,4,4,,,4,197468,
vcomp_run1,vcomp,2026/04/14-17:10:28.374187,3,4,4,,,5,291256,
vcomp_run1,vcomp,2026/04/14-17:10:28.375945,2,3,2,,,2,85970,
vcomp_run1,vcomp,2026/04/14-17:10:28.377535,2,3,5,,,4,295492,
vcomp_run1,vcomp,2026/04/14-17:10:28.379146,2,3,6,,,5,337405,
vcomp_run1,vcomp,2026/04/14-17:10:28.382148,2,3,7,,,7,401441,
vcomp_run1,vcomp,2026/04/14-17:10:28.383762,2,3,8,,,8,497024,
vcomp_run1,vcomp,2026/04/14-17:10:28.383885,0,1,12,,,13,753774,
vcomp_run1,vcomp,2026/04/14-17:10:28.385638,1,2,3,,,3,167562,
vcomp_run1,vcomp,2026/04/14-17:10:28.387321,1,2,4,,,4,250600,
vcomp_run1,vcomp,2026/04/14-17:10:28.390180,1,2,5,,,6,336112,
vcomp_run1,vcomp,2026/04/14-17:10:28.392398,1,2,4,,,4,219158,
vcomp_run1,vcomp,2026/04/14-17:10:28.392417,1,2,5,,,5,271961,
vcomp_run1,vcomp,2026/04/14-17:10:28.392432,1,2,5,,,5,305796,
vcomp_run1,vcomp,2026/04/14-17:10:28.392451,1,2,5,,,5,312244,
vcomp_run1,vcomp,2026/04/14-17:10:28.392463,3,4,3,,,3,139091,
vcomp_run1,vcomp,2026/04/14-17:10:28.392479,3,4,4,,,3,186821,
vcomp_run1,vcomp,2026/04/14-17:10:28.392494,3,4,2,,,2,89973,
vcomp_run1,vcomp,2026/04/14-17:10:28.392507,1,2,5,,,4,274514,
vcomp_run1,vcomp,2026/04/14-17:10:28.392522,3,4,3,,,3,144002,
vcomp_run1,vcomp,2026/04/14-17:10:28.392623,3,4,5,,,5,288682,
vcomp_run1,vcomp,2026/04/14-17:10:28.394574,2,3,6,,,6,363526,
vcomp_run1,vcomp,2026/04/14-17:10:28.396338,1,2,5,,,5,287274,
vcomp_run1,vcomp,2026/04/14-17:10:28.396353,2,3,6,,,5,396043,
vcomp_run1,vcomp,2026/04/14-17:10:28.396367,2,3,7,,,7,436401,
vcomp_run1,vcomp,2026/04/14-17:10:28.396610,2,3,8,,,9,538704,
vcomp_run1,vcomp,2026/04/14-17:10:28.399164,2,3,5,,,5,374175,
vcomp_run1,vcomp,2026/04/14-17:10:28.400934,2,3,8,,,7,462206,
vcomp_run1,vcomp,2026/04/14-17:10:28.400952,2,3,7,,,8,500963,
vcomp_run1,vcomp,2026/04/14-17:10:28.400971,0,1,12,,,13,758002,
vcomp_run1,vcomp,2026/04/14-17:10:28.401080,2,3,8,,,7,489037,
vcomp_run1,vcomp,2026/04/14-17:10:28.402986,1,2,3,,,3,182972,
vcomp_run1,vcomp,2026/04/14-17:10:28.404490,1,2,3,,,3,188412,
vcomp_run1,vcomp,2026/04/14-17:10:28.407055,1,2,5,,,5,274649,
vcomp_run1,vcomp,2026/04/14-17:10:28.409312,1,2,2,,,2,79031,
vcomp_run1,vcomp,2026/04/14-17:10:28.409477,1,2,4,,,4,235507,
vcomp_run1,vcomp,2026/04/14-17:10:28.409694,3,4,2,,,2,108298,
vcomp_run1,vcomp,2026/04/14-17:10:28.409705,3,4,3,,,5,266321,
vcomp_run1,vcomp,2026/04/14-17:10:28.409723,3,4,4,,,4,261592,
vcomp_run1,vcomp,2026/04/14-17:10:28.409740,1,2,11,,,10,634220,
vcomp_run1,vcomp,2026/04/14-17:10:28.409771,1,2,5,,,5,286114,
vcomp_run1,vcomp,2026/04/14-17:10:28.409785,3,4,3,,,2,129748,
vcomp_run1,vcomp,2026/04/14-17:10:28.409797,1,2,6,,,5,340848,
vcomp_run1,vcomp,2026/04/14-17:10:28.410262,3,4,3,,,3,142507,
vcomp_run1,vcomp,2026/04/14-17:10:28.410329,3,4,3,,,3,167992,
vcomp_run1,vcomp,2026/04/14-17:10:28.410822,2,3,2,,,2,141274,
vcomp_run1,vcomp,2026/04/14-17:10:28.412438,2,3,5,,,5,308025,
vcomp_run1,vcomp,2026/04/14-17:10:28.412449,1,2,5,,,5,312089,
vcomp_run1,vcomp,2026/04/14-17:10:28.412462,2,3,4,,,3,245104,
vcomp_run1,vcomp,2026/04/14-17:10:28.412583,2,3,4,,,6,377326,
vcomp_run1,vcomp,2026/04/14-17:10:28.415738,2,3,8,,,8,432554,
vcomp_run1,vcomp,2026/04/14-17:10:28.417686,2,3,6,,,6,395994,
vcomp_run1,vcomp,2026/04/14-17:10:28.417702,2,3,6,,,6,395329,
vcomp_run1,vcomp,2026/04/14-17:10:28.417717,2,3,7,,,7,402877,
vcomp_run1,vcomp,2026/04/14-17:10:28.417732,2,3,8,,,8,534326,
vcomp_run1,vcomp,2026/04/14-17:10:28.417828,0,1,12,,,11,761594,
vcomp_run1,vcomp,2026/04/14-17:10:28.419846,1,2,3,,,4,212457,
vcomp_run1,vcomp,2026/04/14-17:10:28.421615,1,2,5,,,6,341171,
vcomp_run1,vcomp,2026/04/14-17:10:28.424466,1,2,6,,,5,332383,
vcomp_run1,vcomp,2026/04/14-17:10:28.426694,1,2,5,,,4,264544,
vcomp_run1,vcomp,2026/04/14-17:10:28.426707,3,4,2,,,2,97051,
vcomp_run1,vcomp,2026/04/14-17:10:28.426722,1,2,7,,,8,460401,
vcomp_run1,vcomp,2026/04/14-17:10:28.426736,3,4,2,,,2,97289,
vcomp_run1,vcomp,2026/04/14-17:10:28.426749,3,4,2,,,2,105510,
vcomp_run1,vcomp,2026/04/14-17:10:28.426761,3,4,2,,,2,101585,
vcomp_run1,vcomp,2026/04/14-17:10:28.426771,3,4,3,,,3,168196,
vcomp_run1,vcomp,2026/04/14-17:10:28.426785,3,4,3,,,3,146062,
vcomp_run1,vcomp,2026/04/14-17:10:28.427039,1,2,6,,,6,397472,
vcomp_run1,vcomp,2026/04/14-17:10:28.427204,3,4,4,,,4,214099,
vcomp_run1,vcomp,2026/04/14-17:10:28.427210,3,4,2,,,2,123737,
vcomp_run1,vcomp,2026/04/14-17:10:28.428293,1,2,7,,,8,464763,
vcomp_run1,vcomp,2026/04/14-17:10:28.429877,2,3,5,,,5,360106,
vcomp_run1,vcomp,2026/04/14-17:10:28.431959,2,3,6,,,6,392366,
vcomp_run1,vcomp,2026/04/14-17:10:28.431974,2,3,6,,,6,375700,
vcomp_run1,vcomp,2026/04/14-17:10:28.431990,2,3,7,,,6,351542,
vcomp_run1,vcomp,2026/04/14-17:10:28.432007,2,3,8,,,9,555100,
vcomp_run1,vcomp,2026/04/14-17:10:28.432019,2,3,7,,,7,474121,
vcomp_run1,vcomp,2026/04/14-17:10:28.432035,2,3,8,,,10,557559,
vcomp_run1,vcomp,2026/04/14-17:10:28.432123,0,1,8,,,9,497016,
vcomp_run1,vcomp,2026/04/14-17:10:28.434825,1,2,5,,,4,275580,
vcomp_run1,vcomp,2026/04/14-17:10:28.437040,1,2,5,,,5,308177,
vcomp_run1,vcomp,2026/04/14-17:10:28.437050,3,4,2,,,2,99268,
vcomp_run1,vcomp,2026/04/14-17:10:28.437068,1,2,6,,,7,366082,
vcomp_run1,vcomp,2026/04/14-17:10:28.437077,3,4,3,,,3,145562,
vcomp_run1,vcomp,2026/04/14-17:10:28.437092,3,4,2,,,2,98577,
vcomp_run1,vcomp,2026/04/14-17:10:28.437108,3,4,2,,,2,93792,
vcomp_run1,vcomp,2026/04/14-17:10:28.437126,3,4,3,,,3,166280,
vcomp_run1,vcomp,2026/04/14-17:10:28.437145,1,2,11,,,11,657646,
vcomp_run1,vcomp,2026/04/14-17:10:28.437160,3,4,4,,,4,232274,
vcomp_run1,vcomp,2026/04/14-17:10:28.437291,3,4,4,,,3,194594,
vcomp_run1,vcomp,2026/04/14-17:10:28.439433,2,3,7,,,8,422417,
vcomp_run1,vcomp,2026/04/14-17:10:28.441196,2,3,6,,,6,405764,
vcomp_run1,vcomp,2026/04/14-17:10:28.443981,2,3,8,,,8,428895,
vcomp_run1,vcomp,2026/04/14-17:10:28.445569,2,3,7,,,5,408822,
vcomp_run1,vcomp,2026/04/14-17:10:28.445695,0,1,13,,,13,769797,
vcomp_run1,vcomp,2026/04/14-17:10:28.447453,1,2,2,,,2,101317,
vcomp_run1,vcomp,2026/04/14-17:10:28.449130,1,2,5,,,5,298520,
vcomp_run1,vcomp,2026/04/14-17:10:28.450576,1,2,4,,,3,160420,
vcomp_run1,vcomp,2026/04/14-17:10:28.453610,1,2,3,,,2,116676,
vcomp_run1,vcomp,2026/04/14-17:10:28.455902,1,2,5,,,6,356910,
vcomp_run1,vcomp,2026/04/14-17:10:28.455913,1,2,5,,,5,265759,
vcomp_run1,vcomp,2026/04/14-17:10:28.455932,1,2,6,,,6,338807,
vcomp_run1,vcomp,2026/04/14-17:10:28.455946,3,4,2,,,2,96096,
vcomp_run1,vcomp,2026/04/14-17:10:28.455960,1,2,6,,,6,385783,
vcomp_run1,vcomp,2026/04/14-17:10:28.455972,3,4,3,,,3,140433,
vcomp_run1,vcomp,2026/04/14-17:10:28.455983,3,4,4,,,3,162094,
vcomp_run1,vcomp,2026/04/14-17:10:28.455999,3,4,3,,,3,131368,
vcomp_run1,vcomp,2026/04/14-17:10:28.456013,3,4,3,,,3,176870,
vcomp_run1,vcomp,2026/04/14-17:10:28.456154,1,2,6,,,6,337210,
vcomp_run1,vcomp,2026/04/14-17:10:28.458100,2,3,7,,,7,409040,
vcomp_run1,vcomp,2026/04/14-17:10:28.460219,2,3,6,,,5,381407,
vcomp_run1,vcomp,2026/04/14-17:10:28.460232,2,3,8,,,7,494298,
vcomp_run1,vcomp,2026/04/14-17:10:28.460248,2,3,6,,,6,329401,
vcomp_run1,vcomp,2026/04/14-17:10:28.460263,2,3,6,,,6,427179,
vcomp_run1,vcomp,2026/04/14-17:10:28.460277,2,3,7,,,8,507960,
vcomp_run1,vcomp,2026/04/14-17:10:28.460294,2,3,5,,,6,440876,
vcomp_run1,vcomp,2026/04/14-17:10:28.460307,0,1,8,,,9,500792,
vcomp_run1,vcomp,2026/04/14-17:10:28.460409,2,3,9,,,8,712530,
vcomp_run1,vcomp,2026/04/14-17:10:28.462981,1,2,2,,,2,101535,
vcomp_run1,vcomp,2026/04/14-17:10:28.465126,1,2,5,,,5,277655,
vcomp_run1,vcomp,2026/04/14-17:10:28.465145,3,4,2,,,3,131300,
vcomp_run1,vcomp,2026/04/14-17:10:28.465158,3,4,3,,,3,132309,
vcomp_run1,vcomp,2026/04/14-17:10:28.465169,3,4,2,,,2,96768,
vcomp_run1,vcomp,2026/04/14-17:10:28.465184,1,2,5,,,5,316788,
vcomp_run1,vcomp,2026/04/14-17:10:28.465199,3,4,2,,,2,112167,
vcomp_run1,vcomp,2026/04/14-17:10:28.465210,3,4,2,,,2,112610,
vcomp_run1,vcomp,2026/04/14-17:10:28.465225,3,4,3,,,3,185502,
vcomp_run1,vcomp,2026/04/14-17:10:28.465242,1,2,6,,,6,387518,
vcomp_run1,vcomp,2026/04/14-17:10:28.465374,3,4,4,,,4,241978,
vcomp_run1,vcomp,2026/04/14-17:10:28.467262,2,3,3,,,3,208116,
vcomp_run1,vcomp,2026/04/14-17:10:28.469185,2,3,9,,,8,494773,
vcomp_run1,vcomp,2026/04/14-17:10:28.472053,2,3,7,,,7,476698,
vcomp_run1,vcomp,2026/04/14-17:10:28.473678,2,3,6,,,6,515264,
vcomp_run1,vcomp,2026/04/14-17:10:28.473766,0,1,13,,,13,783937,
vcomp_run1,vcomp,2026/04/14-17:10:28.475371,1,2,2,,,1,58755,
vcomp_run1,vcomp,2026/04/14-17:10:28.476941,1,2,4,,,4,246481,
vcomp_run1,vcomp,2026/04/14-17:10:28.478476,1,2,4,,,4,224783,
vcomp_run1,vcomp,2026/04/14-17:10:28.481251,1,2,5,,,5,292314,
vcomp_run1,vcomp,2026/04/14-17:10:28.483629,1,2,4,,,4,233337,
vcomp_run1,vcomp,2026/04/14-17:10:28.483647,1,2,6,,,7,387832,
vcomp_run1,vcomp,2026/04/14-17:10:28.483661,1,2,6,,,6,333724,
vcomp_run1,vcomp,2026/04/14-17:10:28.483673,3,4,3,,,3,142011,
vcomp_run1,vcomp,2026/04/14-17:10:28.483690,1,2,7,,,6,386430,
vcomp_run1,vcomp,2026/04/14-17:10:28.483705,1,2,6,,,6,366500,
vcomp_run1,vcomp,2026/04/14-17:10:28.483718,3,4,2,,,2,93624,
vcomp_run1,vcomp,2026/04/14-17:10:28.483730,3,4,2,,,2,98348,
vcomp_run1,vcomp,2026/04/14-17:10:28.483838,3,4,2,,,2,86382,
vcomp_run1,vcomp,2026/04/14-17:10:28.485698,2,3,3,,,3,185125,
vcomp_run1,vcomp,2026/04/14-17:10:28.487932,2,3,4,,,4,270412,
vcomp_run1,vcomp,2026/04/14-17:10:28.487953,2,3,7,,,6,395713,
vcomp_run1,vcomp,2026/04/14-17:10:28.487965,2,3,4,,,3,202858,
vcomp_run1,vcomp,2026/04/14-17:10:28.487980,2,3,8,,,7,441680,
vcomp_run1,vcomp,2026/04/14-17:10:28.487995,2,3,9,,,9,539236,
vcomp_run1,vcomp,2026/04/14-17:10:28.488008,2,3,7,,,7,473023,
vcomp_run1,vcomp,2026/04/14-17:10:28.488025,0,1,8,,,9,520911,
vcomp_run1,vcomp,2026/04/14-17:10:28.488135,2,3,6,,,7,397044,
vcomp_run1,vcomp,2026/04/14-17:10:28.491187,1,2,4,,,5,259008,
vcomp_run1,vcomp,2026/04/14-17:10:28.493601,1,2,4,,,3,190643,
vcomp_run1,vcomp,2026/04/14-17:10:28.493612,3,4,2,,,2,94157,
vcomp_run1,vcomp,2026/04/14-17:10:28.493627,1,2,6,,,5,325364,
vcomp_run1,vcomp,2026/04/14-17:10:28.493643,3,4,2,,,2,101629,
vcomp_run1,vcomp,2026/04/14-17:10:28.493657,3,4,3,,,3,159568,
vcomp_run1,vcomp,2026/04/14-17:10:28.493675,3,4,2,,,2,96528,
vcomp_run1,vcomp,2026/04/14-17:10:28.493689,3,4,3,,,2,100268,
vcomp_run1,vcomp,2026/04/14-17:10:28.493702,3,4,3,,,3,140920,
vcomp_run1,vcomp,2026/04/14-17:10:28.493716,1,2,7,,,7,410119,
vcomp_run1,vcomp,2026/04/14-17:10:28.493729,3,4,2,,,2,94874,
vcomp_run1,vcomp,2026/04/14-17:10:28.493736,3,4,3,,,3,158136,
vcomp_run1,vcomp,2026/04/14-17:10:28.494050,3,4,3,,,3,170780,
vcomp_run1,vcomp,2026/04/14-17:10:28.495583,1,2,10,,,10,638507,
vcomp_run1,vcomp,2026/04/14-17:10:28.497643,2,3,4,,,3,255462,
vcomp_run1,vcomp,2026/04/14-17:10:28.500285,2,3,6,,,6,346343,
vcomp_run1,vcomp,2026/04/14-17:10:28.501956,2,3,2,,,1,56891,
vcomp_run1,vcomp,2026/04/14-17:10:28.501979,2,3,6,,,6,350484,
vcomp_run1,vcomp,2026/04/14-17:10:28.501993,2,3,6,,,7,514932,
vcomp_run1,vcomp,2026/04/14-17:10:28.502086,0,1,12,,,13,773678,
vcomp_run1,vcomp,2026/04/14-17:10:28.503900,1,2,3,,,3,190263,
vcomp_run1,vcomp,2026/04/14-17:10:28.505332,1,2,2,,,2,100979,
vcomp_run1,vcomp,2026/04/14-17:10:28.506884,1,2,5,,,5,253835,
vcomp_run1,vcomp,2026/04/14-17:10:28.509687,1,2,4,,,4,185076,
vcomp_run1,vcomp,2026/04/14-17:10:28.511988,3,4,2,,,2,81890,
vcomp_run1,vcomp,2026/04/14-17:10:28.512003,3,4,4,,,4,213902,
vcomp_run1,vcomp,2026/04/14-17:10:28.512023,1,2,6,,,7,408639,
vcomp_run1,vcomp,2026/04/14-17:10:28.512028,1,2,4,,,4,246728,
vcomp_run1,vcomp,2026/04/14-17:10:28.512044,1,2,6,,,6,367702,
vcomp_run1,vcomp,2026/04/14-17:10:28.512055,3,4,3,,,3,140739,
vcomp_run1,vcomp,2026/04/14-17:10:28.512072,3,4,3,,,3,141621,
vcomp_run1,vcomp,2026/04/14-17:10:28.512485,1,2,6,,,6,360773,
vcomp_run1,vcomp,2026/04/14-17:10:28.513921,2,3,3,,,3,143800,
vcomp_run1,vcomp,2026/04/14-17:10:28.515748,2,3,7,,,6,463105,
vcomp_run1,vcomp,2026/04/14-17:10:28.515763,2,3,7,,,6,463106,
vcomp_run1,vcomp,2026/04/14-17:10:28.515777,2,3,8,,,8,455191,
vcomp_run1,vcomp,2026/04/14-17:10:28.515890,1,2,6,,,7,394321,
vcomp_run1,vcomp,2026/04/14-17:10:28.519087,2,3,8,,,7,476082,
vcomp_run1,vcomp,2026/04/14-17:10:28.521203,2,3,7,,,6,433395,
vcomp_run1,vcomp,2026/04/14-17:10:28.521217,2,3,6,,,5,362880,
vcomp_run1,vcomp,2026/04/14-17:10:28.521232,2,3,9,,,8,577676,
vcomp_run1,vcomp,2026/04/14-17:10:28.521246,2,3,8,,,8,490829,
vcomp_run1,vcomp,2026/04/14-17:10:28.521260,2,3,9,,,8,482247,
vcomp_run1,vcomp,2026/04/14-17:10:28.521382,0,1,12,,,12,742211,
vcomp_run1,vcomp,2026/04/14-17:10:28.523508,1,2,3,,,3,180752,
vcomp_run1,vcomp,2026/04/14-17:10:28.526133,1,2,3,,,3,176774,
vcomp_run1,vcomp,2026/04/14-17:10:28.528629,1,2,6,,,5,306792,
vcomp_run1,vcomp,2026/04/14-17:10:28.528882,3,4,3,,,3,145136,
vcomp_run1,vcomp,2026/04/14-17:10:28.528908,3,4,4,,,4,201210,
vcomp_run1,vcomp,2026/04/14-17:10:28.528987,1,2,7,,,6,375149,
vcomp_run1,vcomp,2026/04/14-17:10:28.528998,3,4,2,,,2,94943,
vcomp_run1,vcomp,2026/04/14-17:10:28.529221,3,4,3,,,2,112126,
vcomp_run1,vcomp,2026/04/14-17:10:28.529252,3,4,3,,,2,112647,
vcomp_run1,vcomp,2026/04/14-17:10:28.529238,3,4,2,,,2,97658,
vcomp_run1,vcomp,2026/04/14-17:10:28.529312,3,4,3,,,3,184116,
vcomp_run1,vcomp,2026/04/14-17:10:28.529317,1,2,5,,,5,318629,
vcomp_run1,vcomp,2026/04/14-17:10:28.529332,1,2,6,,,6,402583,
vcomp_run1,vcomp,2026/04/14-17:10:28.529351,3,4,3,,,4,240532,
vcomp_run1,vcomp,2026/04/14-17:10:28.529468,1,2,5,,,5,258012,
vcomp_run1,vcomp,2026/04/14-17:10:28.530350,2,3,2,,,1,111673,
vcomp_run1,vcomp,2026/04/14-17:10:28.531929,2,3,3,,,2,152368,
vcomp_run1,vcomp,2026/04/14-17:10:28.531943,1,2,5,,,5,317905,
vcomp_run1,vcomp,2026/04/14-17:10:28.532025,2,3,5,,,5,310318,
vcomp_run1,vcomp,2026/04/14-17:10:28.534694,2,3,5,,,5,348968,
vcomp_run1,vcomp,2026/04/14-17:10:28.536570,2,3,4,,,3,248445,
vcomp_run1,vcomp,2026/04/14-17:10:28.536698,2,3,7,,,7,474126,
vcomp_run1,vcomp,2026/04/14-17:10:28.536959,2,3,6,,,7,390214,
vcomp_run1,vcomp,2026/04/14-17:10:28.536978,2,3,7,,,8,432631,
vcomp_run1,vcomp,2026/04/14-17:10:28.538469,0,1,12,,,13,764091,
vcomp_run1,vcomp,2026/04/14-17:10:28.540357,3,4,3,,,2,114473,
vcomp_run1,vcomp,2026/04/14-17:10:28.540369,3,4,4,,,5,312436,
vcomp_run1,vcomp,2026/04/14-17:10:28.540383,3,4,2,,,2,95614,
vcomp_run1,vcomp,2026/04/14-17:10:28.540401,3,4,3,,,2,103098,
vcomp_run1,vcomp,2026/04/14-17:10:28.540412,3,4,3,,,3,165641,
vcomp_run1,vcomp,2026/04/14-17:10:28.540424,3,4,3,,,2,129698,
vcomp_run1,vcomp,2026/04/14-17:10:28.540518,3,4,3,,,3,176391,
vcomp_run1,vcomp,2026/04/14-17:10:28.544211,1,2,3,,,3,198534,
vcomp_run1,vcomp,2026/04/14-17:10:28.545875,1,2,4,,,3,166949,
vcomp_run1,vcomp,2026/04/14-17:10:28.545887,1,2,3,,,3,175823,
vcomp_run1,vcomp,2026/04/14-17:10:28.545906,1,2,7,,,7,453700,
vcomp_run1,vcomp,2026/04/14-17:10:28.546330,1,2,4,,,4,233745,
vcomp_run1,vcomp,2026/04/14-17:10:28.547584,1,2,6,,,6,375649,
vcomp_run1,vcomp,2026/04/14-17:10:28.549182,1,2,5,,,5,295895,
vcomp_run1,vcomp,2026/04/14-17:10:28.549196,1,2,7,,,7,429153,
vcomp_run1,vcomp,2026/04/14-17:10:28.549298,1,2,8,,,9,497332,
vcomp_run1,vcomp,2026/04/14-17:10:28.551098,2,3,3,,,3,141959,
vcomp_run1,vcomp,2026/04/14-17:10:28.553820,2,3,6,,,7,390487,
vcomp_run1,vcomp,2026/04/14-17:10:28.553836,2,3,4,,,4,280146,
vcomp_run1,vcomp,2026/04/14-17:10:28.553857,2,3,5,,,6,311772,
vcomp_run1,vcomp,2026/04/14-17:10:28.553873,2,3,7,,,8,468774,
vcomp_run1,vcomp,2026/04/14-17:10:28.553890,2,3,5,,,4,425398,
vcomp_run1,vcomp,2026/04/14-17:10:28.553905,2,3,8,,,7,453761,
vcomp_run1,vcomp,2026/04/14-17:10:28.553927,2,3,7,,,7,441414,
vcomp_run1,vcomp,2026/04/14-17:10:28.553955,2,3,7,,,7,424484,
vcomp_run1,vcomp,2026/04/14-17:10:28.553975,0,1,8,,,8,459255,
vcomp_run1,vcomp,2026/04/14-17:10:28.554096,2,3,7,,,7,473668,
vcomp_run1,vcomp,2026/04/14-17:10:28.556118,1,2,2,,,2,103933,
vcomp_run1,vcomp,2026/04/14-17:10:28.557702,1,2,4,,,5,270894,
vcomp_run1,vcomp,2026/04/14-17:10:28.559234,1,2,4,,,4,233043,
vcomp_run1,vcomp,2026/04/14-17:10:28.562544,1,2,5,,,6,350493,
vcomp_run1,vcomp,2026/04/14-17:10:28.564794,3,4,3,,,3,153101,
vcomp_run1,vcomp,2026/04/14-17:10:28.564806,3,4,4,,,4,201850,
vcomp_run1,vcomp,2026/04/14-17:10:28.564819,3,4,4,,,4,212904,
vcomp_run1,vcomp,2026/04/14-17:10:28.564839,3,4,3,,,2,129471,
vcomp_run1,vcomp,2026/04/14-17:10:28.564864,0,0,8,,,8,524234,
vcomp_run1,vcomp,2026/04/14-17:10:28.564880,3,4,3,,,3,176089,
vcomp_run1,vcomp,2026/04/14-17:10:28.564900,3,4,6,,,6,372503,
vcomp_run1,vcomp,2026/04/14-17:10:28.564903,3,4,3,,,3,182732,
vcomp_run1,vcomp,2026/04/14-17:10:28.564918,3,4,2,,,2,98036,
vcomp_run1,vcomp,2026/04/14-17:10:28.565288,3,4,2,,,2,89709,
vcomp_run1,vcomp,2026/04/14-17:10:28.567130,2,3,3,,,3,209235,
vcomp_run1,vcomp,2026/04/14-17:10:28.567144,2,3,7,,,8,437733,
vcomp_run1,vcomp,2026/04/14-17:10:28.567161,2,3,7,,,6,390358,
vcomp_run1,vcomp,2026/04/14-17:10:28.567264,2,3,6,,,5,345824,
vcomp_run1,vcomp,2026/04/14-17:10:28.567278,0,1,3,,,4,194383,
vcomp_run1,vcomp,2026/04/14-17:10:28.568861,0,0,6,,,6,393162,
vcomp_run1,vcomp,2026/04/14-17:10:28.570629,0,1,3,,,3,191065,
vcomp_run1,vcomp,2026/04/14-17:10:28.573307,1,2,4,,,4,257922,
vcomp_run1,vcomp,2026/04/14-17:10:28.574919,3,4,3,,,3,143653,
vcomp_run1,vcomp,2026/04/14-17:10:28.576809,0,1,16,,,17,970739,
vcomp_run1,vcomp,2026/04/14-17:10:28.576812,2,3,6,,,5,386034,
vcomp_run1,vcomp,2026/04/14-17:10:28.578507,1,2,2,,,2,110309,
vcomp_run1,vcomp,2026/04/14-17:10:28.580778,1,2,2,,,1,44907,
vcomp_run1,vcomp,2026/04/14-17:10:28.580793,1,2,3,,,3,148498,
vcomp_run1,vcomp,2026/04/14-17:10:28.580805,1,2,3,,,3,185204,
vcomp_run1,vcomp,2026/04/14-17:10:28.580818,1,2,3,,,3,186648,
vcomp_run1,vcomp,2026/04/14-17:10:28.580831,1,2,4,,,4,226293,
vcomp_run1,vcomp,2026/04/14-17:10:28.580848,3,4,3,,,2,108071,
vcomp_run1,vcomp,2026/04/14-17:10:28.580862,3,4,3,,,3,154275,
vcomp_run1,vcomp,2026/04/14-17:10:28.580881,1,2,4,,,4,227748,
vcomp_run1,vcomp,2026/04/14-17:10:28.580895,1,2,4,,,4,242009,
vcomp_run1,vcomp,2026/04/14-17:10:28.580911,1,2,6,,,6,400024,
vcomp_run1,vcomp,2026/04/14-17:10:28.581322,1,2,4,,,4,238468,
vcomp_run1,vcomp,2026/04/14-17:10:28.582535,1,2,4,,,4,229297,
vcomp_run1,vcomp,2026/04/14-17:10:28.584386,1,2,6,,,5,318790,
vcomp_run1,vcomp,2026/04/14-17:10:28.587159,2,3,4,,,4,303356,
vcomp_run1,vcomp,2026/04/14-17:10:28.587185,1,2,4,,,4,204091,
vcomp_run1,vcomp,2026/04/14-17:10:28.587199,2,3,8,,,7,452017,
vcomp_run1,vcomp,2026/04/14-17:10:28.587313,2,3,6,,,5,364538,
vcomp_run1,vcomp,2026/04/14-17:10:28.588631,2,3,7,,,6,427146,
vcomp_run1,vcomp,2026/04/14-17:10:28.588648,2,3,5,,,6,376752,
vcomp_run1,vcomp,2026/04/14-17:10:28.588666,2,3,7,,,7,431022,
vcomp_run1,vcomp,2026/04/14-17:10:28.588683,2,3,6,,,6,407451,
vcomp_run1,vcomp,2026/04/14-17:10:28.589056,2,3,6,,,6,403794,
vcomp_run1,vcomp,2026/04/14-17:10:28.590906,2,3,8,,,7,488525,
vcomp_run1,vcomp,2026/04/14-17:10:28.590924,2,3,6,,,5,407098,
vcomp_run1,vcomp,2026/04/14-17:10:28.590939,2,3,8,,,6,493057,
vcomp_run1,vcomp,2026/04/14-17:10:28.590954,0,1,8,,,8,504955,
vcomp_run1,vcomp,2026/04/14-17:10:28.591052,2,3,2,,,2,52887,
vcomp_run1,vcomp,2026/04/14-17:10:28.594735,1,2,4,,,4,244678,
vcomp_run1,vcomp,2026/04/14-17:10:28.597110,1,2,4,,,3,181942,
vcomp_run1,vcomp,2026/04/14-17:10:28.597122,1,2,6,,,6,376325,
vcomp_run1,vcomp,2026/04/14-17:10:28.597137,1,2,9,,,10,619340,
vcomp_run1,vcomp,2026/04/14-17:10:28.597158,3,4,3,,,3,196542,
vcomp_run1,vcomp,2026/04/14-17:10:28.597171,3,4,2,,,2,99087,
vcomp_run1,vcomp,2026/04/14-17:10:28.597185,3,4,4,,,4,210019,
vcomp_run1,vcomp,2026/04/14-17:10:28.597198,3,4,2,,,3,172518,
vcomp_run1,vcomp,2026/04/14-17:10:28.597213,3,4,4,,,4,249423,
vcomp_run1,vcomp,2026/04/14-17:10:28.597224,3,4,4,,,4,209977,
vcomp_run1,vcomp,2026/04/14-17:10:28.597236,3,4,4,,,4,201926,
vcomp_run1,vcomp,2026/04/14-17:10:28.597563,3,4,4,,,4,222525,
vcomp_run1,vcomp,2026/04/14-17:10:28.598728,1,2,7,,,7,405965,
vcomp_run1,vcomp,2026/04/14-17:10:28.600616,2,3,2,,,2,111461,
vcomp_run1,vcomp,2026/04/14-17:10:28.602387,2,3,7,,,6,371584,
vcomp_run1,vcomp,2026/04/14-17:10:28.605204,2,3,4,,,5,285219,
vcomp_run1,vcomp,2026/04/14-17:10:28.606804,2,3,8,,,7,507228,
vcomp_run1,vcomp,2026/04/14-17:10:28.606824,0,1,11,,,11,734951,
vcomp_run1,vcomp,2026/04/14-17:10:28.606944,2,3,6,,,5,473800,
vcomp_run1,vcomp,2026/04/14-17:10:28.608825,1,2,4,,,4,240968,
vcomp_run1,vcomp,2026/04/14-17:10:28.610444,1,2,4,,,4,252620,
vcomp_run1,vcomp,2026/04/14-17:10:28.611890,1,2,3,,,3,161107,
vcomp_run1,vcomp,2026/04/14-17:10:28.615090,1,2,4,,,4,218318,
vcomp_run1,vcomp,2026/04/14-17:10:28.617315,1,2,4,,,4,244836,
vcomp_run1,vcomp,2026/04/14-17:10:28.617327,1,2,5,,,6,326850,
vcomp_run1,vcomp,2026/04/14-17:10:28.617341,3,4,2,,,2,96681,
vcomp_run1,vcomp,2026/04/14-17:10:28.617354,3,4,2,,,2,120335,
vcomp_run1,vcomp,2026/04/14-17:10:28.617369,1,2,8,,,7,440162,
vcomp_run1,vcomp,2026/04/14-17:10:28.617384,3,4,3,,,3,189108,
vcomp_run1,vcomp,2026/04/14-17:10:28.617399,1,2,7,,,7,428733,
vcomp_run1,vcomp,2026/04/14-17:10:28.617515,3,4,4,,,4,248012,
vcomp_run1,vcomp,2026/04/14-17:10:28.619474,2,3,8,,,8,512061,
vcomp_run1,vcomp,2026/04/14-17:10:28.621158,2,3,8,,,9,548934,
vcomp_run1,vcomp,2026/04/14-17:10:28.623965,2,3,5,,,6,379878,
vcomp_run1,vcomp,2026/04/14-17:10:28.625734,2,3,9,,,9,574647,
vcomp_run1,vcomp,2026/04/14-17:10:28.626323,2,3,7,,,6,510126,
vcomp_run1,vcomp,2026/04/14-17:10:28.626341,2,3,7,,,9,517413,
vcomp_run1,vcomp,2026/04/14-17:10:28.627882,0,1,11,,,12,754037,
vcomp_run1,vcomp,2026/04/14-17:10:28.629922,3,4,2,,,2,117965,
vcomp_run1,vcomp,2026/04/14-17:10:28.629939,3,4,3,,,3,137601,
vcomp_run1,vcomp,2026/04/14-17:10:28.629953,3,4,2,,,2,88217,
vcomp_run1,vcomp,2026/04/14-17:10:28.629969,3,4,4,,,4,217195,
vcomp_run1,vcomp,2026/04/14-17:10:28.629982,3,4,5,,,4,217371,
vcomp_run1,vcomp,2026/04/14-17:10:28.629994,3,4,5,,,4,261171,
vcomp_run1,vcomp,2026/04/14-17:10:28.630101,3,4,3,,,2,109812,
vcomp_run1,vcomp,2026/04/14-17:10:28.633312,1,2,3,,,3,179809,
vcomp_run1,vcomp,2026/04/14-17:10:28.635141,1,2,2,,,2,102862,
vcomp_run1,vcomp,2026/04/14-17:10:28.635493,1,2,6,,,6,388387,
vcomp_run1,vcomp,2026/04/14-17:10:28.635524,1,2,5,,,5,319204,
vcomp_run1,vcomp,2026/04/14-17:10:28.635543,1,2,5,,,5,316146,
vcomp_run1,vcomp,2026/04/14-17:10:28.635670,1,2,4,,,4,224584,
vcomp_run1,vcomp,2026/04/14-17:10:28.636783,1,2,5,,,5,319677,
vcomp_run1,vcomp,2026/04/14-17:10:28.638313,1,2,5,,,5,288442,
vcomp_run1,vcomp,2026/04/14-17:10:28.638400,1,2,8,,,7,471516,
vcomp_run1,vcomp,2026/04/14-17:10:28.640461,2,3,5,,,5,284639,
vcomp_run1,vcomp,2026/04/14-17:10:28.643112,2,3,5,,,5,401205,
vcomp_run1,vcomp,2026/04/14-17:10:28.643124,2,3,6,,,6,502440,
vcomp_run1,vcomp,2026/04/14-17:10:28.643141,2,3,5,,,5,438223,
vcomp_run1,vcomp,2026/04/14-17:10:28.643158,2,3,5,,,4,262524,
vcomp_run1,vcomp,2026/04/14-17:10:28.643177,2,3,7,,,7,460104,
vcomp_run1,vcomp,2026/04/14-17:10:28.643193,2,3,7,,,6,416687,
vcomp_run1,vcomp,2026/04/14-17:10:28.643206,2,3,6,,,8,470791,
vcomp_run1,vcomp,2026/04/14-17:10:28.643234,2,3,8,,,7,569830,
vcomp_run1,vcomp,2026/04/14-17:10:28.643370,0,1,7,,,8,467931,
vcomp_run1,vcomp,2026/04/14-17:10:28.645498,1,2,5,,,4,250435,
vcomp_run1,vcomp,2026/04/14-17:10:28.647350,1,2,7,,,7,383600,
vcomp_run1,vcomp,2026/04/14-17:10:28.649100,1,2,6,,,6,380088,
vcomp_run1,vcomp,2026/04/14-17:10:28.651964,2,3,7,,,7,412838,
vcomp_run1,vcomp,2026/04/14-17:10:28.653734,2,3,8,,,8,478443,
vcomp_run1,vcomp,2026/04/14-17:10:28.653755,0,1,13,,,13,801999,
vcomp_run1,vcomp,2026/04/14-17:10:28.653881,2,3,6,,,7,528359,
vcomp_run1,vcomp,2026/04/14-17:10:28.655316,1,2,3,,,3,171022,
vcomp_run1,vcomp,2026/04/14-17:10:28.657940,1,2,4,,,5,263638,
vcomp_run1,vcomp,2026/04/14-17:10:28.657951,1,2,3,,,3,167771,
vcomp_run1,vcomp,2026/04/14-17:10:28.657964,1,2,4,,,4,264551,
vcomp_run1,vcomp,2026/04/14-17:10:28.657977,1,2,4,,,4,259761,
vcomp_run1,vcomp,2026/04/14-17:10:28.657995,1,2,7,,,7,391015,
vcomp_run1,vcomp,2026/04/14-17:10:28.658013,3,4,2,,,2,126542,
vcomp_run1,vcomp,2026/04/14-17:10:28.658032,1,2,6,,,6,416056,
vcomp_run1,vcomp,2026/04/14-17:10:28.658047,3,4,3,,,3,161301,
vcomp_run1,vcomp,2026/04/14-17:10:28.658062,3,4,3,,,4,199188,
vcomp_run1,vcomp,2026/04/14-17:10:28.658077,3,4,3,,,3,158325,
vcomp_run1,vcomp,2026/04/14-17:10:28.658094,3,4,4,,,4,218830,
vcomp_run1,vcomp,2026/04/14-17:10:28.658110,3,4,4,,,4,243619,
vcomp_run1,vcomp,2026/04/14-17:10:28.658126,3,4,2,,,2,91261,
vcomp_run1,vcomp,2026/04/14-17:10:28.659648,3,4,3,,,3,174471,
vcomp_run1,vcomp,2026/04/14-17:10:28.659932,3,4,3,,,3,172562,
vcomp_run1,vcomp,2026/04/14-17:10:28.662703,1,2,4,,,4,192787,
vcomp_run1,vcomp,2026/04/14-17:10:28.664326,1,2,4,,,4,217428,
vcomp_run1,vcomp,2026/04/14-17:10:28.664405,2,3,6,,,6,337568,
vcomp_run1,vcomp,2026/04/14-17:10:28.665003,2,3,6,,,6,309839,
vcomp_run1,vcomp,2026/04/14-17:10:28.666370,2,3,6,,,5,320017,
vcomp_run1,vcomp,2026/04/14-17:10:28.666385,2,3,6,,,7,415119,
vcomp_run1,vcomp,2026/04/14-17:10:28.667048,2,3,8,,,8,552485,
vcomp_run1,vcomp,2026/04/14-17:10:28.668397,2,3,7,,,7,488749,
vcomp_run1,vcomp,2026/04/14-17:10:28.668413,2,3,6,,,7,465701,
vcomp_run1,vcomp,2026/04/14-17:10:28.668435,2,3,5,,,6,443460,
vcomp_run1,vcomp,2026/04/14-17:10:28.668558,0,1,8,,,8,518158,
vcomp_run1,vcomp,2026/04/14-17:10:28.671890,1,2,5,,,5,315124,
vcomp_run1,vcomp,2026/04/14-17:10:28.674178,1,2,4,,,4,268491,
vcomp_run1,vcomp,2026/04/14-17:10:28.674190,3,4,2,,,2,121352,
vcomp_run1,vcomp,2026/04/14-17:10:28.674204,1,2,6,,,6,384830,
vcomp_run1,vcomp,2026/04/14-17:10:28.674216,3,4,2,,,2,97327,
vcomp_run1,vcomp,2026/04/14-17:10:28.674230,3,4,2,,,2,97588,
vcomp_run1,vcomp,2026/04/14-17:10:28.674243,3,4,3,,,3,156132,
vcomp_run1,vcomp,2026/04/14-17:10:28.674256,3,4,4,,,4,242132,
vcomp_run1,vcomp,2026/04/14-17:10:28.674269,3,4,3,,,2,119148,
vcomp_run1,vcomp,2026/04/14-17:10:28.674286,1,2,6,,,5,278815,
vcomp_run1,vcomp,2026/04/14-17:10:28.674300,3,4,3,,,2,121528,
vcomp_run1,vcomp,2026/04/14-17:10:28.674614,3,4,5,,,5,263833,
vcomp_run1,vcomp,2026/04/14-17:10:28.675847,1,2,9,,,9,544858,
vcomp_run1,vcomp,2026/04/14-17:10:28.677922,2,3,4,,,4,238570,
vcomp_run1,vcomp,2026/04/14-17:10:28.680941,2,3,6,,,6,379985,
vcomp_run1,vcomp,2026/04/14-17:10:28.682826,2,3,5,,,5,365439,
vcomp_run1,vcomp,2026/04/14-17:10:28.682841,2,3,6,,,6,388715,
vcomp_run1,vcomp,2026/04/14-17:10:28.682862,2,3,8,,,7,444666,
vcomp_run1,vcomp,2026/04/14-17:10:28.682977,0,1,11,,,13,757448,
vcomp_run1,vcomp,2026/04/14-17:10:28.684979,1,2,5,,,4,282768,
vcomp_run1,vcomp,2026/04/14-17:10:28.687706,1,2,3,,,3,169245,
vcomp_run1,vcomp,2026/04/14-17:10:28.689707,1,2,5,,,4,260235,
vcomp_run1,vcomp,2026/04/14-17:10:28.689724,1,2,5,,,5,260739,
vcomp_run1,vcomp,2026/04/14-17:10:28.689739,1,2,4,,,4,271086,
vcomp_run1,vcomp,2026/04/14-17:10:28.689758,3,4,2,,,2,100538,
vcomp_run1,vcomp,2026/04/14-17:10:28.689774,1,2,5,,,5,263877,
vcomp_run1,vcomp,2026/04/14-17:10:28.689787,3,4,4,,,5,280606,
vcomp_run1,vcomp,2026/04/14-17:10:28.689904,3,4,3,,,3,147722,
vcomp_run1,vcomp,2026/04/14-17:10:28.691587,1,2,4,,,3,172015,
vcomp_run1,vcomp,2026/04/14-17:10:28.693093,1,2,5,,,5,284200,
vcomp_run1,vcomp,2026/04/14-17:10:28.693959,1,2,5,,,5,330625,
vcomp_run1,vcomp,2026/04/14-17:10:28.695442,2,3,4,,,5,330112,
vcomp_run1,vcomp,2026/04/14-17:10:28.697808,2,3,7,,,7,418893,
vcomp_run1,vcomp,2026/04/14-17:10:28.697824,2,3,11,,,9,559405,
vcomp_run1,vcomp,2026/04/14-17:10:28.697838,0,1,8,,,8,513846,
vcomp_run1,vcomp,2026/04/14-17:10:28.697851,2,3,7,,,7,447399,
vcomp_run1,vcomp,2026/04/14-17:10:28.697858,2,3,7,,,7,422986,
vcomp_run1,vcomp,2026/04/14-17:10:28.697878,2,3,6,,,5,322876,
vcomp_run1,vcomp,2026/04/14-17:10:28.698293,2,3,7,,,7,423450,
vcomp_run1,vcomp,2026/04/14-17:10:28.700203,3,4,2,,,2,95906,
vcomp_run1,vcomp,2026/04/14-17:10:28.702503,1,2,7,,,8,462131,
vcomp_run1,vcomp,2026/04/14-17:10:28.702513,3,4,3,,,3,139519,
vcomp_run1,vcomp,2026/04/14-17:10:28.702527,1,2,5,,,5,338865,
vcomp_run1,vcomp,2026/04/14-17:10:28.702539,3,4,3,,,3,182696,
vcomp_run1,vcomp,2026/04/14-17:10:28.702553,1,2,6,,,6,384963,
vcomp_run1,vcomp,2026/04/14-17:10:28.702579,1,2,8,,,8,491144,
vcomp_run1,vcomp,2026/04/14-17:10:28.702597,3,4,3,,,3,171341,
vcomp_run1,vcomp,2026/04/14-17:10:28.702612,3,4,3,,,3,168397,
vcomp_run1,vcomp,2026/04/14-17:10:28.702626,3,4,3,,,3,141015,
vcomp_run1,vcomp,2026/04/14-17:10:28.702746,3,4,3,,,3,180150,
vcomp_run1,vcomp,2026/04/14-17:10:28.704911,2,3,4,,,4,235266,
vcomp_run1,vcomp,2026/04/14-17:10:28.708574,2,3,6,,,6,391459,
vcomp_run1,vcomp,2026/04/14-17:10:28.710760,2,3,7,,,6,398095,
vcomp_run1,vcomp,2026/04/14-17:10:28.710772,2,3,7,,,7,451675,
vcomp_run1,vcomp,2026/04/14-17:10:28.710788,2,3,7,,,8,465612,
vcomp_run1,vcomp,2026/04/14-17:10:28.710935,0,1,12,,,12,731159,
vcomp_run1,vcomp,2026/04/14-17:10:28.713263,1,2,3,,,3,189223,
vcomp_run1,vcomp,2026/04/14-17:10:28.715123,1,2,4,,,4,245938,
vcomp_run1,vcomp,2026/04/14-17:10:28.718164,1,2,5,,,6,355610,
vcomp_run1,vcomp,2026/04/14-17:10:28.720175,1,2,4,,,5,259520,
vcomp_run1,vcomp,2026/04/14-17:10:28.720190,1,2,4,,,4,257256,
vcomp_run1,vcomp,2026/04/14-17:10:28.720207,1,2,4,,,4,248107,
vcomp_run1,vcomp,2026/04/14-17:10:28.720224,3,4,4,,,4,249573,
vcomp_run1,vcomp,2026/04/14-17:10:28.720242,3,4,4,,,4,235804,
vcomp_run1,vcomp,2026/04/14-17:10:28.720258,3,4,5,,,5,289892,
vcomp_run1,vcomp,2026/04/14-17:10:28.720898,1,2,8,,,8,494228,
vcomp_run1,vcomp,2026/04/14-17:10:28.721732,1,2,7,,,7,429675,
vcomp_run1,vcomp,2026/04/14-17:10:28.723360,2,3,6,,,6,361755,
vcomp_run1,vcomp,2026/04/14-17:10:28.725185,2,3,4,,,3,237905,
vcomp_run1,vcomp,2026/04/14-17:10:28.728394,2,3,7,,,6,437250,
vcomp_run1,vcomp,2026/04/14-17:10:28.730465,2,3,5,,,6,356183,
vcomp_run1,vcomp,2026/04/14-17:10:28.730485,2,3,4,,,5,315091,
vcomp_run1,vcomp,2026/04/14-17:10:28.730499,2,3,7,,,8,468186,
vcomp_run1,vcomp,2026/04/14-17:10:28.730516,0,1,12,,,12,771719,
vcomp_run1,vcomp,2026/04/14-17:10:28.730531,2,3,9,,,8,497245,
vcomp_run1,vcomp,2026/04/14-17:10:28.730633,2,3,8,,,7,457334,
vcomp_run1,vcomp,2026/04/14-17:10:28.732589,1,2,2,,,2,128329,
vcomp_run1,vcomp,2026/04/14-17:10:28.734138,1,2,3,,,3,198132,
vcomp_run1,vcomp,2026/04/14-17:10:28.736743,1,2,3,,,2,115237,
vcomp_run1,vcomp,2026/04/14-17:10:28.739407,1,2,5,,,5,307027,
vcomp_run1,vcomp,2026/04/14-17:10:28.739423,1,2,6,,,6,359914,
vcomp_run1,vcomp,2026/04/14-17:10:28.739433,3,4,3,,,2,127742,
vcomp_run1,vcomp,2026/04/14-17:10:28.739450,3,4,3,,,3,185740,
vcomp_run1,vcomp,2026/04/14-17:10:28.739466,3,4,3,,,3,171256,
vcomp_run1,vcomp,2026/04/14-17:10:28.739477,3,4,4,,,3,145230,
vcomp_run1,vcomp,2026/04/14-17:10:28.739500,1,2,7,,,7,435641,
vcomp_run1,vcomp,2026/04/14-17:10:28.739512,3,4,3,,,3,172650,
vcomp_run1,vcomp,2026/04/14-17:10:28.739527,3,4,3,,,2,126849,
vcomp_run1,vcomp,2026/04/14-17:10:28.739541,3,4,3,,,3,170986,
vcomp_run1,vcomp,2026/04/14-17:10:28.739548,1,2,4,,,4,245092,
vcomp_run1,vcomp,2026/04/14-17:10:28.739746,1,2,6,,,5,332721,
vcomp_run1,vcomp,2026/04/14-17:10:28.741680,2,3,6,,,6,352412,
vcomp_run1,vcomp,2026/04/14-17:10:28.743792,2,3,8,,,6,448449,
vcomp_run1,vcomp,2026/04/14-17:10:28.743808,2,3,7,,,6,410704,
vcomp_run1,vcomp,2026/04/14-17:10:28.743822,2,3,6,,,6,398639,
vcomp_run1,vcomp,2026/04/14-17:10:28.743839,2,3,7,,,6,375175,
vcomp_run1,vcomp,2026/04/14-17:10:28.743856,2,3,7,,,7,461513,
vcomp_run1,vcomp,2026/04/14-17:10:28.743968,1,2,7,,,8,458983,
vcomp_run1,vcomp,2026/04/14-17:10:28.747016,2,3,7,,,6,367213,
vcomp_run1,vcomp,2026/04/14-17:10:28.748652,2,3,8,,,7,430374,
vcomp_run1,vcomp,2026/04/14-17:10:28.748667,2,3,6,,,6,428679,
vcomp_run1,vcomp,2026/04/14-17:10:28.748782,0,1,11,,,12,734147,
vcomp_run1,vcomp,2026/04/14-17:10:28.750770,1,2,5,,,6,340968,
vcomp_run1,vcomp,2026/04/14-17:10:28.753632,1,2,5,,,5,269626,
vcomp_run1,vcomp,2026/04/14-17:10:28.756025,1,2,4,,,4,247025,
vcomp_run1,vcomp,2026/04/14-17:10:28.756237,3,4,4,,,3,180389,
vcomp_run1,vcomp,2026/04/14-17:10:28.756261,1,2,7,,,6,420639,
vcomp_run1,vcomp,2026/04/14-17:10:28.756333,3,4,3,,,3,170696,
vcomp_run1,vcomp,2026/04/14-17:10:28.756357,1,2,6,,,6,381235,
vcomp_run1,vcomp,2026/04/14-17:10:28.756402,3,4,3,,,3,177746,
vcomp_run1,vcomp,2026/04/14-17:10:28.756429,3,4,3,,,3,191387,
vcomp_run1,vcomp,2026/04/14-17:10:28.756995,3,4,3,,,3,141121,
vcomp_run1,vcomp,2026/04/14-17:10:28.757069,3,4,5,,,5,271008,
vcomp_run1,vcomp,2026/04/14-17:10:28.757086,3,4,3,,,3,158393,
vcomp_run1,vcomp,2026/04/14-17:10:28.757099,3,4,3,,,3,172942,
vcomp_run1,vcomp,2026/04/14-17:10:28.757212,1,2,6,,,6,335517,
vcomp_run1,vcomp,2026/04/14-17:10:28.758323,1,2,4,,,4,206141,
vcomp_run1,vcomp,2026/04/14-17:10:28.758336,2,3,6,,,6,334167,
vcomp_run1,vcomp,2026/04/14-17:10:28.758352,2,3,4,,,4,338372,
vcomp_run1,vcomp,2026/04/14-17:10:28.759907,1,2,5,,,6,345528,
vcomp_run1,vcomp,2026/04/14-17:10:28.762762,2,3,4,,,5,277457,
vcomp_run1,vcomp,2026/04/14-17:10:28.764972,2,3,3,,,3,130438,
vcomp_run1,vcomp,2026/04/14-17:10:28.764992,2,3,5,,,6,364815,
vcomp_run1,vcomp,2026/04/14-17:10:28.765006,2,3,6,,,6,416467,
vcomp_run1,vcomp,2026/04/14-17:10:28.765019,2,3,8,,,8,505693,
vcomp_run1,vcomp,2026/04/14-17:10:28.765035,2,3,7,,,6,455932,
vcomp_run1,vcomp,2026/04/14-17:10:28.765056,0,1,12,,,11,738328,
vcomp_run1,vcomp,2026/04/14-17:10:28.765164,2,3,6,,,7,412949,
vcomp_run1,vcomp,2026/04/14-17:10:28.767148,1,2,3,,,3,186862,
vcomp_run1,vcomp,2026/04/14-17:10:28.768753,1,2,5,,,4,273599,
vcomp_run1,vcomp,2026/04/14-17:10:28.771334,1,2,4,,,5,281358,
vcomp_run1,vcomp,2026/04/14-17:10:28.773580,3,4,2,,,2,94580,
vcomp_run1,vcomp,2026/04/14-17:10:28.773652,3,4,4,,,4,256727,
vcomp_run1,vcomp,2026/04/14-17:10:28.773665,3,4,3,,,3,182713,
vcomp_run1,vcomp,2026/04/14-17:10:28.773678,3,4,4,,,4,254733,
vcomp_run1,vcomp,2026/04/14-17:10:28.773693,1,2,7,,,7,454881,
vcomp_run1,vcomp,2026/04/14-17:10:28.773712,1,2,9,,,9,556903,
vcomp_run1,vcomp,2026/04/14-17:10:28.773725,3,4,4,,,4,211775,
vcomp_run1,vcomp,2026/04/14-17:10:28.774150,1,2,7,,,7,429585,
vcomp_run1,vcomp,2026/04/14-17:10:28.775321,1,2,7,,,7,457989,
vcomp_run1,vcomp,2026/04/14-17:10:28.777066,2,3,4,,,4,276608,
vcomp_run1,vcomp,2026/04/14-17:10:28.779346,2,3,5,,,6,344584,
vcomp_run1,vcomp,2026/04/14-17:10:28.779362,2,3,6,,,6,370976,
vcomp_run1,vcomp,2026/04/14-17:10:28.779377,2,3,5,,,5,331985,
vcomp_run1,vcomp,2026/04/14-17:10:28.779395,2,3,8,,,6,464245,
vcomp_run1,vcomp,2026/04/14-17:10:28.779413,2,3,6,,,5,390794,
vcomp_run1,vcomp,2026/04/14-17:10:28.779430,2,3,6,,,6,373508,
vcomp_run1,vcomp,2026/04/14-17:10:28.779448,2,3,7,,,8,539388,
vcomp_run1,vcomp,2026/04/14-17:10:28.779780,0,1,8,,,8,493410,
vcomp_run1,vcomp,2026/04/14-17:10:28.782390,1,2,3,,,2,100419,
vcomp_run1,vcomp,2026/04/14-17:10:28.784894,1,2,5,,,5,292747,
vcomp_run1,vcomp,2026/04/14-17:10:28.784905,1,2,4,,,4,250951,
vcomp_run1,vcomp,2026/04/14-17:10:28.784919,1,2,6,,,7,404562,
vcomp_run1,vcomp,2026/04/14-17:10:28.784932,3,4,3,,,3,181773,
vcomp_run1,vcomp,2026/04/14-17:10:28.784950,3,4,4,,,4,232556,
vcomp_run1,vcomp,2026/04/14-17:10:28.784964,3,4,3,,,2,127935,
vcomp_run1,vcomp,2026/04/14-17:10:28.784982,3,4,4,,,4,242114,
vcomp_run1,vcomp,2026/04/14-17:10:28.784994,3,4,3,,,3,171845,
vcomp_run1,vcomp,2026/04/14-17:10:28.785006,3,4,4,,,4,211930,
vcomp_run1,vcomp,2026/04/14-17:10:28.785023,3,4,4,,,4,201923,
vcomp_run1,vcomp,2026/04/14-17:10:28.785153,1,2,13,,,12,818409,
vcomp_run1,vcomp,2026/04/14-17:10:28.787400,2,3,5,,,5,360411,
vcomp_run1,vcomp,2026/04/14-17:10:28.789449,2,3,5,,,6,470546,
vcomp_run1,vcomp,2026/04/14-17:10:28.792492,2,3,6,,,7,445599,
vcomp_run1,vcomp,2026/04/14-17:10:28.794198,2,3,8,,,7,468271,
vcomp_run1,vcomp,2026/04/14-17:10:28.794298,0,1,11,,,13,745235,
vcomp_run1,vcomp,2026/04/14-17:10:28.796078,1,2,3,,,3,170618,
vcomp_run1,vcomp,2026/04/14-17:10:28.797646,1,2,4,,,4,252917,
vcomp_run1,vcomp,2026/04/14-17:10:28.800470,1,2,5,,,5,319653,
vcomp_run1,vcomp,2026/04/14-17:10:28.802633,1,2,4,,,5,257267,
vcomp_run1,vcomp,2026/04/14-17:10:28.802649,1,2,4,,,4,217520,
vcomp_run1,vcomp,2026/04/14-17:10:28.802663,1,2,4,,,4,253749,
vcomp_run1,vcomp,2026/04/14-17:10:28.802676,1,2,4,,,2,133217,
vcomp_run1,vcomp,2026/04/14-17:10:28.802689,1,2,6,,,6,366754,
vcomp_run1,vcomp,2026/04/14-17:10:28.802702,3,4,2,,,2,121350,
vcomp_run1,vcomp,2026/04/14-17:10:28.802716,3,4,3,,,3,178133,
vcomp_run1,vcomp,2026/04/14-17:10:28.802729,1,2,7,,,8,475355,
vcomp_run1,vcomp,2026/04/14-17:10:28.802820,3,4,4,,,4,224732,
vcomp_run1,vcomp,2026/04/14-17:10:28.804981,2,3,4,,,5,262197,
vcomp_run1,vcomp,2026/04/14-17:10:28.806798,2,3,5,,,6,380494,
vcomp_run1,vcomp,2026/04/14-17:10:28.809802,2,3,8,,,8,491318,
vcomp_run1,vcomp,2026/04/14-17:10:28.811808,2,3,6,,,6,357294,
vcomp_run1,vcomp,2026/04/14-17:10:28.811823,2,3,7,,,8,453295,
vcomp_run1,vcomp,2026/04/14-17:10:28.811839,0,1,12,,,13,771927,
vcomp_run1,vcomp,2026/04/14-17:10:28.811857,2,3,8,,,6,443565,
vcomp_run1,vcomp,2026/04/14-17:10:28.811877,2,3,9,,,8,597223,
vcomp_run1,vcomp,2026/04/14-17:10:28.812021,2,3,8,,,9,626460,
vcomp_run1,vcomp,2026/04/14-17:10:28.814119,1,2,3,,,3,188172,
vcomp_run1,vcomp,2026/04/14-17:10:28.817060,1,2,3,,,4,189196,
vcomp_run1,vcomp,2026/04/14-17:10:28.819432,1,2,3,,,4,207038,
vcomp_run1,vcomp,2026/04/14-17:10:28.819451,3,4,3,,,3,157398,
vcomp_run1,vcomp,2026/04/14-17:10:28.819467,3,4,4,,,4,196816,
vcomp_run1,vcomp,2026/04/14-17:10:28.819486,3,4,3,,,3,168358,
vcomp_run1,vcomp,2026/04/14-17:10:28.819498,1,2,6,,,5,294622,
vcomp_run1,vcomp,2026/04/14-17:10:28.819514,3,4,2,,,2,98529,
vcomp_run1,vcomp,2026/04/14-17:10:28.819517,3,4,3,,,3,162624,
vcomp_run1,vcomp,2026/04/14-17:10:28.819536,1,2,5,,,5,287501,
vcomp_run1,vcomp,2026/04/14-17:10:28.819549,3,4,3,,,3,165169,
vcomp_run1,vcomp,2026/04/14-17:10:28.819969,1,2,5,,,5,305003,
vcomp_run1,vcomp,2026/04/14-17:10:28.821514,1,2,5,,,4,235391,
vcomp_run1,vcomp,2026/04/14-17:10:28.821642,1,2,8,,,8,475042,
vcomp_run1,vcomp,2026/04/14-17:10:28.823207,1,2,5,,,5,270349,
vcomp_run1,vcomp,2026/04/14-17:10:28.825001,2,3,3,,,3,143997,
vcomp_run1,vcomp,2026/04/14-17:10:28.825024,2,3,6,,,5,358079,
vcomp_run1,vcomp,2026/04/14-17:10:28.825035,2,3,7,,,7,419281,
vcomp_run1,vcomp,2026/04/14-17:10:28.825050,2,3,5,,,5,307121,
vcomp_run1,vcomp,2026/04/14-17:10:28.825400,2,3,7,,,6,538746,
vcomp_run1,vcomp,2026/04/14-17:10:28.826977,2,3,4,,,6,304541,
vcomp_run1,vcomp,2026/04/14-17:10:28.826995,2,3,6,,,6,413982,
vcomp_run1,vcomp,2026/04/14-17:10:28.827014,2,3,7,,,7,494274,
vcomp_run1,vcomp,2026/04/14-17:10:28.827030,0,1,8,,,9,513045,
vcomp_run1,vcomp,2026/04/14-17:10:28.827125,2,3,9,,,8,521538,
vcomp_run1,vcomp,2026/04/14-17:10:28.829208,1,2,3,,,3,168443,
vcomp_run1,vcomp,2026/04/14-17:10:28.830850,1,2,4,,,4,242543,
vcomp_run1,vcomp,2026/04/14-17:10:28.832481,1,2,5,,,5,291147,
vcomp_run1,vcomp,2026/04/14-17:10:28.834086,1,2,5,,,5,307688,
vcomp_run1,vcomp,2026/04/14-17:10:28.836950,1,2,6,,,6,357269,
vcomp_run1,vcomp,2026/04/14-17:10:28.839126,3,4,3,,,2,97734,
vcomp_run1,vcomp,2026/04/14-17:10:28.839141,3,4,2,,,2,94446,
vcomp_run1,vcomp,2026/04/14-17:10:28.839161,3,4,3,,,3,139123,
vcomp_run1,vcomp,2026/04/14-17:10:28.839174,3,4,3,,,2,124059,
vcomp_run1,vcomp,2026/04/14-17:10:28.839188,3,4,3,,,2,130102,
vcomp_run1,vcomp,2026/04/14-17:10:28.839201,3,4,4,,,4,204628,
vcomp_run1,vcomp,2026/04/14-17:10:28.839222,0,0,8,,,8,524228,
vcomp_run1,vcomp,2026/04/14-17:10:28.840252,3,4,4,,,5,312552,
vcomp_run1,vcomp,2026/04/14-17:10:28.841632,2,3,5,,,4,302240,
vcomp_run1,vcomp,2026/04/14-17:10:28.841644,2,3,5,,,5,347299,
vcomp_run1,vcomp,2026/04/14-17:10:28.841663,2,3,7,,,8,549762,
vcomp_run1,vcomp,2026/04/14-17:10:28.841767,2,3,6,,,6,408867,
vcomp_run1,vcomp,2026/04/14-17:10:28.842844,0,0,7,,,7,458692,
vcomp_run1,vcomp,2026/04/14-17:10:28.844593,3,4,3,,,3,183114,
vcomp_run1,vcomp,2026/04/14-17:10:28.844604,3,4,3,,,2,113957,
vcomp_run1,vcomp,2026/04/14-17:10:28.844742,3,4,4,,,5,273637,
vcomp_run1,vcomp,2026/04/14-17:10:28.847694,0,1,2,,,3,135254,
vcomp_run1,vcomp,2026/04/14-17:10:28.849341,0,0,6,,,6,393156,
vcomp_run1,vcomp,2026/04/14-17:10:28.851117,1,2,2,,,2,75918,
vcomp_run1,vcomp,2026/04/14-17:10:28.851136,1,2,10,,,10,599805,
vcomp_run1,vcomp,2026/04/14-17:10:28.851236,1,2,4,,,4,220893,
vcomp_run1,vcomp,2026/04/14-17:10:28.853155,2,3,5,,,5,289560,
vcomp_run1,vcomp,2026/04/14-17:10:28.854842,2,3,9,,,6,423818,
vcomp_run1,vcomp,2026/04/14-17:10:28.854858,2,3,7,,,7,447476,
vcomp_run1,vcomp,2026/04/14-17:10:28.855122,0,1,14,,,14,863578,
vcomp_run1,vcomp,2026/04/14-17:10:28.857914,1,2,4,,,3,212072,
vcomp_run1,vcomp,2026/04/14-17:10:28.860263,1,2,4,,,4,251770,
vcomp_run1,vcomp,2026/04/14-17:10:28.860278,1,2,3,,,3,157933,
vcomp_run1,vcomp,2026/04/14-17:10:28.860295,1,2,5,,,5,286528,
vcomp_run1,vcomp,2026/04/14-17:10:28.860738,1,2,5,,,5,279683,
vcomp_run1,vcomp,2026/04/14-17:10:28.860742,3,4,4,,,4,230805,
vcomp_run1,vcomp,2026/04/14-17:10:28.860771,1,2,5,,,5,326341,
vcomp_run1,vcomp,2026/04/14-17:10:28.860933,1,2,4,,,5,265904,
vcomp_run1,vcomp,2026/04/14-17:10:28.861901,1,2,4,,,4,210161,
vcomp_run1,vcomp,2026/04/14-17:10:28.863495,1,2,5,,,5,274201,
vcomp_run1,vcomp,2026/04/14-17:10:28.863749,1,2,6,,,6,333052,
vcomp_run1,vcomp,2026/04/14-17:10:28.866972,2,3,6,,,5,356960,
vcomp_run1,vcomp,2026/04/14-17:10:28.866988,2,3,2,,,2,78825,
vcomp_run1,vcomp,2026/04/14-17:10:28.867002,2,3,6,,,5,377309,
vcomp_run1,vcomp,2026/04/14-17:10:28.867024,2,3,4,,,5,309911,
vcomp_run1,vcomp,2026/04/14-17:10:28.867038,2,3,7,,,7,412051,
vcomp_run1,vcomp,2026/04/14-17:10:28.867051,2,3,6,,,7,383243,
vcomp_run1,vcomp,2026/04/14-17:10:28.867069,2,3,6,,,6,313320,
vcomp_run1,vcomp,2026/04/14-17:10:28.867085,2,3,6,,,6,359459,
vcomp_run1,vcomp,2026/04/14-17:10:28.868990,2,3,7,,,6,352711,
vcomp_run1,vcomp,2026/04/14-17:10:28.869003,2,3,7,,,7,427670,
vcomp_run1,vcomp,2026/04/14-17:10:28.869019,2,3,7,,,7,465695,
vcomp_run1,vcomp,2026/04/14-17:10:28.869099,0,1,8,,,9,508962,
vcomp_run1,vcomp,2026/04/14-17:10:28.869202,0,0,4,,,4,262112,
vcomp_run1,vcomp,2026/04/14-17:10:28.871472,3,4,4,,,4,239794,
vcomp_run1,vcomp,2026/04/14-17:10:28.874047,1,2,6,,,7,391176,
vcomp_run1,vcomp,2026/04/14-17:10:28.874060,1,2,4,,,5,262861,
vcomp_run1,vcomp,2026/04/14-17:10:28.874077,3,4,4,,,4,221964,
vcomp_run1,vcomp,2026/04/14-17:10:28.874090,1,2,5,,,5,284421,
vcomp_run1,vcomp,2026/04/14-17:10:28.874105,3,4,3,,,3,156758,
vcomp_run1,vcomp,2026/04/14-17:10:28.874120,3,4,2,,,2,87964,
vcomp_run1,vcomp,2026/04/14-17:10:28.874133,3,4,3,,,3,165317,
vcomp_run1,vcomp,2026/04/14-17:10:28.874148,3,4,2,,,2,123198,
vcomp_run1,vcomp,2026/04/14-17:10:28.874162,3,4,2,,,2,84844,
vcomp_run1,vcomp,2026/04/14-17:10:28.874182,1,2,12,,,11,693367,
vcomp_run1,vcomp,2026/04/14-17:10:28.874198,3,4,4,,,4,222213,
vcomp_run1,vcomp,2026/04/14-17:10:28.874311,3,4,3,,,3,170176,
vcomp_run1,vcomp,2026/04/14-17:10:28.877633,2,3,6,,,6,331068,
vcomp_run1,vcomp,2026/04/14-17:10:28.879472,2,3,6,,,5,323882,
vcomp_run1,vcomp,2026/04/14-17:10:28.879486,2,3,8,,,8,481330,
vcomp_run1,vcomp,2026/04/14-17:10:28.879504,2,3,7,,,7,452960,
vcomp_run1,vcomp,2026/04/14-17:10:28.879618,0,1,13,,,13,775210,
vcomp_run1,vcomp,2026/04/14-17:10:28.881494,1,2,3,,,3,132521,
vcomp_run1,vcomp,2026/04/14-17:10:28.882993,1,2,3,,,3,143772,
vcomp_run1,vcomp,2026/04/14-17:10:28.884476,1,2,3,,,3,168817,
vcomp_run1,vcomp,2026/04/14-17:10:28.887525,1,2,4,,,3,208087,
vcomp_run1,vcomp,2026/04/14-17:10:28.889792,3,4,2,,,2,102383,
vcomp_run1,vcomp,2026/04/14-17:10:28.889843,3,4,3,,,2,124919,
vcomp_run1,vcomp,2026/04/14-17:10:28.889858,3,4,4,,,4,247815,
vcomp_run1,vcomp,2026/04/14-17:10:28.890148,1,2,3,,,2,114169,
vcomp_run1,vcomp,2026/04/14-17:10:28.890159,3,4,2,,,2,102390,
vcomp_run1,vcomp,2026/04/14-17:10:28.890186,1,2,6,,,6,378235,
vcomp_run1,vcomp,2026/04/14-17:10:28.890191,1,2,7,,,7,443195,
vcomp_run1,vcomp,2026/04/14-17:10:28.890305,3,4,3,,,2,107522,
vcomp_run1,vcomp,2026/04/14-17:10:28.890338,1,2,4,,,4,246196,
vcomp_run1,vcomp,2026/04/14-17:10:28.891453,1,2,7,,,8,456608,
vcomp_run1,vcomp,2026/04/14-17:10:28.892977,2,3,6,,,7,391277,
vcomp_run1,vcomp,2026/04/14-17:10:28.894871,2,3,6,,,5,321701,
vcomp_run1,vcomp,2026/04/14-17:10:28.897644,2,3,8,,,8,585401,
vcomp_run1,vcomp,2026/04/14-17:10:28.899659,2,3,8,,,7,407708,
vcomp_run1,vcomp,2026/04/14-17:10:28.899677,2,3,6,,,6,448804,
vcomp_run1,vcomp,2026/04/14-17:10:28.899692,2,3,7,,,8,440129,
vcomp_run1,vcomp,2026/04/14-17:10:28.899711,2,3,8,,,7,511370,
vcomp_run1,vcomp,2026/04/14-17:10:28.899847,0,1,12,,,13,771374,
vcomp_run1,vcomp,2026/04/14-17:10:28.902019,1,2,4,,,4,227684,
vcomp_run1,vcomp,2026/04/14-17:10:28.903594,1,2,3,,,3,183516,
vcomp_run1,vcomp,2026/04/14-17:10:28.906809,1,2,5,,,5,301760,
vcomp_run1,vcomp,2026/04/14-17:10:28.909417,3,4,4,,,4,234232,
vcomp_run1,vcomp,2026/04/14-17:10:28.909434,3,4,4,,,4,205628,
vcomp_run1,vcomp,2026/04/14-17:10:28.909449,1,2,7,,,7,432819,
vcomp_run1,vcomp,2026/04/14-17:10:28.909460,3,4,3,,,3,166587,
vcomp_run1,vcomp,2026/04/14-17:10:28.909472,1,2,2,,,1,52738,
vcomp_run1,vcomp,2026/04/14-17:10:28.909491,1,2,4,,,4,233697,
vcomp_run1,vcomp,2026/04/14-17:10:28.909504,1,2,4,,,4,257769,
vcomp_run1,vcomp,2026/04/14-17:10:28.909519,3,4,3,,,3,163924,
vcomp_run1,vcomp,2026/04/14-17:10:28.909969,1,2,9,,,8,547386,
vcomp_run1,vcomp,2026/04/14-17:10:28.910362,3,4,4,,,4,207151,
vcomp_run1,vcomp,2026/04/14-17:10:28.911053,1,2,6,,,4,275609,
vcomp_run1,vcomp,2026/04/14-17:10:28.913089,2,3,7,,,7,566816,
vcomp_run1,vcomp,2026/04/14-17:10:28.913143,2,3,7,,,5,363108,
vcomp_run1,vcomp,2026/04/14-17:10:28.913159,2,3,7,,,7,358406,
vcomp_run1,vcomp,2026/04/14-17:10:28.913900,2,3,5,,,6,334170,
vcomp_run1,vcomp,2026/04/14-17:10:28.915297,2,3,7,,,8,521261,
vcomp_run1,vcomp,2026/04/14-17:10:28.915312,2,3,7,,,7,523377,
vcomp_run1,vcomp,2026/04/14-17:10:28.915332,0,1,8,,,8,501527,
vcomp_run1,vcomp,2026/04/14-17:10:28.915351,2,3,9,,,8,593162,
vcomp_run1,vcomp,2026/04/14-17:10:28.915714,2,3,8,,,7,407089,
vcomp_run1,vcomp,2026/04/14-17:10:28.916943,0,0,4,,,4,262118,
vcomp_run1,vcomp,2026/04/14-17:10:28.918921,1,2,4,,,4,233465,
vcomp_run1,vcomp,2026/04/14-17:10:28.920935,1,2,9,,,8,486282,
vcomp_run1,vcomp,2026/04/14-17:10:28.923795,1,2,7,,,7,408167,
vcomp_run1,vcomp,2026/04/14-17:10:28.925751,2,3,3,,,3,215030,
vcomp_run1,vcomp,2026/04/14-17:10:28.927527,2,3,6,,,6,443274,
vcomp_run1,vcomp,2026/04/14-17:10:28.927719,2,3,6,,,7,478921,
vcomp_run1,vcomp,2026/04/14-17:10:28.927916,0,1,13,,,14,816800,
vcomp_run1,vcomp,2026/04/14-17:10:28.930638,1,2,2,,,2,95047,
vcomp_run1,vcomp,2026/04/14-17:10:28.932337,3,4,3,,,3,149367,
vcomp_run1,vcomp,2026/04/14-17:10:28.932349,3,4,4,,,5,272769,
vcomp_run1,vcomp,2026/04/14-17:10:28.932364,3,4,4,,,3,180762,
vcomp_run1,vcomp,2026/04/14-17:10:28.932380,1,2,4,,,4,243972,
vcomp_run1,vcomp,2026/04/14-17:10:28.932405,1,2,6,,,7,420708,
vcomp_run1,vcomp,2026/04/14-17:10:28.932419,3,4,3,,,2,124127,
vcomp_run1,vcomp,2026/04/14-17:10:28.932433,1,2,4,,,4,235347,
vcomp_run1,vcomp,2026/04/14-17:10:28.932452,3,4,4,,,4,227095,
vcomp_run1,vcomp,2026/04/14-17:10:28.932499,3,4,3,,,2,123462,
vcomp_run1,vcomp,2026/04/14-17:10:28.932514,3,4,4,,,4,245409,
vcomp_run1,vcomp,2026/04/14-17:10:28.932814,1,2,3,,,3,176056,
vcomp_run1,vcomp,2026/04/14-17:10:28.932826,1,2,2,,,2,124219,
vcomp_run1,vcomp,2026/04/14-17:10:28.932844,3,4,3,,,3,176872,
vcomp_run1,vcomp,2026/04/14-17:10:28.932945,3,4,3,,,3,172650,
vcomp_run1,vcomp,2026/04/14-17:10:28.933319,3,4,4,,,4,243933,
vcomp_run1,vcomp,2026/04/14-17:10:28.934232,1,2,7,,,7,445736,
vcomp_run1,vcomp,2026/04/14-17:10:28.934245,1,2,4,,,4,239409,
vcomp_run1,vcomp,2026/04/14-17:10:28.935846,1,2,7,,,7,417048,
vcomp_run1,vcomp,2026/04/14-17:10:28.935985,1,2,5,,,5,307295,
vcomp_run1,vcomp,2026/04/14-17:10:28.938028,2,3,4,,,4,284899,
vcomp_run1,vcomp,2026/04/14-17:10:28.940651,2,3,4,,,3,292550,
vcomp_run1,vcomp,2026/04/14-17:10:28.940668,2,3,7,,,7,404509,
vcomp_run1,vcomp,2026/04/14-17:10:28.940686,2,3,7,,,7,412881,
vcomp_run1,vcomp,2026/04/14-17:10:28.940698,2,3,6,,,5,368839,
vcomp_run1,vcomp,2026/04/14-17:10:28.940712,2,3,6,,,5,447101,
vcomp_run1,vcomp,2026/04/14-17:10:28.940728,2,3,7,,,7,446608,
vcomp_run1,vcomp,2026/04/14-17:10:28.940744,2,3,5,,,5,325457,
vcomp_run1,vcomp,2026/04/14-17:10:28.940759,2,3,8,,,8,515663,
vcomp_run1,vcomp,2026/04/14-17:10:28.940867,0,1,8,,,9,507687,
vcomp_run1,vcomp,2026/04/14-17:10:28.944052,1,2,6,,,5,289318,
vcomp_run1,vcomp,2026/04/14-17:10:28.945794,1,2,4,,,4,249095,
vcomp_run1,vcomp,2026/04/14-17:10:28.947434,1,2,4,,,5,266304,
vcomp_run1,vcomp,2026/04/14-17:10:28.949154,1,2,5,,,5,284655,
vcomp_run1,vcomp,2026/04/14-17:10:28.952366,2,3,6,,,6,443785,
vcomp_run1,vcomp,2026/04/14-17:10:28.954335,2,3,6,,,6,371979,
vcomp_run1,vcomp,2026/04/14-17:10:28.954599,0,1,13,,,14,796110,
vcomp_run1,vcomp,2026/04/14-17:10:28.955071,2,3,7,,,8,427333,
vcomp_run1,vcomp,2026/04/14-17:10:28.956329,1,2,3,,,3,168244,
vcomp_run1,vcomp,2026/04/14-17:10:28.959385,1,2,2,,,2,117251,
vcomp_run1,vcomp,2026/04/14-17:10:28.959401,1,2,4,,,4,255145,
vcomp_run1,vcomp,2026/04/14-17:10:28.959418,1,2,5,,,5,287921,
vcomp_run1,vcomp,2026/04/14-17:10:28.959436,1,2,4,,,4,238018,
vcomp_run1,vcomp,2026/04/14-17:10:28.959450,3,4,3,,,3,135320,
vcomp_run1,vcomp,2026/04/14-17:10:28.959467,3,4,3,,,3,158436,
vcomp_run1,vcomp,2026/04/14-17:10:28.959480,1,2,5,,,5,281052,
vcomp_run1,vcomp,2026/04/14-17:10:28.959498,1,2,6,,,6,385668,
vcomp_run1,vcomp,2026/04/14-17:10:28.959514,1,2,4,,,4,201063,
vcomp_run1,vcomp,2026/04/14-17:10:28.959531,1,2,6,,,6,389544,
vcomp_run1,vcomp,2026/04/14-17:10:28.959546,3,4,3,,,2,115427,
vcomp_run1,vcomp,2026/04/14-17:10:28.959560,3,4,4,,,4,223498,
vcomp_run1,vcomp,2026/04/14-17:10:28.959572,3,4,4,,,4,229329,
vcomp_run1,vcomp,2026/04/14-17:10:28.959585,3,4,3,,,3,162674,
vcomp_run1,vcomp,2026/04/14-17:10:28.959599,3,4,2,,,2,98632,
vcomp_run1,vcomp,2026/04/14-17:10:28.959614,3,4,4,,,3,173397,
vcomp_run1,vcomp,2026/04/14-17:10:28.959623,3,4,4,,,4,251064,
vcomp_run1,vcomp,2026/04/14-17:10:28.961404,3,4,3,,,3,145373,
vcomp_run1,vcomp,2026/04/14-17:10:28.962069,3,4,4,,,3,185664,
vcomp_run1,vcomp,2026/04/14-17:10:28.963808,2,3,5,,,5,323317,
vcomp_run1,vcomp,2026/04/14-17:10:28.965838,1,2,4,,,3,191968,
vcomp_run1,vcomp,2026/04/14-17:10:28.965849,2,3,6,,,5,344051,
vcomp_run1,vcomp,2026/04/14-17:10:28.965862,2,3,6,,,6,392104,
vcomp_run1,vcomp,2026/04/14-17:10:28.965879,2,3,6,,,6,331442,
vcomp_run1,vcomp,2026/04/14-17:10:28.965897,2,3,7,,,9,410184,
vcomp_run1,vcomp,2026/04/14-17:10:28.966005,2,3,7,,,8,501190,
vcomp_run1,vcomp,2026/04/14-17:10:28.968077,2,3,7,,,5,315296,
vcomp_run1,vcomp,2026/04/14-17:10:28.970176,2,3,6,,,7,472740,
vcomp_run1,vcomp,2026/04/14-17:10:28.973106,2,3,8,,,9,495882,
vcomp_run1,vcomp,2026/04/14-17:10:28.974822,0,1,12,,,12,763252,
vcomp_run1,vcomp,2026/04/14-17:10:28.976921,3,4,2,,,2,93739,
vcomp_run1,vcomp,2026/04/14-17:10:28.976939,3,4,2,,,2,99051,
vcomp_run1,vcomp,2026/04/14-17:10:28.976954,3,4,4,,,4,221397,
vcomp_run1,vcomp,2026/04/14-17:10:28.976965,3,4,2,,,2,92768,
vcomp_run1,vcomp,2026/04/14-17:10:28.976977,3,4,3,,,3,173288,
vcomp_run1,vcomp,2026/04/14-17:10:28.976994,3,4,2,,,2,93469,
vcomp_run1,vcomp,2026/04/14-17:10:28.977006,3,4,4,,,4,239541,
vcomp_run1,vcomp,2026/04/14-17:10:28.977019,3,4,3,,,3,172260,
vcomp_run1,vcomp,2026/04/14-17:10:28.977112,3,4,4,,,4,207871,
vcomp_run1,vcomp,2026/04/14-17:10:28.978939,1,2,2,,,2,118949,
vcomp_run1,vcomp,2026/04/14-17:10:28.982223,1,2,5,,,5,311835,
vcomp_run1,vcomp,2026/04/14-17:10:28.984248,1,2,4,,,5,254422,
vcomp_run1,vcomp,2026/04/14-17:10:28.984260,1,2,5,,,6,320902,
vcomp_run1,vcomp,2026/04/14-17:10:28.984273,1,2,7,,,7,413898,
vcomp_run1,vcomp,2026/04/14-17:10:28.984288,1,2,6,,,5,264282,
vcomp_run1,vcomp,2026/04/14-17:10:28.984403,1,2,6,,,6,392668,
vcomp_run1,vcomp,2026/04/14-17:10:28.986512,2,3,5,,,5,344698,
vcomp_run1,vcomp,2026/04/14-17:10:28.988215,1,2,5,,,5,275611,
vcomp_run1,vcomp,2026/04/14-17:10:28.991298,2,3,5,,,4,292966,
vcomp_run1,vcomp,2026/04/14-17:10:28.993519,2,3,5,,,5,340344,
vcomp_run1,vcomp,2026/04/14-17:10:28.993537,2,3,6,,,6,398894,
vcomp_run1,vcomp,2026/04/14-17:10:28.993555,2,3,6,,,5,345170,
vcomp_run1,vcomp,2026/04/14-17:10:28.993573,2,3,6,,,7,420381,
vcomp_run1,vcomp,2026/04/14-17:10:28.993592,0,1,12,,,13,771823,
vcomp_run1,vcomp,2026/04/14-17:10:28.993608,2,3,9,,,8,604406,
vcomp_run1,vcomp,2026/04/14-17:10:28.993724,2,3,5,,,5,376265,
vcomp_run1,vcomp,2026/04/14-17:10:28.995840,1,2,3,,,3,182078,
vcomp_run1,vcomp,2026/04/14-17:10:28.998568,1,2,2,,,2,105394,
vcomp_run1,vcomp,2026/04/14-17:10:29.000898,1,2,4,,,4,245247,
vcomp_run1,vcomp,2026/04/14-17:10:29.001032,3,4,4,,,4,230783,
vcomp_run1,vcomp,2026/04/14-17:10:29.001545,3,4,2,,,2,91050,
vcomp_run1,vcomp,2026/04/14-17:10:29.001559,1,2,6,,,6,334898,
vcomp_run1,vcomp,2026/04/14-17:10:29.001578,3,4,5,,,5,316052,
vcomp_run1,vcomp,2026/04/14-17:10:29.001584,3,4,4,,,3,187944,
vcomp_run1,vcomp,2026/04/14-17:10:29.001599,3,4,3,,,2,124598,
vcomp_run1,vcomp,2026/04/14-17:10:29.001645,1,2,5,,,4,268191,
vcomp_run1,vcomp,2026/04/14-17:10:29.001662,1,2,5,,,5,307961,
vcomp_run1,vcomp,2026/04/14-17:10:29.001769,3,4,3,,,3,172267,
vcomp_run1,vcomp,2026/04/14-17:10:29.003368,1,2,7,,,6,376919,
vcomp_run1,vcomp,2026/04/14-17:10:29.003968,1,2,6,,,5,290596,
vcomp_run1,vcomp,2026/04/14-17:10:29.005277,1,2,5,,,5,281668,
vcomp_run1,vcomp,2026/04/14-17:10:29.007105,2,3,8,,,7,513870,
vcomp_run1,vcomp,2026/04/14-17:10:29.007161,2,3,3,,,3,126582,
vcomp_run1,vcomp,2026/04/14-17:10:29.007185,2,3,7,,,7,444122,
vcomp_run1,vcomp,2026/04/14-17:10:29.008040,2,3,6,,,6,371871,
vcomp_run1,vcomp,2026/04/14-17:10:29.009465,2,3,2,,,2,94468,
vcomp_run1,vcomp,2026/04/14-17:10:29.009479,2,3,7,,,6,420177,
vcomp_run1,vcomp,2026/04/14-17:10:29.009497,2,3,7,,,8,458673,
vcomp_run1,vcomp,2026/04/14-17:10:29.009517,2,3,8,,,8,456031,
vcomp_run1,vcomp,2026/04/14-17:10:29.009540,2,3,9,,,10,533808,
vcomp_run1,vcomp,2026/04/14-17:10:29.009671,0,1,8,,,9,520589,
vcomp_run1,vcomp,2026/04/14-17:10:29.011213,0,0,4,,,4,262112,
vcomp_run1,vcomp,2026/04/14-17:10:29.013305,1,2,4,,,5,271101,
vcomp_run1,vcomp,2026/04/14-17:10:29.014873,1,2,4,,,4,238214,
vcomp_run1,vcomp,2026/04/14-17:10:29.017668,1,2,4,,,5,256846,
vcomp_run1,vcomp,2026/04/14-17:10:29.019485,2,3,2,,,2,96230,
vcomp_run1,vcomp,2026/04/14-17:10:29.021289,2,3,6,,,6,393827,
vcomp_run1,vcomp,2026/04/14-17:10:29.021307,2,3,7,,,6,448695,
vcomp_run1,vcomp,2026/04/14-17:10:29.021431,0,1,14,,,16,856516,
vcomp_run1,vcomp,2026/04/14-17:10:29.023449,1,2,3,,,3,169956,
vcomp_run1,vcomp,2026/04/14-17:10:29.026679,1,2,4,,,4,224067,
vcomp_run1,vcomp,2026/04/14-17:10:29.026764,1,2,3,,,3,185743,
vcomp_run1,vcomp,2026/04/14-17:10:29.026781,1,2,4,,,4,240002,
vcomp_run1,vcomp,2026/04/14-17:10:29.026800,1,2,4,,,4,238661,
vcomp_run1,vcomp,2026/04/14-17:10:29.026818,1,2,3,,,3,170042,
vcomp_run1,vcomp,2026/04/14-17:10:29.026838,3,4,2,,,2,84125,
vcomp_run1,vcomp,2026/04/14-17:10:29.026855,1,2,5,,,5,310742,
vcomp_run1,vcomp,2026/04/14-17:10:29.026874,3,4,2,,,2,100005,
vcomp_run1,vcomp,2026/04/14-17:10:29.026889,3,4,2,,,2,108049,
vcomp_run1,vcomp,2026/04/14-17:10:29.026902,1,2,6,,,6,367225,
vcomp_run1,vcomp,2026/04/14-17:10:29.026921,3,4,3,,,3,170177,
vcomp_run1,vcomp,2026/04/14-17:10:29.026934,3,4,3,,,3,163585,
vcomp_run1,vcomp,2026/04/14-17:10:29.026950,3,4,3,,,3,171961,
vcomp_run1,vcomp,2026/04/14-17:10:29.026967,3,4,4,,,3,178754,
vcomp_run1,vcomp,2026/04/14-17:10:29.026983,3,4,5,,,5,301070,
vcomp_run1,vcomp,2026/04/14-17:10:29.027000,3,4,2,,,2,96636,
vcomp_run1,vcomp,2026/04/14-17:10:29.027013,3,4,3,,,3,146705,
vcomp_run1,vcomp,2026/04/14-17:10:29.027216,1,2,3,,,4,183435,
vcomp_run1,vcomp,2026/04/14-17:10:29.029102,1,2,6,,,6,345239,
vcomp_run1,vcomp,2026/04/14-17:10:29.030694,1,2,4,,,4,213031,
vcomp_run1,vcomp,2026/04/14-17:10:29.032146,2,3,3,,,3,163129,
vcomp_run1,vcomp,2026/04/14-17:10:29.033534,2,3,3,,,4,165420,
vcomp_run1,vcomp,2026/04/14-17:10:29.033547,2,3,4,,,5,250217,
vcomp_run1,vcomp,2026/04/14-17:10:29.033563,2,3,4,,,3,270301,
vcomp_run1,vcomp,2026/04/14-17:10:29.033577,2,3,7,,,7,411621,
vcomp_run1,vcomp,2026/04/14-17:10:29.033596,2,3,7,,,6,453822,
vcomp_run1,vcomp,2026/04/14-17:10:29.033616,2,3,8,,,8,476461,
vcomp_run1,vcomp,2026/04/14-17:10:29.033963,2,3,8,,,7,471616,
vcomp_run1,vcomp,2026/04/14-17:10:29.033977,2,3,6,,,7,465922,
vcomp_run1,vcomp,2026/04/14-17:10:29.035705,2,3,8,,,8,508187,
vcomp_run1,vcomp,2026/04/14-17:10:29.035722,2,3,7,,,7,479325,
vcomp_run1,vcomp,2026/04/14-17:10:29.036046,0,1,9,,,8,505046,
vcomp_run1,vcomp,2026/04/14-17:10:29.038819,1,2,3,,,3,192176,
vcomp_run1,vcomp,2026/04/14-17:10:29.040657,1,2,7,,,6,393310,
vcomp_run1,vcomp,2026/04/14-17:10:29.042411,1,2,6,,,6,353030,
vcomp_run1,vcomp,2026/04/14-17:10:29.044543,1,2,10,,,10,593234,
vcomp_run1,vcomp,2026/04/14-17:10:29.047760,2,3,4,,,4,224956,
vcomp_run1,vcomp,2026/04/14-17:10:29.049737,2,3,6,,,6,347170,
vcomp_run1,vcomp,2026/04/14-17:10:29.049756,2,3,8,,,7,464938,
vcomp_run1,vcomp,2026/04/14-17:10:29.049775,0,1,12,,,12,716463,
vcomp_run1,vcomp,2026/04/14-17:10:29.049883,2,3,7,,,8,551015,
vcomp_run1,vcomp,2026/04/14-17:10:29.052016,1,2,6,,,6,384653,
vcomp_run1,vcomp,2026/04/14-17:10:29.053833,1,2,4,,,5,257013,
vcomp_run1,vcomp,2026/04/14-17:10:29.056917,1,2,5,,,4,253098,
vcomp_run1,vcomp,2026/04/14-17:10:29.059976,1,2,5,,,5,318509,
vcomp_run1,vcomp,2026/04/14-17:10:29.060431,3,4,3,,,2,118499,
vcomp_run1,vcomp,2026/04/14-17:10:29.060448,3,4,3,,,2,92114,
vcomp_run1,vcomp,2026/04/14-17:10:29.060462,3,4,3,,,3,136085,
vcomp_run1,vcomp,2026/04/14-17:10:29.060476,3,4,3,,,3,136775,
vcomp_run1,vcomp,2026/04/14-17:10:29.060491,3,4,4,,,3,160333,
vcomp_run1,vcomp,2026/04/14-17:10:29.060509,3,4,3,,,2,85219,
vcomp_run1,vcomp,2026/04/14-17:10:29.060523,3,4,3,,,3,143163,
vcomp_run1,vcomp,2026/04/14-17:10:29.060536,3,4,3,,,3,171038,
vcomp_run1,vcomp,2026/04/14-17:10:29.060548,3,4,3,,,3,145416,
vcomp_run1,vcomp,2026/04/14-17:10:29.060968,3,4,3,,,3,147315,
vcomp_run1,vcomp,2026/04/14-17:10:29.060986,1,2,6,,,6,348530,
vcomp_run1,vcomp,2026/04/14-17:10:29.061008,1,2,4,,,3,191640,
vcomp_run1,vcomp,2026/04/14-17:10:29.061031,1,2,4,,,5,248492,
vcomp_run1,vcomp,2026/04/14-17:10:29.061043,3,4,2,,,2,94272,
vcomp_run1,vcomp,2026/04/14-17:10:29.061061,1,2,7,,,6,360626,
vcomp_run1,vcomp,2026/04/14-17:10:29.061074,3,4,2,,,2,94163,
vcomp_run1,vcomp,2026/04/14-17:10:29.062258,3,4,4,,,3,187552,
vcomp_run1,vcomp,2026/04/14-17:10:29.062280,3,4,6,,,6,343902,
vcomp_run1,vcomp,2026/04/14-17:10:29.062649,3,4,5,,,6,328965,
vcomp_run1,vcomp,2026/04/14-17:10:29.065266,2,3,2,,,2,112927,
vcomp_run1,vcomp,2026/04/14-17:10:29.065287,2,3,7,,,7,404263,
vcomp_run1,vcomp,2026/04/14-17:10:29.065316,2,3,8,,,7,433154,
vcomp_run1,vcomp,2026/04/14-17:10:29.065336,2,3,7,,,5,385166,
vcomp_run1,vcomp,2026/04/14-17:10:29.065356,2,3,6,,,6,391180,
vcomp_run1,vcomp,2026/04/14-17:10:29.065373,2,3,7,,,7,445669,
vcomp_run1,vcomp,2026/04/14-17:10:29.065390,2,3,4,,,4,291651,
vcomp_run1,vcomp,2026/04/14-17:10:29.065404,2,3,5,,,7,389589,
vcomp_run1,vcomp,2026/04/14-17:10:29.065530,0,1,8,,,9,503783,
vcomp_run1,vcomp,2026/04/14-17:10:29.067728,1,2,2,,,2,119541,
vcomp_run1,vcomp,2026/04/14-17:10:29.069507,1,2,5,,,5,296930,
vcomp_run1,vcomp,2026/04/14-17:10:29.071457,1,2,8,,,7,471275,
vcomp_run1,vcomp,2026/04/14-17:10:29.073324,1,2,6,,,6,355794,
vcomp_run1,vcomp,2026/04/14-17:10:29.076261,2,3,4,,,3,183810,
vcomp_run1,vcomp,2026/04/14-17:10:29.078024,2,3,5,,,5,347065,
vcomp_run1,vcomp,2026/04/14-17:10:29.078030,2,3,7,,,5,404067,
vcomp_run1,vcomp,2026/04/14-17:10:29.078050,2,3,5,,,6,399714,
vcomp_run1,vcomp,2026/04/14-17:10:29.079848,0,1,13,,,13,785118,
vcomp_run1,vcomp,2026/04/14-17:10:29.081970,3,4,2,,,2,102339,
vcomp_run1,vcomp,2026/04/14-17:10:29.081980,3,4,2,,,2,106245,
vcomp_run1,vcomp,2026/04/14-17:10:29.081996,3,4,3,,,3,180136,
vcomp_run1,vcomp,2026/04/14-17:10:29.082010,3,4,3,,,3,178335,
vcomp_run1,vcomp,2026/04/14-17:10:29.082023,3,4,4,,,4,249513,
vcomp_run1,vcomp,2026/04/14-17:10:29.082037,3,4,5,,,5,299478,
vcomp_run1,vcomp,2026/04/14-17:10:29.082053,3,4,4,,,4,204671,
vcomp_run1,vcomp,2026/04/14-17:10:29.082070,3,4,3,,,3,170541,
vcomp_run1,vcomp,2026/04/14-17:10:29.082164,3,4,3,,,3,167406,
vcomp_run1,vcomp,2026/04/14-17:10:29.085434,1,2,4,,,4,204407,
vcomp_run1,vcomp,2026/04/14-17:10:29.087346,1,2,5,,,5,322985,
vcomp_run1,vcomp,2026/04/14-17:10:29.087774,1,2,6,,,6,359699,
vcomp_run1,vcomp,2026/04/14-17:10:29.087792,1,2,4,,,4,194057,
vcomp_run1,vcomp,2026/04/14-17:10:29.087780,1,2,3,,,4,216016,
vcomp_run1,vcomp,2026/04/14-17:10:29.087907,1,2,5,,,6,357214,
vcomp_run1,vcomp,2026/04/14-17:10:29.089068,1,2,7,,,6,406012,
vcomp_run1,vcomp,2026/04/14-17:10:29.090714,1,2,4,,,3,176433,
vcomp_run1,vcomp,2026/04/14-17:10:29.091080,1,2,4,,,4,202364,
vcomp_run1,vcomp,2026/04/14-17:10:29.092928,2,3,6,,,7,438056,
vcomp_run1,vcomp,2026/04/14-17:10:29.092944,2,3,8,,,8,501268,
vcomp_run1,vcomp,2026/04/14-17:10:29.093347,2,3,8,,,9,538011,
vcomp_run1,vcomp,2026/04/14-17:10:29.095278,2,3,4,,,5,297701,
vcomp_run1,vcomp,2026/04/14-17:10:29.095293,2,3,9,,,7,437566,
vcomp_run1,vcomp,2026/04/14-17:10:29.095306,2,3,5,,,4,249180,
vcomp_run1,vcomp,2026/04/14-17:10:29.095327,2,3,7,,,8,434786,
vcomp_run1,vcomp,2026/04/14-17:10:29.095344,2,3,8,,,10,582236,
vcomp_run1,vcomp,2026/04/14-17:10:29.095356,0,1,8,,,8,504647,
vcomp_run1,vcomp,2026/04/14-17:10:29.095478,2,3,9,,,8,468673,
vcomp_run1,vcomp,2026/04/14-17:10:29.097906,1,2,6,,,6,363666,
vcomp_run1,vcomp,2026/04/14-17:10:29.099587,1,2,4,,,4,214307,
vcomp_run1,vcomp,2026/04/14-17:10:29.101378,1,2,5,,,5,323486,
vcomp_run1,vcomp,2026/04/14-17:10:29.104492,1,2,5,,,5,297438,
vcomp_run1,vcomp,2026/04/14-17:10:29.106853,3,4,4,,,4,220010,
vcomp_run1,vcomp,2026/04/14-17:10:29.106871,0,0,8,,,8,524231,
vcomp_run1,vcomp,2026/04/14-17:10:29.106886,3,4,6,,,5,323587,
vcomp_run1,vcomp,2026/04/14-17:10:29.106905,3,4,3,,,3,168681,
vcomp_run1,vcomp,2026/04/14-17:10:29.106919,3,4,3,,,3,171071,
vcomp_run1,vcomp,2026/04/14-17:10:29.106934,3,4,4,,,4,214087,
vcomp_run1,vcomp,2026/04/14-17:10:29.107476,3,4,2,,,2,95014,
vcomp_run1,vcomp,2026/04/14-17:10:29.107470,3,4,4,,,4,208817,
vcomp_run1,vcomp,2026/04/14-17:10:29.107552,3,4,3,,,2,121099,
vcomp_run1,vcomp,2026/04/14-17:10:29.108715,2,3,8,,,8,519125,
vcomp_run1,vcomp,2026/04/14-17:10:29.109302,2,3,9,,,9,555569,
vcomp_run1,vcomp,2026/04/14-17:10:29.109307,2,3,6,,,5,338448,
vcomp_run1,vcomp,2026/04/14-17:10:29.109425,2,3,7,,,7,525051,
vcomp_run1,vcomp,2026/04/14-17:10:29.110668,0,1,2,,,3,128200,
vcomp_run1,vcomp,2026/04/14-17:10:29.111056,0,0,7,,,7,458695,
vcomp_run1,vcomp,2026/04/14-17:10:29.112894,3,4,3,,,3,180007,
vcomp_run1,vcomp,2026/04/14-17:10:29.112965,3,4,4,,,3,178901,
vcomp_run1,vcomp,2026/04/14-17:10:29.112978,3,4,3,,,3,155507,
vcomp_run1,vcomp,2026/04/14-17:10:29.113089,3,4,3,,,3,172420,
vcomp_run1,vcomp,2026/04/14-17:10:29.115946,0,1,17,,,18,1036844,
vcomp_run1,vcomp,2026/04/14-17:10:29.117602,1,2,3,,,3,181147,
vcomp_run1,vcomp,2026/04/14-17:10:29.119191,1,2,4,,,4,231474,
vcomp_run1,vcomp,2026/04/14-17:10:29.120814,1,2,4,,,4,226389,
vcomp_run1,vcomp,2026/04/14-17:10:29.123749,1,2,2,,,2,116230,
vcomp_run1,vcomp,2026/04/14-17:10:29.126125,1,2,2,,,2,96700,
vcomp_run1,vcomp,2026/04/14-17:10:29.126209,1,2,3,,,3,173774,
vcomp_run1,vcomp,2026/04/14-17:10:29.126227,1,2,5,,,6,308913,
vcomp_run1,vcomp,2026/04/14-17:10:29.126243,1,2,4,,,5,262561,
vcomp_run1,vcomp,2026/04/14-17:10:29.126260,1,2,4,,,4,261490,
vcomp_run1,vcomp,2026/04/14-17:10:29.126279,1,2,4,,,4,253140,
vcomp_run1,vcomp,2026/04/14-17:10:29.126713,1,2,3,,,3,184382,
vcomp_run1,vcomp,2026/04/14-17:10:29.128065,1,2,4,,,4,205830,
vcomp_run1,vcomp,2026/04/14-17:10:29.130351,1,2,6,,,6,337607,
vcomp_run1,vcomp,2026/04/14-17:10:29.130701,1,2,6,,,6,315610,
vcomp_run1,vcomp,2026/04/14-17:10:29.132018,2,3,3,,,3,248940,
vcomp_run1,vcomp,2026/04/14-17:10:29.132368,2,3,4,,,5,288228,
vcomp_run1,vcomp,2026/04/14-17:10:29.134592,2,3,6,,,6,370474,
vcomp_run1,vcomp,2026/04/14-17:10:29.134608,2,3,5,,,6,352993,
vcomp_run1,vcomp,2026/04/14-17:10:29.134629,2,3,6,,,6,373847,
vcomp_run1,vcomp,2026/04/14-17:10:29.134644,2,3,6,,,6,381268,
vcomp_run1,vcomp,2026/04/14-17:10:29.134657,2,3,5,,,4,291247,
vcomp_run1,vcomp,2026/04/14-17:10:29.134679,2,3,4,,,3,314781,
vcomp_run1,vcomp,2026/04/14-17:10:29.134692,2,3,7,,,8,429393,
vcomp_run1,vcomp,2026/04/14-17:10:29.134709,2,3,6,,,5,376000,
vcomp_run1,vcomp,2026/04/14-17:10:29.134728,2,3,8,,,8,500481,
vcomp_run1,vcomp,2026/04/14-17:10:29.134742,2,3,9,,,8,479578,
vcomp_run1,vcomp,2026/04/14-17:10:29.134760,0,1,8,,,8,506370,
vcomp_run1,vcomp,2026/04/14-17:10:29.134894,2,3,8,,,8,438969,
vcomp_run1,vcomp,2026/04/14-17:10:29.137433,3,4,3,,,3,141095,
vcomp_run1,vcomp,2026/04/14-17:10:29.140094,1,2,8,,,8,490857,
vcomp_run1,vcomp,2026/04/14-17:10:29.140105,3,4,3,,,2,125385,
vcomp_run1,vcomp,2026/04/14-17:10:29.140118,3,4,4,,,4,256054,
vcomp_run1,vcomp,2026/04/14-17:10:29.140133,3,4,3,,,3,131830,
vcomp_run1,vcomp,2026/04/14-17:10:29.140145,1,2,3,,,3,188871,
vcomp_run1,vcomp,2026/04/14-17:10:29.140162,3,4,3,,,3,178725,
vcomp_run1,vcomp,2026/04/14-17:10:29.140175,3,4,3,,,3,139015,
vcomp_run1,vcomp,2026/04/14-17:10:29.140189,1,2,5,,,5,293585,
vcomp_run1,vcomp,2026/04/14-17:10:29.140211,3,4,4,,,4,232328,
vcomp_run1,vcomp,2026/04/14-17:10:29.140224,3,4,4,,,4,211646,
vcomp_run1,vcomp,2026/04/14-17:10:29.140240,3,4,5,,,5,296234,
vcomp_run1,vcomp,2026/04/14-17:10:29.140255,3,4,6,,,5,315879,
vcomp_run1,vcomp,2026/04/14-17:10:29.140382,1,2,8,,,7,452832,
vcomp_run1,vcomp,2026/04/14-17:10:29.142785,2,3,5,,,5,313710,
vcomp_run1,vcomp,2026/04/14-17:10:29.145883,2,3,6,,,6,372770,
vcomp_run1,vcomp,2026/04/14-17:10:29.147786,2,3,8,,,7,452691,
vcomp_run1,vcomp,2026/04/14-17:10:29.147804,2,3,7,,,8,454139,
vcomp_run1,vcomp,2026/04/14-17:10:29.147934,0,1,12,,,12,751853,
vcomp_run1,vcomp,2026/04/14-17:10:29.149886,1,2,3,,,4,180342,
vcomp_run1,vcomp,2026/04/14-17:10:29.151454,1,2,3,,,3,182979,
vcomp_run1,vcomp,2026/04/14-17:10:29.154651,1,2,4,,,4,252310,
vcomp_run1,vcomp,2026/04/14-17:10:29.156732,1,2,6,,,6,341112,
vcomp_run1,vcomp,2026/04/14-17:10:29.156742,3,4,3,,,2,103026,
vcomp_run1,vcomp,2026/04/14-17:10:29.156757,1,2,6,,,6,320676,
vcomp_run1,vcomp,2026/04/14-17:10:29.156769,3,4,3,,,3,136532,
vcomp_run1,vcomp,2026/04/14-17:10:29.156783,3,4,3,,,3,148880,
vcomp_run1,vcomp,2026/04/14-17:10:29.156797,1,2,4,,,4,245930,
vcomp_run1,vcomp,2026/04/14-17:10:29.156977,3,4,3,,,3,156992,
vcomp_run1,vcomp,2026/04/14-17:10:29.158521,1,2,4,,,4,243361,
vcomp_run1,vcomp,2026/04/14-17:10:29.161462,1,2,3,,,3,166193,
vcomp_run1,vcomp,2026/04/14-17:10:29.163052,1,2,6,,,6,332603,
vcomp_run1,vcomp,2026/04/14-17:10:29.163467,0,0,8,,,8,524222,
vcomp_run1,vcomp,2026/04/14-17:10:29.165274,2,3,5,,,6,324340,
vcomp_run1,vcomp,2026/04/14-17:10:29.165295,2,3,9,,,8,463632,
vcomp_run1,vcomp,2026/04/14-17:10:29.166152,2,3,6,,,5,380108,
vcomp_run1,vcomp,2026/04/14-17:10:29.167713,0,0,5,,,5,327614,
vcomp_run1,vcomp,2026/04/14-17:10:29.167726,2,3,4,,,3,210737,
vcomp_run1,vcomp,2026/04/14-17:10:29.167738,2,3,7,,,7,416115,
vcomp_run1,vcomp,2026/04/14-17:10:29.167757,2,3,8,,,8,503071,
vcomp_run1,vcomp,2026/04/14-17:10:29.167772,2,3,7,,,7,445671,
vcomp_run1,vcomp,2026/04/14-17:10:29.167786,2,3,7,,,6,472358,
vcomp_run1,vcomp,2026/04/14-17:10:29.170834,1,2,6,,,6,312910,
vcomp_run1,vcomp,2026/04/14-17:10:29.172805,3,4,3,,,3,134433,
vcomp_run1,vcomp,2026/04/14-17:10:29.174924,3,4,2,,,2,92992,
vcomp_run1,vcomp,2026/04/14-17:10:29.175004,3,4,3,,,3,177017,
vcomp_run1,vcomp,2026/04/14-17:10:29.175018,2,3,7,,,6,428633,
vcomp_run1,vcomp,2026/04/14-17:10:29.175038,0,1,14,,,16,949259,
vcomp_run1,vcomp,2026/04/14-17:10:29.175240,3,4,3,,,3,179224,
vcomp_run1,vcomp,2026/04/14-17:10:29.178408,1,2,5,,,4,258048,
vcomp_run1,vcomp,2026/04/14-17:10:29.180006,1,2,4,,,5,257418,
vcomp_run1,vcomp,2026/04/14-17:10:29.180321,1,2,9,,,9,521784,
vcomp_run1,vcomp,2026/04/14-17:10:29.180782,1,2,3,,,3,147063,
vcomp_run1,vcomp,2026/04/14-17:10:29.180770,1,2,3,,,3,183103,
vcomp_run1,vcomp,2026/04/14-17:10:29.180802,1,2,3,,,3,174991,
vcomp_run1,vcomp,2026/04/14-17:10:29.180840,1,2,4,,,5,310224,
vcomp_run1,vcomp,2026/04/14-17:10:29.180857,1,2,3,,,3,156503,
vcomp_run1,vcomp,2026/04/14-17:10:29.180861,3,4,4,,,3,169669,
vcomp_run1,vcomp,2026/04/14-17:10:29.180875,3,4,4,,,4,228797,
vcomp_run1,vcomp,2026/04/14-17:10:29.180884,3,4,4,,,3,182176,
vcomp_run1,vcomp,2026/04/14-17:10:29.181023,3,4,3,,,3,133325,
vcomp_run1,vcomp,2026/04/14-17:10:29.182123,1,2,6,,,6,380836,
vcomp_run1,vcomp,2026/04/14-17:10:29.182399,1,2,4,,,3,187622,
vcomp_run1,vcomp,2026/04/14-17:10:29.183659,1,2,3,,,3,133657,
vcomp_run1,vcomp,2026/04/14-17:10:29.184350,1,2,5,,,5,276617,
vcomp_run1,vcomp,2026/04/14-17:10:29.185696,2,3,5,,,5,304889,
vcomp_run1,vcomp,2026/04/14-17:10:29.185711,2,3,6,,,5,332819,
vcomp_run1,vcomp,2026/04/14-17:10:29.185726,2,3,6,,,6,379252,
vcomp_run1,vcomp,2026/04/14-17:10:29.185745,2,3,6,,,7,382106,
vcomp_run1,vcomp,2026/04/14-17:10:29.186684,2,3,7,,,6,369482,
vcomp_run1,vcomp,2026/04/14-17:10:29.188274,2,3,5,,,5,333380,
vcomp_run1,vcomp,2026/04/14-17:10:29.188292,2,3,6,,,6,352624,
vcomp_run1,vcomp,2026/04/14-17:10:29.188307,2,3,5,,,4,226938,
vcomp_run1,vcomp,2026/04/14-17:10:29.188325,2,3,8,,,8,440047,
vcomp_run1,vcomp,2026/04/14-17:10:29.188340,2,3,6,,,7,427339,
vcomp_run1,vcomp,2026/04/14-17:10:29.188353,2,3,7,,,9,494863,
vcomp_run1,vcomp,2026/04/14-17:10:29.188372,0,1,8,,,8,502442,
vcomp_run1,vcomp,2026/04/14-17:10:29.188775,2,3,6,,,7,439831,
vcomp_run1,vcomp,2026/04/14-17:10:29.191436,1,2,2,,,2,127813,
vcomp_run1,vcomp,2026/04/14-17:10:29.193045,1,2,3,,,3,174672,
vcomp_run1,vcomp,2026/04/14-17:10:29.194707,1,2,4,,,4,245951,
vcomp_run1,vcomp,2026/04/14-17:10:29.196384,1,2,5,,,5,311306,
vcomp_run1,vcomp,2026/04/14-17:10:29.198383,2,3,6,,,8,411007,
vcomp_run1,vcomp,2026/04/14-17:10:29.201273,2,3,5,,,6,359475,
vcomp_run1,vcomp,2026/04/14-17:10:29.203212,2,3,7,,,7,413727,
vcomp_run1,vcomp,2026/04/14-17:10:29.203231,2,3,7,,,7,483748,
vcomp_run1,vcomp,2026/04/14-17:10:29.203839,0,1,12,,,13,795180,
vcomp_run1,vcomp,2026/04/14-17:10:29.205674,1,2,2,,,2,98164,
vcomp_run1,vcomp,2026/04/14-17:10:29.208986,1,2,4,,,4,225069,
vcomp_run1,vcomp,2026/04/14-17:10:29.209002,1,2,4,,,4,269422,
vcomp_run1,vcomp,2026/04/14-17:10:29.209018,3,4,2,,,2,128245,
vcomp_run1,vcomp,2026/04/14-17:10:29.209027,3,4,2,,,2,97333,
vcomp_run1,vcomp,2026/04/14-17:10:29.209045,1,2,4,,,4,246014,
vcomp_run1,vcomp,2026/04/14-17:10:29.209062,1,2,6,,,7,394784,
vcomp_run1,vcomp,2026/04/14-17:10:29.209075,3,4,2,,,2,110469,
vcomp_run1,vcomp,2026/04/14-17:10:29.209089,1,2,5,,,5,266577,
vcomp_run1,vcomp,2026/04/14-17:10:29.209102,3,4,2,,,2,108506,
vcomp_run1,vcomp,2026/04/14-17:10:29.209122,1,2,4,,,4,261675,
vcomp_run1,vcomp,2026/04/14-17:10:29.209132,3,4,2,,,2,98115,
vcomp_run1,vcomp,2026/04/14-17:10:29.209145,3,4,2,,,2,100201,
vcomp_run1,vcomp,2026/04/14-17:10:29.209159,3,4,2,,,2,99938,
vcomp_run1,vcomp,2026/04/14-17:10:29.209169,3,4,2,,,2,96222,
vcomp_run1,vcomp,2026/04/14-17:10:29.209183,3,4,2,,,2,97570,
vcomp_run1,vcomp,2026/04/14-17:10:29.209195,3,4,4,,,3,141715,
vcomp_run1,vcomp,2026/04/14-17:10:29.209210,3,4,3,,,2,119604,
vcomp_run1,vcomp,2026/04/14-17:10:29.209673,1,2,6,,,6,364179,
vcomp_run1,vcomp,2026/04/14-17:10:29.209734,3,4,3,,,3,177982,
vcomp_run1,vcomp,2026/04/14-17:10:29.211015,3,4,4,,,4,233203,
vcomp_run1,vcomp,2026/04/14-17:10:29.211031,3,4,4,,,4,230094,
vcomp_run1,vcomp,2026/04/14-17:10:29.211175,3,4,4,,,3,187388,
vcomp_run1,vcomp,2026/04/14-17:10:29.213408,2,3,2,,,1,25062,
vcomp_run1,vcomp,2026/04/14-17:10:29.215344,2,3,6,,,6,380796,
vcomp_run1,vcomp,2026/04/14-17:10:29.217059,1,2,6,,,5,280562,
vcomp_run1,vcomp,2026/04/14-17:10:29.218956,2,3,7,,,7,373756,
vcomp_run1,vcomp,2026/04/14-17:10:29.222523,2,3,9,,,6,514903,
vcomp_run1,vcomp,2026/04/14-17:10:29.224648,2,3,8,,,8,427838,
vcomp_run1,vcomp,2026/04/14-17:10:29.224661,2,3,7,,,6,413782,
vcomp_run1,vcomp,2026/04/14-17:10:29.224680,0,1,12,,,13,768580,
vcomp_run1,vcomp,2026/04/14-17:10:29.224698,2,3,9,,,9,554368,
vcomp_run1,vcomp,2026/04/14-17:10:29.224831,2,3,7,,,7,459261,
vcomp_run1,vcomp,2026/04/14-17:10:29.226974,1,2,3,,,3,175960,
vcomp_run1,vcomp,2026/04/14-17:10:29.228680,1,2,4,,,4,257220,
vcomp_run1,vcomp,2026/04/14-17:10:29.231810,1,2,5,,,4,211440,
vcomp_run1,vcomp,2026/04/14-17:10:29.234559,1,2,4,,,3,187004,
vcomp_run1,vcomp,2026/04/14-17:10:29.234572,1,2,4,,,4,238936,
vcomp_run1,vcomp,2026/04/14-17:10:29.234591,1,2,3,,,2,119343,
vcomp_run1,vcomp,2026/04/14-17:10:29.234609,1,2,5,,,5,316443,
vcomp_run1,vcomp,2026/04/14-17:10:29.234629,1,2,7,,,7,383251,
vcomp_run1,vcomp,2026/04/14-17:10:29.234644,3,4,2,,,2,97333,
vcomp_run1,vcomp,2026/04/14-17:10:29.234657,1,2,7,,,7,456642,
vcomp_run1,vcomp,2026/04/14-17:10:29.234671,3,4,2,,,2,95673,
vcomp_run1,vcomp,2026/04/14-17:10:29.234687,3,4,2,,,2,88191,
vcomp_run1,vcomp,2026/04/14-17:10:29.234702,3,4,4,,,3,135942,
vcomp_run1,vcomp,2026/04/14-17:10:29.234715,3,4,3,,,3,155864,
vcomp_run1,vcomp,2026/04/14-17:10:29.234731,3,4,3,,,3,171345,
vcomp_run1,vcomp,2026/04/14-17:10:29.234745,3,4,3,,,3,171945,
vcomp_run1,vcomp,2026/04/14-17:10:29.234871,3,4,2,,,2,96164,
vcomp_run1,vcomp,2026/04/14-17:10:29.237212,2,3,6,,,5,340706,
vcomp_run1,vcomp,2026/04/14-17:10:29.240471,2,3,6,,,5,378718,
vcomp_run1,vcomp,2026/04/14-17:10:29.242671,2,3,5,,,5,332021,
vcomp_run1,vcomp,2026/04/14-17:10:29.242689,2,3,7,,,7,433066,
vcomp_run1,vcomp,2026/04/14-17:10:29.242705,2,3,6,,,6,363257,
vcomp_run1,vcomp,2026/04/14-17:10:29.242725,0,1,12,,,13,783717,
vcomp_run1,vcomp,2026/04/14-17:10:29.242746,2,3,7,,,7,454042,
vcomp_run1,vcomp,2026/04/14-17:10:29.242765,2,3,8,,,9,498928,
vcomp_run1,vcomp,2026/04/14-17:10:29.242882,2,3,7,,,7,464294,
vcomp_run1,vcomp,2026/04/14-17:10:29.245132,1,2,5,,,5,267735,
vcomp_run1,vcomp,2026/04/14-17:10:29.248254,1,2,3,,,3,167466,
vcomp_run1,vcomp,2026/04/14-17:10:29.250916,1,2,3,,,3,182142,
vcomp_run1,vcomp,2026/04/14-17:10:29.250932,1,2,4,,,4,249729,
vcomp_run1,vcomp,2026/04/14-17:10:29.250948,1,2,5,,,5,314378,
vcomp_run1,vcomp,2026/04/14-17:10:29.250963,3,4,2,,,2,101120,
vcomp_run1,vcomp,2026/04/14-17:10:29.250981,1,2,4,,,4,244547,
vcomp_run1,vcomp,2026/04/14-17:10:29.250996,1,2,5,,,4,239715,
vcomp_run1,vcomp,2026/04/14-17:10:29.251010,3,4,3,,,2,125871,
vcomp_run1,vcomp,2026/04/14-17:10:29.251032,3,4,3,,,3,137545,
vcomp_run1,vcomp,2026/04/14-17:10:29.251045,3,4,3,,,3,151025,
vcomp_run1,vcomp,2026/04/14-17:10:29.251060,3,4,3,,,3,172257,
vcomp_run1,vcomp,2026/04/14-17:10:29.251074,3,4,5,,,5,295848,
vcomp_run1,vcomp,2026/04/14-17:10:29.251090,3,4,4,,,3,185096,
vcomp_run1,vcomp,2026/04/14-17:10:29.251102,3,4,5,,,5,287256,
vcomp_run1,vcomp,2026/04/14-17:10:29.251673,3,4,3,,,3,133473,
vcomp_run1,vcomp,2026/04/14-17:10:29.252859,1,2,4,,,4,232801,
vcomp_run1,vcomp,2026/04/14-17:10:29.252995,1,2,7,,,7,431249,
vcomp_run1,vcomp,2026/04/14-17:10:29.256073,2,3,5,,,4,327397,
vcomp_run1,vcomp,2026/04/14-17:10:29.258538,2,3,6,,,5,327049,
vcomp_run1,vcomp,2026/04/14-17:10:29.258552,2,3,3,,,4,273976,
vcomp_run1,vcomp,2026/04/14-17:10:29.258564,2,3,7,,,7,419814,
vcomp_run1,vcomp,2026/04/14-17:10:29.258581,2,3,7,,,7,485299,
vcomp_run1,vcomp,2026/04/14-17:10:29.258600,2,3,6,,,6,374088,
vcomp_run1,vcomp,2026/04/14-17:10:29.258616,0,1,12,,,13,776777,
vcomp_run1,vcomp,2026/04/14-17:10:29.258634,2,3,9,,,9,542365,
vcomp_run1,vcomp,2026/04/14-17:10:29.258759,2,3,8,,,9,518349,
vcomp_run1,vcomp,2026/04/14-17:10:29.260878,1,2,2,,,2,104424,
vcomp_run1,vcomp,2026/04/14-17:10:29.264212,1,2,3,,,3,195990,
vcomp_run1,vcomp,2026/04/14-17:10:29.266959,1,2,3,,,3,184772,
vcomp_run1,vcomp,2026/04/14-17:10:29.266970,1,2,4,,,4,221758,
vcomp_run1,vcomp,2026/04/14-17:10:29.266986,1,2,6,,,5,308204,
vcomp_run1,vcomp,2026/04/14-17:10:29.266998,3,4,3,,,3,142097,
vcomp_run1,vcomp,2026/04/14-17:10:29.267016,3,4,2,,,2,96759,
vcomp_run1,vcomp,2026/04/14-17:10:29.267030,1,2,5,,,5,297506,
vcomp_run1,vcomp,2026/04/14-17:10:29.267054,1,2,8,,,8,463772,
vcomp_run1,vcomp,2026/04/14-17:10:29.267069,3,4,3,,,3,156807,
vcomp_run1,vcomp,2026/04/14-17:10:29.267084,1,2,8,,,8,505059,
vcomp_run1,vcomp,2026/04/14-17:10:29.267099,3,4,4,,,4,253924,
vcomp_run1,vcomp,2026/04/14-17:10:29.267114,3,4,3,,,3,176461,
vcomp_run1,vcomp,2026/04/14-17:10:29.267236,3,4,3,,,3,144412,
vcomp_run1,vcomp,2026/04/14-17:10:29.269526,2,3,4,,,5,293145,
vcomp_run1,vcomp,2026/04/14-17:10:29.272425,2,3,6,,,6,360066,
vcomp_run1,vcomp,2026/04/14-17:10:29.274851,2,3,6,,,5,368011,
vcomp_run1,vcomp,2026/04/14-17:10:29.274865,2,3,7,,,7,387506,
vcomp_run1,vcomp,2026/04/14-17:10:29.274882,2,3,7,,,7,406117,
vcomp_run1,vcomp,2026/04/14-17:10:29.274895,2,3,6,,,6,402509,
vcomp_run1,vcomp,2026/04/14-17:10:29.274912,2,3,7,,,7,458651,
vcomp_run1,vcomp,2026/04/14-17:10:29.274933,2,3,8,,,7,517819,
vcomp_run1,vcomp,2026/04/14-17:10:29.274949,0,1,12,,,13,763584,
vcomp_run1,vcomp,2026/04/14-17:10:29.275089,2,3,7,,,6,473525,
vcomp_run1,vcomp,2026/04/14-17:10:29.277387,1,2,4,,,4,226260,
vcomp_run1,vcomp,2026/04/14-17:10:29.279064,1,2,4,,,4,244528,
vcomp_run1,vcomp,2026/04/14-17:10:29.282453,1,2,4,,,4,236454,
vcomp_run1,vcomp,2026/04/14-17:10:29.285447,1,2,4,,,5,256177,
vcomp_run1,vcomp,2026/04/14-17:10:29.285459,1,2,7,,,6,384870,
vcomp_run1,vcomp,2026/04/14-17:10:29.285477,1,2,6,,,6,386869,
vcomp_run1,vcomp,2026/04/14-17:10:29.285491,3,4,3,,,3,135183,
vcomp_run1,vcomp,2026/04/14-17:10:29.285505,3,4,2,,,2,98768,
vcomp_run1,vcomp,2026/04/14-17:10:29.285518,1,2,8,,,8,507181,
vcomp_run1,vcomp,2026/04/14-17:10:29.285533,1,2,9,,,8,503967,
vcomp_run1,vcomp,2026/04/14-17:10:29.285549,3,4,3,,,3,147128,
vcomp_run1,vcomp,2026/04/14-17:10:29.285561,3,4,3,,,3,176760,
vcomp_run1,vcomp,2026/04/14-17:10:29.285579,3,4,5,,,5,281360,
vcomp_run1,vcomp,2026/04/14-17:10:29.285595,3,4,5,,,5,303666,
vcomp_run1,vcomp,2026/04/14-17:10:29.285738,3,4,3,,,3,171138,
vcomp_run1,vcomp,2026/04/14-17:10:29.288149,2,3,5,,,5,289845,
vcomp_run1,vcomp,2026/04/14-17:10:29.291046,2,3,5,,,5,345031,
vcomp_run1,vcomp,2026/04/14-17:10:29.293440,2,3,7,,,7,426853,
vcomp_run1,vcomp,2026/04/14-17:10:29.293453,2,3,7,,,7,436347,
vcomp_run1,vcomp,2026/04/14-17:10:29.293465,2,3,6,,,7,422393,
vcomp_run1,vcomp,2026/04/14-17:10:29.293478,2,3,7,,,6,392395,
vcomp_run1,vcomp,2026/04/14-17:10:29.293499,2,3,6,,,6,410638,
vcomp_run1,vcomp,2026/04/14-17:10:29.293517,0,1,12,,,12,734999,
vcomp_run1,vcomp,2026/04/14-17:10:29.293652,2,3,7,,,6,448099,
vcomp_run1,vcomp,2026/04/14-17:10:29.295826,1,2,2,,,3,128063,
vcomp_run1,vcomp,2026/04/14-17:10:29.298761,1,2,3,,,3,187001,
vcomp_run1,vcomp,2026/04/14-17:10:29.301294,1,2,4,,,4,225277,
vcomp_run1,vcomp,2026/04/14-17:10:29.301305,3,4,3,,,2,123385,
vcomp_run1,vcomp,2026/04/14-17:10:29.301316,3,4,2,,,2,103503,
vcomp_run1,vcomp,2026/04/14-17:10:29.301329,1,2,4,,,4,279796,
vcomp_run1,vcomp,2026/04/14-17:10:29.301340,3,4,2,,,2,91987,
vcomp_run1,vcomp,2026/04/14-17:10:29.301355,1,2,5,,,5,283193,
vcomp_run1,vcomp,2026/04/14-17:10:29.301371,3,4,3,,,3,178201,
vcomp_run1,vcomp,2026/04/14-17:10:29.301382,3,4,2,,,2,87797,
vcomp_run1,vcomp,2026/04/14-17:10:29.301400,1,2,10,,,10,584922,
vcomp_run1,vcomp,2026/04/14-17:10:29.301417,3,4,3,,,3,177583,
vcomp_run1,vcomp,2026/04/14-17:10:29.301430,3,4,4,,,4,217089,
vcomp_run1,vcomp,2026/04/14-17:10:29.301616,3,4,6,,,5,303289,
vcomp_run1,vcomp,2026/04/14-17:10:29.303249,1,2,7,,,7,451712,
vcomp_run1,vcomp,2026/04/14-17:10:29.306251,1,2,5,,,6,324584,
vcomp_run1,vcomp,2026/04/14-17:10:29.308827,2,3,5,,,5,320154,
vcomp_run1,vcomp,2026/04/14-17:10:29.308844,2,3,5,,,6,330556,
vcomp_run1,vcomp,2026/04/14-17:10:29.308949,0,0,8,,,8,524214,
vcomp_run1,vcomp,2026/04/14-17:10:29.310295,2,3,4,,,5,244860,
vcomp_run1,vcomp,2026/04/14-17:10:29.310310,2,3,4,,,4,350648,
vcomp_run1,vcomp,2026/04/14-17:10:29.310324,2,3,6,,,5,364655,
vcomp_run1,vcomp,2026/04/14-17:10:29.310337,2,3,9,,,8,531067,
vcomp_run1,vcomp,2026/04/14-17:10:29.310738,2,3,6,,,6,425947,
vcomp_run1,vcomp,2026/04/14-17:10:29.312837,0,1,2,,,3,124901,
vcomp_run1,vcomp,2026/04/14-17:10:29.313527,0,0,7,,,7,458678,
vcomp_run1,vcomp,2026/04/14-17:10:29.314828,3,4,3,,,3,153857,
vcomp_run1,vcomp,2026/04/14-17:10:29.314928,3,4,3,,,2,128520,
vcomp_run1,vcomp,2026/04/14-17:10:29.314946,3,4,4,,,4,214729,
vcomp_run1,vcomp,2026/04/14-17:10:29.314959,3,4,4,,,4,213630,
vcomp_run1,vcomp,2026/04/14-17:10:29.315161,3,4,3,,,3,147881,
vcomp_run1,vcomp,2026/04/14-17:10:29.317812,0,1,17,,,17,1029397,
vcomp_run1,vcomp,2026/04/14-17:10:29.319616,1,2,2,,,2,118814,
vcomp_run1,vcomp,2026/04/14-17:10:29.321203,1,2,3,,,2,123008,
vcomp_run1,vcomp,2026/04/14-17:10:29.324597,1,2,2,,,2,111834,
vcomp_run1,vcomp,2026/04/14-17:10:29.326634,1,2,3,,,2,130707,
vcomp_run1,vcomp,2026/04/14-17:10:29.326648,1,2,3,,,3,196447,
vcomp_run1,vcomp,2026/04/14-17:10:29.326664,1,2,3,,,3,180114,
vcomp_run1,vcomp,2026/04/14-17:10:29.326678,1,2,3,,,3,187776,
vcomp_run1,vcomp,2026/04/14-17:10:29.327064,1,2,5,,,6,322884,
vcomp_run1,vcomp,2026/04/14-17:10:29.327077,1,2,6,,,6,381790,
vcomp_run1,vcomp,2026/04/14-17:10:29.327165,1,2,8,,,8,456033,
vcomp_run1,vcomp,2026/04/14-17:10:29.328504,1,2,5,,,5,288908,
vcomp_run1,vcomp,2026/04/14-17:10:29.330902,1,2,4,,,5,256856,
vcomp_run1,vcomp,2026/04/14-17:10:29.331017,1,2,5,,,4,251465,
vcomp_run1,vcomp,2026/04/14-17:10:29.332422,2,3,6,,,7,406950,
vcomp_run1,vcomp,2026/04/14-17:10:29.332440,2,3,6,,,6,422797,
vcomp_run1,vcomp,2026/04/14-17:10:29.332457,2,3,7,,,6,376099,
vcomp_run1,vcomp,2026/04/14-17:10:29.332475,2,3,7,,,7,390649,
vcomp_run1,vcomp,2026/04/14-17:10:29.332818,2,3,6,,,6,379917,
vcomp_run1,vcomp,2026/04/14-17:10:29.334967,2,3,5,,,5,287636,
vcomp_run1,vcomp,2026/04/14-17:10:29.334986,2,3,4,,,4,322708,
vcomp_run1,vcomp,2026/04/14-17:10:29.335004,2,3,7,,,7,423070,
vcomp_run1,vcomp,2026/04/14-17:10:29.335017,2,3,7,,,7,460511,
vcomp_run1,vcomp,2026/04/14-17:10:29.335033,2,3,7,,,7,473687,
vcomp_run1,vcomp,2026/04/14-17:10:29.335051,0,1,8,,,8,508546,
vcomp_run1,vcomp,2026/04/14-17:10:29.335065,2,3,5,,,5,281827,
vcomp_run1,vcomp,2026/04/14-17:10:29.335085,2,3,6,,,7,389167,
vcomp_run1,vcomp,2026/04/14-17:10:29.335731,2,3,6,,,6,388115,
vcomp_run1,vcomp,2026/04/14-17:10:29.338689,1,2,6,,,5,304369,
vcomp_run1,vcomp,2026/04/14-17:10:29.340444,3,4,2,,,2,94577,
vcomp_run1,vcomp,2026/04/14-17:10:29.340460,1,2,5,,,5,280292,
vcomp_run1,vcomp,2026/04/14-17:10:29.340475,1,2,12,,,10,637452,
vcomp_run1,vcomp,2026/04/14-17:10:29.340499,3,4,3,,,3,177757,
vcomp_run1,vcomp,2026/04/14-17:10:29.340513,1,2,6,,,7,398365,
vcomp_run1,vcomp,2026/04/14-17:10:29.340525,3,4,3,,,3,167838,
vcomp_run1,vcomp,2026/04/14-17:10:29.340540,3,4,3,,,3,171250,
vcomp_run1,vcomp,2026/04/14-17:10:29.340557,3,4,2,,,2,101951,
vcomp_run1,vcomp,2026/04/14-17:10:29.340571,3,4,3,,,3,163671,
vcomp_run1,vcomp,2026/04/14-17:10:29.340590,3,4,3,,,3,172292,
vcomp_run1,vcomp,2026/04/14-17:10:29.340607,3,4,3,,,3,163658,
vcomp_run1,vcomp,2026/04/14-17:10:29.340620,3,4,3,,,3,140237,
vcomp_run1,vcomp,2026/04/14-17:10:29.340632,3,4,4,,,4,202792,
vcomp_run1,vcomp,2026/04/14-17:10:29.340651,3,4,6,,,4,257188,
vcomp_run1,vcomp,2026/04/14-17:10:29.340763,3,4,4,,,4,225749,
vcomp_run1,vcomp,2026/04/14-17:10:29.342490,1,2,4,,,4,235768,
vcomp_run1,vcomp,2026/04/14-17:10:29.346022,2,3,2,,,1,76027,
vcomp_run1,vcomp,2026/04/14-17:10:29.348178,2,3,6,,,6,383335,
vcomp_run1,vcomp,2026/04/14-17:10:29.348191,2,3,6,,,6,350597,
vcomp_run1,vcomp,2026/04/14-17:10:29.348206,2,3,6,,,5,366217,
vcomp_run1,vcomp,2026/04/14-17:10:29.348223,2,3,8,,,9,534856,
vcomp_run1,vcomp,2026/04/14-17:10:29.348239,2,3,6,,,6,389863,
vcomp_run1,vcomp,2026/04/14-17:10:29.348350,0,1,11,,,12,730969,
vcomp_run1,vcomp,2026/04/14-17:10:29.350499,1,2,4,,,4,252597,
vcomp_run1,vcomp,2026/04/14-17:10:29.352076,1,2,2,,,2,107017,
vcomp_run1,vcomp,2026/04/14-17:10:29.354967,1,2,4,,,4,264268,
vcomp_run1,vcomp,2026/04/14-17:10:29.357249,1,2,4,,,4,232846,
vcomp_run1,vcomp,2026/04/14-17:10:29.357266,1,2,6,,,6,380548,
vcomp_run1,vcomp,2026/04/14-17:10:29.357279,3,4,3,,,2,101352,
vcomp_run1,vcomp,2026/04/14-17:10:29.357293,1,2,5,,,5,303205,
vcomp_run1,vcomp,2026/04/14-17:10:29.357308,3,4,2,,,2,95109,
vcomp_run1,vcomp,2026/04/14-17:10:29.357322,1,2,5,,,6,326782,
vcomp_run1,vcomp,2026/04/14-17:10:29.357337,3,4,4,,,3,192751,
vcomp_run1,vcomp,2026/04/14-17:10:29.357349,3,4,3,,,3,164135,
vcomp_run1,vcomp,2026/04/14-17:10:29.357795,3,4,3,,,3,138495,
vcomp_run1,vcomp,2026/04/14-17:10:29.359435,1,2,5,,,4,241300,
vcomp_run1,vcomp,2026/04/14-17:10:29.361393,2,3,3,,,3,172424,
vcomp_run1,vcomp,2026/04/14-17:10:29.364305,2,3,7,,,7,396523,
vcomp_run1,vcomp,2026/04/14-17:10:29.366731,2,3,6,,,6,389114,
vcomp_run1,vcomp,2026/04/14-17:10:29.366745,2,3,6,,,6,396906,
vcomp_run1,vcomp,2026/04/14-17:10:29.366761,2,3,4,,,3,244473,
vcomp_run1,vcomp,2026/04/14-17:10:29.366775,2,3,7,,,7,405333,
vcomp_run1,vcomp,2026/04/14-17:10:29.366796,2,3,8,,,8,501936,
vcomp_run1,vcomp,2026/04/14-17:10:29.366813,0,1,12,,,13,787964,
vcomp_run1,vcomp,2026/04/14-17:10:29.366941,2,3,7,,,7,467595,
vcomp_run1,vcomp,2026/04/14-17:10:29.369157,1,2,3,,,3,171027,
vcomp_run1,vcomp,2026/04/14-17:10:29.371001,1,2,5,,,5,303641,
vcomp_run1,vcomp,2026/04/14-17:10:29.374172,1,2,4,,,4,227290,
vcomp_run1,vcomp,2026/04/14-17:10:29.376820,1,2,4,,,5,248136,
vcomp_run1,vcomp,2026/04/14-17:10:29.376833,1,2,4,,,4,274432,
vcomp_run1,vcomp,2026/04/14-17:10:29.376847,1,2,5,,,6,332308,
vcomp_run1,vcomp,2026/04/14-17:10:29.376861,3,4,2,,,2,95453,
vcomp_run1,vcomp,2026/04/14-17:10:29.376875,1,2,6,,,7,377259,
vcomp_run1,vcomp,2026/04/14-17:10:29.376887,1,2,5,,,5,303611,
vcomp_run1,vcomp,2026/04/14-17:10:29.376902,3,4,3,,,3,151838,
vcomp_run1,vcomp,2026/04/14-17:10:29.376917,3,4,3,,,3,146804,
vcomp_run1,vcomp,2026/04/14-17:10:29.376930,3,4,4,,,3,169313,
vcomp_run1,vcomp,2026/04/14-17:10:29.376941,3,4,3,,,3,174980,
vcomp_run1,vcomp,2026/04/14-17:10:29.376956,3,4,2,,,2,83355,
vcomp_run1,vcomp,2026/04/14-17:10:29.377076,3,4,3,,,3,139751,
vcomp_run1,vcomp,2026/04/14-17:10:29.379254,1,2,4,,,4,248832,
vcomp_run1,vcomp,2026/04/14-17:10:29.380821,2,3,3,,,1,87566,
vcomp_run1,vcomp,2026/04/14-17:10:29.383727,2,3,4,,,4,198318,
vcomp_run1,vcomp,2026/04/14-17:10:29.386192,2,3,4,,,5,322671,
vcomp_run1,vcomp,2026/04/14-17:10:29.386208,2,3,6,,,6,354175,
vcomp_run1,vcomp,2026/04/14-17:10:29.386224,2,3,7,,,7,430315,
vcomp_run1,vcomp,2026/04/14-17:10:29.386246,2,3,6,,,7,470348,
vcomp_run1,vcomp,2026/04/14-17:10:29.386262,2,3,5,,,6,351239,
vcomp_run1,vcomp,2026/04/14-17:10:29.386276,2,3,7,,,6,402279,
vcomp_run1,vcomp,2026/04/14-17:10:29.386292,2,3,8,,,8,470367,
vcomp_run1,vcomp,2026/04/14-17:10:29.386396,0,1,12,,,13,781132,
vcomp_run1,vcomp,2026/04/14-17:10:29.388564,1,2,3,,,3,146532,
vcomp_run1,vcomp,2026/04/14-17:10:29.391747,1,2,4,,,3,214361,
vcomp_run1,vcomp,2026/04/14-17:10:29.394720,1,2,4,,,4,257044,
vcomp_run1,vcomp,2026/04/14-17:10:29.394733,1,2,3,,,3,172827,
vcomp_run1,vcomp,2026/04/14-17:10:29.394748,1,2,3,,,3,160362,
vcomp_run1,vcomp,2026/04/14-17:10:29.394763,1,2,4,,,4,252107,
vcomp_run1,vcomp,2026/04/14-17:10:29.394775,3,4,2,,,2,106484,
vcomp_run1,vcomp,2026/04/14-17:10:29.394790,3,4,2,,,2,93294,
vcomp_run1,vcomp,2026/04/14-17:10:29.394801,3,4,2,,,2,91066,
vcomp_run1,vcomp,2026/04/14-17:10:29.394814,3,4,2,,,2,85224,
vcomp_run1,vcomp,2026/04/14-17:10:29.394828,3,4,4,,,3,179071,
vcomp_run1,vcomp,2026/04/14-17:10:29.394844,1,2,6,,,6,317039,
vcomp_run1,vcomp,2026/04/14-17:10:29.394859,3,4,5,,,4,232196,
vcomp_run1,vcomp,2026/04/14-17:10:29.394872,3,4,4,,,4,200287,
vcomp_run1,vcomp,2026/04/14-17:10:29.394887,3,4,5,,,5,313320,
vcomp_run1,vcomp,2026/04/14-17:10:29.395026,1,2,6,,,6,386146,
vcomp_run1,vcomp,2026/04/14-17:10:29.397630,1,2,8,,,8,461900,
vcomp_run1,vcomp,2026/04/14-17:10:29.401031,2,3,5,,,6,321353,
vcomp_run1,vcomp,2026/04/14-17:10:29.403732,2,3,4,,,4,311534,
vcomp_run1,vcomp,2026/04/14-17:10:29.403748,2,3,6,,,6,328013,
vcomp_run1,vcomp,2026/04/14-17:10:29.403763,2,3,6,,,7,424694,
vcomp_run1,vcomp,2026/04/14-17:10:29.403780,2,3,8,,,9,471400,
vcomp_run1,vcomp,2026/04/14-17:10:29.403795,2,3,7,,,7,465297,
vcomp_run1,vcomp,2026/04/14-17:10:29.403815,0,1,12,,,14,770669,
vcomp_run1,vcomp,2026/04/14-17:10:29.403832,2,3,7,,,7,500362,
vcomp_run1,vcomp,2026/04/14-17:10:29.403959,2,3,6,,,7,387443,
vcomp_run1,vcomp,2026/04/14-17:10:29.406695,1,2,2,,,2,112187,
vcomp_run1,vcomp,2026/04/14-17:10:29.410275,1,2,2,,,2,124190,
vcomp_run1,vcomp,2026/04/14-17:10:29.413586,1,2,2,,,2,106759,
vcomp_run1,vcomp,2026/04/14-17:10:29.413595,1,2,3,,,3,169466,
vcomp_run1,vcomp,2026/04/14-17:10:29.413611,1,2,4,,,4,233619,
vcomp_run1,vcomp,2026/04/14-17:10:29.413625,1,2,3,,,3,172989,
vcomp_run1,vcomp,2026/04/14-17:10:29.413637,3,4,2,,,2,94489,
vcomp_run1,vcomp,2026/04/14-17:10:29.413652,1,2,4,,,4,220043,
vcomp_run1,vcomp,2026/04/14-17:10:29.413664,1,2,5,,,5,278675,
vcomp_run1,vcomp,2026/04/14-17:10:29.413685,1,2,6,,,6,344012,
vcomp_run1,vcomp,2026/04/14-17:10:29.413702,3,4,6,,,5,300520,
vcomp_run1,vcomp,2026/04/14-17:10:29.413719,1,2,7,,,6,360164,
vcomp_run1,vcomp,2026/04/14-17:10:29.413738,3,4,3,,,3,166086,
vcomp_run1,vcomp,2026/04/14-17:10:29.413748,3,4,3,,,3,154903,
vcomp_run1,vcomp,2026/04/14-17:10:29.413765,3,4,3,,,3,160365,
vcomp_run1,vcomp,2026/04/14-17:10:29.413779,3,4,5,,,5,270015,
vcomp_run1,vcomp,2026/04/14-17:10:29.413929,3,4,4,,,4,213301,
vcomp_run1,vcomp,2026/04/14-17:10:29.417510,2,3,5,,,5,242884,
vcomp_run1,vcomp,2026/04/14-17:10:29.419990,2,3,4,,,3,191263,
vcomp_run1,vcomp,2026/04/14-17:10:29.420006,2,3,3,,,3,178143,
vcomp_run1,vcomp,2026/04/14-17:10:29.420019,2,3,5,,,6,370267,
vcomp_run1,vcomp,2026/04/14-17:10:29.420035,2,3,6,,,6,371603,
vcomp_run1,vcomp,2026/04/14-17:10:29.420049,2,3,6,,,7,411272,
vcomp_run1,vcomp,2026/04/14-17:10:29.420066,2,3,7,,,7,464995,
vcomp_run1,vcomp,2026/04/14-17:10:29.420081,2,3,9,,,8,528290,
vcomp_run1,vcomp,2026/04/14-17:10:29.420096,2,3,9,,,7,539495,
vcomp_run1,vcomp,2026/04/14-17:10:29.420251,0,1,12,,,14,769980,
vcomp_run1,vcomp,2026/04/14-17:10:29.422550,1,2,2,,,2,109106,
vcomp_run1,vcomp,2026/04/14-17:10:29.425858,1,2,3,,,3,177172,
vcomp_run1,vcomp,2026/04/14-17:10:29.428748,1,2,3,,,3,170551,
vcomp_run1,vcomp,2026/04/14-17:10:29.428761,1,2,3,,,3,166065,
vcomp_run1,vcomp,2026/04/14-17:10:29.428773,1,2,4,,,4,247096,
vcomp_run1,vcomp,2026/04/14-17:10:29.428788,1,2,5,,,5,296213,
vcomp_run1,vcomp,2026/04/14-17:10:29.428800,3,4,2,,,2,92741,
vcomp_run1,vcomp,2026/04/14-17:10:29.428813,1,2,5,,,4,249873,
vcomp_run1,vcomp,2026/04/14-17:10:29.428829,3,4,3,,,3,180797,
vcomp_run1,vcomp,2026/04/14-17:10:29.428842,3,4,3,,,3,140428,
vcomp_run1,vcomp,2026/04/14-17:10:29.428868,3,4,4,,,4,210936,
vcomp_run1,vcomp,2026/04/14-17:10:29.428883,3,4,4,,,3,174067,
vcomp_run1,vcomp,2026/04/14-17:10:29.428897,3,4,3,,,3,168698,
vcomp_run1,vcomp,2026/04/14-17:10:29.428911,1,2,9,,,8,514851,
vcomp_run1,vcomp,2026/04/14-17:10:29.428925,3,4,3,,,3,168444,
vcomp_run1,vcomp,2026/04/14-17:10:29.429071,3,4,3,,,2,123206,
vcomp_run1,vcomp,2026/04/14-17:10:29.431338,1,2,3,,,3,169362,
vcomp_run1,vcomp,2026/04/14-17:10:29.434761,2,3,6,,,6,368576,
vcomp_run1,vcomp,2026/04/14-17:10:29.437281,2,3,7,,,7,343132,
vcomp_run1,vcomp,2026/04/14-17:10:29.437298,2,3,6,,,7,385468,
vcomp_run1,vcomp,2026/04/14-17:10:29.437318,2,3,8,,,8,505933,
vcomp_run1,vcomp,2026/04/14-17:10:29.437337,2,3,7,,,8,414294,
vcomp_run1,vcomp,2026/04/14-17:10:29.437353,2,3,7,,,7,463290,
vcomp_run1,vcomp,2026/04/14-17:10:29.437372,0,1,13,,,14,814530,
vcomp_run1,vcomp,2026/04/14-17:10:29.437505,2,3,9,,,10,646547,
vcomp_run1,vcomp,2026/04/14-17:10:29.439800,1,2,3,,,3,152379,
vcomp_run1,vcomp,2026/04/14-17:10:29.442847,1,2,3,,,3,188187,
vcomp_run1,vcomp,2026/04/14-17:10:29.445871,1,2,4,,,4,216411,
vcomp_run1,vcomp,2026/04/14-17:10:29.445890,1,2,4,,,4,236603,
vcomp_run1,vcomp,2026/04/14-17:10:29.446379,3,4,2,,,2,98901,
vcomp_run1,vcomp,2026/04/14-17:10:29.446391,3,4,3,,,3,139470,
vcomp_run1,vcomp,2026/04/14-17:10:29.446411,3,4,2,,,2,93906,
vcomp_run1,vcomp,2026/04/14-17:10:29.446425,3,4,3,,,3,147308,
vcomp_run1,vcomp,2026/04/14-17:10:29.446442,3,4,3,,,3,159932,
vcomp_run1,vcomp,2026/04/14-17:10:29.446449,1,2,3,,,3,155509,
vcomp_run1,vcomp,2026/04/14-17:10:29.446464,1,2,5,,,4,272452,
vcomp_run1,vcomp,2026/04/14-17:10:29.446477,1,2,5,,,5,305413,
vcomp_run1,vcomp,2026/04/14-17:10:29.446496,1,2,5,,,5,292029,
vcomp_run1,vcomp,2026/04/14-17:10:29.446536,3,4,3,,,2,114816,
vcomp_run1,vcomp,2026/04/14-17:10:29.446720,3,4,4,,,3,150345,
vcomp_run1,vcomp,2026/04/14-17:10:29.446747,3,4,2,,,2,97980,
vcomp_run1,vcomp,2026/04/14-17:10:29.447697,1,2,4,,,4,247508,
vcomp_run1,vcomp,2026/04/14-17:10:29.449600,1,2,7,,,7,429150,
vcomp_run1,vcomp,2026/04/14-17:10:29.449700,1,2,4,,,4,239503,
vcomp_run1,vcomp,2026/04/14-17:10:29.451466,2,3,2,,,1,75545,
vcomp_run1,vcomp,2026/04/14-17:10:29.454717,2,3,5,,,5,319920,
vcomp_run1,vcomp,2026/04/14-17:10:29.457395,2,3,7,,,7,403726,
vcomp_run1,vcomp,2026/04/14-17:10:29.457407,2,3,6,,,6,382678,
vcomp_run1,vcomp,2026/04/14-17:10:29.457419,2,3,6,,,5,348527,
vcomp_run1,vcomp,2026/04/14-17:10:29.457437,2,3,7,,,7,394006,
vcomp_run1,vcomp,2026/04/14-17:10:29.457452,2,3,6,,,6,329614,
vcomp_run1,vcomp,2026/04/14-17:10:29.457468,2,3,7,,,8,469623,
vcomp_run1,vcomp,2026/04/14-17:10:29.457483,0,1,11,,,13,718389,
vcomp_run1,vcomp,2026/04/14-17:10:29.457500,2,3,6,,,8,469328,
vcomp_run1,vcomp,2026/04/14-17:10:29.457516,2,3,7,,,8,542452,
vcomp_run1,vcomp,2026/04/14-17:10:29.457666,2,3,8,,,8,464511,
vcomp_run1,vcomp,2026/04/14-17:10:29.460079,1,2,2,,,2,108970,
vcomp_run1,vcomp,2026/04/14-17:10:29.461788,1,2,2,,,2,101613,
vcomp_run1,vcomp,2026/04/14-17:10:29.465245,1,2,3,,,3,186330,
vcomp_run1,vcomp,2026/04/14-17:10:29.468445,1,2,5,,,5,310689,
vcomp_run1,vcomp,2026/04/14-17:10:29.468468,1,2,5,,,5,304058,
vcomp_run1,vcomp,2026/04/14-17:10:29.468485,1,2,5,,,5,306314,
vcomp_run1,vcomp,2026/04/14-17:10:29.468496,3,4,2,,,2,101999,
vcomp_run1,vcomp,2026/04/14-17:10:29.468513,1,2,6,,,6,387051,
vcomp_run1,vcomp,2026/04/14-17:10:29.468533,1,2,5,,,4,209451,
vcomp_run1,vcomp,2026/04/14-17:10:29.468544,3,4,2,,,2,96992,
vcomp_run1,vcomp,2026/04/14-17:10:29.468563,1,2,9,,,9,577580,
vcomp_run1,vcomp,2026/04/14-17:10:29.468581,3,4,2,,,2,96895,
vcomp_run1,vcomp,2026/04/14-17:10:29.468594,3,4,3,,,3,134083,
vcomp_run1,vcomp,2026/04/14-17:10:29.468607,3,4,4,,,3,186989,
vcomp_run1,vcomp,2026/04/14-17:10:29.468618,3,4,3,,,3,167500,
vcomp_run1,vcomp,2026/04/14-17:10:29.468632,3,4,2,,,2,84370,
vcomp_run1,vcomp,2026/04/14-17:10:29.468645,3,4,3,,,2,129687,
vcomp_run1,vcomp,2026/04/14-17:10:29.468660,3,4,3,,,3,150316,
vcomp_run1,vcomp,2026/04/14-17:10:29.468672,3,4,2,,,2,91847,
vcomp_run1,vcomp,2026/04/14-17:10:29.468832,3,4,3,,,2,122302,
vcomp_run1,vcomp,2026/04/14-17:10:29.473288,2,3,7,,,7,422780,
vcomp_run1,vcomp,2026/04/14-17:10:29.475647,2,3,5,,,6,335357,
vcomp_run1,vcomp,2026/04/14-17:10:29.475667,0,1,12,,,12,761346,
vcomp_run1,vcomp,2026/04/14-17:10:29.475681,2,3,7,,,6,378333,
vcomp_run1,vcomp,2026/04/14-17:10:29.475697,2,3,7,,,8,481387,
vcomp_run1,vcomp,2026/04/14-17:10:29.475719,2,3,7,,,8,492681,
vcomp_run1,vcomp,2026/04/14-17:10:29.475734,2,3,7,,,7,419856,
vcomp_run1,vcomp,2026/04/14-17:10:29.475864,2,3,7,,,7,450662,
vcomp_run1,vcomp,2026/04/14-17:10:29.478189,1,2,5,,,5,276892,
vcomp_run1,vcomp,2026/04/14-17:10:29.481600,1,2,3,,,3,193026,
vcomp_run1,vcomp,2026/04/14-17:10:29.484202,1,2,4,,,4,216399,
vcomp_run1,vcomp,2026/04/14-17:10:29.484218,1,2,4,,,3,155028,
vcomp_run1,vcomp,2026/04/14-17:10:29.484233,1,2,4,,,5,274958,
vcomp_run1,vcomp,2026/04/14-17:10:29.484248,1,2,5,,,5,315460,
vcomp_run1,vcomp,2026/04/14-17:10:29.484260,3,4,2,,,2,96843,
vcomp_run1,vcomp,2026/04/14-17:10:29.484274,3,4,3,,,2,128182,
vcomp_run1,vcomp,2026/04/14-17:10:29.484284,3,4,4,,,4,253619,
vcomp_run1,vcomp,2026/04/14-17:10:29.484301,3,4,3,,,2,128565,
vcomp_run1,vcomp,2026/04/14-17:10:29.484314,3,4,4,,,3,182670,
vcomp_run1,vcomp,2026/04/14-17:10:29.484331,3,4,3,,,2,111550,
vcomp_run1,vcomp,2026/04/14-17:10:29.484507,3,4,3,,,3,170766,
vcomp_run1,vcomp,2026/04/14-17:10:29.486183,1,2,9,,,9,537464,
vcomp_run1,vcomp,2026/04/14-17:10:29.489186,1,2,4,,,4,275043,
vcomp_run1,vcomp,2026/04/14-17:10:29.491510,2,3,4,,,3,162596,
vcomp_run1,vcomp,2026/04/14-17:10:29.491643,1,2,7,,,7,404186,
vcomp_run1,vcomp,2026/04/14-17:10:29.491671,0,0,8,,,8,524219,
vcomp_run1,vcomp,2026/04/14-17:10:29.491686,2,3,7,,,7,415631,
vcomp_run1,vcomp,2026/04/14-17:10:29.491703,2,3,6,,,6,364952,
vcomp_run1,vcomp,2026/04/14-17:10:29.492174,2,3,5,,,5,366201,
vcomp_run1,vcomp,2026/04/14-17:10:29.496433,0,0,5,,,5,327611,
vcomp_run1,vcomp,2026/04/14-17:10:29.496452,2,3,8,,,7,445512,
vcomp_run1,vcomp,2026/04/14-17:10:29.496469,2,3,8,,,8,462676,
vcomp_run1,vcomp,2026/04/14-17:10:29.496484,2,3,7,,,8,478932,
vcomp_run1,vcomp,2026/04/14-17:10:29.496499,2,3,8,,,8,490200,
vcomp_run1,vcomp,2026/04/14-17:10:29.496517,2,3,7,,,7,495424,
vcomp_run1,vcomp,2026/04/14-17:10:29.496944,2,3,11,,,10,654375,
vcomp_run1,vcomp,2026/04/14-17:10:29.498041,1,2,6,,,7,393682,
vcomp_run1,vcomp,2026/04/14-17:10:29.498151,1,2,7,,,7,451078,
vcomp_run1,vcomp,2026/04/14-17:10:29.500195,3,4,2,,,2,98360,
vcomp_run1,vcomp,2026/04/14-17:10:29.502309,3,4,3,,,2,110632,
vcomp_run1,vcomp,2026/04/14-17:10:29.502322,2,3,7,,,6,383891,
vcomp_run1,vcomp,2026/04/14-17:10:29.502335,3,4,3,,,2,108913,
vcomp_run1,vcomp,2026/04/14-17:10:29.502357,0,1,13,,,15,850966,
vcomp_run1,vcomp,2026/04/14-17:10:29.502371,2,3,5,,,7,406178,
vcomp_run1,vcomp,2026/04/14-17:10:29.502505,3,4,4,,,3,180918,
vcomp_run1,vcomp,2026/04/14-17:10:29.504533,1,2,3,,,3,143450,
vcomp_run1,vcomp,2026/04/14-17:10:29.508195,1,2,3,,,4,194861,
vcomp_run1,vcomp,2026/04/14-17:10:29.511213,1,2,3,,,3,162925,
vcomp_run1,vcomp,2026/04/14-17:10:29.511230,1,2,6,,,5,327341,
vcomp_run1,vcomp,2026/04/14-17:10:29.511246,1,2,4,,,4,237183,
vcomp_run1,vcomp,2026/04/14-17:10:29.511260,1,2,4,,,4,246306,
vcomp_run1,vcomp,2026/04/14-17:10:29.511271,3,4,2,,,2,93043,
vcomp_run1,vcomp,2026/04/14-17:10:29.511288,1,2,5,,,5,278257,
vcomp_run1,vcomp,2026/04/14-17:10:29.511298,3,4,2,,,2,83617,
vcomp_run1,vcomp,2026/04/14-17:10:29.511312,1,2,8,,,9,534372,
vcomp_run1,vcomp,2026/04/14-17:10:29.511321,3,4,3,,,3,162372,
vcomp_run1,vcomp,2026/04/14-17:10:29.511334,3,4,5,,,4,221414,
vcomp_run1,vcomp,2026/04/14-17:10:29.511352,3,4,4,,,4,237487,
vcomp_run1,vcomp,2026/04/14-17:10:29.511364,3,4,4,,,4,202470,
vcomp_run1,vcomp,2026/04/14-17:10:29.511378,3,4,4,,,4,247701,
vcomp_run1,vcomp,2026/04/14-17:10:29.511806,3,4,3,,,3,153699,
vcomp_run1,vcomp,2026/04/14-17:10:29.513355,1,2,4,,,4,216758,
vcomp_run1,vcomp,2026/04/14-17:10:29.515049,1,2,6,,,6,341312,
vcomp_run1,vcomp,2026/04/14-17:10:29.518508,2,3,2,,,2,92611,
vcomp_run1,vcomp,2026/04/14-17:10:29.521479,2,3,5,,,5,303538,
vcomp_run1,vcomp,2026/04/14-17:10:29.521495,2,3,7,,,6,387565,
vcomp_run1,vcomp,2026/04/14-17:10:29.521513,2,3,7,,,6,368971,
vcomp_run1,vcomp,2026/04/14-17:10:29.521531,0,1,13,,,12,757748,
vcomp_run1,vcomp,2026/04/14-17:10:29.521545,2,3,4,,,4,208788,
vcomp_run1,vcomp,2026/04/14-17:10:29.521559,2,3,6,,,6,350571,
vcomp_run1,vcomp,2026/04/14-17:10:29.521578,2,3,6,,,6,416791,
vcomp_run1,vcomp,2026/04/14-17:10:29.521595,2,3,8,,,8,498152,
vcomp_run1,vcomp,2026/04/14-17:10:29.521611,2,3,8,,,9,534856,
vcomp_run1,vcomp,2026/04/14-17:10:29.521763,2,3,7,,,8,483488,
vcomp_run1,vcomp,2026/04/14-17:10:29.525618,1,2,3,,,3,190771,
vcomp_run1,vcomp,2026/04/14-17:10:29.528797,1,2,4,,,3,196457,
vcomp_run1,vcomp,2026/04/14-17:10:29.528808,1,2,3,,,4,199997,
vcomp_run1,vcomp,2026/04/14-17:10:29.528825,1,2,4,,,4,232966,
vcomp_run1,vcomp,2026/04/14-17:10:29.528839,1,2,6,,,5,285399,
vcomp_run1,vcomp,2026/04/14-17:10:29.528853,3,4,3,,,2,123752,
vcomp_run1,vcomp,2026/04/14-17:10:29.528868,1,2,6,,,7,378828,
vcomp_run1,vcomp,2026/04/14-17:10:29.528889,3,4,3,,,3,151584,
vcomp_run1,vcomp,2026/04/14-17:10:29.528904,3,4,3,,,3,159412,
vcomp_run1,vcomp,2026/04/14-17:10:29.528919,1,2,10,,,10,604613,
vcomp_run1,vcomp,2026/04/14-17:10:29.528933,3,4,3,,,3,169731,
vcomp_run1,vcomp,2026/04/14-17:10:29.528947,3,4,3,,,3,154695,
vcomp_run1,vcomp,2026/04/14-17:10:29.528958,3,4,4,,,4,198585,
vcomp_run1,vcomp,2026/04/14-17:10:29.528970,3,4,5,,,5,269414,
vcomp_run1,vcomp,2026/04/14-17:10:29.528986,3,4,3,,,3,163770,
vcomp_run1,vcomp,2026/04/14-17:10:29.529008,1,2,7,,,6,366416,
vcomp_run1,vcomp,2026/04/14-17:10:29.529162,3,4,3,,,3,145921,
vcomp_run1,vcomp,2026/04/14-17:10:29.533007,2,3,3,,,3,201939,
vcomp_run1,vcomp,2026/04/14-17:10:29.535577,2,3,5,,,4,247410,
vcomp_run1,vcomp,2026/04/14-17:10:29.535594,2,3,4,,,3,153363,
vcomp_run1,vcomp,2026/04/14-17:10:29.535610,2,3,5,,,5,314264,
vcomp_run1,vcomp,2026/04/14-17:10:29.535633,2,3,6,,,6,359479,
vcomp_run1,vcomp,2026/04/14-17:10:29.535646,2,3,7,,,7,394424,
vcomp_run1,vcomp,2026/04/14-17:10:29.535661,2,3,7,,,7,405436,
vcomp_run1,vcomp,2026/04/14-17:10:29.535673,2,3,9,,,7,464967,
vcomp_run1,vcomp,2026/04/14-17:10:29.535690,0,1,12,,,14,786855,
vcomp_run1,vcomp,2026/04/14-17:10:29.535805,2,3,8,,,8,520267,
vcomp_run1,vcomp,2026/04/14-17:10:29.538171,1,2,3,,,4,215632,
vcomp_run1,vcomp,2026/04/14-17:10:29.541220,1,2,4,,,4,198890,
vcomp_run1,vcomp,2026/04/14-17:10:29.544160,1,2,3,,,3,172077,
vcomp_run1,vcomp,2026/04/14-17:10:29.544178,1,2,3,,,3,176872,
vcomp_run1,vcomp,2026/04/14-17:10:29.544195,1,2,5,,,5,277825,
vcomp_run1,vcomp,2026/04/14-17:10:29.544217,1,2,5,,,5,303952,
vcomp_run1,vcomp,2026/04/14-17:10:29.544229,1,2,6,,,6,355624,
vcomp_run1,vcomp,2026/04/14-17:10:29.544239,3,4,2,,,2,95336,
vcomp_run1,vcomp,2026/04/14-17:10:29.544254,3,4,3,,,2,102785,
vcomp_run1,vcomp,2026/04/14-17:10:29.544268,1,2,2,,,2,69621,
vcomp_run1,vcomp,2026/04/14-17:10:29.544284,3,4,3,,,3,170521,
vcomp_run1,vcomp,2026/04/14-17:10:29.544295,3,4,2,,,2,84058,
vcomp_run1,vcomp,2026/04/14-17:10:29.544311,3,4,4,,,3,165043,
vcomp_run1,vcomp,2026/04/14-17:10:29.544323,3,4,3,,,3,142415,
vcomp_run1,vcomp,2026/04/14-17:10:29.544338,3,4,4,,,3,173318,
vcomp_run1,vcomp,2026/04/14-17:10:29.544722,3,4,4,,,4,233018,
vcomp_run1,vcomp,2026/04/14-17:10:29.546589,1,2,3,,,3,122009,
vcomp_run1,vcomp,2026/04/14-17:10:29.546714,1,2,7,,,7,382378,
vcomp_run1,vcomp,2026/04/14-17:10:29.550037,2,3,4,,,4,239407,
vcomp_run1,vcomp,2026/04/14-17:10:29.552508,2,3,4,,,4,246715,
vcomp_run1,vcomp,2026/04/14-17:10:29.552523,2,3,6,,,5,365809,
vcomp_run1,vcomp,2026/04/14-17:10:29.552536,2,3,7,,,7,397369,
vcomp_run1,vcomp,2026/04/14-17:10:29.552554,2,3,8,,,6,420015,
vcomp_run1,vcomp,2026/04/14-17:10:29.552571,2,3,7,,,6,417103,
vcomp_run1,vcomp,2026/04/14-17:10:29.552587,2,3,7,,,8,448176,
vcomp_run1,vcomp,2026/04/14-17:10:29.552605,2,3,8,,,8,474784,
vcomp_run1,vcomp,2026/04/14-17:10:29.552748,0,1,12,,,13,779676,
vcomp_run1,vcomp,2026/04/14-17:10:29.555128,1,2,4,,,4,238998,
vcomp_run1,vcomp,2026/04/14-17:10:29.556817,1,2,3,,,3,173244,
vcomp_run1,vcomp,2026/04/14-17:10:29.560300,1,2,3,,,3,161066,
vcomp_run1,vcomp,2026/04/14-17:10:29.563181,1,2,7,,,5,329475,
vcomp_run1,vcomp,2026/04/14-17:10:29.563194,1,2,4,,,3,176412,
vcomp_run1,vcomp,2026/04/14-17:10:29.563210,1,2,4,,,4,251981,
vcomp_run1,vcomp,2026/04/14-17:10:29.563224,3,4,2,,,2,94350,
vcomp_run1,vcomp,2026/04/14-17:10:29.563238,1,2,6,,,6,370244,
vcomp_run1,vcomp,2026/04/14-17:10:29.563253,3,4,2,,,2,69324,
vcomp_run1,vcomp,2026/04/14-17:10:29.563269,1,2,7,,,7,407371,
vcomp_run1,vcomp,2026/04/14-17:10:29.563281,3,4,2,,,2,91716,
vcomp_run1,vcomp,2026/04/14-17:10:29.563293,3,4,3,,,3,165627,
vcomp_run1,vcomp,2026/04/14-17:10:29.563309,3,4,3,,,3,167275,
vcomp_run1,vcomp,2026/04/14-17:10:29.563322,3,4,3,,,3,182531,
vcomp_run1,vcomp,2026/04/14-17:10:29.563337,3,4,3,,,2,119365,
vcomp_run1,vcomp,2026/04/14-17:10:29.563350,3,4,4,,,3,186253,
vcomp_run1,vcomp,2026/04/14-17:10:29.563788,3,4,3,,,3,163092,
vcomp_run1,vcomp,2026/04/14-17:10:29.565542,1,2,5,,,5,290002,
vcomp_run1,vcomp,2026/04/14-17:10:29.568568,2,3,4,,,4,250335,
vcomp_run1,vcomp,2026/04/14-17:10:29.571122,2,3,6,,,5,302407,
vcomp_run1,vcomp,2026/04/14-17:10:29.571135,2,3,7,,,6,361288,
vcomp_run1,vcomp,2026/04/14-17:10:29.571152,2,3,6,,,5,358018,
vcomp_run1,vcomp,2026/04/14-17:10:29.571168,2,3,6,,,6,368446,
vcomp_run1,vcomp,2026/04/14-17:10:29.571180,2,3,8,,,7,436225,
vcomp_run1,vcomp,2026/04/14-17:10:29.571196,2,3,7,,,6,451669,
vcomp_run1,vcomp,2026/04/14-17:10:29.571210,2,3,7,,,7,445357,
vcomp_run1,vcomp,2026/04/14-17:10:29.571234,0,1,12,,,13,763572,
vcomp_run1,vcomp,2026/04/14-17:10:29.571349,2,3,4,,,4,232009,
vcomp_run1,vcomp,2026/04/14-17:10:29.573625,1,2,4,,,3,175804,
vcomp_run1,vcomp,2026/04/14-17:10:29.576623,1,2,4,,,4,207640,
vcomp_run1,vcomp,2026/04/14-17:10:29.579525,1,2,4,,,4,223647,
vcomp_run1,vcomp,2026/04/14-17:10:29.579538,1,2,4,,,4,233771,
vcomp_run1,vcomp,2026/04/14-17:10:29.579556,1,2,5,,,5,338099,
vcomp_run1,vcomp,2026/04/14-17:10:29.579570,3,4,3,,,3,151284,
vcomp_run1,vcomp,2026/04/14-17:10:29.579590,3,4,4,,,3,193681,
vcomp_run1,vcomp,2026/04/14-17:10:29.579604,1,2,7,,,7,400304,
vcomp_run1,vcomp,2026/04/14-17:10:29.579619,1,2,6,,,7,399396,
vcomp_run1,vcomp,2026/04/14-17:10:29.579635,3,4,3,,,3,166092,
vcomp_run1,vcomp,2026/04/14-17:10:29.579649,3,4,4,,,3,168809,
vcomp_run1,vcomp,2026/04/14-17:10:29.579665,3,4,3,,,3,166362,
vcomp_run1,vcomp,2026/04/14-17:10:29.579675,3,4,3,,,3,141536,
vcomp_run1,vcomp,2026/04/14-17:10:29.579691,1,2,4,,,4,234775,
vcomp_run1,vcomp,2026/04/14-17:10:29.579726,3,4,4,,,3,134280,
vcomp_run1,vcomp,2026/04/14-17:10:29.579872,3,4,4,,,4,206166,
vcomp_run1,vcomp,2026/04/14-17:10:29.582420,1,2,6,,,6,332244,
vcomp_run1,vcomp,2026/04/14-17:10:29.586047,2,3,2,,,2,102721,
vcomp_run1,vcomp,2026/04/14-17:10:29.588639,2,3,4,,,5,284912,
vcomp_run1,vcomp,2026/04/14-17:10:29.588653,2,3,6,,,6,359273,
vcomp_run1,vcomp,2026/04/14-17:10:29.588671,2,3,7,,,7,432838,
vcomp_run1,vcomp,2026/04/14-17:10:29.588686,2,3,6,,,6,372441,
vcomp_run1,vcomp,2026/04/14-17:10:29.588703,2,3,10,,,10,621213,
vcomp_run1,vcomp,2026/04/14-17:10:29.588719,2,3,8,,,6,423004,
vcomp_run1,vcomp,2026/04/14-17:10:29.588735,2,3,9,,,8,483080,
vcomp_run1,vcomp,2026/04/14-17:10:29.588748,0,1,12,,,12,774916,
vcomp_run1,vcomp,2026/04/14-17:10:29.588860,2,3,7,,,7,472478,
vcomp_run1,vcomp,2026/04/14-17:10:29.593395,1,2,3,,,4,193886,
vcomp_run1,vcomp,2026/04/14-17:10:29.593407,1,2,3,,,3,167568,
vcomp_run1,vcomp,2026/04/14-17:10:29.593419,1,2,3,,,3,201059,
vcomp_run1,vcomp,2026/04/14-17:10:29.595882,1,2,3,,,3,190948,
vcomp_run1,vcomp,2026/04/14-17:10:29.595898,1,2,5,,,5,326107,
vcomp_run1,vcomp,2026/04/14-17:10:29.595910,3,4,2,,,2,95617,
vcomp_run1,vcomp,2026/04/14-17:10:29.595925,1,2,5,,,6,333322,
vcomp_run1,vcomp,2026/04/14-17:10:29.595939,3,4,2,,,2,95389,
vcomp_run1,vcomp,2026/04/14-17:10:29.595951,3,4,3,,,3,160903,
vcomp_run1,vcomp,2026/04/14-17:10:29.595963,3,4,4,,,3,192541,
vcomp_run1,vcomp,2026/04/14-17:10:29.595979,3,4,4,,,3,187452,
vcomp_run1,vcomp,2026/04/14-17:10:29.595992,3,4,5,,,4,260471,
vcomp_run1,vcomp,2026/04/14-17:10:29.596005,3,4,4,,,4,208545,
vcomp_run1,vcomp,2026/04/14-17:10:29.596461,3,4,4,,,3,164922,
vcomp_run1,vcomp,2026/04/14-17:10:29.597728,1,2,6,,,6,351618,
vcomp_run1,vcomp,2026/04/14-17:10:29.597835,1,2,8,,,7,443420,
vcomp_run1,vcomp,2026/04/14-17:10:29.600973,2,3,5,,,6,301313,
vcomp_run1,vcomp,2026/04/14-17:10:29.603890,2,3,4,,,4,268972,
vcomp_run1,vcomp,2026/04/14-17:10:29.603909,2,3,5,,,6,329945,
vcomp_run1,vcomp,2026/04/14-17:10:29.603924,2,3,3,,,3,154080,
vcomp_run1,vcomp,2026/04/14-17:10:29.603937,2,3,7,,,7,389778,
vcomp_run1,vcomp,2026/04/14-17:10:29.603956,2,3,7,,,8,427935,
vcomp_run1,vcomp,2026/04/14-17:10:29.603975,2,3,8,,,8,450018,
vcomp_run1,vcomp,2026/04/14-17:10:29.603993,2,3,7,,,8,436490,
vcomp_run1,vcomp,2026/04/14-17:10:29.604011,0,1,12,,,13,767391,
vcomp_run1,vcomp,2026/04/14-17:10:29.604156,2,3,7,,,7,410954,
vcomp_run1,vcomp,2026/04/14-17:10:29.608073,1,2,2,,,2,102280,
vcomp_run1,vcomp,2026/04/14-17:10:29.610845,1,2,2,,,2,102171,
vcomp_run1,vcomp,2026/04/14-17:10:29.610853,1,2,5,,,4,251153,
vcomp_run1,vcomp,2026/04/14-17:10:29.610871,1,2,5,,,5,302717,
vcomp_run1,vcomp,2026/04/14-17:10:29.610885,1,2,4,,,4,255411,
vcomp_run1,vcomp,2026/04/14-17:10:29.610900,3,4,2,,,2,91956,
vcomp_run1,vcomp,2026/04/14-17:10:29.610912,1,2,6,,,6,345293,
vcomp_run1,vcomp,2026/04/14-17:10:29.610925,3,4,3,,,2,100488,
vcomp_run1,vcomp,2026/04/14-17:10:29.610939,3,4,3,,,3,159014,
vcomp_run1,vcomp,2026/04/14-17:10:29.610950,3,4,2,,,2,86396,
vcomp_run1,vcomp,2026/04/14-17:10:29.610962,3,4,3,,,3,177652,
vcomp_run1,vcomp,2026/04/14-17:10:29.610972,3,4,2,,,2,97411,
vcomp_run1,vcomp,2026/04/14-17:10:29.610984,3,4,4,,,4,210515,
vcomp_run1,vcomp,2026/04/14-17:10:29.611112,3,4,4,,,3,170616,
vcomp_run1,vcomp,2026/04/14-17:10:29.613423,1,2,5,,,5,319502,
vcomp_run1,vcomp,2026/04/14-17:10:29.616688,1,2,6,,,5,322574,
vcomp_run1,vcomp,2026/04/14-17:10:29.618422,1,2,4,,,3,191176,
vcomp_run1,vcomp,2026/04/14-17:10:29.618812,0,0,8,,,8,524227,
vcomp_run1,vcomp,2026/04/14-17:10:29.620940,2,3,4,,,4,240925,
vcomp_run1,vcomp,2026/04/14-17:10:29.620958,2,3,6,,,5,349708,
vcomp_run1,vcomp,2026/04/14-17:10:29.620976,2,3,7,,,6,427246,
vcomp_run1,vcomp,2026/04/14-17:10:29.620995,2,3,5,,,5,341943,
vcomp_run1,vcomp,2026/04/14-17:10:29.621803,2,3,6,,,6,360752,
vcomp_run1,vcomp,2026/04/14-17:10:29.623244,0,1,2,,,3,124258,
vcomp_run1,vcomp,2026/04/14-17:10:29.623261,0,0,7,,,7,458691,
vcomp_run1,vcomp,2026/04/14-17:10:29.623275,2,3,5,,,5,333175,
vcomp_run1,vcomp,2026/04/14-17:10:29.623290,2,3,7,,,7,453096,
vcomp_run1,vcomp,2026/04/14-17:10:29.623408,2,3,8,,,8,538391,
vcomp_run1,vcomp,2026/04/14-17:10:29.629527,3,4,2,,,2,97678,
vcomp_run1,vcomp,2026/04/14-17:10:29.629553,3,4,3,,,2,118436,
vcomp_run1,vcomp,2026/04/14-17:10:29.629569,1,2,7,,,7,403069,
vcomp_run1,vcomp,2026/04/14-17:10:29.629581,3,4,3,,,3,170845,
vcomp_run1,vcomp,2026/04/14-17:10:29.629598,3,4,4,,,3,171964,
vcomp_run1,vcomp,2026/04/14-17:10:29.629612,3,4,3,,,3,136645,
vcomp_run1,vcomp,2026/04/14-17:10:29.629625,3,4,4,,,3,161434,
vcomp_run1,vcomp,2026/04/14-17:10:29.629859,3,4,5,,,4,231362,
vcomp_run1,vcomp,2026/04/14-17:10:29.629865,1,2,2,,,2,111980,
vcomp_run1,vcomp,2026/04/14-17:10:29.629881,0,0,6,,,6,393155,
vcomp_run1,vcomp,2026/04/14-17:10:29.629897,3,4,4,,,3,131184,
vcomp_run1,vcomp,2026/04/14-17:10:29.630017,3,4,3,,,2,128473,
vcomp_run1,vcomp,2026/04/14-17:10:29.631376,1,2,7,,,6,378452,
vcomp_run1,vcomp,2026/04/14-17:10:29.633236,2,3,3,,,3,159714,
vcomp_run1,vcomp,2026/04/14-17:10:29.635138,2,3,5,,,5,309492,
vcomp_run1,vcomp,2026/04/14-17:10:29.635150,2,3,7,,,8,483220,
vcomp_run1,vcomp,2026/04/14-17:10:29.635273,0,1,13,,,15,851359,
vcomp_run1,vcomp,2026/04/14-17:10:29.638575,1,2,3,,,3,189143,
vcomp_run1,vcomp,2026/04/14-17:10:29.641065,1,2,4,,,4,267473,
vcomp_run1,vcomp,2026/04/14-17:10:29.641081,1,2,5,,,5,317523,
vcomp_run1,vcomp,2026/04/14-17:10:29.641091,1,2,4,,,4,237055,
vcomp_run1,vcomp,2026/04/14-17:10:29.641108,1,2,5,,,6,340958,
vcomp_run1,vcomp,2026/04/14-17:10:29.641118,3,4,2,,,2,81752,
vcomp_run1,vcomp,2026/04/14-17:10:29.641136,1,2,4,,,4,236228,
vcomp_run1,vcomp,2026/04/14-17:10:29.641149,3,4,5,,,4,243354,
vcomp_run1,vcomp,2026/04/14-17:10:29.641615,1,2,2,,,2,116317,
vcomp_run1,vcomp,2026/04/14-17:10:29.641626,1,2,3,,,4,196588,
vcomp_run1,vcomp,2026/04/14-17:10:29.641751,1,2,4,,,4,243125,
vcomp_run1,vcomp,2026/04/14-17:10:29.643059,1,2,9,,,9,582909,
vcomp_run1,vcomp,2026/04/14-17:10:29.645043,1,2,5,,,5,263590,
vcomp_run1,vcomp,2026/04/14-17:10:29.647422,2,3,3,,,4,228177,
vcomp_run1,vcomp,2026/04/14-17:10:29.647436,2,3,5,,,5,383924,
vcomp_run1,vcomp,2026/04/14-17:10:29.647454,2,3,6,,,7,393638,
vcomp_run1,vcomp,2026/04/14-17:10:29.647471,2,3,6,,,6,380552,
vcomp_run1,vcomp,2026/04/14-17:10:29.647484,2,3,9,,,8,483914,
vcomp_run1,vcomp,2026/04/14-17:10:29.647623,2,3,9,,,9,595975,
vcomp_run1,vcomp,2026/04/14-17:10:29.650544,2,3,7,,,7,453298,
vcomp_run1,vcomp,2026/04/14-17:10:29.652536,2,3,6,,,5,372985,
vcomp_run1,vcomp,2026/04/14-17:10:29.652553,2,3,8,,,6,452918,
vcomp_run1,vcomp,2026/04/14-17:10:29.652565,2,3,8,,,8,482079,
vcomp_run1,vcomp,2026/04/14-17:10:29.652670,0,1,12,,,11,723186,
vcomp_run1,vcomp,2026/04/14-17:10:29.654885,1,2,5,,,6,364137,
vcomp_run1,vcomp,2026/04/14-17:10:29.657940,1,2,5,,,5,299690,
vcomp_run1,vcomp,2026/04/14-17:10:29.660814,1,2,3,,,3,172613,
vcomp_run1,vcomp,2026/04/14-17:10:29.660826,1,2,5,,,4,246505,
vcomp_run1,vcomp,2026/04/14-17:10:29.660844,1,2,5,,,5,305269,
vcomp_run1,vcomp,2026/04/14-17:10:29.660861,1,2,4,,,4,241642,
vcomp_run1,vcomp,2026/04/14-17:10:29.660876,3,4,2,,,2,102857,
vcomp_run1,vcomp,2026/04/14-17:10:29.660892,1,2,7,,,7,419113,
vcomp_run1,vcomp,2026/04/14-17:10:29.660906,3,4,4,,,4,208465,
vcomp_run1,vcomp,2026/04/14-17:10:29.660930,3,4,3,,,2,107495,
vcomp_run1,vcomp,2026/04/14-17:10:29.660945,3,4,4,,,4,197425,
vcomp_run1,vcomp,2026/04/14-17:10:29.660956,3,4,3,,,3,143483,
vcomp_run1,vcomp,2026/04/14-17:10:29.660968,3,4,3,,,3,141939,
vcomp_run1,vcomp,2026/04/14-17:10:29.660983,3,4,4,,,4,197548,
vcomp_run1,vcomp,2026/04/14-17:10:29.661001,3,4,4,,,3,174330,
vcomp_run1,vcomp,2026/04/14-17:10:29.661119,3,4,4,,,4,248178,
vcomp_run1,vcomp,2026/04/14-17:10:29.663352,2,3,3,,,3,165080,
vcomp_run1,vcomp,2026/04/14-17:10:29.665494,2,3,7,,,6,424404,
vcomp_run1,vcomp,2026/04/14-17:10:29.668727,2,3,6,,,7,416948,
vcomp_run1,vcomp,2026/04/14-17:10:29.671137,2,3,7,,,7,401767,
vcomp_run1,vcomp,2026/04/14-17:10:29.671157,2,3,5,,,6,347307,
vcomp_run1,vcomp,2026/04/14-17:10:29.671170,2,3,7,,,6,376991,
vcomp_run1,vcomp,2026/04/14-17:10:29.671187,2,3,5,,,5,269685,
vcomp_run1,vcomp,2026/04/14-17:10:29.671203,0,1,12,,,13,773097,
vcomp_run1,vcomp,2026/04/14-17:10:29.671356,2,3,7,,,7,457288,
vcomp_run1,vcomp,2026/04/14-17:10:29.673503,1,2,3,,,3,179240,
vcomp_run1,vcomp,2026/04/14-17:10:29.675209,1,2,3,,,3,191629,
vcomp_run1,vcomp,2026/04/14-17:10:29.679111,1,2,4,,,4,216957,
vcomp_run1,vcomp,2026/04/14-17:10:29.682036,1,2,2,,,1,25678,
vcomp_run1,vcomp,2026/04/14-17:10:29.682048,1,2,4,,,4,286117,
vcomp_run1,vcomp,2026/04/14-17:10:29.682061,1,2,6,,,7,406668,
vcomp_run1,vcomp,2026/04/14-17:10:29.682077,1,2,6,,,6,344399,
vcomp_run1,vcomp,2026/04/14-17:10:29.682089,1,2,6,,,6,373434,
vcomp_run1,vcomp,2026/04/14-17:10:29.682112,1,2,7,,,7,436504,
vcomp_run1,vcomp,2026/04/14-17:10:29.682129,3,4,2,,,2,92109,
vcomp_run1,vcomp,2026/04/14-17:10:29.682145,3,4,5,,,5,273351,
vcomp_run1,vcomp,2026/04/14-17:10:29.682160,3,4,3,,,3,166504,
vcomp_run1,vcomp,2026/04/14-17:10:29.682177,3,4,4,,,4,211198,
vcomp_run1,vcomp,2026/04/14-17:10:29.682189,3,4,5,,,4,230335,
vcomp_run1,vcomp,2026/04/14-17:10:29.682203,3,4,5,,,3,171184,
vcomp_run1,vcomp,2026/04/14-17:10:29.682634,3,4,4,,,3,190397,
vcomp_run1,vcomp,2026/04/14-17:10:29.684285,1,2,5,,,5,301542,
vcomp_run1,vcomp,2026/04/14-17:10:29.687903,2,3,4,,,5,301882,
vcomp_run1,vcomp,2026/04/14-17:10:29.690668,2,3,6,,,7,413700,
vcomp_run1,vcomp,2026/04/14-17:10:29.690685,2,3,7,,,7,380683,
vcomp_run1,vcomp,2026/04/14-17:10:29.690700,2,3,6,,,6,378180,
vcomp_run1,vcomp,2026/04/14-17:10:29.690718,0,1,11,,,11,738668,
vcomp_run1,vcomp,2026/04/14-17:10:29.690736,2,3,6,,,6,373018,
vcomp_run1,vcomp,2026/04/14-17:10:29.690753,2,3,7,,,6,454019,
vcomp_run1,vcomp,2026/04/14-17:10:29.690768,2,3,8,,,8,514794,
vcomp_run1,vcomp,2026/04/14-17:10:29.690786,2,3,7,,,8,510223,
vcomp_run1,vcomp,2026/04/14-17:10:29.690911,2,3,5,,,5,345069,
vcomp_run1,vcomp,2026/04/14-17:10:29.693105,1,2,2,,,2,100613,
vcomp_run1,vcomp,2026/04/14-17:10:29.696319,1,2,4,,,5,295345,
vcomp_run1,vcomp,2026/04/14-17:10:29.699232,1,2,5,,,5,269255,
vcomp_run1,vcomp,2026/04/14-17:10:29.699245,1,2,4,,,4,250023,
vcomp_run1,vcomp,2026/04/14-17:10:29.699261,3,4,3,,,3,148179,
vcomp_run1,vcomp,2026/04/14-17:10:29.699275,3,4,3,,,2,96654,
vcomp_run1,vcomp,2026/04/14-17:10:29.699288,1,2,5,,,6,324635,
vcomp_run1,vcomp,2026/04/14-17:10:29.699306,1,2,6,,,5,304042,
vcomp_run1,vcomp,2026/04/14-17:10:29.699320,3,4,3,,,3,168654,
vcomp_run1,vcomp,2026/04/14-17:10:29.699340,3,4,4,,,4,228827,
vcomp_run1,vcomp,2026/04/14-17:10:29.699351,3,4,3,,,3,164194,
vcomp_run1,vcomp,2026/04/14-17:10:29.699372,3,4,3,,,3,162071,
vcomp_run1,vcomp,2026/04/14-17:10:29.699386,1,2,8,,,9,518234,
vcomp_run1,vcomp,2026/04/14-17:10:29.699405,3,4,4,,,3,184314,
vcomp_run1,vcomp,2026/04/14-17:10:29.699414,3,4,3,,,3,140802,
vcomp_run1,vcomp,2026/04/14-17:10:29.699526,3,4,5,,,4,254162,
vcomp_run1,vcomp,2026/04/14-17:10:29.704211,2,3,5,,,5,307172,
vcomp_run1,vcomp,2026/04/14-17:10:29.706613,2,3,6,,,7,387106,
vcomp_run1,vcomp,2026/04/14-17:10:29.706630,2,3,6,,,6,376452,
vcomp_run1,vcomp,2026/04/14-17:10:29.706645,2,3,7,,,6,432727,
vcomp_run1,vcomp,2026/04/14-17:10:29.706663,2,3,6,,,6,361541,
vcomp_run1,vcomp,2026/04/14-17:10:29.706684,0,1,12,,,14,803057,
vcomp_run1,vcomp,2026/04/14-17:10:29.706703,2,3,5,,,5,331107,
vcomp_run1,vcomp,2026/04/14-17:10:29.706833,2,3,8,,,10,481520,
vcomp_run1,vcomp,2026/04/14-17:10:29.709238,1,2,5,,,5,307963,
vcomp_run1,vcomp,2026/04/14-17:10:29.712684,1,2,6,,,5,265584,
vcomp_run1,vcomp,2026/04/14-17:10:29.715547,1,2,4,,,4,207401,
vcomp_run1,vcomp,2026/04/14-17:10:29.715567,1,2,4,,,4,224583,
vcomp_run1,vcomp,2026/04/14-17:10:29.715583,1,2,3,,,3,195774,
vcomp_run1,vcomp,2026/04/14-17:10:29.715599,1,2,5,,,4,261673,
vcomp_run1,vcomp,2026/04/14-17:10:29.715612,3,4,3,,,2,127207,
vcomp_run1,vcomp,2026/04/14-17:10:29.715623,3,4,3,,,2,127497,
vcomp_run1,vcomp,2026/04/14-17:10:29.715645,3,4,2,,,2,91245,
vcomp_run1,vcomp,2026/04/14-17:10:29.715660,3,4,3,,,3,155083,
vcomp_run1,vcomp,2026/04/14-17:10:29.715675,3,4,3,,,3,135596,
vcomp_run1,vcomp,2026/04/14-17:10:29.715686,3,4,4,,,3,158660,
vcomp_run1,vcomp,2026/04/14-17:10:29.715695,3,4,3,,,3,150403,
vcomp_run1,vcomp,2026/04/14-17:10:29.715709,3,4,4,,,3,192322,
vcomp_run1,vcomp,2026/04/14-17:10:29.716158,1,2,4,,,5,253046,
vcomp_run1,vcomp,2026/04/14-17:10:29.716271,1,2,8,,,7,466117,
vcomp_run1,vcomp,2026/04/14-17:10:29.717800,1,2,5,,,4,243866,
vcomp_run1,vcomp,2026/04/14-17:10:29.721206,2,3,5,,,5,276757,
vcomp_run1,vcomp,2026/04/14-17:10:29.723669,2,3,4,,,4,249386,
vcomp_run1,vcomp,2026/04/14-17:10:29.723682,2,3,6,,,5,327132,
vcomp_run1,vcomp,2026/04/14-17:10:29.723695,2,3,5,,,6,326679,
vcomp_run1,vcomp,2026/04/14-17:10:29.723710,2,3,8,,,7,393018,
vcomp_run1,vcomp,2026/04/14-17:10:29.723729,2,3,7,,,9,448719,
vcomp_run1,vcomp,2026/04/14-17:10:29.723744,2,3,9,,,8,489101,
vcomp_run1,vcomp,2026/04/14-17:10:29.723763,0,1,13,,,12,793016,
vcomp_run1,vcomp,2026/04/14-17:10:29.723887,2,3,6,,,7,402821,
vcomp_run1,vcomp,2026/04/14-17:10:29.726161,1,2,3,,,3,172503,
vcomp_run1,vcomp,2026/04/14-17:10:29.729756,1,2,3,,,3,178702,
vcomp_run1,vcomp,2026/04/14-17:10:29.732722,1,2,3,,,3,183768,
vcomp_run1,vcomp,2026/04/14-17:10:29.732736,1,2,5,,,5,298124,
vcomp_run1,vcomp,2026/04/14-17:10:29.732751,1,2,5,,,5,293715,
vcomp_run1,vcomp,2026/04/14-17:10:29.732763,1,2,4,,,4,253680,
vcomp_run1,vcomp,2026/04/14-17:10:29.732779,3,4,3,,,2,116849,
vcomp_run1,vcomp,2026/04/14-17:10:29.732795,3,4,4,,,3,176943,
vcomp_run1,vcomp,2026/04/14-17:10:29.732806,3,4,4,,,3,151060,
vcomp_run1,vcomp,2026/04/14-17:10:29.732821,3,4,4,,,3,176734,
vcomp_run1,vcomp,2026/04/14-17:10:29.732831,3,4,2,,,2,65617,
vcomp_run1,vcomp,2026/04/14-17:10:29.732843,3,4,4,,,3,186340,
vcomp_run1,vcomp,2026/04/14-17:10:29.732860,1,2,5,,,5,310187,
vcomp_run1,vcomp,2026/04/14-17:10:29.732871,3,4,3,,,2,114343,
vcomp_run1,vcomp,2026/04/14-17:10:29.732885,3,4,4,,,3,191535,
vcomp_run1,vcomp,2026/04/14-17:10:29.733026,3,4,4,,,3,193530,
vcomp_run1,vcomp,2026/04/14-17:10:29.737447,1,2,7,,,7,450048,
vcomp_run1,vcomp,2026/04/14-17:10:29.739184,1,2,7,,,5,312510,
vcomp_run1,vcomp,2026/04/14-17:10:29.739983,0,0,8,,,8,524219,
vcomp_run1,vcomp,2026/04/14-17:10:29.741348,2,3,4,,,5,249667,
vcomp_run1,vcomp,2026/04/14-17:10:29.741363,2,3,5,,,4,282076,
vcomp_run1,vcomp,2026/04/14-17:10:29.741375,2,3,5,,,5,294298,
vcomp_run1,vcomp,2026/04/14-17:10:29.742367,2,3,7,,,8,447451,
vcomp_run1,vcomp,2026/04/14-17:10:29.743994,0,0,6,,,6,393147,
vcomp_run1,vcomp,2026/04/14-17:10:29.744008,0,1,3,,,4,200295,
vcomp_run1,vcomp,2026/04/14-17:10:29.744030,2,3,8,,,8,446379,
vcomp_run1,vcomp,2026/04/14-17:10:29.744051,2,3,8,,,7,424698,
vcomp_run1,vcomp,2026/04/14-17:10:29.744071,2,3,7,,,8,478467,
vcomp_run1,vcomp,2026/04/14-17:10:29.744090,2,3,7,,,7,434626,
vcomp_run1,vcomp,2026/04/14-17:10:29.744404,2,3,8,,,8,484394,
vcomp_run1,vcomp,2026/04/14-17:10:29.747480,0,1,2,,,3,130318,
vcomp_run1,vcomp,2026/04/14-17:10:29.750107,3,4,3,,,2,118443,
vcomp_run1,vcomp,2026/04/14-17:10:29.750123,3,4,3,,,3,175030,
vcomp_run1,vcomp,2026/04/14-17:10:29.750136,3,4,4,,,3,196577,
vcomp_run1,vcomp,2026/04/14-17:10:29.750150,3,4,3,,,3,163695,
vcomp_run1,vcomp,2026/04/14-17:10:29.750163,3,4,4,,,3,193990,
vcomp_run1,vcomp,2026/04/14-17:10:29.750175,3,4,3,,,2,128036,
vcomp_run1,vcomp,2026/04/14-17:10:29.750190,3,4,3,,,3,159304,
vcomp_run1,vcomp,2026/04/14-17:10:29.750206,3,4,5,,,4,250263,
vcomp_run1,vcomp,2026/04/14-17:10:29.750532,0,0,5,,,5,327611,
vcomp_run1,vcomp,2026/04/14-17:10:29.750547,1,2,4,,,4,254438,
vcomp_run1,vcomp,2026/04/14-17:10:29.750638,3,4,3,,,3,172761,
vcomp_run1,vcomp,2026/04/14-17:10:29.751902,1,2,3,,,3,173868,
vcomp_run1,vcomp,2026/04/14-17:10:29.752019,1,2,5,,,5,263454,
vcomp_run1,vcomp,2026/04/14-17:10:29.754228,2,3,6,,,6,393381,
vcomp_run1,vcomp,2026/04/14-17:10:29.756320,2,3,6,,,6,360207,
vcomp_run1,vcomp,2026/04/14-17:10:29.756333,2,3,7,,,7,489744,
vcomp_run1,vcomp,2026/04/14-17:10:29.756476,0,1,14,,,14,834756,
vcomp_run1,vcomp,2026/04/14-17:10:29.760656,1,2,2,,,2,110293,
vcomp_run1,vcomp,2026/04/14-17:10:29.760671,1,2,3,,,4,194225,
vcomp_run1,vcomp,2026/04/14-17:10:29.760683,1,2,3,,,3,171248,
vcomp_run1,vcomp,2026/04/14-17:10:29.763012,1,2,3,,,4,185134,
vcomp_run1,vcomp,2026/04/14-17:10:29.763027,1,2,4,,,4,246467,
vcomp_run1,vcomp,2026/04/14-17:10:29.763038,1,2,4,,,4,214956,
vcomp_run1,vcomp,2026/04/14-17:10:29.763054,1,2,4,,,4,278944,
vcomp_run1,vcomp,2026/04/14-17:10:29.763075,3,4,5,,,4,261039,
vcomp_run1,vcomp,2026/04/14-17:10:29.763088,1,2,6,,,6,371069,
vcomp_run1,vcomp,2026/04/14-17:10:29.763103,3,4,7,,,5,271217,
vcomp_run1,vcomp,2026/04/14-17:10:29.763563,3,4,3,,,3,147553,
vcomp_run1,vcomp,2026/04/14-17:10:29.765332,1,2,5,,,5,279471,
vcomp_run1,vcomp,2026/04/14-17:10:29.765462,1,2,6,,,6,350317,
vcomp_run1,vcomp,2026/04/14-17:10:29.769016,2,3,2,,,1,35964,
vcomp_run1,vcomp,2026/04/14-17:10:29.771562,2,3,5,,,5,296569,
vcomp_run1,vcomp,2026/04/14-17:10:29.771575,2,3,7,,,6,367732,
vcomp_run1,vcomp,2026/04/14-17:10:29.771590,2,3,6,,,5,359218,
vcomp_run1,vcomp,2026/04/14-17:10:29.771604,2,3,8,,,8,503294,
vcomp_run1,vcomp,2026/04/14-17:10:29.771620,2,3,6,,,7,440691,
vcomp_run1,vcomp,2026/04/14-17:10:29.771635,2,3,8,,,8,493106,
vcomp_run1,vcomp,2026/04/14-17:10:29.771646,2,3,7,,,8,421721,
vcomp_run1,vcomp,2026/04/14-17:10:29.771663,2,3,7,,,6,411941,
vcomp_run1,vcomp,2026/04/14-17:10:29.771814,0,1,12,,,12,772701,
vcomp_run1,vcomp,2026/04/14-17:10:29.774096,1,2,2,,,2,99694,
vcomp_run1,vcomp,2026/04/14-17:10:29.775861,1,2,5,,,5,269561,
vcomp_run1,vcomp,2026/04/14-17:10:29.779145,1,2,3,,,4,215332,
vcomp_run1,vcomp,2026/04/14-17:10:29.782009,1,2,4,,,4,237486,
vcomp_run1,vcomp,2026/04/14-17:10:29.782022,1,2,7,,,7,417156,
vcomp_run1,vcomp,2026/04/14-17:10:29.782037,3,4,3,,,2,130988,
vcomp_run1,vcomp,2026/04/14-17:10:29.782056,1,2,7,,,6,391245,
vcomp_run1,vcomp,2026/04/14-17:10:29.782068,3,4,3,,,3,137900,
vcomp_run1,vcomp,2026/04/14-17:10:29.782079,3,4,2,,,1,42612,
vcomp_run1,vcomp,2026/04/14-17:10:29.782094,1,2,7,,,7,401691,
vcomp_run1,vcomp,2026/04/14-17:10:29.782111,3,4,4,,,4,207024,
vcomp_run1,vcomp,2026/04/14-17:10:29.782123,3,4,3,,,3,168353,
vcomp_run1,vcomp,2026/04/14-17:10:29.782134,3,4,4,,,3,172673,
vcomp_run1,vcomp,2026/04/14-17:10:29.782149,3,4,5,,,5,272058,
vcomp_run1,vcomp,2026/04/14-17:10:29.782518,3,4,4,,,3,191738,
vcomp_run1,vcomp,2026/04/14-17:10:29.784165,1,2,6,,,6,358087,
vcomp_run1,vcomp,2026/04/14-17:10:29.786698,2,3,3,,,3,137208,
vcomp_run1,vcomp,2026/04/14-17:10:29.790067,2,3,5,,,4,312757,
vcomp_run1,vcomp,2026/04/14-17:10:29.792506,2,3,5,,,6,389386,
vcomp_run1,vcomp,2026/04/14-17:10:29.792517,2,3,7,,,6,407820,
vcomp_run1,vcomp,2026/04/14-17:10:29.792534,2,3,6,,,5,373918,
vcomp_run1,vcomp,2026/04/14-17:10:29.792548,2,3,7,,,6,377799,
vcomp_run1,vcomp,2026/04/14-17:10:29.792567,2,3,7,,,8,417201,
vcomp_run1,vcomp,2026/04/14-17:10:29.792581,2,3,8,,,8,559812,
vcomp_run1,vcomp,2026/04/14-17:10:29.792597,0,1,12,,,13,762855,
vcomp_run1,vcomp,2026/04/14-17:10:29.792746,2,3,7,,,6,477483,
vcomp_run1,vcomp,2026/04/14-17:10:29.795193,1,2,4,,,4,219386,
vcomp_run1,vcomp,2026/04/14-17:10:29.797060,1,2,4,,,4,206204,
vcomp_run1,vcomp,2026/04/14-17:10:29.800582,1,2,5,,,4,247800,
vcomp_run1,vcomp,2026/04/14-17:10:29.803346,1,2,4,,,4,239905,
vcomp_run1,vcomp,2026/04/14-17:10:29.803364,1,2,5,,,6,314900,
vcomp_run1,vcomp,2026/04/14-17:10:29.803378,1,2,2,,,2,102068,
vcomp_run1,vcomp,2026/04/14-17:10:29.803393,1,2,6,,,6,392118,
vcomp_run1,vcomp,2026/04/14-17:10:29.803410,1,2,3,,,4,197780,
vcomp_run1,vcomp,2026/04/14-17:10:29.803422,3,4,4,,,3,186481,
vcomp_run1,vcomp,2026/04/14-17:10:29.803439,1,2,7,,,7,398858,
vcomp_run1,vcomp,2026/04/14-17:10:29.803457,3,4,4,,,4,223867,
vcomp_run1,vcomp,2026/04/14-17:10:29.803470,3,4,3,,,3,146583,
vcomp_run1,vcomp,2026/04/14-17:10:29.803488,3,4,4,,,4,240816,
vcomp_run1,vcomp,2026/04/14-17:10:29.803502,3,4,5,,,5,319237,
vcomp_run1,vcomp,2026/04/14-17:10:29.803628,3,4,4,,,4,224726,
vcomp_run1,vcomp,2026/04/14-17:10:29.805980,2,3,6,,,6,315753,
vcomp_run1,vcomp,2026/04/14-17:10:29.809211,2,3,6,,,5,355137,
vcomp_run1,vcomp,2026/04/14-17:10:29.811915,2,3,8,,,6,400582,
vcomp_run1,vcomp,2026/04/14-17:10:29.811927,2,3,8,,,8,477150,
vcomp_run1,vcomp,2026/04/14-17:10:29.811942,2,3,6,,,6,383644,
vcomp_run1,vcomp,2026/04/14-17:10:29.811967,0,1,12,,,13,771302,
vcomp_run1,vcomp,2026/04/14-17:10:29.811986,2,3,9,,,10,575065,
vcomp_run1,vcomp,2026/04/14-17:10:29.811999,2,3,7,,,7,432312,
vcomp_run1,vcomp,2026/04/14-17:10:29.812143,2,3,6,,,7,415947,
vcomp_run1,vcomp,2026/04/14-17:10:29.814389,1,2,2,,,2,126249,
vcomp_run1,vcomp,2026/04/14-17:10:29.816101,1,2,3,,,3,174256,
vcomp_run1,vcomp,2026/04/14-17:10:29.819700,1,2,3,,,3,170285,
vcomp_run1,vcomp,2026/04/14-17:10:29.822685,1,2,6,,,5,313495,
vcomp_run1,vcomp,2026/04/14-17:10:29.822706,1,2,4,,,5,255455,
vcomp_run1,vcomp,2026/04/14-17:10:29.822719,1,2,4,,,3,127971,
vcomp_run1,vcomp,2026/04/14-17:10:29.822741,1,2,7,,,7,364265,
vcomp_run1,vcomp,2026/04/14-17:10:29.822756,1,2,5,,,6,322416,
vcomp_run1,vcomp,2026/04/14-17:10:29.822773,1,2,7,,,8,462209,
vcomp_run1,vcomp,2026/04/14-17:10:29.822786,3,4,3,,,3,163469,
vcomp_run1,vcomp,2026/04/14-17:10:29.822801,3,4,3,,,3,157628,
vcomp_run1,vcomp,2026/04/14-17:10:29.822821,3,4,5,,,4,250642,
vcomp_run1,vcomp,2026/04/14-17:10:29.822835,3,4,3,,,3,162864,
vcomp_run1,vcomp,2026/04/14-17:10:29.822851,3,4,3,,,3,165681,
vcomp_run1,vcomp,2026/04/14-17:10:29.823187,3,4,2,,,2,101676,
vcomp_run1,vcomp,2026/04/14-17:10:29.823217,3,4,3,,,3,161475,
vcomp_run1,vcomp,2026/04/14-17:10:29.824661,3,4,3,,,3,157965,
vcomp_run1,vcomp,2026/04/14-17:10:29.826957,2,3,4,,,3,224270,
vcomp_run1,vcomp,2026/04/14-17:10:29.830624,2,3,6,,,6,328303,
vcomp_run1,vcomp,2026/04/14-17:10:29.833169,2,3,5,,,6,365439,
vcomp_run1,vcomp,2026/04/14-17:10:29.833185,2,3,6,,,5,350696,
vcomp_run1,vcomp,2026/04/14-17:10:29.833212,0,1,12,,,13,792986,
vcomp_run1,vcomp,2026/04/14-17:10:29.833232,2,3,6,,,7,413874,
vcomp_run1,vcomp,2026/04/14-17:10:29.833244,2,3,8,,,8,498143,
vcomp_run1,vcomp,2026/04/14-17:10:29.833262,2,3,7,,,6,399559,
vcomp_run1,vcomp,2026/04/14-17:10:29.833423,2,3,7,,,7,434683,
vcomp_run1,vcomp,2026/04/14-17:10:29.835677,1,2,2,,,3,124081,
vcomp_run1,vcomp,2026/04/14-17:10:29.839342,1,2,3,,,3,152321,
vcomp_run1,vcomp,2026/04/14-17:10:29.842227,1,2,6,,,4,243161,
vcomp_run1,vcomp,2026/04/14-17:10:29.842240,1,2,5,,,5,298954,
vcomp_run1,vcomp,2026/04/14-17:10:29.842263,1,2,7,,,6,350217,
vcomp_run1,vcomp,2026/04/14-17:10:29.842278,1,2,7,,,6,352908,
vcomp_run1,vcomp,2026/04/14-17:10:29.842294,1,2,7,,,5,305565,
vcomp_run1,vcomp,2026/04/14-17:10:29.842311,3,4,2,,,2,92438,
vcomp_run1,vcomp,2026/04/14-17:10:29.842324,3,4,2,,,2,96082,
vcomp_run1,vcomp,2026/04/14-17:10:29.842349,3,4,4,,,3,180302,
vcomp_run1,vcomp,2026/04/14-17:10:29.842368,3,4,4,,,4,244663,
vcomp_run1,vcomp,2026/04/14-17:10:29.842381,3,4,4,,,4,230306,
vcomp_run1,vcomp,2026/04/14-17:10:29.842399,3,4,3,,,3,146256,
vcomp_run1,vcomp,2026/04/14-17:10:29.842413,3,4,4,,,4,197027,
vcomp_run1,vcomp,2026/04/14-17:10:29.842543,3,4,5,,,5,297848,
vcomp_run1,vcomp,2026/04/14-17:10:29.845018,1,2,4,,,4,211925,
vcomp_run1,vcomp,2026/04/14-17:10:29.848098,2,3,3,,,3,146721,
vcomp_run1,vcomp,2026/04/14-17:10:29.850697,2,3,5,,,6,334926,
vcomp_run1,vcomp,2026/04/14-17:10:29.850714,2,3,8,,,8,435126,
vcomp_run1,vcomp,2026/04/14-17:10:29.850729,2,3,4,,,4,258726,
vcomp_run1,vcomp,2026/04/14-17:10:29.850759,2,3,5,,,5,268730,
vcomp_run1,vcomp,2026/04/14-17:10:29.850776,2,3,7,,,7,477825,
vcomp_run1,vcomp,2026/04/14-17:10:29.850792,2,3,6,,,7,408684,
vcomp_run1,vcomp,2026/04/14-17:10:29.850809,2,3,7,,,8,461996,
vcomp_run1,vcomp,2026/04/14-17:10:29.850988,0,1,13,,,13,826302,
vcomp_run1,vcomp,2026/04/14-17:10:29.853206,1,2,2,,,2,108476,
vcomp_run1,vcomp,2026/04/14-17:10:29.856814,1,2,3,,,3,177589,
vcomp_run1,vcomp,2026/04/14-17:10:29.860160,1,2,3,,,3,179774,
vcomp_run1,vcomp,2026/04/14-17:10:29.860177,1,2,5,,,6,322505,
vcomp_run1,vcomp,2026/04/14-17:10:29.860196,1,2,5,,,5,300883,
vcomp_run1,vcomp,2026/04/14-17:10:29.860223,1,2,5,,,5,325805,
vcomp_run1,vcomp,2026/04/14-17:10:29.860236,3,4,3,,,3,175291,
vcomp_run1,vcomp,2026/04/14-17:10:29.860254,3,4,3,,,3,172119,
vcomp_run1,vcomp,2026/04/14-17:10:29.860266,3,4,3,,,3,168191,
vcomp_run1,vcomp,2026/04/14-17:10:29.860285,1,2,6,,,6,320362,
vcomp_run1,vcomp,2026/04/14-17:10:29.860302,3,4,3,,,3,169660,
vcomp_run1,vcomp,2026/04/14-17:10:29.860318,1,2,6,,,7,394705,
vcomp_run1,vcomp,2026/04/14-17:10:29.860332,3,4,4,,,3,148779,
vcomp_run1,vcomp,2026/04/14-17:10:29.860729,3,4,4,,,3,183884,
vcomp_run1,vcomp,2026/04/14-17:10:29.862462,1,2,4,,,4,227050,
vcomp_run1,vcomp,2026/04/14-17:10:29.866762,2,3,7,,,6,357293,
vcomp_run1,vcomp,2026/04/14-17:10:29.869496,2,3,7,,,7,397756,
vcomp_run1,vcomp,2026/04/14-17:10:29.869511,2,3,5,,,5,309301,
vcomp_run1,vcomp,2026/04/14-17:10:29.869529,2,3,7,,,6,453320,
vcomp_run1,vcomp,2026/04/14-17:10:29.869550,2,3,9,,,9,594603,
vcomp_run1,vcomp,2026/04/14-17:10:29.869569,2,3,7,,,7,486912,
vcomp_run1,vcomp,2026/04/14-17:10:29.869584,2,3,8,,,8,485194,
vcomp_run1,vcomp,2026/04/14-17:10:29.869599,2,3,8,,,7,493861,
vcomp_run1,vcomp,2026/04/14-17:10:29.869719,0,1,12,,,12,820653,
vcomp_run1,vcomp,2026/04/14-17:10:29.872151,1,2,2,,,3,142812,
vcomp_run1,vcomp,2026/04/14-17:10:29.875184,1,2,3,,,3,188237,
vcomp_run1,vcomp,2026/04/14-17:10:29.877972,1,2,4,,,3,211018,
vcomp_run1,vcomp,2026/04/14-17:10:29.877985,1,2,3,,,4,190117,
vcomp_run1,vcomp,2026/04/14-17:10:29.878001,3,4,4,,,3,195803,
vcomp_run1,vcomp,2026/04/14-17:10:29.878018,3,4,4,,,3,194550,
vcomp_run1,vcomp,2026/04/14-17:10:29.878034,1,2,10,,,9,552429,
vcomp_run1,vcomp,2026/04/14-17:10:29.878052,3,4,4,,,4,217748,
vcomp_run1,vcomp,2026/04/14-17:10:29.878066,3,4,3,,,3,163456,
vcomp_run1,vcomp,2026/04/14-17:10:29.878081,3,4,3,,,2,130731,
vcomp_run1,vcomp,2026/04/14-17:10:29.878093,3,4,4,,,3,177024,
vcomp_run1,vcomp,2026/04/14-17:10:29.878110,3,4,5,,,5,268569,
vcomp_run1,vcomp,2026/04/14-17:10:29.878549,3,4,4,,,4,236937,
vcomp_run1,vcomp,2026/04/14-17:10:29.878664,1,2,8,,,7,458826,
vcomp_run1,vcomp,2026/04/14-17:10:29.880049,1,2,6,,,6,343383,
vcomp_run1,vcomp,2026/04/14-17:10:29.883405,1,2,5,,,5,313215,
vcomp_run1,vcomp,2026/04/14-17:10:29.886192,0,0,8,,,8,524227,
vcomp_run1,vcomp,2026/04/14-17:10:29.886211,2,3,4,,,5,256195,
vcomp_run1,vcomp,2026/04/14-17:10:29.886205,2,3,4,,,4,273812,
vcomp_run1,vcomp,2026/04/14-17:10:29.886230,2,3,6,,,6,324224,
vcomp_run1,vcomp,2026/04/14-17:10:29.886368,2,3,5,,,5,318371,
vcomp_run1,vcomp,2026/04/14-17:10:29.887911,2,3,7,,,8,467953,
vcomp_run1,vcomp,2026/04/14-17:10:29.887925,2,3,8,,,7,454034,
vcomp_run1,vcomp,2026/04/14-17:10:29.887938,2,3,8,,,8,482381,
vcomp_run1,vcomp,2026/04/14-17:10:29.888278,2,3,7,,,6,437952,
vcomp_run1,vcomp,2026/04/14-17:10:29.888413,2,3,9,,,8,521357,
vcomp_run1,vcomp,2026/04/14-17:10:29.889751,0,0,5,,,5,327619,
vcomp_run1,vcomp,2026/04/14-17:10:29.891795,3,4,3,,,2,107221,
vcomp_run1,vcomp,2026/04/14-17:10:29.891810,3,4,2,,,2,95234,
vcomp_run1,vcomp,2026/04/14-17:10:29.891825,3,4,2,,,2,86840,
vcomp_run1,vcomp,2026/04/14-17:10:29.891840,3,4,4,,,3,166440,
vcomp_run1,vcomp,2026/04/14-17:10:29.891854,3,4,3,,,3,149511,
vcomp_run1,vcomp,2026/04/14-17:10:29.891871,3,4,4,,,4,223048,
vcomp_run1,vcomp,2026/04/14-17:10:29.891884,3,4,2,,,2,84147,
vcomp_run1,vcomp,2026/04/14-17:10:29.892028,3,4,6,,,5,320832,
vcomp_run1,vcomp,2026/04/14-17:10:29.895101,0,1,16,,,18,1042946,
vcomp_run1,vcomp,2026/04/14-17:10:29.897011,1,2,3,,,3,187700,
vcomp_run1,vcomp,2026/04/14-17:10:29.898769,1,2,3,,,3,190651,
vcomp_run1,vcomp,2026/04/14-17:10:29.901854,1,2,2,,,2,110657,
vcomp_run1,vcomp,2026/04/14-17:10:29.904162,1,2,3,,,3,179323,
vcomp_run1,vcomp,2026/04/14-17:10:29.904174,1,2,5,,,5,287734,
vcomp_run1,vcomp,2026/04/14-17:10:29.904195,1,2,4,,,4,236359,
vcomp_run1,vcomp,2026/04/14-17:10:29.904212,1,2,3,,,3,177845,
vcomp_run1,vcomp,2026/04/14-17:10:29.904228,1,2,4,,,4,225200,
vcomp_run1,vcomp,2026/04/14-17:10:29.904242,1,2,5,,,5,271875,
vcomp_run1,vcomp,2026/04/14-17:10:29.904260,1,2,3,,,2,96854,
vcomp_run1,vcomp,2026/04/14-17:10:29.904410,1,2,5,,,6,335237,
vcomp_run1,vcomp,2026/04/14-17:10:29.906497,1,2,4,,,4,189857,
vcomp_run1,vcomp,2026/04/14-17:10:29.908824,1,2,5,,,4,244221,
vcomp_run1,vcomp,2026/04/14-17:10:29.908929,2,3,6,,,6,345706,
vcomp_run1,vcomp,2026/04/14-17:10:29.908944,2,3,4,,,4,282819,
vcomp_run1,vcomp,2026/04/14-17:10:29.909630,1,2,4,,,4,233645,
vcomp_run1,vcomp,2026/04/14-17:10:29.911001,2,3,5,,,5,306737,
vcomp_run1,vcomp,2026/04/14-17:10:29.912120,2,3,7,,,7,421351,
vcomp_run1,vcomp,2026/04/14-17:10:29.912265,2,3,6,,,6,410618,
vcomp_run1,vcomp,2026/04/14-17:10:29.914053,2,3,6,,,5,249979,
vcomp_run1,vcomp,2026/04/14-17:10:29.914066,2,3,3,,,3,177413,
vcomp_run1,vcomp,2026/04/14-17:10:29.914082,2,3,7,,,7,464126,
vcomp_run1,vcomp,2026/04/14-17:10:29.914109,2,3,8,,,7,445990,
vcomp_run1,vcomp,2026/04/14-17:10:29.914128,2,3,7,,,7,473504,
vcomp_run1,vcomp,2026/04/14-17:10:29.914139,2,3,9,,,7,490084,
vcomp_run1,vcomp,2026/04/14-17:10:29.914152,2,3,8,,,9,512489,
vcomp_run1,vcomp,2026/04/14-17:10:29.914168,0,1,8,,,8,521291,
vcomp_run1,vcomp,2026/04/14-17:10:29.914329,2,3,8,,,7,451702,
vcomp_run1,vcomp,2026/04/14-17:10:29.917000,1,2,3,,,4,205407,
vcomp_run1,vcomp,2026/04/14-17:10:29.919229,1,2,8,,,8,482802,
vcomp_run1,vcomp,2026/04/14-17:10:29.921438,1,2,9,,,9,516257,
vcomp_run1,vcomp,2026/04/14-17:10:29.924788,1,2,4,,,3,149917,
vcomp_run1,vcomp,2026/04/14-17:10:29.927575,3,4,4,,,3,194933,
vcomp_run1,vcomp,2026/04/14-17:10:29.927593,2,3,6,,,6,356860,
vcomp_run1,vcomp,2026/04/14-17:10:29.927609,1,2,7,,,7,417614,
vcomp_run1,vcomp,2026/04/14-17:10:29.927631,0,0,8,,,8,524207,
vcomp_run1,vcomp,2026/04/14-17:10:29.927651,3,4,4,,,4,202701,
vcomp_run1,vcomp,2026/04/14-17:10:29.927667,3,4,6,,,5,283473,
vcomp_run1,vcomp,2026/04/14-17:10:29.927673,3,4,3,,,3,131523,
vcomp_run1,vcomp,2026/04/14-17:10:29.927689,3,4,2,,,2,91674,
vcomp_run1,vcomp,2026/04/14-17:10:29.928628,2,3,3,,,2,165178,
vcomp_run1,vcomp,2026/04/14-17:10:29.931420,0,0,6,,,6,393135,
vcomp_run1,vcomp,2026/04/14-17:10:29.931437,2,3,7,,,7,434786,
vcomp_run1,vcomp,2026/04/14-17:10:29.931454,2,3,7,,,6,400544,
vcomp_run1,vcomp,2026/04/14-17:10:29.931916,2,3,8,,,7,431670,
vcomp_run1,vcomp,2026/04/14-17:10:29.933517,1,2,6,,,6,381059,
vcomp_run1,vcomp,2026/04/14-17:10:29.933643,1,2,8,,,8,493761,
vcomp_run1,vcomp,2026/04/14-17:10:29.935838,2,3,5,,,5,294690,
vcomp_run1,vcomp,2026/04/14-17:10:29.937646,2,3,7,,,7,474249,
vcomp_run1,vcomp,2026/04/14-17:10:29.938122,0,1,13,,,15,868686,
vcomp_run1,vcomp,2026/04/14-17:10:29.940159,3,4,3,,,2,94571,
vcomp_run1,vcomp,2026/04/14-17:10:29.940195,3,4,3,,,2,130274,
vcomp_run1,vcomp,2026/04/14-17:10:29.940207,3,4,4,,,3,180321,
vcomp_run1,vcomp,2026/04/14-17:10:29.940221,3,4,3,,,3,162757,
vcomp_run1,vcomp,2026/04/14-17:10:29.940576,3,4,4,,,4,219804,
vcomp_run1,vcomp,2026/04/14-17:10:29.943637,1,2,4,,,5,250903,
vcomp_run1,vcomp,2026/04/14-17:10:29.943649,1,2,3,,,3,206468,
vcomp_run1,vcomp,2026/04/14-17:10:29.943667,1,2,4,,,4,250508,
vcomp_run1,vcomp,2026/04/14-17:10:29.943680,1,2,2,,,1,19604,
vcomp_run1,vcomp,2026/04/14-17:10:29.943699,1,2,4,,,4,240399,
vcomp_run1,vcomp,2026/04/14-17:10:29.943707,3,4,4,,,3,176665,
vcomp_run1,vcomp,2026/04/14-17:10:29.943723,1,2,4,,,4,256321,
vcomp_run1,vcomp,2026/04/14-17:10:29.943736,1,2,3,,,3,172368,
vcomp_run1,vcomp,2026/04/14-17:10:29.943749,3,4,5,,,4,213750,
vcomp_run1,vcomp,2026/04/14-17:10:29.943761,3,4,3,,,3,152637,
vcomp_run1,vcomp,2026/04/14-17:10:29.943779,3,4,4,,,3,191109,
vcomp_run1,vcomp,2026/04/14-17:10:29.943796,3,4,3,,,3,162817,
vcomp_run1,vcomp,2026/04/14-17:10:29.943813,3,4,5,,,4,238117,
vcomp_run1,vcomp,2026/04/14-17:10:29.944250,1,2,6,,,6,330676,
vcomp_run1,vcomp,2026/04/14-17:10:29.944288,1,2,6,,,5,339699,
vcomp_run1,vcomp,2026/04/14-17:10:29.946089,3,4,6,,,5,325527,
vcomp_run1,vcomp,2026/04/14-17:10:29.948295,1,2,5,,,4,282935,
vcomp_run1,vcomp,2026/04/14-17:10:29.950040,1,2,4,,,4,239633,
vcomp_run1,vcomp,2026/04/14-17:10:29.950053,2,3,4,,,4,262534,
vcomp_run1,vcomp,2026/04/14-17:10:29.950156,2,3,6,,,8,398115,
vcomp_run1,vcomp,2026/04/14-17:10:29.952544,2,3,6,,,8,460296,
vcomp_run1,vcomp,2026/04/14-17:10:29.954660,2,3,7,,,8,471284,
vcomp_run1,vcomp,2026/04/14-17:10:29.958028,2,3,9,,,10,553409,
vcomp_run1,vcomp,2026/04/14-17:10:29.960322,2,3,8,,,8,468661,
vcomp_run1,vcomp,2026/04/14-17:10:29.960336,2,3,7,,,7,427586,
vcomp_run1,vcomp,2026/04/14-17:10:29.960348,2,3,7,,,8,451310,
vcomp_run1,vcomp,2026/04/14-17:10:29.960364,2,3,8,,,8,534809,
vcomp_run1,vcomp,2026/04/14-17:10:29.960499,0,1,12,,,14,775904,
vcomp_run1,vcomp,2026/04/14-17:10:29.962735,1,2,2,,,2,107428,
vcomp_run1,vcomp,2026/04/14-17:10:29.966333,1,2,5,,,5,302433,
vcomp_run1,vcomp,2026/04/14-17:10:29.969610,1,2,2,,,2,108225,
vcomp_run1,vcomp,2026/04/14-17:10:29.969627,1,2,2,,,2,111146,
vcomp_run1,vcomp,2026/04/14-17:10:29.969640,1,2,5,,,5,315503,
vcomp_run1,vcomp,2026/04/14-17:10:29.969656,1,2,5,,,5,322536,
vcomp_run1,vcomp,2026/04/14-17:10:29.969670,1,2,5,,,4,206335,
vcomp_run1,vcomp,2026/04/14-17:10:29.969688,3,4,3,,,3,146514,
vcomp_run1,vcomp,2026/04/14-17:10:29.969703,1,2,6,,,6,393726,
vcomp_run1,vcomp,2026/04/14-17:10:29.969713,3,4,2,,,2,90067,
vcomp_run1,vcomp,2026/04/14-17:10:29.969724,3,4,2,,,2,91130,
vcomp_run1,vcomp,2026/04/14-17:10:29.969739,3,4,3,,,2,125747,
vcomp_run1,vcomp,2026/04/14-17:10:29.969755,1,2,4,,,5,263185,
vcomp_run1,vcomp,2026/04/14-17:10:29.969768,3,4,3,,,3,164804,
vcomp_run1,vcomp,2026/04/14-17:10:29.969778,3,4,3,,,3,162391,
vcomp_run1,vcomp,2026/04/14-17:10:29.969791,3,4,4,,,4,205653,
vcomp_run1,vcomp,2026/04/14-17:10:29.969805,3,4,3,,,3,172171,
vcomp_run1,vcomp,2026/04/14-17:10:29.969817,3,4,3,,,2,122923,
vcomp_run1,vcomp,2026/04/14-17:10:29.969915,3,4,3,,,3,158332,
vcomp_run1,vcomp,2026/04/14-17:10:29.973925,2,3,5,,,6,336050,
vcomp_run1,vcomp,2026/04/14-17:10:29.976558,2,3,6,,,5,339687,
vcomp_run1,vcomp,2026/04/14-17:10:29.976575,2,3,7,,,6,352115,
vcomp_run1,vcomp,2026/04/14-17:10:29.976589,2,3,7,,,7,400619,
vcomp_run1,vcomp,2026/04/14-17:10:29.976603,2,3,9,,,9,563026,
vcomp_run1,vcomp,2026/04/14-17:10:29.976626,2,3,6,,,7,427731,
vcomp_run1,vcomp,2026/04/14-17:10:29.976641,2,3,7,,,7,432254,
vcomp_run1,vcomp,2026/04/14-17:10:29.976659,2,3,8,,,7,519918,
vcomp_run1,vcomp,2026/04/14-17:10:29.976681,0,1,12,,,13,768521,
vcomp_run1,vcomp,2026/04/14-17:10:29.976835,2,3,9,,,8,497789,
vcomp_run1,vcomp,2026/04/14-17:10:29.981056,1,2,3,,,3,179173,
vcomp_run1,vcomp,2026/04/14-17:10:29.984260,1,2,5,,,4,226257,
vcomp_run1,vcomp,2026/04/14-17:10:29.984273,1,2,5,,,4,249678,
vcomp_run1,vcomp,2026/04/14-17:10:29.984285,3,4,2,,,2,98419,
vcomp_run1,vcomp,2026/04/14-17:10:29.984303,1,2,5,,,5,292520,
vcomp_run1,vcomp,2026/04/14-17:10:29.984317,1,2,3,,,4,198264,
vcomp_run1,vcomp,2026/04/14-17:10:29.984337,1,2,7,,,6,367453,
vcomp_run1,vcomp,2026/04/14-17:10:29.984350,3,4,3,,,3,135338,
vcomp_run1,vcomp,2026/04/14-17:10:29.984362,3,4,3,,,2,118474,
vcomp_run1,vcomp,2026/04/14-17:10:29.984378,1,2,5,,,5,288387,
vcomp_run1,vcomp,2026/04/14-17:10:29.984396,3,4,3,,,3,163353,
vcomp_run1,vcomp,2026/04/14-17:10:29.984409,3,4,4,,,4,206668,
vcomp_run1,vcomp,2026/04/14-17:10:29.984422,3,4,3,,,3,161570,
vcomp_run1,vcomp,2026/04/14-17:10:29.984438,3,4,4,,,3,193001,
vcomp_run1,vcomp,2026/04/14-17:10:29.984453,3,4,4,,,4,203362,
vcomp_run1,vcomp,2026/04/14-17:10:29.986301,3,4,4,,,4,235829,
vcomp_run1,vcomp,2026/04/14-17:10:29.986408,1,2,5,,,4,251223,
vcomp_run1,vcomp,2026/04/14-17:10:29.990013,1,2,6,,,6,353314,
vcomp_run1,vcomp,2026/04/14-17:10:29.991989,0,0,8,,,8,524220,
vcomp_run1,vcomp,2026/04/14-17:10:29.992070,2,3,6,,,7,373160,
vcomp_run1,vcomp,2026/04/14-17:10:29.992085,2,3,6,,,6,418915,
vcomp_run1,vcomp,2026/04/14-17:10:29.992967,2,3,5,,,4,282206,
vcomp_run1,vcomp,2026/04/14-17:10:29.994499,2,3,2,,,2,97242,
vcomp_run1,vcomp,2026/04/14-17:10:29.994515,2,3,7,,,7,443451,
vcomp_run1,vcomp,2026/04/14-17:10:29.994531,2,3,6,,,6,377212,
vcomp_run1,vcomp,2026/04/14-17:10:29.994544,2,3,6,,,6,290334,
vcomp_run1,vcomp,2026/04/14-17:10:29.994557,2,3,8,,,8,487595,
vcomp_run1,vcomp,2026/04/14-17:10:29.994965,2,3,7,,,9,460214,
vcomp_run1,vcomp,2026/04/14-17:10:29.996764,0,1,3,,,4,190991,
vcomp_run1,vcomp,2026/04/14-17:10:29.997727,0,0,6,,,6,393148,
vcomp_run1,vcomp,2026/04/14-17:10:29.999195,3,4,3,,,2,129882,
vcomp_run1,vcomp,2026/04/14-17:10:29.999210,3,4,3,,,3,166262,
vcomp_run1,vcomp,2026/04/14-17:10:29.999220,3,4,3,,,3,161905,
vcomp_run1,vcomp,2026/04/14-17:10:29.999233,3,4,3,,,3,145625,
vcomp_run1,vcomp,2026/04/14-17:10:29.999244,3,4,4,,,4,236782,
vcomp_run1,vcomp,2026/04/14-17:10:29.999262,3,4,3,,,3,162776,
vcomp_run1,vcomp,2026/04/14-17:10:29.999741,3,4,7,,,7,413636,
vcomp_run1,vcomp,2026/04/14-17:10:30.001551,0,1,17,,,18,1025517,
vcomp_run1,vcomp,2026/04/14-17:10:30.003691,1,2,2,,,3,132847,
vcomp_run1,vcomp,2026/04/14-17:10:30.007432,1,2,3,,,3,173988,
vcomp_run1,vcomp,2026/04/14-17:10:30.009860,1,2,3,,,3,178034,
vcomp_run1,vcomp,2026/04/14-17:10:30.009928,1,2,3,,,3,171978,
vcomp_run1,vcomp,2026/04/14-17:10:30.009943,1,2,3,,,3,170381,
vcomp_run1,vcomp,2026/04/14-17:10:30.009955,1,2,3,,,3,170948,
vcomp_run1,vcomp,2026/04/14-17:10:30.009972,1,2,4,,,4,214513,
vcomp_run1,vcomp,2026/04/14-17:10:30.009985,1,2,4,,,4,247817,
vcomp_run1,vcomp,2026/04/14-17:10:30.010010,1,2,3,,,3,192499,
vcomp_run1,vcomp,2026/04/14-17:10:30.010776,1,2,4,,,4,244597,
vcomp_run1,vcomp,2026/04/14-17:10:30.012058,1,2,4,,,4,208498,
vcomp_run1,vcomp,2026/04/14-17:10:30.013955,1,2,6,,,6,397017,
vcomp_run1,vcomp,2026/04/14-17:10:30.013960,1,2,4,,,4,187681,
vcomp_run1,vcomp,2026/04/14-17:10:30.014452,1,2,6,,,5,333364,
vcomp_run1,vcomp,2026/04/14-17:10:30.016565,2,3,2,,,2,88005,
vcomp_run1,vcomp,2026/04/14-17:10:30.019793,2,3,6,,,6,392466,
vcomp_run1,vcomp,2026/04/14-17:10:30.019812,2,3,5,,,5,332131,
vcomp_run1,vcomp,2026/04/14-17:10:30.019828,2,3,6,,,6,383092,
vcomp_run1,vcomp,2026/04/14-17:10:30.019846,2,3,7,,,7,412649,
vcomp_run1,vcomp,2026/04/14-17:10:30.019859,2,3,6,,,6,377965,
vcomp_run1,vcomp,2026/04/14-17:10:30.019874,2,3,7,,,7,413463,
vcomp_run1,vcomp,2026/04/14-17:10:30.019887,2,3,7,,,8,462479,
vcomp_run1,vcomp,2026/04/14-17:10:30.019911,2,3,7,,,7,449482,
vcomp_run1,vcomp,2026/04/14-17:10:30.019927,2,3,8,,,9,502371,
vcomp_run1,vcomp,2026/04/14-17:10:30.019941,2,3,9,,,9,632313,
vcomp_run1,vcomp,2026/04/14-17:10:30.019955,2,3,9,,,9,505967,
vcomp_run1,vcomp,2026/04/14-17:10:30.019970,2,3,10,,,8,543987,
vcomp_run1,vcomp,2026/04/14-17:10:30.020079,0,1,8,,,8,489413,
vcomp_run1,vcomp,2026/04/14-17:10:30.022768,1,2,4,,,5,289842,
vcomp_run1,vcomp,2026/04/14-17:10:30.024542,1,2,3,,,3,170361,
vcomp_run1,vcomp,2026/04/14-17:10:30.026366,1,2,5,,,5,284401,
vcomp_run1,vcomp,2026/04/14-17:10:30.029609,1,2,7,,,6,354705,
vcomp_run1,vcomp,2026/04/14-17:10:30.032765,3,4,3,,,3,137057,
vcomp_run1,vcomp,2026/04/14-17:10:30.032784,3,4,3,,,3,150036,
vcomp_run1,vcomp,2026/04/14-17:10:30.032802,3,4,4,,,4,203661,
vcomp_run1,vcomp,2026/04/14-17:10:30.032816,3,4,4,,,3,195869,
vcomp_run1,vcomp,2026/04/14-17:10:30.032832,3,4,2,,,2,83836,
vcomp_run1,vcomp,2026/04/14-17:10:30.032843,3,4,3,,,3,162261,
vcomp_run1,vcomp,2026/04/14-17:10:30.032865,0,0,8,,,8,524218,
vcomp_run1,vcomp,2026/04/14-17:10:30.032879,3,4,3,,,3,162354,
vcomp_run1,vcomp,2026/04/14-17:10:30.032894,3,4,5,,,5,296567,
vcomp_run1,vcomp,2026/04/14-17:10:30.032909,3,4,3,,,3,159961,
vcomp_run1,vcomp,2026/04/14-17:10:30.032924,3,4,4,,,4,228149,
vcomp_run1,vcomp,2026/04/14-17:10:30.033562,3,4,2,,,2,95557,
vcomp_run1,vcomp,2026/04/14-17:10:30.033575,3,4,4,,,4,207644,
vcomp_run1,vcomp,2026/04/14-17:10:30.033715,3,4,3,,,3,168127,
vcomp_run1,vcomp,2026/04/14-17:10:30.035071,2,3,4,,,4,254331,
vcomp_run1,vcomp,2026/04/14-17:10:30.035085,2,3,5,,,4,281288,
vcomp_run1,vcomp,2026/04/14-17:10:30.035103,2,3,6,,,5,344617,
vcomp_run1,vcomp,2026/04/14-17:10:30.035663,2,3,7,,,7,428561,
vcomp_run1,vcomp,2026/04/14-17:10:30.037405,0,0,7,,,7,458682,
vcomp_run1,vcomp,2026/04/14-17:10:30.037844,0,1,2,,,3,124895,
vcomp_run1,vcomp,2026/04/14-17:10:30.039261,3,4,4,,,4,205851,
vcomp_run1,vcomp,2026/04/14-17:10:30.039274,3,4,5,,,4,213034,
vcomp_run1,vcomp,2026/04/14-17:10:30.039703,3,4,4,,,3,196224,
vcomp_run1,vcomp,2026/04/14-17:10:30.041138,0,1,17,,,18,1039466,
vcomp_run1,vcomp,2026/04/14-17:10:30.043108,1,2,3,,,4,211500,
vcomp_run1,vcomp,2026/04/14-17:10:30.044765,1,2,3,,,3,181031,
vcomp_run1,vcomp,2026/04/14-17:10:30.047730,1,2,3,,,3,158448,
vcomp_run1,vcomp,2026/04/14-17:10:30.050139,1,2,4,,,3,187051,
vcomp_run1,vcomp,2026/04/14-17:10:30.050366,1,2,4,,,4,254954,
vcomp_run1,vcomp,2026/04/14-17:10:30.050377,1,2,3,,,3,194966,
vcomp_run1,vcomp,2026/04/14-17:10:30.050389,1,2,3,,,3,144648,
vcomp_run1,vcomp,2026/04/14-17:10:30.050406,1,2,6,,,6,390433,
vcomp_run1,vcomp,2026/04/14-17:10:30.050421,1,2,6,,,6,359121,
vcomp_run1,vcomp,2026/04/14-17:10:30.050442,1,2,5,,,5,277431,
vcomp_run1,vcomp,2026/04/14-17:10:30.050454,1,2,3,,,3,133222,
vcomp_run1,vcomp,2026/04/14-17:10:30.050939,1,2,3,,,3,168157,
vcomp_run1,vcomp,2026/04/14-17:10:30.053112,2,3,4,,,5,236958,
vcomp_run1,vcomp,2026/04/14-17:10:30.055268,2,3,5,,,6,353306,
vcomp_run1,vcomp,2026/04/14-17:10:30.055284,2,3,6,,,6,400720,
vcomp_run1,vcomp,2026/04/14-17:10:30.055302,1,2,4,,,4,250406,
vcomp_run1,vcomp,2026/04/14-17:10:30.055319,1,2,5,,,4,229387,
vcomp_run1,vcomp,2026/04/14-17:10:30.055655,2,3,8,,,7,474237,
vcomp_run1,vcomp,2026/04/14-17:10:30.059133,2,3,5,,,4,243950,
vcomp_run1,vcomp,2026/04/14-17:10:30.061987,2,3,5,,,4,257129,
vcomp_run1,vcomp,2026/04/14-17:10:30.062007,2,3,6,,,6,342250,
vcomp_run1,vcomp,2026/04/14-17:10:30.062026,0,1,12,,,13,748190,
vcomp_run1,vcomp,2026/04/14-17:10:30.062041,2,3,6,,,5,365641,
vcomp_run1,vcomp,2026/04/14-17:10:30.062054,2,3,5,,,5,304407,
vcomp_run1,vcomp,2026/04/14-17:10:30.062071,2,3,8,,,7,497049,
vcomp_run1,vcomp,2026/04/14-17:10:30.062085,2,3,8,,,7,447631,
vcomp_run1,vcomp,2026/04/14-17:10:30.062106,2,3,8,,,6,451485,
vcomp_run1,vcomp,2026/04/14-17:10:30.062251,2,3,8,,,7,458086,
vcomp_run1,vcomp,2026/04/14-17:10:30.064584,1,2,2,,,2,111549,
vcomp_run1,vcomp,2026/04/14-17:10:30.068307,1,2,2,,,1,46890,
vcomp_run1,vcomp,2026/04/14-17:10:30.071741,1,2,4,,,4,244397,
vcomp_run1,vcomp,2026/04/14-17:10:30.071758,1,2,4,,,4,247850,
vcomp_run1,vcomp,2026/04/14-17:10:30.071770,3,4,2,,,2,91984,
vcomp_run1,vcomp,2026/04/14-17:10:30.071784,1,2,5,,,5,325811,
vcomp_run1,vcomp,2026/04/14-17:10:30.071802,1,2,6,,,6,396580,
vcomp_run1,vcomp,2026/04/14-17:10:30.071818,3,4,2,,,2,99026,
vcomp_run1,vcomp,2026/04/14-17:10:30.071839,3,4,2,,,2,95154,
vcomp_run1,vcomp,2026/04/14-17:10:30.071853,3,4,3,,,3,171456,
vcomp_run1,vcomp,2026/04/14-17:10:30.071870,1,2,6,,,7,400710,
vcomp_run1,vcomp,2026/04/14-17:10:30.071885,3,4,3,,,3,162633,
vcomp_run1,vcomp,2026/04/14-17:10:30.071909,3,4,3,,,3,178735,
vcomp_run1,vcomp,2026/04/14-17:10:30.071928,3,4,4,,,4,216800,
vcomp_run1,vcomp,2026/04/14-17:10:30.071943,3,4,3,,,3,165545,
vcomp_run1,vcomp,2026/04/14-17:10:30.071959,3,4,5,,,5,306041,
vcomp_run1,vcomp,2026/04/14-17:10:30.073963,3,4,5,,,5,287118,
vcomp_run1,vcomp,2026/04/14-17:10:30.074077,3,4,3,,,3,165111,
vcomp_run1,vcomp,2026/04/14-17:10:30.074225,1,2,7,,,7,414264,
vcomp_run1,vcomp,2026/04/14-17:10:30.078452,2,3,5,,,5,325378,
vcomp_run1,vcomp,2026/04/14-17:10:30.081122,2,3,4,,,4,232030,
vcomp_run1,vcomp,2026/04/14-17:10:30.081140,2,3,8,,,7,452087,
vcomp_run1,vcomp,2026/04/14-17:10:30.081157,2,3,8,,,8,503428,
vcomp_run1,vcomp,2026/04/14-17:10:30.081176,2,3,7,,,7,423764,
vcomp_run1,vcomp,2026/04/14-17:10:30.081196,2,3,7,,,7,450306,
vcomp_run1,vcomp,2026/04/14-17:10:30.081218,2,3,9,,,8,486809,
vcomp_run1,vcomp,2026/04/14-17:10:30.081233,2,3,7,,,7,451973,
vcomp_run1,vcomp,2026/04/14-17:10:30.081373,0,1,12,,,12,756006,
vcomp_run1,vcomp,2026/04/14-17:10:30.083647,1,2,2,,,2,85038,
vcomp_run1,vcomp,2026/04/14-17:10:30.087262,1,2,3,,,3,193829,
vcomp_run1,vcomp,2026/04/14-17:10:30.090435,1,2,5,,,5,313986,
vcomp_run1,vcomp,2026/04/14-17:10:30.090449,1,2,5,,,5,261605,
vcomp_run1,vcomp,2026/04/14-17:10:30.090466,1,2,6,,,7,415027,
vcomp_run1,vcomp,2026/04/14-17:10:30.090480,3,4,2,,,2,100437,
vcomp_run1,vcomp,2026/04/14-17:10:30.090497,1,2,4,,,4,190273,
vcomp_run1,vcomp,2026/04/14-17:10:30.090512,3,4,3,,,3,148156,
vcomp_run1,vcomp,2026/04/14-17:10:30.090524,1,2,6,,,6,354761,
vcomp_run1,vcomp,2026/04/14-17:10:30.090538,3,4,3,,,3,159875,
vcomp_run1,vcomp,2026/04/14-17:10:30.090553,3,4,3,,,3,163469,
vcomp_run1,vcomp,2026/04/14-17:10:30.090568,3,4,6,,,6,330482,
vcomp_run1,vcomp,2026/04/14-17:10:30.090583,1,2,7,,,7,426417,
vcomp_run1,vcomp,2026/04/14-17:10:30.090600,3,4,5,,,4,254595,
vcomp_run1,vcomp,2026/04/14-17:10:30.090749,3,4,3,,,3,145877,
vcomp_run1,vcomp,2026/04/14-17:10:30.094503,2,3,4,,,5,296760,
vcomp_run1,vcomp,2026/04/14-17:10:30.097325,2,3,7,,,6,353642,
vcomp_run1,vcomp,2026/04/14-17:10:30.097341,2,3,6,,,6,367946,
vcomp_run1,vcomp,2026/04/14-17:10:30.097356,2,3,6,,,6,367439,
vcomp_run1,vcomp,2026/04/14-17:10:30.097372,2,3,5,,,5,348103,
vcomp_run1,vcomp,2026/04/14-17:10:30.097388,2,3,8,,,8,519121,
vcomp_run1,vcomp,2026/04/14-17:10:30.097401,2,3,7,,,7,427334,
vcomp_run1,vcomp,2026/04/14-17:10:30.097419,0,1,12,,,12,772136,
vcomp_run1,vcomp,2026/04/14-17:10:30.097435,2,3,8,,,8,531945,
vcomp_run1,vcomp,2026/04/14-17:10:30.097581,2,3,7,,,7,475448,
vcomp_run1,vcomp,2026/04/14-17:10:30.099983,1,2,3,,,3,185110,
vcomp_run1,vcomp,2026/04/14-17:10:30.103102,1,2,4,,,3,185487,
vcomp_run1,vcomp,2026/04/14-17:10:30.106021,1,2,3,,,3,180922,
vcomp_run1,vcomp,2026/04/14-17:10:30.106035,1,2,6,,,6,368991,
vcomp_run1,vcomp,2026/04/14-17:10:30.106046,3,4,2,,,2,96863,
vcomp_run1,vcomp,2026/04/14-17:10:30.106062,3,4,2,,,2,91030,
vcomp_run1,vcomp,2026/04/14-17:10:30.106076,3,4,3,,,2,112835,
vcomp_run1,vcomp,2026/04/14-17:10:30.106097,1,2,8,,,8,478506,
vcomp_run1,vcomp,2026/04/14-17:10:30.106109,1,2,6,,,7,402306,
vcomp_run1,vcomp,2026/04/14-17:10:30.106125,3,4,4,,,3,161775,
vcomp_run1,vcomp,2026/04/14-17:10:30.106139,3,4,3,,,2,119936,
vcomp_run1,vcomp,2026/04/14-17:10:30.106156,3,4,4,,,4,221577,
vcomp_run1,vcomp,2026/04/14-17:10:30.106166,3,4,3,,,3,163395,
vcomp_run1,vcomp,2026/04/14-17:10:30.106755,3,4,4,,,4,196776,
vcomp_run1,vcomp,2026/04/14-17:10:30.106872,3,4,4,,,4,208781,
vcomp_run1,vcomp,2026/04/14-17:10:30.108221,1,2,6,,,7,427328,
vcomp_run1,vcomp,2026/04/14-17:10:30.108344,1,2,7,,,7,403035,
vcomp_run1,vcomp,2026/04/14-17:10:30.112069,2,3,4,,,4,239139,
vcomp_run1,vcomp,2026/04/14-17:10:30.114733,2,3,5,,,4,263890,
vcomp_run1,vcomp,2026/04/14-17:10:30.114747,2,3,5,,,5,272374,
vcomp_run1,vcomp,2026/04/14-17:10:30.114766,0,1,12,,,13,736491,
vcomp_run1,vcomp,2026/04/14-17:10:30.114781,2,3,5,,,4,260256,
vcomp_run1,vcomp,2026/04/14-17:10:30.114799,2,3,5,,,5,335110,
vcomp_run1,vcomp,2026/04/14-17:10:30.114819,2,3,6,,,6,366253,
vcomp_run1,vcomp,2026/04/14-17:10:30.114836,2,3,6,,,5,303427,
vcomp_run1,vcomp,2026/04/14-17:10:30.114848,2,3,8,,,8,474069,
vcomp_run1,vcomp,2026/04/14-17:10:30.114993,2,3,8,,,7,507770,
vcomp_run1,vcomp,2026/04/14-17:10:30.117377,1,2,2,,,2,118457,
vcomp_run1,vcomp,2026/04/14-17:10:30.120855,1,2,2,,,2,107808,
vcomp_run1,vcomp,2026/04/14-17:10:30.123972,1,2,5,,,5,311017,
vcomp_run1,vcomp,2026/04/14-17:10:30.123985,1,2,5,,,5,275912,
vcomp_run1,vcomp,2026/04/14-17:10:30.124003,3,4,3,,,3,145926,
vcomp_run1,vcomp,2026/04/14-17:10:30.124020,1,2,8,,,8,499029,
vcomp_run1,vcomp,2026/04/14-17:10:30.124034,3,4,3,,,3,162434,
vcomp_run1,vcomp,2026/04/14-17:10:30.124050,1,2,3,,,2,79299,
vcomp_run1,vcomp,2026/04/14-17:10:30.124066,3,4,3,,,3,166975,
vcomp_run1,vcomp,2026/04/14-17:10:30.124085,1,2,5,,,5,313038,
vcomp_run1,vcomp,2026/04/14-17:10:30.124096,3,4,5,,,4,196962,
vcomp_run1,vcomp,2026/04/14-17:10:30.124112,3,4,4,,,4,207625,
vcomp_run1,vcomp,2026/04/14-17:10:30.124128,3,4,6,,,5,297026,
vcomp_run1,vcomp,2026/04/14-17:10:30.124146,1,2,6,,,6,344823,
vcomp_run1,vcomp,2026/04/14-17:10:30.124281,3,4,3,,,3,161850,
vcomp_run1,vcomp,2026/04/14-17:10:30.126814,1,2,6,,,6,332345,
vcomp_run1,vcomp,2026/04/14-17:10:30.128917,2,3,7,,,7,424010,
vcomp_run1,vcomp,2026/04/14-17:10:30.132299,2,3,7,,,8,411010,
vcomp_run1,vcomp,2026/04/14-17:10:30.134705,2,3,6,,,6,385248,
vcomp_run1,vcomp,2026/04/14-17:10:30.134723,2,3,7,,,6,355732,
vcomp_run1,vcomp,2026/04/14-17:10:30.134738,2,3,7,,,7,414155,
vcomp_run1,vcomp,2026/04/14-17:10:30.134754,0,1,12,,,13,779129,
vcomp_run1,vcomp,2026/04/14-17:10:30.134772,2,3,7,,,6,410251,
vcomp_run1,vcomp,2026/04/14-17:10:30.134891,2,3,7,,,8,477191,
vcomp_run1,vcomp,2026/04/14-17:10:30.137314,1,2,4,,,5,238324,
vcomp_run1,vcomp,2026/04/14-17:10:30.140902,1,2,5,,,5,273545,
vcomp_run1,vcomp,2026/04/14-17:10:30.143971,1,2,3,,,1,45430,
vcomp_run1,vcomp,2026/04/14-17:10:30.143984,1,2,4,,,4,243459,
vcomp_run1,vcomp,2026/04/14-17:10:30.143999,1,2,5,,,6,314503,
vcomp_run1,vcomp,2026/04/14-17:10:30.144013,3,4,3,,,2,103645,
vcomp_run1,vcomp,2026/04/14-17:10:30.144029,1,2,8,,,8,453587,
vcomp_run1,vcomp,2026/04/14-17:10:30.144042,3,4,2,,,2,97041,
vcomp_run1,vcomp,2026/04/14-17:10:30.144058,1,2,7,,,7,391183,
vcomp_run1,vcomp,2026/04/14-17:10:30.144070,3,4,2,,,2,83721,
vcomp_run1,vcomp,2026/04/14-17:10:30.144088,1,2,8,,,8,471692,
vcomp_run1,vcomp,2026/04/14-17:10:30.144099,3,4,3,,,3,157865,
vcomp_run1,vcomp,2026/04/14-17:10:30.144110,3,4,3,,,3,158544,
vcomp_run1,vcomp,2026/04/14-17:10:30.144128,3,4,5,,,4,248925,
vcomp_run1,vcomp,2026/04/14-17:10:30.144142,3,4,6,,,6,341391,
vcomp_run1,vcomp,2026/04/14-17:10:30.144518,3,4,5,,,4,244492,
vcomp_run1,vcomp,2026/04/14-17:10:30.145864,1,2,5,,,5,304188,
vcomp_run1,vcomp,2026/04/14-17:10:30.150311,2,3,3,,,3,160479,
vcomp_run1,vcomp,2026/04/14-17:10:30.153354,2,3,5,,,5,354188,
vcomp_run1,vcomp,2026/04/14-17:10:30.153369,2,3,6,,,7,426143,
vcomp_run1,vcomp,2026/04/14-17:10:30.153382,2,3,6,,,6,433977,
vcomp_run1,vcomp,2026/04/14-17:10:30.153396,2,3,5,,,5,334044,
vcomp_run1,vcomp,2026/04/14-17:10:30.153408,2,3,5,,,5,307536,
vcomp_run1,vcomp,2026/04/14-17:10:30.153426,0,1,12,,,12,778874,
vcomp_run1,vcomp,2026/04/14-17:10:30.153443,2,3,10,,,10,590799,
vcomp_run1,vcomp,2026/04/14-17:10:30.153466,2,3,6,,,6,403574,
vcomp_run1,vcomp,2026/04/14-17:10:30.153615,2,3,9,,,9,549237,
vcomp_run1,vcomp,2026/04/14-17:10:30.155968,1,2,2,,,2,108715,
vcomp_run1,vcomp,2026/04/14-17:10:30.159097,1,2,4,,,5,261621,
vcomp_run1,vcomp,2026/04/14-17:10:30.161943,1,2,2,,,2,114215,
vcomp_run1,vcomp,2026/04/14-17:10:30.161961,1,2,4,,,4,252446,
vcomp_run1,vcomp,2026/04/14-17:10:30.161974,1,2,6,,,6,319036,
vcomp_run1,vcomp,2026/04/14-17:10:30.161992,1,2,4,,,4,248960,
vcomp_run1,vcomp,2026/04/14-17:10:30.162007,3,4,3,,,3,177685,
vcomp_run1,vcomp,2026/04/14-17:10:30.162022,3,4,3,,,2,128613,
vcomp_run1,vcomp,2026/04/14-17:10:30.162035,3,4,3,,,3,173839,
vcomp_run1,vcomp,2026/04/14-17:10:30.162055,1,2,10,,,9,564917,
vcomp_run1,vcomp,2026/04/14-17:10:30.162072,3,4,3,,,3,144628,
vcomp_run1,vcomp,2026/04/14-17:10:30.162086,3,4,5,,,4,233922,
vcomp_run1,vcomp,2026/04/14-17:10:30.162106,3,4,6,,,5,293351,
vcomp_run1,vcomp,2026/04/14-17:10:30.162212,3,4,3,,,3,158928,
vcomp_run1,vcomp,2026/04/14-17:10:30.164651,1,2,6,,,6,351301,
vcomp_run1,vcomp,2026/04/14-17:10:30.167867,2,3,6,,,6,402837,
vcomp_run1,vcomp,2026/04/14-17:10:30.170377,2,3,3,,,3,177412,
vcomp_run1,vcomp,2026/04/14-17:10:30.170394,2,3,8,,,8,503563,
vcomp_run1,vcomp,2026/04/14-17:10:30.170409,2,3,7,,,6,465270,
vcomp_run1,vcomp,2026/04/14-17:10:30.170428,2,3,8,,,8,446938,
vcomp_run1,vcomp,2026/04/14-17:10:30.170455,2,3,8,,,8,467526,
vcomp_run1,vcomp,2026/04/14-17:10:30.170468,2,3,7,,,7,436117,
vcomp_run1,vcomp,2026/04/14-17:10:30.170487,2,3,7,,,8,472535,
vcomp_run1,vcomp,2026/04/14-17:10:30.170603,0,1,12,,,13,799660,
vcomp_run1,vcomp,2026/04/14-17:10:30.173168,1,2,4,,,4,237480,
vcomp_run1,vcomp,2026/04/14-17:10:30.176329,1,2,4,,,4,237799,
vcomp_run1,vcomp,2026/04/14-17:10:30.179037,1,2,3,,,3,164017,
vcomp_run1,vcomp,2026/04/14-17:10:30.179050,1,2,4,,,4,237393,
vcomp_run1,vcomp,2026/04/14-17:10:30.179064,1,2,6,,,5,329549,
vcomp_run1,vcomp,2026/04/14-17:10:30.179076,1,2,5,,,5,312891,
vcomp_run1,vcomp,2026/04/14-17:10:30.179089,1,2,6,,,6,362869,
vcomp_run1,vcomp,2026/04/14-17:10:30.179105,3,4,4,,,3,146442,
vcomp_run1,vcomp,2026/04/14-17:10:30.179118,3,4,3,,,2,109220,
vcomp_run1,vcomp,2026/04/14-17:10:30.179133,3,4,4,,,4,237176,
vcomp_run1,vcomp,2026/04/14-17:10:30.179149,3,4,3,,,3,162808,
vcomp_run1,vcomp,2026/04/14-17:10:30.179160,3,4,3,,,3,166321,
vcomp_run1,vcomp,2026/04/14-17:10:30.179429,3,4,4,,,4,198090,
vcomp_run1,vcomp,2026/04/14-17:10:30.179559,3,4,5,,,4,244858,
vcomp_run1,vcomp,2026/04/14-17:10:30.181161,1,2,5,,,5,283349,
vcomp_run1,vcomp,2026/04/14-17:10:30.184436,1,2,6,,,5,330846,
vcomp_run1,vcomp,2026/04/14-17:10:30.186574,2,3,4,,,3,218781,
vcomp_run1,vcomp,2026/04/14-17:10:30.186651,2,3,5,,,6,382152,
vcomp_run1,vcomp,2026/04/14-17:10:30.186668,0,0,8,,,8,524211,
vcomp_run1,vcomp,2026/04/14-17:10:30.187466,2,3,7,,,7,426755,
vcomp_run1,vcomp,2026/04/14-17:10:30.187588,2,3,5,,,4,236016,
vcomp_run1,vcomp,2026/04/14-17:10:30.189057,2,3,5,,,5,345119,
vcomp_run1,vcomp,2026/04/14-17:10:30.189842,2,3,8,,,7,439095,
vcomp_run1,vcomp,2026/04/14-17:10:30.189863,2,3,9,,,9,522856,
vcomp_run1,vcomp,2026/04/14-17:10:30.189883,2,3,8,,,9,516679,
vcomp_run1,vcomp,2026/04/14-17:10:30.190593,2,3,8,,,7,476551,
vcomp_run1,vcomp,2026/04/14-17:10:30.191817,0,0,6,,,6,393139,
vcomp_run1,vcomp,2026/04/14-17:10:30.193101,3,4,4,,,4,212294,
vcomp_run1,vcomp,2026/04/14-17:10:30.193205,3,4,4,,,4,208649,
vcomp_run1,vcomp,2026/04/14-17:10:30.193218,3,4,3,,,3,171855,
vcomp_run1,vcomp,2026/04/14-17:10:30.193234,3,4,3,,,3,145822,
vcomp_run1,vcomp,2026/04/14-17:10:30.193249,3,4,4,,,4,208988,
vcomp_run1,vcomp,2026/04/14-17:10:30.193266,3,4,3,,,3,161370,
vcomp_run1,vcomp,2026/04/14-17:10:30.193724,3,4,4,,,4,206530,
vcomp_run1,vcomp,2026/04/14-17:10:30.196302,0,1,16,,,16,1026284,
vcomp_run1,vcomp,2026/04/14-17:10:30.198097,1,2,2,,,2,111659,
vcomp_run1,vcomp,2026/04/14-17:10:30.199967,1,2,5,,,5,301075,
vcomp_run1,vcomp,2026/04/14-17:10:30.203693,1,2,4,,,4,231318,
vcomp_run1,vcomp,2026/04/14-17:10:30.206199,1,2,4,,,4,253108,
vcomp_run1,vcomp,2026/04/14-17:10:30.206212,1,2,4,,,4,259361,
vcomp_run1,vcomp,2026/04/14-17:10:30.206233,1,2,4,,,4,205570,
vcomp_run1,vcomp,2026/04/14-17:10:30.206252,1,2,4,,,3,210308,
vcomp_run1,vcomp,2026/04/14-17:10:30.206271,1,2,4,,,4,256919,
vcomp_run1,vcomp,2026/04/14-17:10:30.206288,1,2,5,,,6,348056,
vcomp_run1,vcomp,2026/04/14-17:10:30.206733,1,2,6,,,6,373796,
vcomp_run1,vcomp,2026/04/14-17:10:30.208865,2,3,5,,,5,308577,
vcomp_run1,vcomp,2026/04/14-17:10:30.211725,2,3,6,,,6,399551,
vcomp_run1,vcomp,2026/04/14-17:10:30.211736,2,3,4,,,5,253281,
vcomp_run1,vcomp,2026/04/14-17:10:30.211759,1,2,4,,,4,241458,
vcomp_run1,vcomp,2026/04/14-17:10:30.211774,2,3,6,,,6,331432,
vcomp_run1,vcomp,2026/04/14-17:10:30.211792,2,3,6,,,6,394198,
vcomp_run1,vcomp,2026/04/14-17:10:30.211809,1,2,5,,,5,292163,
vcomp_run1,vcomp,2026/04/14-17:10:30.211825,2,3,7,,,7,433654,
vcomp_run1,vcomp,2026/04/14-17:10:30.211842,2,3,8,,,6,453322,
vcomp_run1,vcomp,2026/04/14-17:10:30.212258,2,3,7,,,7,376408,
vcomp_run1,vcomp,2026/04/14-17:10:30.215108,2,3,5,,,4,279807,
vcomp_run1,vcomp,2026/04/14-17:10:30.217308,2,3,6,,,7,433162,
vcomp_run1,vcomp,2026/04/14-17:10:30.217323,2,3,7,,,6,335302,
vcomp_run1,vcomp,2026/04/14-17:10:30.217339,2,3,7,,,7,445072,
vcomp_run1,vcomp,2026/04/14-17:10:30.217355,2,3,8,,,8,558606,
vcomp_run1,vcomp,2026/04/14-17:10:30.217501,0,1,12,,,13,742558,
vcomp_run1,vcomp,2026/04/14-17:10:30.219759,1,2,4,,,5,257921,
vcomp_run1,vcomp,2026/04/14-17:10:30.223494,1,2,4,,,4,211993,
vcomp_run1,vcomp,2026/04/14-17:10:30.226921,1,2,4,,,4,255421,
vcomp_run1,vcomp,2026/04/14-17:10:30.226935,1,2,3,,,3,171112,
vcomp_run1,vcomp,2026/04/14-17:10:30.226953,1,2,4,,,4,245637,
vcomp_run1,vcomp,2026/04/14-17:10:30.226970,1,2,6,,,6,381840,
vcomp_run1,vcomp,2026/04/14-17:10:30.226993,3,4,2,,,2,90375,
vcomp_run1,vcomp,2026/04/14-17:10:30.227007,3,4,3,,,2,124321,
vcomp_run1,vcomp,2026/04/14-17:10:30.227022,3,4,2,,,2,93183,
vcomp_run1,vcomp,2026/04/14-17:10:30.227044,1,2,6,,,7,383035,
vcomp_run1,vcomp,2026/04/14-17:10:30.227056,3,4,4,,,3,166813,
vcomp_run1,vcomp,2026/04/14-17:10:30.227075,3,4,3,,,2,119014,
vcomp_run1,vcomp,2026/04/14-17:10:30.227089,3,4,3,,,3,169136,
vcomp_run1,vcomp,2026/04/14-17:10:30.227099,3,4,4,,,4,209395,
vcomp_run1,vcomp,2026/04/14-17:10:30.227117,3,4,6,,,5,275833,
vcomp_run1,vcomp,2026/04/14-17:10:30.227131,3,4,3,,,3,161568,
vcomp_run1,vcomp,2026/04/14-17:10:30.227147,3,4,3,,,3,157755,
vcomp_run1,vcomp,2026/04/14-17:10:30.227161,3,4,3,,,3,161591,
vcomp_run1,vcomp,2026/04/14-17:10:30.227785,3,4,6,,,5,282297,
vcomp_run1,vcomp,2026/04/14-17:10:30.229184,3,4,3,,,3,159795,
vcomp_run1,vcomp,2026/04/14-17:10:30.229301,3,4,5,,,4,210900,
vcomp_run1,vcomp,2026/04/14-17:10:30.229419,1,2,5,,,5,289019,
vcomp_run1,vcomp,2026/04/14-17:10:30.232937,2,3,3,,,3,180486,
vcomp_run1,vcomp,2026/04/14-17:10:30.235582,2,3,6,,,6,303541,
vcomp_run1,vcomp,2026/04/14-17:10:30.235606,0,1,13,,,13,775735,
vcomp_run1,vcomp,2026/04/14-17:10:30.235621,2,3,8,,,8,470375,
vcomp_run1,vcomp,2026/04/14-17:10:30.235639,2,3,4,,,4,237065,
vcomp_run1,vcomp,2026/04/14-17:10:30.235658,2,3,7,,,6,433958,
vcomp_run1,vcomp,2026/04/14-17:10:30.235676,2,3,6,,,8,466233,
vcomp_run1,vcomp,2026/04/14-17:10:30.235692,2,3,8,,,8,514567,
vcomp_run1,vcomp,2026/04/14-17:10:30.235823,2,3,7,,,7,420974,
vcomp_run1,vcomp,2026/04/14-17:10:30.238208,1,2,3,,,3,186382,
vcomp_run1,vcomp,2026/04/14-17:10:30.242022,1,2,4,,,4,262252,
vcomp_run1,vcomp,2026/04/14-17:10:30.244957,1,2,5,,,5,263295,
vcomp_run1,vcomp,2026/04/14-17:10:30.244970,1,2,5,,,5,272352,
vcomp_run1,vcomp,2026/04/14-17:10:30.244981,3,4,3,,,2,122921,
vcomp_run1,vcomp,2026/04/14-17:10:30.244994,1,2,4,,,4,243236,
vcomp_run1,vcomp,2026/04/14-17:10:30.245010,3,4,4,,,4,215732,
vcomp_run1,vcomp,2026/04/14-17:10:30.245021,1,2,4,,,4,242352,
vcomp_run1,vcomp,2026/04/14-17:10:30.245038,1,2,7,,,7,446167,
vcomp_run1,vcomp,2026/04/14-17:10:30.245052,3,4,3,,,3,161101,
vcomp_run1,vcomp,2026/04/14-17:10:30.245068,3,4,3,,,3,153604,
vcomp_run1,vcomp,2026/04/14-17:10:30.245079,3,4,3,,,3,160594,
vcomp_run1,vcomp,2026/04/14-17:10:30.245096,3,4,4,,,4,204180,
vcomp_run1,vcomp,2026/04/14-17:10:30.245545,3,4,6,,,5,311813,
vcomp_run1,vcomp,2026/04/14-17:10:30.245686,3,4,5,,,5,273085,
vcomp_run1,vcomp,2026/04/14-17:10:30.247037,1,2,6,,,6,376461,
vcomp_run1,vcomp,2026/04/14-17:10:30.250744,2,3,5,,,6,360637,
vcomp_run1,vcomp,2026/04/14-17:10:30.253537,2,3,6,,,6,389097,
vcomp_run1,vcomp,2026/04/14-17:10:30.253553,2,3,7,,,7,393934,
vcomp_run1,vcomp,2026/04/14-17:10:30.253573,2,3,8,,,8,477705,
vcomp_run1,vcomp,2026/04/14-17:10:30.253587,2,3,7,,,7,433218,
vcomp_run1,vcomp,2026/04/14-17:10:30.253604,2,3,7,,,7,412203,
vcomp_run1,vcomp,2026/04/14-17:10:30.253621,2,3,9,,,8,537439,
vcomp_run1,vcomp,2026/04/14-17:10:30.253639,2,3,7,,,7,444225,
vcomp_run1,vcomp,2026/04/14-17:10:30.253779,0,1,12,,,13,797552,
vcomp_run1,vcomp,2026/04/14-17:10:30.257817,1,2,5,,,4,264655,
vcomp_run1,vcomp,2026/04/14-17:10:30.260793,1,2,4,,,4,191493,
vcomp_run1,vcomp,2026/04/14-17:10:30.260805,1,2,3,,,4,195481,
vcomp_run1,vcomp,2026/04/14-17:10:30.260820,1,2,4,,,4,228953,
vcomp_run1,vcomp,2026/04/14-17:10:30.260834,3,4,3,,,2,123337,
vcomp_run1,vcomp,2026/04/14-17:10:30.260847,1,2,3,,,2,70980,
vcomp_run1,vcomp,2026/04/14-17:10:30.260864,3,4,4,,,4,213905,
vcomp_run1,vcomp,2026/04/14-17:10:30.260876,1,2,4,,,5,271202,
vcomp_run1,vcomp,2026/04/14-17:10:30.260893,3,4,4,,,3,183514,
vcomp_run1,vcomp,2026/04/14-17:10:30.260907,3,4,3,,,3,155978,
vcomp_run1,vcomp,2026/04/14-17:10:30.260925,3,4,3,,,3,160459,
vcomp_run1,vcomp,2026/04/14-17:10:30.260940,3,4,5,,,5,262645,
vcomp_run1,vcomp,2026/04/14-17:10:30.261341,1,2,6,,,6,360254,
vcomp_run1,vcomp,2026/04/14-17:10:30.263081,1,2,5,,,6,321115,
vcomp_run1,vcomp,2026/04/14-17:10:30.266255,1,2,5,,,4,242827,
vcomp_run1,vcomp,2026/04/14-17:10:30.268803,2,3,5,,,6,307933,
vcomp_run1,vcomp,2026/04/14-17:10:30.268819,1,2,5,,,5,293412,
vcomp_run1,vcomp,2026/04/14-17:10:30.268847,2,3,7,,,7,467644,
vcomp_run1,vcomp,2026/04/14-17:10:30.269336,2,3,6,,,5,324687,
vcomp_run1,vcomp,2026/04/14-17:10:30.269646,0,0,8,,,8,524230,
vcomp_run1,vcomp,2026/04/14-17:10:30.270785,2,3,4,,,4,271422,
vcomp_run1,vcomp,2026/04/14-17:10:30.273458,0,0,6,,,6,393158,
vcomp_run1,vcomp,2026/04/14-17:10:30.273471,2,3,6,,,6,363691,
vcomp_run1,vcomp,2026/04/14-17:10:30.273483,2,3,6,,,6,370113,
vcomp_run1,vcomp,2026/04/14-17:10:30.273497,2,3,7,,,6,393916,
vcomp_run1,vcomp,2026/04/14-17:10:30.273514,2,3,7,,,7,450350,
vcomp_run1,vcomp,2026/04/14-17:10:30.273933,2,3,7,,,7,470843,
vcomp_run1,vcomp,2026/04/14-17:10:30.275456,1,2,6,,,6,377606,
vcomp_run1,vcomp,2026/04/14-17:10:30.275586,1,2,6,,,6,379169,
vcomp_run1,vcomp,2026/04/14-17:10:30.278100,2,3,8,,,9,529026,
vcomp_run1,vcomp,2026/04/14-17:10:30.280141,2,3,8,,,7,477562,
vcomp_run1,vcomp,2026/04/14-17:10:30.280700,0,1,13,,,14,868051,
vcomp_run1,vcomp,2026/04/14-17:10:30.282069,3,4,3,,,3,165670,
vcomp_run1,vcomp,2026/04/14-17:10:30.282081,3,4,3,,,3,165149,
vcomp_run1,vcomp,2026/04/14-17:10:30.282185,3,4,3,,,3,161957,
vcomp_run1,vcomp,2026/04/14-17:10:30.285901,1,2,3,,,3,199629,
vcomp_run1,vcomp,2026/04/14-17:10:30.289002,1,2,2,,,2,105801,
vcomp_run1,vcomp,2026/04/14-17:10:30.289014,1,2,5,,,4,248594,
vcomp_run1,vcomp,2026/04/14-17:10:30.289032,1,2,5,,,5,285214,
vcomp_run1,vcomp,2026/04/14-17:10:30.289045,1,2,5,,,5,314557,
vcomp_run1,vcomp,2026/04/14-17:10:30.289060,1,2,4,,,4,218861,
vcomp_run1,vcomp,2026/04/14-17:10:30.289076,3,4,3,,,2,107832,
vcomp_run1,vcomp,2026/04/14-17:10:30.289090,1,2,6,,,7,402202,
vcomp_run1,vcomp,2026/04/14-17:10:30.289107,3,4,4,,,4,241052,
vcomp_run1,vcomp,2026/04/14-17:10:30.289119,3,4,4,,,4,212458,
vcomp_run1,vcomp,2026/04/14-17:10:30.289136,3,4,4,,,3,192833,
vcomp_run1,vcomp,2026/04/14-17:10:30.289151,3,4,4,,,3,152229,
vcomp_run1,vcomp,2026/04/14-17:10:30.289167,1,2,10,,,10,589781,
vcomp_run1,vcomp,2026/04/14-17:10:30.289180,3,4,4,,,4,234827,
vcomp_run1,vcomp,2026/04/14-17:10:30.289754,3,4,5,,,5,287342,
vcomp_run1,vcomp,2026/04/14-17:10:30.291152,1,2,5,,,5,305751,
vcomp_run1,vcomp,2026/04/14-17:10:30.293635,2,3,4,,,3,195108,
vcomp_run1,vcomp,2026/04/14-17:10:30.296840,2,3,4,,,4,239406,
vcomp_run1,vcomp,2026/04/14-17:10:30.299381,2,3,3,,,2,112493,
vcomp_run1,vcomp,2026/04/14-17:10:30.299395,2,3,7,,,7,412218,
vcomp_run1,vcomp,2026/04/14-17:10:30.299408,2,3,7,,,6,443562,
vcomp_run1,vcomp,2026/04/14-17:10:30.299427,2,3,6,,,6,385195,
vcomp_run1,vcomp,2026/04/14-17:10:30.299443,2,3,8,,,8,493697,
vcomp_run1,vcomp,2026/04/14-17:10:30.299459,2,3,8,,,8,488386,
vcomp_run1,vcomp,2026/04/14-17:10:30.299487,0,1,13,,,13,816704,
vcomp_run1,vcomp,2026/04/14-17:10:30.299653,2,3,6,,,6,342344,
vcomp_run1,vcomp,2026/04/14-17:10:30.301944,1,2,2,,,2,112445,
vcomp_run1,vcomp,2026/04/14-17:10:30.305681,1,2,3,,,3,188576,
vcomp_run1,vcomp,2026/04/14-17:10:30.305697,1,2,3,,,2,119802,
vcomp_run1,vcomp,2026/04/14-17:10:30.308626,1,2,5,,,5,295725,
vcomp_run1,vcomp,2026/04/14-17:10:30.308647,1,2,4,,,4,237638,
vcomp_run1,vcomp,2026/04/14-17:10:30.308657,3,4,3,,,3,136962,
vcomp_run1,vcomp,2026/04/14-17:10:30.308685,1,2,7,,,8,447262,
vcomp_run1,vcomp,2026/04/14-17:10:30.308704,3,4,3,,,3,145752,
vcomp_run1,vcomp,2026/04/14-17:10:30.308717,3,4,4,,,4,223758,
vcomp_run1,vcomp,2026/04/14-17:10:30.308732,3,4,4,,,4,207966,
vcomp_run1,vcomp,2026/04/14-17:10:30.308747,3,4,3,,,3,147869,
vcomp_run1,vcomp,2026/04/14-17:10:30.308762,1,2,7,,,6,330461,
vcomp_run1,vcomp,2026/04/14-17:10:30.308782,3,4,3,,,3,143874,
vcomp_run1,vcomp,2026/04/14-17:10:30.308799,3,4,4,,,4,229706,
vcomp_run1,vcomp,2026/04/14-17:10:30.309007,3,4,5,,,5,291764,
vcomp_run1,vcomp,2026/04/14-17:10:30.310710,1,2,4,,,4,254389,
vcomp_run1,vcomp,2026/04/14-17:10:30.313963,1,2,4,,,4,230726,
vcomp_run1,vcomp,2026/04/14-17:10:30.316353,2,3,5,,,5,296053,
vcomp_run1,vcomp,2026/04/14-17:10:30.316368,2,3,4,,,3,214003,
vcomp_run1,vcomp,2026/04/14-17:10:30.316383,2,3,7,,,7,458375,
vcomp_run1,vcomp,2026/04/14-17:10:30.316395,2,3,9,,,7,501647,
vcomp_run1,vcomp,2026/04/14-17:10:30.316412,0,0,8,,,8,524223,
vcomp_run1,vcomp,2026/04/14-17:10:30.316529,1,2,10,,,9,530884,
vcomp_run1,vcomp,2026/04/14-17:10:30.321345,0,0,5,,,5,327615,
vcomp_run1,vcomp,2026/04/14-17:10:30.321362,2,3,4,,,4,263650,
vcomp_run1,vcomp,2026/04/14-17:10:30.321378,2,3,6,,,6,380786,
vcomp_run1,vcomp,2026/04/14-17:10:30.321394,2,3,6,,,6,423447,
vcomp_run1,vcomp,2026/04/14-17:10:30.321409,2,3,7,,,7,420921,
vcomp_run1,vcomp,2026/04/14-17:10:30.321425,2,3,8,,,6,458889,
vcomp_run1,vcomp,2026/04/14-17:10:30.321440,2,3,8,,,7,425748,
vcomp_run1,vcomp,2026/04/14-17:10:30.321886,2,3,8,,,8,481184,
vcomp_run1,vcomp,2026/04/14-17:10:30.323976,1,2,6,,,6,351503,
vcomp_run1,vcomp,2026/04/14-17:10:30.324284,1,2,7,,,7,443511,
vcomp_run1,vcomp,2026/04/14-17:10:30.324755,1,2,9,,,9,526391,
vcomp_run1,vcomp,2026/04/14-17:10:30.326375,2,3,8,,,7,444033,
vcomp_run1,vcomp,2026/04/14-17:10:30.328732,2,3,5,,,5,327870,
vcomp_run1,vcomp,2026/04/14-17:10:30.328753,0,1,12,,,14,790819,
vcomp_run1,vcomp,2026/04/14-17:10:30.328868,2,3,8,,,7,506209,
vcomp_run1,vcomp,2026/04/14-17:10:30.330890,1,2,3,,,3,168693,
vcomp_run1,vcomp,2026/04/14-17:10:30.332824,1,2,4,,,4,259380,
vcomp_run1,vcomp,2026/04/14-17:10:30.336598,1,2,3,,,3,165653,
vcomp_run1,vcomp,2026/04/14-17:10:30.339972,1,2,2,,,2,101159,
vcomp_run1,vcomp,2026/04/14-17:10:30.339987,1,2,2,,,2,120098,
vcomp_run1,vcomp,2026/04/14-17:10:30.340004,1,2,4,,,4,237942,
vcomp_run1,vcomp,2026/04/14-17:10:30.340019,1,2,4,,,4,251038,
vcomp_run1,vcomp,2026/04/14-17:10:30.340036,1,2,4,,,4,222534,
vcomp_run1,vcomp,2026/04/14-17:10:30.340048,1,2,3,,,2,93038,
vcomp_run1,vcomp,2026/04/14-17:10:30.340065,3,4,2,,,2,90088,
vcomp_run1,vcomp,2026/04/14-17:10:30.340080,3,4,3,,,3,131322,
vcomp_run1,vcomp,2026/04/14-17:10:30.340097,1,2,7,,,7,447053,
vcomp_run1,vcomp,2026/04/14-17:10:30.340112,3,4,5,,,4,251642,
vcomp_run1,vcomp,2026/04/14-17:10:30.340124,3,4,4,,,3,143529,
vcomp_run1,vcomp,2026/04/14-17:10:30.340139,3,4,3,,,2,123296,
vcomp_run1,vcomp,2026/04/14-17:10:30.340155,3,4,4,,,4,201303,
vcomp_run1,vcomp,2026/04/14-17:10:30.340164,3,4,3,,,3,167674,
vcomp_run1,vcomp,2026/04/14-17:10:30.340184,3,4,4,,,4,226942,
vcomp_run1,vcomp,2026/04/14-17:10:30.340198,3,4,4,,,4,202408,
vcomp_run1,vcomp,2026/04/14-17:10:30.340212,3,4,4,,,3,160521,
vcomp_run1,vcomp,2026/04/14-17:10:30.340888,3,4,3,,,2,126556,
vcomp_run1,vcomp,2026/04/14-17:10:30.342330,3,4,4,,,4,235676,
vcomp_run1,vcomp,2026/04/14-17:10:30.342344,3,4,4,,,4,226048,
vcomp_run1,vcomp,2026/04/14-17:10:30.342457,3,4,4,,,4,201935,
vcomp_run1,vcomp,2026/04/14-17:10:30.342578,1,2,8,,,9,503508,
vcomp_run1,vcomp,2026/04/14-17:10:30.345966,2,3,6,,,6,335432,
vcomp_run1,vcomp,2026/04/14-17:10:30.348831,2,3,4,,,4,237085,
vcomp_run1,vcomp,2026/04/14-17:10:30.348847,2,3,6,,,6,413430,
vcomp_run1,vcomp,2026/04/14-17:10:30.348864,2,3,6,,,7,460068,
vcomp_run1,vcomp,2026/04/14-17:10:30.348882,2,3,7,,,7,439222,
vcomp_run1,vcomp,2026/04/14-17:10:30.348899,2,3,8,,,7,426401,
vcomp_run1,vcomp,2026/04/14-17:10:30.348920,0,1,11,,,12,721961,
vcomp_run1,vcomp,2026/04/14-17:10:30.348935,2,3,7,,,6,449430,
vcomp_run1,vcomp,2026/04/14-17:10:30.348952,2,3,8,,,8,471181,
vcomp_run1,vcomp,2026/04/14-17:10:30.349091,2,3,7,,,8,464067,
vcomp_run1,vcomp,2026/04/14-17:10:30.353256,1,2,3,,,3,181977,
vcomp_run1,vcomp,2026/04/14-17:10:30.356350,1,2,4,,,4,210697,
vcomp_run1,vcomp,2026/04/14-17:10:30.356363,1,2,3,,,3,177190,
vcomp_run1,vcomp,2026/04/14-17:10:30.356382,3,4,3,,,2,124042,
vcomp_run1,vcomp,2026/04/14-17:10:30.356392,3,4,3,,,2,100903,
vcomp_run1,vcomp,2026/04/14-17:10:30.356405,3,4,3,,,3,153893,
vcomp_run1,vcomp,2026/04/14-17:10:30.356421,1,2,6,,,6,376980,
vcomp_run1,vcomp,2026/04/14-17:10:30.356436,1,2,6,,,6,376109,
vcomp_run1,vcomp,2026/04/14-17:10:30.356449,3,4,3,,,3,136083,
vcomp_run1,vcomp,2026/04/14-17:10:30.356465,1,2,7,,,7,403016,
vcomp_run1,vcomp,2026/04/14-17:10:30.356481,3,4,4,,,3,171456,
vcomp_run1,vcomp,2026/04/14-17:10:30.356495,3,4,6,,,5,276332,
vcomp_run1,vcomp,2026/04/14-17:10:30.356508,3,4,5,,,4,248362,
vcomp_run1,vcomp,2026/04/14-17:10:30.356670,3,4,4,,,4,197375,
vcomp_run1,vcomp,2026/04/14-17:10:30.360803,1,2,3,,,3,121799,
vcomp_run1,vcomp,2026/04/14-17:10:30.363292,0,0,8,,,8,524230,
vcomp_run1,vcomp,2026/04/14-17:10:30.363613,1,2,7,,,6,370070,
vcomp_run1,vcomp,2026/04/14-17:10:30.365047,2,3,6,,,6,310744,
vcomp_run1,vcomp,2026/04/14-17:10:30.365464,2,3,5,,,6,339730,
vcomp_run1,vcomp,2026/04/14-17:10:30.368081,2,3,5,,,5,288930,
vcomp_run1,vcomp,2026/04/14-17:10:30.368092,0,1,4,,,5,267588,
vcomp_run1,vcomp,2026/04/14-17:10:30.368107,2,3,7,,,6,383553,
vcomp_run1,vcomp,2026/04/14-17:10:30.368127,0,0,5,,,5,327622,
vcomp_run1,vcomp,2026/04/14-17:10:30.368139,2,3,7,,,8,410396,
vcomp_run1,vcomp,2026/04/14-17:10:30.368153,2,3,8,,,7,486630,
vcomp_run1,vcomp,2026/04/14-17:10:30.368171,2,3,8,,,9,478500,
vcomp_run1,vcomp,2026/04/14-17:10:30.368573,2,3,8,,,7,450094,
vcomp_run1,vcomp,2026/04/14-17:10:30.371258,1,2,5,,,4,226753,
vcomp_run1,vcomp,2026/04/14-17:10:30.373277,3,4,3,,,2,96649,
vcomp_run1,vcomp,2026/04/14-17:10:30.375259,2,3,7,,,7,448805,
vcomp_run1,vcomp,2026/04/14-17:10:30.375267,3,4,3,,,2,108792,
vcomp_run1,vcomp,2026/04/14-17:10:30.375402,0,1,16,,,17,967600,
vcomp_run1,vcomp,2026/04/14-17:10:30.379358,1,2,2,,,2,114905,
vcomp_run1,vcomp,2026/04/14-17:10:30.382752,1,2,4,,,4,240148,
vcomp_run1,vcomp,2026/04/14-17:10:30.382766,1,2,5,,,5,324329,
vcomp_run1,vcomp,2026/04/14-17:10:30.382782,3,4,3,,,3,142721,
vcomp_run1,vcomp,2026/04/14-17:10:30.382796,3,4,4,,,4,200117,
vcomp_run1,vcomp,2026/04/14-17:10:30.382808,3,4,4,,,3,179407,
vcomp_run1,vcomp,2026/04/14-17:10:30.382828,1,2,5,,,5,278484,
vcomp_run1,vcomp,2026/04/14-17:10:30.382850,3,4,4,,,4,206129,
vcomp_run1,vcomp,2026/04/14-17:10:30.382865,3,4,4,,,4,216906,
vcomp_run1,vcomp,2026/04/14-17:10:30.382874,1,2,4,,,4,255246,
vcomp_run1,vcomp,2026/04/14-17:10:30.382891,1,2,4,,,4,210425,
vcomp_run1,vcomp,2026/04/14-17:10:30.382895,1,2,3,,,3,177056,
vcomp_run1,vcomp,2026/04/14-17:10:30.382911,1,2,3,,,4,187212,
vcomp_run1,vcomp,2026/04/14-17:10:30.383473,3,4,4,,,4,239657,
vcomp_run1,vcomp,2026/04/14-17:10:30.383660,1,2,5,,,5,329199,
vcomp_run1,vcomp,2026/04/14-17:10:30.385061,1,2,4,,,4,245821,
vcomp_run1,vcomp,2026/04/14-17:10:30.387468,1,2,5,,,4,252564,
vcomp_run1,vcomp,2026/04/14-17:10:30.387712,1,2,3,,,3,173180,
vcomp_run1,vcomp,2026/04/14-17:10:30.388116,1,2,6,,,6,361521,
vcomp_run1,vcomp,2026/04/14-17:10:30.390706,0,1,12,,,12,732424,
vcomp_run1,vcomp,2026/04/14-17:10:30.394150,2,3,5,,,5,321738,
vcomp_run1,vcomp,2026/04/14-17:10:30.394169,2,3,8,,,7,478572,
vcomp_run1,vcomp,2026/04/14-17:10:30.394184,2,3,6,,,6,354389,
vcomp_run1,vcomp,2026/04/14-17:10:30.394199,2,3,6,,,4,274237,
vcomp_run1,vcomp,2026/04/14-17:10:30.394214,2,3,4,,,4,232247,
vcomp_run1,vcomp,2026/04/14-17:10:30.394230,2,3,6,,,7,361531,
vcomp_run1,vcomp,2026/04/14-17:10:30.394248,2,3,7,,,6,408173,
vcomp_run1,vcomp,2026/04/14-17:10:30.394263,2,3,5,,,6,352783,
vcomp_run1,vcomp,2026/04/14-17:10:30.394290,2,3,8,,,7,490711,
vcomp_run1,vcomp,2026/04/14-17:10:30.394307,2,3,7,,,8,423833,
vcomp_run1,vcomp,2026/04/14-17:10:30.394321,2,3,8,,,8,480035,
vcomp_run1,vcomp,2026/04/14-17:10:30.394718,2,3,5,,,4,322573,
vcomp_run1,vcomp,2026/04/14-17:10:30.396678,1,2,3,,,3,188109,
vcomp_run1,vcomp,2026/04/14-17:10:30.396696,1,2,6,,,6,342527,
vcomp_run1,vcomp,2026/04/14-17:10:30.396835,1,2,6,,,5,342986,
vcomp_run1,vcomp,2026/04/14-17:10:30.400927,1,2,2,,,2,106638,
vcomp_run1,vcomp,2026/04/14-17:10:30.404255,1,2,3,,,2,102445,
vcomp_run1,vcomp,2026/04/14-17:10:30.404265,3,4,3,,,2,127351,
vcomp_run1,vcomp,2026/04/14-17:10:30.404279,3,4,2,,,2,93699,
vcomp_run1,vcomp,2026/04/14-17:10:30.404297,1,2,4,,,4,256452,
vcomp_run1,vcomp,2026/04/14-17:10:30.404315,1,2,5,,,6,347888,
vcomp_run1,vcomp,2026/04/14-17:10:30.404330,1,2,5,,,6,326259,
vcomp_run1,vcomp,2026/04/14-17:10:30.404348,3,4,2,,,2,93747,
vcomp_run1,vcomp,2026/04/14-17:10:30.404364,3,4,4,,,4,223683,
vcomp_run1,vcomp,2026/04/14-17:10:30.404375,3,4,3,,,3,134433,
vcomp_run1,vcomp,2026/04/14-17:10:30.404394,1,2,9,,,8,492756,
vcomp_run1,vcomp,2026/04/14-17:10:30.404406,3,4,3,,,3,158513,
vcomp_run1,vcomp,2026/04/14-17:10:30.404417,3,4,4,,,4,217780,
vcomp_run1,vcomp,2026/04/14-17:10:30.404432,3,4,3,,,3,138756,
vcomp_run1,vcomp,2026/04/14-17:10:30.404446,3,4,3,,,3,146782,
vcomp_run1,vcomp,2026/04/14-17:10:30.404462,3,4,3,,,3,159706,
vcomp_run1,vcomp,2026/04/14-17:10:30.404834,3,4,4,,,3,177457,
vcomp_run1,vcomp,2026/04/14-17:10:30.406273,3,4,4,,,4,231390,
vcomp_run1,vcomp,2026/04/14-17:10:30.406387,3,4,5,,,5,270054,
vcomp_run1,vcomp,2026/04/14-17:10:30.410656,2,3,3,,,3,181566,
vcomp_run1,vcomp,2026/04/14-17:10:30.413410,2,3,4,,,4,234958,
vcomp_run1,vcomp,2026/04/14-17:10:30.413425,2,3,5,,,5,341763,
vcomp_run1,vcomp,2026/04/14-17:10:30.413439,2,3,6,,,6,402348,
vcomp_run1,vcomp,2026/04/14-17:10:30.413452,2,3,6,,,8,461203,
vcomp_run1,vcomp,2026/04/14-17:10:30.413468,2,3,9,,,9,509273,
vcomp_run1,vcomp,2026/04/14-17:10:30.413484,2,3,8,,,8,548261,
vcomp_run1,vcomp,2026/04/14-17:10:30.413498,2,3,8,,,9,529501,
vcomp_run1,vcomp,2026/04/14-17:10:30.413623,0,1,11,,,13,729677,
vcomp_run1,vcomp,2026/04/14-17:10:30.415942,1,2,3,,,3,178961,
vcomp_run1,vcomp,2026/04/14-17:10:30.419333,1,2,5,,,5,277339,
vcomp_run1,vcomp,2026/04/14-17:10:30.422432,1,2,4,,,4,242280,
vcomp_run1,vcomp,2026/04/14-17:10:30.422443,1,2,4,,,4,188489,
vcomp_run1,vcomp,2026/04/14-17:10:30.422456,1,2,5,,,5,306477,
vcomp_run1,vcomp,2026/04/14-17:10:30.422473,1,2,7,,,7,398109,
vcomp_run1,vcomp,2026/04/14-17:10:30.422488,1,2,3,,,2,106080,
vcomp_run1,vcomp,2026/04/14-17:10:30.422504,3,4,4,,,3,186561,
vcomp_run1,vcomp,2026/04/14-17:10:30.422520,3,4,3,,,3,151578,
vcomp_run1,vcomp,2026/04/14-17:10:30.422541,3,4,4,,,3,157993,
vcomp_run1,vcomp,2026/04/14-17:10:30.422552,3,4,4,,,3,195080,
vcomp_run1,vcomp,2026/04/14-17:10:30.422567,3,4,3,,,3,134585,
vcomp_run1,vcomp,2026/04/14-17:10:30.422581,3,4,3,,,3,157140,
vcomp_run1,vcomp,2026/04/14-17:10:30.422596,3,4,4,,,3,194334,
vcomp_run1,vcomp,2026/04/14-17:10:30.422881,3,4,6,,,6,332701,
vcomp_run1,vcomp,2026/04/14-17:10:30.422986,1,2,6,,,6,355997,
vcomp_run1,vcomp,2026/04/14-17:10:30.424493,1,2,6,,,7,395060,
vcomp_run1,vcomp,2026/04/14-17:10:30.427736,2,3,3,,,3,193781,
vcomp_run1,vcomp,2026/04/14-17:10:30.430577,2,3,5,,,6,335372,
vcomp_run1,vcomp,2026/04/14-17:10:30.430598,2,3,6,,,6,433362,
vcomp_run1,vcomp,2026/04/14-17:10:30.430612,2,3,8,,,8,503003,
vcomp_run1,vcomp,2026/04/14-17:10:30.430630,2,3,7,,,7,464404,
vcomp_run1,vcomp,2026/04/14-17:10:30.430647,2,3,8,,,9,504715,
vcomp_run1,vcomp,2026/04/14-17:10:30.430662,2,3,6,,,6,427688,
vcomp_run1,vcomp,2026/04/14-17:10:30.430677,2,3,7,,,7,475025,
vcomp_run1,vcomp,2026/04/14-17:10:30.430813,0,1,12,,,12,765192,
vcomp_run1,vcomp,2026/04/14-17:10:30.434713,1,2,3,,,3,192258,
vcomp_run1,vcomp,2026/04/14-17:10:30.437542,3,4,3,,,2,103045,
vcomp_run1,vcomp,2026/04/14-17:10:30.437561,1,2,7,,,7,421665,
vcomp_run1,vcomp,2026/04/14-17:10:30.437575,1,2,4,,,4,262967,
vcomp_run1,vcomp,2026/04/14-17:10:30.437589,3,4,4,,,4,212988,
vcomp_run1,vcomp,2026/04/14-17:10:30.437608,1,2,4,,,4,250754,
vcomp_run1,vcomp,2026/04/14-17:10:30.437625,3,4,4,,,4,203539,
vcomp_run1,vcomp,2026/04/14-17:10:30.437640,3,4,4,,,3,164079,
vcomp_run1,vcomp,2026/04/14-17:10:30.437653,3,4,3,,,3,157681,
vcomp_run1,vcomp,2026/04/14-17:10:30.437671,3,4,5,,,5,268457,
vcomp_run1,vcomp,2026/04/14-17:10:30.437689,3,4,5,,,5,267174,
vcomp_run1,vcomp,2026/04/14-17:10:30.437853,1,2,7,,,6,393264,
vcomp_run1,vcomp,2026/04/14-17:10:30.440241,1,2,5,,,5,300548,
vcomp_run1,vcomp,2026/04/14-17:10:30.443862,1,2,6,,,6,387914,
vcomp_run1,vcomp,2026/04/14-17:10:30.445757,1,2,6,,,7,382822,
vcomp_run1,vcomp,2026/04/14-17:10:30.446328,0,0,8,,,8,524218,
vcomp_run1,vcomp,2026/04/14-17:10:30.447678,2,3,5,,,5,308535,
vcomp_run1,vcomp,2026/04/14-17:10:30.447692,2,3,5,,,5,349628,
vcomp_run1,vcomp,2026/04/14-17:10:30.448133,2,3,6,,,6,333123,
vcomp_run1,vcomp,2026/04/14-17:10:30.450909,0,1,2,,,3,129600,
vcomp_run1,vcomp,2026/04/14-17:10:30.450928,2,3,5,,,6,318845,
vcomp_run1,vcomp,2026/04/14-17:10:30.450942,0,0,7,,,7,458682,
vcomp_run1,vcomp,2026/04/14-17:10:30.450960,2,3,7,,,7,434019,
vcomp_run1,vcomp,2026/04/14-17:10:30.450978,2,3,7,,,7,456709,
vcomp_run1,vcomp,2026/04/14-17:10:30.450993,2,3,7,,,8,443292,
vcomp_run1,vcomp,2026/04/14-17:10:30.451291,2,3,7,,,6,422659,
vcomp_run1,vcomp,2026/04/14-17:10:30.451408,2,3,9,,,8,509260,
vcomp_run1,vcomp,2026/04/14-17:10:30.454815,0,1,3,,,4,200882,
vcomp_run1,vcomp,2026/04/14-17:10:30.457412,3,4,2,,,2,93992,
vcomp_run1,vcomp,2026/04/14-17:10:30.457426,3,4,4,,,3,171204,
vcomp_run1,vcomp,2026/04/14-17:10:30.457440,3,4,4,,,3,188721,
vcomp_run1,vcomp,2026/04/14-17:10:30.457460,0,0,5,,,5,327610,
vcomp_run1,vcomp,2026/04/14-17:10:30.457474,3,4,3,,,3,169446,
vcomp_run1,vcomp,2026/04/14-17:10:30.457490,3,4,4,,,3,177777,
vcomp_run1,vcomp,2026/04/14-17:10:30.457505,3,4,3,,,3,159058,
vcomp_run1,vcomp,2026/04/14-17:10:30.457518,3,4,5,,,4,254323,
vcomp_run1,vcomp,2026/04/14-17:10:30.458272,3,4,4,,,3,167268,
vcomp_run1,vcomp,2026/04/14-17:10:30.459713,1,2,3,,,3,169283,
vcomp_run1,vcomp,2026/04/14-17:10:30.459727,1,2,4,,,4,204303,
vcomp_run1,vcomp,2026/04/14-17:10:30.459837,1,2,4,,,4,197822,
vcomp_run1,vcomp,2026/04/14-17:10:30.463670,2,3,4,,,4,273081,
vcomp_run1,vcomp,2026/04/14-17:10:30.463829,2,3,7,,,7,448986,
vcomp_run1,vcomp,2026/04/14-17:10:30.464065,0,1,15,,,14,849020,
vcomp_run1,vcomp,2026/04/14-17:10:30.466217,1,2,2,,,3,123934,
vcomp_run1,vcomp,2026/04/14-17:10:30.468789,1,2,3,,,3,178239,
vcomp_run1,vcomp,2026/04/14-17:10:30.468805,1,2,5,,,5,303151,
vcomp_run1,vcomp,2026/04/14-17:10:30.468819,1,2,4,,,4,240903,
vcomp_run1,vcomp,2026/04/14-17:10:30.468831,1,2,6,,,7,367878,
vcomp_run1,vcomp,2026/04/14-17:10:30.468849,1,2,3,,,3,175589,
vcomp_run1,vcomp,2026/04/14-17:10:30.468859,3,4,4,,,4,208530,
vcomp_run1,vcomp,2026/04/14-17:10:30.468882,1,2,7,,,6,381097,
vcomp_run1,vcomp,2026/04/14-17:10:30.469024,3,4,5,,,4,248538,
vcomp_run1,vcomp,2026/04/14-17:10:30.472379,1,2,4,,,4,231000,
vcomp_run1,vcomp,2026/04/14-17:10:30.474411,1,2,4,,,3,189006,
vcomp_run1,vcomp,2026/04/14-17:10:30.474427,1,2,6,,,6,340672,
vcomp_run1,vcomp,2026/04/14-17:10:30.474448,0,0,8,,,8,524212,
vcomp_run1,vcomp,2026/04/14-17:10:30.474815,1,2,6,,,5,308992,
vcomp_run1,vcomp,2026/04/14-17:10:30.476956,0,1,3,,,3,202743,
vcomp_run1,vcomp,2026/04/14-17:10:30.480275,0,0,6,,,6,393140,
vcomp_run1,vcomp,2026/04/14-17:10:30.480295,2,3,7,,,7,432567,
vcomp_run1,vcomp,2026/04/14-17:10:30.480308,2,3,5,,,4,278140,
vcomp_run1,vcomp,2026/04/14-17:10:30.480323,2,3,6,,,6,329065,
vcomp_run1,vcomp,2026/04/14-17:10:30.480338,2,3,6,,,6,361581,
vcomp_run1,vcomp,2026/04/14-17:10:30.480354,2,3,5,,,6,353276,
vcomp_run1,vcomp,2026/04/14-17:10:30.480370,2,3,6,,,7,431438,
vcomp_run1,vcomp,2026/04/14-17:10:30.480392,2,3,8,,,7,414522,
vcomp_run1,vcomp,2026/04/14-17:10:30.480406,2,3,6,,,7,449103,
vcomp_run1,vcomp,2026/04/14-17:10:30.480668,2,3,7,,,7,418616,
vcomp_run1,vcomp,2026/04/14-17:10:30.480687,2,3,6,,,6,418151,
vcomp_run1,vcomp,2026/04/14-17:10:30.480813,2,3,7,,,7,443501,
vcomp_run1,vcomp,2026/04/14-17:10:30.481950,1,2,5,,,5,317698,
vcomp_run1,vcomp,2026/04/14-17:10:30.483978,3,4,3,,,2,119439,
vcomp_run1,vcomp,2026/04/14-17:10:30.486425,3,4,3,,,3,175846,
vcomp_run1,vcomp,2026/04/14-17:10:30.486436,3,4,3,,,3,178762,
vcomp_run1,vcomp,2026/04/14-17:10:30.486451,3,4,3,,,3,141296,
vcomp_run1,vcomp,2026/04/14-17:10:30.486466,3,4,3,,,3,162796,
vcomp_run1,vcomp,2026/04/14-17:10:30.486483,0,1,14,,,14,928253,
vcomp_run1,vcomp,2026/04/14-17:10:30.486626,2,3,5,,,5,316775,
vcomp_run1,vcomp,2026/04/14-17:10:30.489003,1,2,2,,,2,108453,
vcomp_run1,vcomp,2026/04/14-17:10:30.493023,1,2,4,,,4,237515,
vcomp_run1,vcomp,2026/04/14-17:10:30.495799,3,4,4,,,3,134519,
vcomp_run1,vcomp,2026/04/14-17:10:30.495818,1,2,4,,,4,254507,
vcomp_run1,vcomp,2026/04/14-17:10:30.495830,3,4,3,,,3,143538,
vcomp_run1,vcomp,2026/04/14-17:10:30.495842,3,4,3,,,3,134778,
vcomp_run1,vcomp,2026/04/14-17:10:30.495860,1,2,6,,,6,399647,
vcomp_run1,vcomp,2026/04/14-17:10:30.495877,1,2,5,,,6,318627,
vcomp_run1,vcomp,2026/04/14-17:10:30.495901,3,4,3,,,3,141134,
vcomp_run1,vcomp,2026/04/14-17:10:30.495909,3,4,3,,,3,156974,
vcomp_run1,vcomp,2026/04/14-17:10:30.495925,3,4,5,,,4,261492,
vcomp_run1,vcomp,2026/04/14-17:10:30.496193,1,2,4,,,4,230898,
vcomp_run1,vcomp,2026/04/14-17:10:30.496337,1,2,6,,,6,353744,
vcomp_run1,vcomp,2026/04/14-17:10:30.498091,1,2,3,,,3,177211,
vcomp_run1,vcomp,2026/04/14-17:10:30.500014,1,2,5,,,5,274463,
vcomp_run1,vcomp,2026/04/14-17:10:30.501365,1,2,4,,,4,232000,
vcomp_run1,vcomp,2026/04/14-17:10:30.502647,2,3,5,,,6,308562,
vcomp_run1,vcomp,2026/04/14-17:10:30.502662,2,3,6,,,6,392979,
vcomp_run1,vcomp,2026/04/14-17:10:30.503083,2,3,6,,,7,402213,
vcomp_run1,vcomp,2026/04/14-17:10:30.506136,2,3,6,,,6,354469,
vcomp_run1,vcomp,2026/04/14-17:10:30.506152,2,3,8,,,6,411000,
vcomp_run1,vcomp,2026/04/14-17:10:30.506169,2,3,7,,,7,405818,
vcomp_run1,vcomp,2026/04/14-17:10:30.506187,2,3,7,,,7,383804,
vcomp_run1,vcomp,2026/04/14-17:10:30.506200,2,3,7,,,6,433033,
vcomp_run1,vcomp,2026/04/14-17:10:30.506211,2,3,6,,,5,333201,
vcomp_run1,vcomp,2026/04/14-17:10:30.506225,2,3,7,,,8,490558,
vcomp_run1,vcomp,2026/04/14-17:10:30.506240,2,3,8,,,7,463587,
vcomp_run1,vcomp,2026/04/14-17:10:30.506255,0,1,12,,,13,782637,
vcomp_run1,vcomp,2026/04/14-17:10:30.506397,2,3,8,,,8,466385,
vcomp_run1,vcomp,2026/04/14-17:10:30.509094,1,2,3,,,3,167923,
vcomp_run1,vcomp,2026/04/14-17:10:30.512985,1,2,2,,,2,118039,
vcomp_run1,vcomp,2026/04/14-17:10:30.516274,1,2,4,,,5,263403,
vcomp_run1,vcomp,2026/04/14-17:10:30.516288,1,2,2,,,2,77147,
vcomp_run1,vcomp,2026/04/14-17:10:30.516310,1,2,6,,,6,395015,
vcomp_run1,vcomp,2026/04/14-17:10:30.516326,1,2,5,,,6,332421,
vcomp_run1,vcomp,2026/04/14-17:10:30.516346,1,2,4,,,4,241437,
vcomp_run1,vcomp,2026/04/14-17:10:30.516359,3,4,3,,,3,165617,
vcomp_run1,vcomp,2026/04/14-17:10:30.516371,3,4,3,,,3,148682,
vcomp_run1,vcomp,2026/04/14-17:10:30.516385,3,4,3,,,3,132451,
vcomp_run1,vcomp,2026/04/14-17:10:30.516399,3,4,3,,,3,132662,
vcomp_run1,vcomp,2026/04/14-17:10:30.516411,3,4,3,,,3,170079,
vcomp_run1,vcomp,2026/04/14-17:10:30.516424,1,2,6,,,6,387224,
vcomp_run1,vcomp,2026/04/14-17:10:30.516436,3,4,3,,,3,158097,
vcomp_run1,vcomp,2026/04/14-17:10:30.516455,3,4,4,,,4,199374,
vcomp_run1,vcomp,2026/04/14-17:10:30.516466,3,4,5,,,4,232947,
vcomp_run1,vcomp,2026/04/14-17:10:30.516936,3,4,3,,,2,130859,
vcomp_run1,vcomp,2026/04/14-17:10:30.518456,3,4,2,,,1,51392,
vcomp_run1,vcomp,2026/04/14-17:10:30.518475,3,4,4,,,3,186843,
vcomp_run1,vcomp,2026/04/14-17:10:30.518617,3,4,5,,,4,245572,
vcomp_run1,vcomp,2026/04/14-17:10:30.521956,1,2,4,,,3,191019,
vcomp_run1,vcomp,2026/04/14-17:10:30.524846,2,3,2,,,1,83581,
vcomp_run1,vcomp,2026/04/14-17:10:30.524863,0,0,8,,,8,524223,
vcomp_run1,vcomp,2026/04/14-17:10:30.525161,2,3,6,,,6,346879,
vcomp_run1,vcomp,2026/04/14-17:10:30.525177,2,3,7,,,7,488123,
vcomp_run1,vcomp,2026/04/14-17:10:30.525193,2,3,6,,,7,360114,
vcomp_run1,vcomp,2026/04/14-17:10:30.525304,1,2,9,,,9,532676,
vcomp_run1,vcomp,2026/04/14-17:10:30.525311,2,3,6,,,6,342220,
vcomp_run1,vcomp,2026/04/14-17:10:30.528986,2,3,6,,,6,368442,
vcomp_run1,vcomp,2026/04/14-17:10:30.529002,2,3,5,,,4,284959,
vcomp_run1,vcomp,2026/04/14-17:10:30.529017,0,0,6,,,6,393151,
vcomp_run1,vcomp,2026/04/14-17:10:30.529032,2,3,7,,,6,420589,
vcomp_run1,vcomp,2026/04/14-17:10:30.529047,2,3,7,,,7,422971,
vcomp_run1,vcomp,2026/04/14-17:10:30.529184,2,3,8,,,8,496683,
vcomp_run1,vcomp,2026/04/14-17:10:30.531388,3,4,3,,,3,139896,
vcomp_run1,vcomp,2026/04/14-17:10:30.534208,3,4,4,,,4,220767,
vcomp_run1,vcomp,2026/04/14-17:10:30.534220,3,4,3,,,3,164161,
vcomp_run1,vcomp,2026/04/14-17:10:30.534232,3,4,4,,,3,158420,
vcomp_run1,vcomp,2026/04/14-17:10:30.534243,3,4,4,,,4,238854,
vcomp_run1,vcomp,2026/04/14-17:10:30.534259,3,4,4,,,4,200925,
vcomp_run1,vcomp,2026/04/14-17:10:30.534272,3,4,3,,,3,149086,
vcomp_run1,vcomp,2026/04/14-17:10:30.534293,0,1,15,,,18,979471,
vcomp_run1,vcomp,2026/04/14-17:10:30.534309,3,4,3,,,3,157704,
vcomp_run1,vcomp,2026/04/14-17:10:30.534432,3,4,5,,,5,303795,
vcomp_run1,vcomp,2026/04/14-17:10:30.539995,1,2,4,,,3,207070,
vcomp_run1,vcomp,2026/04/14-17:10:30.542695,1,2,4,,,4,242650,
vcomp_run1,vcomp,2026/04/14-17:10:30.542711,1,2,4,,,4,240309,
vcomp_run1,vcomp,2026/04/14-17:10:30.542727,1,2,3,,,3,201383,
vcomp_run1,vcomp,2026/04/14-17:10:30.542745,1,2,4,,,5,273895,
vcomp_run1,vcomp,2026/04/14-17:10:30.542751,1,2,2,,,2,105895,
vcomp_run1,vcomp,2026/04/14-17:10:30.542764,1,2,3,,,3,175304,
vcomp_run1,vcomp,2026/04/14-17:10:30.542775,1,2,2,,,2,103217,
vcomp_run1,vcomp,2026/04/14-17:10:30.543280,1,2,3,,,2,119861,
vcomp_run1,vcomp,2026/04/14-17:10:30.543661,1,2,4,,,4,209170,
vcomp_run1,vcomp,2026/04/14-17:10:30.545057,1,2,4,,,4,215668,
vcomp_run1,vcomp,2026/04/14-17:10:30.547280,1,2,5,,,4,231739,
vcomp_run1,vcomp,2026/04/14-17:10:30.547393,1,2,5,,,5,329132,
vcomp_run1,vcomp,2026/04/14-17:10:30.549907,2,3,7,,,6,395669,
vcomp_run1,vcomp,2026/04/14-17:10:30.549915,2,3,5,,,4,271423,
vcomp_run1,vcomp,2026/04/14-17:10:30.552401,0,1,12,,,12,759878,
vcomp_run1,vcomp,2026/04/14-17:10:30.555344,2,3,6,,,6,359485,
vcomp_run1,vcomp,2026/04/14-17:10:30.555359,2,3,6,,,7,387419,
vcomp_run1,vcomp,2026/04/14-17:10:30.555370,2,3,3,,,3,153596,
vcomp_run1,vcomp,2026/04/14-17:10:30.555383,2,3,7,,,7,429916,
vcomp_run1,vcomp,2026/04/14-17:10:30.555398,2,3,7,,,7,404337,
vcomp_run1,vcomp,2026/04/14-17:10:30.555417,2,3,7,,,6,442083,
vcomp_run1,vcomp,2026/04/14-17:10:30.555429,2,3,3,,,3,146458,
vcomp_run1,vcomp,2026/04/14-17:10:30.555442,2,3,5,,,4,296647,
vcomp_run1,vcomp,2026/04/14-17:10:30.555928,2,3,8,,,7,461730,
vcomp_run1,vcomp,2026/04/14-17:10:30.555940,2,3,8,,,7,486758,
vcomp_run1,vcomp,2026/04/14-17:10:30.556081,2,3,7,,,6,435658,
vcomp_run1,vcomp,2026/04/14-17:10:30.557597,1,2,6,,,7,378674,
vcomp_run1,vcomp,2026/04/14-17:10:30.557610,1,2,5,,,5,305285,
vcomp_run1,vcomp,2026/04/14-17:10:30.557737,1,2,7,,,7,425835,
vcomp_run1,vcomp,2026/04/14-17:10:30.562061,1,2,2,,,2,109977,
vcomp_run1,vcomp,2026/04/14-17:10:30.565442,1,2,3,,,3,193720,
vcomp_run1,vcomp,2026/04/14-17:10:30.565455,1,2,5,,,5,337678,
vcomp_run1,vcomp,2026/04/14-17:10:30.565468,1,2,5,,,4,251308,
vcomp_run1,vcomp,2026/04/14-17:10:30.565480,1,2,4,,,4,243445,
vcomp_run1,vcomp,2026/04/14-17:10:30.565494,3,4,2,,,2,91236,
vcomp_run1,vcomp,2026/04/14-17:10:30.565508,3,4,2,,,2,95982,
vcomp_run1,vcomp,2026/04/14-17:10:30.565526,1,2,6,,,7,390575,
vcomp_run1,vcomp,2026/04/14-17:10:30.565538,3,4,3,,,3,164808,
vcomp_run1,vcomp,2026/04/14-17:10:30.565557,3,4,3,,,3,159645,
vcomp_run1,vcomp,2026/04/14-17:10:30.565569,3,4,5,,,4,254877,
vcomp_run1,vcomp,2026/04/14-17:10:30.565582,3,4,3,,,3,157626,
vcomp_run1,vcomp,2026/04/14-17:10:30.565596,3,4,3,,,3,161279,
vcomp_run1,vcomp,2026/04/14-17:10:30.565612,3,4,4,,,3,175308,
vcomp_run1,vcomp,2026/04/14-17:10:30.565630,3,4,4,,,4,228731,
vcomp_run1,vcomp,2026/04/14-17:10:30.565645,3,4,6,,,5,273880,
vcomp_run1,vcomp,2026/04/14-17:10:30.565813,3,4,2,,,2,91812,
vcomp_run1,vcomp,2026/04/14-17:10:30.570107,2,3,2,,,2,85006,
vcomp_run1,vcomp,2026/04/14-17:10:30.573079,2,3,5,,,5,309188,
vcomp_run1,vcomp,2026/04/14-17:10:30.573096,2,3,5,,,6,345737,
vcomp_run1,vcomp,2026/04/14-17:10:30.573119,2,3,5,,,6,353084,
vcomp_run1,vcomp,2026/04/14-17:10:30.573133,2,3,7,,,7,374805,
vcomp_run1,vcomp,2026/04/14-17:10:30.573145,2,3,5,,,5,284529,
vcomp_run1,vcomp,2026/04/14-17:10:30.573166,2,3,6,,,7,418189,
vcomp_run1,vcomp,2026/04/14-17:10:30.573183,2,3,8,,,9,534027,
vcomp_run1,vcomp,2026/04/14-17:10:30.573207,0,1,11,,,12,736185,
vcomp_run1,vcomp,2026/04/14-17:10:30.573219,2,3,8,,,8,542953,
vcomp_run1,vcomp,2026/04/14-17:10:30.573359,2,3,9,,,8,539571,
vcomp_run1,vcomp,2026/04/14-17:10:30.577659,1,2,2,,,2,110012,
vcomp_run1,vcomp,2026/04/14-17:10:30.580805,1,2,3,,,3,186814,
vcomp_run1,vcomp,2026/04/14-17:10:30.580826,1,2,6,,,6,385560,
vcomp_run1,vcomp,2026/04/14-17:10:30.580837,3,4,3,,,3,134645,
vcomp_run1,vcomp,2026/04/14-17:10:30.580856,1,2,5,,,6,310706,
vcomp_run1,vcomp,2026/04/14-17:10:30.580870,3,4,3,,,2,106790,
vcomp_run1,vcomp,2026/04/14-17:10:30.580884,1,2,6,,,6,367386,
vcomp_run1,vcomp,2026/04/14-17:10:30.580900,3,4,2,,,2,84770,
vcomp_run1,vcomp,2026/04/14-17:10:30.580918,1,2,8,,,8,492650,
vcomp_run1,vcomp,2026/04/14-17:10:30.580935,1,2,5,,,5,272437,
vcomp_run1,vcomp,2026/04/14-17:10:30.580951,3,4,5,,,4,262128,
vcomp_run1,vcomp,2026/04/14-17:10:30.580966,3,4,2,,,2,79699,
vcomp_run1,vcomp,2026/04/14-17:10:30.580982,3,4,4,,,4,206178,
vcomp_run1,vcomp,2026/04/14-17:10:30.580997,3,4,3,,,3,162016,
vcomp_run1,vcomp,2026/04/14-17:10:30.581025,3,4,3,,,3,159718,
vcomp_run1,vcomp,2026/04/14-17:10:30.583164,3,4,5,,,4,237154,
vcomp_run1,vcomp,2026/04/14-17:10:30.583321,1,2,4,,,4,216785,
vcomp_run1,vcomp,2026/04/14-17:10:30.586668,2,3,2,,,2,78962,
vcomp_run1,vcomp,2026/04/14-17:10:30.589358,2,3,5,,,5,281929,
vcomp_run1,vcomp,2026/04/14-17:10:30.589375,2,3,7,,,7,428878,
vcomp_run1,vcomp,2026/04/14-17:10:30.589392,2,3,7,,,6,410488,
vcomp_run1,vcomp,2026/04/14-17:10:30.589409,2,3,8,,,7,481756,
vcomp_run1,vcomp,2026/04/14-17:10:30.589424,2,3,7,,,8,468729,
vcomp_run1,vcomp,2026/04/14-17:10:30.589436,2,3,8,,,9,511882,
vcomp_run1,vcomp,2026/04/14-17:10:30.589580,0,1,12,,,12,795658,
vcomp_run1,vcomp,2026/04/14-17:10:30.591913,1,2,3,,,3,172491,
vcomp_run1,vcomp,2026/04/14-17:10:30.595975,1,2,4,,,4,225710,
vcomp_run1,vcomp,2026/04/14-17:10:30.599009,1,2,5,,,6,315861,
vcomp_run1,vcomp,2026/04/14-17:10:30.599023,1,2,5,,,5,298330,
vcomp_run1,vcomp,2026/04/14-17:10:30.599040,3,4,2,,,2,92516,
vcomp_run1,vcomp,2026/04/14-17:10:30.599056,1,2,4,,,4,262168,
vcomp_run1,vcomp,2026/04/14-17:10:30.599072,3,4,3,,,3,131478,
vcomp_run1,vcomp,2026/04/14-17:10:30.599090,1,2,6,,,6,322073,
vcomp_run1,vcomp,2026/04/14-17:10:30.599105,1,2,6,,,6,361906,
vcomp_run1,vcomp,2026/04/14-17:10:30.599117,3,4,3,,,3,159290,
vcomp_run1,vcomp,2026/04/14-17:10:30.599133,3,4,4,,,4,211783,
vcomp_run1,vcomp,2026/04/14-17:10:30.599152,3,4,5,,,3,196218,
vcomp_run1,vcomp,2026/04/14-17:10:30.599739,3,4,5,,,5,298990,
vcomp_run1,vcomp,2026/04/14-17:10:30.601152,1,2,4,,,4,225368,
vcomp_run1,vcomp,2026/04/14-17:10:30.607683,2,3,6,,,6,356537,
vcomp_run1,vcomp,2026/04/14-17:10:30.607700,2,3,7,,,8,451748,
vcomp_run1,vcomp,2026/04/14-17:10:30.607721,2,3,7,,,7,442133,
vcomp_run1,vcomp,2026/04/14-17:10:30.607737,0,1,12,,,12,810060,
vcomp_run1,vcomp,2026/04/14-17:10:30.607749,2,3,6,,,6,376835,
vcomp_run1,vcomp,2026/04/14-17:10:30.607839,2,3,7,,,7,436086,
vcomp_run1,vcomp,2026/04/14-17:10:30.607852,2,3,6,,,6,390983,
vcomp_run1,vcomp,2026/04/14-17:10:30.607871,2,3,7,,,7,453354,
vcomp_run1,vcomp,2026/04/14-17:10:30.608037,2,3,7,,,7,472354,
vcomp_run1,vcomp,2026/04/14-17:10:30.612759,1,2,2,,,2,75880,
vcomp_run1,vcomp,2026/04/14-17:10:30.615944,1,2,4,,,4,203518,
vcomp_run1,vcomp,2026/04/14-17:10:30.615958,1,2,5,,,5,275047,
vcomp_run1,vcomp,2026/04/14-17:10:30.615972,1,2,4,,,5,267053,
vcomp_run1,vcomp,2026/04/14-17:10:30.615983,1,2,5,,,5,321426,
vcomp_run1,vcomp,2026/04/14-17:10:30.616004,1,2,6,,,6,377304,
vcomp_run1,vcomp,2026/04/14-17:10:30.616022,1,2,5,,,5,318298,
vcomp_run1,vcomp,2026/04/14-17:10:30.616038,3,4,4,,,3,171271,
vcomp_run1,vcomp,2026/04/14-17:10:30.616051,3,4,2,,,2,95159,
vcomp_run1,vcomp,2026/04/14-17:10:30.616063,3,4,4,,,4,224660,
vcomp_run1,vcomp,2026/04/14-17:10:30.616077,3,4,3,,,3,141694,
vcomp_run1,vcomp,2026/04/14-17:10:30.616096,3,4,4,,,4,201554,
vcomp_run1,vcomp,2026/04/14-17:10:30.616111,3,4,3,,,2,111524,
vcomp_run1,vcomp,2026/04/14-17:10:30.616126,3,4,3,,,3,162045,
vcomp_run1,vcomp,2026/04/14-17:10:30.616537,3,4,4,,,4,217661,
vcomp_run1,vcomp,2026/04/14-17:10:30.618457,1,2,7,,,7,439308,
vcomp_run1,vcomp,2026/04/14-17:10:30.622496,1,2,7,,,7,409388,
vcomp_run1,vcomp,2026/04/14-17:10:30.624807,2,3,6,,,6,360293,
vcomp_run1,vcomp,2026/04/14-17:10:30.624893,2,3,7,,,7,375906,
vcomp_run1,vcomp,2026/04/14-17:10:30.624911,0,0,8,,,8,524219,
vcomp_run1,vcomp,2026/04/14-17:10:30.625949,2,3,7,,,7,462380,
vcomp_run1,vcomp,2026/04/14-17:10:30.627926,2,3,7,,,7,475693,
vcomp_run1,vcomp,2026/04/14-17:10:30.628548,2,3,5,,,6,336819,
vcomp_run1,vcomp,2026/04/14-17:10:30.628540,2,3,7,,,7,460745,
vcomp_run1,vcomp,2026/04/14-17:10:30.628566,2,3,8,,,8,422665,
vcomp_run1,vcomp,2026/04/14-17:10:30.628582,2,3,9,,,10,613939,
vcomp_run1,vcomp,2026/04/14-17:10:30.628718,2,3,8,,,8,500538,
vcomp_run1,vcomp,2026/04/14-17:10:30.630088,0,1,2,,,3,162929,
vcomp_run1,vcomp,2026/04/14-17:10:30.630529,0,0,7,,,7,458683,
vcomp_run1,vcomp,2026/04/14-17:10:30.633169,3,4,6,,,6,367732,
vcomp_run1,vcomp,2026/04/14-17:10:30.633183,3,4,4,,,3,188362,
vcomp_run1,vcomp,2026/04/14-17:10:30.633202,3,4,6,,,4,259879,
vcomp_run1,vcomp,2026/04/14-17:10:30.633227,3,4,4,,,4,202057,
vcomp_run1,vcomp,2026/04/14-17:10:30.633239,3,4,3,,,3,162039,
vcomp_run1,vcomp,2026/04/14-17:10:30.633256,3,4,5,,,4,216715,
vcomp_run1,vcomp,2026/04/14-17:10:30.633273,3,4,4,,,4,236552,
vcomp_run1,vcomp,2026/04/14-17:10:30.633496,3,4,3,,,2,105805,
vcomp_run1,vcomp,2026/04/14-17:10:30.636300,0,1,16,,,18,1016597,
vcomp_run1,vcomp,2026/04/14-17:10:30.638249,1,2,3,,,3,134288,
vcomp_run1,vcomp,2026/04/14-17:10:30.639963,1,2,2,,,2,90001,
vcomp_run1,vcomp,2026/04/14-17:10:30.641677,1,2,2,,,2,125693,
vcomp_run1,vcomp,2026/04/14-17:10:30.644902,1,2,2,,,2,130338,
vcomp_run1,vcomp,2026/04/14-17:10:30.647704,1,2,5,,,5,321072,
vcomp_run1,vcomp,2026/04/14-17:10:30.647718,1,2,5,,,4,209311,
vcomp_run1,vcomp,2026/04/14-17:10:30.647734,1,2,7,,,6,396623,
vcomp_run1,vcomp,2026/04/14-17:10:30.648265,1,2,3,,,3,166508,
vcomp_run1,vcomp,2026/04/14-17:10:30.648297,1,2,4,,,4,210527,
vcomp_run1,vcomp,2026/04/14-17:10:30.648282,1,2,3,,,3,194040,
vcomp_run1,vcomp,2026/04/14-17:10:30.648311,1,2,3,,,3,175437,
vcomp_run1,vcomp,2026/04/14-17:10:30.648414,1,2,5,,,6,319439,
vcomp_run1,vcomp,2026/04/14-17:10:30.650063,1,2,6,,,6,370419,
vcomp_run1,vcomp,2026/04/14-17:10:30.650075,2,3,2,,,2,82767,
vcomp_run1,vcomp,2026/04/14-17:10:30.652511,2,3,7,,,8,453025,
vcomp_run1,vcomp,2026/04/14-17:10:30.652597,2,3,7,,,6,380147,
vcomp_run1,vcomp,2026/04/14-17:10:30.652616,2,3,7,,,6,481390,
vcomp_run1,vcomp,2026/04/14-17:10:30.652637,2,3,7,,,8,464996,
vcomp_run1,vcomp,2026/04/14-17:10:30.653753,2,3,5,,,5,348672,
vcomp_run1,vcomp,2026/04/14-17:10:30.655465,2,3,4,,,5,261239,
vcomp_run1,vcomp,2026/04/14-17:10:30.655482,2,3,6,,,6,354856,
vcomp_run1,vcomp,2026/04/14-17:10:30.655497,2,3,6,,,7,457891,
vcomp_run1,vcomp,2026/04/14-17:10:30.655513,2,3,8,,,8,475270,
vcomp_run1,vcomp,2026/04/14-17:10:30.655572,2,3,7,,,7,435518,
vcomp_run1,vcomp,2026/04/14-17:10:30.655588,2,3,7,,,7,484965,
vcomp_run1,vcomp,2026/04/14-17:10:30.655606,2,3,8,,,8,481810,
vcomp_run1,vcomp,2026/04/14-17:10:30.655714,0,1,9,,,9,511760,
vcomp_run1,vcomp,2026/04/14-17:10:30.657588,0,0,4,,,4,262119,
vcomp_run1,vcomp,2026/04/14-17:10:30.659990,1,2,3,,,3,173893,
vcomp_run1,vcomp,2026/04/14-17:10:30.663274,1,2,3,,,3,183857,
vcomp_run1,vcomp,2026/04/14-17:10:30.665475,3,4,3,,,3,165247,
vcomp_run1,vcomp,2026/04/14-17:10:30.667925,3,4,4,,,4,200490,
vcomp_run1,vcomp,2026/04/14-17:10:30.667946,2,3,7,,,7,442127,
vcomp_run1,vcomp,2026/04/14-17:10:30.667973,0,1,15,,,16,925754,
vcomp_run1,vcomp,2026/04/14-17:10:30.667989,3,4,4,,,4,212425,
vcomp_run1,vcomp,2026/04/14-17:10:30.668115,3,4,5,,,5,267394,
vcomp_run1,vcomp,2026/04/14-17:10:30.670332,1,2,2,,,2,81240,
vcomp_run1,vcomp,2026/04/14-17:10:30.673668,1,2,3,,,3,185845,
vcomp_run1,vcomp,2026/04/14-17:10:30.676825,1,2,3,,,4,198619,
vcomp_run1,vcomp,2026/04/14-17:10:30.676844,1,2,2,,,2,102750,
vcomp_run1,vcomp,2026/04/14-17:10:30.676861,1,2,6,,,5,319400,
vcomp_run1,vcomp,2026/04/14-17:10:30.676874,1,2,7,,,5,314612,
vcomp_run1,vcomp,2026/04/14-17:10:30.676891,3,4,3,,,2,121601,
vcomp_run1,vcomp,2026/04/14-17:10:30.676902,3,4,4,,,3,194275,
vcomp_run1,vcomp,2026/04/14-17:10:30.676918,3,4,4,,,3,186165,
vcomp_run1,vcomp,2026/04/14-17:10:30.676934,1,2,3,,,4,209882,
vcomp_run1,vcomp,2026/04/14-17:10:30.676947,3,4,3,,,3,161526,
vcomp_run1,vcomp,2026/04/14-17:10:30.676964,3,4,3,,,3,142080,
vcomp_run1,vcomp,2026/04/14-17:10:30.676983,3,4,4,,,4,204996,
vcomp_run1,vcomp,2026/04/14-17:10:30.677003,1,2,4,,,4,243414,
vcomp_run1,vcomp,2026/04/14-17:10:30.677020,3,4,6,,,6,356552,
vcomp_run1,vcomp,2026/04/14-17:10:30.677128,3,4,5,,,4,251779,
vcomp_run1,vcomp,2026/04/14-17:10:30.679753,1,2,4,,,4,236231,
vcomp_run1,vcomp,2026/04/14-17:10:30.683408,1,2,6,,,6,369547,
vcomp_run1,vcomp,2026/04/14-17:10:30.685739,1,2,6,,,6,362160,
vcomp_run1,vcomp,2026/04/14-17:10:30.685778,1,2,6,,,5,292585,
vcomp_run1,vcomp,2026/04/14-17:10:30.686610,0,0,8,,,8,524210,
vcomp_run1,vcomp,2026/04/14-17:10:30.687784,2,3,5,,,5,366238,
vcomp_run1,vcomp,2026/04/14-17:10:30.690792,2,3,6,,,7,387925,
vcomp_run1,vcomp,2026/04/14-17:10:30.690833,2,3,5,,,6,356011,
vcomp_run1,vcomp,2026/04/14-17:10:30.690849,2,3,7,,,7,472859,
vcomp_run1,vcomp,2026/04/14-17:10:30.690864,2,3,7,,,8,489464,
vcomp_run1,vcomp,2026/04/14-17:10:30.690882,2,3,7,,,6,427313,
vcomp_run1,vcomp,2026/04/14-17:10:30.690895,0,0,4,,,4,262066,
vcomp_run1,vcomp,2026/04/14-17:10:30.690911,2,3,8,,,6,411078,
vcomp_run1,vcomp,2026/04/14-17:10:30.690928,2,3,8,,,7,477247,
vcomp_run1,vcomp,2026/04/14-17:10:30.691281,2,3,9,,,8,525960,
vcomp_run1,vcomp,2026/04/14-17:10:30.692980,2,3,9,,,8,525260,
vcomp_run1,vcomp,2026/04/14-17:10:30.695297,3,4,4,,,3,145259,
vcomp_run1,vcomp,2026/04/14-17:10:30.698164,3,4,5,,,4,243349,
vcomp_run1,vcomp,2026/04/14-17:10:30.698179,3,4,4,,,4,231735,
vcomp_run1,vcomp,2026/04/14-17:10:30.698194,3,4,5,,,5,294626,
vcomp_run1,vcomp,2026/04/14-17:10:30.698207,3,4,4,,,4,226530,
vcomp_run1,vcomp,2026/04/14-17:10:30.698223,3,4,4,,,4,231744,
vcomp_run1,vcomp,2026/04/14-17:10:30.698238,3,4,7,,,5,304385,
vcomp_run1,vcomp,2026/04/14-17:10:30.698259,3,4,4,,,4,234767,
vcomp_run1,vcomp,2026/04/14-17:10:30.698273,3,4,5,,,4,250877,
vcomp_run1,vcomp,2026/04/14-17:10:30.698460,0,1,16,,,18,1008859,
vcomp_run1,vcomp,2026/04/14-17:10:30.705017,1,2,3,,,3,180335,
vcomp_run1,vcomp,2026/04/14-17:10:30.707919,1,2,4,,,4,250944,
vcomp_run1,vcomp,2026/04/14-17:10:30.707935,1,2,5,,,5,310605,
vcomp_run1,vcomp,2026/04/14-17:10:30.707954,1,2,4,,,4,244798,
vcomp_run1,vcomp,2026/04/14-17:10:30.707970,1,2,6,,,6,346924,
vcomp_run1,vcomp,2026/04/14-17:10:30.707986,1,2,5,,,5,274256,
vcomp_run1,vcomp,2026/04/14-17:10:30.708521,1,2,3,,,3,180015,
vcomp_run1,vcomp,2026/04/14-17:10:30.708534,1,2,4,,,4,235210,
vcomp_run1,vcomp,2026/04/14-17:10:30.708698,1,2,6,,,5,291453,
vcomp_run1,vcomp,2026/04/14-17:10:30.710372,1,2,5,,,5,297083,
vcomp_run1,vcomp,2026/04/14-17:10:30.712373,1,2,4,,,4,228807,
vcomp_run1,vcomp,2026/04/14-17:10:30.712865,1,2,4,,,4,195027,
vcomp_run1,vcomp,2026/04/14-17:10:30.713322,1,2,4,,,4,218691,
vcomp_run1,vcomp,2026/04/14-17:10:30.715159,2,3,3,,,3,176208,
vcomp_run1,vcomp,2026/04/14-17:10:30.715171,2,3,4,,,3,155768,
vcomp_run1,vcomp,2026/04/14-17:10:30.715184,2,3,3,,,2,97896,
vcomp_run1,vcomp,2026/04/14-17:10:30.716276,2,3,4,,,4,263852,
vcomp_run1,vcomp,2026/04/14-17:10:30.716403,2,3,6,,,6,322462,
vcomp_run1,vcomp,2026/04/14-17:10:30.718274,2,3,6,,,6,376153,
vcomp_run1,vcomp,2026/04/14-17:10:30.718290,2,3,7,,,8,435463,
vcomp_run1,vcomp,2026/04/14-17:10:30.718308,2,3,6,,,6,415656,
vcomp_run1,vcomp,2026/04/14-17:10:30.718322,2,3,6,,,6,439829,
vcomp_run1,vcomp,2026/04/14-17:10:30.718336,2,3,6,,,6,337136,
vcomp_run1,vcomp,2026/04/14-17:10:30.718350,2,3,7,,,7,449659,
vcomp_run1,vcomp,2026/04/14-17:10:30.718367,2,3,8,,,7,496142,
vcomp_run1,vcomp,2026/04/14-17:10:30.718385,0,1,8,,,8,507709,
vcomp_run1,vcomp,2026/04/14-17:10:30.718755,2,3,6,,,6,370502,
vcomp_run1,vcomp,2026/04/14-17:10:30.720182,0,0,4,,,4,262116,
vcomp_run1,vcomp,2026/04/14-17:10:30.724394,1,2,5,,,5,327098,
vcomp_run1,vcomp,2026/04/14-17:10:30.726644,3,4,3,,,2,100102,
vcomp_run1,vcomp,2026/04/14-17:10:30.729263,3,4,2,,,2,101243,
vcomp_run1,vcomp,2026/04/14-17:10:30.729273,3,4,2,,,2,96809,
vcomp_run1,vcomp,2026/04/14-17:10:30.729287,3,4,3,,,2,128125,
vcomp_run1,vcomp,2026/04/14-17:10:30.729300,3,4,3,,,2,129196,
vcomp_run1,vcomp,2026/04/14-17:10:30.729311,3,4,2,,,2,88499,
vcomp_run1,vcomp,2026/04/14-17:10:30.729323,3,4,3,,,3,167562,
vcomp_run1,vcomp,2026/04/14-17:10:30.729345,0,1,15,,,16,966982,
vcomp_run1,vcomp,2026/04/14-17:10:30.729479,2,3,6,,,5,336580,
vcomp_run1,vcomp,2026/04/14-17:10:30.731790,1,2,3,,,3,183747,
vcomp_run1,vcomp,2026/04/14-17:10:30.735455,1,2,3,,,3,165104,
vcomp_run1,vcomp,2026/04/14-17:10:30.738588,1,2,3,,,4,168301,
vcomp_run1,vcomp,2026/04/14-17:10:30.738604,1,2,4,,,5,254774,
vcomp_run1,vcomp,2026/04/14-17:10:30.738623,1,2,5,,,5,280572,
vcomp_run1,vcomp,2026/04/14-17:10:30.738635,1,2,3,,,3,184084,
vcomp_run1,vcomp,2026/04/14-17:10:30.738649,1,2,4,,,5,256911,
vcomp_run1,vcomp,2026/04/14-17:10:30.738664,1,2,5,,,5,296996,
vcomp_run1,vcomp,2026/04/14-17:10:30.738677,3,4,3,,,3,160739,
vcomp_run1,vcomp,2026/04/14-17:10:30.738694,1,2,5,,,6,307954,
vcomp_run1,vcomp,2026/04/14-17:10:30.738708,3,4,4,,,3,186019,
vcomp_run1,vcomp,2026/04/14-17:10:30.738721,3,4,3,,,3,162102,
vcomp_run1,vcomp,2026/04/14-17:10:30.738734,3,4,4,,,4,236427,
vcomp_run1,vcomp,2026/04/14-17:10:30.738752,3,4,4,,,3,173187,
vcomp_run1,vcomp,2026/04/14-17:10:30.739572,3,4,3,,,3,167234,
vcomp_run1,vcomp,2026/04/14-17:10:30.741250,1,2,4,,,4,243626,
vcomp_run1,vcomp,2026/04/14-17:10:30.743830,1,2,5,,,4,221958,
vcomp_run1,vcomp,2026/04/14-17:10:30.744050,2,3,6,,,5,335732,
vcomp_run1,vcomp,2026/04/14-17:10:30.744639,2,3,3,,,3,202632,
vcomp_run1,vcomp,2026/04/14-17:10:30.744696,2,3,3,,,3,157613,
vcomp_run1,vcomp,2026/04/14-17:10:30.744832,1,2,5,,,5,238619,
vcomp_run1,vcomp,2026/04/14-17:10:30.746244,2,3,6,,,5,329716,
vcomp_run1,vcomp,2026/04/14-17:10:30.746715,2,3,5,,,4,329645,
vcomp_run1,vcomp,2026/04/14-17:10:30.749480,2,3,4,,,5,277715,
vcomp_run1,vcomp,2026/04/14-17:10:30.749493,2,3,6,,,5,325603,
vcomp_run1,vcomp,2026/04/14-17:10:30.749512,2,3,4,,,4,264036,
vcomp_run1,vcomp,2026/04/14-17:10:30.749528,2,3,7,,,7,438916,
vcomp_run1,vcomp,2026/04/14-17:10:30.749546,2,3,7,,,6,387795,
vcomp_run1,vcomp,2026/04/14-17:10:30.749563,2,3,7,,,7,447535,
vcomp_run1,vcomp,2026/04/14-17:10:30.749579,0,1,12,,,12,744111,
vcomp_run1,vcomp,2026/04/14-17:10:30.749594,2,3,8,,,8,437509,
vcomp_run1,vcomp,2026/04/14-17:10:30.749718,2,3,7,,,6,427822,
vcomp_run1,vcomp,2026/04/14-17:10:30.752073,1,2,2,,,1,11736,
vcomp_run1,vcomp,2026/04/14-17:10:30.755670,1,2,4,,,5,264022,
vcomp_run1,vcomp,2026/04/14-17:10:30.759090,1,2,5,,,5,302335,
vcomp_run1,vcomp,2026/04/14-17:10:30.759103,1,2,4,,,5,259024,
vcomp_run1,vcomp,2026/04/14-17:10:30.759119,1,2,5,,,5,298728,
vcomp_run1,vcomp,2026/04/14-17:10:30.759132,3,4,2,,,2,98623,
vcomp_run1,vcomp,2026/04/14-17:10:30.759145,1,2,7,,,6,365909,
vcomp_run1,vcomp,2026/04/14-17:10:30.759161,1,2,8,,,8,480366,
vcomp_run1,vcomp,2026/04/14-17:10:30.759183,3,4,4,,,3,178474,
vcomp_run1,vcomp,2026/04/14-17:10:30.759197,3,4,5,,,3,189514,
vcomp_run1,vcomp,2026/04/14-17:10:30.759212,3,4,3,,,3,153132,
vcomp_run1,vcomp,2026/04/14-17:10:30.759224,3,4,4,,,4,230030,
vcomp_run1,vcomp,2026/04/14-17:10:30.759239,3,4,3,,,3,158488,
vcomp_run1,vcomp,2026/04/14-17:10:30.759258,3,4,4,,,4,222875,
vcomp_run1,vcomp,2026/04/14-17:10:30.759271,3,4,5,,,4,240411,
vcomp_run1,vcomp,2026/04/14-17:10:30.759288,3,4,5,,,5,268557,
vcomp_run1,vcomp,2026/04/14-17:10:30.759959,3,4,3,,,3,135232,
vcomp_run1,vcomp,2026/04/14-17:10:30.761527,3,4,4,,,4,209831,
vcomp_run1,vcomp,2026/04/14-17:10:30.761620,3,4,4,,,3,191884,
vcomp_run1,vcomp,2026/04/14-17:10:30.761783,1,2,5,,,5,298684,
vcomp_run1,vcomp,2026/04/14-17:10:30.765746,2,3,7,,,6,346302,
vcomp_run1,vcomp,2026/04/14-17:10:30.768652,2,3,7,,,6,376026,
vcomp_run1,vcomp,2026/04/14-17:10:30.768669,2,3,4,,,5,290252,
vcomp_run1,vcomp,2026/04/14-17:10:30.768687,2,3,6,,,6,340506,
vcomp_run1,vcomp,2026/04/14-17:10:30.768714,0,1,12,,,12,774655,
vcomp_run1,vcomp,2026/04/14-17:10:30.768731,2,3,7,,,7,455362,
vcomp_run1,vcomp,2026/04/14-17:10:30.768745,2,3,9,,,8,485350,
vcomp_run1,vcomp,2026/04/14-17:10:30.768765,2,3,8,,,8,439009,
vcomp_run1,vcomp,2026/04/14-17:10:30.768928,2,3,7,,,7,449874,
vcomp_run1,vcomp,2026/04/14-17:10:30.773234,1,2,6,,,5,316562,
vcomp_run1,vcomp,2026/04/14-17:10:30.776378,1,2,5,,,5,312860,
vcomp_run1,vcomp,2026/04/14-17:10:30.776395,1,2,6,,,5,277659,
vcomp_run1,vcomp,2026/04/14-17:10:30.776410,1,2,6,,,6,319708,
vcomp_run1,vcomp,2026/04/14-17:10:30.776429,1,2,5,,,5,290528,
vcomp_run1,vcomp,2026/04/14-17:10:30.776441,3,4,3,,,3,141984,
vcomp_run1,vcomp,2026/04/14-17:10:30.776452,3,4,3,,,2,112169,
vcomp_run1,vcomp,2026/04/14-17:10:30.776474,1,2,5,,,5,293558,
vcomp_run1,vcomp,2026/04/14-17:10:30.776486,3,4,3,,,2,110524,
vcomp_run1,vcomp,2026/04/14-17:10:30.776500,3,4,2,,,2,94225,
vcomp_run1,vcomp,2026/04/14-17:10:30.776512,3,4,2,,,2,89725,
vcomp_run1,vcomp,2026/04/14-17:10:30.776528,3,4,3,,,3,169476,
vcomp_run1,vcomp,2026/04/14-17:10:30.776539,3,4,3,,,3,143946,
vcomp_run1,vcomp,2026/04/14-17:10:30.776562,3,4,4,,,4,212643,
vcomp_run1,vcomp,2026/04/14-17:10:30.776686,3,4,4,,,3,179654,
vcomp_run1,vcomp,2026/04/14-17:10:30.781476,1,2,5,,,4,256581,
vcomp_run1,vcomp,2026/04/14-17:10:30.783710,1,2,6,,,6,398108,
vcomp_run1,vcomp,2026/04/14-17:10:30.783717,0,0,8,,,8,524213,
vcomp_run1,vcomp,2026/04/14-17:10:30.784237,1,2,6,,,6,336804,
vcomp_run1,vcomp,2026/04/14-17:10:30.786369,0,1,3,,,4,193786,
vcomp_run1,vcomp,2026/04/14-17:10:30.788944,2,3,5,,,6,323602,
vcomp_run1,vcomp,2026/04/14-17:10:30.788957,2,3,3,,,2,96800,
vcomp_run1,vcomp,2026/04/14-17:10:30.788972,2,3,7,,,6,386485,
vcomp_run1,vcomp,2026/04/14-17:10:30.788988,2,3,8,,,7,429720,
vcomp_run1,vcomp,2026/04/14-17:10:30.789001,2,3,7,,,7,417168,
vcomp_run1,vcomp,2026/04/14-17:10:30.789017,0,0,6,,,6,393141,
vcomp_run1,vcomp,2026/04/14-17:10:30.789044,2,3,7,,,7,503697,
vcomp_run1,vcomp,2026/04/14-17:10:30.789062,2,3,8,,,8,544587,
vcomp_run1,vcomp,2026/04/14-17:10:30.789077,2,3,8,,,9,477366,
vcomp_run1,vcomp,2026/04/14-17:10:30.789477,2,3,7,,,7,477594,
vcomp_run1,vcomp,2026/04/14-17:10:30.791458,1,2,3,,,2,115688,
vcomp_run1,vcomp,2026/04/14-17:10:30.791594,1,2,3,,,3,147626,
vcomp_run1,vcomp,2026/04/14-17:10:30.793837,3,4,3,,,2,99460,
vcomp_run1,vcomp,2026/04/14-17:10:30.796478,3,4,3,,,2,123415,
vcomp_run1,vcomp,2026/04/14-17:10:30.796489,3,4,2,,,2,87136,
vcomp_run1,vcomp,2026/04/14-17:10:30.796506,2,3,3,,,3,190098,
vcomp_run1,vcomp,2026/04/14-17:10:30.796518,3,4,3,,,3,131966,
vcomp_run1,vcomp,2026/04/14-17:10:30.796539,3,4,3,,,3,156126,
vcomp_run1,vcomp,2026/04/14-17:10:30.796556,0,1,14,,,15,915621,
vcomp_run1,vcomp,2026/04/14-17:10:30.796682,3,4,4,,,3,178785,
vcomp_run1,vcomp,2026/04/14-17:10:30.800256,1,2,2,,,2,91562,
vcomp_run1,vcomp,2026/04/14-17:10:30.803158,1,2,3,,,3,175335,
vcomp_run1,vcomp,2026/04/14-17:10:30.803174,1,2,4,,,3,203722,
vcomp_run1,vcomp,2026/04/14-17:10:30.803190,1,2,5,,,5,320315,
vcomp_run1,vcomp,2026/04/14-17:10:30.803201,1,2,3,,,3,163590,
vcomp_run1,vcomp,2026/04/14-17:10:30.803219,3,4,4,,,3,167712,
vcomp_run1,vcomp,2026/04/14-17:10:30.803237,3,4,4,,,3,179804,
vcomp_run1,vcomp,2026/04/14-17:10:30.803253,1,2,7,,,7,429337,
vcomp_run1,vcomp,2026/04/14-17:10:30.803268,3,4,2,,,2,78085,
vcomp_run1,vcomp,2026/04/14-17:10:30.803281,3,4,3,,,3,160864,
vcomp_run1,vcomp,2026/04/14-17:10:30.803287,1,2,2,,,3,121688,
vcomp_run1,vcomp,2026/04/14-17:10:30.803497,1,2,4,,,4,239622,
vcomp_run1,vcomp,2026/04/14-17:10:30.805623,1,2,5,,,5,318122,
vcomp_run1,vcomp,2026/04/14-17:10:30.807728,1,2,7,,,6,378540,
vcomp_run1,vcomp,2026/04/14-17:10:30.807846,1,2,7,,,7,427714,
vcomp_run1,vcomp,2026/04/14-17:10:30.810207,2,3,4,,,4,215101,
vcomp_run1,vcomp,2026/04/14-17:10:30.813504,2,3,4,,,3,164534,
vcomp_run1,vcomp,2026/04/14-17:10:30.813520,2,3,6,,,6,409376,
vcomp_run1,vcomp,2026/04/14-17:10:30.813532,2,3,7,,,7,378676,
vcomp_run1,vcomp,2026/04/14-17:10:30.813550,0,1,12,,,12,752035,
vcomp_run1,vcomp,2026/04/14-17:10:30.813567,2,3,6,,,7,413500,
vcomp_run1,vcomp,2026/04/14-17:10:30.813583,2,3,8,,,9,550382,
vcomp_run1,vcomp,2026/04/14-17:10:30.813603,2,3,8,,,8,469105,
vcomp_run1,vcomp,2026/04/14-17:10:30.813618,2,3,7,,,7,453966,
vcomp_run1,vcomp,2026/04/14-17:10:30.813636,2,3,9,,,8,514388,
vcomp_run1,vcomp,2026/04/14-17:10:30.813652,2,3,8,,,8,497255,
vcomp_run1,vcomp,2026/04/14-17:10:30.813788,2,3,7,,,6,449977,
vcomp_run1,vcomp,2026/04/14-17:10:30.816384,1,2,3,,,3,183553,
vcomp_run1,vcomp,2026/04/14-17:10:30.820049,1,2,4,,,4,266486,
vcomp_run1,vcomp,2026/04/14-17:10:30.823482,1,2,4,,,4,244846,
vcomp_run1,vcomp,2026/04/14-17:10:30.823498,1,2,5,,,5,270116,
vcomp_run1,vcomp,2026/04/14-17:10:30.823510,3,4,3,,,3,160653,
vcomp_run1,vcomp,2026/04/14-17:10:30.823524,1,2,3,,,3,167980,
vcomp_run1,vcomp,2026/04/14-17:10:30.823539,1,2,6,,,6,396452,
vcomp_run1,vcomp,2026/04/14-17:10:30.823555,3,4,3,,,3,132619,
vcomp_run1,vcomp,2026/04/14-17:10:30.823570,1,2,7,,,8,441218,
vcomp_run1,vcomp,2026/04/14-17:10:30.823584,3,4,4,,,4,200414,
vcomp_run1,vcomp,2026/04/14-17:10:30.823599,3,4,3,,,3,151956,
vcomp_run1,vcomp,2026/04/14-17:10:30.823613,3,4,4,,,4,231974,
vcomp_run1,vcomp,2026/04/14-17:10:30.823629,3,4,4,,,3,162372,
vcomp_run1,vcomp,2026/04/14-17:10:30.823646,3,4,4,,,3,182788,
vcomp_run1,vcomp,2026/04/14-17:10:30.823662,3,4,5,,,5,302781,
vcomp_run1,vcomp,2026/04/14-17:10:30.823680,3,4,4,,,4,231035,
vcomp_run1,vcomp,2026/04/14-17:10:30.824174,3,4,4,,,4,231792,
vcomp_run1,vcomp,2026/04/14-17:10:30.826141,1,2,5,,,5,297397,
vcomp_run1,vcomp,2026/04/14-17:10:30.830640,2,3,5,,,5,293113,
vcomp_run1,vcomp,2026/04/14-17:10:30.833293,2,3,3,,,2,108396,
vcomp_run1,vcomp,2026/04/14-17:10:30.833309,2,3,4,,,4,253659,
vcomp_run1,vcomp,2026/04/14-17:10:30.833329,2,3,8,,,6,402381,
vcomp_run1,vcomp,2026/04/14-17:10:30.833343,2,3,7,,,7,442537,
vcomp_run1,vcomp,2026/04/14-17:10:30.833360,2,3,7,,,7,443352,
vcomp_run1,vcomp,2026/04/14-17:10:30.833376,2,3,6,,,6,410100,
vcomp_run1,vcomp,2026/04/14-17:10:30.833391,2,3,8,,,8,493128,
vcomp_run1,vcomp,2026/04/14-17:10:30.833510,0,1,12,,,14,810940,
vcomp_run1,vcomp,2026/04/14-17:10:30.835804,1,2,3,,,3,153642,
vcomp_run1,vcomp,2026/04/14-17:10:30.837665,1,2,3,,,3,152151,
vcomp_run1,vcomp,2026/04/14-17:10:30.840920,1,2,3,,,3,193684,
vcomp_run1,vcomp,2026/04/14-17:10:30.844093,1,2,6,,,5,290168,
vcomp_run1,vcomp,2026/04/14-17:10:30.844105,1,2,2,,,1,22206,
vcomp_run1,vcomp,2026/04/14-17:10:30.844118,1,2,5,,,6,339372,
vcomp_run1,vcomp,2026/04/14-17:10:30.844133,3,4,3,,,2,80875,
vcomp_run1,vcomp,2026/04/14-17:10:30.844150,1,2,7,,,8,466733,
vcomp_run1,vcomp,2026/04/14-17:10:30.844162,3,4,4,,,3,131549,
vcomp_run1,vcomp,2026/04/14-17:10:30.844176,3,4,4,,,3,195628,
vcomp_run1,vcomp,2026/04/14-17:10:30.844193,3,4,4,,,4,208335,
vcomp_run1,vcomp,2026/04/14-17:10:30.844204,3,4,2,,,2,83499,
vcomp_run1,vcomp,2026/04/14-17:10:30.844219,3,4,4,,,4,232353,
vcomp_run1,vcomp,2026/04/14-17:10:30.844240,1,2,5,,,5,260212,
vcomp_run1,vcomp,2026/04/14-17:10:30.844252,3,4,4,,,3,189160,
vcomp_run1,vcomp,2026/04/14-17:10:30.844695,3,4,5,,,4,255760,
vcomp_run1,vcomp,2026/04/14-17:10:30.846654,1,2,5,,,5,301462,
vcomp_run1,vcomp,2026/04/14-17:10:30.850082,2,3,2,,,2,98486,
vcomp_run1,vcomp,2026/04/14-17:10:30.853039,2,3,7,,,5,311018,
vcomp_run1,vcomp,2026/04/14-17:10:30.853063,2,3,6,,,6,350304,
vcomp_run1,vcomp,2026/04/14-17:10:30.853075,2,3,3,,,2,163011,
vcomp_run1,vcomp,2026/04/14-17:10:30.853098,2,3,7,,,6,448288,
vcomp_run1,vcomp,2026/04/14-17:10:30.853115,2,3,8,,,9,557818,
vcomp_run1,vcomp,2026/04/14-17:10:30.853142,2,3,8,,,8,489943,
vcomp_run1,vcomp,2026/04/14-17:10:30.853160,2,3,8,,,7,506767,
vcomp_run1,vcomp,2026/04/14-17:10:30.853174,2,3,9,,,8,547847,
vcomp_run1,vcomp,2026/04/14-17:10:30.853354,0,1,13,,,15,828756,
vcomp_run1,vcomp,2026/04/14-17:10:30.855755,1,2,2,,,1,61384,
vcomp_run1,vcomp,2026/04/14-17:10:30.857603,1,2,3,,,3,160031,
vcomp_run1,vcomp,2026/04/14-17:10:30.861596,1,2,4,,,4,249700,
vcomp_run1,vcomp,2026/04/14-17:10:30.865031,1,2,3,,,4,176241,
vcomp_run1,vcomp,2026/04/14-17:10:30.865049,1,2,5,,,5,276859,
vcomp_run1,vcomp,2026/04/14-17:10:30.865061,1,2,3,,,3,165685,
vcomp_run1,vcomp,2026/04/14-17:10:30.865075,1,2,6,,,6,377034,
vcomp_run1,vcomp,2026/04/14-17:10:30.865089,1,2,4,,,4,261798,
vcomp_run1,vcomp,2026/04/14-17:10:30.865107,1,2,6,,,6,341064,
vcomp_run1,vcomp,2026/04/14-17:10:30.865122,3,4,3,,,3,161271,
vcomp_run1,vcomp,2026/04/14-17:10:30.865134,3,4,2,,,2,84596,
vcomp_run1,vcomp,2026/04/14-17:10:30.865159,1,2,7,,,8,454771,
vcomp_run1,vcomp,2026/04/14-17:10:30.865169,3,4,4,,,4,219509,
vcomp_run1,vcomp,2026/04/14-17:10:30.865187,3,4,5,,,5,291013,
vcomp_run1,vcomp,2026/04/14-17:10:30.865200,3,4,4,,,3,196306,
vcomp_run1,vcomp,2026/04/14-17:10:30.865216,3,4,3,,,2,111434,
vcomp_run1,vcomp,2026/04/14-17:10:30.865227,3,4,3,,,3,156611,
vcomp_run1,vcomp,2026/04/14-17:10:30.865646,3,4,5,,,4,215464,
vcomp_run1,vcomp,2026/04/14-17:10:30.867111,1,2,4,,,4,241428,
vcomp_run1,vcomp,2026/04/14-17:10:30.871428,2,3,4,,,5,283315,
vcomp_run1,vcomp,2026/04/14-17:10:30.874310,2,3,4,,,4,209146,
vcomp_run1,vcomp,2026/04/14-17:10:30.874331,2,3,6,,,5,381247,
vcomp_run1,vcomp,2026/04/14-17:10:30.874348,2,3,6,,,6,377912,
vcomp_run1,vcomp,2026/04/14-17:10:30.874365,0,1,12,,,12,767478,
vcomp_run1,vcomp,2026/04/14-17:10:30.874383,2,3,6,,,6,368191,
vcomp_run1,vcomp,2026/04/14-17:10:30.874396,2,3,7,,,6,392246,
vcomp_run1,vcomp,2026/04/14-17:10:30.874414,2,3,5,,,5,294309,
vcomp_run1,vcomp,2026/04/14-17:10:30.874430,2,3,6,,,6,393586,
vcomp_run1,vcomp,2026/04/14-17:10:30.874449,2,3,8,,,8,453663,
vcomp_run1,vcomp,2026/04/14-17:10:30.874611,2,3,7,,,7,436795,
vcomp_run1,vcomp,2026/04/14-17:10:30.877109,1,2,3,,,3,199047,
vcomp_run1,vcomp,2026/04/14-17:10:30.880462,1,2,4,,,4,227282,
vcomp_run1,vcomp,2026/04/14-17:10:30.883682,1,2,2,,,2,103056,
vcomp_run1,vcomp,2026/04/14-17:10:30.883699,1,2,4,,,5,268364,
vcomp_run1,vcomp,2026/04/14-17:10:30.883715,1,2,4,,,4,197079,
vcomp_run1,vcomp,2026/04/14-17:10:30.883726,3,4,2,,,2,86225,
vcomp_run1,vcomp,2026/04/14-17:10:30.883742,1,2,7,,,7,437836,
vcomp_run1,vcomp,2026/04/14-17:10:30.883758,1,2,5,,,6,324622,
vcomp_run1,vcomp,2026/04/14-17:10:30.883772,1,2,7,,,6,397679,
vcomp_run1,vcomp,2026/04/14-17:10:30.883789,3,4,4,,,4,234208,
vcomp_run1,vcomp,2026/04/14-17:10:30.883804,3,4,3,,,3,144788,
vcomp_run1,vcomp,2026/04/14-17:10:30.883820,3,4,6,,,5,271727,
vcomp_run1,vcomp,2026/04/14-17:10:30.883834,3,4,4,,,3,195709,
vcomp_run1,vcomp,2026/04/14-17:10:30.883846,3,4,4,,,4,223836,
vcomp_run1,vcomp,2026/04/14-17:10:30.884184,3,4,3,,,3,135919,
vcomp_run1,vcomp,2026/04/14-17:10:30.884217,3,4,5,,,4,228834,
vcomp_run1,vcomp,2026/04/14-17:10:30.885720,3,4,5,,,4,250666,
vcomp_run1,vcomp,2026/04/14-17:10:30.889091,2,3,6,,,6,349312,
vcomp_run1,vcomp,2026/04/14-17:10:30.891924,2,3,5,,,5,328769,
vcomp_run1,vcomp,2026/04/14-17:10:30.891939,2,3,7,,,7,465864,
vcomp_run1,vcomp,2026/04/14-17:10:30.891954,2,3,7,,,7,425672,
vcomp_run1,vcomp,2026/04/14-17:10:30.891972,2,3,6,,,6,416585,
vcomp_run1,vcomp,2026/04/14-17:10:30.891986,2,3,8,,,7,496406,
vcomp_run1,vcomp,2026/04/14-17:10:30.892007,0,1,12,,,14,778209,
vcomp_run1,vcomp,2026/04/14-17:10:30.892023,2,3,7,,,8,470958,
vcomp_run1,vcomp,2026/04/14-17:10:30.892172,2,3,7,,,7,463350,
vcomp_run1,vcomp,2026/04/14-17:10:30.896773,1,2,3,,,2,113402,
vcomp_run1,vcomp,2026/04/14-17:10:30.899869,1,2,2,,,3,127134,
vcomp_run1,vcomp,2026/04/14-17:10:30.899882,1,2,3,,,3,183047,
vcomp_run1,vcomp,2026/04/14-17:10:30.899904,1,2,4,,,4,224456,
vcomp_run1,vcomp,2026/04/14-17:10:30.899923,1,2,7,,,5,332557,
vcomp_run1,vcomp,2026/04/14-17:10:30.899940,3,4,3,,,3,173987,
vcomp_run1,vcomp,2026/04/14-17:10:30.899963,1,2,6,,,7,395713,
vcomp_run1,vcomp,2026/04/14-17:10:30.899983,3,4,4,,,3,176692,
vcomp_run1,vcomp,2026/04/14-17:10:30.899999,1,2,6,,,5,311133,
vcomp_run1,vcomp,2026/04/14-17:10:30.900019,3,4,4,,,4,223380,
vcomp_run1,vcomp,2026/04/14-17:10:30.900034,3,4,3,,,3,160015,
vcomp_run1,vcomp,2026/04/14-17:10:30.900046,3,4,3,,,3,136878,
vcomp_run1,vcomp,2026/04/14-17:10:30.900059,3,4,3,,,3,158812,
vcomp_run1,vcomp,2026/04/14-17:10:30.900201,3,4,5,,,4,249535,
vcomp_run1,vcomp,2026/04/14-17:10:30.904579,1,2,4,,,4,209065,
vcomp_run1,vcomp,2026/04/14-17:10:30.906513,1,2,6,,,6,387672,
vcomp_run1,vcomp,2026/04/14-17:10:30.907242,0,0,8,,,8,524233,
vcomp_run1,vcomp,2026/04/14-17:10:30.908678,2,3,7,,,6,395223,
vcomp_run1,vcomp,2026/04/14-17:10:30.909866,2,3,6,,,6,357522,
vcomp_run1,vcomp,2026/04/14-17:10:30.911662,0,0,7,,,7,458697,
vcomp_run1,vcomp,2026/04/14-17:10:30.911683,2,3,7,,,7,419965,
vcomp_run1,vcomp,2026/04/14-17:10:30.911696,2,3,6,,,8,432527,
vcomp_run1,vcomp,2026/04/14-17:10:30.911715,2,3,8,,,9,544544,
vcomp_run1,vcomp,2026/04/14-17:10:30.911730,2,3,8,,,8,502237,
vcomp_run1,vcomp,2026/04/14-17:10:30.912032,2,3,8,,,10,571075,
vcomp_run1,vcomp,2026/04/14-17:10:30.912178,2,3,5,,,5,300144,
vcomp_run1,vcomp,2026/04/14-17:10:30.915581,0,1,2,,,2,127060,
vcomp_run1,vcomp,2026/04/14-17:10:30.918565,3,4,4,,,3,175338,
vcomp_run1,vcomp,2026/04/14-17:10:30.918661,3,4,5,,,5,269536,
vcomp_run1,vcomp,2026/04/14-17:10:30.918681,3,4,2,,,2,89170,
vcomp_run1,vcomp,2026/04/14-17:10:30.918732,1,2,5,,,5,298739,
vcomp_run1,vcomp,2026/04/14-17:10:30.918763,3,4,3,,,3,169047,
vcomp_run1,vcomp,2026/04/14-17:10:30.918780,3,4,3,,,3,154868,
vcomp_run1,vcomp,2026/04/14-17:10:30.918836,0,0,6,,,6,393161,
vcomp_run1,vcomp,2026/04/14-17:10:30.918842,3,4,3,,,2,128349,
vcomp_run1,vcomp,2026/04/14-17:10:30.919164,3,4,3,,,2,122910,
vcomp_run1,vcomp,2026/04/14-17:10:30.919181,3,4,4,,,3,188593,
vcomp_run1,vcomp,2026/04/14-17:10:30.919185,3,4,3,,,3,157737,
vcomp_run1,vcomp,2026/04/14-17:10:30.921186,1,2,3,,,3,139673,
vcomp_run1,vcomp,2026/04/14-17:10:30.921796,1,2,6,,,7,373151,
vcomp_run1,vcomp,2026/04/14-17:10:30.925783,2,3,6,,,6,360231,
vcomp_run1,vcomp,2026/04/14-17:10:30.925861,2,3,7,,,6,403673,
vcomp_run1,vcomp,2026/04/14-17:10:30.925875,2,3,5,,,5,300120,
vcomp_run1,vcomp,2026/04/14-17:10:30.926097,0,1,14,,,13,869248,
vcomp_run1,vcomp,2026/04/14-17:10:30.928476,1,2,4,,,4,226289,
vcomp_run1,vcomp,2026/04/14-17:10:30.931187,1,2,6,,,6,333679,
vcomp_run1,vcomp,2026/04/14-17:10:30.931200,1,2,4,,,5,281623,
vcomp_run1,vcomp,2026/04/14-17:10:30.931217,1,2,6,,,5,324153,
vcomp_run1,vcomp,2026/04/14-17:10:30.931236,1,2,5,,,4,246926,
vcomp_run1,vcomp,2026/04/14-17:10:30.931252,3,4,5,,,4,252214,
vcomp_run1,vcomp,2026/04/14-17:10:30.931266,3,4,3,,,3,156573,
vcomp_run1,vcomp,2026/04/14-17:10:30.931400,1,2,8,,,8,447203,
vcomp_run1,vcomp,2026/04/14-17:10:30.935506,1,2,5,,,5,279423,
vcomp_run1,vcomp,2026/04/14-17:10:30.937633,1,2,5,,,5,266844,
vcomp_run1,vcomp,2026/04/14-17:10:30.937718,1,2,6,,,6,363859,
vcomp_run1,vcomp,2026/04/14-17:10:30.938248,0,0,8,,,8,524228,
vcomp_run1,vcomp,2026/04/14-17:10:30.943978,2,3,4,,,4,259477,
vcomp_run1,vcomp,2026/04/14-17:10:30.944000,0,0,7,,,7,458692,
vcomp_run1,vcomp,2026/04/14-17:10:30.944016,2,3,5,,,6,352926,
vcomp_run1,vcomp,2026/04/14-17:10:30.944036,2,3,6,,,7,448924,
vcomp_run1,vcomp,2026/04/14-17:10:30.944051,2,3,7,,,7,424307,
vcomp_run1,vcomp,2026/04/14-17:10:30.944068,2,3,5,,,4,232397,
vcomp_run1,vcomp,2026/04/14-17:10:30.944085,2,3,7,,,7,387284,
vcomp_run1,vcomp,2026/04/14-17:10:30.944103,2,3,7,,,7,405592,
vcomp_run1,vcomp,2026/04/14-17:10:30.944116,2,3,7,,,6,384645,
vcomp_run1,vcomp,2026/04/14-17:10:30.944134,2,3,8,,,8,555719,
vcomp_run1,vcomp,2026/04/14-17:10:30.944565,2,3,7,,,7,423815,
vcomp_run1,vcomp,2026/04/14-17:10:30.947138,1,2,6,,,5,302501,
vcomp_run1,vcomp,2026/04/14-17:10:30.948913,3,4,3,,,3,141864,
vcomp_run1,vcomp,2026/04/14-17:10:30.950989,3,4,6,,,5,302456,
vcomp_run1,vcomp,2026/04/14-17:10:30.951003,2,3,7,,,7,472138,
vcomp_run1,vcomp,2026/04/14-17:10:30.951112,0,1,15,,,16,963565,
vcomp_run1,vcomp,2026/04/14-17:10:30.953254,1,2,2,,,2,118226,
vcomp_run1,vcomp,2026/04/14-17:10:30.955147,1,2,3,,,4,181386,
vcomp_run1,vcomp,2026/04/14-17:10:30.958866,1,2,3,,,3,154730,
vcomp_run1,vcomp,2026/04/14-17:10:30.962149,1,2,5,,,5,310798,
vcomp_run1,vcomp,2026/04/14-17:10:30.962168,1,2,5,,,6,321809,
vcomp_run1,vcomp,2026/04/14-17:10:30.962183,1,2,4,,,4,206682,
vcomp_run1,vcomp,2026/04/14-17:10:30.962199,1,2,5,,,5,310020,
vcomp_run1,vcomp,2026/04/14-17:10:30.962212,1,2,4,,,4,234880,
vcomp_run1,vcomp,2026/04/14-17:10:30.962227,3,4,4,,,4,202001,
vcomp_run1,vcomp,2026/04/14-17:10:30.962248,1,2,4,,,4,228622,
vcomp_run1,vcomp,2026/04/14-17:10:30.962261,3,4,4,,,3,192010,
vcomp_run1,vcomp,2026/04/14-17:10:30.962278,3,4,6,,,5,322256,
vcomp_run1,vcomp,2026/04/14-17:10:30.962293,3,4,4,,,4,197345,
vcomp_run1,vcomp,2026/04/14-17:10:30.962307,3,4,3,,,3,158526,
vcomp_run1,vcomp,2026/04/14-17:10:30.962321,3,4,3,,,3,154524,
vcomp_run1,vcomp,2026/04/14-17:10:30.962337,3,4,4,,,4,212916,
vcomp_run1,vcomp,2026/04/14-17:10:30.962566,3,4,4,,,4,227003,
vcomp_run1,vcomp,2026/04/14-17:10:30.964691,1,2,6,,,6,330878,
vcomp_run1,vcomp,2026/04/14-17:10:30.966811,1,2,4,,,4,210715,
vcomp_run1,vcomp,2026/04/14-17:10:30.967258,1,2,5,,,4,224500,
vcomp_run1,vcomp,2026/04/14-17:10:30.969351,2,3,4,,,5,262092,
vcomp_run1,vcomp,2026/04/14-17:10:30.969369,2,3,7,,,6,385500,
vcomp_run1,vcomp,2026/04/14-17:10:30.969386,2,3,6,,,6,379995,
vcomp_run1,vcomp,2026/04/14-17:10:30.969815,2,3,6,,,7,468636,
vcomp_run1,vcomp,2026/04/14-17:10:30.972734,2,3,3,,,3,154612,
vcomp_run1,vcomp,2026/04/14-17:10:30.972756,0,1,12,,,13,780945,
vcomp_run1,vcomp,2026/04/14-17:10:30.972769,2,3,4,,,4,230524,
vcomp_run1,vcomp,2026/04/14-17:10:30.972784,2,3,7,,,6,387016,
vcomp_run1,vcomp,2026/04/14-17:10:30.972801,2,3,6,,,6,366724,
vcomp_run1,vcomp,2026/04/14-17:10:30.972814,2,3,4,,,4,265200,
vcomp_run1,vcomp,2026/04/14-17:10:30.972831,2,3,6,,,6,382478,
vcomp_run1,vcomp,2026/04/14-17:10:30.972848,2,3,7,,,7,435951,
vcomp_run1,vcomp,2026/04/14-17:10:30.972985,2,3,8,,,7,457476,
vcomp_run1,vcomp,2026/04/14-17:10:30.975624,1,2,4,,,4,222240,
vcomp_run1,vcomp,2026/04/14-17:10:30.979380,1,2,3,,,3,174514,
vcomp_run1,vcomp,2026/04/14-17:10:30.982628,1,2,3,,,3,170807,
vcomp_run1,vcomp,2026/04/14-17:10:30.982642,1,2,6,,,6,368803,
vcomp_run1,vcomp,2026/04/14-17:10:30.982653,1,2,5,,,5,273080,
vcomp_run1,vcomp,2026/04/14-17:10:30.982671,1,2,7,,,7,437223,
vcomp_run1,vcomp,2026/04/14-17:10:30.982685,3,4,3,,,3,164136,
vcomp_run1,vcomp,2026/04/14-17:10:30.982700,3,4,6,,,5,299734,
vcomp_run1,vcomp,2026/04/14-17:10:30.982717,3,4,4,,,4,231635,
vcomp_run1,vcomp,2026/04/14-17:10:30.982737,3,4,5,,,4,247686,
vcomp_run1,vcomp,2026/04/14-17:10:30.982750,3,4,4,,,3,163624,
vcomp_run1,vcomp,2026/04/14-17:10:30.982767,3,4,4,,,3,195159,
vcomp_run1,vcomp,2026/04/14-17:10:30.982784,3,4,4,,,4,218525,
vcomp_run1,vcomp,2026/04/14-17:10:30.982803,3,4,3,,,3,156763,
vcomp_run1,vcomp,2026/04/14-17:10:30.983358,1,2,5,,,5,251899,
vcomp_run1,vcomp,2026/04/14-17:10:30.983392,3,4,4,,,4,230097,
vcomp_run1,vcomp,2026/04/14-17:10:30.985101,3,4,7,,,7,412704,
vcomp_run1,vcomp,2026/04/14-17:10:30.985245,1,2,6,,,7,387399,
vcomp_run1,vcomp,2026/04/14-17:10:30.987898,1,2,3,,,3,158382,
vcomp_run1,vcomp,2026/04/14-17:10:30.992228,2,3,6,,,7,410767,
vcomp_run1,vcomp,2026/04/14-17:10:30.995171,2,3,6,,,6,377734,
vcomp_run1,vcomp,2026/04/14-17:10:30.995186,0,1,12,,,13,785588,
vcomp_run1,vcomp,2026/04/14-17:10:30.995202,2,3,6,,,6,359813,
vcomp_run1,vcomp,2026/04/14-17:10:30.995217,2,3,6,,,7,444788,
vcomp_run1,vcomp,2026/04/14-17:10:30.995235,2,3,8,,,6,455808,
vcomp_run1,vcomp,2026/04/14-17:10:30.995251,2,3,6,,,6,393187,
vcomp_run1,vcomp,2026/04/14-17:10:30.995262,2,3,7,,,7,432599,
vcomp_run1,vcomp,2026/04/14-17:10:30.995277,2,3,7,,,6,436014,
vcomp_run1,vcomp,2026/04/14-17:10:30.995422,2,3,7,,,7,485922,
vcomp_run1,vcomp,2026/04/14-17:10:30.997765,1,2,4,,,3,145594,
vcomp_run1,vcomp,2026/04/14-17:10:31.001496,1,2,4,,,4,207056,
vcomp_run1,vcomp,2026/04/14-17:10:31.004738,1,2,4,,,5,263978,
vcomp_run1,vcomp,2026/04/14-17:10:31.004752,1,2,2,,,2,110572,
vcomp_run1,vcomp,2026/04/14-17:10:31.004765,1,2,5,,,4,256177,
vcomp_run1,vcomp,2026/04/14-17:10:31.004786,1,2,5,,,4,235582,
vcomp_run1,vcomp,2026/04/14-17:10:31.004798,1,2,3,,,3,171492,
vcomp_run1,vcomp,2026/04/14-17:10:31.004812,3,4,2,,,2,82959,
vcomp_run1,vcomp,2026/04/14-17:10:31.004831,3,4,2,,,2,90243,
vcomp_run1,vcomp,2026/04/14-17:10:31.004844,3,4,3,,,3,163121,
vcomp_run1,vcomp,2026/04/14-17:10:31.004861,1,2,7,,,7,448455,
vcomp_run1,vcomp,2026/04/14-17:10:31.004874,3,4,4,,,3,195616,
vcomp_run1,vcomp,2026/04/14-17:10:31.004888,3,4,5,,,4,248170,
vcomp_run1,vcomp,2026/04/14-17:10:31.004902,3,4,4,,,3,176822,
vcomp_run1,vcomp,2026/04/14-17:10:31.004916,3,4,4,,,4,220229,
vcomp_run1,vcomp,2026/04/14-17:10:31.004932,3,4,4,,,3,163974,
vcomp_run1,vcomp,2026/04/14-17:10:31.005422,3,4,5,,,5,270812,
vcomp_run1,vcomp,2026/04/14-17:10:31.007519,1,2,7,,,6,357854,
vcomp_run1,vcomp,2026/04/14-17:10:31.011725,2,3,4,,,5,252037,
vcomp_run1,vcomp,2026/04/14-17:10:31.014404,2,3,6,,,6,363674,
vcomp_run1,vcomp,2026/04/14-17:10:31.014418,2,3,6,,,6,388043,
vcomp_run1,vcomp,2026/04/14-17:10:31.014431,2,3,6,,,6,372744,
vcomp_run1,vcomp,2026/04/14-17:10:31.014447,0,1,12,,,13,795389,
vcomp_run1,vcomp,2026/04/14-17:10:31.014465,2,3,10,,,9,596898,
vcomp_run1,vcomp,2026/04/14-17:10:31.014489,2,3,8,,,8,505617,
vcomp_run1,vcomp,2026/04/14-17:10:31.014622,2,3,7,,,8,464865,
vcomp_run1,vcomp,2026/04/14-17:10:31.018821,1,2,4,,,4,201068,
vcomp_run1,vcomp,2026/04/14-17:10:31.021821,1,2,4,,,4,262636,
vcomp_run1,vcomp,2026/04/14-17:10:31.021833,1,2,3,,,3,178872,
vcomp_run1,vcomp,2026/04/14-17:10:31.021849,3,4,3,,,2,130781,
vcomp_run1,vcomp,2026/04/14-17:10:31.021864,1,2,5,,,5,273829,
vcomp_run1,vcomp,2026/04/14-17:10:31.021878,3,4,5,,,5,265975,
vcomp_run1,vcomp,2026/04/14-17:10:31.021892,3,4,6,,,5,269542,
vcomp_run1,vcomp,2026/04/14-17:10:31.021907,3,4,3,,,3,156136,
vcomp_run1,vcomp,2026/04/14-17:10:31.021926,3,4,4,,,3,188633,
vcomp_run1,vcomp,2026/04/14-17:10:31.021939,3,4,4,,,4,211967,
vcomp_run1,vcomp,2026/04/14-17:10:31.021957,3,4,5,,,5,267735,
vcomp_run1,vcomp,2026/04/14-17:10:31.022689,1,2,5,,,5,307041,
vcomp_run1,vcomp,2026/04/14-17:10:31.024180,1,2,6,,,6,351784,
vcomp_run1,vcomp,2026/04/14-17:10:31.024299,1,2,6,,,5,318109,
vcomp_run1,vcomp,2026/04/14-17:10:31.027945,1,2,5,,,5,285381,
vcomp_run1,vcomp,2026/04/14-17:10:31.029835,0,0,8,,,8,524227,
vcomp_run1,vcomp,2026/04/14-17:10:31.030827,1,2,5,,,5,247977,
vcomp_run1,vcomp,2026/04/14-17:10:31.032316,2,3,5,,,5,310336,
vcomp_run1,vcomp,2026/04/14-17:10:31.032335,2,3,5,,,5,343480,
vcomp_run1,vcomp,2026/04/14-17:10:31.032350,2,3,7,,,7,440744,
vcomp_run1,vcomp,2026/04/14-17:10:31.032363,2,3,6,,,8,463883,
vcomp_run1,vcomp,2026/04/14-17:10:31.032815,2,3,6,,,6,439586,
vcomp_run1,vcomp,2026/04/14-17:10:31.035238,0,1,3,,,4,196468,
vcomp_run1,vcomp,2026/04/14-17:10:31.035254,0,0,6,,,6,393155,
vcomp_run1,vcomp,2026/04/14-17:10:31.035270,2,3,8,,,8,494260,
vcomp_run1,vcomp,2026/04/14-17:10:31.035282,2,3,8,,,8,467984,
vcomp_run1,vcomp,2026/04/14-17:10:31.035300,2,3,7,,,8,456751,
vcomp_run1,vcomp,2026/04/14-17:10:31.035417,2,3,8,,,7,448534,
vcomp_run1,vcomp,2026/04/14-17:10:31.041547,1,2,3,,,3,178157,
vcomp_run1,vcomp,2026/04/14-17:10:31.041566,0,0,5,,,5,327619,
vcomp_run1,vcomp,2026/04/14-17:10:31.041582,1,2,5,,,4,243909,
vcomp_run1,vcomp,2026/04/14-17:10:31.041596,1,2,5,,,5,295406,
vcomp_run1,vcomp,2026/04/14-17:10:31.041615,3,4,3,,,2,118048,
vcomp_run1,vcomp,2026/04/14-17:10:31.041630,3,4,4,,,3,176407,
vcomp_run1,vcomp,2026/04/14-17:10:31.041641,3,4,3,,,3,131389,
vcomp_run1,vcomp,2026/04/14-17:10:31.041656,3,4,4,,,3,192489,
vcomp_run1,vcomp,2026/04/14-17:10:31.041674,3,4,6,,,6,342497,
vcomp_run1,vcomp,2026/04/14-17:10:31.041685,3,4,3,,,3,154327,
vcomp_run1,vcomp,2026/04/14-17:10:31.041705,3,4,4,,,4,230561,
vcomp_run1,vcomp,2026/04/14-17:10:31.042405,3,4,6,,,5,318355,
vcomp_run1,vcomp,2026/04/14-17:10:31.044402,1,2,5,,,5,301600,
vcomp_run1,vcomp,2026/04/14-17:10:31.047400,2,3,6,,,5,345260,
vcomp_run1,vcomp,2026/04/14-17:10:31.049880,2,3,4,,,4,256648,
vcomp_run1,vcomp,2026/04/14-17:10:31.049894,2,3,6,,,5,334703,
vcomp_run1,vcomp,2026/04/14-17:10:31.049910,2,3,8,,,8,486425,
vcomp_run1,vcomp,2026/04/14-17:10:31.050028,0,1,13,,,12,801649,
vcomp_run1,vcomp,2026/04/14-17:10:31.052377,1,2,5,,,5,318984,
vcomp_run1,vcomp,2026/04/14-17:10:31.054320,1,2,4,,,4,223807,
vcomp_run1,vcomp,2026/04/14-17:10:31.056256,1,2,5,,,5,278770,
vcomp_run1,vcomp,2026/04/14-17:10:31.058238,1,2,6,,,5,284222,
vcomp_run1,vcomp,2026/04/14-17:10:31.061758,1,2,4,,,4,246525,
vcomp_run1,vcomp,2026/04/14-17:10:31.064307,1,2,6,,,6,317778,
vcomp_run1,vcomp,2026/04/14-17:10:31.065604,0,0,8,,,8,524227,
vcomp_run1,vcomp,2026/04/14-17:10:31.065626,1,2,6,,,6,356733,
vcomp_run1,vcomp,2026/04/14-17:10:31.065643,3,4,4,,,4,200112,
vcomp_run1,vcomp,2026/04/14-17:10:31.065713,1,2,5,,,6,342782,
vcomp_run1,vcomp,2026/04/14-17:10:31.065727,3,4,3,,,2,98909,
vcomp_run1,vcomp,2026/04/14-17:10:31.065766,1,2,4,,,5,261908,
vcomp_run1,vcomp,2026/04/14-17:10:31.065935,3,4,4,,,4,214221,
vcomp_run1,vcomp,2026/04/14-17:10:31.067061,0,1,3,,,4,199759,
vcomp_run1,vcomp,2026/04/14-17:10:31.070029,2,3,5,,,5,305338,
vcomp_run1,vcomp,2026/04/14-17:10:31.070046,2,3,5,,,5,329571,
vcomp_run1,vcomp,2026/04/14-17:10:31.070060,2,3,4,,,4,230738,
vcomp_run1,vcomp,2026/04/14-17:10:31.070078,2,3,6,,,6,426104,
vcomp_run1,vcomp,2026/04/14-17:10:31.070091,2,3,7,,,7,418188,
vcomp_run1,vcomp,2026/04/14-17:10:31.070104,2,3,7,,,7,429585,
vcomp_run1,vcomp,2026/04/14-17:10:31.070119,2,3,7,,,8,458219,
vcomp_run1,vcomp,2026/04/14-17:10:31.070134,2,3,7,,,6,465604,
vcomp_run1,vcomp,2026/04/14-17:10:31.070677,0,0,6,,,6,393155,
vcomp_run1,vcomp,2026/04/14-17:10:31.070785,2,3,5,,,5,305517,
vcomp_run1,vcomp,2026/04/14-17:10:31.072392,1,2,4,,,4,230174,
vcomp_run1,vcomp,2026/04/14-17:10:31.072662,1,2,7,,,6,376551,
vcomp_run1,vcomp,2026/04/14-17:10:31.074704,2,3,4,,,4,270247,
vcomp_run1,vcomp,2026/04/14-17:10:31.076656,2,3,5,,,6,336721,
vcomp_run1,vcomp,2026/04/14-17:10:31.077119,0,1,14,,,15,864380,
vcomp_run1,vcomp,2026/04/14-17:10:31.079621,3,4,3,,,2,92999,
vcomp_run1,vcomp,2026/04/14-17:10:31.079637,3,4,3,,,3,149108,
vcomp_run1,vcomp,2026/04/14-17:10:31.079653,3,4,4,,,3,180884,
vcomp_run1,vcomp,2026/04/14-17:10:31.079669,3,4,4,,,4,226195,
vcomp_run1,vcomp,2026/04/14-17:10:31.080095,3,4,3,,,3,156632,
vcomp_run1,vcomp,2026/04/14-17:10:31.083566,1,2,3,,,3,180075,
vcomp_run1,vcomp,2026/04/14-17:10:31.086981,1,2,3,,,3,172978,
vcomp_run1,vcomp,2026/04/14-17:10:31.087003,1,2,6,,,6,389261,
vcomp_run1,vcomp,2026/04/14-17:10:31.087019,1,2,3,,,3,167289,
vcomp_run1,vcomp,2026/04/14-17:10:31.087031,3,4,3,,,2,85299,
vcomp_run1,vcomp,2026/04/14-17:10:31.087049,1,2,5,,,5,292810,
vcomp_run1,vcomp,2026/04/14-17:10:31.087063,1,2,5,,,5,300162,
vcomp_run1,vcomp,2026/04/14-17:10:31.087081,1,2,5,,,5,304232,
vcomp_run1,vcomp,2026/04/14-17:10:31.087094,3,4,4,,,4,217887,
vcomp_run1,vcomp,2026/04/14-17:10:31.087106,3,4,4,,,3,177957,
vcomp_run1,vcomp,2026/04/14-17:10:31.087128,1,2,6,,,7,415313,
vcomp_run1,vcomp,2026/04/14-17:10:31.087139,3,4,4,,,3,182349,
vcomp_run1,vcomp,2026/04/14-17:10:31.087149,3,4,4,,,3,192447,
vcomp_run1,vcomp,2026/04/14-17:10:31.087165,3,4,6,,,6,356152,
vcomp_run1,vcomp,2026/04/14-17:10:31.087303,1,2,3,,,4,189697,
vcomp_run1,vcomp,2026/04/14-17:10:31.089826,1,2,3,,,3,186176,
vcomp_run1,vcomp,2026/04/14-17:10:31.091684,2,3,2,,,2,102564,
vcomp_run1,vcomp,2026/04/14-17:10:31.095454,2,3,2,,,1,74484,
vcomp_run1,vcomp,2026/04/14-17:10:31.098530,2,3,5,,,5,351933,
vcomp_run1,vcomp,2026/04/14-17:10:31.098542,2,3,7,,,7,435782,
vcomp_run1,vcomp,2026/04/14-17:10:31.098560,2,3,4,,,4,226709,
vcomp_run1,vcomp,2026/04/14-17:10:31.098581,2,3,8,,,7,467263,
vcomp_run1,vcomp,2026/04/14-17:10:31.098598,2,3,6,,,6,424025,
vcomp_run1,vcomp,2026/04/14-17:10:31.098614,2,3,7,,,8,479845,
vcomp_run1,vcomp,2026/04/14-17:10:31.098630,0,1,13,,,13,808140,
vcomp_run1,vcomp,2026/04/14-17:10:31.098651,2,3,8,,,8,474947,
vcomp_run1,vcomp,2026/04/14-17:10:31.098668,2,3,8,,,9,504886,
vcomp_run1,vcomp,2026/04/14-17:10:31.098807,2,3,7,,,7,401408,
vcomp_run1,vcomp,2026/04/14-17:10:31.101363,1,2,3,,,3,157437,
vcomp_run1,vcomp,2026/04/14-17:10:31.103239,1,2,4,,,4,223124,
vcomp_run1,vcomp,2026/04/14-17:10:31.106461,1,2,3,,,3,165595,
vcomp_run1,vcomp,2026/04/14-17:10:31.109796,1,2,4,,,3,177424,
vcomp_run1,vcomp,2026/04/14-17:10:31.109812,1,2,4,,,5,240925,
vcomp_run1,vcomp,2026/04/14-17:10:31.109828,1,2,4,,,4,205531,
vcomp_run1,vcomp,2026/04/14-17:10:31.109847,1,2,6,,,6,373279,
vcomp_run1,vcomp,2026/04/14-17:10:31.109860,3,4,3,,,2,116113,
vcomp_run1,vcomp,2026/04/14-17:10:31.109875,1,2,6,,,5,302466,
vcomp_run1,vcomp,2026/04/14-17:10:31.109890,3,4,4,,,3,190119,
vcomp_run1,vcomp,2026/04/14-17:10:31.109908,3,4,4,,,4,232448,
vcomp_run1,vcomp,2026/04/14-17:10:31.109928,1,2,7,,,7,441612,
vcomp_run1,vcomp,2026/04/14-17:10:31.109943,3,4,5,,,5,264505,
vcomp_run1,vcomp,2026/04/14-17:10:31.109955,3,4,5,,,4,237522,
vcomp_run1,vcomp,2026/04/14-17:10:31.109971,3,4,6,,,5,290239,
vcomp_run1,vcomp,2026/04/14-17:10:31.109991,3,4,4,,,3,191160,
vcomp_run1,vcomp,2026/04/14-17:10:31.110006,3,4,4,,,3,180869,
vcomp_run1,vcomp,2026/04/14-17:10:31.110415,3,4,4,,,4,216854,
vcomp_run1,vcomp,2026/04/14-17:10:31.112400,1,2,6,,,6,358440,
vcomp_run1,vcomp,2026/04/14-17:10:31.116198,2,3,4,,,4,230755,
vcomp_run1,vcomp,2026/04/14-17:10:31.119189,2,3,2,,,2,74178,
vcomp_run1,vcomp,2026/04/14-17:10:31.119206,2,3,6,,,6,343705,
vcomp_run1,vcomp,2026/04/14-17:10:31.119227,2,3,7,,,7,456004,
vcomp_run1,vcomp,2026/04/14-17:10:31.119241,2,3,6,,,6,351222,
vcomp_run1,vcomp,2026/04/14-17:10:31.119260,2,3,8,,,8,467167,
vcomp_run1,vcomp,2026/04/14-17:10:31.119283,0,1,11,,,12,750434,
vcomp_run1,vcomp,2026/04/14-17:10:31.119299,2,3,7,,,8,432848,
vcomp_run1,vcomp,2026/04/14-17:10:31.119315,2,3,7,,,7,423174,
vcomp_run1,vcomp,2026/04/14-17:10:31.119331,2,3,7,,,7,442846,
vcomp_run1,vcomp,2026/04/14-17:10:31.119487,2,3,8,,,8,473627,
vcomp_run1,vcomp,2026/04/14-17:10:31.124453,1,2,4,,,4,227582,
vcomp_run1,vcomp,2026/04/14-17:10:31.129801,1,2,5,,,5,314444,
vcomp_run1,vcomp,2026/04/14-17:10:31.133367,1,2,6,,,6,354757,
vcomp_run1,vcomp,2026/04/14-17:10:31.133384,1,2,2,,,2,65215,
vcomp_run1,vcomp,2026/04/14-17:10:31.133403,1,2,5,,,6,353799,
vcomp_run1,vcomp,2026/04/14-17:10:31.133414,3,4,2,,,2,89787,
vcomp_run1,vcomp,2026/04/14-17:10:31.133430,1,2,5,,,6,331523,
vcomp_run1,vcomp,2026/04/14-17:10:31.133444,1,2,6,,,6,345864,
vcomp_run1,vcomp,2026/04/14-17:10:31.133467,1,2,5,,,5,317337,
vcomp_run1,vcomp,2026/04/14-17:10:31.133483,3,4,3,,,2,95803,
vcomp_run1,vcomp,2026/04/14-17:10:31.133500,3,4,2,,,2,86346,
vcomp_run1,vcomp,2026/04/14-17:10:31.133517,3,4,3,,,3,163804,
vcomp_run1,vcomp,2026/04/14-17:10:31.133528,3,4,4,,,4,212554,
vcomp_run1,vcomp,2026/04/14-17:10:31.133549,3,4,3,,,3,156838,
vcomp_run1,vcomp,2026/04/14-17:10:31.133579,3,4,4,,,3,157518,
vcomp_run1,vcomp,2026/04/14-17:10:31.135751,3,4,5,,,4,258020,
vcomp_run1,vcomp,2026/04/14-17:10:31.135983,3,4,5,,,5,291966,
vcomp_run1,vcomp,2026/04/14-17:10:31.140962,2,3,6,,,6,349289,
vcomp_run1,vcomp,2026/04/14-17:10:31.144203,2,3,7,,,7,435428,
vcomp_run1,vcomp,2026/04/14-17:10:31.144217,2,3,7,,,8,426539,
vcomp_run1,vcomp,2026/04/14-17:10:31.144236,2,3,6,,,7,418904,
vcomp_run1,vcomp,2026/04/14-17:10:31.144253,0,1,12,,,12,786343,
vcomp_run1,vcomp,2026/04/14-17:10:31.144274,2,3,7,,,8,459910,
vcomp_run1,vcomp,2026/04/14-17:10:31.144291,2,3,7,,,7,419138,
vcomp_run1,vcomp,2026/04/14-17:10:31.144407,2,3,10,,,10,621697,
vcomp_run1,vcomp,2026/04/14-17:10:31.148631,1,2,3,,,4,206868,
vcomp_run1,vcomp,2026/04/14-17:10:31.151884,1,2,5,,,4,262515,
vcomp_run1,vcomp,2026/04/14-17:10:31.151904,1,2,5,,,5,290166,
vcomp_run1,vcomp,2026/04/14-17:10:31.151915,3,4,2,,,2,97753,
vcomp_run1,vcomp,2026/04/14-17:10:31.151931,1,2,7,,,7,411700,
vcomp_run1,vcomp,2026/04/14-17:10:31.151945,3,4,3,,,3,168839,
vcomp_run1,vcomp,2026/04/14-17:10:31.151964,3,4,3,,,3,155819,
vcomp_run1,vcomp,2026/04/14-17:10:31.151978,1,2,6,,,6,325624,
vcomp_run1,vcomp,2026/04/14-17:10:31.151997,1,2,7,,,7,464049,
vcomp_run1,vcomp,2026/04/14-17:10:31.152016,3,4,5,,,4,196886,
vcomp_run1,vcomp,2026/04/14-17:10:31.152032,3,4,4,,,3,194468,
vcomp_run1,vcomp,2026/04/14-17:10:31.152046,3,4,4,,,3,193731,
vcomp_run1,vcomp,2026/04/14-17:10:31.152163,3,4,5,,,5,267977,
vcomp_run1,vcomp,2026/04/14-17:10:31.154920,1,2,6,,,5,319167,
vcomp_run1,vcomp,2026/04/14-17:10:31.159186,2,3,7,,,6,357377,
vcomp_run1,vcomp,2026/04/14-17:10:31.162314,2,3,6,,,6,397773,
vcomp_run1,vcomp,2026/04/14-17:10:31.162329,2,3,6,,,7,402949,
vcomp_run1,vcomp,2026/04/14-17:10:31.162360,2,3,8,,,7,482639,
vcomp_run1,vcomp,2026/04/14-17:10:31.162381,0,1,13,,,14,810743,
vcomp_run1,vcomp,2026/04/14-17:10:31.162395,2,3,7,,,7,453011,
vcomp_run1,vcomp,2026/04/14-17:10:31.162420,2,3,7,,,7,484507,
vcomp_run1,vcomp,2026/04/14-17:10:31.162569,2,3,6,,,6,395427,
vcomp_run1,vcomp,2026/04/14-17:10:31.167407,1,2,3,,,3,178975,
vcomp_run1,vcomp,2026/04/14-17:10:31.170605,1,2,4,,,4,202040,
vcomp_run1,vcomp,2026/04/14-17:10:31.170623,1,2,4,,,4,253261,
vcomp_run1,vcomp,2026/04/14-17:10:31.170636,1,2,3,,,3,169261,
vcomp_run1,vcomp,2026/04/14-17:10:31.170653,1,2,4,,,4,217604,
vcomp_run1,vcomp,2026/04/14-17:10:31.170667,1,2,5,,,5,272793,
vcomp_run1,vcomp,2026/04/14-17:10:31.170685,1,2,6,,,6,377470,
vcomp_run1,vcomp,2026/04/14-17:10:31.170698,3,4,3,,,2,91924,
vcomp_run1,vcomp,2026/04/14-17:10:31.170716,3,4,4,,,4,206764,
vcomp_run1,vcomp,2026/04/14-17:10:31.170730,3,4,4,,,3,163805,
vcomp_run1,vcomp,2026/04/14-17:10:31.170751,3,4,3,,,3,154526,
vcomp_run1,vcomp,2026/04/14-17:10:31.170765,3,4,6,,,5,292036,
vcomp_run1,vcomp,2026/04/14-17:10:31.170804,1,2,2,,,1,18589,
vcomp_run1,vcomp,2026/04/14-17:10:31.170823,3,4,4,,,4,239398,
vcomp_run1,vcomp,2026/04/14-17:10:31.170974,3,4,5,,,4,260561,
vcomp_run1,vcomp,2026/04/14-17:10:31.175612,1,2,5,,,5,308481,
vcomp_run1,vcomp,2026/04/14-17:10:31.178105,1,2,4,,,4,197389,
vcomp_run1,vcomp,2026/04/14-17:10:31.179437,0,0,8,,,8,524203,
vcomp_run1,vcomp,2026/04/14-17:10:31.179607,2,3,6,,,6,368094,
vcomp_run1,vcomp,2026/04/14-17:10:31.181575,2,3,6,,,6,361672,
vcomp_run1,vcomp,2026/04/14-17:10:31.181594,2,3,6,,,6,363197,
vcomp_run1,vcomp,2026/04/14-17:10:31.181613,2,3,6,,,7,394194,
vcomp_run1,vcomp,2026/04/14-17:10:31.181631,2,3,7,,,7,402424,
vcomp_run1,vcomp,2026/04/14-17:10:31.182538,2,3,8,,,8,527750,
vcomp_run1,vcomp,2026/04/14-17:10:31.184374,2,3,7,,,6,419511,
vcomp_run1,vcomp,2026/04/14-17:10:31.184387,2,3,7,,,8,471823,
vcomp_run1,vcomp,2026/04/14-17:10:31.184403,2,3,8,,,8,471744,
vcomp_run1,vcomp,2026/04/14-17:10:31.184413,0,1,3,,,4,191229,
vcomp_run1,vcomp,2026/04/14-17:10:31.184638,0,0,6,,,6,393131,
vcomp_run1,vcomp,2026/04/14-17:10:31.187127,3,4,3,,,3,158243,
vcomp_run1,vcomp,2026/04/14-17:10:31.189943,3,4,3,,,3,136164,
vcomp_run1,vcomp,2026/04/14-17:10:31.189956,3,4,4,,,4,231283,
vcomp_run1,vcomp,2026/04/14-17:10:31.189970,3,4,5,,,5,274309,
vcomp_run1,vcomp,2026/04/14-17:10:31.189987,3,4,6,,,5,307887,
vcomp_run1,vcomp,2026/04/14-17:10:31.190007,3,4,4,,,4,201342,
vcomp_run1,vcomp,2026/04/14-17:10:31.190021,3,4,4,,,4,230513,
vcomp_run1,vcomp,2026/04/14-17:10:31.190041,0,1,17,,,18,1041128,
vcomp_run1,vcomp,2026/04/14-17:10:31.190196,3,4,5,,,4,243775,
vcomp_run1,vcomp,2026/04/14-17:10:31.192899,1,2,2,,,2,117070,
vcomp_run1,vcomp,2026/04/14-17:10:31.196889,1,2,3,,,3,187794,
vcomp_run1,vcomp,2026/04/14-17:10:31.199464,1,2,3,,,3,170232,
vcomp_run1,vcomp,2026/04/14-17:10:31.199658,1,2,4,,,4,242798,
vcomp_run1,vcomp,2026/04/14-17:10:31.199675,1,2,5,,,5,321754,
vcomp_run1,vcomp,2026/04/14-17:10:31.199690,1,2,5,,,6,326377,
vcomp_run1,vcomp,2026/04/14-17:10:31.200027,1,2,3,,,3,184885,
vcomp_run1,vcomp,2026/04/14-17:10:31.200038,1,2,3,,,3,176016,
vcomp_run1,vcomp,2026/04/14-17:10:31.200059,1,2,3,,,2,85756,
vcomp_run1,vcomp,2026/04/14-17:10:31.200209,1,2,3,,,3,194374,
vcomp_run1,vcomp,2026/04/14-17:10:31.201644,1,2,6,,,7,401548,
vcomp_run1,vcomp,2026/04/14-17:10:31.203564,1,2,2,,,2,86813,
vcomp_run1,vcomp,2026/04/14-17:10:31.203581,1,2,6,,,5,283349,
vcomp_run1,vcomp,2026/04/14-17:10:31.204022,1,2,4,,,4,225270,
vcomp_run1,vcomp,2026/04/14-17:10:31.206445,2,3,3,,,3,140672,
vcomp_run1,vcomp,2026/04/14-17:10:31.206470,2,3,3,,,3,174318,
vcomp_run1,vcomp,2026/04/14-17:10:31.206487,2,3,3,,,3,201303,
vcomp_run1,vcomp,2026/04/14-17:10:31.206608,2,3,3,,,3,212979,
vcomp_run1,vcomp,2026/04/14-17:10:31.209512,2,3,5,,,5,295796,
vcomp_run1,vcomp,2026/04/14-17:10:31.212499,2,3,6,,,7,411669,
vcomp_run1,vcomp,2026/04/14-17:10:31.212516,2,3,6,,,5,348436,
vcomp_run1,vcomp,2026/04/14-17:10:31.212530,2,3,7,,,7,443728,
vcomp_run1,vcomp,2026/04/14-17:10:31.212544,2,3,8,,,8,486285,
vcomp_run1,vcomp,2026/04/14-17:10:31.212560,2,3,7,,,6,415949,
vcomp_run1,vcomp,2026/04/14-17:10:31.212574,2,3,8,,,7,443501,
vcomp_run1,vcomp,2026/04/14-17:10:31.212590,2,3,8,,,7,442649,
vcomp_run1,vcomp,2026/04/14-17:10:31.212605,2,3,7,,,8,496496,
vcomp_run1,vcomp,2026/04/14-17:10:31.212636,2,3,8,,,8,448562,
vcomp_run1,vcomp,2026/04/14-17:10:31.212774,0,1,12,,,13,762866,
vcomp_run1,vcomp,2026/04/14-17:10:31.217902,1,2,5,,,5,309683,
vcomp_run1,vcomp,2026/04/14-17:10:31.221689,1,2,3,,,3,139169,
vcomp_run1,vcomp,2026/04/14-17:10:31.221703,3,4,3,,,3,173628,
vcomp_run1,vcomp,2026/04/14-17:10:31.221717,1,2,7,,,6,366970,
vcomp_run1,vcomp,2026/04/14-17:10:31.221729,3,4,3,,,3,167531,
vcomp_run1,vcomp,2026/04/14-17:10:31.221746,1,2,4,,,4,219564,
vcomp_run1,vcomp,2026/04/14-17:10:31.221757,1,2,2,,,1,38279,
vcomp_run1,vcomp,2026/04/14-17:10:31.221770,3,4,4,,,4,231803,
vcomp_run1,vcomp,2026/04/14-17:10:31.221784,3,4,4,,,3,182282,
vcomp_run1,vcomp,2026/04/14-17:10:31.221801,3,4,4,,,4,198499,
vcomp_run1,vcomp,2026/04/14-17:10:31.221816,1,2,3,,,3,182250,
vcomp_run1,vcomp,2026/04/14-17:10:31.221832,3,4,5,,,4,228497,
vcomp_run1,vcomp,2026/04/14-17:10:31.221847,3,4,3,,,2,99932,
vcomp_run1,vcomp,2026/04/14-17:10:31.221861,1,2,6,,,6,376751,
vcomp_run1,vcomp,2026/04/14-17:10:31.221877,3,4,4,,,4,232342,
vcomp_run1,vcomp,2026/04/14-17:10:31.222473,3,4,3,,,3,154824,
vcomp_run1,vcomp,2026/04/14-17:10:31.224081,3,4,5,,,5,275774,
vcomp_run1,vcomp,2026/04/14-17:10:31.224095,3,4,4,,,4,231662,
vcomp_run1,vcomp,2026/04/14-17:10:31.224203,3,4,6,,,5,266078,
vcomp_run1,vcomp,2026/04/14-17:10:31.224356,1,2,4,,,4,245666,
vcomp_run1,vcomp,2026/04/14-17:10:31.229314,1,2,5,,,5,268893,
vcomp_run1,vcomp,2026/04/14-17:10:31.231705,2,3,6,,,6,388903,
vcomp_run1,vcomp,2026/04/14-17:10:31.232275,2,3,5,,,5,310189,
vcomp_run1,vcomp,2026/04/14-17:10:31.232290,2,3,7,,,6,366168,
vcomp_run1,vcomp,2026/04/14-17:10:31.232437,0,0,8,,,8,524223,
vcomp_run1,vcomp,2026/04/14-17:10:31.233979,2,3,7,,,7,412560,
vcomp_run1,vcomp,2026/04/14-17:10:31.233995,2,3,8,,,7,471478,
vcomp_run1,vcomp,2026/04/14-17:10:31.234380,2,3,6,,,6,402097,
vcomp_run1,vcomp,2026/04/14-17:10:31.234510,2,3,7,,,7,469837,
vcomp_run1,vcomp,2026/04/14-17:10:31.235851,0,1,2,,,2,132089,
vcomp_run1,vcomp,2026/04/14-17:10:31.236311,0,0,7,,,7,458687,
vcomp_run1,vcomp,2026/04/14-17:10:31.238928,3,4,3,,,2,129708,
vcomp_run1,vcomp,2026/04/14-17:10:31.239014,3,4,4,,,4,220226,
vcomp_run1,vcomp,2026/04/14-17:10:31.239037,3,4,5,,,5,273985,
vcomp_run1,vcomp,2026/04/14-17:10:31.239053,3,4,5,,,4,250168,
vcomp_run1,vcomp,2026/04/14-17:10:31.239072,3,4,5,,,4,248186,
vcomp_run1,vcomp,2026/04/14-17:10:31.239088,3,4,6,,,5,293318,
vcomp_run1,vcomp,2026/04/14-17:10:31.239320,3,4,3,,,3,155998,
vcomp_run1,vcomp,2026/04/14-17:10:31.242194,0,1,16,,,18,1046075,
vcomp_run1,vcomp,2026/04/14-17:10:31.244210,1,2,3,,,3,172856,
vcomp_run1,vcomp,2026/04/14-17:10:31.246074,1,2,4,,,4,235647,
vcomp_run1,vcomp,2026/04/14-17:10:31.248133,1,2,3,,,3,148257,
vcomp_run1,vcomp,2026/04/14-17:10:31.251588,1,2,3,,,3,141876,
vcomp_run1,vcomp,2026/04/14-17:10:31.254453,1,2,4,,,4,217826,
vcomp_run1,vcomp,2026/04/14-17:10:31.254477,1,2,5,,,5,323683,
vcomp_run1,vcomp,2026/04/14-17:10:31.254501,1,2,4,,,4,238207,
vcomp_run1,vcomp,2026/04/14-17:10:31.254534,1,2,4,,,4,253673,
vcomp_run1,vcomp,2026/04/14-17:10:31.254603,1,2,4,,,4,274871,
vcomp_run1,vcomp,2026/04/14-17:10:31.255076,1,2,5,,,5,313828,
vcomp_run1,vcomp,2026/04/14-17:10:31.257594,1,2,2,,,1,48489,
vcomp_run1,vcomp,2026/04/14-17:10:31.257611,1,2,4,,,4,204179,
vcomp_run1,vcomp,2026/04/14-17:10:31.257629,1,2,4,,,4,238212,
vcomp_run1,vcomp,2026/04/14-17:10:31.257646,2,3,6,,,5,254513,
vcomp_run1,vcomp,2026/04/14-17:10:31.257661,1,2,4,,,4,246849,
vcomp_run1,vcomp,2026/04/14-17:10:31.259738,2,3,6,,,6,400379,
vcomp_run1,vcomp,2026/04/14-17:10:31.260113,2,3,5,,,4,313722,
vcomp_run1,vcomp,2026/04/14-17:10:31.267326,2,3,7,,,7,435116,
vcomp_run1,vcomp,2026/04/14-17:10:31.267343,2,3,5,,,5,331389,
vcomp_run1,vcomp,2026/04/14-17:10:31.267360,2,3,7,,,6,383109,
vcomp_run1,vcomp,2026/04/14-17:10:31.267373,0,1,12,,,13,742632,
vcomp_run1,vcomp,2026/04/14-17:10:31.267393,2,3,7,,,7,410240,
vcomp_run1,vcomp,2026/04/14-17:10:31.267408,2,3,7,,,7,448097,
vcomp_run1,vcomp,2026/04/14-17:10:31.267429,2,3,7,,,7,408114,
vcomp_run1,vcomp,2026/04/14-17:10:31.267442,2,3,7,,,6,386874,
vcomp_run1,vcomp,2026/04/14-17:10:31.267459,2,3,8,,,7,472147,
vcomp_run1,vcomp,2026/04/14-17:10:31.267475,2,3,6,,,7,411939,
vcomp_run1,vcomp,2026/04/14-17:10:31.267650,2,3,8,,,7,428163,
vcomp_run1,vcomp,2026/04/14-17:10:31.270288,1,2,3,,,2,118945,
vcomp_run1,vcomp,2026/04/14-17:10:31.274218,1,2,2,,,2,104700,
vcomp_run1,vcomp,2026/04/14-17:10:31.277973,1,2,2,,,2,111845,
vcomp_run1,vcomp,2026/04/14-17:10:31.277992,1,2,4,,,4,237359,
vcomp_run1,vcomp,2026/04/14-17:10:31.278013,1,2,3,,,3,165875,
vcomp_run1,vcomp,2026/04/14-17:10:31.278032,1,2,7,,,7,413268,
vcomp_run1,vcomp,2026/04/14-17:10:31.278050,1,2,7,,,7,414329,
vcomp_run1,vcomp,2026/04/14-17:10:31.278067,3,4,3,,,3,138929,
vcomp_run1,vcomp,2026/04/14-17:10:31.278081,3,4,4,,,3,180485,
vcomp_run1,vcomp,2026/04/14-17:10:31.278096,3,4,4,,,3,193468,
vcomp_run1,vcomp,2026/04/14-17:10:31.278110,3,4,4,,,4,197201,
vcomp_run1,vcomp,2026/04/14-17:10:31.278127,3,4,5,,,4,244129,
vcomp_run1,vcomp,2026/04/14-17:10:31.278145,3,4,4,,,4,197576,
vcomp_run1,vcomp,2026/04/14-17:10:31.278160,3,4,4,,,4,229990,
vcomp_run1,vcomp,2026/04/14-17:10:31.278170,3,4,5,,,5,290252,
vcomp_run1,vcomp,2026/04/14-17:10:31.278192,3,4,4,,,4,231751,
vcomp_run1,vcomp,2026/04/14-17:10:31.278213,3,4,5,,,4,210857,
vcomp_run1,vcomp,2026/04/14-17:10:31.278717,3,4,3,,,3,133462,
vcomp_run1,vcomp,2026/04/14-17:10:31.278883,3,4,6,,,5,288333,
vcomp_run1,vcomp,2026/04/14-17:10:31.280353,1,2,5,,,5,287840,
vcomp_run1,vcomp,2026/04/14-17:10:31.283849,1,2,6,,,5,257344,
vcomp_run1,vcomp,2026/04/14-17:10:31.286123,2,3,6,,,6,357984,
vcomp_run1,vcomp,2026/04/14-17:10:31.286139,2,3,6,,,6,362772,
vcomp_run1,vcomp,2026/04/14-17:10:31.286160,0,0,8,,,8,524231,
vcomp_run1,vcomp,2026/04/14-17:10:31.286688,2,3,7,,,7,391753,
vcomp_run1,vcomp,2026/04/14-17:10:31.289514,2,3,8,,,8,477951,
vcomp_run1,vcomp,2026/04/14-17:10:31.289521,2,3,4,,,4,248099,
vcomp_run1,vcomp,2026/04/14-17:10:31.289539,2,3,6,,,6,372196,
vcomp_run1,vcomp,2026/04/14-17:10:31.289649,2,3,6,,,6,425214,
vcomp_run1,vcomp,2026/04/14-17:10:31.291159,0,1,3,,,3,192569,
vcomp_run1,vcomp,2026/04/14-17:10:31.291582,0,0,6,,,6,393159,
vcomp_run1,vcomp,2026/04/14-17:10:31.294034,3,4,3,,,3,143296,
vcomp_run1,vcomp,2026/04/14-17:10:31.294047,3,4,4,,,3,168421,
vcomp_run1,vcomp,2026/04/14-17:10:31.294059,3,4,3,,,3,158029,
vcomp_run1,vcomp,2026/04/14-17:10:31.294076,3,4,3,,,3,154833,
vcomp_run1,vcomp,2026/04/14-17:10:31.294091,3,4,5,,,4,226344,
vcomp_run1,vcomp,2026/04/14-17:10:31.294433,3,4,4,,,4,210862,
vcomp_run1,vcomp,2026/04/14-17:10:31.297786,0,1,2,,,2,129661,
vcomp_run1,vcomp,2026/04/14-17:10:31.300415,0,0,5,,,5,327623,
vcomp_run1,vcomp,2026/04/14-17:10:31.300532,1,2,5,,,6,332589,
vcomp_run1,vcomp,2026/04/14-17:10:31.302494,1,2,5,,,6,327133,
vcomp_run1,vcomp,2026/04/14-17:10:31.303106,1,2,8,,,8,493975,
vcomp_run1,vcomp,2026/04/14-17:10:31.304960,2,3,7,,,5,383294,
vcomp_run1,vcomp,2026/04/14-17:10:31.307551,2,3,7,,,7,381863,
vcomp_run1,vcomp,2026/04/14-17:10:31.307568,0,1,13,,,13,827999,
vcomp_run1,vcomp,2026/04/14-17:10:31.307578,2,3,6,,,7,404311,
vcomp_run1,vcomp,2026/04/14-17:10:31.307799,2,3,7,,,8,445080,
vcomp_run1,vcomp,2026/04/14-17:10:31.310039,1,2,4,,,4,258140,
vcomp_run1,vcomp,2026/04/14-17:10:31.312816,1,2,7,,,6,361425,
vcomp_run1,vcomp,2026/04/14-17:10:31.312833,1,2,5,,,5,311412,
vcomp_run1,vcomp,2026/04/14-17:10:31.312849,3,4,3,,,3,157770,
vcomp_run1,vcomp,2026/04/14-17:10:31.312864,1,2,3,,,3,179192,
vcomp_run1,vcomp,2026/04/14-17:10:31.312879,1,2,4,,,4,222156,
vcomp_run1,vcomp,2026/04/14-17:10:31.312897,3,4,4,,,3,176987,
vcomp_run1,vcomp,2026/04/14-17:10:31.312914,1,2,7,,,7,394654,
vcomp_run1,vcomp,2026/04/14-17:10:31.312930,3,4,4,,,3,178441,
vcomp_run1,vcomp,2026/04/14-17:10:31.313076,3,4,4,,,3,194583,
vcomp_run1,vcomp,2026/04/14-17:10:31.315816,1,2,7,,,6,405940,
vcomp_run1,vcomp,2026/04/14-17:10:31.320035,1,2,7,,,7,392012,
vcomp_run1,vcomp,2026/04/14-17:10:31.322553,0,0,8,,,8,524225,
vcomp_run1,vcomp,2026/04/14-17:10:31.322565,2,3,8,,,9,519959,
vcomp_run1,vcomp,2026/04/14-17:10:31.323065,1,2,6,,,6,390953,
vcomp_run1,vcomp,2026/04/14-17:10:31.323184,2,3,7,,,7,484944,
vcomp_run1,vcomp,2026/04/14-17:10:31.325233,2,3,6,,,6,391327,
vcomp_run1,vcomp,2026/04/14-17:10:31.328289,0,0,6,,,6,393153,
vcomp_run1,vcomp,2026/04/14-17:10:31.328306,2,3,5,,,4,246076,
vcomp_run1,vcomp,2026/04/14-17:10:31.328326,2,3,4,,,5,254988,
vcomp_run1,vcomp,2026/04/14-17:10:31.328341,2,3,8,,,7,455310,
vcomp_run1,vcomp,2026/04/14-17:10:31.328360,2,3,8,,,8,442825,
vcomp_run1,vcomp,2026/04/14-17:10:31.328377,2,3,8,,,8,519953,
vcomp_run1,vcomp,2026/04/14-17:10:31.328395,2,3,7,,,7,445400,
vcomp_run1,vcomp,2026/04/14-17:10:31.328619,2,3,7,,,7,458374,
vcomp_run1,vcomp,2026/04/14-17:10:31.332092,0,1,3,,,4,216071,
vcomp_run1,vcomp,2026/04/14-17:10:31.334946,0,0,4,,,4,262081,
vcomp_run1,vcomp,2026/04/14-17:10:31.334963,3,4,3,,,3,132840,
vcomp_run1,vcomp,2026/04/14-17:10:31.334979,3,4,3,,,3,163929,
vcomp_run1,vcomp,2026/04/14-17:10:31.334994,3,4,4,,,3,192176,
vcomp_run1,vcomp,2026/04/14-17:10:31.335007,3,4,4,,,3,163646,
vcomp_run1,vcomp,2026/04/14-17:10:31.335020,3,4,5,,,4,237491,
vcomp_run1,vcomp,2026/04/14-17:10:31.335033,3,4,4,,,3,187096,
vcomp_run1,vcomp,2026/04/14-17:10:31.335051,3,4,5,,,4,237609,
vcomp_run1,vcomp,2026/04/14-17:10:31.335067,3,4,5,,,5,277264,
vcomp_run1,vcomp,2026/04/14-17:10:31.335865,3,4,3,,,3,155256,
vcomp_run1,vcomp,2026/04/14-17:10:31.336001,3,4,4,,,3,164639,
vcomp_run1,vcomp,2026/04/14-17:10:31.337647,1,2,3,,,3,170426,
vcomp_run1,vcomp,2026/04/14-17:10:31.337661,1,2,5,,,4,251040,
vcomp_run1,vcomp,2026/04/14-17:10:31.337674,1,2,5,,,6,327026,
vcomp_run1,vcomp,2026/04/14-17:10:31.338056,1,2,6,,,5,325416,
vcomp_run1,vcomp,2026/04/14-17:10:31.342090,2,3,5,,,3,156829,
vcomp_run1,vcomp,2026/04/14-17:10:31.342107,2,3,8,,,7,450561,
vcomp_run1,vcomp,2026/04/14-17:10:31.342121,2,3,8,,,8,495528,
vcomp_run1,vcomp,2026/04/14-17:10:31.342136,2,3,8,,,7,441893,
vcomp_run1,vcomp,2026/04/14-17:10:31.342281,0,1,12,,,13,749954,
vcomp_run1,vcomp,2026/04/14-17:10:31.344649,1,2,5,,,4,268993,
vcomp_run1,vcomp,2026/04/14-17:10:31.346627,1,2,3,,,3,184015,
vcomp_run1,vcomp,2026/04/14-17:10:31.350661,1,2,5,,,5,303903,
vcomp_run1,vcomp,2026/04/14-17:10:31.353436,1,2,4,,,5,255244,
vcomp_run1,vcomp,2026/04/14-17:10:31.353452,1,2,4,,,4,235586,
vcomp_run1,vcomp,2026/04/14-17:10:31.353468,1,2,6,,,6,362804,
vcomp_run1,vcomp,2026/04/14-17:10:31.353481,3,4,3,,,3,161778,
vcomp_run1,vcomp,2026/04/14-17:10:31.353500,1,2,6,,,6,400429,
vcomp_run1,vcomp,2026/04/14-17:10:31.353513,3,4,5,,,4,254155,
vcomp_run1,vcomp,2026/04/14-17:10:31.353530,3,4,5,,,4,206397,
vcomp_run1,vcomp,2026/04/14-17:10:31.354024,0,0,8,,,8,524222,
vcomp_run1,vcomp,2026/04/14-17:10:31.356498,1,2,8,,,8,523772,
vcomp_run1,vcomp,2026/04/14-17:10:31.358633,0,0,7,,,7,458686,
vcomp_run1,vcomp,2026/04/14-17:10:31.361988,2,3,6,,,6,371531,
vcomp_run1,vcomp,2026/04/14-17:10:31.362003,2,3,7,,,7,406029,
vcomp_run1,vcomp,2026/04/14-17:10:31.362031,2,3,6,,,7,382323,
vcomp_run1,vcomp,2026/04/14-17:10:31.362044,2,3,6,,,6,383710,
vcomp_run1,vcomp,2026/04/14-17:10:31.362065,2,3,8,,,6,437235,
vcomp_run1,vcomp,2026/04/14-17:10:31.362080,2,3,7,,,7,484449,
vcomp_run1,vcomp,2026/04/14-17:10:31.362779,2,3,6,,,6,365222,
vcomp_run1,vcomp,2026/04/14-17:10:31.362946,2,3,6,,,6,347124,
vcomp_run1,vcomp,2026/04/14-17:10:31.364457,0,1,17,,,17,1038047,
vcomp_run1,vcomp,2026/04/14-17:10:31.364468,3,4,3,,,3,141856,
vcomp_run1,vcomp,2026/04/14-17:10:31.364483,3,4,3,,,3,140995,
vcomp_run1,vcomp,2026/04/14-17:10:31.364501,3,4,3,,,3,158329,
vcomp_run1,vcomp,2026/04/14-17:10:31.367231,3,4,4,,,3,177457,
vcomp_run1,vcomp,2026/04/14-17:10:31.367481,3,4,3,,,2,99844,
vcomp_run1,vcomp,2026/04/14-17:10:31.367495,3,4,4,,,3,191987,
vcomp_run1,vcomp,2026/04/14-17:10:31.367511,3,4,5,,,4,220299,
vcomp_run1,vcomp,2026/04/14-17:10:31.367530,3,4,5,,,5,263257,
vcomp_run1,vcomp,2026/04/14-17:10:31.367643,3,4,4,,,3,195857,
vcomp_run1,vcomp,2026/04/14-17:10:31.371162,1,2,2,,,3,120457,
vcomp_run1,vcomp,2026/04/14-17:10:31.373843,1,2,4,,,4,268166,
vcomp_run1,vcomp,2026/04/14-17:10:31.373867,1,2,4,,,4,252882,
vcomp_run1,vcomp,2026/04/14-17:10:31.373884,1,2,5,,,5,302245,
vcomp_run1,vcomp,2026/04/14-17:10:31.373933,1,2,5,,,5,262304,
vcomp_run1,vcomp,2026/04/14-17:10:31.373939,1,2,3,,,3,177937,
vcomp_run1,vcomp,2026/04/14-17:10:31.373954,1,2,3,,,3,170119,
vcomp_run1,vcomp,2026/04/14-17:10:31.374213,1,2,3,,,3,173924,
vcomp_run1,vcomp,2026/04/14-17:10:31.374332,1,2,6,,,7,404200,
vcomp_run1,vcomp,2026/04/14-17:10:31.376576,1,2,4,,,4,221935,
vcomp_run1,vcomp,2026/04/14-17:10:31.376589,1,2,4,,,4,232862,
vcomp_run1,vcomp,2026/04/14-17:10:31.379294,1,2,6,,,6,336214,
vcomp_run1,vcomp,2026/04/14-17:10:31.379689,1,2,5,,,5,297175,
vcomp_run1,vcomp,2026/04/14-17:10:31.381491,2,3,5,,,6,338653,
vcomp_run1,vcomp,2026/04/14-17:10:31.381853,2,3,7,,,6,368026,
vcomp_run1,vcomp,2026/04/14-17:10:31.385185,2,3,3,,,4,219559,
vcomp_run1,vcomp,2026/04/14-17:10:31.385196,2,3,6,,,6,340605,
vcomp_run1,vcomp,2026/04/14-17:10:31.385212,2,3,6,,,7,409797,
vcomp_run1,vcomp,2026/04/14-17:10:31.385227,0,1,12,,,12,774415,
vcomp_run1,vcomp,2026/04/14-17:10:31.385243,2,3,5,,,5,330220,
vcomp_run1,vcomp,2026/04/14-17:10:31.385256,2,3,5,,,5,315571,
vcomp_run1,vcomp,2026/04/14-17:10:31.385270,2,3,7,,,7,458426,
vcomp_run1,vcomp,2026/04/14-17:10:31.385287,2,3,8,,,8,477563,
vcomp_run1,vcomp,2026/04/14-17:10:31.385302,2,3,7,,,6,391575,
vcomp_run1,vcomp,2026/04/14-17:10:31.385316,2,3,8,,,8,478065,
vcomp_run1,vcomp,2026/04/14-17:10:31.385331,2,3,8,,,7,496196,
vcomp_run1,vcomp,2026/04/14-17:10:31.385472,2,3,9,,,10,617520,
vcomp_run1,vcomp,2026/04/14-17:10:31.388341,1,2,2,,,2,144517,
vcomp_run1,vcomp,2026/04/14-17:10:31.392910,1,2,4,,,4,261097,
vcomp_run1,vcomp,2026/04/14-17:10:31.397064,1,2,4,,,4,273426,
vcomp_run1,vcomp,2026/04/14-17:10:31.397084,1,2,5,,,6,321878,
vcomp_run1,vcomp,2026/04/14-17:10:31.397099,3,4,4,,,3,181406,
vcomp_run1,vcomp,2026/04/14-17:10:31.397115,1,2,6,,,6,372736,
vcomp_run1,vcomp,2026/04/14-17:10:31.397131,3,4,6,,,5,273845,
vcomp_run1,vcomp,2026/04/14-17:10:31.397145,1,2,9,,,8,493468,
vcomp_run1,vcomp,2026/04/14-17:10:31.397161,1,2,6,,,6,347118,
vcomp_run1,vcomp,2026/04/14-17:10:31.397177,1,2,7,,,6,339710,
vcomp_run1,vcomp,2026/04/14-17:10:31.397259,3,4,3,,,3,155855,
vcomp_run1,vcomp,2026/04/14-17:10:31.397274,3,4,4,,,4,196992,
vcomp_run1,vcomp,2026/04/14-17:10:31.397284,3,4,3,,,2,115387,
vcomp_run1,vcomp,2026/04/14-17:10:31.397306,3,4,3,,,3,135802,
vcomp_run1,vcomp,2026/04/14-17:10:31.397324,3,4,4,,,4,200627,
vcomp_run1,vcomp,2026/04/14-17:10:31.397344,3,4,4,,,3,193859,
vcomp_run1,vcomp,2026/04/14-17:10:31.397362,3,4,3,,,3,155716,
vcomp_run1,vcomp,2026/04/14-17:10:31.397377,3,4,5,,,4,226460,
vcomp_run1,vcomp,2026/04/14-17:10:31.397394,3,4,4,,,3,193170,
vcomp_run1,vcomp,2026/04/14-17:10:31.397411,3,4,3,,,3,158203,
vcomp_run1,vcomp,2026/04/14-17:10:31.397540,3,4,4,,,4,209137,
vcomp_run1,vcomp,2026/04/14-17:10:31.401502,2,3,4,,,4,250508,
vcomp_run1,vcomp,2026/04/14-17:10:31.404331,2,3,6,,,5,303525,
vcomp_run1,vcomp,2026/04/14-17:10:31.404346,2,3,6,,,5,328191,
vcomp_run1,vcomp,2026/04/14-17:10:31.404361,2,3,8,,,7,413013,
vcomp_run1,vcomp,2026/04/14-17:10:31.404374,2,3,7,,,7,407378,
vcomp_run1,vcomp,2026/04/14-17:10:31.404388,2,3,6,,,6,393872,
vcomp_run1,vcomp,2026/04/14-17:10:31.404402,2,3,7,,,7,426767,
vcomp_run1,vcomp,2026/04/14-17:10:31.404419,0,1,12,,,13,780541,
vcomp_run1,vcomp,2026/04/14-17:10:31.404536,2,3,9,,,9,625910,
vcomp_run1,vcomp,2026/04/14-17:10:31.408584,1,2,3,,,3,169170,
vcomp_run1,vcomp,2026/04/14-17:10:31.411610,1,2,3,,,3,153052,
vcomp_run1,vcomp,2026/04/14-17:10:31.411621,1,2,3,,,3,205452,
vcomp_run1,vcomp,2026/04/14-17:10:31.411636,1,2,4,,,5,245355,
vcomp_run1,vcomp,2026/04/14-17:10:31.411650,1,2,5,,,5,313090,
vcomp_run1,vcomp,2026/04/14-17:10:31.411665,1,2,3,,,2,118742,
vcomp_run1,vcomp,2026/04/14-17:10:31.411679,3,4,3,,,3,168703,
vcomp_run1,vcomp,2026/04/14-17:10:31.411695,1,2,7,,,6,408063,
vcomp_run1,vcomp,2026/04/14-17:10:31.411710,3,4,4,,,3,177356,
vcomp_run1,vcomp,2026/04/14-17:10:31.411724,3,4,3,,,3,135627,
vcomp_run1,vcomp,2026/04/14-17:10:31.411737,3,4,4,,,4,206738,
vcomp_run1,vcomp,2026/04/14-17:10:31.411752,3,4,3,,,3,156036,
vcomp_run1,vcomp,2026/04/14-17:10:31.412155,3,4,4,,,3,185763,
vcomp_run1,vcomp,2026/04/14-17:10:31.413846,3,4,4,,,4,234953,
vcomp_run1,vcomp,2026/04/14-17:10:31.413955,1,2,5,,,6,369396,
vcomp_run1,vcomp,2026/04/14-17:10:31.418300,1,2,5,,,5,308164,
vcomp_run1,vcomp,2026/04/14-17:10:31.420669,2,3,4,,,3,197680,
vcomp_run1,vcomp,2026/04/14-17:10:31.420688,2,3,4,,,3,198025,
vcomp_run1,vcomp,2026/04/14-17:10:31.421189,0,0,8,,,8,524222,
vcomp_run1,vcomp,2026/04/14-17:10:31.421339,1,2,4,,,5,265937,
vcomp_run1,vcomp,2026/04/14-17:10:31.422715,2,3,5,,,5,351512,
vcomp_run1,vcomp,2026/04/14-17:10:31.422730,2,3,6,,,7,429551,
vcomp_run1,vcomp,2026/04/14-17:10:31.422980,2,3,7,,,7,482061,
vcomp_run1,vcomp,2026/04/14-17:10:31.425777,2,3,3,,,2,96768,
vcomp_run1,vcomp,2026/04/14-17:10:31.425793,0,0,7,,,7,458686,
vcomp_run1,vcomp,2026/04/14-17:10:31.425807,2,3,6,,,6,353368,
vcomp_run1,vcomp,2026/04/14-17:10:31.425825,2,3,7,,,8,464457,
vcomp_run1,vcomp,2026/04/14-17:10:31.425838,2,3,8,,,8,470071,
vcomp_run1,vcomp,2026/04/14-17:10:31.425878,2,3,8,,,8,551660,
vcomp_run1,vcomp,2026/04/14-17:10:31.428439,3,4,4,,,3,171695,
vcomp_run1,vcomp,2026/04/14-17:10:31.431564,3,4,5,,,4,207317,
vcomp_run1,vcomp,2026/04/14-17:10:31.431578,3,4,5,,,4,237452,
vcomp_run1,vcomp,2026/04/14-17:10:31.431591,3,4,5,,,5,262675,
vcomp_run1,vcomp,2026/04/14-17:10:31.431604,3,4,5,,,4,229295,
vcomp_run1,vcomp,2026/04/14-17:10:31.431616,3,4,4,,,3,185850,
vcomp_run1,vcomp,2026/04/14-17:10:31.431634,3,4,4,,,4,228198,
vcomp_run1,vcomp,2026/04/14-17:10:31.431647,3,4,5,,,5,263672,
vcomp_run1,vcomp,2026/04/14-17:10:31.431765,0,1,15,,,18,989889,
vcomp_run1,vcomp,2026/04/14-17:10:31.434145,1,2,4,,,4,232327,
vcomp_run1,vcomp,2026/04/14-17:10:31.437867,1,2,2,,,2,102530,
vcomp_run1,vcomp,2026/04/14-17:10:31.440639,1,2,2,,,2,90961,
vcomp_run1,vcomp,2026/04/14-17:10:31.440653,1,2,3,,,3,174593,
vcomp_run1,vcomp,2026/04/14-17:10:31.440739,1,2,4,,,4,228039,
vcomp_run1,vcomp,2026/04/14-17:10:31.440752,1,2,4,,,4,243166,
vcomp_run1,vcomp,2026/04/14-17:10:31.440766,1,2,5,,,5,315457,
vcomp_run1,vcomp,2026/04/14-17:10:31.440783,1,2,4,,,5,248375,
vcomp_run1,vcomp,2026/04/14-17:10:31.440799,1,2,5,,,4,253805,
vcomp_run1,vcomp,2026/04/14-17:10:31.440815,1,2,5,,,5,299065,
vcomp_run1,vcomp,2026/04/14-17:10:31.441226,1,2,5,,,5,293290,
vcomp_run1,vcomp,2026/04/14-17:10:31.442817,1,2,3,,,3,153550,
vcomp_run1,vcomp,2026/04/14-17:10:31.447007,1,2,5,,,4,240796,
vcomp_run1,vcomp,2026/04/14-17:10:31.449648,1,2,5,,,5,286711,
vcomp_run1,vcomp,2026/04/14-17:10:31.449663,2,3,6,,,6,367690,
vcomp_run1,vcomp,2026/04/14-17:10:31.449680,2,3,7,,,8,413249,
vcomp_run1,vcomp,2026/04/14-17:10:31.449695,2,3,6,,,6,343639,
vcomp_run1,vcomp,2026/04/14-17:10:31.450347,2,3,6,,,6,396709,
vcomp_run1,vcomp,2026/04/14-17:10:31.450499,0,0,8,,,8,524238,
vcomp_run1,vcomp,2026/04/14-17:10:31.451984,2,3,6,,,6,373814,
vcomp_run1,vcomp,2026/04/14-17:10:31.452000,2,3,7,,,7,404039,
vcomp_run1,vcomp,2026/04/14-17:10:31.452264,2,3,8,,,7,432190,
vcomp_run1,vcomp,2026/04/14-17:10:31.454480,0,0,6,,,6,393166,
vcomp_run1,vcomp,2026/04/14-17:10:31.454490,0,1,3,,,3,183420,
vcomp_run1,vcomp,2026/04/14-17:10:31.454507,2,3,7,,,7,431538,
vcomp_run1,vcomp,2026/04/14-17:10:31.454520,2,3,6,,,6,363253,
vcomp_run1,vcomp,2026/04/14-17:10:31.454534,2,3,8,,,9,480549,
vcomp_run1,vcomp,2026/04/14-17:10:31.454546,2,3,7,,,8,477686,
vcomp_run1,vcomp,2026/04/14-17:10:31.454680,2,3,7,,,7,451445,
vcomp_run1,vcomp,2026/04/14-17:10:31.457205,3,4,2,,,2,84143,
vcomp_run1,vcomp,2026/04/14-17:10:31.460584,3,4,2,,,1,44339,
vcomp_run1,vcomp,2026/04/14-17:10:31.460599,3,4,3,,,2,123987,
vcomp_run1,vcomp,2026/04/14-17:10:31.460615,3,4,3,,,3,153299,
vcomp_run1,vcomp,2026/04/14-17:10:31.460631,3,4,3,,,3,157670,
vcomp_run1,vcomp,2026/04/14-17:10:31.460647,3,4,4,,,4,206289,
vcomp_run1,vcomp,2026/04/14-17:10:31.460658,3,4,5,,,4,256393,
vcomp_run1,vcomp,2026/04/14-17:10:31.460681,0,1,16,,,17,1007617,
vcomp_run1,vcomp,2026/04/14-17:10:31.460693,3,4,3,,,3,156128,
vcomp_run1,vcomp,2026/04/14-17:10:31.460711,3,4,4,,,4,213842,
vcomp_run1,vcomp,2026/04/14-17:10:31.460729,3,4,4,,,4,214173,
vcomp_run1,vcomp,2026/04/14-17:10:31.460742,3,4,6,,,5,290180,
vcomp_run1,vcomp,2026/04/14-17:10:31.460778,3,4,3,,,3,142086,
vcomp_run1,vcomp,2026/04/14-17:10:31.460954,3,4,6,,,5,302434,
vcomp_run1,vcomp,2026/04/14-17:10:31.463579,1,2,3,,,3,176526,
vcomp_run1,vcomp,2026/04/14-17:10:31.467818,1,2,3,,,3,150119,
vcomp_run1,vcomp,2026/04/14-17:10:31.470441,1,2,3,,,3,153827,
vcomp_run1,vcomp,2026/04/14-17:10:31.470451,1,2,3,,,3,181697,
vcomp_run1,vcomp,2026/04/14-17:10:31.470467,1,2,7,,,6,339695,
vcomp_run1,vcomp,2026/04/14-17:10:31.470480,1,2,2,,,2,120943,
vcomp_run1,vcomp,2026/04/14-17:10:31.470495,1,2,5,,,5,338069,
vcomp_run1,vcomp,2026/04/14-17:10:31.470512,1,2,5,,,5,288301,
vcomp_run1,vcomp,2026/04/14-17:10:31.470628,1,2,5,,,6,317896,
vcomp_run1,vcomp,2026/04/14-17:10:31.472849,1,2,4,,,3,171048,
vcomp_run1,vcomp,2026/04/14-17:10:31.476509,1,2,5,,,5,274773,
vcomp_run1,vcomp,2026/04/14-17:10:31.478505,1,2,5,,,5,295774,
vcomp_run1,vcomp,2026/04/14-17:10:31.478990,0,0,8,,,8,524225,
vcomp_run1,vcomp,2026/04/14-17:10:31.479777,1,2,5,,,5,293877,
vcomp_run1,vcomp,2026/04/14-17:10:31.481264,2,3,5,,,5,310579,
vcomp_run1,vcomp,2026/04/14-17:10:31.481280,2,3,6,,,7,365812,
vcomp_run1,vcomp,2026/04/14-17:10:31.481708,2,3,6,,,6,340246,
vcomp_run1,vcomp,2026/04/14-17:10:31.484908,2,3,6,,,5,323267,
vcomp_run1,vcomp,2026/04/14-17:10:31.484925,2,3,5,,,4,263191,
vcomp_run1,vcomp,2026/04/14-17:10:31.484939,2,3,7,,,7,461056,
vcomp_run1,vcomp,2026/04/14-17:10:31.484955,2,3,7,,,7,446531,
vcomp_run1,vcomp,2026/04/14-17:10:31.484971,2,3,8,,,7,425813,
vcomp_run1,vcomp,2026/04/14-17:10:31.484988,2,3,6,,,5,336375,
vcomp_run1,vcomp,2026/04/14-17:10:31.485003,2,3,7,,,7,428921,
vcomp_run1,vcomp,2026/04/14-17:10:31.485020,2,3,9,,,9,543416,
vcomp_run1,vcomp,2026/04/14-17:10:31.485037,2,3,8,,,8,503735,
vcomp_run1,vcomp,2026/04/14-17:10:31.488556,1,2,5,,,5,264313,
vcomp_run1,vcomp,2026/04/14-17:10:31.490459,1,2,3,,,3,163729,
vcomp_run1,vcomp,2026/04/14-17:10:31.492934,2,3,4,,,4,242625,
vcomp_run1,vcomp,2026/04/14-17:10:31.495615,3,4,3,,,3,153035,
vcomp_run1,vcomp,2026/04/14-17:10:31.495629,3,4,4,,,4,198200,
vcomp_run1,vcomp,2026/04/14-17:10:31.495651,2,3,5,,,5,323319,
vcomp_run1,vcomp,2026/04/14-17:10:31.495674,0,1,14,,,15,905396,
vcomp_run1,vcomp,2026/04/14-17:10:31.496525,3,4,4,,,4,198534,
vcomp_run1,vcomp,2026/04/14-17:10:31.497996,3,4,3,,,2,130784,
vcomp_run1,vcomp,2026/04/14-17:10:31.498011,3,4,4,,,3,172670,
vcomp_run1,vcomp,2026/04/14-17:10:31.498023,3,4,4,,,3,166270,
vcomp_run1,vcomp,2026/04/14-17:10:31.498158,3,4,4,,,4,233337,
vcomp_run1,vcomp,2026/04/14-17:10:31.501003,1,2,4,,,4,222004,
vcomp_run1,vcomp,2026/04/14-17:10:31.504437,1,2,4,,,4,238564,
vcomp_run1,vcomp,2026/04/14-17:10:31.504452,1,2,4,,,4,203677,
vcomp_run1,vcomp,2026/04/14-17:10:31.504468,1,2,5,,,4,266429,
vcomp_run1,vcomp,2026/04/14-17:10:31.504485,1,2,4,,,5,258159,
vcomp_run1,vcomp,2026/04/14-17:10:31.504498,1,2,4,,,4,258668,
vcomp_run1,vcomp,2026/04/14-17:10:31.504513,1,2,5,,,5,270427,
vcomp_run1,vcomp,2026/04/14-17:10:31.504530,3,4,3,,,3,159136,
vcomp_run1,vcomp,2026/04/14-17:10:31.504547,3,4,7,,,6,330456,
vcomp_run1,vcomp,2026/04/14-17:10:31.504563,3,4,4,,,4,230291,
vcomp_run1,vcomp,2026/04/14-17:10:31.504577,3,4,4,,,4,219718,
vcomp_run1,vcomp,2026/04/14-17:10:31.504587,3,4,4,,,3,179623,
vcomp_run1,vcomp,2026/04/14-17:10:31.504752,1,2,4,,,5,257472,
vcomp_run1,vcomp,2026/04/14-17:10:31.507372,1,2,4,,,4,205144,
vcomp_run1,vcomp,2026/04/14-17:10:31.511274,1,2,6,,,6,343286,
vcomp_run1,vcomp,2026/04/14-17:10:31.513183,1,2,6,,,6,372133,
vcomp_run1,vcomp,2026/04/14-17:10:31.513622,0,0,8,,,8,524207,
vcomp_run1,vcomp,2026/04/14-17:10:31.516217,2,3,3,,,3,180827,
vcomp_run1,vcomp,2026/04/14-17:10:31.516234,2,3,4,,,4,204600,
vcomp_run1,vcomp,2026/04/14-17:10:31.516254,2,3,6,,,6,389201,
vcomp_run1,vcomp,2026/04/14-17:10:31.516272,2,3,6,,,7,380102,
vcomp_run1,vcomp,2026/04/14-17:10:31.516732,2,3,5,,,6,342060,
vcomp_run1,vcomp,2026/04/14-17:10:31.519484,0,0,7,,,7,458671,
vcomp_run1,vcomp,2026/04/14-17:10:31.519503,2,3,6,,,5,338899,
vcomp_run1,vcomp,2026/04/14-17:10:31.519518,2,3,6,,,7,399583,
vcomp_run1,vcomp,2026/04/14-17:10:31.519537,2,3,7,,,6,417420,
vcomp_run1,vcomp,2026/04/14-17:10:31.519849,2,3,7,,,7,430624,
vcomp_run1,vcomp,2026/04/14-17:10:31.519988,2,3,8,,,8,480566,
vcomp_run1,vcomp,2026/04/14-17:10:31.523546,0,1,3,,,3,192818,
vcomp_run1,vcomp,2026/04/14-17:10:31.526527,3,4,4,,,4,223869,
vcomp_run1,vcomp,2026/04/14-17:10:31.527102,3,4,3,,,3,133522,
vcomp_run1,vcomp,2026/04/14-17:10:31.527119,0,0,5,,,5,327599,
vcomp_run1,vcomp,2026/04/14-17:10:31.527149,3,4,5,,,4,246962,
vcomp_run1,vcomp,2026/04/14-17:10:31.527192,3,4,5,,,4,226514,
vcomp_run1,vcomp,2026/04/14-17:10:31.527199,3,4,5,,,5,275729,
vcomp_run1,vcomp,2026/04/14-17:10:31.527262,3,4,5,,,5,294534,
vcomp_run1,vcomp,2026/04/14-17:10:31.527266,3,4,6,,,5,319819,
vcomp_run1,vcomp,2026/04/14-17:10:31.527386,3,4,5,,,4,252436,
vcomp_run1,vcomp,2026/04/14-17:10:31.527398,3,4,5,,,4,232910,
vcomp_run1,vcomp,2026/04/14-17:10:31.528688,1,2,3,,,3,198436,
vcomp_run1,vcomp,2026/04/14-17:10:31.528704,1,2,5,,,4,228588,
vcomp_run1,vcomp,2026/04/14-17:10:31.528844,1,2,4,,,5,264950,
vcomp_run1,vcomp,2026/04/14-17:10:31.533438,2,3,4,,,5,292351,
vcomp_run1,vcomp,2026/04/14-17:10:31.533454,2,3,5,,,5,316501,
vcomp_run1,vcomp,2026/04/14-17:10:31.533470,2,3,7,,,7,450916,
vcomp_run1,vcomp,2026/04/14-17:10:31.533631,0,1,13,,,14,847834,
vcomp_run1,vcomp,2026/04/14-17:10:31.535575,1,2,2,,,2,102265,
vcomp_run1,vcomp,2026/04/14-17:10:31.538519,1,2,4,,,4,251655,
vcomp_run1,vcomp,2026/04/14-17:10:31.538533,1,2,3,,,3,172519,
vcomp_run1,vcomp,2026/04/14-17:10:31.538548,1,2,4,,,4,248442,
vcomp_run1,vcomp,2026/04/14-17:10:31.538562,1,2,5,,,5,318704,
vcomp_run1,vcomp,2026/04/14-17:10:31.538578,1,2,5,,,4,235303,
vcomp_run1,vcomp,2026/04/14-17:10:31.538591,1,2,5,,,6,332019,
vcomp_run1,vcomp,2026/04/14-17:10:31.538607,3,4,3,,,3,158895,
vcomp_run1,vcomp,2026/04/14-17:10:31.538624,3,4,4,,,4,217071,
vcomp_run1,vcomp,2026/04/14-17:10:31.539325,3,4,4,,,3,186655,
vcomp_run1,vcomp,2026/04/14-17:10:31.540911,1,2,9,,,8,502746,
vcomp_run1,vcomp,2026/04/14-17:10:31.543356,2,3,5,,,6,311549,
vcomp_run1,vcomp,2026/04/14-17:10:31.546675,2,3,6,,,8,413167,
vcomp_run1,vcomp,2026/04/14-17:10:31.546696,2,3,8,,,7,451824,
vcomp_run1,vcomp,2026/04/14-17:10:31.546711,2,3,7,,,8,485192,
vcomp_run1,vcomp,2026/04/14-17:10:31.546728,2,3,5,,,5,304334,
vcomp_run1,vcomp,2026/04/14-17:10:31.546744,2,3,5,,,5,311917,
vcomp_run1,vcomp,2026/04/14-17:10:31.546761,2,3,7,,,7,419991,
vcomp_run1,vcomp,2026/04/14-17:10:31.546782,0,1,14,,,14,896288,
vcomp_run1,vcomp,2026/04/14-17:10:31.546921,2,3,7,,,6,433086,
vcomp_run1,vcomp,2026/04/14-17:10:31.551134,1,2,2,,,2,123901,
vcomp_run1,vcomp,2026/04/14-17:10:31.554450,1,2,3,,,3,142652,
vcomp_run1,vcomp,2026/04/14-17:10:31.554469,1,2,3,,,3,172876,
vcomp_run1,vcomp,2026/04/14-17:10:31.554486,1,2,5,,,5,280091,
vcomp_run1,vcomp,2026/04/14-17:10:31.554499,3,4,4,,,3,139196,
vcomp_run1,vcomp,2026/04/14-17:10:31.554515,1,2,7,,,7,400236,
vcomp_run1,vcomp,2026/04/14-17:10:31.554527,3,4,3,,,3,146998,
vcomp_run1,vcomp,2026/04/14-17:10:31.554544,3,4,4,,,4,201661,
vcomp_run1,vcomp,2026/04/14-17:10:31.554562,1,2,9,,,8,500662,
vcomp_run1,vcomp,2026/04/14-17:10:31.554573,3,4,4,,,3,174654,
vcomp_run1,vcomp,2026/04/14-17:10:31.554588,3,4,4,,,4,208399,
vcomp_run1,vcomp,2026/04/14-17:10:31.554610,1,2,6,,,6,345551,
vcomp_run1,vcomp,2026/04/14-17:10:31.554627,3,4,4,,,3,180807,
vcomp_run1,vcomp,2026/04/14-17:10:31.554789,3,4,4,,,3,175761,
vcomp_run1,vcomp,2026/04/14-17:10:31.557308,1,2,4,,,4,220620,
vcomp_run1,vcomp,2026/04/14-17:10:31.559344,1,2,5,,,4,266812,
vcomp_run1,vcomp,2026/04/14-17:10:31.562743,2,3,5,,,5,331131,
vcomp_run1,vcomp,2026/04/14-17:10:31.565969,2,3,3,,,2,149963,
vcomp_run1,vcomp,2026/04/14-17:10:31.565981,2,3,4,,,4,209674,
vcomp_run1,vcomp,2026/04/14-17:10:31.565994,2,3,6,,,7,400634,
vcomp_run1,vcomp,2026/04/14-17:10:31.566012,2,3,5,,,6,349002,
vcomp_run1,vcomp,2026/04/14-17:10:31.566029,2,3,6,,,5,376063,
vcomp_run1,vcomp,2026/04/14-17:10:31.566046,2,3,7,,,7,437853,
vcomp_run1,vcomp,2026/04/14-17:10:31.566062,2,3,7,,,7,450985,
vcomp_run1,vcomp,2026/04/14-17:10:31.566081,2,3,7,,,7,422826,
vcomp_run1,vcomp,2026/04/14-17:10:31.566093,2,3,7,,,8,448841,
vcomp_run1,vcomp,2026/04/14-17:10:31.566111,2,3,7,,,7,482038,
vcomp_run1,vcomp,2026/04/14-17:10:31.566239,0,1,12,,,12,816265,
vcomp_run1,vcomp,2026/04/14-17:10:31.570619,1,2,2,,,3,127688,
vcomp_run1,vcomp,2026/04/14-17:10:31.573987,1,2,4,,,4,239865,
vcomp_run1,vcomp,2026/04/14-17:10:31.574001,1,2,4,,,4,256700,
vcomp_run1,vcomp,2026/04/14-17:10:31.574018,1,2,4,,,5,264652,
vcomp_run1,vcomp,2026/04/14-17:10:31.574030,3,4,3,,,2,96805,
vcomp_run1,vcomp,2026/04/14-17:10:31.574045,3,4,3,,,2,130835,
vcomp_run1,vcomp,2026/04/14-17:10:31.574058,1,2,3,,,2,128506,
vcomp_run1,vcomp,2026/04/14-17:10:31.574077,1,2,5,,,5,318801,
vcomp_run1,vcomp,2026/04/14-17:10:31.574092,3,4,3,,,3,141298,
vcomp_run1,vcomp,2026/04/14-17:10:31.574109,3,4,5,,,5,274088,
vcomp_run1,vcomp,2026/04/14-17:10:31.574124,3,4,4,,,4,197648,
vcomp_run1,vcomp,2026/04/14-17:10:31.574140,3,4,4,,,4,199592,
vcomp_run1,vcomp,2026/04/14-17:10:31.574154,3,4,4,,,4,207698,
vcomp_run1,vcomp,2026/04/14-17:10:31.574174,3,4,4,,,4,228720,
vcomp_run1,vcomp,2026/04/14-17:10:31.574182,3,4,6,,,4,234404,
vcomp_run1,vcomp,2026/04/14-17:10:31.574596,3,4,5,,,5,281536,
vcomp_run1,vcomp,2026/04/14-17:10:31.576679,1,2,5,,,5,318699,
vcomp_run1,vcomp,2026/04/14-17:10:31.580452,1,2,6,,,6,390960,
vcomp_run1,vcomp,2026/04/14-17:10:31.582513,2,3,4,,,4,259896,
vcomp_run1,vcomp,2026/04/14-17:10:31.582532,2,3,7,,,7,428037,
vcomp_run1,vcomp,2026/04/14-17:10:31.584221,0,0,8,,,8,524217,
vcomp_run1,vcomp,2026/04/14-17:10:31.585409,2,3,7,,,6,402856,
vcomp_run1,vcomp,2026/04/14-17:10:31.585654,2,3,9,,,8,492404,
vcomp_run1,vcomp,2026/04/14-17:10:31.585673,2,3,8,,,8,542276,
vcomp_run1,vcomp,2026/04/14-17:10:31.586114,2,3,8,,,6,433442,
vcomp_run1,vcomp,2026/04/14-17:10:31.586132,2,3,9,,,9,567031,
vcomp_run1,vcomp,2026/04/14-17:10:31.586268,2,3,7,,,6,413225,
vcomp_run1,vcomp,2026/04/14-17:10:31.588070,0,1,3,,,4,202254,
vcomp_run1,vcomp,2026/04/14-17:10:31.589221,0,0,6,,,6,393145,
vcomp_run1,vcomp,2026/04/14-17:10:31.590904,3,4,3,,,3,168041,
vcomp_run1,vcomp,2026/04/14-17:10:31.590918,3,4,4,,,4,230730,
vcomp_run1,vcomp,2026/04/14-17:10:31.590936,3,4,5,,,5,290950,
vcomp_run1,vcomp,2026/04/14-17:10:31.590953,3,4,5,,,5,267487,
vcomp_run1,vcomp,2026/04/14-17:10:31.590968,3,4,5,,,4,248303,
vcomp_run1,vcomp,2026/04/14-17:10:31.590971,3,4,3,,,3,156337,
vcomp_run1,vcomp,2026/04/14-17:10:31.591216,3,4,3,,,3,155495,
vcomp_run1,vcomp,2026/04/14-17:10:31.594009,0,1,17,,,17,1037064,
vcomp_run1,vcomp,2026/04/14-17:10:31.596073,1,2,3,,,3,180579,
vcomp_run1,vcomp,2026/04/14-17:10:31.597853,1,2,2,,,2,102886,
vcomp_run1,vcomp,2026/04/14-17:10:31.599787,1,2,4,,,4,208521,
vcomp_run1,vcomp,2026/04/14-17:10:31.603541,1,2,4,,,4,244130,
vcomp_run1,vcomp,2026/04/14-17:10:31.605890,1,2,4,,,4,256099,
vcomp_run1,vcomp,2026/04/14-17:10:31.605901,1,2,5,,,5,261964,
vcomp_run1,vcomp,2026/04/14-17:10:31.605916,1,2,4,,,4,248233,
vcomp_run1,vcomp,2026/04/14-17:10:31.605934,1,2,4,,,5,267639,
vcomp_run1,vcomp,2026/04/14-17:10:31.605944,1,2,5,,,5,305277,
vcomp_run1,vcomp,2026/04/14-17:10:31.606104,1,2,5,,,5,300513,
vcomp_run1,vcomp,2026/04/14-17:10:31.608487,1,2,3,,,3,143639,
vcomp_run1,vcomp,2026/04/14-17:10:31.610613,1,2,6,,,6,338338,
vcomp_run1,vcomp,2026/04/14-17:10:31.611049,1,2,7,,,6,392204,
vcomp_run1,vcomp,2026/04/14-17:10:31.613278,2,3,8,,,7,458859,
vcomp_run1,vcomp,2026/04/14-17:10:31.617502,2,3,7,,,8,468201,
vcomp_run1,vcomp,2026/04/14-17:10:31.621339,2,3,5,,,5,335893,
vcomp_run1,vcomp,2026/04/14-17:10:31.621353,2,3,6,,,6,379544,
vcomp_run1,vcomp,2026/04/14-17:10:31.621366,2,3,6,,,7,393702,
vcomp_run1,vcomp,2026/04/14-17:10:31.621382,2,3,7,,,7,444218,
vcomp_run1,vcomp,2026/04/14-17:10:31.621396,2,3,5,,,5,303075,
vcomp_run1,vcomp,2026/04/14-17:10:31.621415,2,3,6,,,5,352976,
vcomp_run1,vcomp,2026/04/14-17:10:31.621433,2,3,8,,,8,485013,
vcomp_run1,vcomp,2026/04/14-17:10:31.621460,0,1,12,,,12,739113,
vcomp_run1,vcomp,2026/04/14-17:10:31.621476,2,3,7,,,7,437097,
vcomp_run1,vcomp,2026/04/14-17:10:31.621492,2,3,8,,,9,551273,
vcomp_run1,vcomp,2026/04/14-17:10:31.621506,2,3,8,,,7,506243,
vcomp_run1,vcomp,2026/04/14-17:10:31.621660,2,3,8,,,9,529729,
vcomp_run1,vcomp,2026/04/14-17:10:31.626391,1,2,3,,,3,170716,
vcomp_run1,vcomp,2026/04/14-17:10:31.629862,1,2,3,,,3,198862,
vcomp_run1,vcomp,2026/04/14-17:10:31.629878,1,2,4,,,4,234156,
vcomp_run1,vcomp,2026/04/14-17:10:31.629894,1,2,2,,,2,66428,
vcomp_run1,vcomp,2026/04/14-17:10:31.629910,3,4,5,,,4,254905,
vcomp_run1,vcomp,2026/04/14-17:10:31.629922,3,4,3,,,3,144854,
vcomp_run1,vcomp,2026/04/14-17:10:31.629939,3,4,3,,,3,139522,
vcomp_run1,vcomp,2026/04/14-17:10:31.629952,1,2,5,,,5,317814,
vcomp_run1,vcomp,2026/04/14-17:10:31.629964,3,4,5,,,4,255713,
vcomp_run1,vcomp,2026/04/14-17:10:31.629981,3,4,5,,,4,252026,
vcomp_run1,vcomp,2026/04/14-17:10:31.630000,1,2,7,,,7,414943,
vcomp_run1,vcomp,2026/04/14-17:10:31.630013,3,4,4,,,3,178301,
vcomp_run1,vcomp,2026/04/14-17:10:31.630033,3,4,3,,,3,155185,
vcomp_run1,vcomp,2026/04/14-17:10:31.630048,3,4,5,,,4,216182,
vcomp_run1,vcomp,2026/04/14-17:10:31.630061,3,4,4,,,3,187380,
vcomp_run1,vcomp,2026/04/14-17:10:31.630075,3,4,4,,,4,206222,
vcomp_run1,vcomp,2026/04/14-17:10:31.632577,3,4,5,,,4,237815,
vcomp_run1,vcomp,2026/04/14-17:10:31.632703,3,4,4,,,4,199427,
vcomp_run1,vcomp,2026/04/14-17:10:31.632719,1,2,5,,,5,311512,
vcomp_run1,vcomp,2026/04/14-17:10:31.632863,1,2,9,,,8,527367,
vcomp_run1,vcomp,2026/04/14-17:10:31.636532,2,3,4,,,4,247560,
vcomp_run1,vcomp,2026/04/14-17:10:31.639314,2,3,6,,,6,409349,
vcomp_run1,vcomp,2026/04/14-17:10:31.639329,2,3,7,,,7,408535,
vcomp_run1,vcomp,2026/04/14-17:10:31.639343,2,3,5,,,6,309920,
vcomp_run1,vcomp,2026/04/14-17:10:31.639359,2,3,6,,,6,427171,
vcomp_run1,vcomp,2026/04/14-17:10:31.639372,2,3,6,,,6,395674,
vcomp_run1,vcomp,2026/04/14-17:10:31.639394,2,3,9,,,8,529523,
vcomp_run1,vcomp,2026/04/14-17:10:31.639564,0,1,12,,,13,804872,
vcomp_run1,vcomp,2026/04/14-17:10:31.642036,1,2,3,,,3,177383,
vcomp_run1,vcomp,2026/04/14-17:10:31.644084,1,2,3,,,3,181593,
vcomp_run1,vcomp,2026/04/14-17:10:31.647707,1,2,4,,,3,184095,
vcomp_run1,vcomp,2026/04/14-17:10:31.650857,1,2,3,,,2,111359,
vcomp_run1,vcomp,2026/04/14-17:10:31.650881,1,2,4,,,4,267895,
vcomp_run1,vcomp,2026/04/14-17:10:31.650897,1,2,6,,,5,321032,
vcomp_run1,vcomp,2026/04/14-17:10:31.650914,1,2,5,,,6,314367,
vcomp_run1,vcomp,2026/04/14-17:10:31.650927,1,2,5,,,6,312699,
vcomp_run1,vcomp,2026/04/14-17:10:31.650945,3,4,4,,,3,194853,
vcomp_run1,vcomp,2026/04/14-17:10:31.650958,3,4,4,,,3,185688,
vcomp_run1,vcomp,2026/04/14-17:10:31.650974,3,4,6,,,5,290280,
vcomp_run1,vcomp,2026/04/14-17:10:31.650989,1,2,7,,,7,459738,
vcomp_run1,vcomp,2026/04/14-17:10:31.651002,3,4,5,,,3,191636,
vcomp_run1,vcomp,2026/04/14-17:10:31.651016,3,4,4,,,4,223780,
vcomp_run1,vcomp,2026/04/14-17:10:31.651143,3,4,4,,,4,215392,
vcomp_run1,vcomp,2026/04/14-17:10:31.653965,2,3,4,,,4,246984,
vcomp_run1,vcomp,2026/04/14-17:10:31.656119,2,3,4,,,4,207757,
vcomp_run1,vcomp,2026/04/14-17:10:31.660535,2,3,7,,,6,387406,
vcomp_run1,vcomp,2026/04/14-17:10:31.663275,2,3,5,,,6,349507,
vcomp_run1,vcomp,2026/04/14-17:10:31.663290,2,3,6,,,6,361223,
vcomp_run1,vcomp,2026/04/14-17:10:31.663304,2,3,5,,,5,311583,
vcomp_run1,vcomp,2026/04/14-17:10:31.663322,2,3,8,,,7,454433,
vcomp_run1,vcomp,2026/04/14-17:10:31.663348,0,1,12,,,13,771847,
vcomp_run1,vcomp,2026/04/14-17:10:31.663365,2,3,8,,,7,441799,
vcomp_run1,vcomp,2026/04/14-17:10:31.663529,2,3,8,,,7,482221,
vcomp_run1,vcomp,2026/04/14-17:10:31.666180,1,2,2,,,2,123839,
vcomp_run1,vcomp,2026/04/14-17:10:31.670194,1,2,3,,,3,179172,
vcomp_run1,vcomp,2026/04/14-17:10:31.673584,1,2,3,,,3,174622,
vcomp_run1,vcomp,2026/04/14-17:10:31.673598,1,2,2,,,1,49749,
vcomp_run1,vcomp,2026/04/14-17:10:31.673610,1,2,3,,,3,177556,
vcomp_run1,vcomp,2026/04/14-17:10:31.673621,1,2,6,,,6,338786,
vcomp_run1,vcomp,2026/04/14-17:10:31.673637,3,4,2,,,2,75879,
vcomp_run1,vcomp,2026/04/14-17:10:31.673657,3,4,3,,,3,156515,
vcomp_run1,vcomp,2026/04/14-17:10:31.673678,1,2,7,,,6,374354,
vcomp_run1,vcomp,2026/04/14-17:10:31.673698,3,4,4,,,3,173686,
vcomp_run1,vcomp,2026/04/14-17:10:31.673712,3,4,5,,,5,273829,
vcomp_run1,vcomp,2026/04/14-17:10:31.673728,3,4,5,,,4,218958,
vcomp_run1,vcomp,2026/04/14-17:10:31.673740,3,4,4,,,4,229769,
vcomp_run1,vcomp,2026/04/14-17:10:31.673755,3,4,5,,,4,251294,
vcomp_run1,vcomp,2026/04/14-17:10:31.673773,3,4,6,,,5,318961,
vcomp_run1,vcomp,2026/04/14-17:10:31.673965,1,2,7,,,7,478327,
vcomp_run1,vcomp,2026/04/14-17:10:31.678275,1,2,6,,,7,380105,
vcomp_run1,vcomp,2026/04/14-17:10:31.680433,1,2,5,,,5,332167,
vcomp_run1,vcomp,2026/04/14-17:10:31.680867,0,0,8,,,8,524229,
vcomp_run1,vcomp,2026/04/14-17:10:31.683053,2,3,5,,,5,272401,
vcomp_run1,vcomp,2026/04/14-17:10:31.683067,2,3,5,,,5,285523,
vcomp_run1,vcomp,2026/04/14-17:10:31.683083,2,3,7,,,7,416738,
vcomp_run1,vcomp,2026/04/14-17:10:31.683324,2,3,6,,,6,376562,
vcomp_run1,vcomp,2026/04/14-17:10:31.686037,2,3,6,,,5,323511,
vcomp_run1,vcomp,2026/04/14-17:10:31.686048,0,0,4,,,4,262085,
vcomp_run1,vcomp,2026/04/14-17:10:31.686064,2,3,6,,,6,391135,
vcomp_run1,vcomp,2026/04/14-17:10:31.686078,2,3,7,,,7,469915,
vcomp_run1,vcomp,2026/04/14-17:10:31.686097,2,3,7,,,8,489004,
vcomp_run1,vcomp,2026/04/14-17:10:31.686110,2,3,7,,,7,429720,
vcomp_run1,vcomp,2026/04/14-17:10:31.689245,3,4,3,,,2,113353,
vcomp_run1,vcomp,2026/04/14-17:10:31.692333,3,4,4,,,3,185923,
vcomp_run1,vcomp,2026/04/14-17:10:31.692354,3,4,3,,,3,141110,
vcomp_run1,vcomp,2026/04/14-17:10:31.692374,3,4,6,,,4,214799,
vcomp_run1,vcomp,2026/04/14-17:10:31.692392,0,1,15,,,18,1021767,
vcomp_run1,vcomp,2026/04/14-17:10:31.692404,3,4,4,,,3,196017,
vcomp_run1,vcomp,2026/04/14-17:10:31.692421,3,4,5,,,4,241039,
vcomp_run1,vcomp,2026/04/14-17:10:31.692435,3,4,5,,,5,298637,
vcomp_run1,vcomp,2026/04/14-17:10:31.692449,3,4,4,,,4,224599,
vcomp_run1,vcomp,2026/04/14-17:10:31.692593,3,4,6,,,4,241123,
vcomp_run1,vcomp,2026/04/14-17:10:31.695042,1,2,4,,,3,185233,
vcomp_run1,vcomp,2026/04/14-17:10:31.698936,1,2,3,,,3,166975,
vcomp_run1,vcomp,2026/04/14-17:10:31.701664,1,2,4,,,4,262114,
vcomp_run1,vcomp,2026/04/14-17:10:31.701679,1,2,3,,,3,180174,
vcomp_run1,vcomp,2026/04/14-17:10:31.701700,1,2,5,,,5,269769,
vcomp_run1,vcomp,2026/04/14-17:10:31.701717,1,2,4,,,4,252790,
vcomp_run1,vcomp,2026/04/14-17:10:31.701724,1,2,3,,,3,164853,
vcomp_run1,vcomp,2026/04/14-17:10:31.701737,1,2,3,,,3,165409,
vcomp_run1,vcomp,2026/04/14-17:10:31.702482,1,2,3,,,3,170258,
vcomp_run1,vcomp,2026/04/14-17:10:31.702657,1,2,6,,,6,366425,
vcomp_run1,vcomp,2026/04/14-17:10:31.704063,1,2,4,,,3,191389,
vcomp_run1,vcomp,2026/04/14-17:10:31.706574,1,2,4,,,4,228978,
vcomp_run1,vcomp,2026/04/14-17:10:31.706591,1,2,6,,,6,346916,
vcomp_run1,vcomp,2026/04/14-17:10:31.706723,1,2,4,,,4,226407,
vcomp_run1,vcomp,2026/04/14-17:10:31.711046,2,3,4,,,4,248786,
vcomp_run1,vcomp,2026/04/14-17:10:31.714596,0,1,12,,,12,760662,
vcomp_run1,vcomp,2026/04/14-17:10:31.714609,2,3,4,,,3,201242,
vcomp_run1,vcomp,2026/04/14-17:10:31.714624,2,3,4,,,4,256090,
vcomp_run1,vcomp,2026/04/14-17:10:31.714639,2,3,5,,,5,317726,
vcomp_run1,vcomp,2026/04/14-17:10:31.714655,2,3,4,,,4,247991,
vcomp_run1,vcomp,2026/04/14-17:10:31.714673,2,3,6,,,6,332044,
vcomp_run1,vcomp,2026/04/14-17:10:31.714699,2,3,6,,,5,326816,
vcomp_run1,vcomp,2026/04/14-17:10:31.714722,2,3,7,,,7,424387,
vcomp_run1,vcomp,2026/04/14-17:10:31.714735,2,3,4,,,4,249485,
vcomp_run1,vcomp,2026/04/14-17:10:31.714752,2,3,8,,,7,452756,
vcomp_run1,vcomp,2026/04/14-17:10:31.714772,2,3,7,,,7,455639,
vcomp_run1,vcomp,2026/04/14-17:10:31.714791,2,3,7,,,7,444480,
vcomp_run1,vcomp,2026/04/14-17:10:31.715009,2,3,6,,,6,383354,
vcomp_run1,vcomp,2026/04/14-17:10:31.719621,1,2,3,,,3,176915,
vcomp_run1,vcomp,2026/04/14-17:10:31.723332,1,2,4,,,4,244934,
vcomp_run1,vcomp,2026/04/14-17:10:31.723346,1,2,3,,,4,188544,
vcomp_run1,vcomp,2026/04/14-17:10:31.723360,1,2,7,,,6,361603,
vcomp_run1,vcomp,2026/04/14-17:10:31.723377,1,2,7,,,7,439404,
vcomp_run1,vcomp,2026/04/14-17:10:31.723393,1,2,7,,,7,419127,
vcomp_run1,vcomp,2026/04/14-17:10:31.723412,3,4,4,,,4,206077,
vcomp_run1,vcomp,2026/04/14-17:10:31.723428,3,4,4,,,3,185559,
vcomp_run1,vcomp,2026/04/14-17:10:31.723439,3,4,3,,,2,129857,
vcomp_run1,vcomp,2026/04/14-17:10:31.723454,3,4,5,,,5,270804,
vcomp_run1,vcomp,2026/04/14-17:10:31.723464,3,4,6,,,5,317411,
vcomp_run1,vcomp,2026/04/14-17:10:31.723481,3,4,3,,,3,154407,
vcomp_run1,vcomp,2026/04/14-17:10:31.723497,3,4,6,,,5,267134,
vcomp_run1,vcomp,2026/04/14-17:10:31.723518,3,4,6,,,5,305635,
vcomp_run1,vcomp,2026/04/14-17:10:31.723532,3,4,5,,,5,288648,
vcomp_run1,vcomp,2026/04/14-17:10:31.723546,3,4,5,,,4,233355,
vcomp_run1,vcomp,2026/04/14-17:10:31.723963,3,4,4,,,3,175165,
vcomp_run1,vcomp,2026/04/14-17:10:31.725517,1,2,5,,,6,346230,
vcomp_run1,vcomp,2026/04/14-17:10:31.729017,1,2,5,,,5,311512,
vcomp_run1,vcomp,2026/04/14-17:10:31.731318,2,3,7,,,6,415563,
vcomp_run1,vcomp,2026/04/14-17:10:31.731332,2,3,7,,,6,396198,
vcomp_run1,vcomp,2026/04/14-17:10:31.731345,2,3,6,,,7,421724,
vcomp_run1,vcomp,2026/04/14-17:10:31.732382,0,0,8,,,8,524219,
vcomp_run1,vcomp,2026/04/14-17:10:31.734513,2,3,7,,,7,389348,
vcomp_run1,vcomp,2026/04/14-17:10:31.734528,2,3,8,,,8,476960,
vcomp_run1,vcomp,2026/04/14-17:10:31.734556,2,3,8,,,7,435396,
vcomp_run1,vcomp,2026/04/14-17:10:31.734561,2,3,6,,,7,427671,
vcomp_run1,vcomp,2026/04/14-17:10:31.735453,2,3,8,,,7,432716,
vcomp_run1,vcomp,2026/04/14-17:10:31.735459,2,3,6,,,6,359536,
vcomp_run1,vcomp,2026/04/14-17:10:31.736851,0,1,2,,,3,125566,
vcomp_run1,vcomp,2026/04/14-17:10:31.736944,3,4,3,,,2,98798,
vcomp_run1,vcomp,2026/04/14-17:10:31.737852,0,0,7,,,7,458683,
vcomp_run1,vcomp,2026/04/14-17:10:31.739475,3,4,4,,,3,162897,
vcomp_run1,vcomp,2026/04/14-17:10:31.739488,3,4,4,,,4,213397,
vcomp_run1,vcomp,2026/04/14-17:10:31.739502,3,4,5,,,4,242370,
vcomp_run1,vcomp,2026/04/14-17:10:31.739521,3,4,4,,,3,185394,
vcomp_run1,vcomp,2026/04/14-17:10:31.739537,3,4,5,,,4,258738,
vcomp_run1,vcomp,2026/04/14-17:10:31.739771,3,4,5,,,5,269280,
vcomp_run1,vcomp,2026/04/14-17:10:31.741780,0,1,17,,,19,1041251,
vcomp_run1,vcomp,2026/04/14-17:10:31.744095,1,2,2,,,2,129049,
vcomp_run1,vcomp,2026/04/14-17:10:31.747778,1,2,2,,,2,68983,
vcomp_run1,vcomp,2026/04/14-17:10:31.750640,1,2,2,,,2,106480,
vcomp_run1,vcomp,2026/04/14-17:10:31.750654,1,2,2,,,2,117082,
vcomp_run1,vcomp,2026/04/14-17:10:31.750665,1,2,2,,,2,112660,
vcomp_run1,vcomp,2026/04/14-17:10:31.750683,1,2,3,,,3,166444,
vcomp_run1,vcomp,2026/04/14-17:10:31.750694,1,2,2,,,2,113657,
vcomp_run1,vcomp,2026/04/14-17:10:31.750708,1,2,5,,,6,341594,
vcomp_run1,vcomp,2026/04/14-17:10:31.750720,1,2,4,,,3,193752,
vcomp_run1,vcomp,2026/04/14-17:10:31.750735,1,2,6,,,7,410817,
vcomp_run1,vcomp,2026/04/14-17:10:31.750749,1,2,6,,,5,311447,
vcomp_run1,vcomp,2026/04/14-17:10:31.750763,1,2,5,,,5,313026,
vcomp_run1,vcomp,2026/04/14-17:10:31.750875,1,2,6,,,5,333852,
vcomp_run1,vcomp,2026/04/14-17:10:31.753184,2,3,3,,,3,160523,
vcomp_run1,vcomp,2026/04/14-17:10:31.755384,2,3,5,,,5,275505,
vcomp_run1,vcomp,2026/04/14-17:10:31.759010,2,3,3,,,3,149376,
vcomp_run1,vcomp,2026/04/14-17:10:31.762409,2,3,6,,,5,341706,
vcomp_run1,vcomp,2026/04/14-17:10:31.762424,2,3,5,,,4,252349,
vcomp_run1,vcomp,2026/04/14-17:10:31.762438,2,3,6,,,6,363795,
vcomp_run1,vcomp,2026/04/14-17:10:31.762453,2,3,7,,,7,422699,
vcomp_run1,vcomp,2026/04/14-17:10:31.762470,2,3,8,,,7,414229,
vcomp_run1,vcomp,2026/04/14-17:10:31.762483,2,3,7,,,7,448996,
vcomp_run1,vcomp,2026/04/14-17:10:31.762501,2,3,8,,,8,500446,
vcomp_run1,vcomp,2026/04/14-17:10:31.762517,2,3,7,,,8,485580,
vcomp_run1,vcomp,2026/04/14-17:10:31.762543,0,1,13,,,13,811447,
vcomp_run1,vcomp,2026/04/14-17:10:31.762685,2,3,8,,,8,460847,
vcomp_run1,vcomp,2026/04/14-17:10:31.765346,1,2,3,,,3,182898,
vcomp_run1,vcomp,2026/04/14-17:10:31.767257,1,2,2,,,2,104332,
vcomp_run1,vcomp,2026/04/14-17:10:31.771009,1,2,6,,,7,436555,
vcomp_run1,vcomp,2026/04/14-17:10:31.774461,1,2,3,,,3,178831,
vcomp_run1,vcomp,2026/04/14-17:10:31.774483,1,2,5,,,5,286078,
vcomp_run1,vcomp,2026/04/14-17:10:31.774499,1,2,4,,,4,252154,
vcomp_run1,vcomp,2026/04/14-17:10:31.774511,3,4,2,,,2,79798,
vcomp_run1,vcomp,2026/04/14-17:10:31.774531,1,2,5,,,6,356816,
vcomp_run1,vcomp,2026/04/14-17:10:31.774549,3,4,4,,,3,177813,
vcomp_run1,vcomp,2026/04/14-17:10:31.774561,3,4,3,,,3,155656,
vcomp_run1,vcomp,2026/04/14-17:10:31.774574,3,4,4,,,4,206702,
vcomp_run1,vcomp,2026/04/14-17:10:31.774595,1,2,7,,,8,446319,
vcomp_run1,vcomp,2026/04/14-17:10:31.774616,3,4,4,,,3,196568,
vcomp_run1,vcomp,2026/04/14-17:10:31.774631,3,4,5,,,4,197787,
vcomp_run1,vcomp,2026/04/14-17:10:31.774646,3,4,7,,,6,341532,
vcomp_run1,vcomp,2026/04/14-17:10:31.774660,3,4,4,,,4,226534,
vcomp_run1,vcomp,2026/04/14-17:10:31.777207,3,4,5,,,5,263175,
vcomp_run1,vcomp,2026/04/14-17:10:31.777224,3,4,4,,,3,176950,
vcomp_run1,vcomp,2026/04/14-17:10:31.777240,3,4,5,,,4,259481,
vcomp_run1,vcomp,2026/04/14-17:10:31.777393,3,4,6,,,6,327954,
vcomp_run1,vcomp,2026/04/14-17:10:31.781774,2,3,2,,,2,97922,
vcomp_run1,vcomp,2026/04/14-17:10:31.784722,2,3,6,,,6,371340,
vcomp_run1,vcomp,2026/04/14-17:10:31.784733,2,3,5,,,5,340808,
vcomp_run1,vcomp,2026/04/14-17:10:31.784754,2,3,4,,,4,242283,
vcomp_run1,vcomp,2026/04/14-17:10:31.784769,2,3,7,,,7,440806,
vcomp_run1,vcomp,2026/04/14-17:10:31.784784,2,3,7,,,6,400624,
vcomp_run1,vcomp,2026/04/14-17:10:31.784798,2,3,8,,,7,454464,
vcomp_run1,vcomp,2026/04/14-17:10:31.784810,2,3,7,,,7,464250,
vcomp_run1,vcomp,2026/04/14-17:10:31.784824,2,3,7,,,7,452386,
vcomp_run1,vcomp,2026/04/14-17:10:31.784985,0,1,13,,,13,782400,
vcomp_run1,vcomp,2026/04/14-17:10:31.789737,1,2,5,,,4,229895,
vcomp_run1,vcomp,2026/04/14-17:10:31.793066,1,2,5,,,5,318753,
vcomp_run1,vcomp,2026/04/14-17:10:31.793074,1,2,3,,,3,169879,
vcomp_run1,vcomp,2026/04/14-17:10:31.793087,1,2,5,,,5,285736,
vcomp_run1,vcomp,2026/04/14-17:10:31.793101,3,4,3,,,3,155505,
vcomp_run1,vcomp,2026/04/14-17:10:31.793114,1,2,8,,,8,503159,
vcomp_run1,vcomp,2026/04/14-17:10:31.793130,1,2,3,,,3,173269,
vcomp_run1,vcomp,2026/04/14-17:10:31.793147,3,4,5,,,5,274548,
vcomp_run1,vcomp,2026/04/14-17:10:31.793161,3,4,6,,,5,326390,
vcomp_run1,vcomp,2026/04/14-17:10:31.793173,3,4,4,,,4,225832,
vcomp_run1,vcomp,2026/04/14-17:10:31.793186,3,4,4,,,3,188568,
vcomp_run1,vcomp,2026/04/14-17:10:31.793202,3,4,5,,,4,230710,
vcomp_run1,vcomp,2026/04/14-17:10:31.793706,3,4,5,,,4,245327,
vcomp_run1,vcomp,2026/04/14-17:10:31.795697,1,2,6,,,6,355095,
vcomp_run1,vcomp,2026/04/14-17:10:31.799180,1,2,5,,,5,288959,
vcomp_run1,vcomp,2026/04/14-17:10:31.801074,1,2,6,,,6,365487,
vcomp_run1,vcomp,2026/04/14-17:10:31.801579,0,0,8,,,8,524227,
vcomp_run1,vcomp,2026/04/14-17:10:31.803958,2,3,6,,,6,380091,
vcomp_run1,vcomp,2026/04/14-17:10:31.803974,2,3,4,,,5,280965,
vcomp_run1,vcomp,2026/04/14-17:10:31.804522,2,3,6,,,6,375371,
vcomp_run1,vcomp,2026/04/14-17:10:31.807377,2,3,6,,,6,378531,
vcomp_run1,vcomp,2026/04/14-17:10:31.807390,0,0,6,,,6,393155,
vcomp_run1,vcomp,2026/04/14-17:10:31.807402,2,3,6,,,7,444631,
vcomp_run1,vcomp,2026/04/14-17:10:31.807416,2,3,5,,,5,333035,
vcomp_run1,vcomp,2026/04/14-17:10:31.807427,2,3,6,,,6,359408,
vcomp_run1,vcomp,2026/04/14-17:10:31.807441,2,3,7,,,8,445769,
vcomp_run1,vcomp,2026/04/14-17:10:31.807689,2,3,8,,,7,460252,
vcomp_run1,vcomp,2026/04/14-17:10:31.811207,0,1,3,,,4,197461,
vcomp_run1,vcomp,2026/04/14-17:10:31.814090,3,4,4,,,3,152333,
vcomp_run1,vcomp,2026/04/14-17:10:31.814119,3,4,3,,,3,155770,
vcomp_run1,vcomp,2026/04/14-17:10:31.814820,3,4,4,,,3,164735,
vcomp_run1,vcomp,2026/04/14-17:10:31.814825,0,0,4,,,4,262083,
vcomp_run1,vcomp,2026/04/14-17:10:31.814852,1,2,5,,,5,324253,
vcomp_run1,vcomp,2026/04/14-17:10:31.814894,3,4,6,,,6,350203,
vcomp_run1,vcomp,2026/04/14-17:10:31.814911,3,4,4,,,3,171620,
vcomp_run1,vcomp,2026/04/14-17:10:31.814931,3,4,7,,,6,361137,
vcomp_run1,vcomp,2026/04/14-17:10:31.814963,3,4,3,,,3,137841,
vcomp_run1,vcomp,2026/04/14-17:10:31.815128,3,4,4,,,3,193920,
vcomp_run1,vcomp,2026/04/14-17:10:31.816508,1,2,2,,,2,107490,
vcomp_run1,vcomp,2026/04/14-17:10:31.816891,1,2,7,,,6,359461,
vcomp_run1,vcomp,2026/04/14-17:10:31.817443,1,2,6,,,5,296611,
vcomp_run1,vcomp,2026/04/14-17:10:31.819362,2,3,5,,,4,221432,
vcomp_run1,vcomp,2026/04/14-17:10:31.822354,2,3,5,,,5,333626,
vcomp_run1,vcomp,2026/04/14-17:10:31.822370,2,3,6,,,6,366799,
vcomp_run1,vcomp,2026/04/14-17:10:31.822406,2,3,8,,,9,507381,
vcomp_run1,vcomp,2026/04/14-17:10:31.822537,0,1,13,,,13,777540,
vcomp_run1,vcomp,2026/04/14-17:10:31.825022,1,2,4,,,4,231936,
vcomp_run1,vcomp,2026/04/14-17:10:31.827044,1,2,3,,,3,173758,
vcomp_run1,vcomp,2026/04/14-17:10:31.829132,1,2,5,,,4,285755,
vcomp_run1,vcomp,2026/04/14-17:10:31.831182,1,2,4,,,4,240573,
vcomp_run1,vcomp,2026/04/14-17:10:31.835659,1,2,4,,,3,195455,
vcomp_run1,vcomp,2026/04/14-17:10:31.838548,1,2,4,,,3,226846,
vcomp_run1,vcomp,2026/04/14-17:10:31.838686,0,0,8,,,8,524222,
vcomp_run1,vcomp,2026/04/14-17:10:31.838708,3,4,4,,,4,199493,
vcomp_run1,vcomp,2026/04/14-17:10:31.838726,3,4,3,,,2,94125,
vcomp_run1,vcomp,2026/04/14-17:10:31.838747,3,4,3,,,3,158002,
vcomp_run1,vcomp,2026/04/14-17:10:31.838770,1,2,5,,,5,319204,
vcomp_run1,vcomp,2026/04/14-17:10:31.838785,1,2,5,,,5,318569,
vcomp_run1,vcomp,2026/04/14-17:10:31.838805,1,2,7,,,7,390220,
vcomp_run1,vcomp,2026/04/14-17:10:31.840334,3,4,3,,,3,164377,
vcomp_run1,vcomp,2026/04/14-17:10:31.843674,2,3,7,,,7,438841,
vcomp_run1,vcomp,2026/04/14-17:10:31.843695,2,3,4,,,5,259905,
vcomp_run1,vcomp,2026/04/14-17:10:31.843710,0,0,6,,,6,393150,
vcomp_run1,vcomp,2026/04/14-17:10:31.843724,2,3,7,,,6,380203,
vcomp_run1,vcomp,2026/04/14-17:10:31.843737,2,3,7,,,6,416198,
vcomp_run1,vcomp,2026/04/14-17:10:31.843752,2,3,8,,,8,506958,
vcomp_run1,vcomp,2026/04/14-17:10:31.843764,2,3,7,,,8,472516,
vcomp_run1,vcomp,2026/04/14-17:10:31.843789,2,3,8,,,7,471784,
vcomp_run1,vcomp,2026/04/14-17:10:31.846450,2,3,8,,,9,557388,
vcomp_run1,vcomp,2026/04/14-17:10:31.846465,1,2,5,,,5,321771,
vcomp_run1,vcomp,2026/04/14-17:10:31.846485,1,2,5,,,5,294188,
vcomp_run1,vcomp,2026/04/14-17:10:31.846644,1,2,7,,,6,394694,
vcomp_run1,vcomp,2026/04/14-17:10:31.849338,2,3,7,,,7,443546,
vcomp_run1,vcomp,2026/04/14-17:10:31.852191,2,3,8,,,8,473251,
vcomp_run1,vcomp,2026/04/14-17:10:31.852337,0,1,13,,,15,861324,
vcomp_run1,vcomp,2026/04/14-17:10:31.854788,3,4,3,,,3,134930,
vcomp_run1,vcomp,2026/04/14-17:10:31.854898,3,4,4,,,4,201545,
vcomp_run1,vcomp,2026/04/14-17:10:31.857406,1,2,3,,,3,196023,
vcomp_run1,vcomp,2026/04/14-17:10:31.861114,1,2,2,,,2,111036,
vcomp_run1,vcomp,2026/04/14-17:10:31.861129,1,2,6,,,7,385523,
vcomp_run1,vcomp,2026/04/14-17:10:31.861143,1,2,6,,,7,404753,
vcomp_run1,vcomp,2026/04/14-17:10:31.861158,1,2,4,,,5,278355,
vcomp_run1,vcomp,2026/04/14-17:10:31.861173,3,4,3,,,3,156636,
vcomp_run1,vcomp,2026/04/14-17:10:31.861192,1,2,5,,,6,310237,
vcomp_run1,vcomp,2026/04/14-17:10:31.861208,1,2,3,,,3,171848,
vcomp_run1,vcomp,2026/04/14-17:10:31.861219,3,4,5,,,4,233408,
vcomp_run1,vcomp,2026/04/14-17:10:31.861240,3,4,3,,,3,151687,
vcomp_run1,vcomp,2026/04/14-17:10:31.861252,3,4,4,,,3,188083,
vcomp_run1,vcomp,2026/04/14-17:10:31.861272,3,4,4,,,4,222561,
vcomp_run1,vcomp,2026/04/14-17:10:31.861288,3,4,5,,,4,201592,
vcomp_run1,vcomp,2026/04/14-17:10:31.861301,3,4,4,,,3,195934,
vcomp_run1,vcomp,2026/04/14-17:10:31.861447,3,4,4,,,4,226979,
vcomp_run1,vcomp,2026/04/14-17:10:31.864067,1,2,3,,,3,189480,
vcomp_run1,vcomp,2026/04/14-17:10:31.868431,1,2,4,,,4,209891,
vcomp_run1,vcomp,2026/04/14-17:10:31.870621,0,0,8,,,8,524221,
vcomp_run1,vcomp,2026/04/14-17:10:31.871251,1,2,3,,,3,161391,
vcomp_run1,vcomp,2026/04/14-17:10:31.871359,1,2,6,,,5,316597,
vcomp_run1,vcomp,2026/04/14-17:10:31.872847,2,3,3,,,3,179078,
vcomp_run1,vcomp,2026/04/14-17:10:31.872864,2,3,7,,,6,445304,
vcomp_run1,vcomp,2026/04/14-17:10:31.873314,2,3,7,,,7,427244,
vcomp_run1,vcomp,2026/04/14-17:10:31.876483,0,0,7,,,7,458685,
vcomp_run1,vcomp,2026/04/14-17:10:31.876497,0,1,2,,,2,115958,
vcomp_run1,vcomp,2026/04/14-17:10:31.876513,2,3,2,,,2,78890,
vcomp_run1,vcomp,2026/04/14-17:10:31.876530,2,3,6,,,7,399803,
vcomp_run1,vcomp,2026/04/14-17:10:31.876546,2,3,8,,,8,466589,
vcomp_run1,vcomp,2026/04/14-17:10:31.876563,2,3,8,,,7,478377,
vcomp_run1,vcomp,2026/04/14-17:10:31.876583,2,3,7,,,6,431136,
vcomp_run1,vcomp,2026/04/14-17:10:31.876599,2,3,7,,,8,455325,
vcomp_run1,vcomp,2026/04/14-17:10:31.876616,2,3,8,,,8,503410,
vcomp_run1,vcomp,2026/04/14-17:10:31.876988,2,3,10,,,9,639399,
vcomp_run1,vcomp,2026/04/14-17:10:31.880875,0,1,3,,,3,186832,
vcomp_run1,vcomp,2026/04/14-17:10:31.884055,3,4,3,,,3,147965,
vcomp_run1,vcomp,2026/04/14-17:10:31.884112,3,4,4,,,3,182570,
vcomp_run1,vcomp,2026/04/14-17:10:31.884145,3,4,5,,,4,235087,
vcomp_run1,vcomp,2026/04/14-17:10:31.884898,0,0,5,,,5,327613,
vcomp_run1,vcomp,2026/04/14-17:10:31.884892,3,4,5,,,5,287732,
vcomp_run1,vcomp,2026/04/14-17:10:31.884926,3,4,3,,,2,110399,
vcomp_run1,vcomp,2026/04/14-17:10:31.884998,3,4,4,,,4,229625,
vcomp_run1,vcomp,2026/04/14-17:10:31.885037,3,4,6,,,5,316076,
vcomp_run1,vcomp,2026/04/14-17:10:31.885167,3,4,4,,,4,198879,
vcomp_run1,vcomp,2026/04/14-17:10:31.885196,3,4,3,,,3,155407,
vcomp_run1,vcomp,2026/04/14-17:10:31.885201,3,4,4,,,4,197204,
vcomp_run1,vcomp,2026/04/14-17:10:31.886603,1,2,3,,,4,199975,
vcomp_run1,vcomp,2026/04/14-17:10:31.886716,1,2,6,,,6,349916,
vcomp_run1,vcomp,2026/04/14-17:10:31.887179,1,2,6,,,7,419574,
vcomp_run1,vcomp,2026/04/14-17:10:31.891004,2,3,5,,,5,319909,
vcomp_run1,vcomp,2026/04/14-17:10:31.891020,0,1,13,,,14,794325,
vcomp_run1,vcomp,2026/04/14-17:10:31.891038,2,3,6,,,6,359213,
vcomp_run1,vcomp,2026/04/14-17:10:31.891170,2,3,6,,,6,386374,
vcomp_run1,vcomp,2026/04/14-17:10:31.893368,1,2,3,,,3,181230,
vcomp_run1,vcomp,2026/04/14-17:10:31.895316,1,2,4,,,3,167157,
vcomp_run1,vcomp,2026/04/14-17:10:31.897354,1,2,4,,,4,249450,
vcomp_run1,vcomp,2026/04/14-17:10:31.900879,1,2,4,,,4,218654,
vcomp_run1,vcomp,2026/04/14-17:10:31.903689,1,2,5,,,5,303500,
vcomp_run1,vcomp,2026/04/14-17:10:31.903708,1,2,5,,,5,325778,
vcomp_run1,vcomp,2026/04/14-17:10:31.903724,1,2,5,,,6,309447,
vcomp_run1,vcomp,2026/04/14-17:10:31.903746,0,0,8,,,8,524224,
vcomp_run1,vcomp,2026/04/14-17:10:31.903764,3,4,5,,,4,229881,
vcomp_run1,vcomp,2026/04/14-17:10:31.904104,1,2,4,,,4,219475,
vcomp_run1,vcomp,2026/04/14-17:10:31.904118,1,2,6,,,5,326408,
vcomp_run1,vcomp,2026/04/14-17:10:31.905181,3,4,4,,,3,194182,
vcomp_run1,vcomp,2026/04/14-17:10:31.905809,1,2,4,,,4,194528,
vcomp_run1,vcomp,2026/04/14-17:10:31.908906,0,0,5,,,5,327616,
vcomp_run1,vcomp,2026/04/14-17:10:31.908926,0,1,4,,,4,279950,
vcomp_run1,vcomp,2026/04/14-17:10:31.908948,2,3,5,,,5,331253,
vcomp_run1,vcomp,2026/04/14-17:10:31.908963,2,3,4,,,4,230724,
vcomp_run1,vcomp,2026/04/14-17:10:31.908988,2,3,5,,,5,300132,
vcomp_run1,vcomp,2026/04/14-17:10:31.909004,2,3,6,,,6,351898,
vcomp_run1,vcomp,2026/04/14-17:10:31.909020,2,3,7,,,7,450503,
vcomp_run1,vcomp,2026/04/14-17:10:31.909539,2,3,8,,,7,486408,
vcomp_run1,vcomp,2026/04/14-17:10:31.911671,2,3,7,,,7,468794,
vcomp_run1,vcomp,2026/04/14-17:10:31.911689,2,3,8,,,9,487480,
vcomp_run1,vcomp,2026/04/14-17:10:31.912149,2,3,9,,,10,595493,
vcomp_run1,vcomp,2026/04/14-17:10:31.914139,0,1,16,,,18,1022320,
vcomp_run1,vcomp,2026/04/14-17:10:31.917226,3,4,4,,,3,170572,
vcomp_run1,vcomp,2026/04/14-17:10:31.917241,3,4,5,,,4,239841,
vcomp_run1,vcomp,2026/04/14-17:10:31.917256,3,4,5,,,4,201764,
vcomp_run1,vcomp,2026/04/14-17:10:31.917270,3,4,5,,,4,250096,
vcomp_run1,vcomp,2026/04/14-17:10:31.917284,3,4,5,,,4,256905,
vcomp_run1,vcomp,2026/04/14-17:10:31.917300,3,4,2,,,2,77895,
vcomp_run1,vcomp,2026/04/14-17:10:31.917317,3,4,4,,,4,207013,
vcomp_run1,vcomp,2026/04/14-17:10:31.917332,3,4,4,,,4,227649,
vcomp_run1,vcomp,2026/04/14-17:10:31.917347,3,4,2,,,2,75995,
vcomp_run1,vcomp,2026/04/14-17:10:31.917491,3,4,4,,,4,227047,
vcomp_run1,vcomp,2026/04/14-17:10:31.921978,1,2,2,,,2,120437,
vcomp_run1,vcomp,2026/04/14-17:10:31.924987,1,2,4,,,4,235405,
vcomp_run1,vcomp,2026/04/14-17:10:31.925008,1,2,4,,,4,259922,
vcomp_run1,vcomp,2026/04/14-17:10:31.925032,1,2,2,,,2,115287,
vcomp_run1,vcomp,2026/04/14-17:10:31.925058,1,2,3,,,3,152997,
vcomp_run1,vcomp,2026/04/14-17:10:31.925079,1,2,4,,,4,248336,
vcomp_run1,vcomp,2026/04/14-17:10:31.925399,1,2,2,,,2,109582,
vcomp_run1,vcomp,2026/04/14-17:10:31.925424,1,2,4,,,4,244569,
vcomp_run1,vcomp,2026/04/14-17:10:31.925631,1,2,4,,,4,224753,
vcomp_run1,vcomp,2026/04/14-17:10:31.927008,1,2,3,,,2,104603,
vcomp_run1,vcomp,2026/04/14-17:10:31.929438,1,2,3,,,2,72608,
vcomp_run1,vcomp,2026/04/14-17:10:31.929453,1,2,5,,,6,332642,
vcomp_run1,vcomp,2026/04/14-17:10:31.929466,1,2,5,,,5,305890,
vcomp_run1,vcomp,2026/04/14-17:10:31.929899,1,2,4,,,4,227665,
vcomp_run1,vcomp,2026/04/14-17:10:31.933490,2,3,5,,,6,362942,
vcomp_run1,vcomp,2026/04/14-17:10:31.936925,2,3,6,,,5,326958,
vcomp_run1,vcomp,2026/04/14-17:10:31.936940,2,3,6,,,6,367850,
vcomp_run1,vcomp,2026/04/14-17:10:31.936958,0,1,12,,,13,772851,
vcomp_run1,vcomp,2026/04/14-17:10:31.936972,2,3,7,,,7,438202,
vcomp_run1,vcomp,2026/04/14-17:10:31.936991,2,3,7,,,7,394782,
vcomp_run1,vcomp,2026/04/14-17:10:31.937007,2,3,6,,,7,413503,
vcomp_run1,vcomp,2026/04/14-17:10:31.937023,2,3,6,,,6,377493,
vcomp_run1,vcomp,2026/04/14-17:10:31.937037,2,3,6,,,6,384153,
vcomp_run1,vcomp,2026/04/14-17:10:31.937054,2,3,7,,,7,406463,
vcomp_run1,vcomp,2026/04/14-17:10:31.937071,2,3,6,,,7,443566,
vcomp_run1,vcomp,2026/04/14-17:10:31.937088,2,3,7,,,7,475287,
vcomp_run1,vcomp,2026/04/14-17:10:31.937263,2,3,7,,,8,484910,
vcomp_run1,vcomp,2026/04/14-17:10:31.940070,1,2,3,,,2,126720,
vcomp_run1,vcomp,2026/04/14-17:10:31.944398,1,2,3,,,3,161955,
vcomp_run1,vcomp,2026/04/14-17:10:31.948352,1,2,4,,,4,237260,
vcomp_run1,vcomp,2026/04/14-17:10:31.948367,1,2,4,,,4,245040,
vcomp_run1,vcomp,2026/04/14-17:10:31.948386,1,2,7,,,7,428864,
vcomp_run1,vcomp,2026/04/14-17:10:31.948399,1,2,8,,,7,415442,
vcomp_run1,vcomp,2026/04/14-17:10:31.948417,1,2,7,,,7,414478,
vcomp_run1,vcomp,2026/04/14-17:10:31.948430,1,2,7,,,7,423840,
vcomp_run1,vcomp,2026/04/14-17:10:31.948445,3,4,3,,,3,154295,
vcomp_run1,vcomp,2026/04/14-17:10:31.948457,3,4,2,,,2,101083,
vcomp_run1,vcomp,2026/04/14-17:10:31.948475,3,4,4,,,3,193829,
vcomp_run1,vcomp,2026/04/14-17:10:31.948486,3,4,2,,,2,89577,
vcomp_run1,vcomp,2026/04/14-17:10:31.948502,3,4,3,,,3,154973,
vcomp_run1,vcomp,2026/04/14-17:10:31.948515,3,4,4,,,3,175925,
vcomp_run1,vcomp,2026/04/14-17:10:31.948532,3,4,4,,,4,227901,
vcomp_run1,vcomp,2026/04/14-17:10:31.948544,3,4,4,,,4,207029,
vcomp_run1,vcomp,2026/04/14-17:10:31.948564,3,4,5,,,4,230309,
vcomp_run1,vcomp,2026/04/14-17:10:31.948574,3,4,4,,,3,184788,
vcomp_run1,vcomp,2026/04/14-17:10:31.948584,3,4,5,,,5,266121,
vcomp_run1,vcomp,2026/04/14-17:10:31.950873,3,4,6,,,5,299234,
vcomp_run1,vcomp,2026/04/14-17:10:31.951020,3,4,3,,,3,153644,
vcomp_run1,vcomp,2026/04/14-17:10:31.951509,1,2,5,,,5,280531,
vcomp_run1,vcomp,2026/04/14-17:10:31.954941,2,3,5,,,4,261097,
vcomp_run1,vcomp,2026/04/14-17:10:31.957934,2,3,6,,,5,310217,
vcomp_run1,vcomp,2026/04/14-17:10:31.957950,2,3,4,,,6,313133,
vcomp_run1,vcomp,2026/04/14-17:10:31.957967,2,3,5,,,6,347264,
vcomp_run1,vcomp,2026/04/14-17:10:31.957985,2,3,6,,,6,343681,
vcomp_run1,vcomp,2026/04/14-17:10:31.958003,2,3,5,,,5,300356,
vcomp_run1,vcomp,2026/04/14-17:10:31.958020,2,3,7,,,6,422199,
vcomp_run1,vcomp,2026/04/14-17:10:31.958036,0,1,12,,,12,738917,
vcomp_run1,vcomp,2026/04/14-17:10:31.958234,2,3,9,,,8,553683,
vcomp_run1,vcomp,2026/04/14-17:10:31.960743,1,2,3,,,3,149186,
vcomp_run1,vcomp,2026/04/14-17:10:31.962622,1,2,2,,,2,104800,
vcomp_run1,vcomp,2026/04/14-17:10:31.967206,1,2,4,,,3,205002,
vcomp_run1,vcomp,2026/04/14-17:10:31.967218,1,2,5,,,5,296440,
vcomp_run1,vcomp,2026/04/14-17:10:31.967232,1,2,4,,,5,247485,
vcomp_run1,vcomp,2026/04/14-17:10:31.970114,3,4,3,,,2,108407,
vcomp_run1,vcomp,2026/04/14-17:10:31.970129,1,2,7,,,6,367580,
vcomp_run1,vcomp,2026/04/14-17:10:31.970142,3,4,3,,,3,151510,
vcomp_run1,vcomp,2026/04/14-17:10:31.970155,3,4,4,,,3,192952,
vcomp_run1,vcomp,2026/04/14-17:10:31.970169,3,4,4,,,4,219868,
vcomp_run1,vcomp,2026/04/14-17:10:31.970188,3,4,6,,,5,280643,
vcomp_run1,vcomp,2026/04/14-17:10:31.970200,3,4,5,,,5,273335,
vcomp_run1,vcomp,2026/04/14-17:10:31.970219,3,4,4,,,4,204754,
vcomp_run1,vcomp,2026/04/14-17:10:31.970416,1,2,7,,,7,426279,
vcomp_run1,vcomp,2026/04/14-17:10:31.975159,1,2,5,,,5,311429,
vcomp_run1,vcomp,2026/04/14-17:10:31.977527,2,3,6,,,6,319275,
vcomp_run1,vcomp,2026/04/14-17:10:31.977542,2,3,6,,,6,355785,
vcomp_run1,vcomp,2026/04/14-17:10:31.977554,1,2,7,,,6,382221,
vcomp_run1,vcomp,2026/04/14-17:10:31.977775,0,0,8,,,8,524237,
vcomp_run1,vcomp,2026/04/14-17:10:31.980018,2,3,6,,,7,391514,
vcomp_run1,vcomp,2026/04/14-17:10:31.983066,0,0,6,,,6,393165,
vcomp_run1,vcomp,2026/04/14-17:10:31.983088,2,3,4,,,3,185537,
vcomp_run1,vcomp,2026/04/14-17:10:31.983101,2,3,5,,,5,301659,
vcomp_run1,vcomp,2026/04/14-17:10:31.983119,2,3,6,,,7,406449,
vcomp_run1,vcomp,2026/04/14-17:10:31.983138,2,3,9,,,8,511777,
vcomp_run1,vcomp,2026/04/14-17:10:31.983155,2,3,8,,,8,480999,
vcomp_run1,vcomp,2026/04/14-17:10:31.983635,2,3,8,,,7,471158,
vcomp_run1,vcomp,2026/04/14-17:10:31.987540,0,1,3,,,4,207104,
vcomp_run1,vcomp,2026/04/14-17:10:31.990582,3,4,5,,,4,198080,
vcomp_run1,vcomp,2026/04/14-17:10:31.990611,3,4,4,,,3,159663,
vcomp_run1,vcomp,2026/04/14-17:10:31.990673,3,4,4,,,4,229774,
vcomp_run1,vcomp,2026/04/14-17:10:31.991491,0,0,4,,,4,262093,
vcomp_run1,vcomp,2026/04/14-17:10:31.991511,3,4,3,,,3,144905,
vcomp_run1,vcomp,2026/04/14-17:10:31.991527,3,4,3,,,3,143349,
vcomp_run1,vcomp,2026/04/14-17:10:31.991548,3,4,4,,,3,184637,
vcomp_run1,vcomp,2026/04/14-17:10:31.991575,3,4,3,,,3,154100,
vcomp_run1,vcomp,2026/04/14-17:10:31.991586,3,4,3,,,3,155379,
vcomp_run1,vcomp,2026/04/14-17:10:31.991601,3,4,5,,,4,216796,
vcomp_run1,vcomp,2026/04/14-17:10:31.991725,3,4,5,,,5,266153,
vcomp_run1,vcomp,2026/04/14-17:10:31.993440,1,2,3,,,3,187619,
vcomp_run1,vcomp,2026/04/14-17:10:31.993553,1,2,8,,,7,440422,
vcomp_run1,vcomp,2026/04/14-17:10:31.993571,1,2,8,,,8,503936,
vcomp_run1,vcomp,2026/04/14-17:10:31.993833,1,2,6,,,6,329451,
vcomp_run1,vcomp,2026/04/14-17:10:31.997855,2,3,6,,,5,346519,
vcomp_run1,vcomp,2026/04/14-17:10:31.997867,2,3,6,,,5,337493,
vcomp_run1,vcomp,2026/04/14-17:10:31.997879,2,3,8,,,7,419556,
vcomp_run1,vcomp,2026/04/14-17:10:31.998001,0,1,12,,,12,745914,
vcomp_run1,vcomp,2026/04/14-17:10:32.000695,1,2,6,,,6,364877,
vcomp_run1,vcomp,2026/04/14-17:10:32.002823,1,2,3,,,3,187644,
vcomp_run1,vcomp,2026/04/14-17:10:32.006461,1,2,4,,,5,266538,
vcomp_run1,vcomp,2026/04/14-17:10:32.009244,1,2,4,,,4,236175,
vcomp_run1,vcomp,2026/04/14-17:10:32.009269,1,2,4,,,4,208274,
vcomp_run1,vcomp,2026/04/14-17:10:32.009284,1,2,6,,,5,316985,
vcomp_run1,vcomp,2026/04/14-17:10:32.009299,1,2,5,,,5,328775,
vcomp_run1,vcomp,2026/04/14-17:10:32.009317,3,4,3,,,3,152061,
vcomp_run1,vcomp,2026/04/14-17:10:32.009331,3,4,4,,,3,179775,
vcomp_run1,vcomp,2026/04/14-17:10:32.009348,0,0,8,,,8,524226,
vcomp_run1,vcomp,2026/04/14-17:10:32.009561,3,4,5,,,4,243663,
vcomp_run1,vcomp,2026/04/14-17:10:32.011726,1,2,9,,,8,518483,
vcomp_run1,vcomp,2026/04/14-17:10:32.013904,0,0,5,,,5,327618,
vcomp_run1,vcomp,2026/04/14-17:10:32.017347,2,3,5,,,6,321265,
vcomp_run1,vcomp,2026/04/14-17:10:32.017364,2,3,6,,,6,400688,
vcomp_run1,vcomp,2026/04/14-17:10:32.017382,2,3,7,,,8,470012,
vcomp_run1,vcomp,2026/04/14-17:10:32.017399,2,3,8,,,7,446964,
vcomp_run1,vcomp,2026/04/14-17:10:32.017413,2,3,8,,,8,477685,
vcomp_run1,vcomp,2026/04/14-17:10:32.017436,2,3,8,,,8,534040,
vcomp_run1,vcomp,2026/04/14-17:10:32.017453,2,3,9,,,8,513027,
vcomp_run1,vcomp,2026/04/14-17:10:32.017671,2,3,8,,,8,507741,
vcomp_run1,vcomp,2026/04/14-17:10:32.020011,0,1,16,,,18,1028131,
vcomp_run1,vcomp,2026/04/14-17:10:32.022860,3,4,4,,,3,170278,
vcomp_run1,vcomp,2026/04/14-17:10:32.022874,3,4,4,,,4,230578,
vcomp_run1,vcomp,2026/04/14-17:10:32.022891,3,4,4,,,4,228958,
vcomp_run1,vcomp,2026/04/14-17:10:32.022907,3,4,5,,,4,216396,
vcomp_run1,vcomp,2026/04/14-17:10:32.022921,3,4,4,,,4,225924,
vcomp_run1,vcomp,2026/04/14-17:10:32.022946,3,4,5,,,4,250979,
vcomp_run1,vcomp,2026/04/14-17:10:32.023072,3,4,6,,,5,281634,
vcomp_run1,vcomp,2026/04/14-17:10:32.027984,1,2,2,,,2,105307,
vcomp_run1,vcomp,2026/04/14-17:10:32.027995,1,2,2,,,2,111360,
vcomp_run1,vcomp,2026/04/14-17:10:32.028006,1,2,3,,,3,180920,
vcomp_run1,vcomp,2026/04/14-17:10:32.028024,1,2,4,,,4,276700,
vcomp_run1,vcomp,2026/04/14-17:10:32.028041,1,2,3,,,3,168667,
vcomp_run1,vcomp,2026/04/14-17:10:32.028490,1,2,4,,,4,249848,
vcomp_run1,vcomp,2026/04/14-17:10:32.030121,1,2,5,,,5,310666,
vcomp_run1,vcomp,2026/04/14-17:10:32.030832,1,2,4,,,4,243571,
vcomp_run1,vcomp,2026/04/14-17:10:32.030945,1,2,5,,,5,289683,
vcomp_run1,vcomp,2026/04/14-17:10:32.032578,1,2,4,,,4,242275,
vcomp_run1,vcomp,2026/04/14-17:10:32.032590,1,2,5,,,5,334204,
vcomp_run1,vcomp,2026/04/14-17:10:32.032604,1,2,4,,,4,222590,
vcomp_run1,vcomp,2026/04/14-17:10:32.033088,1,2,6,,,6,397229,
vcomp_run1,vcomp,2026/04/14-17:10:32.034657,1,2,4,,,4,217186,
vcomp_run1,vcomp,2026/04/14-17:10:32.037518,2,3,5,,,6,339238,
vcomp_run1,vcomp,2026/04/14-17:10:32.041262,2,3,6,,,6,387896,
vcomp_run1,vcomp,2026/04/14-17:10:32.041278,2,3,6,,,6,378290,
vcomp_run1,vcomp,2026/04/14-17:10:32.041295,2,3,7,,,7,435292,
vcomp_run1,vcomp,2026/04/14-17:10:32.041311,2,3,7,,,7,465817,
vcomp_run1,vcomp,2026/04/14-17:10:32.041328,0,1,12,,,12,743272,
vcomp_run1,vcomp,2026/04/14-17:10:32.041342,2,3,6,,,7,409797,
vcomp_run1,vcomp,2026/04/14-17:10:32.041358,2,3,7,,,8,460337,
vcomp_run1,vcomp,2026/04/14-17:10:32.041372,2,3,7,,,7,455667,
vcomp_run1,vcomp,2026/04/14-17:10:32.041389,2,3,7,,,7,453906,
vcomp_run1,vcomp,2026/04/14-17:10:32.041408,2,3,7,,,8,437115,
vcomp_run1,vcomp,2026/04/14-17:10:32.041422,2,3,9,,,7,489041,
vcomp_run1,vcomp,2026/04/14-17:10:32.041564,2,3,8,,,7,465061,
vcomp_run1,vcomp,2026/04/14-17:10:32.046426,1,2,4,,,4,213413,
vcomp_run1,vcomp,2026/04/14-17:10:32.050329,1,2,3,,,3,179544,
vcomp_run1,vcomp,2026/04/14-17:10:32.050344,1,2,5,,,5,313985,
vcomp_run1,vcomp,2026/04/14-17:10:32.050364,1,2,4,,,4,254606,
vcomp_run1,vcomp,2026/04/14-17:10:32.050379,3,4,2,,,2,87661,
vcomp_run1,vcomp,2026/04/14-17:10:32.050393,1,2,7,,,7,370641,
vcomp_run1,vcomp,2026/04/14-17:10:32.050407,1,2,6,,,6,327791,
vcomp_run1,vcomp,2026/04/14-17:10:32.050426,3,4,4,,,3,184771,
vcomp_run1,vcomp,2026/04/14-17:10:32.050440,1,2,6,,,7,387163,
vcomp_run1,vcomp,2026/04/14-17:10:32.050456,3,4,3,,,3,154516,
vcomp_run1,vcomp,2026/04/14-17:10:32.050471,3,4,3,,,2,128775,
vcomp_run1,vcomp,2026/04/14-17:10:32.050484,3,4,4,,,4,198432,
vcomp_run1,vcomp,2026/04/14-17:10:32.050505,3,4,4,,,3,177492,
vcomp_run1,vcomp,2026/04/14-17:10:32.050523,3,4,5,,,5,267757,
vcomp_run1,vcomp,2026/04/14-17:10:32.050536,3,4,4,,,4,227923,
vcomp_run1,vcomp,2026/04/14-17:10:32.050553,3,4,5,,,5,264635,
vcomp_run1,vcomp,2026/04/14-17:10:32.050570,3,4,3,,,2,102923,
vcomp_run1,vcomp,2026/04/14-17:10:32.052734,3,4,6,,,5,324993,
vcomp_run1,vcomp,2026/04/14-17:10:32.052860,3,4,7,,,5,312345,
vcomp_run1,vcomp,2026/04/14-17:10:32.057127,2,3,4,,,4,246325,
vcomp_run1,vcomp,2026/04/14-17:10:32.059924,2,3,3,,,3,150164,
vcomp_run1,vcomp,2026/04/14-17:10:32.059941,2,3,7,,,7,435100,
vcomp_run1,vcomp,2026/04/14-17:10:32.059954,2,3,4,,,5,277344,
vcomp_run1,vcomp,2026/04/14-17:10:32.059975,0,1,13,,,13,814164,
vcomp_run1,vcomp,2026/04/14-17:10:32.059991,2,3,7,,,7,449720,
vcomp_run1,vcomp,2026/04/14-17:10:32.060007,2,3,6,,,6,385339,
vcomp_run1,vcomp,2026/04/14-17:10:32.060022,2,3,7,,,7,428814,
vcomp_run1,vcomp,2026/04/14-17:10:32.060157,2,3,9,,,8,537421,
vcomp_run1,vcomp,2026/04/14-17:10:32.064366,1,2,4,,,5,263913,
vcomp_run1,vcomp,2026/04/14-17:10:32.067908,1,2,2,,,1,21351,
vcomp_run1,vcomp,2026/04/14-17:10:32.067932,1,2,5,,,5,322871,
vcomp_run1,vcomp,2026/04/14-17:10:32.067948,1,2,5,,,6,325216,
vcomp_run1,vcomp,2026/04/14-17:10:32.067963,1,2,5,,,6,339587,
vcomp_run1,vcomp,2026/04/14-17:10:32.067978,1,2,6,,,6,375735,
vcomp_run1,vcomp,2026/04/14-17:10:32.067990,3,4,3,,,2,125850,
vcomp_run1,vcomp,2026/04/14-17:10:32.068003,3,4,3,,,3,156512,
vcomp_run1,vcomp,2026/04/14-17:10:32.068021,1,2,8,,,8,457658,
vcomp_run1,vcomp,2026/04/14-17:10:32.068036,3,4,4,,,3,161025,
vcomp_run1,vcomp,2026/04/14-17:10:32.068053,3,4,5,,,4,231061,
vcomp_run1,vcomp,2026/04/14-17:10:32.068072,3,4,3,,,3,151387,
vcomp_run1,vcomp,2026/04/14-17:10:32.068088,3,4,3,,,3,156460,
vcomp_run1,vcomp,2026/04/14-17:10:32.068101,3,4,2,,,2,74697,
vcomp_run1,vcomp,2026/04/14-17:10:32.068118,3,4,4,,,3,194011,
vcomp_run1,vcomp,2026/04/14-17:10:32.068131,3,4,4,,,3,171757,
vcomp_run1,vcomp,2026/04/14-17:10:32.070498,3,4,7,,,6,340141,
vcomp_run1,vcomp,2026/04/14-17:10:32.073990,1,2,6,,,5,312481,
vcomp_run1,vcomp,2026/04/14-17:10:32.076038,1,2,4,,,4,214441,
vcomp_run1,vcomp,2026/04/14-17:10:32.076104,2,3,6,,,5,328595,
vcomp_run1,vcomp,2026/04/14-17:10:32.076538,0,0,8,,,8,524221,
vcomp_run1,vcomp,2026/04/14-17:10:32.078956,2,3,7,,,7,409372,
vcomp_run1,vcomp,2026/04/14-17:10:32.078972,2,3,5,,,5,318437,
vcomp_run1,vcomp,2026/04/14-17:10:32.078987,2,3,7,,,6,392853,
vcomp_run1,vcomp,2026/04/14-17:10:32.079005,2,3,7,,,9,465121,
vcomp_run1,vcomp,2026/04/14-17:10:32.080031,2,3,5,,,5,302167,
vcomp_run1,vcomp,2026/04/14-17:10:32.081711,0,0,6,,,6,393149,
vcomp_run1,vcomp,2026/04/14-17:10:32.081727,2,3,7,,,7,437317,
vcomp_run1,vcomp,2026/04/14-17:10:32.081743,2,3,7,,,8,464579,
vcomp_run1,vcomp,2026/04/14-17:10:32.081766,2,3,8,,,9,515968,
vcomp_run1,vcomp,2026/04/14-17:10:32.085920,0,1,2,,,3,123840,
vcomp_run1,vcomp,2026/04/14-17:10:32.088800,3,4,2,,,2,88495,
vcomp_run1,vcomp,2026/04/14-17:10:32.088818,0,0,5,,,5,327613,
vcomp_run1,vcomp,2026/04/14-17:10:32.088832,1,2,5,,,3,190832,
vcomp_run1,vcomp,2026/04/14-17:10:32.088852,3,4,4,,,3,194117,
vcomp_run1,vcomp,2026/04/14-17:10:32.088870,3,4,4,,,3,154434,
vcomp_run1,vcomp,2026/04/14-17:10:32.088889,3,4,5,,,4,259962,
vcomp_run1,vcomp,2026/04/14-17:10:32.088909,3,4,5,,,4,225095,
vcomp_run1,vcomp,2026/04/14-17:10:32.088923,3,4,4,,,3,190426,
vcomp_run1,vcomp,2026/04/14-17:10:32.089617,3,4,5,,,4,252659,
vcomp_run1,vcomp,2026/04/14-17:10:32.091175,1,2,3,,,3,198392,
vcomp_run1,vcomp,2026/04/14-17:10:32.091361,1,2,2,,,2,100410,
vcomp_run1,vcomp,2026/04/14-17:10:32.091873,1,2,5,,,5,309878,
vcomp_run1,vcomp,2026/04/14-17:10:32.094361,0,1,13,,,13,792986,
vcomp_run1,vcomp,2026/04/14-17:10:32.096770,2,3,9,,,6,427254,
vcomp_run1,vcomp,2026/04/14-17:10:32.096786,2,3,8,,,7,453392,
vcomp_run1,vcomp,2026/04/14-17:10:32.096804,2,3,7,,,7,472772,
vcomp_run1,vcomp,2026/04/14-17:10:32.096943,2,3,7,,,7,492009,
vcomp_run1,vcomp,2026/04/14-17:10:32.099352,1,2,3,,,3,183234,
vcomp_run1,vcomp,2026/04/14-17:10:32.101536,1,2,5,,,5,271281,
vcomp_run1,vcomp,2026/04/14-17:10:32.103641,1,2,4,,,3,208742,
vcomp_run1,vcomp,2026/04/14-17:10:32.105546,1,2,3,,,2,126843,
vcomp_run1,vcomp,2026/04/14-17:10:32.109289,1,2,2,,,2,110848,
vcomp_run1,vcomp,2026/04/14-17:10:32.112379,0,0,8,,,8,524223,
vcomp_run1,vcomp,2026/04/14-17:10:32.112396,1,2,5,,,5,319250,
vcomp_run1,vcomp,2026/04/14-17:10:32.112408,1,2,4,,,5,259086,
vcomp_run1,vcomp,2026/04/14-17:10:32.112423,3,4,3,,,2,111535,
vcomp_run1,vcomp,2026/04/14-17:10:32.112437,1,2,9,,,9,549682,
vcomp_run1,vcomp,2026/04/14-17:10:32.112453,3,4,4,,,4,225210,
vcomp_run1,vcomp,2026/04/14-17:10:32.112467,3,4,6,,,5,309321,
vcomp_run1,vcomp,2026/04/14-17:10:32.112472,1,2,5,,,6,338362,
vcomp_run1,vcomp,2026/04/14-17:10:32.113947,3,4,3,,,3,159621,
vcomp_run1,vcomp,2026/04/14-17:10:32.117315,0,0,7,,,7,458687,
vcomp_run1,vcomp,2026/04/14-17:10:32.117337,2,3,3,,,4,199571,
vcomp_run1,vcomp,2026/04/14-17:10:32.117354,2,3,5,,,6,357245,
vcomp_run1,vcomp,2026/04/14-17:10:32.117368,2,3,4,,,4,269696,
vcomp_run1,vcomp,2026/04/14-17:10:32.117389,2,3,7,,,7,403507,
vcomp_run1,vcomp,2026/04/14-17:10:32.117403,2,3,6,,,6,397815,
vcomp_run1,vcomp,2026/04/14-17:10:32.117416,2,3,8,,,7,415705,
vcomp_run1,vcomp,2026/04/14-17:10:32.118215,2,3,6,,,6,376286,
vcomp_run1,vcomp,2026/04/14-17:10:32.120043,2,3,8,,,8,512897,
vcomp_run1,vcomp,2026/04/14-17:10:32.120189,1,2,5,,,5,276413,
vcomp_run1,vcomp,2026/04/14-17:10:32.122914,2,3,4,,,5,275828,
vcomp_run1,vcomp,2026/04/14-17:10:32.125425,3,4,3,,,3,157253,
vcomp_run1,vcomp,2026/04/14-17:10:32.125437,3,4,4,,,3,193726,
vcomp_run1,vcomp,2026/04/14-17:10:32.125452,3,4,3,,,3,154370,
vcomp_run1,vcomp,2026/04/14-17:10:32.125464,3,4,4,,,4,230706,
vcomp_run1,vcomp,2026/04/14-17:10:32.125964,0,1,15,,,17,976680,
vcomp_run1,vcomp,2026/04/14-17:10:32.128373,3,4,4,,,3,190441,
vcomp_run1,vcomp,2026/04/14-17:10:32.128389,3,4,4,,,4,226884,
vcomp_run1,vcomp,2026/04/14-17:10:32.128404,3,4,7,,,6,348364,
vcomp_run1,vcomp,2026/04/14-17:10:32.128541,3,4,6,,,6,361865,
vcomp_run1,vcomp,2026/04/14-17:10:32.132456,1,2,3,,,3,182529,
vcomp_run1,vcomp,2026/04/14-17:10:32.135059,1,2,3,,,3,185229,
vcomp_run1,vcomp,2026/04/14-17:10:32.135072,1,2,3,,,3,179222,
vcomp_run1,vcomp,2026/04/14-17:10:32.135085,1,2,3,,,3,177190,
vcomp_run1,vcomp,2026/04/14-17:10:32.135096,1,2,4,,,4,217031,
vcomp_run1,vcomp,2026/04/14-17:10:32.135107,1,2,3,,,3,176776,
vcomp_run1,vcomp,2026/04/14-17:10:32.135117,1,2,3,,,2,110735,
vcomp_run1,vcomp,2026/04/14-17:10:32.135135,1,2,3,,,3,199491,
vcomp_run1,vcomp,2026/04/14-17:10:32.135249,1,2,5,,,5,302643,
vcomp_run1,vcomp,2026/04/14-17:10:32.138268,1,2,4,,,4,250035,
vcomp_run1,vcomp,2026/04/14-17:10:32.140694,1,2,5,,,5,312440,
vcomp_run1,vcomp,2026/04/14-17:10:32.140711,1,2,6,,,6,364542,
vcomp_run1,vcomp,2026/04/14-17:10:32.141213,1,2,6,,,6,373439,
vcomp_run1,vcomp,2026/04/14-17:10:32.141533,1,2,4,,,4,195752,
vcomp_run1,vcomp,2026/04/14-17:10:32.144300,2,3,5,,,5,299807,
vcomp_run1,vcomp,2026/04/14-17:10:32.147912,2,3,2,,,1,20764,
vcomp_run1,vcomp,2026/04/14-17:10:32.147931,2,3,7,,,7,414948,
vcomp_run1,vcomp,2026/04/14-17:10:32.147944,2,3,6,,,6,384006,
vcomp_run1,vcomp,2026/04/14-17:10:32.147959,2,3,7,,,6,388513,
vcomp_run1,vcomp,2026/04/14-17:10:32.147981,0,1,11,,,13,737084,
vcomp_run1,vcomp,2026/04/14-17:10:32.147999,2,3,8,,,8,488844,
vcomp_run1,vcomp,2026/04/14-17:10:32.148017,2,3,7,,,7,414901,
vcomp_run1,vcomp,2026/04/14-17:10:32.148034,2,3,9,,,8,471443,
vcomp_run1,vcomp,2026/04/14-17:10:32.148049,2,3,7,,,7,425942,
vcomp_run1,vcomp,2026/04/14-17:10:32.148065,2,3,8,,,7,470920,
vcomp_run1,vcomp,2026/04/14-17:10:32.148081,2,3,7,,,7,444516,
vcomp_run1,vcomp,2026/04/14-17:10:32.148097,2,3,8,,,9,534112,
vcomp_run1,vcomp,2026/04/14-17:10:32.148265,2,3,7,,,7,440323,
vcomp_run1,vcomp,2026/04/14-17:10:32.153312,1,2,3,,,3,139518,
vcomp_run1,vcomp,2026/04/14-17:10:32.157143,1,2,3,,,3,153369,
vcomp_run1,vcomp,2026/04/14-17:10:32.157158,1,2,2,,,2,111518,
vcomp_run1,vcomp,2026/04/14-17:10:32.157180,1,2,5,,,5,317650,
vcomp_run1,vcomp,2026/04/14-17:10:32.157198,3,4,5,,,4,257736,
vcomp_run1,vcomp,2026/04/14-17:10:32.157215,1,2,6,,,6,371394,
vcomp_run1,vcomp,2026/04/14-17:10:32.157230,1,2,6,,,6,364469,
vcomp_run1,vcomp,2026/04/14-17:10:32.157247,3,4,4,,,4,203808,
vcomp_run1,vcomp,2026/04/14-17:10:32.157261,3,4,6,,,5,303076,
vcomp_run1,vcomp,2026/04/14-17:10:32.157278,3,4,5,,,4,241128,
vcomp_run1,vcomp,2026/04/14-17:10:32.157298,1,2,8,,,9,505454,
vcomp_run1,vcomp,2026/04/14-17:10:32.157312,3,4,5,,,4,233907,
vcomp_run1,vcomp,2026/04/14-17:10:32.157331,3,4,4,,,4,226605,
vcomp_run1,vcomp,2026/04/14-17:10:32.157344,3,4,5,,,5,292170,
vcomp_run1,vcomp,2026/04/14-17:10:32.157366,1,2,6,,,6,362553,
vcomp_run1,vcomp,2026/04/14-17:10:32.157383,3,4,6,,,5,326121,
vcomp_run1,vcomp,2026/04/14-17:10:32.159576,3,4,7,,,5,317002,
vcomp_run1,vcomp,2026/04/14-17:10:32.159752,3,4,7,,,6,369420,
vcomp_run1,vcomp,2026/04/14-17:10:32.164181,2,3,4,,,4,268417,
vcomp_run1,vcomp,2026/04/14-17:10:32.167078,2,3,5,,,5,306446,
vcomp_run1,vcomp,2026/04/14-17:10:32.167093,2,3,6,,,7,394941,
vcomp_run1,vcomp,2026/04/14-17:10:32.167109,2,3,7,,,7,429272,
vcomp_run1,vcomp,2026/04/14-17:10:32.167125,2,3,7,,,7,473532,
vcomp_run1,vcomp,2026/04/14-17:10:32.167143,2,3,7,,,7,419037,
vcomp_run1,vcomp,2026/04/14-17:10:32.167157,2,3,8,,,7,491540,
vcomp_run1,vcomp,2026/04/14-17:10:32.167176,2,3,9,,,8,538906,
vcomp_run1,vcomp,2026/04/14-17:10:32.167359,0,1,13,,,14,782717,
vcomp_run1,vcomp,2026/04/14-17:10:32.169846,1,2,2,,,1,54145,
vcomp_run1,vcomp,2026/04/14-17:10:32.174884,1,2,3,,,3,185193,
vcomp_run1,vcomp,2026/04/14-17:10:32.174898,1,2,3,,,3,188241,
vcomp_run1,vcomp,2026/04/14-17:10:32.176196,1,2,3,,,3,175829,
vcomp_run1,vcomp,2026/04/14-17:10:32.178093,1,2,4,,,4,239704,
vcomp_run1,vcomp,2026/04/14-17:10:32.178108,1,2,2,,,1,65635,
vcomp_run1,vcomp,2026/04/14-17:10:32.178124,1,2,5,,,4,259371,
vcomp_run1,vcomp,2026/04/14-17:10:32.178138,1,2,6,,,6,334164,
vcomp_run1,vcomp,2026/04/14-17:10:32.178157,1,2,7,,,6,385045,
vcomp_run1,vcomp,2026/04/14-17:10:32.178170,3,4,3,,,3,154981,
vcomp_run1,vcomp,2026/04/14-17:10:32.178185,3,4,4,,,4,217282,
vcomp_run1,vcomp,2026/04/14-17:10:32.178199,3,4,5,,,4,259200,
vcomp_run1,vcomp,2026/04/14-17:10:32.178215,3,4,4,,,4,205565,
vcomp_run1,vcomp,2026/04/14-17:10:32.178230,3,4,4,,,4,230233,
vcomp_run1,vcomp,2026/04/14-17:10:32.178346,3,4,5,,,5,264492,
vcomp_run1,vcomp,2026/04/14-17:10:32.182594,2,3,4,,,4,242577,
vcomp_run1,vcomp,2026/04/14-17:10:32.185392,2,3,6,,,6,401659,
vcomp_run1,vcomp,2026/04/14-17:10:32.185409,2,3,6,,,6,383365,
vcomp_run1,vcomp,2026/04/14-17:10:32.185424,2,3,7,,,7,421699,
vcomp_run1,vcomp,2026/04/14-17:10:32.185441,2,3,8,,,9,501549,
vcomp_run1,vcomp,2026/04/14-17:10:32.185455,2,3,8,,,8,489129,
vcomp_run1,vcomp,2026/04/14-17:10:32.185471,0,1,13,,,14,822933,
vcomp_run1,vcomp,2026/04/14-17:10:32.185586,2,3,9,,,9,599554,
vcomp_run1,vcomp,2026/04/14-17:10:32.189913,1,2,3,,,3,188805,
vcomp_run1,vcomp,2026/04/14-17:10:32.193668,1,2,5,,,5,299146,
vcomp_run1,vcomp,2026/04/14-17:10:32.193682,1,2,4,,,5,259588,
vcomp_run1,vcomp,2026/04/14-17:10:32.193697,3,4,2,,,2,89132,
vcomp_run1,vcomp,2026/04/14-17:10:32.193710,1,2,4,,,4,229612,
vcomp_run1,vcomp,2026/04/14-17:10:32.193723,1,2,3,,,3,169955,
vcomp_run1,vcomp,2026/04/14-17:10:32.193739,3,4,3,,,3,134161,
vcomp_run1,vcomp,2026/04/14-17:10:32.193757,1,2,6,,,6,350888,
vcomp_run1,vcomp,2026/04/14-17:10:32.193772,1,2,5,,,5,297453,
vcomp_run1,vcomp,2026/04/14-17:10:32.193791,3,4,3,,,3,154422,
vcomp_run1,vcomp,2026/04/14-17:10:32.193810,1,2,5,,,6,320407,
vcomp_run1,vcomp,2026/04/14-17:10:32.193827,3,4,3,,,3,158539,
vcomp_run1,vcomp,2026/04/14-17:10:32.193847,3,4,4,,,3,191645,
vcomp_run1,vcomp,2026/04/14-17:10:32.193861,3,4,4,,,3,185678,
vcomp_run1,vcomp,2026/04/14-17:10:32.193874,3,4,3,,,3,150918,
vcomp_run1,vcomp,2026/04/14-17:10:32.193887,3,4,2,,,2,73978,
vcomp_run1,vcomp,2026/04/14-17:10:32.193900,3,4,5,,,4,250235,
vcomp_run1,vcomp,2026/04/14-17:10:32.195856,3,4,6,,,5,285851,
vcomp_run1,vcomp,2026/04/14-17:10:32.199467,1,2,4,,,3,204027,
vcomp_run1,vcomp,2026/04/14-17:10:32.201953,2,3,5,,,5,293849,
vcomp_run1,vcomp,2026/04/14-17:10:32.202394,0,0,8,,,8,524224,
vcomp_run1,vcomp,2026/04/14-17:10:32.203302,1,2,5,,,5,259766,
vcomp_run1,vcomp,2026/04/14-17:10:32.203455,2,3,6,,,6,374502,
vcomp_run1,vcomp,2026/04/14-17:10:32.205390,2,3,6,,,5,323963,
vcomp_run1,vcomp,2026/04/14-17:10:32.205412,2,3,6,,,7,391682,
vcomp_run1,vcomp,2026/04/14-17:10:32.205648,2,3,6,,,6,384606,
vcomp_run1,vcomp,2026/04/14-17:10:32.205661,0,0,6,,,6,393152,
vcomp_run1,vcomp,2026/04/14-17:10:32.205675,0,1,3,,,4,194063,
vcomp_run1,vcomp,2026/04/14-17:10:32.208338,2,3,7,,,7,449184,
vcomp_run1,vcomp,2026/04/14-17:10:32.208347,2,3,7,,,6,425000,
vcomp_run1,vcomp,2026/04/14-17:10:32.208363,2,3,6,,,6,390884,
vcomp_run1,vcomp,2026/04/14-17:10:32.208616,2,3,7,,,8,455743,
vcomp_run1,vcomp,2026/04/14-17:10:32.211141,3,4,5,,,4,200767,
vcomp_run1,vcomp,2026/04/14-17:10:32.214106,3,4,4,,,3,176963,
vcomp_run1,vcomp,2026/04/14-17:10:32.214118,3,4,3,,,3,154804,
vcomp_run1,vcomp,2026/04/14-17:10:32.214131,3,4,2,,,2,95353,
vcomp_run1,vcomp,2026/04/14-17:10:32.214143,3,4,4,,,4,202068,
vcomp_run1,vcomp,2026/04/14-17:10:32.214158,3,4,4,,,3,164204,
vcomp_run1,vcomp,2026/04/14-17:10:32.214182,0,1,17,,,18,1019476,
vcomp_run1,vcomp,2026/04/14-17:10:32.214197,3,4,4,,,4,217099,
vcomp_run1,vcomp,2026/04/14-17:10:32.214346,3,4,5,,,4,218898,
vcomp_run1,vcomp,2026/04/14-17:10:32.216801,1,2,2,,,2,105040,
vcomp_run1,vcomp,2026/04/14-17:10:32.221139,1,2,2,,,1,84545,
vcomp_run1,vcomp,2026/04/14-17:10:32.224072,1,2,3,,,3,153317,
vcomp_run1,vcomp,2026/04/14-17:10:32.224445,1,2,5,,,5,317843,
vcomp_run1,vcomp,2026/04/14-17:10:32.224462,1,2,4,,,4,257720,
vcomp_run1,vcomp,2026/04/14-17:10:32.224478,1,2,6,,,6,339810,
vcomp_run1,vcomp,2026/04/14-17:10:32.225014,1,2,3,,,3,178473,
vcomp_run1,vcomp,2026/04/14-17:10:32.225030,1,2,3,,,3,137134,
vcomp_run1,vcomp,2026/04/14-17:10:32.225078,1,2,3,,,3,190854,
vcomp_run1,vcomp,2026/04/14-17:10:32.225117,1,2,4,,,5,256698,
vcomp_run1,vcomp,2026/04/14-17:10:32.225328,1,2,3,,,3,163257,
vcomp_run1,vcomp,2026/04/14-17:10:32.226945,2,3,3,,,3,172707,
vcomp_run1,vcomp,2026/04/14-17:10:32.229611,2,3,3,,,3,161695,
vcomp_run1,vcomp,2026/04/14-17:10:32.229617,1,2,4,,,4,205031,
vcomp_run1,vcomp,2026/04/14-17:10:32.229633,1,2,4,,,3,159946,
vcomp_run1,vcomp,2026/04/14-17:10:32.230189,1,2,5,,,6,334916,
vcomp_run1,vcomp,2026/04/14-17:10:32.232671,2,3,6,,,6,323557,
vcomp_run1,vcomp,2026/04/14-17:10:32.236557,2,3,4,,,5,273830,
vcomp_run1,vcomp,2026/04/14-17:10:32.236577,2,3,5,,,5,316071,
vcomp_run1,vcomp,2026/04/14-17:10:32.236599,0,1,12,,,13,763815,
vcomp_run1,vcomp,2026/04/14-17:10:32.236614,2,3,6,,,6,419588,
vcomp_run1,vcomp,2026/04/14-17:10:32.236629,2,3,8,,,7,447505,
vcomp_run1,vcomp,2026/04/14-17:10:32.236646,2,3,8,,,7,483793,
vcomp_run1,vcomp,2026/04/14-17:10:32.236660,2,3,5,,,5,324929,
vcomp_run1,vcomp,2026/04/14-17:10:32.236679,2,3,7,,,8,457542,
vcomp_run1,vcomp,2026/04/14-17:10:32.236693,2,3,6,,,6,401119,
vcomp_run1,vcomp,2026/04/14-17:10:32.236713,2,3,8,,,8,493702,
vcomp_run1,vcomp,2026/04/14-17:10:32.236722,2,3,8,,,8,444728,
vcomp_run1,vcomp,2026/04/14-17:10:32.236851,2,3,8,,,7,476244,
vcomp_run1,vcomp,2026/04/14-17:10:32.241294,1,2,3,,,2,119480,
vcomp_run1,vcomp,2026/04/14-17:10:32.245597,1,2,2,,,2,111631,
vcomp_run1,vcomp,2026/04/14-17:10:32.245610,1,2,4,,,4,246433,
vcomp_run1,vcomp,2026/04/14-17:10:32.245626,1,2,4,,,4,198170,
vcomp_run1,vcomp,2026/04/14-17:10:32.245640,1,2,3,,,2,145204,
vcomp_run1,vcomp,2026/04/14-17:10:32.245655,1,2,5,,,5,311838,
vcomp_run1,vcomp,2026/04/14-17:10:32.245669,1,2,7,,,7,401750,
vcomp_run1,vcomp,2026/04/14-17:10:32.245686,1,2,5,,,5,264922,
vcomp_run1,vcomp,2026/04/14-17:10:32.245703,3,4,3,,,3,167575,
vcomp_run1,vcomp,2026/04/14-17:10:32.245716,3,4,6,,,4,258135,
vcomp_run1,vcomp,2026/04/14-17:10:32.245736,1,2,7,,,7,466844,
vcomp_run1,vcomp,2026/04/14-17:10:32.245752,3,4,3,,,3,151326,
vcomp_run1,vcomp,2026/04/14-17:10:32.245767,3,4,4,,,4,224990,
vcomp_run1,vcomp,2026/04/14-17:10:32.245781,3,4,6,,,5,287886,
vcomp_run1,vcomp,2026/04/14-17:10:32.245798,3,4,5,,,4,237984,
vcomp_run1,vcomp,2026/04/14-17:10:32.245815,3,4,6,,,4,244618,
vcomp_run1,vcomp,2026/04/14-17:10:32.245832,3,4,5,,,4,257944,
vcomp_run1,vcomp,2026/04/14-17:10:32.245844,3,4,5,,,4,229777,
vcomp_run1,vcomp,2026/04/14-17:10:32.245857,3,4,5,,,5,267189,
vcomp_run1,vcomp,2026/04/14-17:10:32.246317,3,4,5,,,5,281231,
vcomp_run1,vcomp,2026/04/14-17:10:32.247811,3,4,5,,,4,234287,
vcomp_run1,vcomp,2026/04/14-17:10:32.251879,2,3,3,,,4,182349,
vcomp_run1,vcomp,2026/04/14-17:10:32.254918,2,3,4,,,4,245392,
vcomp_run1,vcomp,2026/04/14-17:10:32.254936,2,3,5,,,6,355724,
vcomp_run1,vcomp,2026/04/14-17:10:32.254953,0,1,12,,,13,765999,
vcomp_run1,vcomp,2026/04/14-17:10:32.254971,2,3,6,,,6,353089,
vcomp_run1,vcomp,2026/04/14-17:10:32.254989,2,3,5,,,5,363515,
vcomp_run1,vcomp,2026/04/14-17:10:32.255006,2,3,8,,,7,442643,
vcomp_run1,vcomp,2026/04/14-17:10:32.255022,2,3,7,,,7,396510,
vcomp_run1,vcomp,2026/04/14-17:10:32.255162,2,3,7,,,7,448891,
vcomp_run1,vcomp,2026/04/14-17:10:32.259294,1,2,3,,,3,176074,
vcomp_run1,vcomp,2026/04/14-17:10:32.262451,1,2,4,,,4,259096,
vcomp_run1,vcomp,2026/04/14-17:10:32.262461,1,2,3,,,3,170632,
vcomp_run1,vcomp,2026/04/14-17:10:32.262475,1,2,5,,,5,307312,
vcomp_run1,vcomp,2026/04/14-17:10:32.262490,1,2,4,,,4,259751,
vcomp_run1,vcomp,2026/04/14-17:10:32.262505,3,4,4,,,3,169819,
vcomp_run1,vcomp,2026/04/14-17:10:32.262518,1,2,7,,,7,397147,
vcomp_run1,vcomp,2026/04/14-17:10:32.262529,3,4,3,,,3,155192,
vcomp_run1,vcomp,2026/04/14-17:10:32.262544,1,2,8,,,8,555619,
vcomp_run1,vcomp,2026/04/14-17:10:32.262561,3,4,4,,,3,173301,
vcomp_run1,vcomp,2026/04/14-17:10:32.262574,3,4,6,,,5,278093,
vcomp_run1,vcomp,2026/04/14-17:10:32.262587,3,4,4,,,4,221425,
vcomp_run1,vcomp,2026/04/14-17:10:32.264628,3,4,7,,,5,310235,
vcomp_run1,vcomp,2026/04/14-17:10:32.265015,3,4,5,,,4,219106,
vcomp_run1,vcomp,2026/04/14-17:10:32.268344,1,2,6,,,5,294878,
vcomp_run1,vcomp,2026/04/14-17:10:32.270671,0,0,8,,,8,524215,
vcomp_run1,vcomp,2026/04/14-17:10:32.270694,2,3,6,,,6,358158,
vcomp_run1,vcomp,2026/04/14-17:10:32.271516,1,2,5,,,5,303906,
vcomp_run1,vcomp,2026/04/14-17:10:32.273393,2,3,7,,,7,425277,
vcomp_run1,vcomp,2026/04/14-17:10:32.273407,2,3,8,,,8,487359,
vcomp_run1,vcomp,2026/04/14-17:10:32.273952,2,3,8,,,8,467890,
vcomp_run1,vcomp,2026/04/14-17:10:32.276866,2,3,4,,,4,257601,
vcomp_run1,vcomp,2026/04/14-17:10:32.276881,0,0,7,,,7,458679,
vcomp_run1,vcomp,2026/04/14-17:10:32.276905,2,3,7,,,7,473873,
vcomp_run1,vcomp,2026/04/14-17:10:32.276923,2,3,6,,,7,388101,
vcomp_run1,vcomp,2026/04/14-17:10:32.276941,2,3,7,,,6,391781,
vcomp_run1,vcomp,2026/04/14-17:10:32.276960,2,3,10,,,9,594321,
vcomp_run1,vcomp,2026/04/14-17:10:32.279956,3,4,2,,,2,82520,
vcomp_run1,vcomp,2026/04/14-17:10:32.283160,3,4,4,,,3,194822,
vcomp_run1,vcomp,2026/04/14-17:10:32.283172,3,4,3,,,3,134640,
vcomp_run1,vcomp,2026/04/14-17:10:32.283183,3,4,3,,,2,92654,
vcomp_run1,vcomp,2026/04/14-17:10:32.283203,0,1,16,,,17,1000315,
vcomp_run1,vcomp,2026/04/14-17:10:32.283224,3,4,4,,,4,198028,
vcomp_run1,vcomp,2026/04/14-17:10:32.283242,3,4,4,,,4,225963,
vcomp_run1,vcomp,2026/04/14-17:10:32.283261,3,4,4,,,4,222974,
vcomp_run1,vcomp,2026/04/14-17:10:32.283272,3,4,5,,,5,271568,
vcomp_run1,vcomp,2026/04/14-17:10:32.283282,3,4,6,,,6,331226,
vcomp_run1,vcomp,2026/04/14-17:10:32.283421,3,4,5,,,4,236359,
vcomp_run1,vcomp,2026/04/14-17:10:32.286074,1,2,3,,,3,129023,
vcomp_run1,vcomp,2026/04/14-17:10:32.290847,1,2,2,,,2,109638,
vcomp_run1,vcomp,2026/04/14-17:10:32.290863,1,2,4,,,4,228836,
vcomp_run1,vcomp,2026/04/14-17:10:32.291665,1,2,3,,,3,180234,
vcomp_run1,vcomp,2026/04/14-17:10:32.293329,1,2,4,,,5,252145,
vcomp_run1,vcomp,2026/04/14-17:10:32.293341,1,2,3,,,3,192844,
vcomp_run1,vcomp,2026/04/14-17:10:32.293356,1,2,4,,,4,235966,
vcomp_run1,vcomp,2026/04/14-17:10:32.293368,1,2,3,,,3,172835,
vcomp_run1,vcomp,2026/04/14-17:10:32.293379,1,2,4,,,4,238178,
vcomp_run1,vcomp,2026/04/14-17:10:32.293838,1,2,6,,,6,372686,
vcomp_run1,vcomp,2026/04/14-17:10:32.295840,1,2,5,,,4,260183,
vcomp_run1,vcomp,2026/04/14-17:10:32.296290,1,2,5,,,6,311777,
vcomp_run1,vcomp,2026/04/14-17:10:32.299565,1,2,5,,,5,261099,
vcomp_run1,vcomp,2026/04/14-17:10:32.302612,2,3,9,,,8,520419,
vcomp_run1,vcomp,2026/04/14-17:10:32.302618,2,3,3,,,3,176945,
vcomp_run1,vcomp,2026/04/14-17:10:32.302634,2,3,5,,,5,340195,
vcomp_run1,vcomp,2026/04/14-17:10:32.302651,2,3,7,,,6,367675,
vcomp_run1,vcomp,2026/04/14-17:10:32.302671,1,2,5,,,4,232066,
vcomp_run1,vcomp,2026/04/14-17:10:32.302699,2,3,6,,,6,359912,
vcomp_run1,vcomp,2026/04/14-17:10:32.303785,0,0,8,,,8,524231,
vcomp_run1,vcomp,2026/04/14-17:10:32.305318,2,3,3,,,3,147297,
vcomp_run1,vcomp,2026/04/14-17:10:32.305334,2,3,5,,,5,302337,
vcomp_run1,vcomp,2026/04/14-17:10:32.305353,2,3,6,,,6,399093,
vcomp_run1,vcomp,2026/04/14-17:10:32.305467,2,3,7,,,7,465402,
vcomp_run1,vcomp,2026/04/14-17:10:32.305480,0,1,3,,,4,213235,
vcomp_run1,vcomp,2026/04/14-17:10:32.305491,2,3,3,,,3,160473,
vcomp_run1,vcomp,2026/04/14-17:10:32.307920,0,0,6,,,6,393159,
vcomp_run1,vcomp,2026/04/14-17:10:32.307944,2,3,7,,,6,400805,
vcomp_run1,vcomp,2026/04/14-17:10:32.307957,2,3,7,,,7,484975,
vcomp_run1,vcomp,2026/04/14-17:10:32.308074,2,3,8,,,7,460039,
vcomp_run1,vcomp,2026/04/14-17:10:32.310328,3,4,2,,,2,82517,
vcomp_run1,vcomp,2026/04/14-17:10:32.313813,3,4,5,,,4,231512,
vcomp_run1,vcomp,2026/04/14-17:10:32.313826,3,4,3,,,3,157620,
vcomp_run1,vcomp,2026/04/14-17:10:32.313838,3,4,3,,,3,154031,
vcomp_run1,vcomp,2026/04/14-17:10:32.313858,3,4,6,,,5,294074,
vcomp_run1,vcomp,2026/04/14-17:10:32.313874,3,4,3,,,3,148733,
vcomp_run1,vcomp,2026/04/14-17:10:32.313888,3,4,5,,,5,264538,
vcomp_run1,vcomp,2026/04/14-17:10:32.313909,3,4,5,,,4,226122,
vcomp_run1,vcomp,2026/04/14-17:10:32.313926,3,4,4,,,4,224045,
vcomp_run1,vcomp,2026/04/14-17:10:32.313940,3,4,6,,,5,314900,
vcomp_run1,vcomp,2026/04/14-17:10:32.313954,3,4,6,,,5,315150,
vcomp_run1,vcomp,2026/04/14-17:10:32.314107,0,1,16,,,18,1011899,
vcomp_run1,vcomp,2026/04/14-17:10:32.318412,1,2,2,,,2,121415,
vcomp_run1,vcomp,2026/04/14-17:10:32.321543,1,2,3,,,3,174057,
vcomp_run1,vcomp,2026/04/14-17:10:32.321561,1,2,3,,,4,201401,
vcomp_run1,vcomp,2026/04/14-17:10:32.321574,1,2,3,,,3,172243,
vcomp_run1,vcomp,2026/04/14-17:10:32.321593,1,2,4,,,5,260932,
vcomp_run1,vcomp,2026/04/14-17:10:32.321607,1,2,3,,,2,125017,
vcomp_run1,vcomp,2026/04/14-17:10:32.321622,1,2,6,,,5,282700,
vcomp_run1,vcomp,2026/04/14-17:10:32.321641,1,2,5,,,5,335279,
vcomp_run1,vcomp,2026/04/14-17:10:32.321647,1,2,4,,,3,176514,
vcomp_run1,vcomp,2026/04/14-17:10:32.321663,1,2,3,,,3,185860,
vcomp_run1,vcomp,2026/04/14-17:10:32.322654,1,2,3,,,3,191319,
vcomp_run1,vcomp,2026/04/14-17:10:32.323910,1,2,4,,,4,240712,
vcomp_run1,vcomp,2026/04/14-17:10:32.325986,1,2,4,,,4,229981,
vcomp_run1,vcomp,2026/04/14-17:10:32.326001,2,3,5,,,5,294174,
vcomp_run1,vcomp,2026/04/14-17:10:32.326109,1,2,6,,,6,306848,
vcomp_run1,vcomp,2026/04/14-17:10:32.330030,2,3,4,,,3,218617,
vcomp_run1,vcomp,2026/04/14-17:10:32.333496,2,3,4,,,5,252217,
vcomp_run1,vcomp,2026/04/14-17:10:32.333509,2,3,6,,,6,319882,
vcomp_run1,vcomp,2026/04/14-17:10:32.333524,2,3,5,,,5,287930,
vcomp_run1,vcomp,2026/04/14-17:10:32.333538,2,3,7,,,6,357349,
vcomp_run1,vcomp,2026/04/14-17:10:32.333550,2,3,6,,,6,397462,
vcomp_run1,vcomp,2026/04/14-17:10:32.333562,2,3,7,,,7,459269,
vcomp_run1,vcomp,2026/04/14-17:10:32.333581,2,3,5,,,5,312249,
vcomp_run1,vcomp,2026/04/14-17:10:32.333598,0,1,12,,,11,742722,
vcomp_run1,vcomp,2026/04/14-17:10:32.333615,2,3,7,,,7,417664,
vcomp_run1,vcomp,2026/04/14-17:10:32.333630,2,3,8,,,9,542896,
vcomp_run1,vcomp,2026/04/14-17:10:32.333647,2,3,6,,,7,456105,
vcomp_run1,vcomp,2026/04/14-17:10:32.333791,2,3,8,,,9,518828,
vcomp_run1,vcomp,2026/04/14-17:10:32.336604,1,2,4,,,4,266676,
vcomp_run1,vcomp,2026/04/14-17:10:32.340721,1,2,4,,,4,264965,
vcomp_run1,vcomp,2026/04/14-17:10:32.344234,1,2,4,,,4,246707,
vcomp_run1,vcomp,2026/04/14-17:10:32.344255,1,2,5,,,5,308954,
vcomp_run1,vcomp,2026/04/14-17:10:32.344270,3,4,2,,,2,88983,
vcomp_run1,vcomp,2026/04/14-17:10:32.344295,1,2,7,,,6,357867,
vcomp_run1,vcomp,2026/04/14-17:10:32.344309,3,4,2,,,2,84310,
vcomp_run1,vcomp,2026/04/14-17:10:32.344323,1,2,8,,,8,513602,
vcomp_run1,vcomp,2026/04/14-17:10:32.344344,3,4,3,,,3,154289,
vcomp_run1,vcomp,2026/04/14-17:10:32.344360,3,4,4,,,3,194598,
vcomp_run1,vcomp,2026/04/14-17:10:32.344373,3,4,4,,,3,176938,
vcomp_run1,vcomp,2026/04/14-17:10:32.344388,3,4,4,,,4,214802,
vcomp_run1,vcomp,2026/04/14-17:10:32.344405,3,4,3,,,3,156481,
vcomp_run1,vcomp,2026/04/14-17:10:32.344422,3,4,5,,,4,246125,
vcomp_run1,vcomp,2026/04/14-17:10:32.344436,3,4,4,,,4,205166,
vcomp_run1,vcomp,2026/04/14-17:10:32.346705,3,4,5,,,5,265835,
vcomp_run1,vcomp,2026/04/14-17:10:32.346933,3,4,5,,,5,275248,
vcomp_run1,vcomp,2026/04/14-17:10:32.346953,3,4,7,,,6,365478,
vcomp_run1,vcomp,2026/04/14-17:10:32.347089,3,4,5,,,5,294281,
vcomp_run1,vcomp,2026/04/14-17:10:32.350268,1,2,7,,,7,412770,
vcomp_run1,vcomp,2026/04/14-17:10:32.353060,2,3,8,,,8,528008,
vcomp_run1,vcomp,2026/04/14-17:10:32.353168,0,0,8,,,8,524221,
vcomp_run1,vcomp,2026/04/14-17:10:32.354927,2,3,5,,,4,258309,
vcomp_run1,vcomp,2026/04/14-17:10:32.354942,2,3,5,,,5,351514,
vcomp_run1,vcomp,2026/04/14-17:10:32.354955,2,3,7,,,7,458901,
vcomp_run1,vcomp,2026/04/14-17:10:32.354969,2,3,7,,,6,423080,
vcomp_run1,vcomp,2026/04/14-17:10:32.354984,2,3,9,,,9,560776,
vcomp_run1,vcomp,2026/04/14-17:10:32.355435,2,3,8,,,8,501212,
vcomp_run1,vcomp,2026/04/14-17:10:32.357608,0,0,7,,,7,458685,
vcomp_run1,vcomp,2026/04/14-17:10:32.360387,3,4,4,,,3,190945,
vcomp_run1,vcomp,2026/04/14-17:10:32.360404,3,4,3,,,3,154653,
vcomp_run1,vcomp,2026/04/14-17:10:32.360419,3,4,6,,,5,315688,
vcomp_run1,vcomp,2026/04/14-17:10:32.360437,3,4,4,,,4,225980,
vcomp_run1,vcomp,2026/04/14-17:10:32.360450,3,4,5,,,4,231762,
vcomp_run1,vcomp,2026/04/14-17:10:32.360953,3,4,6,,,5,313000,
vcomp_run1,vcomp,2026/04/14-17:10:32.363176,0,1,16,,,19,1036980,
vcomp_run1,vcomp,2026/04/14-17:10:32.365588,1,2,3,,,3,167888,
vcomp_run1,vcomp,2026/04/14-17:10:32.369922,1,2,3,,,3,142005,
vcomp_run1,vcomp,2026/04/14-17:10:32.372785,1,2,4,,,4,201781,
vcomp_run1,vcomp,2026/04/14-17:10:32.372801,1,2,3,,,3,141290,
vcomp_run1,vcomp,2026/04/14-17:10:32.372814,1,2,3,,,3,176974,
vcomp_run1,vcomp,2026/04/14-17:10:32.372826,1,2,3,,,3,178303,
vcomp_run1,vcomp,2026/04/14-17:10:32.372839,1,2,3,,,3,167867,
vcomp_run1,vcomp,2026/04/14-17:10:32.372853,1,2,3,,,4,180489,
vcomp_run1,vcomp,2026/04/14-17:10:32.372868,1,2,5,,,6,325552,
vcomp_run1,vcomp,2026/04/14-17:10:32.372976,1,2,6,,,6,374463,
vcomp_run1,vcomp,2026/04/14-17:10:32.375341,1,2,3,,,3,159098,
vcomp_run1,vcomp,2026/04/14-17:10:32.378257,1,2,6,,,5,346013,
vcomp_run1,vcomp,2026/04/14-17:10:32.378271,1,2,4,,,4,212910,
vcomp_run1,vcomp,2026/04/14-17:10:32.378292,1,2,4,,,4,229062,
vcomp_run1,vcomp,2026/04/14-17:10:32.379228,1,2,5,,,5,314552,
vcomp_run1,vcomp,2026/04/14-17:10:32.380029,2,3,2,,,2,89525,
vcomp_run1,vcomp,2026/04/14-17:10:32.383305,2,3,5,,,5,280880,
vcomp_run1,vcomp,2026/04/14-17:10:32.383318,2,3,5,,,5,284586,
vcomp_run1,vcomp,2026/04/14-17:10:32.383327,2,3,5,,,5,293505,
vcomp_run1,vcomp,2026/04/14-17:10:32.383345,0,1,12,,,13,749922,
vcomp_run1,vcomp,2026/04/14-17:10:32.383362,2,3,6,,,8,421745,
vcomp_run1,vcomp,2026/04/14-17:10:32.383373,2,3,6,,,6,400798,
vcomp_run1,vcomp,2026/04/14-17:10:32.383385,2,3,3,,,2,158452,
vcomp_run1,vcomp,2026/04/14-17:10:32.383403,2,3,8,,,8,517930,
vcomp_run1,vcomp,2026/04/14-17:10:32.383419,2,3,7,,,7,441283,
vcomp_run1,vcomp,2026/04/14-17:10:32.385994,2,3,8,,,8,531889,
vcomp_run1,vcomp,2026/04/14-17:10:32.386011,2,3,9,,,8,538796,
vcomp_run1,vcomp,2026/04/14-17:10:32.386028,2,3,8,,,9,543016,
vcomp_run1,vcomp,2026/04/14-17:10:32.386044,2,3,9,,,9,555191,
vcomp_run1,vcomp,2026/04/14-17:10:32.386180,2,3,10,,,10,580331,
vcomp_run1,vcomp,2026/04/14-17:10:32.393200,1,2,3,,,3,182304,
vcomp_run1,vcomp,2026/04/14-17:10:32.393217,1,2,6,,,6,341783,
vcomp_run1,vcomp,2026/04/14-17:10:32.393233,3,4,2,,,2,87525,
vcomp_run1,vcomp,2026/04/14-17:10:32.393245,1,2,3,,,3,173566,
vcomp_run1,vcomp,2026/04/14-17:10:32.393256,3,4,2,,,2,74746,
vcomp_run1,vcomp,2026/04/14-17:10:32.393278,1,2,7,,,7,405069,
vcomp_run1,vcomp,2026/04/14-17:10:32.393287,1,2,4,,,5,247502,
vcomp_run1,vcomp,2026/04/14-17:10:32.393301,3,4,5,,,4,239466,
vcomp_run1,vcomp,2026/04/14-17:10:32.393318,3,4,4,,,3,181019,
vcomp_run1,vcomp,2026/04/14-17:10:32.393341,3,4,5,,,4,231958,
vcomp_run1,vcomp,2026/04/14-17:10:32.393360,3,4,7,,,6,360267,
vcomp_run1,vcomp,2026/04/14-17:10:32.393374,3,4,6,,,5,299506,
vcomp_run1,vcomp,2026/04/14-17:10:32.393391,3,4,5,,,4,231002,
vcomp_run1,vcomp,2026/04/14-17:10:32.393412,3,4,4,,,4,224450,
vcomp_run1,vcomp,2026/04/14-17:10:32.395616,3,4,5,,,4,243688,
vcomp_run1,vcomp,2026/04/14-17:10:32.395634,3,4,5,,,5,265585,
vcomp_run1,vcomp,2026/04/14-17:10:32.395783,3,4,7,,,6,358700,
vcomp_run1,vcomp,2026/04/14-17:10:32.399481,1,2,3,,,2,63250,
vcomp_run1,vcomp,2026/04/14-17:10:32.402315,1,2,6,,,5,331438,
vcomp_run1,vcomp,2026/04/14-17:10:32.402353,0,0,8,,,8,524216,
vcomp_run1,vcomp,2026/04/14-17:10:32.402974,1,2,7,,,7,441383,
vcomp_run1,vcomp,2026/04/14-17:10:32.407104,2,3,5,,,6,333597,
vcomp_run1,vcomp,2026/04/14-17:10:32.407151,2,3,6,,,6,352743,
vcomp_run1,vcomp,2026/04/14-17:10:32.407170,2,3,6,,,5,362464,
vcomp_run1,vcomp,2026/04/14-17:10:32.407185,2,3,6,,,7,375846,
vcomp_run1,vcomp,2026/04/14-17:10:32.407201,2,3,5,,,5,312806,
vcomp_run1,vcomp,2026/04/14-17:10:32.407215,2,3,6,,,7,381729,
vcomp_run1,vcomp,2026/04/14-17:10:32.407229,2,3,8,,,6,417954,
vcomp_run1,vcomp,2026/04/14-17:10:32.407745,0,0,5,,,5,327608,
vcomp_run1,vcomp,2026/04/14-17:10:32.407844,2,3,5,,,5,319551,
vcomp_run1,vcomp,2026/04/14-17:10:32.409220,1,2,6,,,6,342954,
vcomp_run1,vcomp,2026/04/14-17:10:32.409234,1,2,8,,,7,400585,
vcomp_run1,vcomp,2026/04/14-17:10:32.409368,1,2,9,,,8,513797,
vcomp_run1,vcomp,2026/04/14-17:10:32.411668,2,3,2,,,1,90062,
vcomp_run1,vcomp,2026/04/14-17:10:32.414448,2,3,7,,,6,358519,
vcomp_run1,vcomp,2026/04/14-17:10:32.414468,0,1,13,,,15,845468,
vcomp_run1,vcomp,2026/04/14-17:10:32.414481,2,3,8,,,8,501060,
vcomp_run1,vcomp,2026/04/14-17:10:32.414622,2,3,7,,,8,435195,
vcomp_run1,vcomp,2026/04/14-17:10:32.416994,1,2,2,,,2,107896,
vcomp_run1,vcomp,2026/04/14-17:10:32.421486,1,2,2,,,2,112136,
vcomp_run1,vcomp,2026/04/14-17:10:32.425092,1,2,3,,,2,115686,
vcomp_run1,vcomp,2026/04/14-17:10:32.425103,1,2,3,,,4,185126,
vcomp_run1,vcomp,2026/04/14-17:10:32.425115,1,2,3,,,3,169581,
vcomp_run1,vcomp,2026/04/14-17:10:32.425134,3,4,4,,,3,152963,
vcomp_run1,vcomp,2026/04/14-17:10:32.425150,1,2,3,,,4,194551,
vcomp_run1,vcomp,2026/04/14-17:10:32.425165,3,4,3,,,2,126540,
vcomp_run1,vcomp,2026/04/14-17:10:32.425177,1,2,6,,,6,377592,
vcomp_run1,vcomp,2026/04/14-17:10:32.425194,3,4,3,,,3,158104,
vcomp_run1,vcomp,2026/04/14-17:10:32.425208,3,4,2,,,2,77327,
vcomp_run1,vcomp,2026/04/14-17:10:32.425226,1,2,6,,,6,376212,
vcomp_run1,vcomp,2026/04/14-17:10:32.425241,3,4,5,,,4,242289,
vcomp_run1,vcomp,2026/04/14-17:10:32.425254,3,4,3,,,2,127316,
vcomp_run1,vcomp,2026/04/14-17:10:32.425273,3,4,4,,,3,193556,
vcomp_run1,vcomp,2026/04/14-17:10:32.425292,3,4,3,,,3,154945,
vcomp_run1,vcomp,2026/04/14-17:10:32.425344,1,2,4,,,4,261808,
vcomp_run1,vcomp,2026/04/14-17:10:32.428035,3,4,5,,,5,276935,
vcomp_run1,vcomp,2026/04/14-17:10:32.428049,3,4,4,,,4,220033,
vcomp_run1,vcomp,2026/04/14-17:10:32.428155,3,4,6,,,5,307820,
vcomp_run1,vcomp,2026/04/14-17:10:32.428515,1,2,5,,,5,281785,
vcomp_run1,vcomp,2026/04/14-17:10:32.431837,2,3,5,,,5,312625,
vcomp_run1,vcomp,2026/04/14-17:10:32.435121,2,3,7,,,7,409392,
vcomp_run1,vcomp,2026/04/14-17:10:32.435133,2,3,5,,,5,311069,
vcomp_run1,vcomp,2026/04/14-17:10:32.435147,2,3,5,,,6,346403,
vcomp_run1,vcomp,2026/04/14-17:10:32.435161,2,3,7,,,7,414359,
vcomp_run1,vcomp,2026/04/14-17:10:32.435175,2,3,7,,,7,447024,
vcomp_run1,vcomp,2026/04/14-17:10:32.435189,2,3,10,,,9,591043,
vcomp_run1,vcomp,2026/04/14-17:10:32.435204,2,3,9,,,9,511865,
vcomp_run1,vcomp,2026/04/14-17:10:32.435374,0,1,13,,,13,819290,
vcomp_run1,vcomp,2026/04/14-17:10:32.438035,1,2,2,,,2,112691,
vcomp_run1,vcomp,2026/04/14-17:10:32.442071,1,2,3,,,3,192206,
vcomp_run1,vcomp,2026/04/14-17:10:32.445534,1,2,4,,,4,259221,
vcomp_run1,vcomp,2026/04/14-17:10:32.445548,1,2,6,,,7,386990,
vcomp_run1,vcomp,2026/04/14-17:10:32.445564,3,4,4,,,3,163766,
vcomp_run1,vcomp,2026/04/14-17:10:32.445579,1,2,7,,,8,437745,
vcomp_run1,vcomp,2026/04/14-17:10:32.445592,1,2,7,,,7,438108,
vcomp_run1,vcomp,2026/04/14-17:10:32.445616,1,2,5,,,5,291467,
vcomp_run1,vcomp,2026/04/14-17:10:32.445629,3,4,4,,,4,208486,
vcomp_run1,vcomp,2026/04/14-17:10:32.445647,3,4,4,,,4,227199,
vcomp_run1,vcomp,2026/04/14-17:10:32.445671,1,2,7,,,7,416739,
vcomp_run1,vcomp,2026/04/14-17:10:32.446026,3,4,4,,,3,178834,
vcomp_run1,vcomp,2026/04/14-17:10:32.446015,3,4,5,,,4,250127,
vcomp_run1,vcomp,2026/04/14-17:10:32.446081,3,4,5,,,5,265026,
vcomp_run1,vcomp,2026/04/14-17:10:32.447877,3,4,6,,,6,365623,
vcomp_run1,vcomp,2026/04/14-17:10:32.452699,2,3,3,,,3,164976,
vcomp_run1,vcomp,2026/04/14-17:10:32.453747,2,3,4,,,4,240173,
vcomp_run1,vcomp,2026/04/14-17:10:32.456215,2,3,3,,,3,185718,
vcomp_run1,vcomp,2026/04/14-17:10:32.456228,2,3,7,,,7,391905,
vcomp_run1,vcomp,2026/04/14-17:10:32.456242,2,3,6,,,7,388556,
vcomp_run1,vcomp,2026/04/14-17:10:32.456257,2,3,6,,,6,403918,
vcomp_run1,vcomp,2026/04/14-17:10:32.456271,2,3,9,,,9,539946,
vcomp_run1,vcomp,2026/04/14-17:10:32.456284,2,3,8,,,8,486902,
vcomp_run1,vcomp,2026/04/14-17:10:32.456301,0,1,13,,,13,781159,
vcomp_run1,vcomp,2026/04/14-17:10:32.456689,2,3,8,,,8,484441,
vcomp_run1,vcomp,2026/04/14-17:10:32.461454,1,2,2,,,2,107264,
vcomp_run1,vcomp,2026/04/14-17:10:32.461473,1,2,5,,,4,256897,
vcomp_run1,vcomp,2026/04/14-17:10:32.463115,1,2,3,,,4,199498,
vcomp_run1,vcomp,2026/04/14-17:10:32.465079,1,2,6,,,5,315555,
vcomp_run1,vcomp,2026/04/14-17:10:32.465090,1,2,4,,,4,258296,
vcomp_run1,vcomp,2026/04/14-17:10:32.465101,3,4,3,,,2,116152,
vcomp_run1,vcomp,2026/04/14-17:10:32.465114,1,2,8,,,8,485713,
vcomp_run1,vcomp,2026/04/14-17:10:32.465127,1,2,6,,,6,349028,
vcomp_run1,vcomp,2026/04/14-17:10:32.465145,3,4,4,,,3,190057,
vcomp_run1,vcomp,2026/04/14-17:10:32.465158,3,4,3,,,2,124726,
vcomp_run1,vcomp,2026/04/14-17:10:32.465174,3,4,3,,,3,155948,
vcomp_run1,vcomp,2026/04/14-17:10:32.465184,3,4,3,,,3,157143,
vcomp_run1,vcomp,2026/04/14-17:10:32.465199,3,4,2,,,2,76178,
vcomp_run1,vcomp,2026/04/14-17:10:32.465213,3,4,3,,,3,153763,
vcomp_run1,vcomp,2026/04/14-17:10:32.465229,3,4,5,,,4,237066,
vcomp_run1,vcomp,2026/04/14-17:10:32.465245,3,4,3,,,3,151495,
vcomp_run1,vcomp,2026/04/14-17:10:32.465623,3,4,4,,,3,189162,
vcomp_run1,vcomp,2026/04/14-17:10:32.469070,1,2,3,,,3,163010,
vcomp_run1,vcomp,2026/04/14-17:10:32.472376,1,2,6,,,7,397805,
vcomp_run1,vcomp,2026/04/14-17:10:32.472535,0,0,8,,,8,524235,
vcomp_run1,vcomp,2026/04/14-17:10:32.473953,2,3,3,,,3,177399,
vcomp_run1,vcomp,2026/04/14-17:10:32.473976,2,3,6,,,5,346266,
vcomp_run1,vcomp,2026/04/14-17:10:32.475418,2,3,5,,,5,309182,
vcomp_run1,vcomp,2026/04/14-17:10:32.477434,2,3,6,,,6,371288,
vcomp_run1,vcomp,2026/04/14-17:10:32.477448,0,0,5,,,5,327627,
vcomp_run1,vcomp,2026/04/14-17:10:32.477466,2,3,7,,,7,430334,
vcomp_run1,vcomp,2026/04/14-17:10:32.477482,2,3,6,,,6,407983,
vcomp_run1,vcomp,2026/04/14-17:10:32.477496,2,3,8,,,7,440965,
vcomp_run1,vcomp,2026/04/14-17:10:32.477509,2,3,7,,,6,416178,
vcomp_run1,vcomp,2026/04/14-17:10:32.477870,2,3,6,,,6,399591,
vcomp_run1,vcomp,2026/04/14-17:10:32.481804,1,2,6,,,6,363119,
vcomp_run1,vcomp,2026/04/14-17:10:32.484386,3,4,5,,,3,184078,
vcomp_run1,vcomp,2026/04/14-17:10:32.486723,3,4,5,,,4,244783,
vcomp_run1,vcomp,2026/04/14-17:10:32.486985,2,3,7,,,7,447663,
vcomp_run1,vcomp,2026/04/14-17:10:32.487133,0,1,15,,,17,949905,
vcomp_run1,vcomp,2026/04/14-17:10:32.490686,1,2,3,,,3,169997,
vcomp_run1,vcomp,2026/04/14-17:10:32.494318,1,2,2,,,1,50914,
vcomp_run1,vcomp,2026/04/14-17:10:32.494332,1,2,4,,,5,270252,
vcomp_run1,vcomp,2026/04/14-17:10:32.494345,1,2,3,,,3,183045,
vcomp_run1,vcomp,2026/04/14-17:10:32.494357,1,2,4,,,4,237515,
vcomp_run1,vcomp,2026/04/14-17:10:32.494368,1,2,3,,,3,178744,
vcomp_run1,vcomp,2026/04/14-17:10:32.494383,1,2,6,,,6,357671,
vcomp_run1,vcomp,2026/04/14-17:10:32.494393,1,2,3,,,3,176560,
vcomp_run1,vcomp,2026/04/14-17:10:32.494410,1,2,6,,,6,352400,
vcomp_run1,vcomp,2026/04/14-17:10:32.494420,3,4,5,,,4,261808,
vcomp_run1,vcomp,2026/04/14-17:10:32.494437,3,4,6,,,4,259943,
vcomp_run1,vcomp,2026/04/14-17:10:32.494451,3,4,4,,,4,216939,
vcomp_run1,vcomp,2026/04/14-17:10:32.494472,1,2,9,,,9,554195,
vcomp_run1,vcomp,2026/04/14-17:10:32.494486,3,4,4,,,3,181276,
vcomp_run1,vcomp,2026/04/14-17:10:32.494501,3,4,4,,,4,227695,
vcomp_run1,vcomp,2026/04/14-17:10:32.494633,3,4,4,,,3,189571,
vcomp_run1,vcomp,2026/04/14-17:10:32.497427,1,2,5,,,4,263454,
vcomp_run1,vcomp,2026/04/14-17:10:32.501218,1,2,5,,,5,314934,
vcomp_run1,vcomp,2026/04/14-17:10:32.504205,2,3,3,,,3,189378,
vcomp_run1,vcomp,2026/04/14-17:10:32.504222,2,3,5,,,5,319325,
vcomp_run1,vcomp,2026/04/14-17:10:32.504238,2,3,4,,,4,218281,
vcomp_run1,vcomp,2026/04/14-17:10:32.504251,2,3,6,,,6,362833,
vcomp_run1,vcomp,2026/04/14-17:10:32.504264,2,3,6,,,7,428328,
vcomp_run1,vcomp,2026/04/14-17:10:32.504287,0,0,8,,,8,524224,
vcomp_run1,vcomp,2026/04/14-17:10:32.504300,2,3,6,,,5,321230,
vcomp_run1,vcomp,2026/04/14-17:10:32.504313,1,2,4,,,4,217457,
vcomp_run1,vcomp,2026/04/14-17:10:32.504533,2,3,9,,,9,629778,
vcomp_run1,vcomp,2026/04/14-17:10:32.506526,2,3,5,,,6,370699,
vcomp_run1,vcomp,2026/04/14-17:10:32.506955,2,3,7,,,7,430562,
vcomp_run1,vcomp,2026/04/14-17:10:32.509541,2,3,5,,,5,319060,
vcomp_run1,vcomp,2026/04/14-17:10:32.509595,2,3,7,,,7,427615,
vcomp_run1,vcomp,2026/04/14-17:10:32.509611,2,3,8,,,7,448579,
vcomp_run1,vcomp,2026/04/14-17:10:32.509718,0,0,6,,,6,393152,
vcomp_run1,vcomp,2026/04/14-17:10:32.511034,2,3,5,,,4,221707,
vcomp_run1,vcomp,2026/04/14-17:10:32.512751,3,4,4,,,3,171682,
vcomp_run1,vcomp,2026/04/14-17:10:32.515941,3,4,4,,,4,220570,
vcomp_run1,vcomp,2026/04/14-17:10:32.515956,3,4,3,,,3,152312,
vcomp_run1,vcomp,2026/04/14-17:10:32.515970,3,4,5,,,3,196235,
vcomp_run1,vcomp,2026/04/14-17:10:32.515983,3,4,5,,,4,245248,
vcomp_run1,vcomp,2026/04/14-17:10:32.515995,3,4,5,,,4,250816,
vcomp_run1,vcomp,2026/04/14-17:10:32.516009,3,4,5,,,5,264082,
vcomp_run1,vcomp,2026/04/14-17:10:32.516023,3,4,6,,,5,299733,
vcomp_run1,vcomp,2026/04/14-17:10:32.516038,3,4,5,,,5,276793,
vcomp_run1,vcomp,2026/04/14-17:10:32.516050,3,4,6,,,6,341792,
vcomp_run1,vcomp,2026/04/14-17:10:32.516207,0,1,16,,,18,1003698,
vcomp_run1,vcomp,2026/04/14-17:10:32.522968,1,2,2,,,2,108729,
vcomp_run1,vcomp,2026/04/14-17:10:32.525679,1,2,3,,,3,134583,
vcomp_run1,vcomp,2026/04/14-17:10:32.525696,1,2,3,,,3,137336,
vcomp_run1,vcomp,2026/04/14-17:10:32.525715,1,2,4,,,4,220886,
vcomp_run1,vcomp,2026/04/14-17:10:32.525730,1,2,3,,,3,164848,
vcomp_run1,vcomp,2026/04/14-17:10:32.525745,1,2,2,,,3,148112,
vcomp_run1,vcomp,2026/04/14-17:10:32.525760,1,2,3,,,3,169187,
vcomp_run1,vcomp,2026/04/14-17:10:32.525775,1,2,5,,,5,308385,
vcomp_run1,vcomp,2026/04/14-17:10:32.526229,1,2,4,,,4,254796,
vcomp_run1,vcomp,2026/04/14-17:10:32.528476,1,2,5,,,5,298651,
vcomp_run1,vcomp,2026/04/14-17:10:32.531228,1,2,3,,,3,136186,
vcomp_run1,vcomp,2026/04/14-17:10:32.531222,1,2,6,,,6,362343,
vcomp_run1,vcomp,2026/04/14-17:10:32.532594,1,2,5,,,5,280631,
vcomp_run1,vcomp,2026/04/14-17:10:32.533120,2,3,3,,,2,117242,
vcomp_run1,vcomp,2026/04/14-17:10:32.536914,2,3,6,,,5,329543,
vcomp_run1,vcomp,2026/04/14-17:10:32.536929,2,3,6,,,6,362325,
vcomp_run1,vcomp,2026/04/14-17:10:32.536942,0,1,12,,,12,731411,
vcomp_run1,vcomp,2026/04/14-17:10:32.536959,2,3,7,,,6,374254,
vcomp_run1,vcomp,2026/04/14-17:10:32.536973,2,3,8,,,8,471746,
vcomp_run1,vcomp,2026/04/14-17:10:32.536992,2,3,4,,,5,278009,
vcomp_run1,vcomp,2026/04/14-17:10:32.537007,2,3,6,,,4,307698,
vcomp_run1,vcomp,2026/04/14-17:10:32.537023,2,3,4,,,3,224907,
vcomp_run1,vcomp,2026/04/14-17:10:32.537037,2,3,7,,,7,429600,
vcomp_run1,vcomp,2026/04/14-17:10:32.537050,2,3,7,,,7,429638,
vcomp_run1,vcomp,2026/04/14-17:10:32.537066,2,3,7,,,7,425684,
vcomp_run1,vcomp,2026/04/14-17:10:32.537080,2,3,7,,,6,398625,
vcomp_run1,vcomp,2026/04/14-17:10:32.537093,2,3,7,,,7,433445,
vcomp_run1,vcomp,2026/04/14-17:10:32.537221,2,3,7,,,7,406115,
vcomp_run1,vcomp,2026/04/14-17:10:32.540485,1,2,3,,,3,186934,
vcomp_run1,vcomp,2026/04/14-17:10:32.544879,1,2,5,,,5,316877,
vcomp_run1,vcomp,2026/04/14-17:10:32.548745,1,2,5,,,5,288494,
vcomp_run1,vcomp,2026/04/14-17:10:32.548767,1,2,6,,,5,312497,
vcomp_run1,vcomp,2026/04/14-17:10:32.548784,1,2,5,,,5,318602,
vcomp_run1,vcomp,2026/04/14-17:10:32.548800,3,4,5,,,4,248652,
vcomp_run1,vcomp,2026/04/14-17:10:32.548817,3,4,4,,,4,214272,
vcomp_run1,vcomp,2026/04/14-17:10:32.548835,3,4,3,,,3,149676,
vcomp_run1,vcomp,2026/04/14-17:10:32.548853,3,4,4,,,3,157192,
vcomp_run1,vcomp,2026/04/14-17:10:32.548880,1,2,10,,,9,565956,
vcomp_run1,vcomp,2026/04/14-17:10:32.548894,3,4,4,,,4,200996,
vcomp_run1,vcomp,2026/04/14-17:10:32.548906,3,4,5,,,4,201561,
vcomp_run1,vcomp,2026/04/14-17:10:32.548921,3,4,4,,,4,199366,
vcomp_run1,vcomp,2026/04/14-17:10:32.548943,3,4,6,,,5,296568,
vcomp_run1,vcomp,2026/04/14-17:10:32.548959,3,4,5,,,4,233270,
vcomp_run1,vcomp,2026/04/14-17:10:32.548973,3,4,5,,,4,212803,
vcomp_run1,vcomp,2026/04/14-17:10:32.548988,3,4,6,,,5,297615,
vcomp_run1,vcomp,2026/04/14-17:10:32.549565,3,4,5,,,4,216177,
vcomp_run1,vcomp,2026/04/14-17:10:32.551074,1,2,3,,,3,165140,
vcomp_run1,vcomp,2026/04/14-17:10:32.551208,1,2,7,,,8,446521,
vcomp_run1,vcomp,2026/04/14-17:10:32.555176,2,3,3,,,3,173079,
vcomp_run1,vcomp,2026/04/14-17:10:32.558291,2,3,5,,,4,230105,
vcomp_run1,vcomp,2026/04/14-17:10:32.558309,2,3,5,,,4,221222,
vcomp_run1,vcomp,2026/04/14-17:10:32.558323,2,3,6,,,7,396320,
vcomp_run1,vcomp,2026/04/14-17:10:32.558336,2,3,4,,,3,213111,
vcomp_run1,vcomp,2026/04/14-17:10:32.558352,2,3,7,,,6,367618,
vcomp_run1,vcomp,2026/04/14-17:10:32.558367,2,3,7,,,7,442074,
vcomp_run1,vcomp,2026/04/14-17:10:32.558381,2,3,7,,,7,433049,
vcomp_run1,vcomp,2026/04/14-17:10:32.558394,0,1,11,,,12,725363,
vcomp_run1,vcomp,2026/04/14-17:10:32.558407,2,3,7,,,6,417479,
vcomp_run1,vcomp,2026/04/14-17:10:32.558544,2,3,7,,,7,459102,
vcomp_run1,vcomp,2026/04/14-17:10:32.561537,1,2,3,,,3,170566,
vcomp_run1,vcomp,2026/04/14-17:10:32.565798,1,2,3,,,3,190560,
vcomp_run1,vcomp,2026/04/14-17:10:32.569323,1,2,6,,,6,359300,
vcomp_run1,vcomp,2026/04/14-17:10:32.569336,1,2,5,,,5,328997,
vcomp_run1,vcomp,2026/04/14-17:10:32.569354,3,4,4,,,4,198077,
vcomp_run1,vcomp,2026/04/14-17:10:32.569370,3,4,5,,,4,239831,
vcomp_run1,vcomp,2026/04/14-17:10:32.569384,1,2,3,,,3,149792,
vcomp_run1,vcomp,2026/04/14-17:10:32.569408,3,4,4,,,3,162747,
vcomp_run1,vcomp,2026/04/14-17:10:32.569422,3,4,4,,,4,212508,
vcomp_run1,vcomp,2026/04/14-17:10:32.569440,3,4,5,,,5,292448,
vcomp_run1,vcomp,2026/04/14-17:10:32.569457,3,4,6,,,5,313379,
vcomp_run1,vcomp,2026/04/14-17:10:32.569473,3,4,4,,,3,161223,
vcomp_run1,vcomp,2026/04/14-17:10:32.569491,3,4,7,,,6,343533,
vcomp_run1,vcomp,2026/04/14-17:10:32.570016,1,2,6,,,7,384718,
vcomp_run1,vcomp,2026/04/14-17:10:32.570183,3,4,4,,,4,227748,
vcomp_run1,vcomp,2026/04/14-17:10:32.572106,1,2,5,,,4,231940,
vcomp_run1,vcomp,2026/04/14-17:10:32.575733,1,2,8,,,7,391863,
vcomp_run1,vcomp,2026/04/14-17:10:32.577789,1,2,6,,,6,406218,
vcomp_run1,vcomp,2026/04/14-17:10:32.578620,0,0,8,,,8,524216,
vcomp_run1,vcomp,2026/04/14-17:10:32.580614,2,3,5,,,5,329158,
vcomp_run1,vcomp,2026/04/14-17:10:32.581063,2,3,6,,,6,377259,
vcomp_run1,vcomp,2026/04/14-17:10:32.583986,2,3,7,,,7,448907,
vcomp_run1,vcomp,2026/04/14-17:10:32.584004,0,0,6,,,6,393144,
vcomp_run1,vcomp,2026/04/14-17:10:32.584019,2,3,6,,,5,351889,
vcomp_run1,vcomp,2026/04/14-17:10:32.584038,2,3,7,,,6,407664,
vcomp_run1,vcomp,2026/04/14-17:10:32.584053,2,3,8,,,8,454000,
vcomp_run1,vcomp,2026/04/14-17:10:32.584069,2,3,5,,,5,287454,
vcomp_run1,vcomp,2026/04/14-17:10:32.584089,2,3,8,,,7,485772,
vcomp_run1,vcomp,2026/04/14-17:10:32.586811,3,4,4,,,4,224159,
vcomp_run1,vcomp,2026/04/14-17:10:32.589653,3,4,5,,,3,193518,
vcomp_run1,vcomp,2026/04/14-17:10:32.589669,3,4,4,,,3,172446,
vcomp_run1,vcomp,2026/04/14-17:10:32.589684,3,4,4,,,3,172578,
vcomp_run1,vcomp,2026/04/14-17:10:32.589697,3,4,5,,,5,282864,
vcomp_run1,vcomp,2026/04/14-17:10:32.589714,3,4,4,,,4,227647,
vcomp_run1,vcomp,2026/04/14-17:10:32.589728,3,4,5,,,5,278186,
vcomp_run1,vcomp,2026/04/14-17:10:32.589845,0,1,15,,,17,993516,
vcomp_run1,vcomp,2026/04/14-17:10:32.592444,1,2,5,,,6,322684,
vcomp_run1,vcomp,2026/04/14-17:10:32.596486,1,2,2,,,2,112055,
vcomp_run1,vcomp,2026/04/14-17:10:32.599076,1,2,2,,,2,101681,
vcomp_run1,vcomp,2026/04/14-17:10:32.599092,1,2,4,,,4,213421,
vcomp_run1,vcomp,2026/04/14-17:10:32.599109,1,2,5,,,5,312852,
vcomp_run1,vcomp,2026/04/14-17:10:32.599125,1,2,3,,,3,195602,
vcomp_run1,vcomp,2026/04/14-17:10:32.599138,1,2,6,,,6,392933,
vcomp_run1,vcomp,2026/04/14-17:10:32.599153,1,2,4,,,4,230898,
vcomp_run1,vcomp,2026/04/14-17:10:32.599322,1,2,8,,,7,442446,
vcomp_run1,vcomp,2026/04/14-17:10:32.601541,1,2,4,,,4,229586,
vcomp_run1,vcomp,2026/04/14-17:10:32.603598,1,2,4,,,3,205751,
vcomp_run1,vcomp,2026/04/14-17:10:32.603613,1,2,4,,,4,233875,
vcomp_run1,vcomp,2026/04/14-17:10:32.603740,1,2,5,,,5,288813,
vcomp_run1,vcomp,2026/04/14-17:10:32.608535,2,3,3,,,3,177676,
vcomp_run1,vcomp,2026/04/14-17:10:32.612194,2,3,6,,,6,337859,
vcomp_run1,vcomp,2026/04/14-17:10:32.612208,2,3,6,,,5,350582,
vcomp_run1,vcomp,2026/04/14-17:10:32.612221,2,3,7,,,6,393765,
vcomp_run1,vcomp,2026/04/14-17:10:32.612240,2,3,6,,,6,386400,
vcomp_run1,vcomp,2026/04/14-17:10:32.612253,2,3,8,,,7,430331,
vcomp_run1,vcomp,2026/04/14-17:10:32.612273,2,3,7,,,7,427955,
vcomp_run1,vcomp,2026/04/14-17:10:32.612287,2,3,6,,,6,394483,
vcomp_run1,vcomp,2026/04/14-17:10:32.612309,0,1,12,,,13,765067,
vcomp_run1,vcomp,2026/04/14-17:10:32.612323,2,3,8,,,9,509204,
vcomp_run1,vcomp,2026/04/14-17:10:32.612340,2,3,7,,,7,512891,
vcomp_run1,vcomp,2026/04/14-17:10:32.612355,2,3,9,,,9,564754,
vcomp_run1,vcomp,2026/04/14-17:10:32.612491,2,3,9,,,9,582217,
vcomp_run1,vcomp,2026/04/14-17:10:32.615294,1,2,2,,,2,105761,
vcomp_run1,vcomp,2026/04/14-17:10:32.619820,1,2,3,,,4,183066,
vcomp_run1,vcomp,2026/04/14-17:10:32.619833,1,2,3,,,3,175844,
vcomp_run1,vcomp,2026/04/14-17:10:32.623666,3,4,5,,,4,231755,
vcomp_run1,vcomp,2026/04/14-17:10:32.623681,3,4,5,,,5,270579,
vcomp_run1,vcomp,2026/04/14-17:10:32.623695,1,2,4,,,4,235205,
vcomp_run1,vcomp,2026/04/14-17:10:32.623710,1,2,6,,,6,378165,
vcomp_run1,vcomp,2026/04/14-17:10:32.623723,3,4,5,,,4,234642,
vcomp_run1,vcomp,2026/04/14-17:10:32.623734,3,4,3,,,2,109247,
vcomp_run1,vcomp,2026/04/14-17:10:32.623751,3,4,4,,,4,202564,
vcomp_run1,vcomp,2026/04/14-17:10:32.623764,1,2,5,,,5,291936,
vcomp_run1,vcomp,2026/04/14-17:10:32.623785,1,2,3,,,3,174639,
vcomp_run1,vcomp,2026/04/14-17:10:32.623800,1,2,7,,,6,366370,
vcomp_run1,vcomp,2026/04/14-17:10:32.623819,3,4,4,,,4,211924,
vcomp_run1,vcomp,2026/04/14-17:10:32.623835,3,4,6,,,5,276291,
vcomp_run1,vcomp,2026/04/14-17:10:32.623850,3,4,6,,,5,305312,
vcomp_run1,vcomp,2026/04/14-17:10:32.623867,3,4,5,,,4,241161,
vcomp_run1,vcomp,2026/04/14-17:10:32.623884,3,4,5,,,5,273489,
vcomp_run1,vcomp,2026/04/14-17:10:32.624126,3,4,6,,,5,286808,
vcomp_run1,vcomp,2026/04/14-17:10:32.630198,1,2,5,,,5,269497,
vcomp_run1,vcomp,2026/04/14-17:10:32.633584,0,0,8,,,8,524234,
vcomp_run1,vcomp,2026/04/14-17:10:32.633578,2,3,5,,,5,346433,
vcomp_run1,vcomp,2026/04/14-17:10:32.633604,2,3,6,,,6,369579,
vcomp_run1,vcomp,2026/04/14-17:10:32.633720,2,3,5,,,5,350380,
vcomp_run1,vcomp,2026/04/14-17:10:32.635809,2,3,7,,,7,416209,
vcomp_run1,vcomp,2026/04/14-17:10:32.635823,2,3,8,,,8,464283,
vcomp_run1,vcomp,2026/04/14-17:10:32.635841,2,3,8,,,9,547050,
vcomp_run1,vcomp,2026/04/14-17:10:32.636434,2,3,8,,,8,516062,
vcomp_run1,vcomp,2026/04/14-17:10:32.637011,2,3,5,,,5,324902,
vcomp_run1,vcomp,2026/04/14-17:10:32.638628,0,0,7,,,7,458698,
vcomp_run1,vcomp,2026/04/14-17:10:32.641614,3,4,4,,,3,159033,
vcomp_run1,vcomp,2026/04/14-17:10:32.641628,3,4,2,,,2,77444,
vcomp_run1,vcomp,2026/04/14-17:10:32.641644,3,4,4,,,4,197286,
vcomp_run1,vcomp,2026/04/14-17:10:32.641656,3,4,3,,,3,153931,
vcomp_run1,vcomp,2026/04/14-17:10:32.641670,3,4,5,,,4,236513,
vcomp_run1,vcomp,2026/04/14-17:10:32.641684,3,4,5,,,5,289596,
vcomp_run1,vcomp,2026/04/14-17:10:32.642154,3,4,5,,,4,228542,
vcomp_run1,vcomp,2026/04/14-17:10:32.643863,0,1,16,,,20,1045187,
vcomp_run1,vcomp,2026/04/14-17:10:32.646172,1,2,2,,,1,12950,
vcomp_run1,vcomp,2026/04/14-17:10:32.648124,1,2,2,,,2,110660,
vcomp_run1,vcomp,2026/04/14-17:10:32.652079,1,2,3,,,3,182864,
vcomp_run1,vcomp,2026/04/14-17:10:32.655116,1,2,2,,,2,103095,
vcomp_run1,vcomp,2026/04/14-17:10:32.655128,1,2,3,,,3,178606,
vcomp_run1,vcomp,2026/04/14-17:10:32.655141,1,2,3,,,3,183405,
vcomp_run1,vcomp,2026/04/14-17:10:32.655155,1,2,4,,,4,201853,
vcomp_run1,vcomp,2026/04/14-17:10:32.655175,1,2,4,,,4,241346,
vcomp_run1,vcomp,2026/04/14-17:10:32.655189,1,2,5,,,5,313862,
vcomp_run1,vcomp,2026/04/14-17:10:32.655200,1,2,3,,,3,178641,
vcomp_run1,vcomp,2026/04/14-17:10:32.655215,1,2,3,,,3,173485,
vcomp_run1,vcomp,2026/04/14-17:10:32.655229,1,2,5,,,5,318245,
vcomp_run1,vcomp,2026/04/14-17:10:32.655365,1,2,6,,,6,376307,
vcomp_run1,vcomp,2026/04/14-17:10:32.657957,1,2,3,,,2,135461,
vcomp_run1,vcomp,2026/04/14-17:10:32.660570,1,2,4,,,4,199618,
vcomp_run1,vcomp,2026/04/14-17:10:32.660589,2,3,5,,,5,267091,
vcomp_run1,vcomp,2026/04/14-17:10:32.660604,2,3,4,,,4,249946,
vcomp_run1,vcomp,2026/04/14-17:10:32.660617,1,2,6,,,5,294108,
vcomp_run1,vcomp,2026/04/14-17:10:32.661064,2,3,5,,,4,250723,
vcomp_run1,vcomp,2026/04/14-17:10:32.664206,2,3,6,,,6,402410,
vcomp_run1,vcomp,2026/04/14-17:10:32.664389,2,3,6,,,6,415931,
vcomp_run1,vcomp,2026/04/14-17:10:32.665866,2,3,7,,,7,421013,
vcomp_run1,vcomp,2026/04/14-17:10:32.669239,2,3,2,,,1,43281,
vcomp_run1,vcomp,2026/04/14-17:10:32.669252,2,3,7,,,7,393921,
vcomp_run1,vcomp,2026/04/14-17:10:32.669265,2,3,6,,,5,373570,
vcomp_run1,vcomp,2026/04/14-17:10:32.669281,2,3,7,,,6,435238,
vcomp_run1,vcomp,2026/04/14-17:10:32.669297,2,3,6,,,7,454248,
vcomp_run1,vcomp,2026/04/14-17:10:32.669316,2,3,8,,,8,493216,
vcomp_run1,vcomp,2026/04/14-17:10:32.669330,2,3,7,,,7,426283,
vcomp_run1,vcomp,2026/04/14-17:10:32.669457,0,1,12,,,13,750925,
vcomp_run1,vcomp,2026/04/14-17:10:32.672059,1,2,3,,,3,174469,
vcomp_run1,vcomp,2026/04/14-17:10:32.676289,1,2,4,,,4,242917,
vcomp_run1,vcomp,2026/04/14-17:10:32.680149,1,2,5,,,5,298390,
vcomp_run1,vcomp,2026/04/14-17:10:32.680162,1,2,6,,,5,344515,
vcomp_run1,vcomp,2026/04/14-17:10:32.680173,3,4,4,,,3,183542,
vcomp_run1,vcomp,2026/04/14-17:10:32.680188,3,4,4,,,3,192464,
vcomp_run1,vcomp,2026/04/14-17:10:32.680202,1,2,5,,,5,298588,
vcomp_run1,vcomp,2026/04/14-17:10:32.680214,1,2,5,,,5,284400,
vcomp_run1,vcomp,2026/04/14-17:10:32.680233,1,2,6,,,5,277294,
vcomp_run1,vcomp,2026/04/14-17:10:32.680249,3,4,4,,,4,224555,
vcomp_run1,vcomp,2026/04/14-17:10:32.680267,3,4,4,,,4,197642,
vcomp_run1,vcomp,2026/04/14-17:10:32.680281,3,4,6,,,6,367356,
vcomp_run1,vcomp,2026/04/14-17:10:32.680301,3,4,5,,,4,229709,
vcomp_run1,vcomp,2026/04/14-17:10:32.680314,3,4,4,,,4,223434,
vcomp_run1,vcomp,2026/04/14-17:10:32.680327,3,4,6,,,5,327404,
vcomp_run1,vcomp,2026/04/14-17:10:32.680339,3,4,6,,,6,336937,
vcomp_run1,vcomp,2026/04/14-17:10:32.680349,3,4,5,,,4,254542,
vcomp_run1,vcomp,2026/04/14-17:10:32.682780,3,4,7,,,5,314621,
vcomp_run1,vcomp,2026/04/14-17:10:32.683172,1,2,4,,,4,215228,
vcomp_run1,vcomp,2026/04/14-17:10:32.687101,1,2,6,,,5,343353,
vcomp_run1,vcomp,2026/04/14-17:10:32.689628,0,0,8,,,8,524219,
vcomp_run1,vcomp,2026/04/14-17:10:32.689642,2,3,4,,,3,234042,
vcomp_run1,vcomp,2026/04/14-17:10:32.689664,2,3,5,,,5,332083,
vcomp_run1,vcomp,2026/04/14-17:10:32.690709,2,3,6,,,7,401622,
vcomp_run1,vcomp,2026/04/14-17:10:32.692512,2,3,6,,,6,392666,
vcomp_run1,vcomp,2026/04/14-17:10:32.692680,2,3,6,,,6,399958,
vcomp_run1,vcomp,2026/04/14-17:10:32.692693,2,3,7,,,7,449574,
vcomp_run1,vcomp,2026/04/14-17:10:32.693387,2,3,6,,,6,352781,
vcomp_run1,vcomp,2026/04/14-17:10:32.693564,2,3,7,,,7,472784,
vcomp_run1,vcomp,2026/04/14-17:10:32.695715,0,0,6,,,6,393147,
vcomp_run1,vcomp,2026/04/14-17:10:32.696727,0,1,3,,,4,195111,
vcomp_run1,vcomp,2026/04/14-17:10:32.698522,3,4,4,,,3,176362,
vcomp_run1,vcomp,2026/04/14-17:10:32.698535,3,4,3,,,3,152314,
vcomp_run1,vcomp,2026/04/14-17:10:32.698556,3,4,6,,,6,356516,
vcomp_run1,vcomp,2026/04/14-17:10:32.698571,3,4,3,,,3,147161,
vcomp_run1,vcomp,2026/04/14-17:10:32.698590,3,4,4,,,4,223623,
vcomp_run1,vcomp,2026/04/14-17:10:32.698609,3,4,4,,,4,221265,
vcomp_run1,vcomp,2026/04/14-17:10:32.698623,3,4,5,,,4,259493,
vcomp_run1,vcomp,2026/04/14-17:10:32.699057,3,4,5,,,5,262272,
vcomp_run1,vcomp,2026/04/14-17:10:32.700807,0,1,17,,,19,1044136,
vcomp_run1,vcomp,2026/04/14-17:10:32.703143,1,2,2,,,2,103091,
vcomp_run1,vcomp,2026/04/14-17:10:32.705114,1,2,2,,,2,111249,
vcomp_run1,vcomp,2026/04/14-17:10:32.709155,1,2,3,,,3,161305,
vcomp_run1,vcomp,2026/04/14-17:10:32.712171,1,2,3,,,3,152788,
vcomp_run1,vcomp,2026/04/14-17:10:32.712183,1,2,3,,,4,191761,
vcomp_run1,vcomp,2026/04/14-17:10:32.712201,1,2,3,,,2,142100,
vcomp_run1,vcomp,2026/04/14-17:10:32.712221,1,2,5,,,5,294653,
vcomp_run1,vcomp,2026/04/14-17:10:32.712233,1,2,4,,,4,274867,
vcomp_run1,vcomp,2026/04/14-17:10:32.712248,1,2,4,,,5,258772,
vcomp_run1,vcomp,2026/04/14-17:10:32.712261,1,2,4,,,4,241319,
vcomp_run1,vcomp,2026/04/14-17:10:32.712277,1,2,4,,,4,256575,
vcomp_run1,vcomp,2026/04/14-17:10:32.712295,1,2,4,,,4,246036,
vcomp_run1,vcomp,2026/04/14-17:10:32.712417,1,2,6,,,6,360682,
vcomp_run1,vcomp,2026/04/14-17:10:32.714999,1,2,6,,,6,356446,
vcomp_run1,vcomp,2026/04/14-17:10:32.718548,2,3,6,,,6,362848,
vcomp_run1,vcomp,2026/04/14-17:10:32.718562,2,3,7,,,7,407903,
vcomp_run1,vcomp,2026/04/14-17:10:32.718579,2,3,6,,,7,393284,
vcomp_run1,vcomp,2026/04/14-17:10:32.718596,2,3,6,,,6,366845,
vcomp_run1,vcomp,2026/04/14-17:10:32.718620,2,3,6,,,6,392608,
vcomp_run1,vcomp,2026/04/14-17:10:32.718634,2,3,5,,,6,347270,
vcomp_run1,vcomp,2026/04/14-17:10:32.719562,2,3,4,,,3,181814,
vcomp_run1,vcomp,2026/04/14-17:10:32.721795,2,3,6,,,5,324485,
vcomp_run1,vcomp,2026/04/14-17:10:32.724366,2,3,8,,,7,427224,
vcomp_run1,vcomp,2026/04/14-17:10:32.724383,2,3,7,,,7,425569,
vcomp_run1,vcomp,2026/04/14-17:10:32.724397,2,3,7,,,7,489179,
vcomp_run1,vcomp,2026/04/14-17:10:32.724413,0,1,13,,,13,783962,
vcomp_run1,vcomp,2026/04/14-17:10:32.724547,2,3,7,,,6,403804,
vcomp_run1,vcomp,2026/04/14-17:10:32.727270,1,2,2,,,2,123314,
vcomp_run1,vcomp,2026/04/14-17:10:32.732014,1,2,4,,,4,246966,
vcomp_run1,vcomp,2026/04/14-17:10:32.735838,1,2,4,,,3,167305,
vcomp_run1,vcomp,2026/04/14-17:10:32.735850,1,2,6,,,5,324508,
vcomp_run1,vcomp,2026/04/14-17:10:32.735871,1,2,6,,,6,353656,
vcomp_run1,vcomp,2026/04/14-17:10:32.735884,1,2,3,,,3,181426,
vcomp_run1,vcomp,2026/04/14-17:10:32.735903,3,4,5,,,4,231292,
vcomp_run1,vcomp,2026/04/14-17:10:32.735918,1,2,6,,,6,379918,
vcomp_run1,vcomp,2026/04/14-17:10:32.735933,3,4,4,,,4,225894,
vcomp_run1,vcomp,2026/04/14-17:10:32.735948,3,4,6,,,5,286953,
vcomp_run1,vcomp,2026/04/14-17:10:32.735966,3,4,6,,,5,288373,
vcomp_run1,vcomp,2026/04/14-17:10:32.735984,3,4,4,,,4,227626,
vcomp_run1,vcomp,2026/04/14-17:10:32.736000,3,4,4,,,4,219668,
vcomp_run1,vcomp,2026/04/14-17:10:32.736018,3,4,6,,,5,273617,
vcomp_run1,vcomp,2026/04/14-17:10:32.736031,3,4,4,,,4,223705,
vcomp_run1,vcomp,2026/04/14-17:10:32.736042,3,4,5,,,4,257039,
vcomp_run1,vcomp,2026/04/14-17:10:32.736241,3,4,5,,,5,294512,
vcomp_run1,vcomp,2026/04/14-17:10:32.738455,1,2,7,,,7,455104,
vcomp_run1,vcomp,2026/04/14-17:10:32.742339,2,3,6,,,6,337430,
vcomp_run1,vcomp,2026/04/14-17:10:32.745486,2,3,4,,,4,244483,
vcomp_run1,vcomp,2026/04/14-17:10:32.745503,2,3,6,,,7,421366,
vcomp_run1,vcomp,2026/04/14-17:10:32.745519,2,3,6,,,6,359672,
vcomp_run1,vcomp,2026/04/14-17:10:32.745534,2,3,6,,,7,407715,
vcomp_run1,vcomp,2026/04/14-17:10:32.745549,2,3,7,,,7,446030,
vcomp_run1,vcomp,2026/04/14-17:10:32.745564,2,3,7,,,7,472454,
vcomp_run1,vcomp,2026/04/14-17:10:32.745584,2,3,7,,,7,474019,
vcomp_run1,vcomp,2026/04/14-17:10:32.745725,0,1,13,,,14,817652,
vcomp_run1,vcomp,2026/04/14-17:10:32.749969,1,2,2,,,2,83710,
vcomp_run1,vcomp,2026/04/14-17:10:32.753579,1,2,5,,,5,266863,
vcomp_run1,vcomp,2026/04/14-17:10:32.753590,1,2,3,,,3,145911,
vcomp_run1,vcomp,2026/04/14-17:10:32.753603,1,2,2,,,2,102907,
vcomp_run1,vcomp,2026/04/14-17:10:32.753616,1,2,4,,,4,216986,
vcomp_run1,vcomp,2026/04/14-17:10:32.753629,1,2,6,,,7,390749,
vcomp_run1,vcomp,2026/04/14-17:10:32.753641,3,4,3,,,3,167529,
vcomp_run1,vcomp,2026/04/14-17:10:32.753653,1,2,6,,,6,380366,
vcomp_run1,vcomp,2026/04/14-17:10:32.753669,3,4,2,,,2,91520,
vcomp_run1,vcomp,2026/04/14-17:10:32.753684,3,4,4,,,3,163767,
vcomp_run1,vcomp,2026/04/14-17:10:32.753699,3,4,3,,,3,154139,
vcomp_run1,vcomp,2026/04/14-17:10:32.753711,3,4,4,,,3,181613,
vcomp_run1,vcomp,2026/04/14-17:10:32.753726,3,4,4,,,4,225256,
vcomp_run1,vcomp,2026/04/14-17:10:32.753738,3,4,5,,,4,218556,
vcomp_run1,vcomp,2026/04/14-17:10:32.753901,3,4,4,,,4,225348,
vcomp_run1,vcomp,2026/04/14-17:10:32.758725,1,2,4,,,3,133564,
vcomp_run1,vcomp,2026/04/14-17:10:32.761429,1,2,3,,,3,178358,
vcomp_run1,vcomp,2026/04/14-17:10:32.761449,1,2,5,,,4,267396,
vcomp_run1,vcomp,2026/04/14-17:10:32.761463,0,0,8,,,8,524215,
vcomp_run1,vcomp,2026/04/14-17:10:32.761657,1,2,5,,,6,345464,
vcomp_run1,vcomp,2026/04/14-17:10:32.764564,0,1,3,,,4,198637,
vcomp_run1,vcomp,2026/04/14-17:10:32.768038,2,3,4,,,4,250814,
vcomp_run1,vcomp,2026/04/14-17:10:32.768055,2,3,5,,,5,303519,
vcomp_run1,vcomp,2026/04/14-17:10:32.768070,2,3,5,,,5,322273,
vcomp_run1,vcomp,2026/04/14-17:10:32.768082,2,3,4,,,4,285601,
vcomp_run1,vcomp,2026/04/14-17:10:32.768095,2,3,6,,,5,331495,
vcomp_run1,vcomp,2026/04/14-17:10:32.768114,0,0,6,,,6,393143,
vcomp_run1,vcomp,2026/04/14-17:10:32.768133,2,3,7,,,5,384436,
vcomp_run1,vcomp,2026/04/14-17:10:32.768149,2,3,6,,,6,366952,
vcomp_run1,vcomp,2026/04/14-17:10:32.768166,2,3,6,,,5,344043,
vcomp_run1,vcomp,2026/04/14-17:10:32.768696,2,3,7,,,7,456782,
vcomp_run1,vcomp,2026/04/14-17:10:32.771110,1,2,3,,,3,173705,
vcomp_run1,vcomp,2026/04/14-17:10:32.771696,1,2,7,,,7,420872,
vcomp_run1,vcomp,2026/04/14-17:10:32.774434,2,3,7,,,6,400190,
vcomp_run1,vcomp,2026/04/14-17:10:32.776101,2,3,7,,,7,414660,
vcomp_run1,vcomp,2026/04/14-17:10:32.776211,0,1,14,,,15,886686,
vcomp_run1,vcomp,2026/04/14-17:10:32.778891,3,4,2,,,2,82418,
vcomp_run1,vcomp,2026/04/14-17:10:32.780076,3,4,5,,,5,272673,
vcomp_run1,vcomp,2026/04/14-17:10:32.780152,3,4,5,,,4,256726,
vcomp_run1,vcomp,2026/04/14-17:10:32.780287,3,4,4,,,3,156353,
vcomp_run1,vcomp,2026/04/14-17:10:32.781601,1,2,3,,,3,197264,
vcomp_run1,vcomp,2026/04/14-17:10:32.785240,1,2,4,,,3,137064,
vcomp_run1,vcomp,2026/04/14-17:10:32.785254,1,2,3,,,3,192943,
vcomp_run1,vcomp,2026/04/14-17:10:32.785268,1,2,5,,,5,314703,
vcomp_run1,vcomp,2026/04/14-17:10:32.785283,1,2,3,,,4,192787,
vcomp_run1,vcomp,2026/04/14-17:10:32.785300,3,4,5,,,4,239831,
vcomp_run1,vcomp,2026/04/14-17:10:32.785318,1,2,7,,,8,452772,
vcomp_run1,vcomp,2026/04/14-17:10:32.785334,3,4,5,,,5,277686,
vcomp_run1,vcomp,2026/04/14-17:10:32.785350,3,4,6,,,5,304338,
vcomp_run1,vcomp,2026/04/14-17:10:32.785371,3,4,7,,,6,362509,
vcomp_run1,vcomp,2026/04/14-17:10:32.785389,3,4,5,,,5,279506,
vcomp_run1,vcomp,2026/04/14-17:10:32.785518,3,4,6,,,5,320581,
vcomp_run1,vcomp,2026/04/14-17:10:32.787825,1,2,4,,,4,247642,
vcomp_run1,vcomp,2026/04/14-17:10:32.787973,1,2,5,,,5,313291,
vcomp_run1,vcomp,2026/04/14-17:10:32.792927,1,2,5,,,5,298683,
vcomp_run1,vcomp,2026/04/14-17:10:32.795432,1,2,4,,,4,237971,
vcomp_run1,vcomp,2026/04/14-17:10:32.795450,0,0,8,,,8,524220,
vcomp_run1,vcomp,2026/04/14-17:10:32.795466,1,2,5,,,4,250466,
vcomp_run1,vcomp,2026/04/14-17:10:32.795885,1,2,6,,,5,254868,
vcomp_run1,vcomp,2026/04/14-17:10:32.801103,0,0,5,,,5,327612,
vcomp_run1,vcomp,2026/04/14-17:10:32.801117,2,3,2,,,1,54813,
vcomp_run1,vcomp,2026/04/14-17:10:32.801135,2,3,5,,,5,274857,
vcomp_run1,vcomp,2026/04/14-17:10:32.801152,2,3,5,,,5,301735,
vcomp_run1,vcomp,2026/04/14-17:10:32.801170,2,3,8,,,7,405694,
vcomp_run1,vcomp,2026/04/14-17:10:32.801188,2,3,7,,,7,443424,
vcomp_run1,vcomp,2026/04/14-17:10:32.801206,2,3,7,,,7,427963,
vcomp_run1,vcomp,2026/04/14-17:10:32.801224,2,3,6,,,6,381981,
vcomp_run1,vcomp,2026/04/14-17:10:32.801241,2,3,7,,,7,455675,
vcomp_run1,vcomp,2026/04/14-17:10:32.801252,2,3,6,,,7,422331,
vcomp_run1,vcomp,2026/04/14-17:10:32.801269,2,3,8,,,7,471931,
vcomp_run1,vcomp,2026/04/14-17:10:32.801285,2,3,7,,,7,437401,
vcomp_run1,vcomp,2026/04/14-17:10:32.801896,2,3,6,,,7,384310,
vcomp_run1,vcomp,2026/04/14-17:10:32.803293,1,2,7,,,6,401558,
vcomp_run1,vcomp,2026/04/14-17:10:32.803303,1,2,7,,,8,437360,
vcomp_run1,vcomp,2026/04/14-17:10:32.803556,1,2,5,,,5,280444,
vcomp_run1,vcomp,2026/04/14-17:10:32.806133,2,3,8,,,7,464033,
vcomp_run1,vcomp,2026/04/14-17:10:32.808980,2,3,7,,,7,456698,
vcomp_run1,vcomp,2026/04/14-17:10:32.809434,0,1,12,,,14,790081,
vcomp_run1,vcomp,2026/04/14-17:10:32.812277,3,4,3,,,3,156908,
vcomp_run1,vcomp,2026/04/14-17:10:32.812292,3,4,3,,,3,158270,
vcomp_run1,vcomp,2026/04/14-17:10:32.812301,3,4,3,,,3,152149,
vcomp_run1,vcomp,2026/04/14-17:10:32.812320,3,4,4,,,4,205337,
vcomp_run1,vcomp,2026/04/14-17:10:32.812451,3,4,3,,,3,153478,
vcomp_run1,vcomp,2026/04/14-17:10:32.816465,1,2,2,,,2,117557,
vcomp_run1,vcomp,2026/04/14-17:10:32.819942,1,2,3,,,3,168243,
vcomp_run1,vcomp,2026/04/14-17:10:32.819954,1,2,3,,,4,188177,
vcomp_run1,vcomp,2026/04/14-17:10:32.819967,1,2,4,,,4,254747,
vcomp_run1,vcomp,2026/04/14-17:10:32.819985,1,2,3,,,3,177814,
vcomp_run1,vcomp,2026/04/14-17:10:32.820005,1,2,7,,,6,385164,
vcomp_run1,vcomp,2026/04/14-17:10:32.820018,1,2,6,,,6,346097,
vcomp_run1,vcomp,2026/04/14-17:10:32.820034,3,4,4,,,3,169378,
vcomp_run1,vcomp,2026/04/14-17:10:32.820050,3,4,6,,,5,272700,
vcomp_run1,vcomp,2026/04/14-17:10:32.820063,3,4,4,,,3,184008,
vcomp_run1,vcomp,2026/04/14-17:10:32.820078,3,4,5,,,4,257790,
vcomp_run1,vcomp,2026/04/14-17:10:32.820092,3,4,4,,,4,223468,
vcomp_run1,vcomp,2026/04/14-17:10:32.820099,3,4,5,,,4,260090,
vcomp_run1,vcomp,2026/04/14-17:10:32.820271,3,4,4,,,4,199731,
vcomp_run1,vcomp,2026/04/14-17:10:32.822893,1,2,4,,,3,151071,
vcomp_run1,vcomp,2026/04/14-17:10:32.826945,1,2,5,,,5,266553,
vcomp_run1,vcomp,2026/04/14-17:10:32.829894,2,3,4,,,5,267702,
vcomp_run1,vcomp,2026/04/14-17:10:32.829911,1,2,5,,,5,303314,
vcomp_run1,vcomp,2026/04/14-17:10:32.829930,2,3,7,,,7,403415,
vcomp_run1,vcomp,2026/04/14-17:10:32.830625,0,0,8,,,8,524220,
vcomp_run1,vcomp,2026/04/14-17:10:32.831792,2,3,7,,,8,467595,
vcomp_run1,vcomp,2026/04/14-17:10:32.831808,2,3,7,,,7,452836,
vcomp_run1,vcomp,2026/04/14-17:10:32.832089,2,3,8,,,8,496513,
vcomp_run1,vcomp,2026/04/14-17:10:32.834898,2,3,6,,,5,303465,
vcomp_run1,vcomp,2026/04/14-17:10:32.834912,0,0,7,,,7,458684,
vcomp_run1,vcomp,2026/04/14-17:10:32.834931,2,3,7,,,7,433843,
vcomp_run1,vcomp,2026/04/14-17:10:32.834947,2,3,8,,,8,515221,
vcomp_run1,vcomp,2026/04/14-17:10:32.834965,2,3,9,,,9,536503,
vcomp_run1,vcomp,2026/04/14-17:10:32.838146,3,4,3,,,3,154508,
vcomp_run1,vcomp,2026/04/14-17:10:32.841883,3,4,4,,,3,168086,
vcomp_run1,vcomp,2026/04/14-17:10:32.841911,3,4,3,,,3,162890,
vcomp_run1,vcomp,2026/04/14-17:10:32.841957,3,4,4,,,4,201058,
vcomp_run1,vcomp,2026/04/14-17:10:32.841991,3,4,5,,,4,235572,
vcomp_run1,vcomp,2026/04/14-17:10:32.842042,3,4,4,,,4,223728,
vcomp_run1,vcomp,2026/04/14-17:10:32.842096,3,4,4,,,4,226136,
vcomp_run1,vcomp,2026/04/14-17:10:32.842145,3,4,4,,,4,197263,
vcomp_run1,vcomp,2026/04/14-17:10:32.842171,0,1,16,,,18,1002320,
vcomp_run1,vcomp,2026/04/14-17:10:32.842653,3,4,6,,,5,279164,
vcomp_run1,vcomp,2026/04/14-17:10:32.846856,1,2,3,,,3,140597,
vcomp_run1,vcomp,2026/04/14-17:10:32.850252,1,2,3,,,3,171296,
vcomp_run1,vcomp,2026/04/14-17:10:32.850272,1,2,5,,,5,305269,
vcomp_run1,vcomp,2026/04/14-17:10:32.850312,1,2,3,,,3,173118,
vcomp_run1,vcomp,2026/04/14-17:10:32.850327,1,2,6,,,6,356395,
vcomp_run1,vcomp,2026/04/14-17:10:32.850339,1,2,5,,,6,317258,
vcomp_run1,vcomp,2026/04/14-17:10:32.850353,1,2,7,,,7,388903,
vcomp_run1,vcomp,2026/04/14-17:10:32.850371,1,2,2,,,2,67347,
vcomp_run1,vcomp,2026/04/14-17:10:32.850377,1,2,3,,,3,164753,
vcomp_run1,vcomp,2026/04/14-17:10:32.850385,1,2,3,,,4,192744,
vcomp_run1,vcomp,2026/04/14-17:10:32.850869,1,2,4,,,4,242022,
vcomp_run1,vcomp,2026/04/14-17:10:32.852759,1,2,4,,,3,187261,
vcomp_run1,vcomp,2026/04/14-17:10:32.855400,1,2,4,,,3,181554,
vcomp_run1,vcomp,2026/04/14-17:10:32.856258,1,2,6,,,6,380986,
vcomp_run1,vcomp,2026/04/14-17:10:32.857580,2,3,7,,,7,399434,
vcomp_run1,vcomp,2026/04/14-17:10:32.857680,2,3,6,,,7,375832,
vcomp_run1,vcomp,2026/04/14-17:10:32.859087,2,3,7,,,7,426287,
vcomp_run1,vcomp,2026/04/14-17:10:32.861273,0,1,12,,,12,747481,
vcomp_run1,vcomp,2026/04/14-17:10:32.861287,2,3,7,,,7,430159,
vcomp_run1,vcomp,2026/04/14-17:10:32.861310,2,3,7,,,8,447362,
vcomp_run1,vcomp,2026/04/14-17:10:32.861329,2,3,7,,,7,432886,
vcomp_run1,vcomp,2026/04/14-17:10:32.861348,2,3,6,,,7,385708,
vcomp_run1,vcomp,2026/04/14-17:10:32.861363,2,3,8,,,8,485057,
vcomp_run1,vcomp,2026/04/14-17:10:32.861380,2,3,8,,,8,514147,
vcomp_run1,vcomp,2026/04/14-17:10:32.861404,2,3,7,,,8,451357,
vcomp_run1,vcomp,2026/04/14-17:10:32.861584,2,3,8,,,8,533009,
vcomp_run1,vcomp,2026/04/14-17:10:32.864562,1,2,3,,,3,173936,
vcomp_run1,vcomp,2026/04/14-17:10:32.868936,1,2,3,,,3,184286,
vcomp_run1,vcomp,2026/04/14-17:10:32.872782,1,2,4,,,4,260396,
vcomp_run1,vcomp,2026/04/14-17:10:32.872800,1,2,3,,,3,180559,
vcomp_run1,vcomp,2026/04/14-17:10:32.872816,1,2,3,,,1,61365,
vcomp_run1,vcomp,2026/04/14-17:10:32.872830,1,2,7,,,6,386804,
vcomp_run1,vcomp,2026/04/14-17:10:32.872845,3,4,2,,,2,78760,
vcomp_run1,vcomp,2026/04/14-17:10:32.872858,3,4,3,,,3,146726,
vcomp_run1,vcomp,2026/04/14-17:10:32.872879,3,4,3,,,3,155456,
vcomp_run1,vcomp,2026/04/14-17:10:32.872893,3,4,5,,,4,236885,
vcomp_run1,vcomp,2026/04/14-17:10:32.872909,3,4,3,,,3,154790,
vcomp_run1,vcomp,2026/04/14-17:10:32.872927,3,4,4,,,4,197770,
vcomp_run1,vcomp,2026/04/14-17:10:32.872944,3,4,5,,,4,236971,
vcomp_run1,vcomp,2026/04/14-17:10:32.872963,3,4,4,,,4,215473,
vcomp_run1,vcomp,2026/04/14-17:10:32.872977,3,4,6,,,5,290711,
vcomp_run1,vcomp,2026/04/14-17:10:32.872991,3,4,5,,,5,270755,
vcomp_run1,vcomp,2026/04/14-17:10:32.873007,3,4,5,,,5,272989,
vcomp_run1,vcomp,2026/04/14-17:10:32.873478,3,4,5,,,4,237035,
vcomp_run1,vcomp,2026/04/14-17:10:32.875745,1,2,7,,,7,435862,
vcomp_run1,vcomp,2026/04/14-17:10:32.879915,1,2,9,,,8,492483,
vcomp_run1,vcomp,2026/04/14-17:10:32.882438,0,0,8,,,8,524218,
vcomp_run1,vcomp,2026/04/14-17:10:32.885851,2,3,8,,,9,531713,
vcomp_run1,vcomp,2026/04/14-17:10:32.885872,2,3,6,,,7,418390,
vcomp_run1,vcomp,2026/04/14-17:10:32.885890,2,3,8,,,8,488242,
vcomp_run1,vcomp,2026/04/14-17:10:32.885905,2,3,6,,,6,393059,
vcomp_run1,vcomp,2026/04/14-17:10:32.885923,2,3,9,,,8,494766,
vcomp_run1,vcomp,2026/04/14-17:10:32.885939,2,3,8,,,7,472533,
vcomp_run1,vcomp,2026/04/14-17:10:32.886615,2,3,4,,,3,199182,
vcomp_run1,vcomp,2026/04/14-17:10:32.886632,2,3,7,,,7,402469,
vcomp_run1,vcomp,2026/04/14-17:10:32.886749,2,3,7,,,7,394985,
vcomp_run1,vcomp,2026/04/14-17:10:32.888379,0,0,5,,,5,327610,
vcomp_run1,vcomp,2026/04/14-17:10:32.891554,3,4,4,,,3,160485,
vcomp_run1,vcomp,2026/04/14-17:10:32.891568,3,4,4,,,3,178827,
vcomp_run1,vcomp,2026/04/14-17:10:32.891582,3,4,3,,,3,134661,
vcomp_run1,vcomp,2026/04/14-17:10:32.891593,3,4,3,,,3,154247,
vcomp_run1,vcomp,2026/04/14-17:10:32.891610,3,4,5,,,4,200089,
vcomp_run1,vcomp,2026/04/14-17:10:32.891624,3,4,4,,,3,176690,
vcomp_run1,vcomp,2026/04/14-17:10:32.891640,3,4,4,,,3,195614,
vcomp_run1,vcomp,2026/04/14-17:10:32.892153,3,4,7,,,5,319393,
vcomp_run1,vcomp,2026/04/14-17:10:32.894066,0,1,16,,,18,1036101,
vcomp_run1,vcomp,2026/04/14-17:10:32.896724,1,2,3,,,3,174712,
vcomp_run1,vcomp,2026/04/14-17:10:32.898812,1,2,3,,,3,182730,
vcomp_run1,vcomp,2026/04/14-17:10:32.902813,1,2,3,,,3,170261,
vcomp_run1,vcomp,2026/04/14-17:10:32.905980,1,2,3,,,3,180555,
vcomp_run1,vcomp,2026/04/14-17:10:32.905999,1,2,3,,,3,175832,
vcomp_run1,vcomp,2026/04/14-17:10:32.906015,1,2,3,,,3,180223,
vcomp_run1,vcomp,2026/04/14-17:10:32.906029,1,2,4,,,4,235356,
vcomp_run1,vcomp,2026/04/14-17:10:32.906051,1,2,5,,,6,341643,
vcomp_run1,vcomp,2026/04/14-17:10:32.906064,1,2,4,,,4,255796,
vcomp_run1,vcomp,2026/04/14-17:10:32.906717,1,2,5,,,5,311735,
vcomp_run1,vcomp,2026/04/14-17:10:32.908886,1,2,5,,,6,318829,
vcomp_run1,vcomp,2026/04/14-17:10:32.911322,1,2,5,,,5,284372,
vcomp_run1,vcomp,2026/04/14-17:10:32.911331,1,2,5,,,5,270625,
vcomp_run1,vcomp,2026/04/14-17:10:32.911599,1,2,4,,,3,203762,
vcomp_run1,vcomp,2026/04/14-17:10:32.914457,2,3,6,,,6,358721,
vcomp_run1,vcomp,2026/04/14-17:10:32.918010,2,3,7,,,7,481590,
vcomp_run1,vcomp,2026/04/14-17:10:32.918026,0,1,12,,,12,762716,
vcomp_run1,vcomp,2026/04/14-17:10:32.918039,2,3,8,,,8,468468,
vcomp_run1,vcomp,2026/04/14-17:10:32.918056,2,3,6,,,7,411455,
vcomp_run1,vcomp,2026/04/14-17:10:32.918072,2,3,6,,,7,380836,
vcomp_run1,vcomp,2026/04/14-17:10:32.918090,2,3,8,,,7,500330,
vcomp_run1,vcomp,2026/04/14-17:10:32.918106,2,3,7,,,7,407107,
vcomp_run1,vcomp,2026/04/14-17:10:32.918121,2,3,7,,,8,498960,
vcomp_run1,vcomp,2026/04/14-17:10:32.918142,2,3,5,,,5,320963,
vcomp_run1,vcomp,2026/04/14-17:10:32.918159,2,3,7,,,8,472200,
vcomp_run1,vcomp,2026/04/14-17:10:32.918291,2,3,9,,,9,557881,
vcomp_run1,vcomp,2026/04/14-17:10:32.921448,1,2,3,,,3,174630,
vcomp_run1,vcomp,2026/04/14-17:10:32.925679,1,2,4,,,4,235738,
vcomp_run1,vcomp,2026/04/14-17:10:32.929594,1,2,5,,,5,274896,
vcomp_run1,vcomp,2026/04/14-17:10:32.929607,1,2,5,,,5,293034,
vcomp_run1,vcomp,2026/04/14-17:10:32.929622,1,2,7,,,6,417999,
vcomp_run1,vcomp,2026/04/14-17:10:32.929640,1,2,4,,,4,248592,
vcomp_run1,vcomp,2026/04/14-17:10:32.929658,1,2,8,,,8,455648,
vcomp_run1,vcomp,2026/04/14-17:10:32.929672,3,4,3,,,2,112670,
vcomp_run1,vcomp,2026/04/14-17:10:32.929689,3,4,4,,,4,219681,
vcomp_run1,vcomp,2026/04/14-17:10:32.929700,3,4,4,,,3,162638,
vcomp_run1,vcomp,2026/04/14-17:10:32.929718,3,4,4,,,4,220832,
vcomp_run1,vcomp,2026/04/14-17:10:32.929738,3,4,7,,,6,335972,
vcomp_run1,vcomp,2026/04/14-17:10:32.929752,3,4,5,,,5,275741,
vcomp_run1,vcomp,2026/04/14-17:10:32.929766,3,4,6,,,5,308186,
vcomp_run1,vcomp,2026/04/14-17:10:32.929775,3,4,7,,,5,305661,
vcomp_run1,vcomp,2026/04/14-17:10:32.929797,3,4,6,,,5,296745,
vcomp_run1,vcomp,2026/04/14-17:10:32.929974,3,4,5,,,5,267919,
vcomp_run1,vcomp,2026/04/14-17:10:32.936060,1,2,7,,,8,447648,
vcomp_run1,vcomp,2026/04/14-17:10:32.938475,0,0,8,,,8,524213,
vcomp_run1,vcomp,2026/04/14-17:10:32.939559,2,3,5,,,5,304559,
vcomp_run1,vcomp,2026/04/14-17:10:32.939678,2,3,5,,,6,367542,
vcomp_run1,vcomp,2026/04/14-17:10:32.941604,2,3,5,,,5,333238,
vcomp_run1,vcomp,2026/04/14-17:10:32.941620,2,3,7,,,7,398531,
vcomp_run1,vcomp,2026/04/14-17:10:32.941640,2,3,7,,,7,430078,
vcomp_run1,vcomp,2026/04/14-17:10:32.941665,2,3,7,,,7,391904,
vcomp_run1,vcomp,2026/04/14-17:10:32.942361,2,3,6,,,7,387908,
vcomp_run1,vcomp,2026/04/14-17:10:32.942368,2,3,7,,,6,399763,
vcomp_run1,vcomp,2026/04/14-17:10:32.942517,2,3,6,,,6,371124,
vcomp_run1,vcomp,2026/04/14-17:10:32.945163,0,0,6,,,6,393141,
vcomp_run1,vcomp,2026/04/14-17:10:32.946985,3,4,4,,,3,159064,
vcomp_run1,vcomp,2026/04/14-17:10:32.947004,3,4,5,,,4,235172,
vcomp_run1,vcomp,2026/04/14-17:10:32.947017,3,4,4,,,3,176740,
vcomp_run1,vcomp,2026/04/14-17:10:32.947029,3,4,2,,,2,73856,
vcomp_run1,vcomp,2026/04/14-17:10:32.947048,3,4,5,,,4,240743,
vcomp_run1,vcomp,2026/04/14-17:10:32.947068,3,4,6,,,5,285968,
vcomp_run1,vcomp,2026/04/14-17:10:32.947082,3,4,5,,,4,238079,
vcomp_run1,vcomp,2026/04/14-17:10:32.947096,3,4,6,,,5,264424,
vcomp_run1,vcomp,2026/04/14-17:10:32.947570,3,4,6,,,5,319791,
vcomp_run1,vcomp,2026/04/14-17:10:32.949278,0,1,16,,,18,992877,
vcomp_run1,vcomp,2026/04/14-17:10:32.951783,1,2,3,,,3,177194,
vcomp_run1,vcomp,2026/04/14-17:10:32.955751,1,2,3,,,3,171587,
vcomp_run1,vcomp,2026/04/14-17:10:32.958593,1,2,2,,,2,101834,
vcomp_run1,vcomp,2026/04/14-17:10:32.958672,1,2,2,,,3,131360,
vcomp_run1,vcomp,2026/04/14-17:10:32.958686,1,2,5,,,5,265111,
vcomp_run1,vcomp,2026/04/14-17:10:32.958704,1,2,4,,,3,202045,
vcomp_run1,vcomp,2026/04/14-17:10:32.958719,1,2,5,,,5,309475,
vcomp_run1,vcomp,2026/04/14-17:10:32.958736,1,2,6,,,6,373674,
vcomp_run1,vcomp,2026/04/14-17:10:32.959464,1,2,3,,,3,198375,
vcomp_run1,vcomp,2026/04/14-17:10:32.961849,1,2,4,,,4,221858,
vcomp_run1,vcomp,2026/04/14-17:10:32.961999,1,2,7,,,7,406960,
vcomp_run1,vcomp,2026/04/14-17:10:32.963576,1,2,4,,,3,186434,
vcomp_run1,vcomp,2026/04/14-17:10:32.964082,1,2,4,,,4,232703,
vcomp_run1,vcomp,2026/04/14-17:10:32.966178,2,3,5,,,5,256107,
vcomp_run1,vcomp,2026/04/14-17:10:32.966193,2,3,6,,,6,374949,
vcomp_run1,vcomp,2026/04/14-17:10:32.966210,2,3,6,,,6,382886,
vcomp_run1,vcomp,2026/04/14-17:10:32.966226,2,3,6,,,5,350035,
vcomp_run1,vcomp,2026/04/14-17:10:32.966339,2,3,6,,,7,389405,
vcomp_run1,vcomp,2026/04/14-17:10:32.969068,2,3,6,,,6,347266,
vcomp_run1,vcomp,2026/04/14-17:10:32.972088,2,3,7,,,7,444785,
vcomp_run1,vcomp,2026/04/14-17:10:32.972103,2,3,7,,,7,452644,
vcomp_run1,vcomp,2026/04/14-17:10:32.972118,2,3,7,,,8,472808,
vcomp_run1,vcomp,2026/04/14-17:10:32.972144,2,3,8,,,7,470067,
vcomp_run1,vcomp,2026/04/14-17:10:32.972161,2,3,7,,,6,380145,
vcomp_run1,vcomp,2026/04/14-17:10:32.972177,2,3,9,,,9,516355,
vcomp_run1,vcomp,2026/04/14-17:10:32.972321,0,1,13,,,12,774276,
vcomp_run1,vcomp,2026/04/14-17:10:32.977044,1,2,3,,,3,184886,
vcomp_run1,vcomp,2026/04/14-17:10:32.980924,1,2,4,,,4,205756,
vcomp_run1,vcomp,2026/04/14-17:10:32.980941,1,2,2,,,2,80483,
vcomp_run1,vcomp,2026/04/14-17:10:32.980955,1,2,4,,,4,208422,
vcomp_run1,vcomp,2026/04/14-17:10:32.980969,1,2,9,,,8,462944,
vcomp_run1,vcomp,2026/04/14-17:10:32.980980,3,4,3,,,2,91886,
vcomp_run1,vcomp,2026/04/14-17:10:32.980997,1,2,6,,,7,389567,
vcomp_run1,vcomp,2026/04/14-17:10:32.981013,3,4,3,,,3,156354,
vcomp_run1,vcomp,2026/04/14-17:10:32.981029,3,4,3,,,3,152287,
vcomp_run1,vcomp,2026/04/14-17:10:32.981039,3,4,4,,,3,178153,
vcomp_run1,vcomp,2026/04/14-17:10:32.981057,3,4,4,,,4,226744,
vcomp_run1,vcomp,2026/04/14-17:10:32.981075,1,2,7,,,7,431714,
vcomp_run1,vcomp,2026/04/14-17:10:32.981087,3,4,4,,,4,213123,
vcomp_run1,vcomp,2026/04/14-17:10:32.981114,1,2,5,,,6,359884,
vcomp_run1,vcomp,2026/04/14-17:10:32.981128,3,4,7,,,5,325553,
vcomp_run1,vcomp,2026/04/14-17:10:32.981149,3,4,6,,,6,363870,
vcomp_run1,vcomp,2026/04/14-17:10:32.981158,3,4,6,,,6,332227,
vcomp_run1,vcomp,2026/04/14-17:10:32.983340,3,4,7,,,6,383146,
vcomp_run1,vcomp,2026/04/14-17:10:32.987348,2,3,3,,,3,177485,
vcomp_run1,vcomp,2026/04/14-17:10:32.990679,2,3,4,,,4,260063,
vcomp_run1,vcomp,2026/04/14-17:10:32.990690,2,3,2,,,2,70315,
vcomp_run1,vcomp,2026/04/14-17:10:32.990706,2,3,5,,,5,316002,
vcomp_run1,vcomp,2026/04/14-17:10:32.990724,2,3,6,,,6,360716,
vcomp_run1,vcomp,2026/04/14-17:10:32.990740,2,3,5,,,5,326654,
vcomp_run1,vcomp,2026/04/14-17:10:32.990759,2,3,6,,,6,399921,
vcomp_run1,vcomp,2026/04/14-17:10:32.990780,2,3,6,,,7,383602,
vcomp_run1,vcomp,2026/04/14-17:10:32.990796,2,3,7,,,7,421842,
vcomp_run1,vcomp,2026/04/14-17:10:32.990815,0,1,12,,,13,768753,
vcomp_run1,vcomp,2026/04/14-17:10:32.990935,2,3,9,,,9,506084,
vcomp_run1,vcomp,2026/04/14-17:10:32.995176,1,2,4,,,4,239525,
vcomp_run1,vcomp,2026/04/14-17:10:32.998688,1,2,6,,,6,370344,
vcomp_run1,vcomp,2026/04/14-17:10:32.998700,3,4,3,,,3,133961,
vcomp_run1,vcomp,2026/04/14-17:10:32.998716,3,4,5,,,4,261875,
vcomp_run1,vcomp,2026/04/14-17:10:32.998734,1,2,3,,,3,145454,
vcomp_run1,vcomp,2026/04/14-17:10:32.998748,3,4,4,,,3,184715,
vcomp_run1,vcomp,2026/04/14-17:10:32.998764,3,4,4,,,3,165927,
vcomp_run1,vcomp,2026/04/14-17:10:32.998776,1,2,5,,,5,305564,
vcomp_run1,vcomp,2026/04/14-17:10:32.998784,1,2,3,,,3,128430,
vcomp_run1,vcomp,2026/04/14-17:10:32.998797,3,4,4,,,4,226481,
vcomp_run1,vcomp,2026/04/14-17:10:32.998807,1,2,6,,,6,338897,
vcomp_run1,vcomp,2026/04/14-17:10:32.998826,3,4,4,,,4,198869,
vcomp_run1,vcomp,2026/04/14-17:10:32.998838,3,4,6,,,4,246214,
vcomp_run1,vcomp,2026/04/14-17:10:32.998849,3,4,4,,,3,196564,
vcomp_run1,vcomp,2026/04/14-17:10:32.999368,1,2,4,,,5,250878,
vcomp_run1,vcomp,2026/04/14-17:10:33.001492,1,2,4,,,4,232424,
vcomp_run1,vcomp,2026/04/14-17:10:33.005922,1,2,5,,,5,278017,
vcomp_run1,vcomp,2026/04/14-17:10:33.008469,2,3,7,,,7,394110,
vcomp_run1,vcomp,2026/04/14-17:10:33.009274,0,0,8,,,8,524242,
vcomp_run1,vcomp,2026/04/14-17:10:33.009301,2,3,5,,,5,317316,
vcomp_run1,vcomp,2026/04/14-17:10:33.009457,2,3,6,,,5,289755,
vcomp_run1,vcomp,2026/04/14-17:10:33.011147,2,3,7,,,7,442452,
vcomp_run1,vcomp,2026/04/14-17:10:33.011591,2,3,9,,,9,543614,
vcomp_run1,vcomp,2026/04/14-17:10:33.011598,2,3,6,,,6,380755,
vcomp_run1,vcomp,2026/04/14-17:10:33.011744,2,3,7,,,8,447627,
vcomp_run1,vcomp,2026/04/14-17:10:33.013254,0,1,2,,,3,130879,
vcomp_run1,vcomp,2026/04/14-17:10:33.013748,0,0,7,,,7,458706,
vcomp_run1,vcomp,2026/04/14-17:10:33.016585,3,4,4,,,3,170622,
vcomp_run1,vcomp,2026/04/14-17:10:33.016606,3,4,4,,,3,163389,
vcomp_run1,vcomp,2026/04/14-17:10:33.016620,3,4,4,,,4,211484,
vcomp_run1,vcomp,2026/04/14-17:10:33.016636,3,4,4,,,4,209279,
vcomp_run1,vcomp,2026/04/14-17:10:33.016647,3,4,5,,,4,235317,
vcomp_run1,vcomp,2026/04/14-17:10:33.016666,3,4,5,,,5,273634,
vcomp_run1,vcomp,2026/04/14-17:10:33.016903,3,4,3,,,3,153568,
vcomp_run1,vcomp,2026/04/14-17:10:33.019962,0,1,17,,,20,1039410,
vcomp_run1,vcomp,2026/04/14-17:10:33.022083,1,2,2,,,2,120919,
vcomp_run1,vcomp,2026/04/14-17:10:33.023987,1,2,2,,,1,13079,
vcomp_run1,vcomp,2026/04/14-17:10:33.027508,1,2,3,,,4,192129,
vcomp_run1,vcomp,2026/04/14-17:10:33.030026,1,2,3,,,3,174739,
vcomp_run1,vcomp,2026/04/14-17:10:33.030174,1,2,5,,,5,280723,
vcomp_run1,vcomp,2026/04/14-17:10:33.030186,1,2,3,,,3,172303,
vcomp_run1,vcomp,2026/04/14-17:10:33.030197,1,2,3,,,3,183198,
vcomp_run1,vcomp,2026/04/14-17:10:33.030207,1,2,3,,,3,162192,
vcomp_run1,vcomp,2026/04/14-17:10:33.030548,1,2,4,,,4,221519,
vcomp_run1,vcomp,2026/04/14-17:10:33.030659,1,2,3,,,3,163332,
vcomp_run1,vcomp,2026/04/14-17:10:33.032659,1,2,4,,,3,172731,
vcomp_run1,vcomp,2026/04/14-17:10:33.035204,1,2,5,,,4,228541,
vcomp_run1,vcomp,2026/04/14-17:10:33.035217,1,2,4,,,2,157037,
vcomp_run1,vcomp,2026/04/14-17:10:33.035234,1,2,4,,,4,214642,
vcomp_run1,vcomp,2026/04/14-17:10:33.035251,1,2,4,,,4,216177,
vcomp_run1,vcomp,2026/04/14-17:10:33.035414,1,2,7,,,6,377394,
vcomp_run1,vcomp,2026/04/14-17:10:33.038620,2,3,6,,,6,368068,
vcomp_run1,vcomp,2026/04/14-17:10:33.042631,2,3,4,,,3,166427,
vcomp_run1,vcomp,2026/04/14-17:10:33.042647,2,3,3,,,3,182571,
vcomp_run1,vcomp,2026/04/14-17:10:33.042663,2,3,6,,,6,331842,
vcomp_run1,vcomp,2026/04/14-17:10:33.042677,2,3,7,,,6,427107,
vcomp_run1,vcomp,2026/04/14-17:10:33.042690,2,3,8,,,8,544562,
vcomp_run1,vcomp,2026/04/14-17:10:33.042709,0,1,12,,,13,769252,
vcomp_run1,vcomp,2026/04/14-17:10:33.042723,2,3,8,,,8,493257,
vcomp_run1,vcomp,2026/04/14-17:10:33.042743,2,3,7,,,6,384960,
vcomp_run1,vcomp,2026/04/14-17:10:33.042755,2,3,5,,,6,322481,
vcomp_run1,vcomp,2026/04/14-17:10:33.042771,2,3,8,,,7,399862,
vcomp_run1,vcomp,2026/04/14-17:10:33.042790,2,3,6,,,7,425237,
vcomp_run1,vcomp,2026/04/14-17:10:33.042810,2,3,8,,,7,448279,
vcomp_run1,vcomp,2026/04/14-17:10:33.042985,2,3,9,,,9,552373,
vcomp_run1,vcomp,2026/04/14-17:10:33.049106,1,2,2,,,2,112576,
vcomp_run1,vcomp,2026/04/14-17:10:33.049131,1,2,3,,,3,181579,
vcomp_run1,vcomp,2026/04/14-17:10:33.053398,1,2,2,,,1,20028,
vcomp_run1,vcomp,2026/04/14-17:10:33.053410,1,2,3,,,3,186045,
vcomp_run1,vcomp,2026/04/14-17:10:33.053425,3,4,5,,,4,241426,
vcomp_run1,vcomp,2026/04/14-17:10:33.053437,1,2,5,,,5,308896,
vcomp_run1,vcomp,2026/04/14-17:10:33.053456,1,2,8,,,7,455847,
vcomp_run1,vcomp,2026/04/14-17:10:33.053469,3,4,4,,,3,186521,
vcomp_run1,vcomp,2026/04/14-17:10:33.053482,3,4,4,,,4,226398,
vcomp_run1,vcomp,2026/04/14-17:10:33.053495,3,4,5,,,4,239686,
vcomp_run1,vcomp,2026/04/14-17:10:33.053511,3,4,5,,,4,250578,
vcomp_run1,vcomp,2026/04/14-17:10:33.053529,3,4,4,,,4,226574,
vcomp_run1,vcomp,2026/04/14-17:10:33.053542,3,4,6,,,5,321956,
vcomp_run1,vcomp,2026/04/14-17:10:33.053555,3,4,5,,,5,263583,
vcomp_run1,vcomp,2026/04/14-17:10:33.053568,3,4,5,,,4,252157,
vcomp_run1,vcomp,2026/04/14-17:10:33.053580,3,4,4,,,3,181389,
vcomp_run1,vcomp,2026/04/14-17:10:33.054039,3,4,5,,,5,280714,
vcomp_run1,vcomp,2026/04/14-17:10:33.056405,1,2,7,,,8,415530,
vcomp_run1,vcomp,2026/04/14-17:10:33.056589,1,2,7,,,7,442952,
vcomp_run1,vcomp,2026/04/14-17:10:33.060651,1,2,5,,,5,332595,
vcomp_run1,vcomp,2026/04/14-17:10:33.063115,2,3,5,,,5,324332,
vcomp_run1,vcomp,2026/04/14-17:10:33.063129,2,3,4,,,4,258407,
vcomp_run1,vcomp,2026/04/14-17:10:33.063148,2,3,6,,,6,367053,
vcomp_run1,vcomp,2026/04/14-17:10:33.063729,0,0,8,,,8,524214,
vcomp_run1,vcomp,2026/04/14-17:10:33.067386,2,3,5,,,5,316617,
vcomp_run1,vcomp,2026/04/14-17:10:33.067401,2,3,5,,,4,239980,
vcomp_run1,vcomp,2026/04/14-17:10:33.067417,2,3,6,,,7,415041,
vcomp_run1,vcomp,2026/04/14-17:10:33.067437,2,3,8,,,7,441163,
vcomp_run1,vcomp,2026/04/14-17:10:33.067455,2,3,8,,,8,514391,
vcomp_run1,vcomp,2026/04/14-17:10:33.067604,2,3,7,,,7,459805,
vcomp_run1,vcomp,2026/04/14-17:10:33.069100,0,1,2,,,3,130971,
vcomp_run1,vcomp,2026/04/14-17:10:33.069637,0,0,7,,,7,458678,
vcomp_run1,vcomp,2026/04/14-17:10:33.072649,3,4,5,,,4,234517,
vcomp_run1,vcomp,2026/04/14-17:10:33.072668,3,4,5,,,5,265377,
vcomp_run1,vcomp,2026/04/14-17:10:33.072683,3,4,6,,,6,327810,
vcomp_run1,vcomp,2026/04/14-17:10:33.072697,3,4,5,,,4,229385,
vcomp_run1,vcomp,2026/04/14-17:10:33.072716,3,4,5,,,4,205490,
vcomp_run1,vcomp,2026/04/14-17:10:33.072733,3,4,5,,,5,292486,
vcomp_run1,vcomp,2026/04/14-17:10:33.072978,3,4,4,,,3,159431,
vcomp_run1,vcomp,2026/04/14-17:10:33.075932,0,1,17,,,19,1033743,
vcomp_run1,vcomp,2026/04/14-17:10:33.078146,1,2,2,,,2,95991,
vcomp_run1,vcomp,2026/04/14-17:10:33.080200,1,2,3,,,3,177407,
vcomp_run1,vcomp,2026/04/14-17:10:33.083747,1,2,4,,,4,228645,
vcomp_run1,vcomp,2026/04/14-17:10:33.086551,1,2,3,,,3,165834,
vcomp_run1,vcomp,2026/04/14-17:10:33.086561,1,2,3,,,3,179802,
vcomp_run1,vcomp,2026/04/14-17:10:33.086576,1,2,4,,,4,228915,
vcomp_run1,vcomp,2026/04/14-17:10:33.086585,1,2,4,,,4,243334,
vcomp_run1,vcomp,2026/04/14-17:10:33.086605,1,2,4,,,4,256188,
vcomp_run1,vcomp,2026/04/14-17:10:33.086943,1,2,3,,,3,176373,
vcomp_run1,vcomp,2026/04/14-17:10:33.086956,1,2,3,,,3,133962,
vcomp_run1,vcomp,2026/04/14-17:10:33.087612,1,2,7,,,7,385145,
vcomp_run1,vcomp,2026/04/14-17:10:33.088698,1,2,6,,,6,344835,
vcomp_run1,vcomp,2026/04/14-17:10:33.091322,1,2,3,,,3,157878,
vcomp_run1,vcomp,2026/04/14-17:10:33.091335,1,2,4,,,3,170392,
vcomp_run1,vcomp,2026/04/14-17:10:33.091923,1,2,5,,,5,276567,
vcomp_run1,vcomp,2026/04/14-17:10:33.094559,2,3,5,,,5,290964,
vcomp_run1,vcomp,2026/04/14-17:10:33.094579,2,3,4,,,4,262065,
vcomp_run1,vcomp,2026/04/14-17:10:33.096152,2,3,7,,,7,395316,
vcomp_run1,vcomp,2026/04/14-17:10:33.098333,2,3,6,,,6,375529,
vcomp_run1,vcomp,2026/04/14-17:10:33.098349,2,3,4,,,4,257450,
vcomp_run1,vcomp,2026/04/14-17:10:33.098366,2,3,4,,,4,232353,
vcomp_run1,vcomp,2026/04/14-17:10:33.098387,2,3,7,,,7,456411,
vcomp_run1,vcomp,2026/04/14-17:10:33.098402,2,3,8,,,8,437112,
vcomp_run1,vcomp,2026/04/14-17:10:33.098423,0,1,12,,,13,762322,
vcomp_run1,vcomp,2026/04/14-17:10:33.098436,2,3,7,,,6,412475,
vcomp_run1,vcomp,2026/04/14-17:10:33.098454,2,3,6,,,6,405153,
vcomp_run1,vcomp,2026/04/14-17:10:33.098469,2,3,8,,,9,496638,
vcomp_run1,vcomp,2026/04/14-17:10:33.098485,2,3,8,,,8,517077,
vcomp_run1,vcomp,2026/04/14-17:10:33.098636,2,3,9,,,8,497466,
vcomp_run1,vcomp,2026/04/14-17:10:33.101571,1,2,2,,,2,114868,
vcomp_run1,vcomp,2026/04/14-17:10:33.105610,1,2,4,,,4,223791,
vcomp_run1,vcomp,2026/04/14-17:10:33.109182,1,2,5,,,4,236028,
vcomp_run1,vcomp,2026/04/14-17:10:33.109201,1,2,6,,,6,360026,
vcomp_run1,vcomp,2026/04/14-17:10:33.109215,1,2,4,,,5,247544,
vcomp_run1,vcomp,2026/04/14-17:10:33.109230,1,2,7,,,7,435764,
vcomp_run1,vcomp,2026/04/14-17:10:33.109245,3,4,3,,,3,158429,
vcomp_run1,vcomp,2026/04/14-17:10:33.109264,1,2,7,,,7,417498,
vcomp_run1,vcomp,2026/04/14-17:10:33.109278,3,4,2,,,2,76424,
vcomp_run1,vcomp,2026/04/14-17:10:33.109292,3,4,4,,,3,172060,
vcomp_run1,vcomp,2026/04/14-17:10:33.109306,3,4,3,,,3,152301,
vcomp_run1,vcomp,2026/04/14-17:10:33.109318,3,4,4,,,4,202219,
vcomp_run1,vcomp,2026/04/14-17:10:33.109335,3,4,5,,,4,214036,
vcomp_run1,vcomp,2026/04/14-17:10:33.109346,3,4,4,,,4,217501,
vcomp_run1,vcomp,2026/04/14-17:10:33.109363,3,4,3,,,2,113251,
vcomp_run1,vcomp,2026/04/14-17:10:33.109380,3,4,5,,,4,229805,
vcomp_run1,vcomp,2026/04/14-17:10:33.111837,3,4,6,,,4,258878,
vcomp_run1,vcomp,2026/04/14-17:10:33.111849,3,4,4,,,4,221947,
vcomp_run1,vcomp,2026/04/14-17:10:33.111861,3,4,4,,,3,181335,
vcomp_run1,vcomp,2026/04/14-17:10:33.111999,3,4,5,,,4,252875,
vcomp_run1,vcomp,2026/04/14-17:10:33.114755,1,2,3,,,3,160424,
vcomp_run1,vcomp,2026/04/14-17:10:33.116886,2,3,2,,,2,96995,
vcomp_run1,vcomp,2026/04/14-17:10:33.119146,1,2,7,,,7,386343,
vcomp_run1,vcomp,2026/04/14-17:10:33.121467,2,3,6,,,5,337357,
vcomp_run1,vcomp,2026/04/14-17:10:33.123735,2,3,5,,,5,309084,
vcomp_run1,vcomp,2026/04/14-17:10:33.126084,2,3,6,,,7,414385,
vcomp_run1,vcomp,2026/04/14-17:10:33.128433,2,3,8,,,7,433910,
vcomp_run1,vcomp,2026/04/14-17:10:33.130987,2,3,7,,,7,398417,
vcomp_run1,vcomp,2026/04/14-17:10:33.134127,2,3,7,,,7,409361,
vcomp_run1,vcomp,2026/04/14-17:10:33.136878,2,3,8,,,7,508366,
vcomp_run1,vcomp,2026/04/14-17:10:33.139096,3,4,3,,,3,158052,
vcomp_run1,vcomp,2026/04/14-17:10:33.141612,3,4,7,,,5,324666,
vcomp_run1,vcomp,2026/04/14-17:10:33.144095,3,4,7,,,5,323296,
vcomp_run1,vcomp,2026/04/14-17:10:33.146392,3,4,4,,,4,220417,
vcomp_run1,vcomp,2026/04/14-17:10:33.148641,3,4,4,,,3,189880,
vcomp_run1,vcomp,2026/04/14-17:10:33.150778,3,4,5,,,4,244177,
vcomp_run1,vcomp,2026/04/14-17:10:33.153103,3,4,5,,,4,250400,
vcomp_run1,vcomp,2026/04/14-17:10:33.155744,0,1,8,,,8,497909,
vcomp_run1,vcomp,2026/04/14-17:10:33.157756,1,2,3,,,3,170850,
vcomp_run1,vcomp,2026/04/14-17:10:33.159808,1,2,4,,,4,198896,
vcomp_run1,vcomp,2026/04/14-17:10:33.162150,1,2,7,,,6,362499,
vcomp_run1,vcomp,2026/04/14-17:10:33.164671,1,2,8,,,7,455147,
vcomp_run1,vcomp,2026/04/14-17:10:33.167027,2,3,7,,,7,419131,
vcomp_run1,vcomp,2026/04/14-17:10:33.169378,2,3,6,,,6,374716,
vcomp_run1,vcomp,2026/04/14-17:10:33.171758,2,3,8,,,7,430071,
vcomp_run1,vcomp,2026/04/14-17:10:33.174317,2,3,8,,,8,494041,
vcomp_run1,vcomp,2026/04/14-17:10:33.176707,3,4,5,,,5,262626,
vcomp_run1,vcomp,2026/04/14-17:10:33.179027,3,4,5,,,4,243694,
vcomp_run1,vcomp,2026/04/14-17:10:33.181340,3,4,6,,,5,300073,
vcomp_run1,vcomp,2026/04/14-17:10:33.183498,3,4,5,,,4,229421,
