Linux 5.4.0-216-generic (dskbi001) 	09/11/2026 	_x86_64_	(96 CPU)

Device            r/s     rkB/s   rrqm/s  %rrqm r_await rareq-sz     w/s     wkB/s   wrqm/s  %wrqm w_await wareq-sz     d/s     dkB/s   drqm/s  %drqm d_await dareq-sz  aqu-sz  %util
dm-0             4.71    832.72     0.00   0.00    0.77   176.62    6.97    655.58     0.00   0.00    0.89    94.06    0.01    339.94     0.00   0.00    0.32 23003.63    0.01   0.26
loop0            0.01      0.01     0.00   0.00    0.04     1.06    0.00      0.00     0.00   0.00    0.00     0.00    0.00      0.00     0.00   0.00    0.00     0.00    0.00   0.00
loop1            0.01      0.01     0.00   0.00    0.05     1.05    0.00      0.00     0.00   0.00    0.00     0.00    0.00      0.00     0.00   0.00    0.00     0.00    0.00   0.00
loop2            0.01      0.01     0.00   0.00    0.09     1.01    0.00      0.00     0.00   0.00    0.00     0.00    0.00      0.00     0.00   0.00    0.00     0.00    0.00   0.00
loop3            0.01      0.01     0.00   0.00    0.05     1.04    0.00      0.00     0.00   0.00    0.00     0.00    0.00      0.00     0.00   0.00    0.00     0.00    0.00   0.00
loop4            0.01      0.01     0.00   0.00    0.04     1.04    0.00      0.00     0.00   0.00    0.00     0.00    0.00      0.00     0.00   0.00    0.00     0.00    0.00   0.00
loop5            0.01      0.01     0.00   0.00    0.05     1.03    0.00      0.00     0.00   0.00    0.00     0.00    0.00      0.00     0.00   0.00    0.00     0.00    0.00   0.00
loop6            0.00      0.00     0.00   0.00    0.07     1.06    0.00      0.00     0.00   0.00    0.00     0.00    0.00      0.00     0.00   0.00    0.00     0.00    0.00   0.00
loop7            0.00      0.00     0.00   0.00    0.04    17.21    0.00      0.00     0.00   0.00    0.00     0.00    0.00      0.00     0.00   0.00    0.00     0.00    0.00   0.00
md0           6795.23 449519.76     0.00   0.00    0.00    66.15  671.19 286627.68     0.00   0.00    0.00   427.05    1.02  38187.91     0.00   0.00    0.00 37490.83    0.00   0.00
nvme0n1          4.50    832.78     0.58  11.36    1.44   185.09    4.16    655.58     3.35  44.61    2.11   157.62    0.01    341.33     0.00   0.00    0.32 23086.99    0.01   0.26
nvme10n1       214.73  12731.28     4.29   1.96    0.11    59.29   20.33   8834.19     0.95   4.47    0.44   434.58    0.52   1231.64     0.00   0.00    0.25  2389.45    0.00   6.08
nvme11n1       214.21  12685.40     4.31   1.97    0.11    59.22   20.40   8834.06     0.94   4.41    0.44   433.15    0.52   1231.73     0.00   0.00    0.25  2389.82    0.00   6.07
nvme12n1       214.89  12637.44     4.28   1.95    0.12    58.81   20.38   8834.41     0.94   4.41    0.44   433.59    0.52   1231.76     0.00   0.00    0.25  2390.26    0.00   6.06
nvme13n1       215.02  12711.47     4.29   1.95    0.11    59.12   20.35   8834.60     0.95   4.44    0.44   434.10    0.52   1231.71     0.00   0.00    0.25  2390.47    0.00   6.07
nvme14n1       215.71  12752.61     4.30   1.95    0.11    59.12   20.31   8833.49     0.94   4.43    0.44   434.93    0.52   1231.63     0.00   0.00    0.25  2390.46    0.00   6.08
nvme15n1       215.66  12676.52     4.26   1.94    0.11    58.78   20.38   8833.61     0.95   4.47    0.44   433.53    0.52   1231.68     0.00   0.00    0.25  2390.16    0.00   6.08
nvme16n1       215.01  12673.70     4.30   1.96    0.12    58.95   20.41   8832.77     0.96   4.48    0.44   432.72    0.52   1231.72     0.00   0.00    0.26  2390.17    0.00   6.08
nvme17n1       214.86  12658.27     4.28   1.95    0.11    58.91   20.49   8833.24     0.97   4.51    0.44   431.10    0.52   1231.80     0.00   0.00    0.26  2390.26    0.00   6.07
nvme18n1       215.38  12683.87     4.29   1.95    0.11    58.89   20.55   8833.52     0.98   4.56    0.43   429.84    0.52   1231.94     0.00   0.00    0.25  2389.90    0.00   6.08
nvme19n1       215.29  12648.57     4.30   1.96    0.11    58.75   20.41   8833.58     0.97   4.54    0.44   432.88    0.52   1232.00     0.00   0.00    0.25  2389.68    0.00   6.07
nvme1n1        215.26  12681.02     4.29   1.95    0.11    58.91   20.60   8835.41     0.99   4.58    0.44   428.85    0.52   1231.92     0.00   0.00    0.26  2388.82    0.00   6.08
nvme20n1       215.04  12667.45     4.27   1.95    0.11    58.91   20.55   8834.67     0.98   4.54    0.44   429.84    0.52   1232.04     0.00   0.00    0.25  2389.44    0.00   6.10
nvme21n1       215.10  12666.72     4.26   1.94    0.11    58.89   20.55   8833.86     0.97   4.50    0.43   429.97    0.52   1232.06     0.00   0.00    0.25  2389.20    0.00   6.07
nvme22n1       215.14  12727.90     4.25   1.94    0.11    59.16   20.50   8833.84     0.98   4.55    0.44   431.00    0.52   1232.03     0.00   0.00    0.25  2389.34    0.00   6.09
nvme23n1       215.08  12778.50     4.33   1.97    0.11    59.41   20.41   8833.88     0.95   4.45    0.44   432.91    0.52   1231.95     0.00   0.00    0.25  2389.50    0.00   6.06
nvme24n1       214.65  12732.38     4.27   1.95    0.11    59.32   20.45   8834.52     0.94   4.39    0.44   431.92    0.52   1232.00     0.00   0.00    0.25  2389.55    0.00   6.08
nvme25n1       214.72  12748.74     4.30   1.96    0.11    59.37   20.44   8835.13     0.93   4.34    0.44   432.28    0.52   1231.97     0.00   0.00    0.25  2389.62    0.00   6.07
nvme26n1       214.68  12644.13     4.28   1.95    0.11    58.90   20.46   8835.48     0.93   4.36    0.44   431.85    0.52   1232.09     0.00   0.00    0.25  2388.83    0.00   6.07
nvme27n1       214.89  12643.23     4.31   1.97    0.11    58.84   20.51   8835.78     0.95   4.44    0.44   430.83    0.52   1232.07     0.00   0.00    0.25  2389.53    0.00   6.08
nvme28n1       214.48  12581.26     4.27   1.95    0.11    58.66   20.39   8834.71     0.94   4.43    0.44   433.37    0.52   1231.98     0.00   0.00    0.25  2389.53    0.00   6.06
nvme29n1       215.38  12669.12     4.25   1.94    0.11    58.82   20.40   8835.14     0.95   4.44    0.44   433.10    0.52   1232.15     0.00   0.00    0.25  2389.48    0.00   6.06
nvme2n1        214.28  12647.09     4.26   1.95    0.11    59.02   20.78   8835.25     1.01   4.63    0.43   425.24    0.52   1231.93     0.00   0.00    0.26  2388.81    0.00   6.08
nvme30n1       216.20  12666.18     4.27   1.94    0.11    58.59   20.39   8834.64     0.94   4.39    0.44   433.21    0.52   1232.06     0.00   0.00    0.25  2389.37    0.00   6.07
nvme31n1       215.47  12627.86     4.27   1.94    0.11    58.61   20.38   8834.40     0.95   4.43    0.44   433.41    0.52   1231.93     0.00   0.00    0.25  2389.57    0.00   6.06
nvme3n1        214.96  12648.86     4.25   1.94    0.11    58.84   20.74   8834.44     0.99   4.56    0.43   426.04    0.52   1231.82     0.00   0.00    0.26  2389.25    0.00   6.07
nvme4n1        214.44  12624.43     4.29   1.96    0.11    58.87   20.66   8834.18     0.98   4.53    0.43   427.53    0.52   1231.74     0.00   0.00    0.26  2389.68    0.00   6.07
nvme5n1        214.99  12667.70     4.28   1.95    0.11    58.92   20.50   8834.02     0.96   4.49    0.44   431.02    0.52   1231.66     0.00   0.00    0.26  2389.51    0.00   6.08
nvme6n1        213.80  12543.11     4.27   1.96    0.11    58.67   20.59   8835.31     0.99   4.58    0.43   429.05    0.52   1231.68     0.00   0.00    0.26  2389.78    0.00   6.06
nvme7n1        214.03  12618.71     4.26   1.95    0.11    58.96   20.47   8834.72     0.97   4.50    0.44   431.55    0.52   1231.70     0.00   0.00    0.25  2389.46    0.00   6.07
nvme8n1        214.56  12647.75     4.29   1.96    0.11    58.95   20.54   8834.53     0.96   4.47    0.44   430.17    0.52   1231.79     0.00   0.00    0.25  2389.39    0.00   6.07
nvme9n1        214.62  12636.10     4.26   1.95    0.11    58.88   20.44   8835.31     0.96   4.47    0.44   432.18    0.52   1231.74     0.00   0.00    0.25  2389.64    0.00   6.08


Device            r/s     rkB/s   rrqm/s  %rrqm r_await rareq-sz     w/s     wkB/s   wrqm/s  %wrqm w_await wareq-sz     d/s     dkB/s   drqm/s  %drqm d_await dareq-sz  aqu-sz  %util
dm-0           377.80   5836.80     0.00   0.00    0.23    15.45    4.60     18.40     0.00   0.00    0.00     4.00    0.00      0.00     0.00   0.00    0.00     0.00    0.09   5.44
loop0            0.00      0.00     0.00   0.00    0.00     0.00    0.00      0.00     0.00   0.00    0.00     0.00    0.00      0.00     0.00   0.00    0.00     0.00    0.00   0.00
loop1            0.00      0.00     0.00   0.00    0.00     0.00    0.00      0.00     0.00   0.00    0.00     0.00    0.00      0.00     0.00   0.00    0.00     0.00    0.00   0.00
loop2            0.00      0.00     0.00   0.00    0.00     0.00    0.00      0.00     0.00   0.00    0.00     0.00    0.00      0.00     0.00   0.00    0.00     0.00    0.00   0.00
loop3            0.00      0.00     0.00   0.00    0.00     0.00    0.00      0.00     0.00   0.00    0.00     0.00    0.00      0.00     0.00   0.00    0.00     0.00    0.00   0.00
loop4            0.00      0.00     0.00   0.00    0.00     0.00    0.00      0.00     0.00   0.00    0.00     0.00    0.00      0.00     0.00   0.00    0.00     0.00    0.00   0.00
loop5            0.00      0.00     0.00   0.00    0.00     0.00    0.00      0.00     0.00   0.00    0.00     0.00    0.00      0.00     0.00   0.00    0.00     0.00    0.00   0.00
loop6            0.00      0.00     0.00   0.00    0.00     0.00    0.00      0.00     0.00   0.00    0.00     0.00    0.00      0.00     0.00   0.00    0.00     0.00    0.00   0.00
loop7            0.00      0.00     0.00   0.00    0.00     0.00    0.00      0.00     0.00   0.00    0.00     0.00    0.00      0.00     0.00   0.00    0.00     0.00    0.00   0.00
md0           9041.60 2287529.60     0.00   0.00    0.00   253.00 4552.60 1576092.00     0.00   0.00    0.00   346.20    0.00      0.00     0.00   0.00    0.00     0.00    0.00   0.00
nvme0n1        196.60   5904.80   183.60  48.29    0.09    30.03    0.40     18.40     4.20  91.30    0.00    46.00    0.00      0.00     0.00   0.00    0.00     0.00    0.00   5.44
nvme10n1       214.40  66034.40    83.60  28.05    0.21   308.00  133.80  47297.60     5.40   3.88    0.27   353.49    0.00      0.00     0.00   0.00    0.00     0.00    0.00  39.12
nvme11n1       221.00  64884.00    82.00  27.06    0.21   293.59  135.80  48494.40     5.40   3.82    0.28   357.10    0.00      0.00     0.00   0.00    0.00     0.00    0.00  40.80
nvme12n1       226.40  68328.00    76.40  25.23    0.22   301.80  136.60  48684.00     5.60   3.94    0.30   356.40    0.00      0.00     0.00   0.00    0.00     0.00    0.00  39.52
nvme13n1       261.00  67913.60    44.00  14.43    0.20   260.21  137.80  48260.00     5.40   3.77    0.31   350.22    0.00      0.00     0.00   0.00    0.00     0.00    0.00  42.24
nvme14n1       219.60  68498.40    40.80  15.67    0.22   311.92  137.80  48463.20     5.20   3.64    0.28   351.69    0.00      0.00     0.00   0.00    0.00     0.00    0.00  40.40
nvme15n1       217.40  67204.00    45.40  17.28    0.22   309.13  139.00  47992.80     5.40   3.74    0.29   345.27    0.00      0.00     0.00   0.00    0.00     0.00    0.00  40.48
nvme16n1       218.40  68819.20    39.00  15.15    0.23   315.11  138.20  47907.20     5.40   3.76    0.30   346.65    0.00      0.00     0.00   0.00    0.00     0.00    0.00  41.20
nvme17n1       211.40  66065.60    45.00  17.55    0.23   312.51  138.60  47986.40     5.20   3.62    0.28   346.22    0.00      0.00     0.00   0.00    0.00     0.00    0.00  41.84
nvme18n1       209.20  65715.20    41.20  16.45    0.23   314.13  137.40  47925.60     5.20   3.65    0.31   348.80    0.00      0.00     0.00   0.00    0.00     0.00    0.00  40.48
nvme19n1       208.20  64518.40    41.60  16.65    0.22   309.89  135.80  47547.20     5.40   3.82    0.29   350.13    0.00      0.00     0.00   0.00    0.00     0.00    0.00  40.32
nvme1n1        266.80  67672.80    39.80  12.98    0.19   253.65  133.20  46659.20     5.00   3.62    0.30   350.29    0.00      0.00     0.00   0.00    0.00     0.00    0.00  39.84
nvme20n1       228.80  66592.80    37.20  13.98    0.22   291.05  136.20  47623.20     5.60   3.95    0.31   349.66    0.00      0.00     0.00   0.00    0.00     0.00    0.00  39.68
nvme21n1       311.00  68167.20    40.60  11.55    0.18   219.19  137.20  47828.00     5.60   3.92    0.28   348.60    0.00      0.00     0.00   0.00    0.00     0.00    0.00  41.12
nvme22n1       275.40  68088.80    38.80  12.35    0.19   247.24  137.60  47767.20     5.20   3.64    0.28   347.15    0.00      0.00     0.00   0.00    0.00     0.00    0.00  40.64
nvme23n1       214.80  67395.20    41.40  16.16    0.23   313.76  135.40  47448.80     5.20   3.70    0.29   350.43    0.00      0.00     0.00   0.00    0.00     0.00    0.00  40.16
nvme24n1       213.40  66418.40    38.80  15.38    0.22   311.24  136.00  47493.60     5.20   3.68    0.28   349.22    0.00      0.00     0.00   0.00    0.00     0.00    0.00  39.36
nvme25n1       214.80  65170.40    39.20  15.43    0.22   303.40  134.20  46825.60     5.60   4.01    0.28   348.92    0.00      0.00     0.00   0.00    0.00     0.00    0.00  39.20
nvme26n1       247.60  66550.40    40.00  13.91    0.20   268.78  133.80  46273.60     5.40   3.88    0.28   345.84    0.00      0.00     0.00   0.00    0.00     0.00    0.00  39.92
nvme27n1       267.60  68127.20    40.80  13.23    0.20   254.59  134.80  46835.20     5.60   3.99    0.16   347.44    0.00      0.00     0.00   0.00    0.00     0.00    0.00  39.52
nvme28n1       266.60  67987.20    40.00  13.05    0.20   255.02  135.80  46700.00     5.60   3.96    0.29   343.89    0.00      0.00     0.00   0.00    0.00     0.00    0.00  41.12
nvme29n1       260.00  66572.00    39.60  13.22    0.19   256.05  133.60  45819.20     5.40   3.88    0.28   342.96    0.00      0.00     0.00   0.00    0.00     0.00    0.00  38.64
nvme2n1        251.40  64647.20    41.40  14.14    0.19   257.15  131.60  46299.20     5.20   3.80    0.31   351.82    0.00      0.00     0.00   0.00    0.00     0.00    0.00  39.52
nvme30n1       257.80  66752.80    36.80  12.49    0.20   258.93  131.40  46247.20     5.20   3.81    0.27   351.96    0.00      0.00     0.00   0.00    0.00     0.00    0.00  38.08
nvme31n1       259.60  65394.40    40.80  13.58    0.20   251.90  137.60  47795.20     5.00   3.51    0.28   347.35    0.00      0.00     0.00   0.00    0.00     0.00    0.00  39.28
nvme3n1        283.40  67491.20    39.80  12.31    0.19   238.15  136.20  48255.20     5.20   3.68    0.31   354.30    0.00      0.00     0.00   0.00    0.00     0.00    0.00  39.76
nvme4n1        289.80  63075.20    42.00  12.66    0.18   217.65  138.60  48784.00     5.20   3.62    0.30   351.98    0.00      0.00     0.00   0.00    0.00     0.00    0.00  38.72
nvme5n1        276.80  66721.60    40.60  12.79    0.19   241.05  155.60  49239.20     6.00   3.71    0.28   316.45    0.00      0.00     0.00   0.00    0.00     0.00    0.00  44.72
nvme6n1        277.20  69158.40    40.80  12.83    0.19   249.49  158.60  50164.80     5.60   3.41    0.27   316.30    0.00      0.00     0.00   0.00    0.00     0.00    0.00  42.32
nvme7n1        232.80  69167.20    38.80  14.29    0.21   297.11  161.40  50145.60     6.40   3.81    0.25   310.69    0.00      0.00     0.00   0.00    0.00     0.00    0.00  44.24
nvme8n1        226.40  69068.80    94.60  29.47    0.22   305.07  180.80  49912.80     5.40   2.90    0.23   276.07    0.00      0.00     0.00   0.00    0.00     0.00    0.00  49.52
nvme9n1        235.60  69729.60    86.20  26.79    0.21   295.97  138.60  49304.80     5.40   3.75    0.30   355.73    0.00      0.00     0.00   0.00    0.00     0.00    0.00  41.04


Device            r/s     rkB/s   rrqm/s  %rrqm r_await rareq-sz     w/s     wkB/s   wrqm/s  %wrqm w_await wareq-sz     d/s     dkB/s   drqm/s  %drqm d_await dareq-sz  aqu-sz  %util
dm-0           863.40   6632.00     0.00   0.00    0.13     7.68    3.20     12.80     0.00   0.00    0.00     4.00    0.00      0.00     0.00   0.00    0.00     0.00    0.11   3.52
loop0            0.00      0.00     0.00   0.00    0.00     0.00    0.00      0.00     0.00   0.00    0.00     0.00    0.00      0.00     0.00   0.00    0.00     0.00    0.00   0.00
loop1            0.00      0.00     0.00   0.00    0.00     0.00    0.00      0.00     0.00   0.00    0.00     0.00    0.00      0.00     0.00   0.00    0.00     0.00    0.00   0.00
loop2            0.00      0.00     0.00   0.00    0.00     0.00    0.00      0.00     0.00   0.00    0.00     0.00    0.00      0.00     0.00   0.00    0.00     0.00    0.00   0.00
loop3            0.00      0.00     0.00   0.00    0.00     0.00    0.00      0.00     0.00   0.00    0.00     0.00    0.00      0.00     0.00   0.00    0.00     0.00    0.00   0.00
loop4            0.00      0.00     0.00   0.00    0.00     0.00    0.00      0.00     0.00   0.00    0.00     0.00    0.00      0.00     0.00   0.00    0.00     0.00    0.00   0.00
loop5            0.00      0.00     0.00   0.00    0.00     0.00    0.00      0.00     0.00   0.00    0.00     0.00    0.00      0.00     0.00   0.00    0.00     0.00    0.00   0.00
loop6            0.00      0.00     0.00   0.00    0.00     0.00    0.00      0.00     0.00   0.00    0.00     0.00    0.00      0.00     0.00   0.00    0.00     0.00    0.00   0.00
loop7            0.00      0.00     0.00   0.00    0.00     0.00    0.00      0.00     0.00   0.00    0.00     0.00    0.00      0.00     0.00   0.00    0.00     0.00    0.00   0.00
md0           8384.60 2381093.60     0.00   0.00    0.00   283.98 6483.80 2383543.20     0.00   0.00    0.00   367.62    0.00      0.00     0.00   0.00    0.00     0.00    0.00   0.00
nvme0n1        415.80   6632.00   447.60  51.84    0.09    15.95    0.40     12.80     2.80  87.50    0.00    32.00    0.00      0.00     0.00   0.00    0.00     0.00    0.00   3.52
nvme10n1       191.00  66752.00    69.60  26.71    0.27   349.49  202.40  76790.40     3.00   1.46    0.31   379.40    0.00      0.00     0.00   0.00    0.00     0.00    0.00  51.20
nvme11n1       194.60  67648.80    70.20  26.51    0.27   347.63  203.80  76212.00     3.20   1.55    0.31   373.95    0.00      0.00     0.00   0.00    0.00     0.00    0.00  50.96
nvme12n1       200.00  69850.40    70.40  26.04    0.27   349.25  198.40  75187.20     3.00   1.49    0.36   378.97    0.00      0.00     0.00   0.00    0.00     0.00    0.00  51.44
nvme13n1       203.20  70196.00    75.40  27.06    0.29   345.45  197.40  74634.40     3.00   1.50    0.39   378.09    0.00      0.00     0.00   0.00    0.00     0.00    0.00  52.08
nvme14n1       203.00  70825.60    73.80  26.66    0.28   348.89  196.00  74042.40     2.80   1.41    0.33   377.77    0.00      0.00     0.00   0.00    0.00     0.00    0.00  51.60
nvme15n1       204.60  70974.40    73.80  26.51    0.27   346.89  198.00  74186.40     3.00   1.49    0.34   374.68    0.00      0.00     0.00   0.00    0.00     0.00    0.00  52.32
nvme16n1       200.60  69804.00    72.40  26.52    0.26   347.98  206.00  74399.20     2.80   1.34    0.35   361.16    0.00      0.00     0.00   0.00    0.00     0.00    0.00  53.28
nvme17n1       200.80  70126.40    73.60  26.82    0.28   349.24  196.00  73613.60     3.00   1.51    0.31   375.58    0.00      0.00     0.00   0.00    0.00     0.00    0.00  50.16
nvme18n1       200.00  69363.20    73.60  26.90    0.27   346.82  195.40  73692.80     2.60   1.31    0.35   377.14    0.00      0.00     0.00   0.00    0.00     0.00    0.00  51.36
nvme19n1       204.20  70996.80    73.20  26.39    0.27   347.68  199.60  75296.80     3.00   1.48    0.35   377.24    0.00      0.00     0.00   0.00    0.00     0.00    0.00  51.52
nvme1n1        194.20  70273.60    69.40  26.33    0.28   361.86  194.20  73357.60     3.60   1.82    0.36   377.74    0.00      0.00     0.00   0.00    0.00     0.00    0.00  50.16
nvme20n1       206.40  71045.60    74.40  26.50    0.27   344.21  200.00  75388.80     3.00   1.48    0.38   376.94    0.00      0.00     0.00   0.00    0.00     0.00    0.00  52.96
nvme21n1       207.40  71601.60    74.60  26.45    0.26   345.23  200.80  75893.60     3.00   1.47    0.36   377.96    0.00      0.00     0.00   0.00    0.00     0.00    0.00  53.04
nvme22n1       197.80  69523.20    70.20  26.19    0.27   351.48  203.60  75779.20     3.00   1.45    0.34   372.20    0.00      0.00     0.00   0.00    0.00     0.00    0.00  51.36
nvme23n1       199.20  69108.80    73.60  26.98    0.27   346.93  203.80  75857.60     3.40   1.64    0.32   372.22    0.00      0.00     0.00   0.00    0.00     0.00    0.00  50.88
nvme24n1       199.20  69671.20    71.00  26.28    0.26   349.76  204.80  76232.80     3.40   1.63    0.33   372.23    0.00      0.00     0.00   0.00    0.00     0.00    0.00  52.00
nvme25n1       200.80  70163.20    75.00  27.19    0.26   349.42  205.20  76757.60     3.20   1.54    0.33   374.06    0.00      0.00     0.00   0.00    0.00     0.00    0.00  52.00
nvme26n1       197.20  68802.40    69.60  26.09    0.26   348.90  205.40  76365.60     3.40   1.63    0.32   371.79    0.00      0.00     0.00   0.00    0.00     0.00    0.00  51.92
nvme27n1       198.20  69128.80    72.20  26.70    0.26   348.78  207.20  76924.00     3.00   1.43    0.17   371.25    0.00      0.00     0.00   0.00    0.00     0.00    0.00  52.72
nvme28n1       196.20  68436.00    69.80  26.24    0.27   348.81  201.40  75386.40     3.00   1.47    0.35   374.31    0.00      0.00     0.00   0.00    0.00     0.00    0.00  51.28
nvme29n1       195.20  68816.00    71.00  26.67    0.27   352.54  200.60  75007.20     3.20   1.57    0.32   373.91    0.00      0.00     0.00   0.00    0.00     0.00    0.00  51.28
nvme2n1        200.80  70960.80    71.60  26.28    0.27   353.39  196.20  73877.60     3.40   1.70    0.35   376.54    0.00      0.00     0.00   0.00    0.00     0.00    0.00  51.04
nvme30n1       196.40  68263.20    69.20  26.05    0.27   347.57  195.20  72516.00     3.40   1.71    0.31   371.50    0.00      0.00     0.00   0.00    0.00     0.00    0.00  50.96
nvme31n1       192.20  67748.80    69.80  26.64    0.29   352.49  193.00  72456.80     3.00   1.53    0.32   375.42    0.00      0.00     0.00   0.00    0.00     0.00    0.00  49.60
nvme3n1        196.40  69745.60    72.80  27.04    0.28   355.12  195.20  74327.20     3.60   1.81    0.33   380.77    0.00      0.00     0.00   0.00    0.00     0.00    0.00  51.68
nvme4n1        196.20  69114.40    69.60  26.19    0.27   352.27  198.80  75129.60     3.60   1.78    0.34   377.92    0.00      0.00     0.00   0.00    0.00     0.00    0.00  51.28
nvme5n1        194.00  68139.20    74.00  27.61    0.27   351.23  214.00  75808.80     4.60   2.10    0.33   354.25    0.00      0.00     0.00   0.00    0.00     0.00    0.00  54.00
nvme6n1        193.20  67707.20    70.20  26.65    0.27   350.45  226.00  76283.20     4.80   2.08    0.32   337.54    0.00      0.00     0.00   0.00    0.00     0.00    0.00  54.48
nvme7n1        194.00  67294.40    72.60  27.23    0.27   346.88  226.60  75643.20     4.80   2.07    0.32   333.82    0.00      0.00     0.00   0.00    0.00     0.00    0.00  54.56
nvme8n1        195.60  67877.60    81.40  29.39    0.29   347.02  251.20  75956.00     3.20   1.26    0.30   302.37    0.00      0.00     0.00   0.00    0.00     0.00    0.00  59.36
nvme9n1        192.00  66712.00    71.60  27.16    0.26   347.46  200.00  76073.60     3.20   1.57    0.35   380.37    0.00      0.00     0.00   0.00    0.00     0.00    0.00  51.68


Device            r/s     rkB/s   rrqm/s  %rrqm r_await rareq-sz     w/s     wkB/s   wrqm/s  %wrqm w_await wareq-sz     d/s     dkB/s   drqm/s  %drqm d_await dareq-sz  aqu-sz  %util
dm-0           370.00   4597.60     0.00   0.00    0.11    12.43    0.00      0.00     0.00   0.00    0.00     0.00    0.00      0.00     0.00   0.00    0.00     0.00    0.04   2.48
loop0            0.00      0.00     0.00   0.00    0.00     0.00    0.00      0.00     0.00   0.00    0.00     0.00    0.00      0.00     0.00   0.00    0.00     0.00    0.00   0.00
loop1            0.00      0.00     0.00   0.00    0.00     0.00    0.00      0.00     0.00   0.00    0.00     0.00    0.00      0.00     0.00   0.00    0.00     0.00    0.00   0.00
loop2            0.00      0.00     0.00   0.00    0.00     0.00    0.00      0.00     0.00   0.00    0.00     0.00    0.00      0.00     0.00   0.00    0.00     0.00    0.00   0.00
loop3            0.00      0.00     0.00   0.00    0.00     0.00    0.00      0.00     0.00   0.00    0.00     0.00    0.00      0.00     0.00   0.00    0.00     0.00    0.00   0.00
loop4            0.00      0.00     0.00   0.00    0.00     0.00    0.00      0.00     0.00   0.00    0.00     0.00    0.00      0.00     0.00   0.00    0.00     0.00    0.00   0.00
loop5            0.00      0.00     0.00   0.00    0.00     0.00    0.00      0.00     0.00   0.00    0.00     0.00    0.00      0.00     0.00   0.00    0.00     0.00    0.00   0.00
loop6            0.00      0.00     0.00   0.00    0.00     0.00    0.00      0.00     0.00   0.00    0.00     0.00    0.00      0.00     0.00   0.00    0.00     0.00    0.00   0.00
loop7            0.00      0.00     0.00   0.00    0.00     0.00    0.00      0.00     0.00   0.00    0.00     0.00    0.00      0.00     0.00   0.00    0.00     0.00    0.00   0.00
md0           18038.80 6087481.60     0.00   0.00    0.00   337.47 12911.40 5375436.00     0.00   0.00    0.00   416.33    0.00      0.00     0.00   0.00    0.00     0.00    0.00   0.00
nvme0n1        192.80   4597.60   177.20  47.89    0.09    23.85    0.00      0.00     0.00   0.00    0.00     0.00    0.00      0.00     0.00   0.00    0.00     0.00    0.00   2.48
nvme10n1       459.00 177135.20   138.40  23.17    0.34   385.92  404.80 175032.00    10.00   2.41    0.36   432.39    0.00      0.00     0.00   0.00    0.00     0.00    0.00  70.32
nvme11n1       464.80 176228.00   150.00  24.40    0.34   379.15  406.40 174119.20    10.20   2.45    0.37   428.44    0.00      0.00     0.00   0.00    0.00     0.00    0.00  70.96
nvme12n1       443.00 170992.00   136.20  23.52    0.34   385.99  401.60 172158.40    10.60   2.57    0.41   428.68    0.00      0.00     0.00   0.00    0.00     0.00    0.00  68.16
nvme13n1       450.00 171366.40   146.80  24.60    0.36   380.81  400.20 170851.20    10.40   2.53    0.44   426.91    0.00      0.00     0.00   0.00    0.00     0.00    0.00  69.68
nvme14n1       429.00 165684.80   130.80  23.37    0.35   386.21  403.80 171938.40    10.40   2.51    0.39   425.80    0.00      0.00     0.00   0.00    0.00     0.00    0.00  67.76
nvme15n1       433.40 164832.80   138.80  24.26    0.34   380.32  404.60 171647.20    10.20   2.46    0.41   424.24    0.00      0.00     0.00   0.00    0.00     0.00    0.00  68.24
nvme16n1       432.40 165898.40   131.20  23.28    0.36   383.67  435.00 170836.80     9.80   2.20    0.42   392.73    0.00      0.00     0.00   0.00    0.00     0.00    0.00  68.24
nvme17n1       428.00 163755.20   139.00  24.51    0.34   382.61  404.20 169315.20     9.60   2.32    0.36   418.89    0.00      0.00     0.00   0.00    0.00     0.00    0.00  68.16
nvme18n1       423.20 162080.80   125.60  22.89    0.35   382.99  390.80 166100.80     9.60   2.40    0.42   425.03    0.00      0.00     0.00   0.00    0.00     0.00    0.00  67.44
nvme19n1       425.80 163317.60   134.80  24.05    0.34   383.55  391.00 165968.00     9.20   2.30    0.40   424.47    0.00      0.00     0.00   0.00    0.00     0.00    0.00  68.16
nvme1n1        441.00 170200.80   145.20  24.77    0.36   385.94  386.80 165856.00    10.00   2.52    0.44   428.79    0.00      0.00     0.00   0.00    0.00     0.00    0.00  68.32
nvme20n1       423.20 162908.00   126.00  22.94    0.33   384.94  389.60 167331.20     9.20   2.31    0.43   429.49    0.00      0.00     0.00   0.00    0.00     0.00    0.00  67.04
nvme21n1       431.80 165084.80   133.20  23.58    0.34   382.32  393.60 168546.40     9.60   2.38    0.41   428.22    0.00      0.00     0.00   0.00    0.00     0.00    0.00  67.44
nvme22n1       429.60 166642.40   132.00  23.50    0.36   387.90  392.60 168476.00     9.60   2.39    0.42   429.13    0.00      0.00     0.00   0.00    0.00     0.00    0.00  66.32
nvme23n1       437.20 166102.40   134.20  23.49    0.33   379.92  392.80 167587.20     9.40   2.34    0.39   426.65    0.00      0.00     0.00   0.00    0.00     0.00    0.00  67.12
nvme24n1       431.80 167734.40   133.80  23.66    0.34   388.45  393.00 168224.80     9.60   2.38    0.39   428.05    0.00      0.00     0.00   0.00    0.00     0.00    0.00  68.56
nvme25n1       451.00 169315.20   134.80  23.01    0.34   375.42  391.60 166693.60     9.60   2.39    0.41   425.67    0.00      0.00     0.00   0.00    0.00     0.00    0.00  68.08
nvme26n1       440.00 170250.40   137.60  23.82    0.35   386.93  389.60 167372.00     9.40   2.36    0.40   429.60    0.00      0.00     0.00   0.00    0.00     0.00    0.00  68.56
nvme27n1       451.40 171344.00   139.60  23.62    0.30   379.58  396.00 168647.20     9.80   2.41    0.20   425.88    0.00      0.00     0.00   0.00    0.00     0.00    0.00  68.56
nvme28n1       451.40 171535.20   142.60  24.01    0.34   380.01  395.00 166582.40    10.20   2.52    0.43   421.73    0.00      0.00     0.00   0.00    0.00     0.00    0.00  68.24
nvme29n1       445.40 169452.80   137.40  23.58    0.36   380.45  388.60 164819.20     9.80   2.46    0.40   424.14    0.00      0.00     0.00   0.00    0.00     0.00    0.00  68.72
nvme2n1        444.60 170873.60   133.80  23.13    0.36   384.33  384.40 165070.40     9.80   2.49    0.44   429.42    0.00      0.00     0.00   0.00    0.00     0.00    0.00  68.48
nvme30n1       442.00 170276.00   141.80  24.29    0.37   385.24  389.40 166249.60     9.60   2.41    0.37   426.94    0.00      0.00     0.00   0.00    0.00     0.00    0.00  67.36
nvme31n1       443.00 170143.20   132.80  23.06    0.37   384.07  385.60 165676.80    10.00   2.53    0.39   429.66    0.00      0.00     0.00   0.00    0.00     0.00    0.00  67.84
nvme3n1        444.80 170082.40   142.40  24.25    0.34   382.38  386.00 164684.80    10.20   2.57    0.40   426.64    0.00      0.00     0.00   0.00    0.00     0.00    0.00  68.56
nvme4n1        451.40 172355.20   135.40  23.07    0.33   381.82  383.80 164683.20     9.80   2.49    0.41   429.09    0.00      0.00     0.00   0.00    0.00     0.00    0.00  67.20
nvme5n1        454.80 174404.00   141.80  23.77    0.35   383.47  406.00 166869.60    12.00   2.87    0.40   411.01    0.00      0.00     0.00   0.00    0.00     0.00    0.00  68.72
nvme6n1        456.40 175456.80   139.60  23.42    0.34   384.44  446.00 167261.60    13.20   2.87    0.37   375.03    0.00      0.00     0.00   0.00    0.00     0.00    0.00  70.64
nvme7n1        468.60 176837.60   146.20  23.78    0.34   377.37  450.40 166810.40    12.60   2.72    0.37   370.36    0.00      0.00     0.00   0.00    0.00     0.00    0.00  72.00
nvme8n1        456.00 175732.80   152.20  25.02    0.38   385.38  482.80 169452.80     9.80   1.99    0.42   350.98    0.00      0.00     0.00   0.00    0.00     0.00    0.00  74.08
nvme9n1        468.60 177476.00   150.80  24.35    0.34   378.74  408.00 170380.80    10.20   2.44    0.43   417.60    0.00      0.00     0.00   0.00    0.00     0.00    0.00  70.16


Device            r/s     rkB/s   rrqm/s  %rrqm r_await rareq-sz     w/s     wkB/s   wrqm/s  %wrqm w_await wareq-sz     d/s     dkB/s   drqm/s  %drqm d_await dareq-sz  aqu-sz  %util
dm-0             0.20      0.80     0.00   0.00    4.00     4.00    2.80     11.20     0.00   0.00    0.00     4.00    0.00      0.00     0.00   0.00    0.00     0.00    0.00   0.24
loop0            0.00      0.00     0.00   0.00    0.00     0.00    0.00      0.00     0.00   0.00    0.00     0.00    0.00      0.00     0.00   0.00    0.00     0.00    0.00   0.00
loop1            0.00      0.00     0.00   0.00    0.00     0.00    0.00      0.00     0.00   0.00    0.00     0.00    0.00      0.00     0.00   0.00    0.00     0.00    0.00   0.00
loop2            0.00      0.00     0.00   0.00    0.00     0.00    0.00      0.00     0.00   0.00    0.00     0.00    0.00      0.00     0.00   0.00    0.00     0.00    0.00   0.00
loop3            0.00      0.00     0.00   0.00    0.00     0.00    0.00      0.00     0.00   0.00    0.00     0.00    0.00      0.00     0.00   0.00    0.00     0.00    0.00   0.00
loop4            0.00      0.00     0.00   0.00    0.00     0.00    0.00      0.00     0.00   0.00    0.00     0.00    0.00      0.00     0.00   0.00    0.00     0.00    0.00   0.00
loop5            0.00      0.00     0.00   0.00    0.00     0.00    0.00      0.00     0.00   0.00    0.00     0.00    0.00      0.00     0.00   0.00    0.00     0.00    0.00   0.00
loop6            0.00      0.00     0.00   0.00    0.00     0.00    0.00      0.00     0.00   0.00    0.00     0.00    0.00      0.00     0.00   0.00    0.00     0.00    0.00   0.00
loop7            0.00      0.00     0.00   0.00    0.00     0.00    0.00      0.00     0.00   0.00    0.00     0.00    0.00      0.00     0.00   0.00    0.00     0.00    0.00   0.00
md0           7825.80 2763472.00     0.00   0.00    0.00   353.12 6368.60 2760808.00     0.00   0.00    0.00   433.50    0.00      0.00     0.00   0.00    0.00     0.00    0.00   0.00
nvme0n1          0.20      0.80     0.00   0.00    0.00     4.00    0.40     11.20     2.40  85.71    0.00    28.00    0.00      0.00     0.00   0.00    0.00     0.00    0.00   0.24
nvme10n1       199.60  77250.40    62.00  23.70    0.28   387.03  198.80  83924.80     9.00   4.33    0.30   422.16    0.00      0.00     0.00   0.00    0.00     0.00    0.00  57.76
nvme11n1       203.20  77644.80    57.00  21.91    0.27   382.11  195.00  84348.00     9.20   4.51    0.31   432.55    0.00      0.00     0.00   0.00    0.00     0.00    0.00  55.92
nvme12n1       197.00  77523.20    62.40  24.06    0.29   393.52  194.40  83731.20     8.80   4.33    0.34   430.72    0.00      0.00     0.00   0.00    0.00     0.00    0.00  56.16
nvme13n1       203.00  78307.20    61.00  23.11    0.28   385.75  185.80  84017.60     6.40   3.33    0.38   452.19    0.00      0.00     0.00   0.00    0.00     0.00    0.00  56.40
nvme14n1       198.40  77831.20    64.60  24.56    0.28   392.29  185.00  83204.80     6.40   3.34    0.36   449.76    0.00      0.00     0.00   0.00    0.00     0.00    0.00  55.44
nvme15n1       203.60  78976.00    60.20  22.82    0.28   387.90  186.60  83158.40     6.00   3.12    0.35   445.65    0.00      0.00     0.00   0.00    0.00     0.00    0.00  54.72
nvme16n1       202.80  79230.40    64.40  24.10    0.28   390.68  192.20  83393.60     6.00   3.03    0.36   433.89    0.00      0.00     0.00   0.00    0.00     0.00    0.00  56.00
nvme17n1       203.60  78648.80    61.00  23.05    0.28   386.29  194.20  82993.60     6.20   3.09    0.30   427.36    0.00      0.00     0.00   0.00    0.00     0.00    0.00  54.72
nvme18n1       197.80  78300.80    63.20  24.21    0.30   395.86  187.80  83552.80     6.60   3.40    0.35   444.90    0.00      0.00     0.00   0.00    0.00     0.00    0.00  55.12
nvme19n1       199.40  78043.20    58.20  22.59    0.28   391.39  187.60  83462.40     6.20   3.20    0.35   444.90    0.00      0.00     0.00   0.00    0.00     0.00    0.00  54.88
nvme1n1        184.80  73479.20    56.00  23.26    0.28   397.61  189.00  83830.40     6.20   3.18    0.36   443.55    0.00      0.00     0.00   0.00    0.00     0.00    0.00  53.76
nvme20n1       199.00  78581.60    60.00  23.17    0.29   394.88  190.20  84339.20     6.40   3.26    0.37   443.42    0.00      0.00     0.00   0.00    0.00     0.00    0.00  54.48
nvme21n1       197.00  78092.00    58.80  22.99    0.28   396.41  190.00  84125.60     6.40   3.26    0.33   442.77    0.00      0.00     0.00   0.00    0.00     0.00    0.00  54.32
nvme22n1       193.40  75793.60    62.20  24.33    0.28   391.90  187.60  83237.60     6.40   3.30    0.33   443.70    0.00      0.00     0.00   0.00    0.00     0.00    0.00  54.96
nvme23n1       185.40  74360.80    54.60  22.75    0.28   401.08  183.20  83354.40     6.80   3.58    0.34   454.99    0.00      0.00     0.00   0.00    0.00     0.00    0.00  53.52
nvme24n1       196.60  78201.60    59.20  23.14    0.28   397.77  191.20  85717.60     6.80   3.43    0.33   448.31    0.00      0.00     0.00   0.00    0.00     0.00    0.00  55.60
nvme25n1       195.00  77248.80    55.60  22.19    0.30   396.15  192.20  85714.40     6.60   3.32    0.35   445.96    0.00      0.00     0.00   0.00    0.00     0.00    0.00  54.72
nvme26n1       199.40  78603.20    62.00  23.72    0.27   394.20  193.60  85849.60     6.40   3.20    0.33   443.44    0.00      0.00     0.00   0.00    0.00     0.00    0.00  55.36
nvme27n1       193.80  77079.20    57.80  22.97    0.28   397.73  192.20  85653.60     7.00   3.51    0.18   445.65    0.00      0.00     0.00   0.00    0.00     0.00    0.00  54.64
nvme28n1       187.80  74192.00    60.20  24.27    0.28   395.06  189.20  84263.20     6.80   3.47    0.33   445.37    0.00      0.00     0.00   0.00    0.00     0.00    0.00  54.08
nvme29n1       185.40  74720.00    55.00  22.88    0.30   403.02  188.20  83991.20     6.80   3.49    0.33   446.29    0.00      0.00     0.00   0.00    0.00     0.00    0.00  53.52
nvme2n1        176.80  71028.80    52.40  22.86    0.30   401.75  187.00  83312.80     6.20   3.21    0.35   445.52    0.00      0.00     0.00   0.00    0.00     0.00    0.00  52.00
nvme30n1       185.80  73959.20    58.60  23.98    0.29   398.06  187.00  82993.60     6.60   3.41    0.30   443.82    0.00      0.00     0.00   0.00    0.00     0.00    0.00  53.28
nvme31n1       184.20  74059.20    54.40  22.80    0.29   402.06  184.40  83144.80     6.40   3.35    0.33   450.89    0.00      0.00     0.00   0.00    0.00     0.00    0.00  53.36
nvme3n1        178.40  72628.80    57.00  24.21    0.28   407.11  186.60  84136.00     6.40   3.32    0.34   450.89    0.00      0.00     0.00   0.00    0.00     0.00    0.00  55.28
nvme4n1        188.40  74600.80    50.80  21.24    0.28   395.97  187.00  84844.80     6.20   3.21    0.34   453.72    0.00      0.00     0.00   0.00    0.00     0.00    0.00  55.36
nvme5n1        187.20  74244.00    55.00  22.71    0.28   396.60  208.20  84731.20     8.20   3.79    0.31   406.97    0.00      0.00     0.00   0.00    0.00     0.00    0.00  60.24
nvme6n1        191.40  75284.00    54.80  22.26    0.28   393.33  220.60  85190.40     8.60   3.75    0.30   386.18    0.00      0.00     0.00   0.00    0.00     0.00    0.00  58.64
nvme7n1        194.60  76641.60    56.60  22.53    0.27   393.84  225.00  85500.00     8.60   3.68    0.30   380.00    0.00      0.00     0.00   0.00    0.00     0.00    0.00  58.88
nvme8n1        195.60  76942.40    64.40  24.77    0.28   393.37  229.80  83528.00    33.00  12.56    0.33   363.48    0.00      0.00     0.00   0.00    0.00     0.00    0.00  61.44
nvme9n1        198.20  76748.80    62.00  23.83    0.27   387.23  226.80  84840.00    11.40   4.79    0.30   374.07    0.00      0.00     0.00   0.00    0.00     0.00    0.00  60.48


Device            r/s     rkB/s   rrqm/s  %rrqm r_await rareq-sz     w/s     wkB/s   wrqm/s  %wrqm w_await wareq-sz     d/s     dkB/s   drqm/s  %drqm d_await dareq-sz  aqu-sz  %util
dm-0            82.60    878.40     0.00   0.00    0.02    10.63    1.80      7.20     0.00   0.00    0.00     4.00    0.00      0.00     0.00   0.00    0.00     0.00    0.00   1.44
loop0            0.00      0.00     0.00   0.00    0.00     0.00    0.00      0.00     0.00   0.00    0.00     0.00    0.00      0.00     0.00   0.00    0.00     0.00    0.00   0.00
loop1            0.00      0.00     0.00   0.00    0.00     0.00    0.00      0.00     0.00   0.00    0.00     0.00    0.00      0.00     0.00   0.00    0.00     0.00    0.00   0.00
loop2            0.00      0.00     0.00   0.00    0.00     0.00    0.00      0.00     0.00   0.00    0.00     0.00    0.00      0.00     0.00   0.00    0.00     0.00    0.00   0.00
loop3            0.00      0.00     0.00   0.00    0.00     0.00    0.00      0.00     0.00   0.00    0.00     0.00    0.00      0.00     0.00   0.00    0.00     0.00    0.00   0.00
loop4            0.00      0.00     0.00   0.00    0.00     0.00    0.00      0.00     0.00   0.00    0.00     0.00    0.00      0.00     0.00   0.00    0.00     0.00    0.00   0.00
loop5            0.00      0.00     0.00   0.00    0.00     0.00    0.00      0.00     0.00   0.00    0.00     0.00    0.00      0.00     0.00   0.00    0.00     0.00    0.00   0.00
loop6            0.00      0.00     0.00   0.00    0.00     0.00    0.00      0.00     0.00   0.00    0.00     0.00    0.00      0.00     0.00   0.00    0.00     0.00    0.00   0.00
loop7            0.00      0.00     0.00   0.00    0.00     0.00    0.00      0.00     0.00   0.00    0.00     0.00    0.00      0.00     0.00   0.00    0.00     0.00    0.00   0.00
md0           9848.40 3196190.40     0.00   0.00    0.00   324.54 6589.40 2879248.80     0.00   0.00    0.00   436.95    0.00      0.00     0.00   0.00    0.00     0.00    0.00   0.00
nvme0n1         29.40    878.40    53.20  64.41    0.10    29.88    0.40      7.20     1.40  77.78    0.00    18.00    0.00      0.00     0.00   0.00    0.00     0.00    0.00   1.44
nvme10n1       240.00  90758.40    76.20  24.10    0.28   378.16  201.80  91283.20    12.40   5.79    0.33   452.34    0.00      0.00     0.00   0.00    0.00     0.00    0.00  49.60
nvme11n1       238.40  88920.80    76.20  24.22    0.29   372.99  200.40  90118.40    17.00   7.82    0.34   449.69    0.00      0.00     0.00   0.00    0.00     0.00    0.00  49.76
nvme12n1       232.00  88255.20    75.60  24.58    0.30   380.41  195.40  90175.20     9.40   4.59    0.38   461.49    0.00      0.00     0.00   0.00    0.00     0.00    0.00  49.04
nvme13n1       235.80  88916.00    74.80  24.08    0.33   377.08  193.60  90519.20    16.00   7.63    0.41   467.56    0.00      0.00     0.00   0.00    0.00     0.00    0.00  48.24
nvme14n1       235.20  88729.60    74.00  23.93    0.31   377.25  192.40  89971.20     9.80   4.85    0.41   467.63    0.00      0.00     0.00   0.00    0.00     0.00    0.00  48.56
nvme15n1       234.60  87827.20    73.60  23.88    0.30   374.37  194.60  91123.20    13.20   6.35    0.38   468.26    0.00      0.00     0.00   0.00    0.00     0.00    0.00  49.76
nvme16n1       228.60  85199.20    73.80  24.40    0.29   372.70  194.80  89163.20     9.60   4.70    0.38   457.72    0.00      0.00     0.00   0.00    0.00     0.00    0.00  48.40
nvme17n1       226.00  84786.40    70.60  23.80    0.30   375.16  196.80  89588.00     9.20   4.47    0.33   455.22    0.00      0.00     0.00   0.00    0.00     0.00    0.00  47.84
nvme18n1       224.40  83588.00    73.60  24.70    0.28   372.50  192.60  90282.40    13.80   6.69    0.38   468.76    0.00      0.00     0.00   0.00    0.00     0.00    0.00  50.00
nvme19n1       227.20  85978.40    71.60  23.96    0.27   378.43  193.40  90492.80    11.20   5.47    0.39   467.90    0.00      0.00     0.00   0.00    0.00     0.00    0.00  49.36
nvme1n1        246.20  91880.00    81.00  24.76    0.29   373.19  192.20  90373.60     9.20   4.57    0.40   470.21    0.00      0.00     0.00   0.00    0.00     0.00    0.00  49.04
nvme20n1       233.20  88090.40    73.00  23.84    0.30   377.75  194.40  90836.80    13.80   6.63    0.40   467.27    0.00      0.00     0.00   0.00    0.00     0.00    0.00  48.88
nvme21n1       234.60  88335.20    75.40  24.32    0.29   376.54  193.40  90519.20    10.20   5.01    0.38   468.04    0.00      0.00     0.00   0.00    0.00     0.00    0.00  47.84
nvme22n1       236.40  88780.00    75.80  24.28    0.30   375.55  192.60  89828.00     7.40   3.70    0.35   466.40    0.00      0.00     0.00   0.00    0.00     0.00    0.00  48.08
nvme23n1       239.00  90537.60    75.60  24.03    0.29   378.82  193.60  90562.40    10.60   5.19    0.36   467.78    0.00      0.00     0.00   0.00    0.00     0.00    0.00  49.92
nvme24n1       245.60  92976.80    77.60  24.01    0.28   378.57  196.80  91606.40     8.40   4.09    0.36   465.48    0.00      0.00     0.00   0.00    0.00     0.00    0.00  50.16
nvme25n1       252.60  95268.00    81.20  24.33    0.29   377.15  194.80  91032.00    11.60   5.62    0.36   467.31    0.00      0.00     0.00   0.00    0.00     0.00    0.00  50.48
nvme26n1       254.60  95912.80    82.80  24.54    0.29   376.72  199.00  92480.80    11.00   5.24    0.36   464.73    0.00      0.00     0.00   0.00    0.00     0.00    0.00  49.36
nvme27n1       253.80  94402.40    85.00  25.09    0.28   371.96  199.20  92484.80     8.00   3.86    0.19   464.28    0.00      0.00     0.00   0.00    0.00     0.00    0.00  49.52
nvme28n1       254.80  95132.00    80.20  23.94    0.29   373.36  197.20  90956.00    11.80   5.65    0.38   461.24    0.00      0.00     0.00   0.00    0.00     0.00    0.00  49.12
nvme29n1       245.40  92152.80    79.40  24.45    0.31   375.52  192.00  89851.20     6.40   3.23    0.36   467.98    0.00      0.00     0.00   0.00    0.00     0.00    0.00  47.44
nvme2n1        243.00  90166.40    80.80  24.95    0.30   371.06  187.60  88985.60     5.20   2.70    0.38   474.34    0.00      0.00     0.00   0.00    0.00     0.00    0.00  48.72
nvme30n1       249.00  91908.00    79.00  24.09    0.32   369.11  193.40  89997.60    12.80   6.21    0.34   465.34    0.00      0.00     0.00   0.00    0.00     0.00    0.00  48.48
nvme31n1       243.20  90974.40    79.80  24.71    0.31   374.07  191.80  89848.80     6.80   3.42    0.35   468.45    0.00      0.00     0.00   0.00    0.00     0.00    0.00  49.04
nvme3n1        238.60  89288.00    79.00  24.87    0.28   374.22  186.60  87712.80    10.20   5.18    0.36   470.06    0.00      0.00     0.00   0.00    0.00     0.00    0.00  49.20
nvme4n1        241.40  91452.00    81.00  25.12    0.29   378.84  187.00  88417.60     9.40   4.79    0.37   472.82    0.00      0.00     0.00   0.00    0.00     0.00    0.00  50.24
nvme5n1        242.20  91058.40    79.60  24.74    0.27   375.96  199.80  87772.80    13.00   6.11    0.35   439.30    0.00      0.00     0.00   0.00    0.00     0.00    0.00  51.44
nvme6n1        243.60  90789.60    81.00  24.95    0.27   372.70  222.00  88697.60    11.80   5.05    0.33   399.54    0.00      0.00     0.00   0.00    0.00     0.00    0.00  51.92
nvme7n1        240.00  89438.40    78.60  24.67    0.28   372.66  229.40  88556.80    15.40   6.29    0.35   386.04    0.00      0.00     0.00   0.00    0.00     0.00    0.00  50.96
nvme8n1        239.00  89659.20    78.00  24.61    0.31   375.14  226.60  89742.40    19.20   7.81    0.37   396.04    0.00      0.00     0.00   0.00    0.00     0.00    0.00  52.00
nvme9n1        242.00  89488.80    80.80  25.03    0.30   369.79  236.80  91875.20    24.20   9.27    0.33   387.99    0.00      0.00     0.00   0.00    0.00     0.00    0.00  51.84


Device            r/s     rkB/s   rrqm/s  %rrqm r_await rareq-sz     w/s     wkB/s   wrqm/s  %wrqm w_await wareq-sz     d/s     dkB/s   drqm/s  %drqm d_await dareq-sz  aqu-sz  %util
dm-0             0.40      6.40     0.00   0.00    0.00    16.00    1.40     52.80     0.00   0.00    0.00    37.71    0.00      0.00     0.00   0.00    0.00     0.00    0.00   0.24
loop0            0.00      0.00     0.00   0.00    0.00     0.00    0.00      0.00     0.00   0.00    0.00     0.00    0.00      0.00     0.00   0.00    0.00     0.00    0.00   0.00
loop1            0.00      0.00     0.00   0.00    0.00     0.00    0.00      0.00     0.00   0.00    0.00     0.00    0.00      0.00     0.00   0.00    0.00     0.00    0.00   0.00
loop2            0.00      0.00     0.00   0.00    0.00     0.00    0.00      0.00     0.00   0.00    0.00     0.00    0.00      0.00     0.00   0.00    0.00     0.00    0.00   0.00
loop3            0.00      0.00     0.00   0.00    0.00     0.00    0.00      0.00     0.00   0.00    0.00     0.00    0.00      0.00     0.00   0.00    0.00     0.00    0.00   0.00
loop4            0.00      0.00     0.00   0.00    0.00     0.00    0.00      0.00     0.00   0.00    0.00     0.00    0.00      0.00     0.00   0.00    0.00     0.00    0.00   0.00
loop5            0.00      0.00     0.00   0.00    0.00     0.00    0.00      0.00     0.00   0.00    0.00     0.00    0.00      0.00     0.00   0.00    0.00     0.00    0.00   0.00
loop6            0.00      0.00     0.00   0.00    0.00     0.00    0.00      0.00     0.00   0.00    0.00     0.00    0.00      0.00     0.00   0.00    0.00     0.00    0.00   0.00
loop7            0.00      0.00     0.00   0.00    0.00     0.00    0.00      0.00     0.00   0.00    0.00     0.00    0.00      0.00     0.00   0.00    0.00     0.00    0.00   0.00
md0           9645.40 3402422.40     0.00   0.00    0.00   352.75 7202.00 3282496.80     0.00   0.00    0.00   455.78    0.00      0.00     0.00   0.00    0.00     0.00    0.00   0.00
nvme0n1          0.40      6.40     0.00   0.00    0.00    16.00    0.60     52.80     0.80  57.14    0.33    88.00    0.00      0.00     0.00   0.00    0.00     0.00    0.00   0.24
nvme10n1       241.80  98404.00    72.00  22.94    0.29   406.96  211.60  98948.80     4.60   2.13    0.31   467.62    0.00      0.00     0.00   0.00    0.00     0.00    0.00  58.88
nvme11n1       244.20  98889.60    73.20  23.06    0.29   404.95  220.20 101682.40     4.40   1.96    0.31   461.77    0.00      0.00     0.00   0.00    0.00     0.00    0.00  59.60
nvme12n1       239.80  97700.00    71.40  22.94    0.30   407.42  217.60 101717.60     4.40   1.98    0.35   467.45    0.00      0.00     0.00   0.00    0.00     0.00    0.00  59.04
nvme13n1       245.20  99260.00    74.80  23.38    0.31   404.81  219.60 101618.40     5.00   2.23    0.37   462.74    0.00      0.00     0.00   0.00    0.00     0.00    0.00  59.68
nvme14n1       241.20  98805.60    70.00  22.49    0.30   409.64  220.20 101979.20     4.60   2.05    0.37   463.12    0.00      0.00     0.00   0.00    0.00     0.00    0.00  59.68
nvme15n1       239.00  95880.80    71.60  23.05    0.30   401.17  216.20 101611.20     4.80   2.17    0.36   469.99    0.00      0.00     0.00   0.00    0.00     0.00    0.00  59.92
nvme16n1       239.80  99269.60    69.00  22.34    0.31   413.97  223.60 104047.20     5.00   2.19    0.37   465.33    0.00      0.00     0.00   0.00    0.00     0.00    0.00  59.84
nvme17n1       240.20  96696.80    73.20  23.36    0.31   402.57  231.20 103803.20     4.80   2.03    0.30   448.98    0.00      0.00     0.00   0.00    0.00     0.00    0.00  58.96
nvme18n1       239.80  97008.00    68.80  22.29    0.30   404.54  219.60 102561.60     5.00   2.23    0.36   467.04    0.00      0.00     0.00   0.00    0.00     0.00    0.00  58.40
nvme19n1       240.20  97468.80    73.80  23.50    0.29   405.78  221.60 104256.00     4.80   2.12    0.36   470.47    0.00      0.00     0.00   0.00    0.00     0.00    0.00  60.40
nvme1n1        228.60  92373.60    71.00  23.70    0.29   404.08  217.40 100686.40     3.80   1.72    0.39   463.14    0.00      0.00     0.00   0.00    0.00     0.00    0.00  58.56
nvme20n1       236.80  97365.60    71.00  23.07    0.30   411.17  223.60 105081.60     5.00   2.19    0.37   469.95    0.00      0.00     0.00   0.00    0.00     0.00    0.00  59.20
nvme21n1       243.40  97656.80    71.80  22.78    0.29   401.22  225.40 104060.00     4.80   2.09    0.35   461.67    0.00      0.00     0.00   0.00    0.00     0.00    0.00  59.44
nvme22n1       234.80  96360.00    66.40  22.05    0.31   410.39  219.40 102290.40     4.60   2.05    0.34   466.23    0.00      0.00     0.00   0.00    0.00     0.00    0.00  58.00
nvme23n1       234.20  94935.20    70.00  23.01    0.29   405.36  217.80 102008.80     4.00   1.80    0.33   468.36    0.00      0.00     0.00   0.00    0.00     0.00    0.00  58.16
nvme24n1       236.80  96693.60    65.80  21.74    0.30   408.33  218.60 102664.80     4.00   1.80    0.33   469.65    0.00      0.00     0.00   0.00    0.00     0.00    0.00  59.60
nvme25n1       240.20  96666.40    70.80  22.77    0.29   402.44  221.20 103068.00     4.20   1.86    0.33   465.95    0.00      0.00     0.00   0.00    0.00     0.00    0.00  58.88
nvme26n1       241.60  98423.20    70.00  22.46    0.30   407.38  218.40 102600.00     3.80   1.71    0.34   469.78    0.00      0.00     0.00   0.00    0.00     0.00    0.00  59.52
nvme27n1       248.80  99510.40    73.00  22.68    0.29   399.96  221.20 103287.20     4.20   1.86    0.18   466.94    0.00      0.00     0.00   0.00    0.00     0.00    0.00  59.36
nvme28n1       245.40 100808.80    73.60  23.07    0.30   410.79  222.60 103254.40     4.40   1.94    0.36   463.86    0.00      0.00     0.00   0.00    0.00     0.00    0.00  60.40
nvme29n1       247.00  98366.40    70.20  22.13    0.30   398.24  222.00 102812.00     4.00   1.77    0.34   463.12    0.00      0.00     0.00   0.00    0.00     0.00    0.00  58.72
nvme2n1        239.40  94553.60    68.00  22.12    0.31   394.96  220.20 101172.80     3.80   1.70    0.37   459.46    0.00      0.00     0.00   0.00    0.00     0.00    0.00  58.88
nvme30n1       239.80  96947.20    70.40  22.70    0.31   404.28  220.20 102982.40     4.00   1.78    0.32   467.68    0.00      0.00     0.00   0.00    0.00     0.00    0.00  59.04
nvme31n1       241.20  94956.80    69.60  22.39    0.29   393.68  222.80 102392.00     3.80   1.68    0.33   459.57    0.00      0.00     0.00   0.00    0.00     0.00    0.00  58.96
nvme3n1        235.20  94637.60    71.80  23.39    0.29   402.37  219.00 101399.20     4.20   1.88    0.33   463.01    0.00      0.00     0.00   0.00    0.00     0.00    0.00  60.00
nvme4n1        236.20  94159.20    69.80  22.81    0.29   398.64  218.60 100714.40     4.20   1.89    0.35   460.72    0.00      0.00     0.00   0.00    0.00     0.00    0.00  57.28
nvme5n1        235.20  93662.40    68.60  22.58    0.29   398.22  233.80 100143.20     6.20   2.58    0.34   428.33    0.00      0.00     0.00   0.00    0.00     0.00    0.00  61.68
nvme6n1        243.40  97196.00    70.20  22.39    0.29   399.33  250.80 100374.40     5.60   2.18    0.32   400.22    0.00      0.00     0.00   0.00    0.00     0.00    0.00  60.56
nvme7n1        244.80  97713.60    70.40  22.34    0.29   399.16  255.80 100056.80     6.40   2.44    0.30   391.15    0.00      0.00     0.00   0.00    0.00     0.00    0.00  62.08
nvme8n1        243.40  97712.00    72.20  22.88    0.32   401.45  238.00  99096.00     4.60   1.90    0.36   416.37    0.00      0.00     0.00   0.00    0.00     0.00    0.00  62.72
nvme9n1        244.40  97882.40    75.40  23.58    0.30   400.50  261.00  97756.00     4.60   1.73    0.31   374.54    0.00      0.00     0.00   0.00    0.00     0.00    0.00  63.44


Device            r/s     rkB/s   rrqm/s  %rrqm r_await rareq-sz     w/s     wkB/s   wrqm/s  %wrqm w_await wareq-sz     d/s     dkB/s   drqm/s  %drqm d_await dareq-sz  aqu-sz  %util
dm-0            39.00    422.40     0.00   0.00    0.00    10.83   19.80    109.60     0.00   0.00    0.00     5.54    0.00      0.00     0.00   0.00    0.00     0.00    0.00   0.40
loop0            0.00      0.00     0.00   0.00    0.00     0.00    0.00      0.00     0.00   0.00    0.00     0.00    0.00      0.00     0.00   0.00    0.00     0.00    0.00   0.00
loop1            0.00      0.00     0.00   0.00    0.00     0.00    0.00      0.00     0.00   0.00    0.00     0.00    0.00      0.00     0.00   0.00    0.00     0.00    0.00   0.00
loop2            0.00      0.00     0.00   0.00    0.00     0.00    0.00      0.00     0.00   0.00    0.00     0.00    0.00      0.00     0.00   0.00    0.00     0.00    0.00   0.00
loop3            0.00      0.00     0.00   0.00    0.00     0.00    0.00      0.00     0.00   0.00    0.00     0.00    0.00      0.00     0.00   0.00    0.00     0.00    0.00   0.00
loop4            0.00      0.00     0.00   0.00    0.00     0.00    0.00      0.00     0.00   0.00    0.00     0.00    0.00      0.00     0.00   0.00    0.00     0.00    0.00   0.00
loop5            0.00      0.00     0.00   0.00    0.00     0.00    0.00      0.00     0.00   0.00    0.00     0.00    0.00      0.00     0.00   0.00    0.00     0.00    0.00   0.00
loop6            0.00      0.00     0.00   0.00    0.00     0.00    0.00      0.00     0.00   0.00    0.00     0.00    0.00      0.00     0.00   0.00    0.00     0.00    0.00   0.00
loop7            0.00      0.00     0.00   0.00    0.00     0.00    0.00      0.00     0.00   0.00    0.00     0.00    0.00      0.00     0.00   0.00    0.00     0.00    0.00   0.00
md0           5000.20 1974992.00     0.00   0.00    0.00   394.98 3516.60 1605119.20     0.00   0.00    0.00   456.44    0.00      0.00     0.00   0.00    0.00     0.00    0.00   0.00
nvme0n1          9.80    422.40    29.20  74.87    0.14    43.10   17.20    109.60     2.60  13.13    0.06     6.37    0.00      0.00     0.00   0.00    0.00     0.00    0.00   0.40
nvme10n1       127.80  54036.80    33.40  20.72    0.29   422.82  108.40  50880.80     7.80   6.71    0.31   469.38    0.00      0.00     0.00   0.00    0.00     0.00    0.00  31.76
nvme11n1       131.20  54232.80    33.60  20.39    0.30   413.36  109.00  51186.40     5.80   5.05    0.32   469.60    0.00      0.00     0.00   0.00    0.00     0.00    0.00  31.84
nvme12n1       130.60  54817.60    34.40  20.85    0.28   419.74  110.80  50840.80     9.20   7.67    0.33   458.85    0.00      0.00     0.00   0.00    0.00     0.00    0.00  32.80
nvme13n1       133.80  55791.20    33.00  19.78    0.30   416.97  100.40  50364.80     4.00   3.83    0.37   501.64    0.00      0.00     0.00   0.00    0.00     0.00    0.00  31.04
nvme14n1       132.00  54502.40    33.60  20.29    0.30   412.90  102.00  51323.20     6.40   5.90    0.40   503.17    0.00      0.00     0.00   0.00    0.00     0.00    0.00  31.36
nvme15n1       130.00  54715.20    35.80  21.59    0.28   420.89  100.80  51089.60     5.00   4.73    0.37   506.84    0.00      0.00     0.00   0.00    0.00     0.00    0.00  30.56
nvme16n1       133.80  54852.00    32.40  19.49    0.32   409.96  104.00  50560.00     6.40   5.80    0.39   486.15    0.00      0.00     0.00   0.00    0.00     0.00    0.00  32.64
nvme17n1       129.00  54599.20    35.40  21.53    0.29   423.25  104.80  50770.40     5.00   4.55    0.33   484.45    0.00      0.00     0.00   0.00    0.00     0.00    0.00  32.96
nvme18n1       134.00  54811.20    34.00  20.24    0.31   409.04  102.80  50903.20     5.80   5.34    0.40   495.17    0.00      0.00     0.00   0.00    0.00     0.00    0.00  33.20
nvme19n1       128.20  54018.40    35.00  21.45    0.31   421.36   99.60  50466.40     5.00   4.78    0.38   506.69    0.00      0.00     0.00   0.00    0.00     0.00    0.00  30.88
nvme1n1        126.60  53184.80    30.20  19.26    0.31   420.10  104.80  53171.20     4.40   4.03    0.40   507.36    0.00      0.00     0.00   0.00    0.00     0.00    0.00  32.40
nvme20n1       128.60  54197.60    33.00  20.42    0.28   421.44   98.40  49718.40     4.40   4.28    0.38   505.27    0.00      0.00     0.00   0.00    0.00     0.00    0.00  32.08
nvme21n1       128.40  53425.60    32.20  20.05    0.29   416.09   97.80  49304.80     5.00   4.86    0.36   504.14    0.00      0.00     0.00   0.00    0.00     0.00    0.00  31.28
nvme22n1       126.00  52690.40    33.60  21.05    0.29   418.18   99.20  49780.80     2.60   2.55    0.36   501.82    0.00      0.00     0.00   0.00    0.00     0.00    0.00  31.92
nvme23n1       126.60  53200.80    32.80  20.58    0.27   420.23   98.00  49862.40     5.40   5.22    0.36   508.80    0.00      0.00     0.00   0.00    0.00     0.00    0.00  31.52
nvme24n1       130.80  53764.80    31.00  19.16    0.29   411.05   97.40  49565.60     3.00   2.99    0.34   508.89    0.00      0.00     0.00   0.00    0.00     0.00    0.00  32.00
nvme25n1       127.60  54132.00    32.40  20.25    0.28   424.23   98.40  50582.40     7.20   6.82    0.37   514.05    0.00      0.00     0.00   0.00    0.00     0.00    0.00  31.52
nvme26n1       131.00  54521.60    31.80  19.53    0.30   416.20  102.00  51360.80     4.40   4.14    0.35   503.54    0.00      0.00     0.00   0.00    0.00     0.00    0.00  31.44
nvme27n1       126.60  53930.40    32.80  20.58    0.26   425.99   99.60  51353.60     5.60   5.32    0.19   515.60    0.00      0.00     0.00   0.00    0.00     0.00    0.00  31.20
nvme28n1       126.00  52911.20    30.00  19.23    0.29   419.93  102.40  52261.60     4.00   3.76    0.37   510.37    0.00      0.00     0.00   0.00    0.00     0.00    0.00  32.08
nvme29n1       125.80  53684.80    31.80  20.18    0.30   426.75  102.40  52564.00     6.00   5.54    0.36   513.32    0.00      0.00     0.00   0.00    0.00     0.00    0.00  31.52
nvme2n1        122.20  52064.80    31.80  20.65    0.29   426.06  102.40  52419.20     8.80   7.91    0.41   511.91    0.00      0.00     0.00   0.00    0.00     0.00    0.00  31.44
nvme30n1       130.60  53415.20    30.60  18.98    0.31   409.00  103.60  52577.60     3.60   3.36    0.32   507.51    0.00      0.00     0.00   0.00    0.00     0.00    0.00  31.52
nvme31n1       124.20  52754.40    32.80  20.89    0.31   424.75  101.40  52291.20     8.20   7.48    0.36   515.69    0.00      0.00     0.00   0.00    0.00     0.00    0.00  31.92
nvme3n1        128.40  53026.40    29.00  18.42    0.28   412.98  103.20  53280.00     4.40   4.09    0.35   516.28    0.00      0.00     0.00   0.00    0.00     0.00    0.00  32.80
nvme4n1        125.80  53204.80    32.40  20.48    0.30   422.93  103.80  52595.20     8.20   7.32    0.35   506.70    0.00      0.00     0.00   0.00    0.00     0.00    0.00  32.40
nvme5n1        129.40  53376.00    33.00  20.32    0.29   412.49  108.40  52543.20     5.40   4.75    0.35   484.72    0.00      0.00     0.00   0.00    0.00     0.00    0.00  34.40
nvme6n1        126.60  53009.60    32.20  20.28    0.30   418.72  119.20  51777.60    10.00   7.74    0.33   434.38    0.00      0.00     0.00   0.00    0.00     0.00    0.00  33.52
nvme7n1        128.80  52840.00    33.40  20.59    0.29   410.25  125.40  51681.60     6.60   5.00    0.32   412.13    0.00      0.00     0.00   0.00    0.00     0.00    0.00  34.64
nvme8n1        124.60  52234.40    33.20  21.04    0.30   419.22  126.40  50157.60    16.60  11.61    0.34   396.82    0.00      0.00     0.00   0.00    0.00     0.00    0.00  32.72
nvme9n1        128.80  53223.20    34.20  20.98    0.29   413.22  133.20  50262.40    21.40  13.84    0.29   377.35    0.00      0.00     0.00   0.00    0.00     0.00    0.00  34.80


Device            r/s     rkB/s   rrqm/s  %rrqm r_await rareq-sz     w/s     wkB/s   wrqm/s  %wrqm w_await wareq-sz     d/s     dkB/s   drqm/s  %drqm d_await dareq-sz  aqu-sz  %util
dm-0             0.20      0.80     0.00   0.00    0.00     4.00    4.40     20.00     0.00   0.00    0.00     4.55    0.00      0.00     0.00   0.00    0.00     0.00    0.00   0.16
loop0            0.00      0.00     0.00   0.00    0.00     0.00    0.00      0.00     0.00   0.00    0.00     0.00    0.00      0.00     0.00   0.00    0.00     0.00    0.00   0.00
loop1            0.00      0.00     0.00   0.00    0.00     0.00    0.00      0.00     0.00   0.00    0.00     0.00    0.00      0.00     0.00   0.00    0.00     0.00    0.00   0.00
loop2            0.00      0.00     0.00   0.00    0.00     0.00    0.00      0.00     0.00   0.00    0.00     0.00    0.00      0.00     0.00   0.00    0.00     0.00    0.00   0.00
loop3            0.00      0.00     0.00   0.00    0.00     0.00    0.00      0.00     0.00   0.00    0.00     0.00    0.00      0.00     0.00   0.00    0.00     0.00    0.00   0.00
loop4            0.00      0.00     0.00   0.00    0.00     0.00    0.00      0.00     0.00   0.00    0.00     0.00    0.00      0.00     0.00   0.00    0.00     0.00    0.00   0.00
loop5            0.00      0.00     0.00   0.00    0.00     0.00    0.00      0.00     0.00   0.00    0.00     0.00    0.00      0.00     0.00   0.00    0.00     0.00    0.00   0.00
loop6            0.00      0.00     0.00   0.00    0.00     0.00    0.00      0.00     0.00   0.00    0.00     0.00    0.00      0.00     0.00   0.00    0.00     0.00    0.00   0.00
loop7            0.00      0.00     0.00   0.00    0.00     0.00    0.00      0.00     0.00   0.00    0.00     0.00    0.00      0.00     0.00   0.00    0.00     0.00    0.00   0.00
md0           21013.40 7781418.40     0.00   0.00    0.00   370.31 13810.40 7012424.00     0.00   0.00    0.00   507.76    0.00      0.00     0.00   0.00    0.00     0.00    0.00   0.00
nvme0n1          0.20      0.80     0.00   0.00    0.00     4.00    1.40     20.00     3.00  68.18    0.00    14.29    0.00      0.00     0.00   0.00    0.00     0.00    0.00   0.16
nvme10n1       533.80 222866.40   140.00  20.78    0.36   417.51  420.00 220221.60     4.80   1.13    0.35   524.34    0.00      0.00     0.00   0.00    0.00     0.00    0.00  82.00
nvme11n1       533.80 224680.00   142.20  21.04    0.37   420.91  424.40 218316.00     7.80   1.80    0.36   514.41    0.00      0.00     0.00   0.00    0.00     0.00    0.00  80.64
nvme12n1       545.40 226752.00   137.40  20.12    0.35   415.75  419.00 217746.40     6.60   1.55    0.41   519.68    0.00      0.00     0.00   0.00    0.00     0.00    0.00  81.04
nvme13n1       531.60 223077.60   139.60  20.80    0.40   419.63  416.80 217294.40     8.60   2.02    0.45   521.34    0.00      0.00     0.00   0.00    0.00     0.00    0.00  82.00
nvme14n1       536.60 223697.60   137.20  20.36    0.36   416.88  419.40 219781.60     7.20   1.69    0.43   524.04    0.00      0.00     0.00   0.00    0.00     0.00    0.00  81.44
nvme15n1       545.20 226569.60   142.00  20.66    0.36   415.57  429.00 221770.40     7.60   1.74    0.43   516.95    0.00      0.00     0.00   0.00    0.00     0.00    0.00  81.12
nvme16n1       548.40 226904.80   140.80  20.43    0.38   413.76  435.00 220940.00     6.80   1.54    0.45   507.91    0.00      0.00     0.00   0.00    0.00     0.00    0.00  82.88
nvme17n1       549.00 226993.60   140.00  20.32    0.36   413.47  458.20 218703.20     8.40   1.80    0.34   477.31    0.00      0.00     0.00   0.00    0.00     0.00    0.00  83.92
nvme18n1       552.40 229048.00   143.40  20.61    0.37   414.64  425.60 216855.20     8.00   1.85    0.43   509.53    0.00      0.00     0.00   0.00    0.00     0.00    0.00  83.84
nvme19n1       549.00 227667.20   144.60  20.85    0.37   414.69  419.40 218380.80     7.60   1.78    0.42   520.70    0.00      0.00     0.00   0.00    0.00     0.00    0.00  82.48
nvme1n1        528.40 218887.20   137.60  20.66    0.36   414.25  411.20 217857.60     9.60   2.28    0.44   529.81    0.00      0.00     0.00   0.00    0.00     0.00    0.00  83.28
nvme20n1       552.20 228691.20   145.60  20.87    0.36   414.15  421.80 219405.60     6.80   1.59    0.44   520.17    0.00      0.00     0.00   0.00    0.00     0.00    0.00  82.96
nvme21n1       553.20 228299.20   143.20  20.56    0.35   412.69  417.00 217711.20     8.40   1.97    0.41   522.09    0.00      0.00     0.00   0.00    0.00     0.00    0.00  82.64
nvme22n1       546.60 227007.20   145.20  20.99    0.36   415.31  416.00 218072.00     4.80   1.14    0.41   524.21    0.00      0.00     0.00   0.00    0.00     0.00    0.00  81.92
nvme23n1       542.40 225992.80   144.40  21.03    0.35   416.65  410.60 215431.20     8.80   2.10    0.40   524.67    0.00      0.00     0.00   0.00    0.00     0.00    0.00  81.68
nvme24n1       540.40 224488.80   142.40  20.86    0.36   415.41  411.80 216028.80     8.00   1.91    0.39   524.60    0.00      0.00     0.00   0.00    0.00     0.00    0.00  80.72
nvme25n1       539.00 224475.20   141.20  20.76    0.37   416.47  409.60 216444.00    10.00   2.38    0.41   528.43    0.00      0.00     0.00   0.00    0.00     0.00    0.00  82.00
nvme26n1       534.80 222300.00   146.20  21.47    0.36   415.67  413.00 218065.60     8.20   1.95    0.40   528.00    0.00      0.00     0.00   0.00    0.00     0.00    0.00  82.40
nvme27n1       534.20 223658.40   137.20  20.43    0.33   418.68  416.40 218943.20     8.20   1.93    0.20   525.80    0.00      0.00     0.00   0.00    0.00     0.00    0.00  82.88
nvme28n1       534.80 223697.60   142.80  21.07    0.37   418.28  420.20 219047.20     6.80   1.59    0.42   521.29    0.00      0.00     0.00   0.00    0.00     0.00    0.00  82.24
nvme29n1       530.20 221574.40   135.40  20.34    0.39   417.91  414.20 216167.20     7.20   1.71    0.41   521.89    0.00      0.00     0.00   0.00    0.00     0.00    0.00  83.20
nvme2n1        527.20 217707.20   134.80  20.36    0.41   412.95  411.40 218817.60     8.40   2.00    0.44   531.89    0.00      0.00     0.00   0.00    0.00     0.00    0.00  83.36
nvme30n1       522.80 219045.60   141.80  21.34    0.39   418.99  414.00 219087.20     9.80   2.31    0.36   529.20    0.00      0.00     0.00   0.00    0.00     0.00    0.00  83.36
nvme31n1       537.00 220993.60   132.40  19.78    0.38   411.53  414.60 219172.00     7.20   1.71    0.39   528.63    0.00      0.00     0.00   0.00    0.00     0.00    0.00  84.56
nvme3n1        529.20 220427.20   139.00  20.80    0.35   416.53  412.20 218659.20     8.40   2.00    0.40   530.47    0.00      0.00     0.00   0.00    0.00     0.00    0.00  83.44
nvme4n1        530.60 221612.80   138.40  20.69    0.35   417.66  418.60 221952.00     7.80   1.83    0.41   530.22    0.00      0.00     0.00   0.00    0.00     0.00    0.00  85.36
nvme5n1        530.80 222540.80   135.80  20.37    0.36   419.26  447.20 220993.60    12.60   2.74    0.40   494.17    0.00      0.00     0.00   0.00    0.00     0.00    0.00  86.00
nvme6n1        528.80 221224.00   139.60  20.89    0.38   418.35  507.20 220808.00    11.40   2.20    0.36   435.35    0.00      0.00     0.00   0.00    0.00     0.00    0.00  85.68
nvme7n1        529.40 220668.00   136.40  20.49    0.37   416.83  516.00 220459.20    15.60   2.93    0.36   427.25    0.00      0.00     0.00   0.00    0.00     0.00    0.00  85.20
nvme8n1        529.00 220097.60   138.60  20.76    0.43   416.06  477.60 220752.80    13.00   2.65    0.44   462.21    0.00      0.00     0.00   0.00    0.00     0.00    0.00  85.28
nvme9n1        534.20 221387.20   149.00  21.81    0.36   414.43  516.60 220117.60    16.60   3.11    0.36   426.09    0.00      0.00     0.00   0.00    0.00     0.00    0.00  84.80


Device            r/s     rkB/s   rrqm/s  %rrqm r_await rareq-sz     w/s     wkB/s   wrqm/s  %wrqm w_await wareq-sz     d/s     dkB/s   drqm/s  %drqm d_await dareq-sz  aqu-sz  %util
dm-0             0.60     43.20     0.00   0.00    0.00    72.00    4.60     29.60     0.00   0.00    0.00     6.43    0.00      0.00     0.00   0.00    0.00     0.00    0.00   0.24
loop0            0.00      0.00     0.00   0.00    0.00     0.00    0.00      0.00     0.00   0.00    0.00     0.00    0.00      0.00     0.00   0.00    0.00     0.00    0.00   0.00
loop1            0.00      0.00     0.00   0.00    0.00     0.00    0.00      0.00     0.00   0.00    0.00     0.00    0.00      0.00     0.00   0.00    0.00     0.00    0.00   0.00
loop2            0.00      0.00     0.00   0.00    0.00     0.00    0.00      0.00     0.00   0.00    0.00     0.00    0.00      0.00     0.00   0.00    0.00     0.00    0.00   0.00
loop3            0.00      0.00     0.00   0.00    0.00     0.00    0.00      0.00     0.00   0.00    0.00     0.00    0.00      0.00     0.00   0.00    0.00     0.00    0.00   0.00
loop4            0.00      0.00     0.00   0.00    0.00     0.00    0.00      0.00     0.00   0.00    0.00     0.00    0.00      0.00     0.00   0.00    0.00     0.00    0.00   0.00
loop5            0.00      0.00     0.00   0.00    0.00     0.00    0.00      0.00     0.00   0.00    0.00     0.00    0.00      0.00     0.00   0.00    0.00     0.00    0.00   0.00
loop6            0.00      0.00     0.00   0.00    0.00     0.00    0.00      0.00     0.00   0.00    0.00     0.00    0.00      0.00     0.00   0.00    0.00     0.00    0.00   0.00
loop7            0.00      0.00     0.00   0.00    0.00     0.00    0.00      0.00     0.00   0.00    0.00     0.00    0.00      0.00     0.00   0.00    0.00     0.00    0.00   0.00
md0           6066.00 2324726.40     0.00   0.00    0.00   383.24 4300.20 2387475.20     0.00   0.00    0.00   555.20    0.00      0.00     0.00   0.00    0.00     0.00    0.00   0.00
nvme0n1          0.60     43.20     0.00   0.00    0.00    72.00    1.20     29.60     3.40  73.91    0.17    24.67    0.00      0.00     0.00   0.00    0.00     0.00    0.00   0.24
nvme10n1       159.40  65164.80    38.20  19.33    0.27   408.81  128.80  71960.00     3.40   2.57    0.31   558.70    0.00      0.00     0.00   0.00    0.00     0.00    0.00  49.20
nvme11n1       160.80  65837.60    40.00  19.92    0.27   409.44  128.80  72562.40     3.40   2.57    0.32   563.37    0.00      0.00     0.00   0.00    0.00     0.00    0.00  49.68
nvme12n1       160.60  65987.20    38.80  19.46    0.28   410.88  130.40  72468.80     3.60   2.69    0.36   555.74    0.00      0.00     0.00   0.00    0.00     0.00    0.00  48.80
nvme13n1       156.60  63205.60    40.00  20.35    0.26   403.61  126.00  70762.40     3.40   2.63    0.37   561.61    0.00      0.00     0.00   0.00    0.00     0.00    0.00  48.08
nvme14n1       152.00  62722.40    35.60  18.98    0.28   412.65  128.80  72289.60     3.40   2.57    0.37   561.25    0.00      0.00     0.00   0.00    0.00     0.00    0.00  46.80
nvme15n1       154.60  62812.00    37.80  19.65    0.25   406.29  128.20  71643.20     3.40   2.58    0.34   558.84    0.00      0.00     0.00   0.00    0.00     0.00    0.00  48.64
nvme16n1       153.00  63540.80    34.40  18.36    0.28   415.30  137.40  74142.40     3.40   2.41    0.37   539.61    0.00      0.00     0.00   0.00    0.00     0.00    0.00  49.28
nvme17n1       156.00  63320.00    40.00  20.41    0.26   405.90  133.00  72753.60     3.60   2.64    0.31   547.02    0.00      0.00     0.00   0.00    0.00     0.00    0.00  49.60
nvme18n1       149.20  62512.00    32.00  17.66    0.27   418.98  130.40  72538.40     3.60   2.69    0.36   556.28    0.00      0.00     0.00   0.00    0.00     0.00    0.00  47.20
nvme19n1       153.00  64036.80    38.00  19.90    0.28   418.54  130.40  73784.00     3.60   2.69    0.37   565.83    0.00      0.00     0.00   0.00    0.00     0.00    0.00  49.68
nvme1n1        165.40  68076.80    40.20  19.55    0.26   411.59  131.80  73281.60     3.80   2.80    0.39   556.01    0.00      0.00     0.00   0.00    0.00     0.00    0.00  50.56
nvme20n1       154.00  64721.60    32.40  17.38    0.27   420.27  129.60  73556.00     3.80   2.85    0.38   567.56    0.00      0.00     0.00   0.00    0.00     0.00    0.00  47.36
nvme21n1       161.40  65496.80    38.20  19.14    0.27   405.80  131.40  73759.20     4.00   2.95    0.35   561.33    0.00      0.00     0.00   0.00    0.00     0.00    0.00  49.84
nvme22n1       155.20  65391.20    33.60  17.80    0.29   421.34  129.40  72462.40     4.20   3.14    0.35   559.99    0.00      0.00     0.00   0.00    0.00     0.00    0.00  46.80
nvme23n1       158.40  64516.80    39.80  20.08    0.26   407.30  127.40  71567.20     4.40   3.34    0.34   561.75    0.00      0.00     0.00   0.00    0.00     0.00    0.00  47.60
nvme24n1       152.00  63798.40    35.00  18.72    0.27   419.73  126.20  70613.60     4.20   3.22    0.35   559.54    0.00      0.00     0.00   0.00    0.00     0.00    0.00  46.48
nvme25n1       158.00  63777.60    38.20  19.47    0.26   403.66  126.00  70945.60     4.00   3.08    0.34   563.06    0.00      0.00     0.00   0.00    0.00     0.00    0.00  48.08
nvme26n1       155.60  65388.80    35.60  18.62    0.28   420.24  127.00  71672.80     4.00   3.05    0.35   564.35    0.00      0.00     0.00   0.00    0.00     0.00    0.00  48.16
nvme27n1       159.80  65097.60    38.20  19.29    0.26   407.37  128.40  71500.00     3.80   2.87    0.18   556.85    0.00      0.00     0.00   0.00    0.00     0.00    0.00  46.16
nvme28n1       156.60  65871.20    38.60  19.77    0.28   420.63  128.20  71155.20     4.00   3.03    0.37   555.03    0.00      0.00     0.00   0.00    0.00     0.00    0.00  47.12
nvme29n1       153.40  64207.20    36.00  19.01    0.27   418.56  128.00  71474.40     3.80   2.88    0.34   558.39    0.00      0.00     0.00   0.00    0.00     0.00    0.00  46.48
nvme2n1        163.20  67912.00    39.40  19.45    0.28   416.13  129.20  73452.00     4.00   3.00    0.41   568.51    0.00      0.00     0.00   0.00    0.00     0.00    0.00  49.36
nvme30n1       155.00  64604.00    35.80  18.76    0.27   416.80  131.40  73071.20     3.60   2.67    0.33   556.10    0.00      0.00     0.00   0.00    0.00     0.00    0.00  50.32
nvme31n1       162.40  67109.60    37.80  18.88    0.28   413.24  131.60  72818.40     3.60   2.66    0.34   553.33    0.00      0.00     0.00   0.00    0.00     0.00    0.00  49.04
nvme3n1        163.20  67376.00    39.20  19.37    0.27   412.84  131.00  73184.80     4.00   2.96    0.35   558.66    0.00      0.00     0.00   0.00    0.00     0.00    0.00  48.16
nvme4n1        162.60  66960.80    39.80  19.66    0.26   411.81  127.00  72374.40     4.00   3.05    0.35   569.88    0.00      0.00     0.00   0.00    0.00     0.00    0.00  48.56
nvme5n1        164.20  67410.40    37.60  18.63    0.26   410.54  141.40  72095.20     5.00   3.42    0.33   509.87    0.00      0.00     0.00   0.00    0.00     0.00    0.00  51.92
nvme6n1        162.40  65560.80    39.20  19.44    0.27   403.70  152.40  71052.80     5.20   3.30    0.29   466.23    0.00      0.00     0.00   0.00    0.00     0.00    0.00  50.88
nvme7n1        161.20  65091.20    38.20  19.16    0.27   403.79  153.60  70682.40     5.40   3.40    0.29   460.17    0.00      0.00     0.00   0.00    0.00     0.00    0.00  49.68
nvme8n1        160.40  65654.40    39.40  19.72    0.27   409.32  147.00  71192.00     3.60   2.39    0.35   484.30    0.00      0.00     0.00   0.00    0.00     0.00    0.00  52.88
nvme9n1        158.20  65444.80    39.20  19.86    0.27   413.68  154.20  71544.80     3.60   2.28    0.31   463.97    0.00      0.00     0.00   0.00    0.00     0.00    0.00  53.12


Device            r/s     rkB/s   rrqm/s  %rrqm r_await rareq-sz     w/s     wkB/s   wrqm/s  %wrqm w_await wareq-sz     d/s     dkB/s   drqm/s  %drqm d_await dareq-sz  aqu-sz  %util
dm-0             0.20      0.80     0.00   0.00    4.00     4.00    4.20     49.60     0.00   0.00    0.00    11.81    0.00      0.00     0.00   0.00    0.00     0.00    0.00   0.32
loop0            0.00      0.00     0.00   0.00    0.00     0.00    0.00      0.00     0.00   0.00    0.00     0.00    0.00      0.00     0.00   0.00    0.00     0.00    0.00   0.00
loop1            0.00      0.00     0.00   0.00    0.00     0.00    0.00      0.00     0.00   0.00    0.00     0.00    0.00      0.00     0.00   0.00    0.00     0.00    0.00   0.00
loop2            0.00      0.00     0.00   0.00    0.00     0.00    0.00      0.00     0.00   0.00    0.00     0.00    0.00      0.00     0.00   0.00    0.00     0.00    0.00   0.00
loop3            0.00      0.00     0.00   0.00    0.00     0.00    0.00      0.00     0.00   0.00    0.00     0.00    0.00      0.00     0.00   0.00    0.00     0.00    0.00   0.00
loop4            0.00      0.00     0.00   0.00    0.00     0.00    0.00      0.00     0.00   0.00    0.00     0.00    0.00      0.00     0.00   0.00    0.00     0.00    0.00   0.00
loop5            0.00      0.00     0.00   0.00    0.00     0.00    0.00      0.00     0.00   0.00    0.00     0.00    0.00      0.00     0.00   0.00    0.00     0.00    0.00   0.00
loop6            0.00      0.00     0.00   0.00    0.00     0.00    0.00      0.00     0.00   0.00    0.00     0.00    0.00      0.00     0.00   0.00    0.00     0.00    0.00   0.00
loop7            0.00      0.00     0.00   0.00    0.00     0.00    0.00      0.00     0.00   0.00    0.00     0.00    0.00      0.00     0.00   0.00    0.00     0.00    0.00   0.00
md0           10721.20 4206616.00     0.00   0.00    0.00   392.36 7112.20 3998540.00     0.00   0.00    0.00   562.21    0.00      0.00     0.00   0.00    0.00     0.00    0.00   0.00
nvme0n1          0.20      0.80     0.00   0.00    0.00     4.00    1.00     49.60     3.20  76.19    0.00    49.60    0.00      0.00     0.00   0.00    0.00     0.00    0.00   0.32
nvme10n1       277.20 116472.80    65.40  19.09    0.29   420.18  215.80 124172.00    16.40   7.06    0.32   575.40    0.00      0.00     0.00   0.00    0.00     0.00    0.00  66.16
nvme11n1       272.20 116507.20    59.40  17.91    0.31   428.02  218.00 126309.60    14.40   6.20    0.35   579.40    0.00      0.00     0.00   0.00    0.00     0.00    0.00  67.20
nvme12n1       281.60 118568.80    64.20  18.57    0.30   421.05  217.00 127015.20    13.80   5.98    0.37   585.32    0.00      0.00     0.00   0.00    0.00     0.00    0.00  67.44
nvme13n1       281.60 119971.20    63.60  18.42    0.34   426.03  213.20 127609.60    14.40   6.33    0.39   598.54    0.00      0.00     0.00   0.00    0.00     0.00    0.00  66.64
nvme14n1       287.20 120368.80    68.80  19.33    0.30   419.11  210.40 126717.60     9.00   4.10    0.39   602.27    0.00      0.00     0.00   0.00    0.00     0.00    0.00  65.04
nvme15n1       280.40 119970.40    64.20  18.63    0.31   427.85  209.20 126602.40    16.80   7.43    0.39   605.17    0.00      0.00     0.00   0.00    0.00     0.00    0.00  65.20
nvme16n1       285.20 120829.60    69.00  19.48    0.31   423.67  210.40 126020.80     8.40   3.84    0.40   598.96    0.00      0.00     0.00   0.00    0.00     0.00    0.00  67.04
nvme17n1       279.40 120413.60    66.00  19.11    0.30   430.97  206.60 124104.80    16.00   7.19    0.34   600.70    0.00      0.00     0.00   0.00    0.00     0.00    0.00  66.00
nvme18n1       283.40 120024.00    69.00  19.58    0.31   423.51  219.00 124867.20     9.80   4.28    0.36   570.17    0.00      0.00     0.00   0.00    0.00     0.00    0.00  67.52
nvme19n1       277.80 117868.80    64.20  18.77    0.30   424.29  206.80 124448.80    16.60   7.43    0.38   601.78    0.00      0.00     0.00   0.00    0.00     0.00    0.00  66.80
nvme1n1        283.60 121451.20    68.00  19.34    0.31   428.25  196.40 122136.00     9.40   4.57    0.39   621.87    0.00      0.00     0.00   0.00    0.00     0.00    0.00  66.56
nvme20n1       276.00 117175.20    67.40  19.63    0.30   424.55  204.00 125013.60     7.60   3.59    0.40   612.81    0.00      0.00     0.00   0.00    0.00     0.00    0.00  65.92
nvme21n1       276.40 118504.00    63.80  18.75    0.31   428.74  205.00 125788.80    15.20   6.90    0.37   613.60    0.00      0.00     0.00   0.00    0.00     0.00    0.00  66.24
nvme22n1       275.60 116841.60    69.00  20.02    0.30   423.95  204.80 124688.00     8.00   3.76    0.36   608.83    0.00      0.00     0.00   0.00    0.00     0.00    0.00  66.96
nvme23n1       275.40 116861.60    64.40  18.95    0.29   424.33  204.00 124565.60    16.20   7.36    0.36   610.62    0.00      0.00     0.00   0.00    0.00     0.00    0.00  67.36
nvme24n1       271.00 116245.60    66.20  19.63    0.30   428.95  199.80 122656.80     7.80   3.76    0.36   613.90    0.00      0.00     0.00   0.00    0.00     0.00    0.00  66.00
nvme25n1       275.40 116789.60    62.20  18.42    0.29   424.07  200.40 122034.40    14.40   6.70    0.35   608.95    0.00      0.00     0.00   0.00    0.00     0.00    0.00  65.12
nvme26n1       274.60 117391.20    62.80  18.61    0.30   427.50  197.00 122320.80     8.20   4.00    0.36   620.92    0.00      0.00     0.00   0.00    0.00     0.00    0.00  65.84
nvme27n1       286.00 121546.40    63.60  18.19    0.28   424.99  193.20 120600.80    15.80   7.56    0.19   624.23    0.00      0.00     0.00   0.00    0.00     0.00    0.00  65.68
nvme28n1       283.40 120892.00    67.80  19.31    0.31   426.58  195.60 121469.60     8.40   4.12    0.38   621.01    0.00      0.00     0.00   0.00    0.00     0.00    0.00  65.44
nvme29n1       290.60 120084.80    63.20  17.86    0.29   413.23  195.80 121545.60    12.20   5.87    0.36   620.76    0.00      0.00     0.00   0.00    0.00     0.00    0.00  66.48
nvme2n1        285.40 122042.40    68.20  19.29    0.31   427.62  200.40 123731.20    10.60   5.02    0.39   617.42    0.00      0.00     0.00   0.00    0.00     0.00    0.00  66.80
nvme30n1       282.60 120576.00    69.00  19.62    0.31   426.67  194.40 120589.60     8.80   4.33    0.33   620.32    0.00      0.00     0.00   0.00    0.00     0.00    0.00  64.56
nvme31n1       289.00 121939.20    68.40  19.14    0.30   421.93  197.40 122130.40    16.00   7.50    0.35   618.70    0.00      0.00     0.00   0.00    0.00     0.00    0.00  65.60
nvme3n1        286.60 122994.40    68.00  19.18    0.29   429.15  203.60 124663.20    10.00   4.68    0.35   612.29    0.00      0.00     0.00   0.00    0.00     0.00    0.00  67.12
nvme4n1        292.00 123271.20    67.20  18.71    0.29   422.16  207.40 124506.40     8.60   3.98    0.36   600.32    0.00      0.00     0.00   0.00    0.00     0.00    0.00  67.84
nvme5n1        287.00 120749.60    66.60  18.83    0.30   420.73  229.80 123522.40    11.60   4.81    0.34   537.52    0.00      0.00     0.00   0.00    0.00     0.00    0.00  72.32
nvme6n1        274.40 116644.80    66.00  19.39    0.30   425.09  245.00 123592.00    16.00   6.13    0.32   504.46    0.00      0.00     0.00   0.00    0.00     0.00    0.00  69.84
nvme7n1        273.20 115817.60    62.20  18.55    0.29   423.93  263.60 124558.40    16.40   5.86    0.30   472.53    0.00      0.00     0.00   0.00    0.00     0.00    0.00  68.48
nvme8n1        275.80 116112.00    65.80  19.26    0.32   421.00  252.00 124692.80    26.20   9.42    0.35   494.81    0.00      0.00     0.00   0.00    0.00     0.00    0.00  71.04
nvme9n1        269.20 115955.20    59.80  18.18    0.30   430.74  272.60 124951.20    30.80  10.15    0.30   458.37    0.00      0.00     0.00   0.00    0.00     0.00    0.00  70.48


Device            r/s     rkB/s   rrqm/s  %rrqm r_await rareq-sz     w/s     wkB/s   wrqm/s  %wrqm w_await wareq-sz     d/s     dkB/s   drqm/s  %drqm d_await dareq-sz  aqu-sz  %util
dm-0             0.00      0.00     0.00   0.00    0.00     0.00    1.80      8.00     0.00   0.00    0.00     4.44    0.00      0.00     0.00   0.00    0.00     0.00    0.00   0.16
loop0            0.00      0.00     0.00   0.00    0.00     0.00    0.00      0.00     0.00   0.00    0.00     0.00    0.00      0.00     0.00   0.00    0.00     0.00    0.00   0.00
loop1            0.00      0.00     0.00   0.00    0.00     0.00    0.00      0.00     0.00   0.00    0.00     0.00    0.00      0.00     0.00   0.00    0.00     0.00    0.00   0.00
loop2            0.00      0.00     0.00   0.00    0.00     0.00    0.00      0.00     0.00   0.00    0.00     0.00    0.00      0.00     0.00   0.00    0.00     0.00    0.00   0.00
loop3            0.00      0.00     0.00   0.00    0.00     0.00    0.00      0.00     0.00   0.00    0.00     0.00    0.00      0.00     0.00   0.00    0.00     0.00    0.00   0.00
loop4            0.00      0.00     0.00   0.00    0.00     0.00    0.00      0.00     0.00   0.00    0.00     0.00    0.00      0.00     0.00   0.00    0.00     0.00    0.00   0.00
loop5            0.00      0.00     0.00   0.00    0.00     0.00    0.00      0.00     0.00   0.00    0.00     0.00    0.00      0.00     0.00   0.00    0.00     0.00    0.00   0.00
loop6            0.00      0.00     0.00   0.00    0.00     0.00    0.00      0.00     0.00   0.00    0.00     0.00    0.00      0.00     0.00   0.00    0.00     0.00    0.00   0.00
loop7            0.00      0.00     0.00   0.00    0.00     0.00    0.00      0.00     0.00   0.00    0.00     0.00    0.00      0.00     0.00   0.00    0.00     0.00    0.00   0.00
md0           8215.20 3354281.60     0.00   0.00    0.00   408.30 5664.80 3153511.20     0.00   0.00    0.00   556.69    0.00      0.00     0.00   0.00    0.00     0.00    0.00   0.00
nvme0n1          0.00      0.00     0.00   0.00    0.00     0.00    0.80      8.00     1.00  55.56    0.00    10.00    0.00      0.00     0.00   0.00    0.00     0.00    0.00   0.16
nvme10n1       217.80  93788.00    52.00  19.27    0.29   430.62  177.20  98495.20     6.00   3.28    0.32   555.84    0.00      0.00     0.00   0.00    0.00     0.00    0.00  56.08
nvme11n1       216.60  94858.40    47.20  17.89    0.30   437.94  175.20  98005.60     5.00   2.77    0.39   559.39    0.00      0.00     0.00   0.00    0.00     0.00    0.00  55.84
nvme12n1       215.40  93236.00    54.00  20.04    0.29   432.85  174.20  98427.20     6.80   3.76    0.38   565.02    0.00      0.00     0.00   0.00    0.00     0.00    0.00  55.04
nvme13n1       211.80  92475.20    47.40  18.29    0.30   436.62  172.20  99614.40     4.40   2.49    0.41   578.48    0.00      0.00     0.00   0.00    0.00     0.00    0.00  53.92
nvme14n1       212.80  90870.40    51.60  19.52    0.30   427.02  168.80  98560.80     5.80   3.32    0.39   583.89    0.00      0.00     0.00   0.00    0.00     0.00    0.00  54.80
nvme15n1       211.60  91748.80    48.00  18.49    0.29   433.60  171.00  99118.40     5.20   2.95    0.39   579.64    0.00      0.00     0.00   0.00    0.00     0.00    0.00  54.08
nvme16n1       215.80  94087.20    50.60  18.99    0.29   435.99  171.40  98477.60     4.00   2.28    0.40   574.55    0.00      0.00     0.00   0.00    0.00     0.00    0.00  55.44
nvme17n1       213.20  92744.80    46.40  17.87    0.29   435.01  172.20  98069.60     6.40   3.58    0.33   569.51    0.00      0.00     0.00   0.00    0.00     0.00    0.00  55.20
nvme18n1       209.80  89661.60    47.80  18.56    0.29   427.37  175.60  96572.00     4.40   2.44    0.38   549.95    0.00      0.00     0.00   0.00    0.00     0.00    0.00  54.40
nvme19n1       206.20  89836.00    47.00  18.56    0.28   435.67  169.60  97048.00     5.00   2.86    0.38   572.22    0.00      0.00     0.00   0.00    0.00     0.00    0.00  53.84
nvme1n1        222.80  97168.00    47.80  17.66    0.29   436.12  170.20  96001.60     3.00   1.73    0.42   564.05    0.00      0.00     0.00   0.00    0.00     0.00    0.00  56.56
nvme20n1       211.80  90634.40    46.60  18.03    0.28   427.92  166.40  96783.20     3.00   1.77    0.41   581.63    0.00      0.00     0.00   0.00    0.00     0.00    0.00  54.88
nvme21n1       207.20  90804.00    45.40  17.97    0.28   438.24  165.40  95227.20     3.00   1.78    0.39   575.74    0.00      0.00     0.00   0.00    0.00     0.00    0.00  53.52
nvme22n1       213.20  91432.80    46.40  17.87    0.28   428.86  166.60  94898.40     1.80   1.07    0.38   569.62    0.00      0.00     0.00   0.00    0.00     0.00    0.00  53.92
nvme23n1       212.20  93187.20    47.40  18.26    0.29   439.15  170.20  96264.80     6.20   3.51    0.37   565.60    0.00      0.00     0.00   0.00    0.00     0.00    0.00  54.48
nvme24n1       213.40  92470.40    47.60  18.24    0.30   433.32  167.60  96844.80     2.20   1.30    0.38   577.83    0.00      0.00     0.00   0.00    0.00     0.00    0.00  55.28
nvme25n1       210.40  92395.20    47.80  18.51    0.28   439.14  169.40  96784.00     8.80   4.94    0.38   571.33    0.00      0.00     0.00   0.00    0.00     0.00    0.00  55.92
nvme26n1       215.80  92265.60    45.20  17.32    0.29   427.55  170.40  94510.40     2.40   1.39    0.37   554.64    0.00      0.00     0.00   0.00    0.00     0.00    0.00  54.88
nvme27n1       211.60  92205.60    46.60  18.05    0.27   435.75  167.00  93413.60     9.00   5.11    0.21   559.36    0.00      0.00     0.00   0.00    0.00     0.00    0.00  55.04
nvme28n1       216.20  93585.60    44.00  16.91    0.29   432.87  164.00  91426.40     1.80   1.09    0.37   557.48    0.00      0.00     0.00   0.00    0.00     0.00    0.00  55.92
nvme29n1       217.40  94723.20    48.00  18.09    0.30   435.71  164.20  92712.00     8.00   4.65    0.37   564.63    0.00      0.00     0.00   0.00    0.00     0.00    0.00  53.92
nvme2n1        226.00  97264.80    53.60  19.17    0.30   430.38  169.20  94585.60     8.80   4.94    0.40   559.02    0.00      0.00     0.00   0.00    0.00     0.00    0.00  56.32
nvme30n1       218.20  95223.20    47.20  17.78    0.32   436.40  163.20  93827.20     2.80   1.69    0.35   574.92    0.00      0.00     0.00   0.00    0.00     0.00    0.00  54.56
nvme31n1       220.80  95405.60    53.00  19.36    0.30   432.09  166.00  94396.00     8.00   4.60    0.37   568.65    0.00      0.00     0.00   0.00    0.00     0.00    0.00  54.00
nvme3n1        218.60  95984.80    48.60  18.19    0.29   439.09  164.40  93385.60     3.60   2.14    0.37   568.04    0.00      0.00     0.00   0.00    0.00     0.00    0.00  56.56
nvme4n1        219.20  94095.20    53.20  19.53    0.28   429.27  163.60  94242.40     8.00   4.66    0.37   576.05    0.00      0.00     0.00   0.00    0.00     0.00    0.00  56.88
nvme5n1        218.60  94941.60    47.80  17.94    0.29   434.32  182.60  96007.20     6.80   3.59    0.36   525.78    0.00      0.00     0.00   0.00    0.00     0.00    0.00  58.08
nvme6n1        226.80  96588.80    54.20  19.29    0.29   425.88  195.60  94856.00     9.60   4.68    0.33   484.95    0.00      0.00     0.00   0.00    0.00     0.00    0.00  57.60
nvme7n1        219.40  94971.20    50.20  18.62    0.30   432.87  203.60  95869.60     7.00   3.32    0.33   470.87    0.00      0.00     0.00   0.00    0.00     0.00    0.00  56.16
nvme8n1        224.20  95848.00    52.60  19.00    0.31   427.51  195.60  96561.60    18.20   8.51    0.39   493.67    0.00      0.00     0.00   0.00    0.00     0.00    0.00  59.28
nvme9n1        219.20  95875.20    54.80  20.00    0.29   437.39  221.00  96964.00    16.40   6.91    0.32   438.75    0.00      0.00     0.00   0.00    0.00     0.00    0.00  61.52


Device            r/s     rkB/s   rrqm/s  %rrqm r_await rareq-sz     w/s     wkB/s   wrqm/s  %wrqm w_await wareq-sz     d/s     dkB/s   drqm/s  %drqm d_await dareq-sz  aqu-sz  %util
dm-0             0.00      0.00     0.00   0.00    0.00     0.00    2.20      8.80     0.00   0.00    0.00     4.00    0.00      0.00     0.00   0.00    0.00     0.00    0.00   0.08
loop0            0.00      0.00     0.00   0.00    0.00     0.00    0.00      0.00     0.00   0.00    0.00     0.00    0.00      0.00     0.00   0.00    0.00     0.00    0.00   0.00
loop1            0.00      0.00     0.00   0.00    0.00     0.00    0.00      0.00     0.00   0.00    0.00     0.00    0.00      0.00     0.00   0.00    0.00     0.00    0.00   0.00
loop2            0.00      0.00     0.00   0.00    0.00     0.00    0.00      0.00     0.00   0.00    0.00     0.00    0.00      0.00     0.00   0.00    0.00     0.00    0.00   0.00
loop3            0.00      0.00     0.00   0.00    0.00     0.00    0.00      0.00     0.00   0.00    0.00     0.00    0.00      0.00     0.00   0.00    0.00     0.00    0.00   0.00
loop4            0.00      0.00     0.00   0.00    0.00     0.00    0.00      0.00     0.00   0.00    0.00     0.00    0.00      0.00     0.00   0.00    0.00     0.00    0.00   0.00
loop5            0.00      0.00     0.00   0.00    0.00     0.00    0.00      0.00     0.00   0.00    0.00     0.00    0.00      0.00     0.00   0.00    0.00     0.00    0.00   0.00
loop6            0.00      0.00     0.00   0.00    0.00     0.00    0.00      0.00     0.00   0.00    0.00     0.00    0.00      0.00     0.00   0.00    0.00     0.00    0.00   0.00
loop7            0.00      0.00     0.00   0.00    0.00     0.00    0.00      0.00     0.00   0.00    0.00     0.00    0.00      0.00     0.00   0.00    0.00     0.00    0.00   0.00
md0           10754.20 4500000.00     0.00   0.00    0.00   418.44 6032.60 4143310.40     0.00   0.00    0.00   686.82    0.00      0.00     0.00   0.00    0.00     0.00    0.00   0.00
nvme0n1          0.00      0.00     0.00   0.00    0.00     0.00    0.40      8.80     1.80  81.82    0.00    22.00    0.00      0.00     0.00   0.00    0.00     0.00    0.00   0.08
nvme10n1       276.80 126903.20    67.00  19.49    0.32   458.47  183.20 131810.40     2.80   1.51    0.35   719.49    0.00      0.00     0.00   0.00    0.00     0.00    0.00  62.80
nvme11n1       280.00 125472.80    63.40  18.46    0.31   448.12  179.20 130275.20     2.80   1.54    0.41   726.98    0.00      0.00     0.00   0.00    0.00     0.00    0.00  62.32
nvme12n1       281.00 127815.20    68.60  19.62    0.32   454.86  180.40 129858.40     2.80   1.53    0.40   719.84    0.00      0.00     0.00   0.00    0.00     0.00    0.00  63.12
nvme13n1       278.00 126721.60    65.40  19.04    0.33   455.83  178.60 128984.00     3.00   1.65    0.41   722.19    0.00      0.00     0.00   0.00    0.00     0.00    0.00  63.28
nvme14n1       270.40 125545.60    69.00  20.33    0.32   464.30  177.00 129826.40     3.00   1.67    0.42   733.48    0.00      0.00     0.00   0.00    0.00     0.00    0.00  62.72
nvme15n1       273.80 123913.60    63.60  18.85    0.32   452.57  180.80 129929.60     3.00   1.63    0.41   718.64    0.00      0.00     0.00   0.00    0.00     0.00    0.00  61.60
nvme16n1       279.20 126225.60    68.00  19.59    0.32   452.10  190.40 130831.20     3.20   1.65    0.41   687.14    0.00      0.00     0.00   0.00    0.00     0.00    0.00  62.32
nvme17n1       276.60 124253.60    64.20  18.84    0.31   449.22  182.00 129356.00     3.00   1.62    0.36   710.75    0.00      0.00     0.00   0.00    0.00     0.00    0.00  62.48
nvme18n1       275.40 124251.20    68.60  19.94    0.33   451.17  189.80 129227.20     3.20   1.66    0.41   680.86    0.00      0.00     0.00   0.00    0.00     0.00    0.00  62.64
nvme19n1       275.60 126002.40    64.60  18.99    0.33   457.19  177.60 129268.80     3.20   1.77    0.42   727.86    0.00      0.00     0.00   0.00    0.00     0.00    0.00  62.16
nvme1n1        279.40 125412.80    65.40  18.97    0.33   448.86  179.80 128920.80     3.80   2.07    0.43   717.02    0.00      0.00     0.00   0.00    0.00     0.00    0.00  63.36
nvme20n1       279.00 127261.60    71.60  20.42    0.31   456.13  178.80 129934.40     3.20   1.76    0.43   726.70    0.00      0.00     0.00   0.00    0.00     0.00    0.00  62.40
nvme21n1       273.20 124015.20    63.20  18.79    0.31   453.94  180.80 129162.40     3.20   1.74    0.41   714.39    0.00      0.00     0.00   0.00    0.00     0.00    0.00  61.60
nvme22n1       276.20 124496.80    69.20  20.03    0.32   450.75  180.60 128921.60     3.00   1.63    0.40   713.85    0.00      0.00     0.00   0.00    0.00     0.00    0.00  61.68
nvme23n1       277.40 127545.60    65.60  19.13    0.31   459.79  180.40 128896.00     3.00   1.64    0.39   714.50    0.00      0.00     0.00   0.00    0.00     0.00    0.00  62.08
nvme24n1       286.60 130376.80    71.40  19.94    0.32   454.91  182.00 127937.60     2.80   1.52    0.39   702.95    0.00      0.00     0.00   0.00    0.00     0.00    0.00  62.48
nvme25n1       284.40 130912.80    65.00  18.60    0.32   460.31  181.80 129712.80     2.60   1.41    0.41   713.49    0.00      0.00     0.00   0.00    0.00     0.00    0.00  62.24
nvme26n1       286.80 131209.60    73.40  20.38    0.30   457.50  183.60 130572.80     2.60   1.40    0.42   711.18    0.00      0.00     0.00   0.00    0.00     0.00    0.00  63.36
nvme27n1       284.00 129432.00    67.60  19.23    0.31   455.75  184.00 129066.40     2.60   1.39    0.35   701.45    0.00      0.00     0.00   0.00    0.00     0.00    0.00  62.08
nvme28n1       282.20 128283.20    71.20  20.15    0.32   454.58  182.20 130928.00     2.80   1.51    0.40   718.59    0.00      0.00     0.00   0.00    0.00     0.00    0.00  62.72
nvme29n1       280.80 128611.20    67.80  19.45    0.32   458.02  182.20 131067.20     3.00   1.62    0.39   719.36    0.00      0.00     0.00   0.00    0.00     0.00    0.00  62.88
nvme2n1        275.20 126100.80    66.40  19.44    0.33   458.22  177.60 129648.00     3.60   1.99    0.44   730.00    0.00      0.00     0.00   0.00    0.00     0.00    0.00  61.92
nvme30n1       285.60 128651.20    68.40  19.32    0.32   450.46  182.00 130693.60     3.40   1.83    0.36   718.10    0.00      0.00     0.00   0.00    0.00     0.00    0.00  63.12
nvme31n1       281.20 128228.00    69.00  19.70    0.34   456.00  182.60 130084.80     3.60   1.93    0.38   712.40    0.00      0.00     0.00   0.00    0.00     0.00    0.00  61.36
nvme3n1        282.40 125860.80    65.20  18.76    0.31   445.68  178.20 130260.80     3.80   2.09    0.40   730.98    0.00      0.00     0.00   0.00    0.00     0.00    0.00  62.16
nvme4n1        280.00 127239.20    68.60  19.68    0.33   454.43  180.60 130720.00     3.40   1.85    0.41   723.81    0.00      0.00     0.00   0.00    0.00     0.00    0.00  60.96
nvme5n1        287.20 128137.60    66.60  18.82    0.32   446.16  199.80 131584.80     5.60   2.73    0.38   658.58    0.00      0.00     0.00   0.00    0.00     0.00    0.00  65.52
nvme6n1        279.80 126606.40    71.60  20.38    0.32   452.49  227.80 130396.00     6.80   2.90    0.33   572.41    0.00      0.00     0.00   0.00    0.00     0.00    0.00  64.64
nvme7n1        282.80 124942.40    62.60  18.12    0.31   441.80  229.00 130043.20     6.40   2.72    0.34   567.87    0.00      0.00     0.00   0.00    0.00     0.00    0.00  64.56
nvme8n1        278.80 127413.60    69.60  19.98    0.37   457.01  210.40 129436.00     2.80   1.31    0.43   615.19    0.00      0.00     0.00   0.00    0.00     0.00    0.00  66.64
nvme9n1        279.60 125792.80    64.40  18.72    0.31   449.90  234.60 129436.00     2.80   1.18    0.33   551.73    0.00      0.00     0.00   0.00    0.00     0.00    0.00  67.60


Device            r/s     rkB/s   rrqm/s  %rrqm r_await rareq-sz     w/s     wkB/s   wrqm/s  %wrqm w_await wareq-sz     d/s     dkB/s   drqm/s  %drqm d_await dareq-sz  aqu-sz  %util
dm-0             0.20      0.80     0.00   0.00    0.00     4.00   20.80     85.60     0.00   0.00    0.00     4.12    0.00      0.00     0.00   0.00    0.00     0.00    0.00   0.16
loop0            0.00      0.00     0.00   0.00    0.00     0.00    0.00      0.00     0.00   0.00    0.00     0.00    0.00      0.00     0.00   0.00    0.00     0.00    0.00   0.00
loop1            0.00      0.00     0.00   0.00    0.00     0.00    0.00      0.00     0.00   0.00    0.00     0.00    0.00      0.00     0.00   0.00    0.00     0.00    0.00   0.00
loop2            0.00      0.00     0.00   0.00    0.00     0.00    0.00      0.00     0.00   0.00    0.00     0.00    0.00      0.00     0.00   0.00    0.00     0.00    0.00   0.00
loop3            0.00      0.00     0.00   0.00    0.00     0.00    0.00      0.00     0.00   0.00    0.00     0.00    0.00      0.00     0.00   0.00    0.00     0.00    0.00   0.00
loop4            0.00      0.00     0.00   0.00    0.00     0.00    0.00      0.00     0.00   0.00    0.00     0.00    0.00      0.00     0.00   0.00    0.00     0.00    0.00   0.00
loop5            0.00      0.00     0.00   0.00    0.00     0.00    0.00      0.00     0.00   0.00    0.00     0.00    0.00      0.00     0.00   0.00    0.00     0.00    0.00   0.00
loop6            0.00      0.00     0.00   0.00    0.00     0.00    0.00      0.00     0.00   0.00    0.00     0.00    0.00      0.00     0.00   0.00    0.00     0.00    0.00   0.00
loop7            0.00      0.00     0.00   0.00    0.00     0.00    0.00      0.00     0.00   0.00    0.00     0.00    0.00      0.00     0.00   0.00    0.00     0.00    0.00   0.00
md0           10019.00 4290758.40     0.00   0.00    0.00   428.26 6564.20 3998161.60     0.00   0.00    0.00   609.09    0.00      0.00     0.00   0.00    0.00     0.00    0.00   0.00
nvme0n1          0.20      0.80     0.00   0.00    0.00     4.00   18.20     85.60     2.60  12.50    0.03     4.70    0.00      0.00     0.00   0.00    0.00     0.00    0.00   0.16
nvme10n1       256.00 118662.40    60.40  19.09    0.33   463.52  195.00 125986.40    10.60   5.16    0.34   646.08    0.00      0.00     0.00   0.00    0.00     0.00    0.00  59.60
nvme11n1       254.00 116879.20    61.60  19.52    0.33   460.15  195.20 124902.40    10.60   5.15    0.39   639.87    0.00      0.00     0.00   0.00    0.00     0.00    0.00  60.40
nvme12n1       257.80 117547.20    61.40  19.24    0.31   455.96  194.60 124440.80     9.80   4.79    0.39   639.47    0.00      0.00     0.00   0.00    0.00     0.00    0.00  60.56
nvme13n1       254.20 119216.80    60.40  19.20    0.34   468.99  190.40 126555.20     8.20   4.13    0.40   664.68    0.00      0.00     0.00   0.00    0.00     0.00    0.00  61.36
nvme14n1       266.20 121678.40    63.60  19.28    0.32   457.09  191.80 127550.40     6.20   3.13    0.41   665.02    0.00      0.00     0.00   0.00    0.00     0.00    0.00  60.48
nvme15n1       265.00 119456.00    61.60  18.86    0.32   450.78  194.00 124511.20    10.40   5.09    0.38   641.81    0.00      0.00     0.00   0.00    0.00     0.00    0.00  60.24
nvme16n1       258.00 118561.60    62.40  19.48    0.32   459.54  189.80 125548.80     9.20   4.62    0.40   661.48    0.00      0.00     0.00   0.00    0.00     0.00    0.00  60.72
nvme17n1       256.00 118228.80    59.40  18.83    0.33   461.83  197.00 125420.00     9.40   4.55    0.34   636.65    0.00      0.00     0.00   0.00    0.00     0.00    0.00  60.56
nvme18n1       259.20 119613.60    61.40  19.15    0.33   461.47  196.40 125877.60     7.60   3.73    0.39   640.92    0.00      0.00     0.00   0.00    0.00     0.00    0.00  60.56
nvme19n1       267.20 123147.20    61.20  18.64    0.33   460.88  193.80 126499.20    11.00   5.37    0.38   652.73    0.00      0.00     0.00   0.00    0.00     0.00    0.00  60.88
nvme1n1        259.20 117316.80    60.20  18.85    0.31   452.61  183.20 121800.80     8.80   4.58    0.41   664.85    0.00      0.00     0.00   0.00    0.00     0.00    0.00  60.08
nvme20n1       267.40 122280.80    62.60  18.97    0.32   457.30  194.80 126037.60    11.80   5.71    0.39   647.01    0.00      0.00     0.00   0.00    0.00     0.00    0.00  61.36
nvme21n1       263.80 120397.60    61.80  18.98    0.32   456.40  193.00 125345.60    11.60   5.67    0.38   649.46    0.00      0.00     0.00   0.00    0.00     0.00    0.00  60.16
nvme22n1       264.20 121738.40    62.40  19.11    0.33   460.78  191.80 125634.40    10.20   5.05    0.38   655.03    0.00      0.00     0.00   0.00    0.00     0.00    0.00  60.72
nvme23n1       266.40 122801.60    61.80  18.83    0.32   460.97  192.60 126080.00    11.20   5.50    0.38   654.62    0.00      0.00     0.00   0.00    0.00     0.00    0.00  60.00
nvme24n1       267.60 123760.80    64.00  19.30    0.32   462.48  190.60 125009.60     9.80   4.89    0.39   655.87    0.00      0.00     0.00   0.00    0.00     0.00    0.00  60.56
nvme25n1       268.00 121099.20    58.00  17.79    0.32   451.86  192.20 123792.80    10.00   4.95    0.37   644.08    0.00      0.00     0.00   0.00    0.00     0.00    0.00  59.44
nvme26n1       261.20 119005.60    63.20  19.48    0.31   455.61  186.60 121576.80     9.00   4.60    0.37   651.54    0.00      0.00     0.00   0.00    0.00     0.00    0.00  60.56
nvme27n1       262.60 119850.40    58.40  18.19    0.30   456.40  186.00 122112.00    11.60   5.87    0.33   656.52    0.00      0.00     0.00   0.00    0.00     0.00    0.00  60.32
nvme28n1       261.20 119752.00    63.40  19.53    0.31   458.47  183.00 122096.80     8.40   4.39    0.39   667.20    0.00      0.00     0.00   0.00    0.00     0.00    0.00  61.84
nvme29n1       263.40 120125.60    61.00  18.80    0.32   456.06  185.40 122094.40    13.20   6.65    0.36   658.55    0.00      0.00     0.00   0.00    0.00     0.00    0.00  59.84
nvme2n1        255.00 116704.00    60.20  19.10    0.32   457.66  183.20 121260.80    13.00   6.63    0.41   661.90    0.00      0.00     0.00   0.00    0.00     0.00    0.00  59.12
nvme30n1       262.00 119282.40    61.00  18.89    0.35   455.28  182.20 120926.40     9.20   4.81    0.35   663.70    0.00      0.00     0.00   0.00    0.00     0.00    0.00  59.76
nvme31n1       260.40 119464.80    62.80  19.43    0.34   458.77  184.60 122201.60    14.60   7.33    0.36   661.98    0.00      0.00     0.00   0.00    0.00     0.00    0.00  59.52
nvme3n1        256.80 117955.20    59.60  18.84    0.31   459.33  185.20 122960.00     9.00   4.63    0.39   663.93    0.00      0.00     0.00   0.00    0.00     0.00    0.00  60.56
nvme4n1        261.20 119195.20    61.80  19.13    0.31   456.34  189.60 124370.40    14.80   7.24    0.39   655.96    0.00      0.00     0.00   0.00    0.00     0.00    0.00  59.44
nvme5n1        264.60 121733.60    61.60  18.88    0.32   460.07  195.60 124123.20    11.60   5.60    0.37   634.58    0.00      0.00     0.00   0.00    0.00     0.00    0.00  60.64
nvme6n1        264.20 120376.80    60.80  18.71    0.32   455.63  237.60 123459.20    15.20   6.01    0.32   519.61    0.00      0.00     0.00   0.00    0.00     0.00    0.00  64.24
nvme7n1        264.40 120910.40    64.80  19.68    0.33   457.30  229.60 125564.80    12.00   4.97    0.34   546.89    0.00      0.00     0.00   0.00    0.00     0.00    0.00  62.40
nvme8n1        260.80 119884.80    61.40  19.06    0.34   459.68  224.60 126061.60    28.20  11.16    0.38   561.27    0.00      0.00     0.00   0.00    0.00     0.00    0.00  64.24
nvme9n1        257.60 119600.80    68.80  21.08    0.32   464.29  261.20 127237.60    29.20  10.06    0.31   487.13    0.00      0.00     0.00   0.00    0.00     0.00    0.00  64.80


Device            r/s     rkB/s   rrqm/s  %rrqm r_await rareq-sz     w/s     wkB/s   wrqm/s  %wrqm w_await wareq-sz     d/s     dkB/s   drqm/s  %drqm d_await dareq-sz  aqu-sz  %util
dm-0             0.00      0.00     0.00   0.00    0.00     0.00    3.00     21.60     0.00   0.00    0.00     7.20    0.00      0.00     0.00   0.00    0.00     0.00    0.00   0.16
loop0            0.00      0.00     0.00   0.00    0.00     0.00    0.00      0.00     0.00   0.00    0.00     0.00    0.00      0.00     0.00   0.00    0.00     0.00    0.00   0.00
loop1            0.00      0.00     0.00   0.00    0.00     0.00    0.00      0.00     0.00   0.00    0.00     0.00    0.00      0.00     0.00   0.00    0.00     0.00    0.00   0.00
loop2            0.00      0.00     0.00   0.00    0.00     0.00    0.00      0.00     0.00   0.00    0.00     0.00    0.00      0.00     0.00   0.00    0.00     0.00    0.00   0.00
loop3            0.00      0.00     0.00   0.00    0.00     0.00    0.00      0.00     0.00   0.00    0.00     0.00    0.00      0.00     0.00   0.00    0.00     0.00    0.00   0.00
loop4            0.00      0.00     0.00   0.00    0.00     0.00    0.00      0.00     0.00   0.00    0.00     0.00    0.00      0.00     0.00   0.00    0.00     0.00    0.00   0.00
loop5            0.00      0.00     0.00   0.00    0.00     0.00    0.00      0.00     0.00   0.00    0.00     0.00    0.00      0.00     0.00   0.00    0.00     0.00    0.00   0.00
loop6            0.00      0.00     0.00   0.00    0.00     0.00    0.00      0.00     0.00   0.00    0.00     0.00    0.00      0.00     0.00   0.00    0.00     0.00    0.00   0.00
loop7            0.00      0.00     0.00   0.00    0.00     0.00    0.00      0.00     0.00   0.00    0.00     0.00    0.00      0.00     0.00   0.00    0.00     0.00    0.00   0.00
md0           5855.80 2462180.00     0.00   0.00    0.00   420.47 3739.80 2227276.80     0.00   0.00    0.00   595.56    0.00      0.00     0.00   0.00    0.00     0.00    0.00   0.00
nvme0n1          0.00      0.00     0.00   0.00    0.00     0.00    1.00     21.60     2.00  66.67    0.00    21.60    0.00      0.00     0.00   0.00    0.00     0.00    0.00   0.16
nvme10n1       155.60  70047.20    36.40  18.96    0.27   450.17  130.20  71079.20     4.20   3.12    0.28   545.92    0.00      0.00     0.00   0.00    0.00     0.00    0.00  52.72
nvme11n1       156.40  70087.20    38.20  19.63    0.27   448.13  115.40  70474.40     4.00   3.35    0.35   610.70    0.00      0.00     0.00   0.00    0.00     0.00    0.00  49.28
nvme12n1       158.80  71514.40    35.20  18.14    0.27   450.34  113.20  70231.20     4.80   4.07    0.34   620.42    0.00      0.00     0.00   0.00    0.00     0.00    0.00  49.28
nvme13n1       160.00  71725.60    39.00  19.60    0.28   448.29  110.60  69540.00     2.60   2.30    0.37   628.75    0.00      0.00     0.00   0.00    0.00     0.00    0.00  48.56
nvme14n1       155.60  70327.20    33.60  17.76    0.28   451.97  108.40  69224.00     3.40   3.04    0.37   638.60    0.00      0.00     0.00   0.00    0.00     0.00    0.00  48.88
nvme15n1       156.80  70203.20    38.20  19.59    0.27   447.72  109.40  69439.20     1.20   1.08    0.36   634.73    0.00      0.00     0.00   0.00    0.00     0.00    0.00  47.60
nvme16n1       155.80  71220.00    35.20  18.43    0.27   457.12  111.80  69438.40     2.80   2.44    0.35   621.09    0.00      0.00     0.00   0.00    0.00     0.00    0.00  49.20
nvme17n1       155.20  70356.80    39.20  20.16    0.27   453.33  110.40  69962.40     1.00   0.90    0.33   633.72    0.00      0.00     0.00   0.00    0.00     0.00    0.00  48.08
nvme18n1       151.00  68900.80    33.60  18.20    0.28   456.30  110.80  69479.20     4.60   3.99    0.37   627.07    0.00      0.00     0.00   0.00    0.00     0.00    0.00  47.04
nvme19n1       155.00  69180.80    36.20  18.93    0.28   446.33  107.80  69480.80     2.00   1.82    0.37   644.53    0.00      0.00     0.00   0.00    0.00     0.00    0.00  49.12
nvme1n1        149.00  68248.00    35.20  19.11    0.28   458.04  113.60  70938.40     4.40   3.73    0.37   624.46    0.00      0.00     0.00   0.00    0.00     0.00    0.00  46.88
nvme20n1       155.20  70175.20    33.60  17.80    0.28   452.16  112.40  69972.00     4.40   3.77    0.38   622.53    0.00      0.00     0.00   0.00    0.00     0.00    0.00  48.08
nvme21n1       153.60  69612.00    37.40  19.58    0.27   453.20  107.60  69810.40     1.80   1.65    0.36   648.80    0.00      0.00     0.00   0.00    0.00     0.00    0.00  47.04
nvme22n1       151.80  69548.00    33.00  17.86    0.30   458.16  108.20  69079.20     3.20   2.87    0.36   638.44    0.00      0.00     0.00   0.00    0.00     0.00    0.00  45.84
nvme23n1       157.20  69276.80    38.00  19.47    0.28   440.69  109.40  68716.80     2.60   2.32    0.35   628.12    0.00      0.00     0.00   0.00    0.00     0.00    0.00  46.80
nvme24n1       152.00  69771.20    38.00  20.00    0.28   459.02  108.00  68936.00     3.80   3.40    0.36   638.30    0.00      0.00     0.00   0.00    0.00     0.00    0.00  46.32
nvme25n1       160.20  70253.60    38.00  19.17    0.27   438.54  109.80  69428.00     2.20   1.96    0.36   632.31    0.00      0.00     0.00   0.00    0.00     0.00    0.00  47.92
nvme26n1       155.40  69220.00    35.40  18.55    0.27   445.43  112.80  68716.00     3.80   3.26    0.33   609.18    0.00      0.00     0.00   0.00    0.00     0.00    0.00  46.56
nvme27n1       155.80  68234.40    37.00  19.19    0.26   437.96  110.00  68620.80     2.00   1.79    0.31   623.83    0.00      0.00     0.00   0.00    0.00     0.00    0.00  47.76
nvme28n1       147.00  67281.60    35.20  19.32    0.29   457.70  109.20  69182.40     3.60   3.19    0.37   633.54    0.00      0.00     0.00   0.00    0.00     0.00    0.00  48.48
nvme29n1       152.60  67153.60    34.20  18.31    0.27   440.06  110.60  69690.40     2.40   2.12    0.35   630.11    0.00      0.00     0.00   0.00    0.00     0.00    0.00  47.44
nvme2n1        148.60  68785.60    35.40  19.24    0.29   462.89  111.80  70718.40     2.00   1.76    0.40   632.54    0.00      0.00     0.00   0.00    0.00     0.00    0.00  47.20
nvme30n1       145.40  66445.60    35.20  19.49    0.28   456.98  109.60  69751.20     2.60   2.32    0.39   636.42    0.00      0.00     0.00   0.00    0.00     0.00    0.00  46.40
nvme31n1       147.20  66528.80    35.20  19.30    0.29   451.96  110.00  70370.40     1.60   1.43    0.33   639.73    0.00      0.00     0.00   0.00    0.00     0.00    0.00  47.52
nvme3n1        145.60  68007.20    35.20  19.47    0.27   467.08  112.00  71624.80     4.80   4.11    0.35   639.51    0.00      0.00     0.00   0.00    0.00     0.00    0.00  46.24
nvme4n1        147.60  67385.60    35.40  19.34    0.28   456.54  110.40  70831.20     2.80   2.47    0.36   641.59    0.00      0.00     0.00   0.00    0.00     0.00    0.00  47.76
nvme5n1        150.80  67600.80    33.20  18.04    0.27   448.28  113.80  71269.60     3.20   2.74    0.34   626.27    0.00      0.00     0.00   0.00    0.00     0.00    0.00  48.00
nvme6n1        149.00  67337.60    34.40  18.76    0.28   451.93  143.60  70458.40     4.80   3.23    0.28   490.66    0.00      0.00     0.00   0.00    0.00     0.00    0.00  52.32
nvme7n1        153.40  68333.60    33.40  17.88    0.28   445.46  132.40  70410.40     3.80   2.79    0.30   531.80    0.00      0.00     0.00   0.00    0.00     0.00    0.00  51.44
nvme8n1        155.00  68491.20    35.60  18.68    0.28   441.88  138.80  70014.40    16.80  10.80    0.32   504.43    0.00      0.00     0.00   0.00    0.00     0.00    0.00  51.68
nvme9n1        154.80  68961.60    35.40  18.61    0.28   445.49  131.80  70148.80    19.80  13.06    0.31   532.24    0.00      0.00     0.00   0.00    0.00     0.00    0.00  51.84


Device            r/s     rkB/s   rrqm/s  %rrqm r_await rareq-sz     w/s     wkB/s   wrqm/s  %wrqm w_await wareq-sz     d/s     dkB/s   drqm/s  %drqm d_await dareq-sz  aqu-sz  %util
dm-0             0.00      0.00     0.00   0.00    0.00     0.00    1.80      7.20     0.00   0.00    0.00     4.00    0.00      0.00     0.00   0.00    0.00     0.00    0.00   0.08
loop0            0.00      0.00     0.00   0.00    0.00     0.00    0.00      0.00     0.00   0.00    0.00     0.00    0.00      0.00     0.00   0.00    0.00     0.00    0.00   0.00
loop1            0.00      0.00     0.00   0.00    0.00     0.00    0.00      0.00     0.00   0.00    0.00     0.00    0.00      0.00     0.00   0.00    0.00     0.00    0.00   0.00
loop2            0.00      0.00     0.00   0.00    0.00     0.00    0.00      0.00     0.00   0.00    0.00     0.00    0.00      0.00     0.00   0.00    0.00     0.00    0.00   0.00
loop3            0.00      0.00     0.00   0.00    0.00     0.00    0.00      0.00     0.00   0.00    0.00     0.00    0.00      0.00     0.00   0.00    0.00     0.00    0.00   0.00
loop4            0.00      0.00     0.00   0.00    0.00     0.00    0.00      0.00     0.00   0.00    0.00     0.00    0.00      0.00     0.00   0.00    0.00     0.00    0.00   0.00
loop5            0.00      0.00     0.00   0.00    0.00     0.00    0.00      0.00     0.00   0.00    0.00     0.00    0.00      0.00     0.00   0.00    0.00     0.00    0.00   0.00
loop6            0.00      0.00     0.00   0.00    0.00     0.00    0.00      0.00     0.00   0.00    0.00     0.00    0.00      0.00     0.00   0.00    0.00     0.00    0.00   0.00
loop7            0.00      0.00     0.00   0.00    0.00     0.00    0.00      0.00     0.00   0.00    0.00     0.00    0.00      0.00     0.00   0.00    0.00     0.00    0.00   0.00
md0           12624.20 5410410.40     0.00   0.00    0.00   428.57 7020.00 4536073.60     0.00   0.00    0.00   646.16    0.00      0.00     0.00   0.00    0.00     0.00    0.00   0.00
nvme0n1          0.00      0.00     0.00   0.00    0.00     0.00    0.40      7.20     1.40  77.78    0.00    18.00    0.00      0.00     0.00   0.00    0.00     0.00    0.00   0.08
nvme10n1       336.00 152928.00    75.80  18.41    0.35   455.14  270.60 150081.60     2.20   0.81    0.32   554.63    0.00      0.00     0.00   0.00    0.00     0.00    0.00  56.08
nvme11n1       331.20 151772.00    70.20  17.49    0.36   458.25  218.40 148606.40     2.20   1.00    0.46   680.43    0.00      0.00     0.00   0.00    0.00     0.00    0.00  53.52
nvme12n1       333.20 152694.40    76.20  18.61    0.35   458.27  213.60 146254.40     2.20   1.02    0.44   684.71    0.00      0.00     0.00   0.00    0.00     0.00    0.00  54.88
nvme13n1       335.40 153165.60    72.80  17.83    0.37   456.67  213.60 146552.00     2.00   0.93    0.47   686.10    0.00      0.00     0.00   0.00    0.00     0.00    0.00  54.48
nvme14n1       334.60 152832.00    78.00  18.90    0.35   456.76  213.40 144296.00     2.00   0.93    0.47   676.18    0.00      0.00     0.00   0.00    0.00     0.00    0.00  54.48
nvme15n1       337.40 153045.60    71.20  17.43    0.34   453.60  211.80 144424.00     1.80   0.84    0.45   681.89    0.00      0.00     0.00   0.00    0.00     0.00    0.00  53.44
nvme16n1       336.40 153226.40    79.00  19.02    0.35   455.49  221.80 146824.00     1.60   0.72    0.48   661.97    0.00      0.00     0.00   0.00    0.00     0.00    0.00  54.24
nvme17n1       337.00 152435.20    72.40  17.68    0.34   452.33  215.80 144746.40     1.40   0.64    0.39   670.74    0.00      0.00     0.00   0.00    0.00     0.00    0.00  54.16
nvme18n1       335.00 151094.40    76.80  18.65    0.34   451.03  222.20 144725.60     1.40   0.63    0.45   651.33    0.00      0.00     0.00   0.00    0.00     0.00    0.00  54.80
nvme19n1       337.20 152748.00    70.60  17.31    0.35   452.99  213.60 146837.60     1.60   0.74    0.48   687.44    0.00      0.00     0.00   0.00    0.00     0.00    0.00  55.12
nvme1n1        340.40 155128.00    73.40  17.74    0.35   455.72  212.20 144855.20     1.40   0.66    0.49   682.64    0.00      0.00     0.00   0.00    0.00     0.00    0.00  54.72
nvme20n1       336.00 149417.60    72.80  17.81    0.32   444.70  216.20 147302.40     1.40   0.64    0.48   681.32    0.00      0.00     0.00   0.00    0.00     0.00    0.00  56.00
nvme21n1       332.20 149878.40    70.60  17.53    0.35   451.17  213.60 145875.20     1.20   0.56    0.45   682.94    0.00      0.00     0.00   0.00    0.00     0.00    0.00  55.04
nvme22n1       331.00 148518.40    72.00  17.87    0.34   448.70  210.20 146366.40     1.20   0.57    0.45   696.32    0.00      0.00     0.00   0.00    0.00     0.00    0.00  54.24
nvme23n1       325.80 146650.40    71.40  17.98    0.34   450.12  211.00 143773.60     1.20   0.57    0.43   681.39    0.00      0.00     0.00   0.00    0.00     0.00    0.00  53.92
nvme24n1       329.00 146127.20    70.00  17.54    0.33   444.16  210.80 142332.80     1.60   0.75    0.43   675.20    0.00      0.00     0.00   0.00    0.00     0.00    0.00  53.04
nvme25n1       327.80 148043.20    76.80  18.98    0.34   451.63  211.40 143136.80     1.60   0.75    0.42   677.09    0.00      0.00     0.00   0.00    0.00     0.00    0.00  54.48
nvme26n1       327.20 147469.60    70.00  17.62    0.33   450.70  209.40 143549.60     1.60   0.76    0.43   685.53    0.00      0.00     0.00   0.00    0.00     0.00    0.00  53.44
nvme27n1       332.40 148785.60    72.60  17.93    0.31   447.61  214.00 142960.80     1.60   0.74    0.37   668.04    0.00      0.00     0.00   0.00    0.00     0.00    0.00  54.48
nvme28n1       329.20 150588.00    72.00  17.95    0.35   457.44  209.80 140036.80     1.60   0.76    0.45   667.48    0.00      0.00     0.00   0.00    0.00     0.00    0.00  54.32
nvme29n1       333.00 151347.20    74.80  18.34    0.34   454.50  205.00 139272.80     1.60   0.77    0.47   679.38    0.00      0.00     0.00   0.00    0.00     0.00    0.00  54.88
nvme2n1        341.20 154037.60    77.20  18.45    0.37   451.46  210.60 144159.20     1.40   0.66    0.47   684.52    0.00      0.00     0.00   0.00    0.00     0.00    0.00  54.96
nvme30n1       331.80 152860.00    70.60  17.54    0.37   460.70  208.20 141276.00     1.60   0.76    0.51   678.56    0.00      0.00     0.00   0.00    0.00     0.00    0.00  54.48
nvme31n1       338.80 151831.20    74.20  17.97    0.36   448.14  206.00 139746.40     1.40   0.68    0.41   678.38    0.00      0.00     0.00   0.00    0.00     0.00    0.00  53.84
nvme3n1        344.20 154436.80    72.00  17.30    0.34   448.68  215.60 145666.40     1.40   0.65    0.43   675.63    0.00      0.00     0.00   0.00    0.00     0.00    0.00  54.24
nvme4n1        339.20 152768.80    77.80  18.66    0.33   450.38  216.60 148081.60     1.40   0.64    0.44   683.66    0.00      0.00     0.00   0.00    0.00     0.00    0.00  55.20
nvme5n1        334.00 152332.00    73.80  18.10    0.36   456.08  220.40 149967.20     1.40   0.63    0.45   680.43    0.00      0.00     0.00   0.00    0.00     0.00    0.00  54.08
nvme6n1        332.20 151592.00    73.80  18.18    0.37   456.33  285.60 152657.60     6.80   2.33    0.37   534.52    0.00      0.00     0.00   0.00    0.00     0.00    0.00  56.72
nvme7n1        329.60 150317.60    70.60  17.64    0.37   456.06  279.00 150380.00     2.80   0.99    0.38   539.00    0.00      0.00     0.00   0.00    0.00     0.00    0.00  56.48
nvme8n1        330.80 149362.40    72.60  18.00    0.40   451.52  248.20 149817.60     1.60   0.64    0.48   603.62    0.00      0.00     0.00   0.00    0.00     0.00    0.00  56.32
nvme9n1        332.60 150856.00    70.80  17.55    0.36   453.57  231.60 149899.20     2.00   0.86    0.45   647.23    0.00      0.00     0.00   0.00    0.00     0.00    0.00  55.04


Device            r/s     rkB/s   rrqm/s  %rrqm r_await rareq-sz     w/s     wkB/s   wrqm/s  %wrqm w_await wareq-sz     d/s     dkB/s   drqm/s  %drqm d_await dareq-sz  aqu-sz  %util
dm-0             0.00      0.00     0.00   0.00    0.00     0.00    1.40      5.60     0.00   0.00    0.00     4.00    0.00      0.00     0.00   0.00    0.00     0.00    0.00   0.08
loop0            0.00      0.00     0.00   0.00    0.00     0.00    0.00      0.00     0.00   0.00    0.00     0.00    0.00      0.00     0.00   0.00    0.00     0.00    0.00   0.00
loop1            0.00      0.00     0.00   0.00    0.00     0.00    0.00      0.00     0.00   0.00    0.00     0.00    0.00      0.00     0.00   0.00    0.00     0.00    0.00   0.00
loop2            0.00      0.00     0.00   0.00    0.00     0.00    0.00      0.00     0.00   0.00    0.00     0.00    0.00      0.00     0.00   0.00    0.00     0.00    0.00   0.00
loop3            0.00      0.00     0.00   0.00    0.00     0.00    0.00      0.00     0.00   0.00    0.00     0.00    0.00      0.00     0.00   0.00    0.00     0.00    0.00   0.00
loop4            0.00      0.00     0.00   0.00    0.00     0.00    0.00      0.00     0.00   0.00    0.00     0.00    0.00      0.00     0.00   0.00    0.00     0.00    0.00   0.00
loop5            0.00      0.00     0.00   0.00    0.00     0.00    0.00      0.00     0.00   0.00    0.00     0.00    0.00      0.00     0.00   0.00    0.00     0.00    0.00   0.00
loop6            0.00      0.00     0.00   0.00    0.00     0.00    0.00      0.00     0.00   0.00    0.00     0.00    0.00      0.00     0.00   0.00    0.00     0.00    0.00   0.00
loop7            0.00      0.00     0.00   0.00    0.00     0.00    0.00      0.00     0.00   0.00    0.00     0.00    0.00      0.00     0.00   0.00    0.00     0.00    0.00   0.00
md0           10042.00 4305665.60     0.00   0.00    0.00   428.77 6075.80 3967108.80     0.00   0.00    0.00   652.94    0.00      0.00     0.00   0.00    0.00     0.00    0.00   0.00
nvme0n1          0.00      0.00     0.00   0.00    0.00     0.00    0.40      5.60     1.00  71.43    0.00    14.00    0.00      0.00     0.00   0.00    0.00     0.00    0.00   0.08
nvme10n1       268.20 122761.60    63.00  19.02    0.29   457.72  223.20 124434.40    16.60   6.92    0.27   557.50    0.00      0.00     0.00   0.00    0.00     0.00    0.00  73.76
nvme11n1       266.80 121605.60    61.00  18.61    0.30   455.79  181.60 124008.80    11.40   5.91    0.37   682.87    0.00      0.00     0.00   0.00    0.00     0.00    0.00  70.88
nvme12n1       263.00 119989.60    61.60  18.98    0.30   456.23  174.40 122628.80     6.60   3.65    0.38   703.15    0.00      0.00     0.00   0.00    0.00     0.00    0.00  71.92
nvme13n1       263.20 120995.20    61.00  18.82    0.31   459.71  170.20 121127.20     9.40   5.23    0.41   711.68    0.00      0.00     0.00   0.00    0.00     0.00    0.00  70.88
nvme14n1       263.00 119571.20    60.40  18.68    0.30   454.64  169.40 122179.20     8.00   4.51    0.40   721.25    0.00      0.00     0.00   0.00    0.00     0.00    0.00  69.44
nvme15n1       259.60 118872.00    59.80  18.72    0.29   457.90  168.40 122920.00     9.00   5.07    0.39   729.93    0.00      0.00     0.00   0.00    0.00     0.00    0.00  70.72
nvme16n1       263.00 121200.80    59.60  18.47    0.30   460.84  173.80 123199.20    11.20   6.05    0.39   708.86    0.00      0.00     0.00   0.00    0.00     0.00    0.00  71.36
nvme17n1       259.20 120326.40    59.00  18.54    0.30   464.22  167.20 122806.40    10.00   5.64    0.35   734.49    0.00      0.00     0.00   0.00    0.00     0.00    0.00  70.88
nvme18n1       271.20 123990.40    59.60  18.02    0.30   457.19  176.40 123264.00    13.60   7.16    0.38   698.78    0.00      0.00     0.00   0.00    0.00     0.00    0.00  71.60
nvme19n1       272.80 124385.60    59.40  17.88    0.30   455.96  174.00 123326.40    11.20   6.05    0.39   708.77    0.00      0.00     0.00   0.00    0.00     0.00    0.00  72.72
nvme1n1        263.20 117795.20    58.40  18.16    0.30   447.55  170.40 122241.60    12.20   6.68    0.40   717.38    0.00      0.00     0.00   0.00    0.00     0.00    0.00  70.24
nvme20n1       271.00 123947.20    62.60  18.76    0.30   457.37  172.80 123535.20    14.60   7.79    0.41   714.90    0.00      0.00     0.00   0.00    0.00     0.00    0.00  70.64
nvme21n1       276.80 125946.40    59.60  17.72    0.30   455.01  172.60 124281.60     9.40   5.16    0.38   720.06    0.00      0.00     0.00   0.00    0.00     0.00    0.00  71.52
nvme22n1       267.60 123056.00    63.40  19.15    0.30   459.85  170.80 123427.20    17.20   9.15    0.37   722.64    0.00      0.00     0.00   0.00    0.00     0.00    0.00  70.48
nvme23n1       275.20 125036.00    59.60  17.80    0.30   454.35  176.00 123314.40    10.00   5.38    0.37   700.65    0.00      0.00     0.00   0.00    0.00     0.00    0.00  72.24
nvme24n1       267.60 121688.80    62.60  18.96    0.29   454.74  171.20 121788.80    13.20   7.16    0.37   711.38    0.00      0.00     0.00   0.00    0.00     0.00    0.00  70.64
nvme25n1       260.80 120024.80    58.60  18.35    0.30   460.22  170.20 121430.40    12.80   6.99    0.36   713.46    0.00      0.00     0.00   0.00    0.00     0.00    0.00  69.84
nvme26n1       259.00 119476.80    61.00  19.06    0.29   461.30  166.60 120582.40     9.60   5.45    0.39   723.78    0.00      0.00     0.00   0.00    0.00     0.00    0.00  69.36
nvme27n1       255.80 117944.00    55.80  17.91    0.29   461.08  172.00 122345.60    10.20   5.60    0.33   711.31    0.00      0.00     0.00   0.00    0.00     0.00    0.00  70.08
nvme28n1       255.20 117472.80    58.40  18.62    0.30   460.32  169.80 121912.80    11.60   6.39    0.38   717.98    0.00      0.00     0.00   0.00    0.00     0.00    0.00  70.00
nvme29n1       256.20 118347.20    58.20  18.51    0.29   461.93  173.20 122209.60    10.80   5.87    0.38   705.60    0.00      0.00     0.00   0.00    0.00     0.00    0.00  71.20
nvme2n1        255.00 117412.80    58.00  18.53    0.32   460.44  168.60 122189.60    10.80   6.02    0.41   724.73    0.00      0.00     0.00   0.00    0.00     0.00    0.00  69.92
nvme30n1       262.40 118536.00    57.20  17.90    0.30   451.74  169.40 121252.80     8.80   4.94    0.41   715.78    0.00      0.00     0.00   0.00    0.00     0.00    0.00  70.56
nvme31n1       257.80 118942.40    58.60  18.52    0.30   461.37  171.40 122534.40    12.60   6.85    0.35   714.90    0.00      0.00     0.00   0.00    0.00     0.00    0.00  69.84
nvme3n1        260.20 118716.00    59.80  18.69    0.30   456.25  168.40 123105.60    12.00   6.65    0.37   731.03    0.00      0.00     0.00   0.00    0.00     0.00    0.00  69.76
nvme4n1        261.60 120109.60    57.20  17.94    0.29   459.13  172.60 122150.40    12.20   6.60    0.37   707.71    0.00      0.00     0.00   0.00    0.00     0.00    0.00  70.48
nvme5n1        264.60 121508.80    61.00  18.73    0.30   459.22  169.20 121964.80     7.60   4.30    0.38   720.83    0.00      0.00     0.00   0.00    0.00     0.00    0.00  70.40
nvme6n1        268.60 124303.20    58.60  17.91    0.30   462.78  246.40 122476.00    17.00   6.45    0.27   497.06    0.00      0.00     0.00   0.00    0.00     0.00    0.00  76.08
nvme7n1        266.40 123190.40    61.80  18.83    0.31   462.43  229.00 121355.20    12.40   5.14    0.29   529.94    0.00      0.00     0.00   0.00    0.00     0.00    0.00  70.48
nvme8n1        265.40 122999.20    60.60  18.59    0.31   463.45  224.00 122288.00    33.20  12.91    0.35   545.93    0.00      0.00     0.00   0.00    0.00     0.00    0.00  74.08
nvme9n1        266.00 123169.60    59.40  18.25    0.31   463.04  191.20 123640.00    22.80  10.65    0.36   646.65    0.00      0.00     0.00   0.00    0.00     0.00    0.00  70.32


Device            r/s     rkB/s   rrqm/s  %rrqm r_await rareq-sz     w/s     wkB/s   wrqm/s  %wrqm w_await wareq-sz     d/s     dkB/s   drqm/s  %drqm d_await dareq-sz  aqu-sz  %util
dm-0             0.00      0.00     0.00   0.00    0.00     0.00    1.00      4.00     0.00   0.00    0.00     4.00    0.00      0.00     0.00   0.00    0.00     0.00    0.00   0.08
loop0            0.00      0.00     0.00   0.00    0.00     0.00    0.00      0.00     0.00   0.00    0.00     0.00    0.00      0.00     0.00   0.00    0.00     0.00    0.00   0.00
loop1            0.00      0.00     0.00   0.00    0.00     0.00    0.00      0.00     0.00   0.00    0.00     0.00    0.00      0.00     0.00   0.00    0.00     0.00    0.00   0.00
loop2            0.00      0.00     0.00   0.00    0.00     0.00    0.00      0.00     0.00   0.00    0.00     0.00    0.00      0.00     0.00   0.00    0.00     0.00    0.00   0.00
loop3            0.00      0.00     0.00   0.00    0.00     0.00    0.00      0.00     0.00   0.00    0.00     0.00    0.00      0.00     0.00   0.00    0.00     0.00    0.00   0.00
loop4            0.00      0.00     0.00   0.00    0.00     0.00    0.00      0.00     0.00   0.00    0.00     0.00    0.00      0.00     0.00   0.00    0.00     0.00    0.00   0.00
loop5            0.00      0.00     0.00   0.00    0.00     0.00    0.00      0.00     0.00   0.00    0.00     0.00    0.00      0.00     0.00   0.00    0.00     0.00    0.00   0.00
loop6            0.00      0.00     0.00   0.00    0.00     0.00    0.00      0.00     0.00   0.00    0.00     0.00    0.00      0.00     0.00   0.00    0.00     0.00    0.00   0.00
loop7            0.00      0.00     0.00   0.00    0.00     0.00    0.00      0.00     0.00   0.00    0.00     0.00    0.00      0.00     0.00   0.00    0.00     0.00    0.00   0.00
md0           4341.00 1861470.40     0.00   0.00    0.00   428.81 3081.80 2138988.00     0.00   0.00    0.00   694.07    0.00      0.00     0.00   0.00    0.00     0.00    0.00   0.00
nvme0n1          0.00      0.00     0.00   0.00    0.00     0.00    0.40      4.00     0.60  60.00    0.00    10.00    0.00      0.00     0.00   0.00    0.00     0.00    0.00   0.08
nvme10n1       113.80  52273.60    25.20  18.13    0.26   459.35  112.20  63444.80     2.00   1.75    0.25   565.46    0.00      0.00     0.00   0.00    0.00     0.00    0.00  51.44
nvme11n1       107.40  50904.80    25.00  18.88    0.27   473.97   89.80  63616.00     2.00   2.18    0.36   708.42    0.00      0.00     0.00   0.00    0.00     0.00    0.00  46.08
nvme12n1       107.40  50241.60    26.00  19.49    0.27   467.80   90.60  62799.20     2.00   2.16    0.33   693.15    0.00      0.00     0.00   0.00    0.00     0.00    0.00  46.80
nvme13n1       104.20  49901.60    24.60  19.10    0.29   478.90   90.00  63164.00     2.20   2.39    0.37   701.82    0.00      0.00     0.00   0.00    0.00     0.00    0.00  46.00
nvme14n1       106.20  48696.00    24.20  18.56    0.27   458.53   89.00  61978.40     2.20   2.41    0.36   696.39    0.00      0.00     0.00   0.00    0.00     0.00    0.00  46.16
nvme15n1       105.40  50352.00    24.20  18.67    0.27   477.72   91.60  63848.00     2.40   2.55    0.33   697.03    0.00      0.00     0.00   0.00    0.00     0.00    0.00  46.24
nvme16n1       111.20  50432.80    24.60  18.11    0.26   453.53   93.80  63970.40     2.40   2.49    0.35   681.99    0.00      0.00     0.00   0.00    0.00     0.00    0.00  46.32
nvme17n1       106.20  50643.20    24.60  18.81    0.27   476.87   92.00  64867.20     2.40   2.54    0.31   705.08    0.00      0.00     0.00   0.00    0.00     0.00    0.00  46.00
nvme18n1       110.80  51112.80    25.20  18.53    0.27   461.31   91.40  65182.40     2.40   2.56    0.34   713.16    0.00      0.00     0.00   0.00    0.00     0.00    0.00  46.56
nvme19n1       109.00  51363.20    23.20  17.55    0.27   471.22   90.60  64553.60     2.40   2.58    0.35   712.51    0.00      0.00     0.00   0.00    0.00     0.00    0.00  46.00
nvme1n1        116.60  55636.00    27.80  19.25    0.28   477.15   92.00  66235.20     2.40   2.54    0.36   719.95    0.00      0.00     0.00   0.00    0.00     0.00    0.00  47.60
nvme20n1       115.60  54056.80    26.40  18.59    0.27   467.62   93.80  65469.60     2.40   2.49    0.35   697.97    0.00      0.00     0.00   0.00    0.00     0.00    0.00  47.20
nvme21n1       116.60  54795.20    25.80  18.12    0.27   469.94   91.20  65341.60     2.20   2.36    0.35   716.46    0.00      0.00     0.00   0.00    0.00     0.00    0.00  47.28
nvme22n1       116.60  54754.40    26.40  18.46    0.28   469.59   94.00  64307.20     2.00   2.08    0.33   684.12    0.00      0.00     0.00   0.00    0.00     0.00    0.00  46.88
nvme23n1       117.40  55421.60    27.00  18.70    0.27   472.07   90.20  63748.80     2.00   2.17    0.33   706.75    0.00      0.00     0.00   0.00    0.00     0.00    0.00  46.40
nvme24n1       116.00  54412.00    26.60  18.65    0.27   469.07   89.80  63076.00     2.20   2.39    0.34   702.41    0.00      0.00     0.00   0.00    0.00     0.00    0.00  48.00
nvme25n1       116.60  54196.00    29.20  20.03    0.27   464.80   88.20  64391.20     2.40   2.65    0.34   730.06    0.00      0.00     0.00   0.00    0.00     0.00    0.00  47.28
nvme26n1       111.40  53467.20    26.00  18.92    0.27   479.96   91.40  66306.40     2.40   2.56    0.35   725.45    0.00      0.00     0.00   0.00    0.00     0.00    0.00  47.04
nvme27n1       116.20  53714.40    26.80  18.74    0.27   462.26   91.40  65550.40     2.40   2.56    0.31   717.18    0.00      0.00     0.00   0.00    0.00     0.00    0.00  46.80
nvme28n1       109.00  52121.60    26.40  19.50    0.29   478.18   90.00  65159.20     2.40   2.60    0.36   723.99    0.00      0.00     0.00   0.00    0.00     0.00    0.00  46.16
nvme29n1       117.60  54313.60    26.00  18.11    0.27   461.85   91.00  65877.60     2.40   2.57    0.36   723.93    0.00      0.00     0.00   0.00    0.00     0.00    0.00  46.80
nvme2n1        121.20  55583.20    28.60  19.09    0.28   458.61   88.60  64504.00     2.60   2.85    0.36   728.04    0.00      0.00     0.00   0.00    0.00     0.00    0.00  49.04
nvme30n1       111.60  54696.80    27.80  19.94    0.28   490.11   89.60  65526.40     2.40   2.61    0.38   731.32    0.00      0.00     0.00   0.00    0.00     0.00    0.00  46.40
nvme31n1       120.20  55484.00    28.00  18.89    0.26   461.60   91.00  66411.20     2.20   2.36    0.33   729.79    0.00      0.00     0.00   0.00    0.00     0.00    0.00  49.04
nvme3n1        118.00  55943.20    27.20  18.73    0.28   474.09   88.60  64451.20     2.60   2.85    0.33   727.44    0.00      0.00     0.00   0.00    0.00     0.00    0.00  47.60
nvme4n1        124.00  56256.80    28.60  18.74    0.26   453.68   89.40  64686.40     2.60   2.83    0.34   723.56    0.00      0.00     0.00   0.00    0.00     0.00    0.00  47.52
nvme5n1        116.60  55328.00    27.80  19.25    0.29   474.51   88.80  64564.80     2.60   2.84    0.34   727.08    0.00      0.00     0.00   0.00    0.00     0.00    0.00  46.64
nvme6n1        116.60  53887.20    26.40  18.46    0.26   462.15  129.80  64064.80     5.40   3.99    0.24   493.57    0.00      0.00     0.00   0.00    0.00     0.00    0.00  53.84
nvme7n1        117.20  56005.60    28.20  19.39    0.27   477.86  123.80  65099.20     5.20   4.03    0.25   525.84    0.00      0.00     0.00   0.00    0.00     0.00    0.00  51.44
nvme8n1        115.40  54148.00    25.80  18.27    0.28   469.22  112.40  64338.40     2.60   2.26    0.32   572.41    0.00      0.00     0.00   0.00    0.00     0.00    0.00  52.96
nvme9n1        113.40  53091.20    26.40  18.88    0.28   468.18   98.20  63547.20     2.60   2.58    0.34   647.12    0.00      0.00     0.00   0.00    0.00     0.00    0.00  48.88


Device            r/s     rkB/s   rrqm/s  %rrqm r_await rareq-sz     w/s     wkB/s   wrqm/s  %wrqm w_await wareq-sz     d/s     dkB/s   drqm/s  %drqm d_await dareq-sz  aqu-sz  %util
dm-0             0.00      0.00     0.00   0.00    0.00     0.00    1.40      5.60     0.00   0.00    0.00     4.00    0.00      0.00     0.00   0.00    0.00     0.00    0.00   0.08
loop0            0.00      0.00     0.00   0.00    0.00     0.00    0.00      0.00     0.00   0.00    0.00     0.00    0.00      0.00     0.00   0.00    0.00     0.00    0.00   0.00
loop1            0.00      0.00     0.00   0.00    0.00     0.00    0.00      0.00     0.00   0.00    0.00     0.00    0.00      0.00     0.00   0.00    0.00     0.00    0.00   0.00
loop2            0.00      0.00     0.00   0.00    0.00     0.00    0.00      0.00     0.00   0.00    0.00     0.00    0.00      0.00     0.00   0.00    0.00     0.00    0.00   0.00
loop3            0.00      0.00     0.00   0.00    0.00     0.00    0.00      0.00     0.00   0.00    0.00     0.00    0.00      0.00     0.00   0.00    0.00     0.00    0.00   0.00
loop4            0.00      0.00     0.00   0.00    0.00     0.00    0.00      0.00     0.00   0.00    0.00     0.00    0.00      0.00     0.00   0.00    0.00     0.00    0.00   0.00
loop5            0.00      0.00     0.00   0.00    0.00     0.00    0.00      0.00     0.00   0.00    0.00     0.00    0.00      0.00     0.00   0.00    0.00     0.00    0.00   0.00
loop6            0.00      0.00     0.00   0.00    0.00     0.00    0.00      0.00     0.00   0.00    0.00     0.00    0.00      0.00     0.00   0.00    0.00     0.00    0.00   0.00
loop7            0.00      0.00     0.00   0.00    0.00     0.00    0.00      0.00     0.00   0.00    0.00     0.00    0.00      0.00     0.00   0.00    0.00     0.00    0.00   0.00
md0           1581.80 842792.00     0.00   0.00    0.00   532.81  826.00 582820.80     0.00   0.00    0.00   705.59    0.00      0.00     0.00   0.00    0.00     0.00    0.00   0.00
nvme0n1          0.00      0.00     0.00   0.00    0.00     0.00    0.40      5.60     1.00  71.43    0.00    14.00    0.00      0.00     0.00   0.00    0.00     0.00    0.00   0.08
nvme10n1        41.00  20413.60     8.80  17.67    0.23   497.89   29.40  18196.80     7.00  19.23    0.24   618.94    0.00      0.00     0.00   0.00    0.00     0.00    0.00  19.76
nvme11n1        41.60  20964.80     9.60  18.75    0.24   503.96   23.60  17813.60     3.60  13.24    0.30   754.81    0.00      0.00     0.00   0.00    0.00     0.00    0.00  18.72
nvme12n1        42.20  21357.60     9.20  17.90    0.24   506.10   22.40  18167.20     0.60   2.61    0.36   811.04    0.00      0.00     0.00   0.00    0.00     0.00    0.00  18.64
nvme13n1        43.20  21507.20    10.00  18.80    0.26   497.85   22.00  18549.60     3.60  14.06    0.40   843.16    0.00      0.00     0.00   0.00    0.00     0.00    0.00  18.80
nvme14n1        41.60  20828.80    10.00  19.38    0.24   500.69   20.60  18073.60     2.00   8.85    0.36   877.36    0.00      0.00     0.00   0.00    0.00     0.00    0.00  18.88
nvme15n1        41.80  20955.20     9.20  18.04    0.23   501.32   21.20  17967.20     5.00  19.08    0.36   847.51    0.00      0.00     0.00   0.00    0.00     0.00    0.00  18.88
nvme16n1        42.80  21180.00    10.00  18.94    0.24   494.86   21.80  18269.60     2.80  11.38    0.35   838.06    0.00      0.00     0.00   0.00    0.00     0.00    0.00  18.88
nvme17n1        43.00  21278.40    10.00  18.87    0.23   494.85   20.20  17677.60     2.60  11.40    0.33   875.13    0.00      0.00     0.00   0.00    0.00     0.00    0.00  18.88
nvme18n1        42.60  21424.00    10.40  19.62    0.24   502.91   20.60  17648.80     2.80  11.97    0.35   856.74    0.00      0.00     0.00   0.00    0.00     0.00    0.00  18.72
nvme19n1        42.40  20810.40     9.80  18.77    0.24   490.81   19.60  17460.00     4.20  17.65    0.35   890.82    0.00      0.00     0.00   0.00    0.00     0.00    0.00  18.80
nvme1n1         40.00  20599.20     9.80  19.68    0.23   514.98   20.20  17925.60     4.00  16.53    0.37   887.41    0.00      0.00     0.00   0.00    0.00     0.00    0.00  19.04
nvme20n1        41.20  20397.60    10.00  19.53    0.23   495.09   20.60  17761.60     4.20  16.94    0.36   862.21    0.00      0.00     0.00   0.00    0.00     0.00    0.00  19.60
nvme21n1        40.60  20276.00     8.80  17.81    0.24   499.41   19.80  17855.20     3.20  13.91    0.35   901.78    0.00      0.00     0.00   0.00    0.00     0.00    0.00  19.20
nvme22n1        41.60  20046.40     9.80  19.07    0.23   481.88   21.20  17897.60     4.00  15.87    0.34   844.23    0.00      0.00     0.00   0.00    0.00     0.00    0.00  19.52
nvme23n1        40.00  20172.00     8.60  17.70    0.24   504.30   20.40  18451.20     3.40  14.29    0.34   904.47    0.00      0.00     0.00   0.00    0.00     0.00    0.00  19.12
nvme24n1        43.00  20773.60     9.40  17.94    0.22   483.11   21.40  18930.40     3.20  13.01    0.36   884.60    0.00      0.00     0.00   0.00    0.00     0.00    0.00  19.60
nvme25n1        42.20  21096.80     9.00  17.58    0.24   499.92   21.80  18516.80     3.60  14.17    0.33   849.39    0.00      0.00     0.00   0.00    0.00     0.00    0.00  19.20
nvme26n1        44.20  21213.60    10.20  18.75    0.22   479.95   20.80  17753.60     3.60  14.75    0.34   853.54    0.00      0.00     0.00   0.00    0.00     0.00    0.00  19.52
nvme27n1        41.40  20506.40     9.20  18.18    0.23   495.32   20.60  17434.40     2.60  11.21    0.31   846.33    0.00      0.00     0.00   0.00    0.00     0.00    0.00  18.88
nvme28n1        41.80  20584.00     9.80  18.99    0.23   492.44   21.00  17280.00     2.20   9.48    0.34   822.86    0.00      0.00     0.00   0.00    0.00     0.00    0.00  19.12
nvme29n1        40.60  20480.00     9.40  18.80    0.23   504.43   18.40  16808.80     3.20  14.81    0.36   913.52    0.00      0.00     0.00   0.00    0.00     0.00    0.00  18.32
nvme2n1         40.60  20494.40     8.80  17.81    0.24   504.79   21.40  18248.80     3.20  13.01    0.36   852.75    0.00      0.00     0.00   0.00    0.00     0.00    0.00  19.04
nvme30n1        41.20  20709.60     9.60  18.90    0.24   502.66   19.60  17630.40     3.40  14.78    0.43   899.51    0.00      0.00     0.00   0.00    0.00     0.00    0.00  19.60
nvme31n1        40.80  20516.80     9.60  19.05    0.25   502.86   19.80  17781.60     3.20  13.91    0.33   898.06    0.00      0.00     0.00   0.00    0.00     0.00    0.00  19.04
nvme3n1         40.20  20796.80     9.40  18.95    0.24   517.33   21.20  19064.00     3.20  13.11    0.35   899.25    0.00      0.00     0.00   0.00    0.00     0.00    0.00  18.80
nvme4n1         41.60  20664.00     9.40  18.43    0.24   496.73   21.80  19436.00     3.80  14.84    0.34   891.56    0.00      0.00     0.00   0.00    0.00     0.00    0.00  18.72
nvme5n1         41.60  20690.40     9.40  18.43    0.23   497.37   21.80  19404.80     3.20  12.80    0.37   890.13    0.00      0.00     0.00   0.00    0.00     0.00    0.00  19.76
nvme6n1         42.00  20614.40     9.60  18.60    0.24   490.82   25.40  18763.20     2.80   9.93    0.30   738.71    0.00      0.00     0.00   0.00    0.00     0.00    0.00  20.80
nvme7n1         40.20  20259.20     9.80  19.60    0.23   503.96   25.60  18519.20     3.20  11.11    0.30   723.41    0.00      0.00     0.00   0.00    0.00     0.00    0.00  21.20
nvme8n1         40.20  20230.40     9.20  18.62    0.24   503.24   38.20  19141.60    14.00  26.82    0.26   501.09    0.00      0.00     0.00   0.00    0.00     0.00    0.00  20.96
nvme9n1         39.40  19955.20     9.60  19.59    0.24   506.48   30.60  18725.60    11.00  26.44    0.27   611.95    0.00      0.00     0.00   0.00    0.00     0.00    0.00  19.36


Device            r/s     rkB/s   rrqm/s  %rrqm r_await rareq-sz     w/s     wkB/s   wrqm/s  %wrqm w_await wareq-sz     d/s     dkB/s   drqm/s  %drqm d_await dareq-sz  aqu-sz  %util
dm-0             1.60     48.00     0.00   0.00    0.00    30.00    2.20     15.20     0.00   0.00    0.00     6.91    0.00      0.00     0.00   0.00    0.00     0.00    0.00   0.32
loop0            0.00      0.00     0.00   0.00    0.00     0.00    0.00      0.00     0.00   0.00    0.00     0.00    0.00      0.00     0.00   0.00    0.00     0.00    0.00   0.00
loop1            0.00      0.00     0.00   0.00    0.00     0.00    0.00      0.00     0.00   0.00    0.00     0.00    0.00      0.00     0.00   0.00    0.00     0.00    0.00   0.00
loop2            0.00      0.00     0.00   0.00    0.00     0.00    0.00      0.00     0.00   0.00    0.00     0.00    0.00      0.00     0.00   0.00    0.00     0.00    0.00   0.00
loop3            0.00      0.00     0.00   0.00    0.00     0.00    0.00      0.00     0.00   0.00    0.00     0.00    0.00      0.00     0.00   0.00    0.00     0.00    0.00   0.00
loop4            0.00      0.00     0.00   0.00    0.00     0.00    0.00      0.00     0.00   0.00    0.00     0.00    0.00      0.00     0.00   0.00    0.00     0.00    0.00   0.00
loop5            0.00      0.00     0.00   0.00    0.00     0.00    0.00      0.00     0.00   0.00    0.00     0.00    0.00      0.00     0.00   0.00    0.00     0.00    0.00   0.00
loop6            0.00      0.00     0.00   0.00    0.00     0.00    0.00      0.00     0.00   0.00    0.00     0.00    0.00      0.00     0.00   0.00    0.00     0.00    0.00   0.00
loop7            0.00      0.00     0.00   0.00    0.00     0.00    0.00      0.00     0.00   0.00    0.00     0.00    0.00      0.00     0.00   0.00    0.00     0.00    0.00   0.00
md0           18493.00 8017960.00     0.00   0.00    0.00   433.57 9723.60 7125056.80     0.00   0.00    0.00   732.76    0.00      0.00     0.00   0.00    0.00     0.00    0.00   0.00
nvme0n1          1.60     48.00     0.00   0.00    0.12    30.00    1.20     15.20     1.00  45.45    0.17    12.67    0.00      0.00     0.00   0.00    0.00     0.00    0.00   0.32
nvme10n1       484.20 230139.20   108.80  18.35    0.36   475.30  365.00 224655.20     0.80   0.22    0.32   615.49    0.00      0.00     0.00   0.00    0.00     0.00    0.00  82.80
nvme11n1       483.80 229717.60   115.00  19.21    0.37   474.82  291.60 224844.80     0.80   0.27    0.46   771.07    0.00      0.00     0.00   0.00    0.00     0.00    0.00  79.84
nvme12n1       483.60 228632.80   108.60  18.34    0.35   472.77  295.60 225434.40     0.80   0.27    0.43   762.63    0.00      0.00     0.00   0.00    0.00     0.00    0.00  80.32
nvme13n1       487.40 230092.80   111.00  18.55    0.41   472.08  294.80 225686.40     0.80   0.27    0.51   765.56    0.00      0.00     0.00   0.00    0.00     0.00    0.00  81.44
nvme14n1       481.20 227891.20   110.40  18.66    0.37   473.59  291.80 225696.80     1.00   0.34    0.46   773.46    0.00      0.00     0.00   0.00    0.00     0.00    0.00  80.32
nvme15n1       484.40 228057.60   111.40  18.70    0.35   470.80  295.40 225812.00     1.00   0.34    0.44   764.43    0.00      0.00     0.00   0.00    0.00     0.00    0.00  80.64
nvme16n1       486.20 230901.60   111.60  18.67    0.37   474.91  301.60 227018.40     1.00   0.33    0.47   752.71    0.00      0.00     0.00   0.00    0.00     0.00    0.00  81.04
nvme17n1       480.40 228353.60   109.80  18.60    0.35   475.34  303.20 229052.00     1.00   0.33    0.39   755.45    0.00      0.00     0.00   0.00    0.00     0.00    0.00  81.52
nvme18n1       480.40 229034.40   110.00  18.63    0.37   476.76  300.60 230502.40     1.20   0.40    0.48   766.81    0.00      0.00     0.00   0.00    0.00     0.00    0.00  81.28
nvme19n1       489.80 231939.20   109.00  18.20    0.36   473.54  302.40 230040.80     1.40   0.46    0.46   760.72    0.00      0.00     0.00   0.00    0.00     0.00    0.00  82.56
nvme1n1        492.80 231723.20   112.40  18.57    0.38   470.22  294.80 225561.60     1.00   0.34    0.50   765.13    0.00      0.00     0.00   0.00    0.00     0.00    0.00  80.40
nvme20n1       482.80 230168.80   113.40  19.02    0.35   476.74  297.00 227161.60     1.40   0.47    0.48   764.85    0.00      0.00     0.00   0.00    0.00     0.00    0.00  81.76
nvme21n1       491.60 232481.60   107.80  17.98    0.36   472.91  301.80 228776.80     1.20   0.40    0.44   758.04    0.00      0.00     0.00   0.00    0.00     0.00    0.00  82.32
nvme22n1       491.40 232355.20   113.60  18.78    0.36   472.84  300.80 227155.20     1.20   0.40    0.43   755.17    0.00      0.00     0.00   0.00    0.00     0.00    0.00  83.04
nvme23n1       490.80 234832.80   115.20  19.01    0.36   478.47  296.00 227172.00     1.20   0.40    0.44   767.47    0.00      0.00     0.00   0.00    0.00     0.00    0.00  83.28
nvme24n1       489.80 233605.60   110.80  18.45    0.37   476.94  298.60 225541.60     1.20   0.40    0.44   755.33    0.00      0.00     0.00   0.00    0.00     0.00    0.00  81.04
nvme25n1       482.20 229539.20   111.20  18.74    0.35   476.02  290.80 224919.20     1.00   0.34    0.44   773.45    0.00      0.00     0.00   0.00    0.00     0.00    0.00  80.72
nvme26n1       490.00 230189.60   111.80  18.58    0.34   469.77  295.80 224556.80     0.80   0.27    0.43   759.15    0.00      0.00     0.00   0.00    0.00     0.00    0.00  80.32
nvme27n1       489.60 230584.80   109.80  18.32    0.33   470.97  289.40 223883.20     1.00   0.34    0.38   773.61    0.00      0.00     0.00   0.00    0.00     0.00    0.00  80.96
nvme28n1       495.20 233097.60   112.20  18.47    0.36   470.71  287.00 221237.60     1.00   0.35    0.46   770.86    0.00      0.00     0.00   0.00    0.00     0.00    0.00  81.20
nvme29n1       488.00 229951.20   106.00  17.85    0.36   471.21  283.80 219806.40     1.00   0.35    0.47   774.51    0.00      0.00     0.00   0.00    0.00     0.00    0.00  80.48
nvme2n1        485.20 230104.00   110.00  18.48    0.42   474.25  290.40 222417.60     1.00   0.34    0.49   765.90    0.00      0.00     0.00   0.00    0.00     0.00    0.00  80.40
nvme30n1       481.60 229381.60   115.40  19.33    0.41   476.29  284.40 222044.00     1.00   0.35    0.51   780.75    0.00      0.00     0.00   0.00    0.00     0.00    0.00  80.24
nvme31n1       485.40 231455.20   107.60  18.15    0.39   476.83  284.80 223146.40     1.00   0.35    0.42   783.52    0.00      0.00     0.00   0.00    0.00     0.00    0.00  81.04
nvme3n1        479.20 228985.60   117.00  19.62    0.36   477.85  289.20 222798.40     0.80   0.28    0.44   770.40    0.00      0.00     0.00   0.00    0.00     0.00    0.00  79.52
nvme4n1        482.00 228020.00   107.80  18.28    0.35   473.07  292.60 224231.20     0.80   0.27    0.44   766.34    0.00      0.00     0.00   0.00    0.00     0.00    0.00  79.44
nvme5n1        482.80 228340.80   114.60  19.18    0.36   472.95  294.40 225981.60     0.80   0.27    0.46   767.60    0.00      0.00     0.00   0.00    0.00     0.00    0.00  80.40
nvme6n1        482.00 228011.20   106.20  18.06    0.37   473.05  415.40 226628.80    12.20   2.85    0.34   545.57    0.00      0.00     0.00   0.00    0.00     0.00    0.00  84.32
nvme7n1        481.40 227038.40   116.60  19.50    0.37   471.62  401.40 226823.20     9.40   2.29    0.35   565.08    0.00      0.00     0.00   0.00    0.00     0.00    0.00  82.00
nvme8n1        481.80 227584.00   105.80  18.01    0.40   472.36  345.40 224906.40     0.80   0.23    0.47   651.15    0.00      0.00     0.00   0.00    0.00     0.00    0.00  83.12
nvme9n1        481.60 226842.40   113.60  19.09    0.36   471.02  312.60 222493.60     0.80   0.26    0.46   711.75    0.00      0.00     0.00   0.00    0.00     0.00    0.00  81.20


Device            r/s     rkB/s   rrqm/s  %rrqm r_await rareq-sz     w/s     wkB/s   wrqm/s  %wrqm w_await wareq-sz     d/s     dkB/s   drqm/s  %drqm d_await dareq-sz  aqu-sz  %util
dm-0             0.80      3.20     0.00   0.00    0.00     4.00   13.80     58.40     0.00   0.00    0.00     4.23    0.00      0.00     0.00   0.00    0.00     0.00    0.00   0.24
loop0            0.00      0.00     0.00   0.00    0.00     0.00    0.00      0.00     0.00   0.00    0.00     0.00    0.00      0.00     0.00   0.00    0.00     0.00    0.00   0.00
loop1            0.00      0.00     0.00   0.00    0.00     0.00    0.00      0.00     0.00   0.00    0.00     0.00    0.00      0.00     0.00   0.00    0.00     0.00    0.00   0.00
loop2            0.00      0.00     0.00   0.00    0.00     0.00    0.00      0.00     0.00   0.00    0.00     0.00    0.00      0.00     0.00   0.00    0.00     0.00    0.00   0.00
loop3            0.00      0.00     0.00   0.00    0.00     0.00    0.00      0.00     0.00   0.00    0.00     0.00    0.00      0.00     0.00   0.00    0.00     0.00    0.00   0.00
loop4            0.00      0.00     0.00   0.00    0.00     0.00    0.00      0.00     0.00   0.00    0.00     0.00    0.00      0.00     0.00   0.00    0.00     0.00    0.00   0.00
loop5            0.00      0.00     0.00   0.00    0.00     0.00    0.00      0.00     0.00   0.00    0.00     0.00    0.00      0.00     0.00   0.00    0.00     0.00    0.00   0.00
loop6            0.00      0.00     0.00   0.00    0.00     0.00    0.00      0.00     0.00   0.00    0.00     0.00    0.00      0.00     0.00   0.00    0.00     0.00    0.00   0.00
loop7            0.00      0.00     0.00   0.00    0.00     0.00    0.00      0.00     0.00   0.00    0.00     0.00    0.00      0.00     0.00   0.00    0.00     0.00    0.00   0.00
md0           3985.80 1763352.80     0.00   0.00    0.00   442.41 3144.40 2087510.40     0.00   0.00    0.00   663.88    0.00      0.00     0.00   0.00    0.00     0.00    0.00   0.00
nvme0n1          0.80      3.20     0.00   0.00    0.25     4.00   11.80     58.40     2.00  14.49    0.05     4.95    0.00      0.00     0.00   0.00    0.00     0.00    0.00   0.24
nvme10n1       104.80  49212.80    22.60  17.74    0.27   469.59  104.20  63132.00    17.80  14.59    0.26   605.87    0.00      0.00     0.00   0.00    0.00     0.00    0.00  46.48
nvme11n1       105.00  49730.40    20.20  16.13    0.26   473.62   95.20  63056.00     7.00   6.85    0.32   662.35    0.00      0.00     0.00   0.00    0.00     0.00    0.00  45.76
nvme12n1       104.80  48760.80    23.60  18.38    0.25   465.27   88.00  62232.80     6.20   6.58    0.31   707.19    0.00      0.00     0.00   0.00    0.00     0.00    0.00  45.12
nvme13n1        99.60  48158.40    21.00  17.41    0.27   483.52   84.80  62582.40     6.20   6.81    0.38   738.00    0.00      0.00     0.00   0.00    0.00     0.00    0.00  46.56
nvme14n1       108.00  49732.80    23.40  17.81    0.27   460.49   87.00  62696.00     5.80   6.25    0.33   720.64    0.00      0.00     0.00   0.00    0.00     0.00    0.00  45.76
nvme15n1       104.40  49886.40    21.80  17.27    0.27   477.84   84.20  61260.00     7.00   7.68    0.32   727.55    0.00      0.00     0.00   0.00    0.00     0.00    0.00  44.72
nvme16n1       108.20  49758.40    25.00  18.77    0.26   459.87   87.80  62035.20     6.60   6.99    0.36   706.55    0.00      0.00     0.00   0.00    0.00     0.00    0.00  46.00
nvme17n1       104.40  50095.20    22.20  17.54    0.26   479.84   87.20  62303.20     7.00   7.43    0.31   714.49    0.00      0.00     0.00   0.00    0.00     0.00    0.00  45.84
nvme18n1       111.00  51712.00    24.60  18.14    0.26   465.87   89.00  63056.00     8.20   8.44    0.35   708.49    0.00      0.00     0.00   0.00    0.00     0.00    0.00  45.68
nvme19n1       104.60  50310.40    21.80  17.25    0.26   480.98   88.00  63172.00     8.00   8.33    0.34   717.86    0.00      0.00     0.00   0.00    0.00     0.00    0.00  46.48
nvme1n1        106.20  49288.00    22.00  17.16    0.27   464.11   84.80  62024.00     6.60   7.22    0.37   731.42    0.00      0.00     0.00   0.00    0.00     0.00    0.00  43.92
nvme20n1       113.40  50208.00    23.60  17.23    0.25   442.75   89.80  62504.00     8.20   8.37    0.35   696.04    0.00      0.00     0.00   0.00    0.00     0.00    0.00  46.08
nvme21n1       104.20  49296.00    23.40  18.34    0.26   473.09   86.40  61160.80     7.00   7.49    0.32   707.88    0.00      0.00     0.00   0.00    0.00     0.00    0.00  43.92
nvme22n1       110.20  50536.00    23.00  17.27    0.26   458.58   83.80  60808.00     6.00   6.68    0.33   725.63    0.00      0.00     0.00   0.00    0.00     0.00    0.00  45.92
nvme23n1       103.80  50028.80    24.00  18.78    0.26   481.97   84.20  61549.60     8.60   9.27    0.32   730.99    0.00      0.00     0.00   0.00    0.00     0.00    0.00  44.80
nvme24n1       108.60  50598.40    24.60  18.47    0.26   465.92   84.80  62124.00     7.00   7.63    0.33   732.59    0.00      0.00     0.00   0.00    0.00     0.00    0.00  45.76
nvme25n1       107.80  50539.20    25.40  19.07    0.26   468.82   87.80  61878.40     7.80   8.16    0.32   704.77    0.00      0.00     0.00   0.00    0.00     0.00    0.00  44.16
nvme26n1       107.80  50002.40    23.40  17.84    0.26   463.84   84.40  61394.40     6.40   7.05    0.32   727.42    0.00      0.00     0.00   0.00    0.00     0.00    0.00  45.36
nvme27n1       104.00  49592.80    22.80  17.98    0.26   476.85   84.80  60818.40     7.80   8.42    0.30   717.20    0.00      0.00     0.00   0.00    0.00     0.00    0.00  45.60
nvme28n1       105.80  49470.40    24.00  18.49    0.27   467.58   82.00  62288.00     6.60   7.45    0.35   759.61    0.00      0.00     0.00   0.00    0.00     0.00    0.00  45.36
nvme29n1       103.20  49645.60    24.60  19.25    0.27   481.06   88.00  63168.00     8.80   9.09    0.34   717.82    0.00      0.00     0.00   0.00    0.00     0.00    0.00  45.12
nvme2n1        104.00  49780.00    25.40  19.63    0.26   478.65   85.60  61987.20     5.40   5.93    0.35   724.15    0.00      0.00     0.00   0.00    0.00     0.00    0.00  44.80
nvme30n1       107.80  49341.60    23.40  17.84    0.27   457.71   85.00  62664.80     5.00   5.56    0.37   737.23    0.00      0.00     0.00   0.00    0.00     0.00    0.00  46.00
nvme31n1       102.60  49379.20    25.20  19.72    0.26   481.28   85.20  62877.60     6.80   7.39    0.34   738.00    0.00      0.00     0.00   0.00    0.00     0.00    0.00  43.52
nvme3n1        104.20  49526.40    23.20  18.21    0.27   475.30   86.20  62328.00     6.20   6.71    0.33   723.06    0.00      0.00     0.00   0.00    0.00     0.00    0.00  44.56
nvme4n1        103.00  48172.80    23.80  18.77    0.27   467.70   84.60  60901.60     5.80   6.42    0.34   719.88    0.00      0.00     0.00   0.00    0.00     0.00    0.00  43.76
nvme5n1        101.20  48360.80    21.60  17.59    0.26   477.87   82.80  60552.80     8.20   9.01    0.34   731.31    0.00      0.00     0.00   0.00    0.00     0.00    0.00  44.48
nvme6n1        102.00  48668.80    23.80  18.92    0.26   477.15  126.40  60904.80     9.20   6.78    0.24   481.84    0.00      0.00     0.00   0.00    0.00     0.00    0.00  50.88
nvme7n1        104.40  48960.00    22.80  17.92    0.26   468.97  109.40  60870.40     9.40   7.91    0.26   556.40    0.00      0.00     0.00   0.00    0.00     0.00    0.00  46.88
nvme8n1        104.00  49011.20    23.60  18.50    0.26   471.26  118.40  61832.80    24.80  17.32    0.31   522.24    0.00      0.00     0.00   0.00    0.00     0.00    0.00  49.44
nvme9n1        100.80  48196.00    22.20  18.05    0.26   478.13  113.20  61784.00    22.40  16.52    0.26   545.80    0.00      0.00     0.00   0.00    0.00     0.00    0.00  48.08


Device            r/s     rkB/s   rrqm/s  %rrqm r_await rareq-sz     w/s     wkB/s   wrqm/s  %wrqm w_await wareq-sz     d/s     dkB/s   drqm/s  %drqm d_await dareq-sz  aqu-sz  %util
dm-0            38.20    315.20     0.00   0.00    0.15     8.25    4.40     27.20     0.00   0.00    0.00     6.18    0.00      0.00     0.00   0.00    0.00     0.00    0.01   0.72
loop0            0.00      0.00     0.00   0.00    0.00     0.00    0.00      0.00     0.00   0.00    0.00     0.00    0.00      0.00     0.00   0.00    0.00     0.00    0.00   0.00
loop1            0.00      0.00     0.00   0.00    0.00     0.00    0.00      0.00     0.00   0.00    0.00     0.00    0.00      0.00     0.00   0.00    0.00     0.00    0.00   0.00
loop2            0.00      0.00     0.00   0.00    0.00     0.00    0.00      0.00     0.00   0.00    0.00     0.00    0.00      0.00     0.00   0.00    0.00     0.00    0.00   0.00
loop3            0.00      0.00     0.00   0.00    0.00     0.00    0.00      0.00     0.00   0.00    0.00     0.00    0.00      0.00     0.00   0.00    0.00     0.00    0.00   0.00
loop4            0.00      0.00     0.00   0.00    0.00     0.00    0.00      0.00     0.00   0.00    0.00     0.00    0.00      0.00     0.00   0.00    0.00     0.00    0.00   0.00
loop5            0.00      0.00     0.00   0.00    0.00     0.00    0.00      0.00     0.00   0.00    0.00     0.00    0.00      0.00     0.00   0.00    0.00     0.00    0.00   0.00
loop6            0.00      0.00     0.00   0.00    0.00     0.00    0.00      0.00     0.00   0.00    0.00     0.00    0.00      0.00     0.00   0.00    0.00     0.00    0.00   0.00
loop7            0.00      0.00     0.00   0.00    0.00     0.00    0.00      0.00     0.00   0.00    0.00     0.00    0.00      0.00     0.00   0.00    0.00     0.00    0.00   0.00
md0           1886.20 914634.40     0.00   0.00    0.00   484.91  913.20 738330.40     0.00   0.00    0.00   808.51    0.00      0.00     0.00   0.00    0.00     0.00    0.00   0.00
nvme0n1         14.40    315.20    23.80  62.30    0.10    21.89    0.80     27.20     3.60  81.82    0.00    34.00    0.00      0.00     0.00   0.00    0.00     0.00    0.00   0.72
nvme10n1        46.20  22910.40    11.00  19.23    0.25   495.90   30.80  22860.00     0.00   0.00    0.30   742.21    0.00      0.00     0.00   0.00    0.00     0.00    0.00  22.00
nvme11n1        49.40  22822.40    12.00  19.54    0.24   461.99   28.80  22814.40     0.00   0.00    0.35   792.17    0.00      0.00     0.00   0.00    0.00     0.00    0.00  22.96
nvme12n1        44.20  22395.20    11.00  19.93    0.25   506.68   28.00  22337.60     0.00   0.00    0.33   797.77    0.00      0.00     0.00   0.00    0.00     0.00    0.00  20.48
nvme13n1        45.60  22178.40    10.60  18.86    0.25   486.37   26.60  21958.40     0.00   0.00    0.41   825.50    0.00      0.00     0.00   0.00    0.00     0.00    0.00  20.88
nvme14n1        43.60  22323.20    11.20  20.44    0.25   512.00   26.40  22118.40     0.00   0.00    0.36   837.82    0.00      0.00     0.00   0.00    0.00     0.00    0.00  20.88
nvme15n1        45.40  22520.00    10.40  18.64    0.26   496.04   28.00  22960.80     0.00   0.00    0.36   820.03    0.00      0.00     0.00   0.00    0.00     0.00    0.00  21.76
nvme16n1        46.20  23328.00    10.80  18.95    0.25   504.94   28.00  22684.00     0.00   0.00    0.38   810.14    0.00      0.00     0.00   0.00    0.00     0.00    0.00  21.84
nvme17n1        48.20  24285.60    11.20  18.86    0.27   503.85   28.40  23552.00     0.00   0.00    0.35   829.30    0.00      0.00     0.00   0.00    0.00     0.00    0.00  22.24
nvme18n1        49.40  24756.80    12.00  19.54    0.25   501.15   29.00  23800.80     0.00   0.00    0.34   820.72    0.00      0.00     0.00   0.00    0.00     0.00    0.00  22.80
nvme19n1        50.60  25204.00    11.80  18.91    0.26   498.10   28.60  23924.80     0.00   0.00    0.41   836.53    0.00      0.00     0.00   0.00    0.00     0.00    0.00  22.56
nvme1n1         52.20  24342.40    13.60  20.67    0.24   466.33   29.40  23174.40     0.00   0.00    0.34   788.24    0.00      0.00     0.00   0.00    0.00     0.00    0.00  23.28
nvme20n1        49.60  25181.60    13.60  21.52    0.25   507.69   29.40  24367.20     0.00   0.00    0.38   828.82    0.00      0.00     0.00   0.00    0.00     0.00    0.00  22.64
nvme21n1        49.80  24538.40    12.00  19.42    0.26   492.74   28.80  23592.00     0.00   0.00    0.35   819.17    0.00      0.00     0.00   0.00    0.00     0.00    0.00  22.40
nvme22n1        48.00  24085.60    13.40  21.82    0.25   501.78   28.20  23347.20     0.00   0.00    0.38   827.91    0.00      0.00     0.00   0.00    0.00     0.00    0.00  21.92
nvme23n1        51.00  25148.80    11.60  18.53    0.26   493.11   29.00  23395.20     0.00   0.00    0.34   806.73    0.00      0.00     0.00   0.00    0.00     0.00    0.00  22.64
nvme24n1        50.80  24711.20    13.40  20.87    0.25   486.44   28.40  23687.20     0.00   0.00    0.35   834.06    0.00      0.00     0.00   0.00    0.00     0.00    0.00  22.16
nvme25n1        52.00  25307.20    12.00  18.75    0.25   486.68   27.80  22926.40     0.00   0.00    0.36   824.69    0.00      0.00     0.00   0.00    0.00     0.00    0.00  22.80
nvme26n1        50.80  25048.00    12.80  20.13    0.25   493.07   27.40  22662.40     0.00   0.00    0.34   827.09    0.00      0.00     0.00   0.00    0.00     0.00    0.00  22.72
nvme27n1        49.40  24380.00    12.40  20.06    0.25   493.52   26.20  22124.80     0.00   0.00    0.33   844.46    0.00      0.00     0.00   0.00    0.00     0.00    0.00  21.28
nvme28n1        50.80  25079.20    11.80  18.85    0.26   493.69   25.80  22157.60     0.00   0.00    0.38   858.82    0.00      0.00     0.00   0.00    0.00     0.00    0.00  21.84
nvme29n1        49.80  25076.00    12.80  20.45    0.26   503.53   25.80  22163.20     0.00   0.00    0.36   859.04    0.00      0.00     0.00   0.00    0.00     0.00    0.00  21.84
nvme2n1         50.00  24444.00    12.00  19.35    0.26   488.88   27.60  23130.40     0.00   0.00    0.40   838.06    0.00      0.00     0.00   0.00    0.00     0.00    0.00  22.72
nvme30n1        50.80  25190.40    12.40  19.62    0.26   495.87   26.20  22504.00     0.00   0.00    0.39   858.93    0.00      0.00     0.00   0.00    0.00     0.00    0.00  22.32
nvme31n1        50.60  25396.00    12.40  19.68    0.26   501.90   26.80  23142.40     0.00   0.00    0.34   863.52    0.00      0.00     0.00   0.00    0.00     0.00    0.00  22.08
nvme3n1         51.20  24405.60    13.20  20.50    0.25   476.67   27.00  22861.60     0.00   0.00    0.36   846.73    0.00      0.00     0.00   0.00    0.00     0.00    0.00  22.96
nvme4n1         47.00  23882.40    11.80  20.07    0.25   508.14   27.60  22742.40     0.00   0.00    0.36   824.00    0.00      0.00     0.00   0.00    0.00     0.00    0.00  22.48
nvme5n1         47.40  23124.00    12.40  20.74    0.24   487.85   27.20  22895.20     0.00   0.00    0.38   841.74    0.00      0.00     0.00   0.00    0.00     0.00    0.00  22.08
nvme6n1         47.00  23720.80    10.60  18.40    0.26   504.70   38.60  22984.80     0.40   1.03    0.27   595.46    0.00      0.00     0.00   0.00    0.00     0.00    0.00  24.24
nvme7n1         49.60  23709.60    12.80  20.51    0.24   478.02   36.20  23024.00     0.60   1.63    0.29   636.02    0.00      0.00     0.00   0.00    0.00     0.00    0.00  24.00
nvme8n1         46.80  23175.20    12.00  20.41    0.26   495.20   34.40  22917.60     0.00   0.00    0.35   666.21    0.00      0.00     0.00   0.00    0.00     0.00    0.00  22.32
nvme9n1         49.40  22723.20    12.80  20.58    0.24   459.98   34.80  22719.20     0.00   0.00    0.29   652.85    0.00      0.00     0.00   0.00    0.00     0.00    0.00  22.56


Device            r/s     rkB/s   rrqm/s  %rrqm r_await rareq-sz     w/s     wkB/s   wrqm/s  %wrqm w_await wareq-sz     d/s     dkB/s   drqm/s  %drqm d_await dareq-sz  aqu-sz  %util
dm-0             0.00      0.00     0.00   0.00    0.00     0.00    2.80     11.20     0.00   0.00    0.00     4.00    0.00      0.00     0.00   0.00    0.00     0.00    0.00   0.08
loop0            0.00      0.00     0.00   0.00    0.00     0.00    0.00      0.00     0.00   0.00    0.00     0.00    0.00      0.00     0.00   0.00    0.00     0.00    0.00   0.00
loop1            0.00      0.00     0.00   0.00    0.00     0.00    0.00      0.00     0.00   0.00    0.00     0.00    0.00      0.00     0.00   0.00    0.00     0.00    0.00   0.00
loop2            0.00      0.00     0.00   0.00    0.00     0.00    0.00      0.00     0.00   0.00    0.00     0.00    0.00      0.00     0.00   0.00    0.00     0.00    0.00   0.00
loop3            0.00      0.00     0.00   0.00    0.00     0.00    0.00      0.00     0.00   0.00    0.00     0.00    0.00      0.00     0.00   0.00    0.00     0.00    0.00   0.00
loop4            0.00      0.00     0.00   0.00    0.00     0.00    0.00      0.00     0.00   0.00    0.00     0.00    0.00      0.00     0.00   0.00    0.00     0.00    0.00   0.00
loop5            0.00      0.00     0.00   0.00    0.00     0.00    0.00      0.00     0.00   0.00    0.00     0.00    0.00      0.00     0.00   0.00    0.00     0.00    0.00   0.00
loop6            0.00      0.00     0.00   0.00    0.00     0.00    0.00      0.00     0.00   0.00    0.00     0.00    0.00      0.00     0.00   0.00    0.00     0.00    0.00   0.00
loop7            0.00      0.00     0.00   0.00    0.00     0.00    0.00      0.00     0.00   0.00    0.00     0.00    0.00      0.00     0.00   0.00    0.00     0.00    0.00   0.00
md0           17837.60 7878532.00     0.00   0.00    0.00   441.68 9469.60 6910002.40     0.00   0.00    0.00   729.70    0.00      0.00     0.00   0.00    0.00     0.00    0.00   0.00
nvme0n1          0.00      0.00     0.00   0.00    0.00     0.00    0.40     11.20     2.40  85.71    0.00    28.00    0.00      0.00     0.00   0.00    0.00     0.00    0.00   0.08
nvme10n1       472.40 226696.00   107.00  18.47    0.35   479.88  351.60 217240.80     9.60   2.66    0.33   617.86    0.00      0.00     0.00   0.00    0.00     0.00    0.00  74.32
nvme11n1       464.20 226024.00   111.20  19.33    0.36   486.91  282.00 218013.60     4.80   1.67    0.49   773.10    0.00      0.00     0.00   0.00    0.00     0.00    0.00  72.56
nvme12n1       473.80 224864.00   106.60  18.37    0.35   474.60  289.00 217545.60     5.20   1.77    0.43   752.75    0.00      0.00     0.00   0.00    0.00     0.00    0.00  73.12
nvme13n1       472.60 226120.00   108.40  18.66    0.40   478.46  284.60 215041.60     5.60   1.93    0.54   755.59    0.00      0.00     0.00   0.00    0.00     0.00    0.00  72.40
nvme14n1       470.80 228448.80   107.00  18.52    0.38   485.24  284.20 215784.00     4.20   1.46    0.49   759.27    0.00      0.00     0.00   0.00    0.00     0.00    0.00  71.28
nvme15n1       480.80 227386.40   105.80  18.04    0.35   472.93  284.40 213475.20     4.60   1.59    0.44   750.62    0.00      0.00     0.00   0.00    0.00     0.00    0.00  71.12
nvme16n1       469.60 226360.80   107.20  18.59    0.38   482.03  281.60 211390.40     6.20   2.15    0.47   750.68    0.00      0.00     0.00   0.00    0.00     0.00    0.00  71.60
nvme17n1       475.80 228068.80   106.80  18.33    0.36   479.34  284.20 212935.20     5.00   1.73    0.40   749.24    0.00      0.00     0.00   0.00    0.00     0.00    0.00  71.20
nvme18n1       481.20 231660.80   110.20  18.63    0.39   481.42  304.60 215068.00     6.20   1.99    0.42   706.07    0.00      0.00     0.00   0.00    0.00     0.00    0.00  71.36
nvme19n1       483.60 232000.00   107.00  18.12    0.37   479.74  279.20 214571.20     2.80   0.99    0.46   768.52    0.00      0.00     0.00   0.00    0.00     0.00    0.00  70.96
nvme1n1        462.60 221364.80   103.80  18.33    0.37   478.52  281.80 217591.20     8.60   2.96    0.48   772.15    0.00      0.00     0.00   0.00    0.00     0.00    0.00  71.44
nvme20n1       482.40 230488.80   111.00  18.71    0.37   477.80  278.40 215879.20     6.20   2.18    0.48   775.43    0.00      0.00     0.00   0.00    0.00     0.00    0.00  71.44
nvme21n1       472.60 227866.40   106.00  18.32    0.37   482.15  276.40 215142.40     2.60   0.93    0.44   778.37    0.00      0.00     0.00   0.00    0.00     0.00    0.00  70.88
nvme22n1       475.60 227778.40   108.40  18.56    0.37   478.93  279.00 216564.80     6.20   2.17    0.45   776.22    0.00      0.00     0.00   0.00    0.00     0.00    0.00  72.16
nvme23n1       476.60 227666.40   105.20  18.08    0.36   477.69  279.40 216837.60     3.80   1.34    0.44   776.08    0.00      0.00     0.00   0.00    0.00     0.00    0.00  71.20
nvme24n1       480.00 227952.00   106.80  18.20    0.37   474.90  279.60 215752.00     5.60   1.96    0.46   771.65    0.00      0.00     0.00   0.00    0.00     0.00    0.00  71.04
nvme25n1       467.40 225681.60   108.80  18.88    0.35   482.84  279.40 214944.80     2.60   0.92    0.43   769.31    0.00      0.00     0.00   0.00    0.00     0.00    0.00  71.52
nvme26n1       466.40 223576.80   106.60  18.60    0.35   479.37  275.60 215732.80     5.40   1.92    0.44   782.78    0.00      0.00     0.00   0.00    0.00     0.00    0.00  70.32
nvme27n1       463.80 223464.00   108.00  18.89    0.33   481.81  282.00 218069.60     4.00   1.40    0.39   773.30    0.00      0.00     0.00   0.00    0.00     0.00    0.00  71.36
nvme28n1       456.80 219592.00   106.60  18.92    0.38   480.72  278.40 215080.00     7.20   2.52    0.47   772.56    0.00      0.00     0.00   0.00    0.00     0.00    0.00  71.52
nvme29n1       463.80 220060.80   104.00  18.32    0.37   474.47  285.20 220122.40     3.20   1.11    0.48   771.82    0.00      0.00     0.00   0.00    0.00     0.00    0.00  70.72
nvme2n1        458.00 219432.80   103.80  18.48    0.39   479.11  281.40 216158.40     2.20   0.78    0.52   768.15    0.00      0.00     0.00   0.00    0.00     0.00    0.00  70.72
nvme30n1       463.80 220332.80   104.80  18.43    0.40   475.06  284.40 219986.40     6.40   2.20    0.51   773.51    0.00      0.00     0.00   0.00    0.00     0.00    0.00  71.36
nvme31n1       457.40 221664.00   107.20  18.99    0.39   484.62  283.20 219715.20     2.40   0.84    0.42   775.83    0.00      0.00     0.00   0.00    0.00     0.00    0.00  71.84
nvme3n1        459.80 221766.40   104.00  18.45    0.35   482.31  282.00 216195.20     6.60   2.29    0.44   766.65    0.00      0.00     0.00   0.00    0.00     0.00    0.00  71.60
nvme4n1        463.40 220840.00   103.80  18.30    0.35   476.56  283.00 216173.60     3.60   1.26    0.43   763.86    0.00      0.00     0.00   0.00    0.00     0.00    0.00  71.68
nvme5n1        463.20 222923.20   103.80  18.31    0.38   481.27  280.40 215467.20     5.00   1.75    0.48   768.43    0.00      0.00     0.00   0.00    0.00     0.00    0.00  71.52
nvme6n1        461.80 224043.20   108.20  18.98    0.36   485.15  385.40 216198.40    12.40   3.12    0.36   560.97    0.00      0.00     0.00   0.00    0.00     0.00    0.00  72.40
nvme7n1        459.80 223300.80   105.80  18.71    0.38   485.65  369.40 218018.40     9.80   2.58    0.36   590.20    0.00      0.00     0.00   0.00    0.00     0.00    0.00  72.80
nvme8n1        468.60 223080.00   104.40  18.22    0.37   476.06  331.20 217932.80    11.20   3.27    0.46   658.01    0.00      0.00     0.00   0.00    0.00     0.00    0.00  74.48
nvme9n1        463.60 224669.60   106.80  18.72    0.36   484.62  328.80 215804.80    18.60   5.35    0.42   656.34    0.00      0.00     0.00   0.00    0.00     0.00    0.00  73.04


Device            r/s     rkB/s   rrqm/s  %rrqm r_await rareq-sz     w/s     wkB/s   wrqm/s  %wrqm w_await wareq-sz     d/s     dkB/s   drqm/s  %drqm d_await dareq-sz  aqu-sz  %util
dm-0             0.00      0.00     0.00   0.00    0.00     0.00    1.40      5.60     0.00   0.00    0.00     4.00    0.00      0.00     0.00   0.00    0.00     0.00    0.00   0.08
loop0            0.00      0.00     0.00   0.00    0.00     0.00    0.00      0.00     0.00   0.00    0.00     0.00    0.00      0.00     0.00   0.00    0.00     0.00    0.00   0.00
loop1            0.00      0.00     0.00   0.00    0.00     0.00    0.00      0.00     0.00   0.00    0.00     0.00    0.00      0.00     0.00   0.00    0.00     0.00    0.00   0.00
loop2            0.00      0.00     0.00   0.00    0.00     0.00    0.00      0.00     0.00   0.00    0.00     0.00    0.00      0.00     0.00   0.00    0.00     0.00    0.00   0.00
loop3            0.00      0.00     0.00   0.00    0.00     0.00    0.00      0.00     0.00   0.00    0.00     0.00    0.00      0.00     0.00   0.00    0.00     0.00    0.00   0.00
loop4            0.00      0.00     0.00   0.00    0.00     0.00    0.00      0.00     0.00   0.00    0.00     0.00    0.00      0.00     0.00   0.00    0.00     0.00    0.00   0.00
loop5            0.00      0.00     0.00   0.00    0.00     0.00    0.00      0.00     0.00   0.00    0.00     0.00    0.00      0.00     0.00   0.00    0.00     0.00    0.00   0.00
loop6            0.00      0.00     0.00   0.00    0.00     0.00    0.00      0.00     0.00   0.00    0.00     0.00    0.00      0.00     0.00   0.00    0.00     0.00    0.00   0.00
loop7            0.00      0.00     0.00   0.00    0.00     0.00    0.00      0.00     0.00   0.00    0.00     0.00    0.00      0.00     0.00   0.00    0.00     0.00    0.00   0.00
md0           3955.80 1710202.40     0.00   0.00    0.00   432.33 2821.00 2060606.40     0.00   0.00    0.00   730.45    0.00      0.00     0.00   0.00    0.00     0.00    0.00   0.00
nvme0n1          0.00      0.00     0.00   0.00    0.00     0.00    0.40      5.60     1.00  71.43    0.00    14.00    0.00      0.00     0.00   0.00    0.00     0.00    0.00   0.08
nvme10n1       104.00  49472.00    22.80  17.98    0.29   475.69  107.00  62970.40     0.00   0.00    0.27   588.51    0.00      0.00     0.00   0.00    0.00     0.00    0.00  46.72
nvme11n1       102.80  49031.20    23.40  18.54    0.27   476.96   86.40  62464.80     0.00   0.00    0.33   722.97    0.00      0.00     0.00   0.00    0.00     0.00    0.00  41.36
nvme12n1       107.80  50337.60    24.40  18.46    0.27   466.95   87.40  63348.00     0.00   0.00    0.34   724.81    0.00      0.00     0.00   0.00    0.00     0.00    0.00  42.96
nvme13n1       107.40  50080.80    24.40  18.51    0.27   466.30   89.00  63504.00     0.00   0.00    0.39   713.53    0.00      0.00     0.00   0.00    0.00     0.00    0.00  44.00
nvme14n1       102.60  48450.40    23.20  18.44    0.28   472.23   84.20  61912.80     0.00   0.00    0.36   735.31    0.00      0.00     0.00   0.00    0.00     0.00    0.00  43.20
nvme15n1       105.60  48701.60    22.60  17.63    0.27   461.19   84.80  61078.40     0.00   0.00    0.32   720.26    0.00      0.00     0.00   0.00    0.00     0.00    0.00  43.20
nvme16n1       104.20  48558.40    23.00  18.08    0.27   466.01   89.20  61992.00     0.20   0.22    0.33   694.98    0.00      0.00     0.00   0.00    0.00     0.00    0.00  43.04
nvme17n1       103.80  49311.20    22.20  17.62    0.27   475.06   89.40  61533.60     0.00   0.00    0.29   688.30    0.00      0.00     0.00   0.00    0.00     0.00    0.00  43.60
nvme18n1       101.00  48336.00    23.00  18.55    0.29   478.57   83.20  60488.00     0.00   0.00    0.35   727.02    0.00      0.00     0.00   0.00    0.00     0.00    0.00  42.08
nvme19n1       102.40  48049.60    21.40  17.29    0.27   469.23   83.20  60336.00     0.00   0.00    0.35   725.19    0.00      0.00     0.00   0.00    0.00     0.00    0.00  42.40
nvme1n1        105.20  50468.80    22.60  17.68    0.27   479.74   81.20  59832.00     0.00   0.00    0.35   736.85    0.00      0.00     0.00   0.00    0.00     0.00    0.00  43.12
nvme20n1       100.80  48215.20    23.20  18.71    0.28   478.33   81.80  60192.00     0.00   0.00    0.34   735.84    0.00      0.00     0.00   0.00    0.00     0.00    0.00  41.92
nvme21n1       104.20  49418.40    23.20  18.21    0.27   474.26   81.00  59986.40     0.00   0.00    0.35   740.57    0.00      0.00     0.00   0.00    0.00     0.00    0.00  43.04
nvme22n1       102.00  48329.60    22.80  18.27    0.28   473.82   82.00  59947.20     0.00   0.00    0.32   731.06    0.00      0.00     0.00   0.00    0.00     0.00    0.00  41.36
nvme23n1       103.00  48125.60    22.60  17.99    0.26   467.24   80.20  59625.60     0.00   0.00    0.34   743.46    0.00      0.00     0.00   0.00    0.00     0.00    0.00  41.60
nvme24n1        99.00  47424.80    23.40  19.12    0.27   479.04   80.20  59628.00     0.00   0.00    0.32   743.49    0.00      0.00     0.00   0.00    0.00     0.00    0.00  42.00
nvme25n1       107.40  49495.20    21.80  16.87    0.27   460.85   83.00  61228.00     0.00   0.00    0.33   737.69    0.00      0.00     0.00   0.00    0.00     0.00    0.00  44.08
nvme26n1       106.20  49981.60    22.60  17.55    0.27   470.64   81.40  59165.60     0.00   0.00    0.32   726.85    0.00      0.00     0.00   0.00    0.00     0.00    0.00  44.16
nvme27n1       106.00  49818.40    23.60  18.21    0.26   469.98   79.20  58810.40     0.20   0.25    0.30   742.56    0.00      0.00     0.00   0.00    0.00     0.00    0.00  45.36
nvme28n1       108.20  50614.40    23.40  17.78    0.27   467.79   83.60  60235.20     0.00   0.00    0.33   720.52    0.00      0.00     0.00   0.00    0.00     0.00    0.00  45.04
nvme29n1       104.80  48946.40    25.20  19.38    0.27   467.05   82.60  59362.40     0.00   0.00    0.34   718.67    0.00      0.00     0.00   0.00    0.00     0.00    0.00  42.88
nvme2n1        104.80  49379.20    24.80  19.14    0.28   471.18   83.60  60899.20     0.00   0.00    0.39   728.46    0.00      0.00     0.00   0.00    0.00     0.00    0.00  43.92
nvme30n1       105.80  50200.80    20.80  16.43    0.29   474.49   81.00  58701.60     0.00   0.00    0.38   724.71    0.00      0.00     0.00   0.00    0.00     0.00    0.00  43.44
nvme31n1       110.20  50819.20    25.60  18.85    0.26   461.15   83.40  58803.20     0.00   0.00    0.36   705.07    0.00      0.00     0.00   0.00    0.00     0.00    0.00  44.40
nvme3n1        106.40  50240.80    22.60  17.52    0.27   472.19   85.60  61872.80     0.00   0.00    0.34   722.81    0.00      0.00     0.00   0.00    0.00     0.00    0.00  43.04
nvme4n1        104.00  49730.40    25.00  19.38    0.27   478.18   85.60  62646.40     0.00   0.00    0.36   731.85    0.00      0.00     0.00   0.00    0.00     0.00    0.00  44.24
nvme5n1        106.20  50697.60    23.00  17.80    0.28   477.38   88.40  64072.00     0.00   0.00    0.34   724.80    0.00      0.00     0.00   0.00    0.00     0.00    0.00  43.84
nvme6n1        103.40  49430.40    24.80  19.34    0.27   478.05  136.00  63386.40     3.00   2.16    0.22   466.08    0.00      0.00     0.00   0.00    0.00     0.00    0.00  49.44
nvme7n1        100.80  48321.60    20.60  16.97    0.27   479.38  121.60  62306.40     1.80   1.46    0.25   512.39    0.00      0.00     0.00   0.00    0.00     0.00    0.00  45.92
nvme8n1        104.40  48803.20    23.80  18.56    0.27   467.46  107.60  62800.00     0.00   0.00    0.30   583.64    0.00      0.00     0.00   0.00    0.00     0.00    0.00  47.20
nvme9n1        102.80  48229.60    23.00  18.28    0.27   469.16   96.80  62700.80     0.00   0.00    0.31   647.74    0.00      0.00     0.00   0.00    0.00     0.00    0.00  44.64


Device            r/s     rkB/s   rrqm/s  %rrqm r_await rareq-sz     w/s     wkB/s   wrqm/s  %wrqm w_await wareq-sz     d/s     dkB/s   drqm/s  %drqm d_await dareq-sz  aqu-sz  %util
dm-0             0.00      0.00     0.00   0.00    0.00     0.00    1.40      5.60     0.00   0.00    0.00     4.00    0.00      0.00     0.00   0.00    0.00     0.00    0.00   0.08
loop0            0.00      0.00     0.00   0.00    0.00     0.00    0.00      0.00     0.00   0.00    0.00     0.00    0.00      0.00     0.00   0.00    0.00     0.00    0.00   0.00
loop1            0.00      0.00     0.00   0.00    0.00     0.00    0.00      0.00     0.00   0.00    0.00     0.00    0.00      0.00     0.00   0.00    0.00     0.00    0.00   0.00
loop2            0.00      0.00     0.00   0.00    0.00     0.00    0.00      0.00     0.00   0.00    0.00     0.00    0.00      0.00     0.00   0.00    0.00     0.00    0.00   0.00
loop3            0.00      0.00     0.00   0.00    0.00     0.00    0.00      0.00     0.00   0.00    0.00     0.00    0.00      0.00     0.00   0.00    0.00     0.00    0.00   0.00
loop4            0.00      0.00     0.00   0.00    0.00     0.00    0.00      0.00     0.00   0.00    0.00     0.00    0.00      0.00     0.00   0.00    0.00     0.00    0.00   0.00
loop5            0.00      0.00     0.00   0.00    0.00     0.00    0.00      0.00     0.00   0.00    0.00     0.00    0.00      0.00     0.00   0.00    0.00     0.00    0.00   0.00
loop6            0.00      0.00     0.00   0.00    0.00     0.00    0.00      0.00     0.00   0.00    0.00     0.00    0.00      0.00     0.00   0.00    0.00     0.00    0.00   0.00
loop7            0.00      0.00     0.00   0.00    0.00     0.00    0.00      0.00     0.00   0.00    0.00     0.00    0.00      0.00     0.00   0.00    0.00     0.00    0.00   0.00
md0           8609.60 3772884.00     0.00   0.00    0.00   438.22 5094.20 3141802.40     0.00   0.00    0.00   616.74    0.00      0.00     0.00   0.00    0.00     0.00    0.00   0.00
nvme0n1          0.00      0.00     0.00   0.00    0.00     0.00    0.40      5.60     1.00  71.43    0.00    14.00    0.00      0.00     0.00   0.00    0.00     0.00    0.00   0.08
nvme10n1       226.00 105175.20    55.00  19.57    0.33   465.38  195.00 102644.80    21.00   9.72    0.35   526.38    0.00      0.00     0.00   0.00    0.00     0.00    0.00  43.76
nvme11n1       227.80 106557.60    54.40  19.28    0.32   467.77  158.00  99984.00    10.60   6.29    0.40   632.81    0.00      0.00     0.00   0.00    0.00     0.00    0.00  42.00
nvme12n1       227.80 106437.60    54.60  19.33    0.32   467.24  147.60  98335.20     7.20   4.65    0.41   666.23    0.00      0.00     0.00   0.00    0.00     0.00    0.00  42.24
nvme13n1       229.20 107822.40    56.00  19.64    0.36   470.43  148.60  99951.20    11.20   7.01    0.49   672.62    0.00      0.00     0.00   0.00    0.00     0.00    0.00  42.32
nvme14n1       224.20 106669.60    56.40  20.10    0.34   475.78  140.40  98128.80     3.20   2.23    0.45   698.92    0.00      0.00     0.00   0.00    0.00     0.00    0.00  42.48
nvme15n1       226.20 106331.20    55.60  19.73    0.32   470.08  144.80  98356.80    10.20   6.58    0.41   679.26    0.00      0.00     0.00   0.00    0.00     0.00    0.00  41.84
nvme16n1       227.20 107614.40    54.40  19.32    0.35   473.65  144.00 100028.00     6.60   4.38    0.44   694.64    0.00      0.00     0.00   0.00    0.00     0.00    0.00  41.60
nvme17n1       226.00 106031.20    57.20  20.20    0.32   469.16  147.80  99455.20    10.20   6.46    0.37   672.90    0.00      0.00     0.00   0.00    0.00     0.00    0.00  41.44
nvme18n1       223.80 104485.60    53.20  19.21    0.32   466.87  148.40  99124.80     5.40   3.51    0.44   667.96    0.00      0.00     0.00   0.00    0.00     0.00    0.00  41.44
nvme19n1       228.20 105335.20    55.00  19.42    0.33   461.59  148.80 100184.80     7.80   4.98    0.41   673.28    0.00      0.00     0.00   0.00    0.00     0.00    0.00  41.44
nvme1n1        217.00 102683.20    53.60  19.81    0.33   473.19  143.20  98321.60    12.20   7.85    0.44   686.60    0.00      0.00     0.00   0.00    0.00     0.00    0.00  40.88
nvme20n1       222.80 104448.80    52.60  19.10    0.32   468.80  143.00 100090.40     5.40   3.64    0.45   699.93    0.00      0.00     0.00   0.00    0.00     0.00    0.00  41.52
nvme21n1       224.40 103857.60    53.40  19.22    0.33   462.82  145.40 100297.60     8.80   5.71    0.42   689.80    0.00      0.00     0.00   0.00    0.00     0.00    0.00  41.12
nvme22n1       224.00 105760.80    53.20  19.19    0.32   472.15  143.60 100052.80     5.60   3.75    0.41   696.75    0.00      0.00     0.00   0.00    0.00     0.00    0.00  41.84
nvme23n1       226.40 105075.20    53.00  18.97    0.32   464.11  142.40  99698.40     9.00   5.94    0.42   700.13    0.00      0.00     0.00   0.00    0.00     0.00    0.00  41.04
nvme24n1       223.60 105724.00    54.40  19.57    0.32   472.83  142.80  99311.20     5.60   3.77    0.42   695.46    0.00      0.00     0.00   0.00    0.00     0.00    0.00  40.56
nvme25n1       226.20 105492.80    54.40  19.39    0.31   466.37  145.20 100197.60     9.00   5.84    0.43   690.07    0.00      0.00     0.00   0.00    0.00     0.00    0.00  41.68
nvme26n1       226.80 106336.00    54.40  19.35    0.33   468.85  145.00  99405.60     7.40   4.86    0.42   685.56    0.00      0.00     0.00   0.00    0.00     0.00    0.00  40.48
nvme27n1       222.80 104132.80    54.40  19.62    0.30   467.38  142.40  99352.80     8.60   5.70    0.37   697.70    0.00      0.00     0.00   0.00    0.00     0.00    0.00  40.96
nvme28n1       220.40 103660.00    56.20  20.32    0.35   470.33  145.20 100928.80     7.20   4.72    0.45   695.10    0.00      0.00     0.00   0.00    0.00     0.00    0.00  41.28
nvme29n1       221.20 103640.00    52.20  19.09    0.33   468.54  145.40 100485.60    10.60   6.79    0.44   691.10    0.00      0.00     0.00   0.00    0.00     0.00    0.00  40.64
nvme2n1        218.40 102153.60    50.60  18.81    0.37   467.74  142.40  98902.40     9.20   6.07    0.49   694.54    0.00      0.00     0.00   0.00    0.00     0.00    0.00  40.64
nvme30n1       214.40 102176.80    54.60  20.30    0.36   476.57  144.60 100416.00     4.40   2.95    0.50   694.44    0.00      0.00     0.00   0.00    0.00     0.00    0.00  40.96
nvme31n1       216.60 103023.20    51.20  19.12    0.33   475.64  145.20 100127.20     7.80   5.10    0.46   689.58    0.00      0.00     0.00   0.00    0.00     0.00    0.00  41.68
nvme3n1        222.20 104231.20    54.40  19.67    0.32   469.09  148.60  99977.60     8.00   5.11    0.41   672.80    0.00      0.00     0.00   0.00    0.00     0.00    0.00  40.88
nvme4n1        223.20 104396.00    52.60  19.07    0.32   467.72  146.80 100468.80     9.00   5.78    0.42   684.39    0.00      0.00     0.00   0.00    0.00     0.00    0.00  41.44
nvme5n1        224.20 104962.40    55.20  19.76    0.33   468.16  146.40 100104.00     5.60   3.68    0.45   683.77    0.00      0.00     0.00   0.00    0.00     0.00    0.00  41.36
nvme6n1        222.20 104144.80    53.20  19.32    0.33   468.70  186.00 101627.20    13.20   6.63    0.37   546.38    0.00      0.00     0.00   0.00    0.00     0.00    0.00  43.44
nvme7n1        221.20 104038.40    55.20  19.97    0.35   470.34  186.00 102372.00     6.20   3.23    0.36   550.39    0.00      0.00     0.00   0.00    0.00     0.00    0.00  43.28
nvme8n1        223.40 105816.00    53.40  19.29    0.34   473.66  176.00 103276.00    27.80  13.64    0.47   586.80    0.00      0.00     0.00   0.00    0.00     0.00    0.00  43.04
nvme9n1        225.40 104714.40    53.40  19.15    0.35   464.57  184.80 102477.60    30.20  14.05    0.39   554.53    0.00      0.00     0.00   0.00    0.00     0.00    0.00  43.44


Device            r/s     rkB/s   rrqm/s  %rrqm r_await rareq-sz     w/s     wkB/s   wrqm/s  %wrqm w_await wareq-sz     d/s     dkB/s   drqm/s  %drqm d_await dareq-sz  aqu-sz  %util
dm-0             0.00      0.00     0.00   0.00    0.00     0.00    2.00      8.00     0.00   0.00    0.00     4.00    0.00      0.00     0.00   0.00    0.00     0.00    0.00   0.16
loop0            0.00      0.00     0.00   0.00    0.00     0.00    0.00      0.00     0.00   0.00    0.00     0.00    0.00      0.00     0.00   0.00    0.00     0.00    0.00   0.00
loop1            0.00      0.00     0.00   0.00    0.00     0.00    0.00      0.00     0.00   0.00    0.00     0.00    0.00      0.00     0.00   0.00    0.00     0.00    0.00   0.00
loop2            0.00      0.00     0.00   0.00    0.00     0.00    0.00      0.00     0.00   0.00    0.00     0.00    0.00      0.00     0.00   0.00    0.00     0.00    0.00   0.00
loop3            0.00      0.00     0.00   0.00    0.00     0.00    0.00      0.00     0.00   0.00    0.00     0.00    0.00      0.00     0.00   0.00    0.00     0.00    0.00   0.00
loop4            0.00      0.00     0.00   0.00    0.00     0.00    0.00      0.00     0.00   0.00    0.00     0.00    0.00      0.00     0.00   0.00    0.00     0.00    0.00   0.00
loop5            0.00      0.00     0.00   0.00    0.00     0.00    0.00      0.00     0.00   0.00    0.00     0.00    0.00      0.00     0.00   0.00    0.00     0.00    0.00   0.00
loop6            0.00      0.00     0.00   0.00    0.00     0.00    0.00      0.00     0.00   0.00    0.00     0.00    0.00      0.00     0.00   0.00    0.00     0.00    0.00   0.00
loop7            0.00      0.00     0.00   0.00    0.00     0.00    0.00      0.00     0.00   0.00    0.00     0.00    0.00      0.00     0.00   0.00    0.00     0.00    0.00   0.00
md0           9866.60 4252292.00     0.00   0.00    0.00   430.98 6246.80 4112731.20     0.00   0.00    0.00   658.37    0.00      0.00     0.00   0.00    0.00     0.00    0.00   0.00
nvme0n1          0.00      0.00     0.00   0.00    0.00     0.00    1.00      8.00     1.00  50.00    0.00     8.00    0.00      0.00     0.00   0.00    0.00     0.00    0.00   0.16
nvme10n1       255.80 120942.40    60.00  19.00    0.34   472.80  206.00 127902.40    16.20   7.29    0.34   620.89    0.00      0.00     0.00   0.00    0.00     0.00    0.00  65.68
nvme11n1       256.80 120800.80    57.80  18.37    0.35   470.41  186.80 127237.60     8.20   4.21    0.37   681.14    0.00      0.00     0.00   0.00    0.00     0.00    0.00  65.28
nvme12n1       254.00 119968.00    59.40  18.95    0.33   472.31  178.40 124782.40     7.40   3.98    0.36   699.45    0.00      0.00     0.00   0.00    0.00     0.00    0.00  62.00
nvme13n1       258.00 119904.80    54.60  17.47    0.37   464.75  175.60 125914.40     9.40   5.08    0.44   717.05    0.00      0.00     0.00   0.00    0.00     0.00    0.00  63.52
nvme14n1       247.20 117230.40    58.80  19.22    0.36   474.23  177.00 127090.40     7.00   3.80    0.41   718.02    0.00      0.00     0.00   0.00    0.00     0.00    0.00  62.48
nvme15n1       251.80 118016.00    55.60  18.09    0.33   468.69  178.00 127563.20    10.20   5.42    0.38   716.65    0.00      0.00     0.00   0.00    0.00     0.00    0.00  62.96
nvme16n1       256.20 122053.60    57.40  18.30    0.35   476.40  183.00 128968.80     5.20   2.76    0.39   704.75    0.00      0.00     0.00   0.00    0.00     0.00    0.00  64.56
nvme17n1       264.00 124636.00    58.20  18.06    0.33   472.11  187.60 128687.20    11.00   5.54    0.34   685.97    0.00      0.00     0.00   0.00    0.00     0.00    0.00  66.48
nvme18n1       261.00 125128.00    58.80  18.39    0.37   479.42  184.80 128644.00     1.40   0.75    0.39   696.13    0.00      0.00     0.00   0.00    0.00     0.00    0.00  64.96
nvme19n1       263.20 123475.20    63.20  19.36    0.33   469.13  187.40 128448.00     6.00   3.10    0.36   685.42    0.00      0.00     0.00   0.00    0.00     0.00    0.00  65.12
nvme1n1        261.00 122330.40    58.60  18.34    0.34   468.70  180.80 127930.40     9.00   4.74    0.39   707.58    0.00      0.00     0.00   0.00    0.00     0.00    0.00  65.76
nvme20n1       260.60 122628.00    60.00  18.71    0.33   470.56  182.60 128628.00     5.60   2.98    0.39   704.42    0.00      0.00     0.00   0.00    0.00     0.00    0.00  63.84
nvme21n1       257.80 123180.00    60.80  19.08    0.35   477.81  181.60 129387.20     6.40   3.40    0.38   712.48    0.00      0.00     0.00   0.00    0.00     0.00    0.00  64.48
nvme22n1       257.60 120788.80    60.80  19.10    0.34   468.90  180.00 127849.60     7.20   3.85    0.37   710.28    0.00      0.00     0.00   0.00    0.00     0.00    0.00  62.56
nvme23n1       259.80 120672.00    59.20  18.56    0.32   464.48  183.00 128878.40     9.00   4.69    0.37   704.25    0.00      0.00     0.00   0.00    0.00     0.00    0.00  65.36
nvme24n1       253.20 119200.80    59.00  18.90    0.33   470.78  179.20 127082.40     6.60   3.55    0.38   709.17    0.00      0.00     0.00   0.00    0.00     0.00    0.00  63.44
nvme25n1       256.60 119294.40    56.80  18.12    0.33   464.90  180.40 127301.60    11.00   5.75    0.35   705.66    0.00      0.00     0.00   0.00    0.00     0.00    0.00  65.92
nvme26n1       252.20 119820.80    60.00  19.22    0.33   475.10  179.60 127452.00     5.80   3.13    0.36   709.64    0.00      0.00     0.00   0.00    0.00     0.00    0.00  64.88
nvme27n1       258.20 121466.40    57.80  18.29    0.31   470.44  181.20 129692.80     9.80   5.13    0.33   715.74    0.00      0.00     0.00   0.00    0.00     0.00    0.00  63.76
nvme28n1       256.80 121946.40    60.80  19.14    0.33   474.87  181.20 127766.40     3.60   1.95    0.38   705.11    0.00      0.00     0.00   0.00    0.00     0.00    0.00  65.28
nvme29n1       265.80 124903.20    59.80  18.37    0.34   469.91  181.40 127015.20     7.60   4.02    0.38   700.19    0.00      0.00     0.00   0.00    0.00     0.00    0.00  66.32
nvme2n1        260.40 122872.00    58.80  18.42    0.35   471.86  178.20 127268.80     7.00   3.78    0.43   714.19    0.00      0.00     0.00   0.00    0.00     0.00    0.00  66.08
nvme30n1       264.40 124028.00    61.60  18.90    0.34   469.09  178.80 127282.40     7.40   3.97    0.40   711.87    0.00      0.00     0.00   0.00    0.00     0.00    0.00  65.52
nvme31n1       261.60 122761.60    60.60  18.81    0.34   469.27  183.40 128508.80     7.40   3.88    0.39   700.70    0.00      0.00     0.00   0.00    0.00     0.00    0.00  66.00
nvme3n1        267.20 123573.60    57.80  17.78    0.33   462.48  177.80 125494.40     8.40   4.51    0.36   705.82    0.00      0.00     0.00   0.00    0.00     0.00    0.00  64.16
nvme4n1        260.60 124758.40    62.00  19.22    0.34   478.74  173.60 124620.80     7.60   4.19    0.37   717.86    0.00      0.00     0.00   0.00    0.00     0.00    0.00  65.12
nvme5n1        263.80 124488.80    59.00  18.28    0.34   471.91  175.40 125380.80     8.60   4.67    0.38   714.83    0.00      0.00     0.00   0.00    0.00     0.00    0.00  64.00
nvme6n1        261.60 122339.20    60.40  18.76    0.34   467.66  259.00 124455.20    12.40   4.57    0.26   480.52    0.00      0.00     0.00   0.00    0.00     0.00    0.00  70.08
nvme7n1        262.00 121990.40    59.00  18.38    0.34   465.61  246.00 123387.20    15.40   5.89    0.27   501.57    0.00      0.00     0.00   0.00    0.00     0.00    0.00  67.52
nvme8n1        258.20 122493.60    60.60  19.01    0.38   474.41  231.40 125816.00    21.60   8.54    0.33   543.72    0.00      0.00     0.00   0.00    0.00     0.00    0.00  72.16
nvme9n1        260.80 122588.80    59.60  18.60    0.34   470.05  211.00 126800.00    24.80  10.52    0.33   600.95    0.00      0.00     0.00   0.00    0.00     0.00    0.00  66.40


Device            r/s     rkB/s   rrqm/s  %rrqm r_await rareq-sz     w/s     wkB/s   wrqm/s  %wrqm w_await wareq-sz     d/s     dkB/s   drqm/s  %drqm d_await dareq-sz  aqu-sz  %util
dm-0             0.00      0.00     0.00   0.00    0.00     0.00   13.00     56.00     0.00   0.00    0.00     4.31    0.00      0.00     0.00   0.00    0.00     0.00    0.00   0.16
loop0            0.00      0.00     0.00   0.00    0.00     0.00    0.00      0.00     0.00   0.00    0.00     0.00    0.00      0.00     0.00   0.00    0.00     0.00    0.00   0.00
loop1            0.00      0.00     0.00   0.00    0.00     0.00    0.00      0.00     0.00   0.00    0.00     0.00    0.00      0.00     0.00   0.00    0.00     0.00    0.00   0.00
loop2            0.00      0.00     0.00   0.00    0.00     0.00    0.00      0.00     0.00   0.00    0.00     0.00    0.00      0.00     0.00   0.00    0.00     0.00    0.00   0.00
loop3            0.00      0.00     0.00   0.00    0.00     0.00    0.00      0.00     0.00   0.00    0.00     0.00    0.00      0.00     0.00   0.00    0.00     0.00    0.00   0.00
loop4            0.00      0.00     0.00   0.00    0.00     0.00    0.00      0.00     0.00   0.00    0.00     0.00    0.00      0.00     0.00   0.00    0.00     0.00    0.00   0.00
loop5            0.00      0.00     0.00   0.00    0.00     0.00    0.00      0.00     0.00   0.00    0.00     0.00    0.00      0.00     0.00   0.00    0.00     0.00    0.00   0.00
loop6            0.00      0.00     0.00   0.00    0.00     0.00    0.00      0.00     0.00   0.00    0.00     0.00    0.00      0.00     0.00   0.00    0.00     0.00    0.00   0.00
loop7            0.00      0.00     0.00   0.00    0.00     0.00    0.00      0.00     0.00   0.00    0.00     0.00    0.00      0.00     0.00   0.00    0.00     0.00    0.00   0.00
md0           5528.20 2465805.60     0.00   0.00    0.00   446.04 3254.00 2276479.20     0.00   0.00    0.00   699.59    0.00      0.00     0.00   0.00    0.00     0.00    0.00   0.00
nvme0n1          0.00      0.00     0.00   0.00    0.00     0.00   11.20     56.00     1.80  13.85    0.04     5.00    0.00      0.00     0.00   0.00    0.00     0.00    0.00   0.16
nvme10n1       146.40  68219.20    34.80  19.21    0.27   465.98  101.80  69796.00     0.60   0.59    0.37   685.62    0.00      0.00     0.00   0.00    0.00     0.00    0.00  44.48
nvme11n1       145.60  66426.40    35.20  19.47    0.26   456.23   99.80  69545.60     0.60   0.60    0.36   696.85    0.00      0.00     0.00   0.00    0.00     0.00    0.00  44.48
nvme12n1       144.00  67148.00    34.60  19.37    0.27   466.31  102.60  70708.80     0.60   0.58    0.35   689.17    0.00      0.00     0.00   0.00    0.00     0.00    0.00  45.04
nvme13n1       140.00  63563.20    34.00  19.54    0.28   454.02   99.00  68191.20     0.60   0.60    0.40   688.80    0.00      0.00     0.00   0.00    0.00     0.00    0.00  43.84
nvme14n1       136.60  64026.40    33.20  19.55    0.27   468.71   95.40  67727.20     0.60   0.62    0.38   709.93    0.00      0.00     0.00   0.00    0.00     0.00    0.00  44.08
nvme15n1       137.20  64228.80    33.40  19.58    0.28   468.14   96.00  67531.20     0.60   0.62    0.34   703.45    0.00      0.00     0.00   0.00    0.00     0.00    0.00  42.40
nvme16n1       137.60  63809.60    34.00  19.81    0.27   463.73   98.00  67956.00     0.40   0.41    0.36   693.43    0.00      0.00     0.00   0.00    0.00     0.00    0.00  42.80
nvme17n1       142.40  66024.00    33.40  19.00    0.28   463.65   98.00  68679.20     0.40   0.41    0.33   700.81    0.00      0.00     0.00   0.00    0.00     0.00    0.00  43.44
nvme18n1       144.80  66531.20    34.80  19.38    0.27   459.47   99.80  69584.80     0.40   0.40    0.39   697.24    0.00      0.00     0.00   0.00    0.00     0.00    0.00  44.48
nvme19n1       146.40  68249.60    34.40  19.03    0.28   466.19   98.60  69816.00     0.40   0.40    0.37   708.07    0.00      0.00     0.00   0.00    0.00     0.00    0.00  44.88
nvme1n1        141.20  65389.60    35.40  20.05    0.28   463.10   98.40  68772.80     0.40   0.40    0.40   698.91    0.00      0.00     0.00   0.00    0.00     0.00    0.00  44.96
nvme20n1       143.80  67353.60    34.80  19.48    0.28   468.38   98.40  69568.00     0.40   0.40    0.39   706.99    0.00      0.00     0.00   0.00    0.00     0.00    0.00  44.00
nvme21n1       146.60  67308.00    33.40  18.56    0.28   459.13   98.80  69532.80     0.40   0.40    0.37   703.77    0.00      0.00     0.00   0.00    0.00     0.00    0.00  44.96
nvme22n1       146.00  67954.40    35.80  19.69    0.28   465.44   98.80  69551.20     0.40   0.40    0.36   703.96    0.00      0.00     0.00   0.00    0.00     0.00    0.00  44.48
nvme23n1       147.20  68552.80    35.40  19.39    0.28   465.71   98.00  69644.80     0.40   0.41    0.36   710.66    0.00      0.00     0.00   0.00    0.00     0.00    0.00  45.04
nvme24n1       143.20  66223.20    35.00  19.64    0.27   462.45   97.40  68511.20     0.40   0.41    0.37   703.40    0.00      0.00     0.00   0.00    0.00     0.00    0.00  43.68
nvme25n1       140.20  65196.00    33.40  19.24    0.28   465.02   96.40  69123.20     0.40   0.41    0.37   717.05    0.00      0.00     0.00   0.00    0.00     0.00    0.00  43.84
nvme26n1       142.80  66371.20    33.20  18.86    0.27   464.78   97.40  69560.80     0.40   0.41    0.36   714.18    0.00      0.00     0.00   0.00    0.00     0.00    0.00  44.88
nvme27n1       148.60  68898.40    32.60  17.99    0.27   463.65  101.00  71495.20     0.40   0.39    0.33   707.87    0.00      0.00     0.00   0.00    0.00     0.00    0.00  44.64
nvme28n1       147.20  68338.40    36.80  20.00    0.27   464.26   99.80  70754.40     0.40   0.40    0.39   708.96    0.00      0.00     0.00   0.00    0.00     0.00    0.00  45.76
nvme29n1       146.00  67384.80    32.60  18.25    0.27   461.54  100.40  70464.80     0.40   0.40    0.37   701.84    0.00      0.00     0.00   0.00    0.00     0.00    0.00  43.68
nvme2n1        142.60  66268.00    32.40  18.51    0.29   464.71   98.00  69008.00     0.40   0.41    0.44   704.16    0.00      0.00     0.00   0.00    0.00     0.00    0.00  44.24
nvme30n1       144.40  67103.20    36.20  20.04    0.29   464.70  100.00  70266.40     0.40   0.40    0.42   702.66    0.00      0.00     0.00   0.00    0.00     0.00    0.00  45.44
nvme31n1       146.00  67512.00    33.40  18.62    0.27   462.41  101.20  69684.00     0.40   0.39    0.38   688.58    0.00      0.00     0.00   0.00    0.00     0.00    0.00  44.24
nvme3n1        141.80  65858.40    35.60  20.07    0.27   464.45   98.40  68852.80     0.40   0.40    0.35   699.72    0.00      0.00     0.00   0.00    0.00     0.00    0.00  45.20
nvme4n1        144.00  66722.40    32.80  18.55    0.27   463.35   98.00  69334.40     0.40   0.41    0.35   707.49    0.00      0.00     0.00   0.00    0.00     0.00    0.00  44.56
nvme5n1        141.60  67160.00    35.60  20.09    0.29   474.29   98.40  70021.60     0.40   0.40    0.38   711.60    0.00      0.00     0.00   0.00    0.00     0.00    0.00  43.36
nvme6n1        146.60  68086.40    33.60  18.65    0.28   464.44  131.60  70759.20     3.20   2.37    0.28   537.68    0.00      0.00     0.00   0.00    0.00     0.00    0.00  48.88
nvme7n1        145.00  68312.80    36.00  19.89    0.29   471.12  128.00  72275.20     2.20   1.69    0.31   564.65    0.00      0.00     0.00   0.00    0.00     0.00    0.00  46.72
nvme8n1        150.20  69152.00    35.20  18.99    0.27   460.40  120.60  70928.80     0.60   0.50    0.36   588.13    0.00      0.00     0.00   0.00    0.00     0.00    0.00  49.92
nvme9n1        147.60  68306.40    35.40  19.34    0.28   462.78  127.40  70147.20     0.60   0.47    0.31   550.61    0.00      0.00     0.00   0.00    0.00     0.00    0.00  48.32


Device            r/s     rkB/s   rrqm/s  %rrqm r_await rareq-sz     w/s     wkB/s   wrqm/s  %wrqm w_await wareq-sz     d/s     dkB/s   drqm/s  %drqm d_await dareq-sz  aqu-sz  %util
dm-0             0.00      0.00     0.00   0.00    0.00     0.00    6.00     24.00     0.00   0.00    0.00     4.00    0.00      0.00     0.00   0.00    0.00     0.00    0.00   0.16
loop0            0.00      0.00     0.00   0.00    0.00     0.00    0.00      0.00     0.00   0.00    0.00     0.00    0.00      0.00     0.00   0.00    0.00     0.00    0.00   0.00
loop1            0.00      0.00     0.00   0.00    0.00     0.00    0.00      0.00     0.00   0.00    0.00     0.00    0.00      0.00     0.00   0.00    0.00     0.00    0.00   0.00
loop2            0.00      0.00     0.00   0.00    0.00     0.00    0.00      0.00     0.00   0.00    0.00     0.00    0.00      0.00     0.00   0.00    0.00     0.00    0.00   0.00
loop3            0.00      0.00     0.00   0.00    0.00     0.00    0.00      0.00     0.00   0.00    0.00     0.00    0.00      0.00     0.00   0.00    0.00     0.00    0.00   0.00
loop4            0.00      0.00     0.00   0.00    0.00     0.00    0.00      0.00     0.00   0.00    0.00     0.00    0.00      0.00     0.00   0.00    0.00     0.00    0.00   0.00
loop5            0.00      0.00     0.00   0.00    0.00     0.00    0.00      0.00     0.00   0.00    0.00     0.00    0.00      0.00     0.00   0.00    0.00     0.00    0.00   0.00
loop6            0.00      0.00     0.00   0.00    0.00     0.00    0.00      0.00     0.00   0.00    0.00     0.00    0.00      0.00     0.00   0.00    0.00     0.00    0.00   0.00
loop7            0.00      0.00     0.00   0.00    0.00     0.00    0.00      0.00     0.00   0.00    0.00     0.00    0.00      0.00     0.00   0.00    0.00     0.00    0.00   0.00
md0           7197.60 3138671.20     0.00   0.00    0.00   436.07 4864.20 3069824.80     0.00   0.00    0.00   631.11    0.00      0.00     0.00   0.00    0.00     0.00    0.00   0.00
nvme0n1          0.00      0.00     0.00   0.00    0.00     0.00    4.00     24.00     2.00  33.33    0.10     6.00    0.00      0.00     0.00   0.00    0.00     0.00    0.00   0.16
nvme10n1       185.20  87288.80    45.20  19.62    0.29   471.32  167.20  93144.00     9.40   5.32    0.33   557.08    0.00      0.00     0.00   0.00    0.00     0.00    0.00  60.80
nvme11n1       185.20  85668.80    39.40  17.54    0.29   462.57  141.20  92081.60     7.20   4.85    0.39   652.14    0.00      0.00     0.00   0.00    0.00     0.00    0.00  57.76
nvme12n1       191.20  87314.40    43.40  18.50    0.28   456.67  142.80  94508.00     3.20   2.19    0.37   661.82    0.00      0.00     0.00   0.00    0.00     0.00    0.00  60.08
nvme13n1       188.80  87810.40    42.80  18.48    0.31   465.10  142.40  94908.00     9.20   6.07    0.42   666.49    0.00      0.00     0.00   0.00    0.00     0.00    0.00  61.44
nvme14n1       188.00  87536.00    42.60  18.47    0.30   465.62  139.20  93556.80     3.00   2.11    0.39   672.10    0.00      0.00     0.00   0.00    0.00     0.00    0.00  60.24
nvme15n1       190.00  88365.60    40.60  17.61    0.30   465.08  139.60  93285.60     5.60   3.86    0.37   668.23    0.00      0.00     0.00   0.00    0.00     0.00    0.00  58.48
nvme16n1       189.80  88280.80    42.60  18.33    0.29   465.13  141.80  93932.80     3.60   2.48    0.39   662.43    0.00      0.00     0.00   0.00    0.00     0.00    0.00  58.96
nvme17n1       191.20  89425.60    44.20  18.78    0.28   467.71  141.60  94560.80     8.60   5.73    0.34   667.80    0.00      0.00     0.00   0.00    0.00     0.00    0.00  58.80
nvme18n1       190.40  88789.60    42.60  18.28    0.30   466.33  144.20  95005.60     4.80   3.22    0.39   658.85    0.00      0.00     0.00   0.00    0.00     0.00    0.00  59.84
nvme19n1       195.00  90235.20    45.00  18.75    0.29   462.74  140.60  95254.40     8.40   5.64    0.38   677.49    0.00      0.00     0.00   0.00    0.00     0.00    0.00  59.60
nvme1n1        179.80  82792.00    40.80  18.50    0.29   460.47  137.00  92646.40     7.20   4.99    0.39   676.25    0.00      0.00     0.00   0.00    0.00     0.00    0.00  58.08
nvme20n1       195.80  91502.40    43.60  18.21    0.29   467.33  144.00  96542.40     6.00   4.00    0.38   670.43    0.00      0.00     0.00   0.00    0.00     0.00    0.00  61.36
nvme21n1       197.60  90724.80    45.00  18.55    0.29   459.13  145.20  96636.00     9.60   6.20    0.36   665.54    0.00      0.00     0.00   0.00    0.00     0.00    0.00  60.32
nvme22n1       192.80  90514.40    44.20  18.65    0.30   469.47  140.80  95601.60     6.00   4.09    0.38   678.99    0.00      0.00     0.00   0.00    0.00     0.00    0.00  59.92
nvme23n1       195.00  90347.20    44.00  18.41    0.29   463.32  147.20  97436.80     8.00   5.15    0.36   661.93    0.00      0.00     0.00   0.00    0.00     0.00    0.00  59.84
nvme24n1       188.20  87848.80    43.40  18.74    0.30   466.78  141.80  97407.20     7.80   5.21    0.38   686.93    0.00      0.00     0.00   0.00    0.00     0.00    0.00  59.36
nvme25n1       190.60  88040.00    44.80  19.03    0.29   461.91  146.40  97936.80     9.20   5.91    0.36   668.97    0.00      0.00     0.00   0.00    0.00     0.00    0.00  59.52
nvme26n1       189.00  87756.80    44.00  18.88    0.28   464.32  142.20  96355.20     8.40   5.58    0.36   677.60    0.00      0.00     0.00   0.00    0.00     0.00    0.00  59.36
nvme27n1       187.00  86754.40    44.40  19.19    0.29   463.93  142.00  95985.60     7.60   5.08    0.34   675.95    0.00      0.00     0.00   0.00    0.00     0.00    0.00  58.32
nvme28n1       181.80  83457.60    42.00  18.77    0.30   459.06  139.20  95256.00     6.80   4.66    0.37   684.31    0.00      0.00     0.00   0.00    0.00     0.00    0.00  57.04
nvme29n1       183.60  85448.80    42.40  18.76    0.29   465.41  141.20  95503.20     3.80   2.62    0.37   676.37    0.00      0.00     0.00   0.00    0.00     0.00    0.00  59.12
nvme2n1        185.40  86128.00    42.20  18.54    0.30   464.55  137.20  93175.20     3.40   2.42    0.42   679.12    0.00      0.00     0.00   0.00    0.00     0.00    0.00  58.08
nvme30n1       188.00  85572.80    40.40  17.69    0.29   455.17  141.20  94495.20     6.60   4.47    0.41   669.23    0.00      0.00     0.00   0.00    0.00     0.00    0.00  58.56
nvme31n1       176.80  82304.80    42.20  19.27    0.29   465.52  134.60  93304.00     5.20   3.72    0.42   693.19    0.00      0.00     0.00   0.00    0.00     0.00    0.00  58.08
nvme3n1        189.00  87344.00    41.00  17.83    0.28   462.14  138.80  93601.60     6.60   4.54    0.36   674.36    0.00      0.00     0.00   0.00    0.00     0.00    0.00  58.64
nvme4n1        190.20  88923.20    42.80  18.37    0.29   467.52  138.80  93184.80     5.20   3.61    0.36   671.36    0.00      0.00     0.00   0.00    0.00     0.00    0.00  59.76
nvme5n1        191.20  90244.80    43.40  18.50    0.30   471.99  137.40  92369.60     6.20   4.32    0.39   672.27    0.00      0.00     0.00   0.00    0.00     0.00    0.00  59.20
nvme6n1        189.00  89864.00    43.80  18.81    0.30   475.47  187.60  91858.40     7.00   3.60    0.30   489.65    0.00      0.00     0.00   0.00    0.00     0.00    0.00  64.16
nvme7n1        195.40  89996.00    42.40  17.83    0.29   460.57  178.80  92998.40     9.60   5.10    0.30   520.13    0.00      0.00     0.00   0.00    0.00     0.00    0.00  61.04
nvme8n1        192.80  89290.40    44.40  18.72    0.29   463.12  176.20  94218.40    12.60   6.67    0.35   534.72    0.00      0.00     0.00   0.00    0.00     0.00    0.00  64.16
nvme9n1        190.20  88305.60    43.00  18.44    0.28   464.28  162.60  92602.40    28.80  15.05    0.34   569.51    0.00      0.00     0.00   0.00    0.00     0.00    0.00  60.96


Device            r/s     rkB/s   rrqm/s  %rrqm r_await rareq-sz     w/s     wkB/s   wrqm/s  %wrqm w_await wareq-sz     d/s     dkB/s   drqm/s  %drqm d_await dareq-sz  aqu-sz  %util
dm-0             0.00      0.00     0.00   0.00    0.00     0.00    3.60     24.00     0.00   0.00    0.00     6.67    0.00      0.00     0.00   0.00    0.00     0.00    0.00   0.24
loop0            0.00      0.00     0.00   0.00    0.00     0.00    0.00      0.00     0.00   0.00    0.00     0.00    0.00      0.00     0.00   0.00    0.00     0.00    0.00   0.00
loop1            0.00      0.00     0.00   0.00    0.00     0.00    0.00      0.00     0.00   0.00    0.00     0.00    0.00      0.00     0.00   0.00    0.00     0.00    0.00   0.00
loop2            0.00      0.00     0.00   0.00    0.00     0.00    0.00      0.00     0.00   0.00    0.00     0.00    0.00      0.00     0.00   0.00    0.00     0.00    0.00   0.00
loop3            0.00      0.00     0.00   0.00    0.00     0.00    0.00      0.00     0.00   0.00    0.00     0.00    0.00      0.00     0.00   0.00    0.00     0.00    0.00   0.00
loop4            0.00      0.00     0.00   0.00    0.00     0.00    0.00      0.00     0.00   0.00    0.00     0.00    0.00      0.00     0.00   0.00    0.00     0.00    0.00   0.00
loop5            0.00      0.00     0.00   0.00    0.00     0.00    0.00      0.00     0.00   0.00    0.00     0.00    0.00      0.00     0.00   0.00    0.00     0.00    0.00   0.00
loop6            0.00      0.00     0.00   0.00    0.00     0.00    0.00      0.00     0.00   0.00    0.00     0.00    0.00      0.00     0.00   0.00    0.00     0.00    0.00   0.00
loop7            0.00      0.00     0.00   0.00    0.00     0.00    0.00      0.00     0.00   0.00    0.00     0.00    0.00      0.00     0.00   0.00    0.00     0.00    0.00   0.00
md0           5981.20 2652112.80     0.00   0.00    0.00   443.41 3383.00 2251532.00     0.00   0.00    0.00   665.54    0.00      0.00     0.00   0.00    0.00     0.00    0.00   0.00
nvme0n1          0.00      0.00     0.00   0.00    0.00     0.00    1.20     24.00     2.40  66.67    0.00    20.00    0.00      0.00     0.00   0.00    0.00     0.00    0.00   0.24
nvme10n1       155.40  71990.40    32.80  17.43    0.30   463.26  118.00  70726.40     0.20   0.17    0.36   599.38    0.00      0.00     0.00   0.00    0.00     0.00    0.00  41.52
nvme11n1       157.40  72415.20    37.20  19.12    0.31   460.07  103.20  69880.00     0.20   0.19    0.43   677.13    0.00      0.00     0.00   0.00    0.00     0.00    0.00  40.48
nvme12n1       161.00  74580.00    36.00  18.27    0.30   463.23  103.20  69968.00     0.20   0.19    0.39   677.98    0.00      0.00     0.00   0.00    0.00     0.00    0.00  39.92
nvme13n1       164.00  75120.00    38.80  19.13    0.32   458.05  102.80  69786.40     0.20   0.19    0.46   678.86    0.00      0.00     0.00   0.00    0.00     0.00    0.00  40.64
nvme14n1       160.60  74513.60    36.20  18.39    0.32   463.97  103.40  70763.20     0.20   0.19    0.43   684.36    0.00      0.00     0.00   0.00    0.00     0.00    0.00  39.04
nvme15n1       161.80  74461.60    37.40  18.78    0.29   460.21  104.00  70552.80     0.20   0.19    0.39   678.39    0.00      0.00     0.00   0.00    0.00     0.00    0.00  40.40
nvme16n1       165.00  75892.00    36.60  18.15    0.31   459.95  104.20  70392.80     0.20   0.19    0.44   675.55    0.00      0.00     0.00   0.00    0.00     0.00    0.00  42.72
nvme17n1       164.20  74945.60    38.20  18.87    0.29   456.43  106.40  70880.00     0.20   0.19    0.36   666.17    0.00      0.00     0.00   0.00    0.00     0.00    0.00  42.16
nvme18n1       162.60  73820.80    36.40  18.29    0.30   454.00  105.20  69767.20     0.20   0.19    0.44   663.19    0.00      0.00     0.00   0.00    0.00     0.00    0.00  41.44
nvme19n1       159.60  73121.60    36.20  18.49    0.29   458.16  104.40  69981.60     0.20   0.19    0.41   670.32    0.00      0.00     0.00   0.00    0.00     0.00    0.00  41.12
nvme1n1        148.80  67762.40    37.60  20.17    0.31   455.39  104.80  70207.20     0.20   0.19    0.41   669.92    0.00      0.00     0.00   0.00    0.00     0.00    0.00  39.52
nvme20n1       161.00  74019.20    38.40  19.26    0.29   459.75  102.80  69155.20     0.20   0.19    0.43   672.72    0.00      0.00     0.00   0.00    0.00     0.00    0.00  41.04
nvme21n1       155.20  71789.60    36.80  19.17    0.29   462.56  101.00  68817.60     0.00   0.00    0.40   681.36    0.00      0.00     0.00   0.00    0.00     0.00    0.00  40.96
nvme22n1       153.80  71613.60    38.00  19.81    0.31   465.63  102.00  69472.80     0.00   0.00    0.39   681.11    0.00      0.00     0.00   0.00    0.00     0.00    0.00  40.88
nvme23n1       156.20  72406.40    35.20  18.39    0.30   463.55  103.00  69229.60     0.00   0.00    0.40   672.13    0.00      0.00     0.00   0.00    0.00     0.00    0.00  40.24
nvme24n1       158.80  72532.00    39.00  19.72    0.29   456.75  102.80  68935.20     0.00   0.00    0.42   670.58    0.00      0.00     0.00   0.00    0.00     0.00    0.00  39.44
nvme25n1       158.00  72875.20    35.00  18.13    0.29   461.24  102.80  67980.00     0.00   0.00    0.39   661.28    0.00      0.00     0.00   0.00    0.00     0.00    0.00  40.00
nvme26n1       161.60  73184.00    39.40  19.60    0.30   452.87  102.00  67936.00     0.20   0.20    0.39   666.04    0.00      0.00     0.00   0.00    0.00     0.00    0.00  40.40
nvme27n1       157.20  71540.00    36.20  18.72    0.28   455.09  102.80  67469.60     0.20   0.19    0.35   656.32    0.00      0.00     0.00   0.00    0.00     0.00    0.00  40.16
nvme28n1       154.20  71466.40    36.40  19.10    0.32   463.47  100.60  67906.40     0.20   0.20    0.42   675.01    0.00      0.00     0.00   0.00    0.00     0.00    0.00  38.72
nvme29n1       155.40  71773.60    35.00  18.38    0.29   461.86  101.80  68280.00     0.20   0.20    0.42   670.73    0.00      0.00     0.00   0.00    0.00     0.00    0.00  38.72
nvme2n1        151.80  69197.60    32.00  17.41    0.31   455.85  108.00  70421.60     0.20   0.18    0.45   652.05    0.00      0.00     0.00   0.00    0.00     0.00    0.00  39.20
nvme30n1       157.00  71804.00    37.60  19.32    0.31   457.35  103.00  68093.60     0.20   0.19    0.44   661.10    0.00      0.00     0.00   0.00    0.00     0.00    0.00  39.76
nvme31n1       153.40  70470.40    33.60  17.97    0.31   459.39  103.40  68745.60     0.20   0.19    0.45   664.85    0.00      0.00     0.00   0.00    0.00     0.00    0.00  39.52
nvme3n1        150.40  69464.80    39.00  20.59    0.30   461.87  108.20  71660.00     0.20   0.18    0.38   662.29    0.00      0.00     0.00   0.00    0.00     0.00    0.00  38.80
nvme4n1        150.00  68325.60    31.20  17.22    0.29   455.50  108.20  71052.00     0.20   0.18    0.38   656.67    0.00      0.00     0.00   0.00    0.00     0.00    0.00  38.88
nvme5n1        149.40  68528.00    36.60  19.68    0.30   458.69  105.40  70909.60     0.00   0.00    0.42   672.77    0.00      0.00     0.00   0.00    0.00     0.00    0.00  38.72
nvme6n1        151.40  69556.80    32.40  17.63    0.30   459.42  139.40  70840.80     3.00   2.11    0.31   508.18    0.00      0.00     0.00   0.00    0.00     0.00    0.00  44.08
nvme7n1        154.60  71015.20    35.80  18.80    0.31   459.35  127.20  69688.80     2.80   2.15    0.34   547.87    0.00      0.00     0.00   0.00    0.00     0.00    0.00  41.44
nvme8n1        150.40  70765.60    33.60  18.26    0.33   470.52  116.00  70506.40     0.00   0.00    0.42   607.81    0.00      0.00     0.00   0.00    0.00     0.00    0.00  41.20
nvme9n1        157.40  71736.00    37.00  19.03    0.30   455.76  120.80  70870.40     0.00   0.00    0.36   586.68    0.00      0.00     0.00   0.00    0.00     0.00    0.00  41.76


Device            r/s     rkB/s   rrqm/s  %rrqm r_await rareq-sz     w/s     wkB/s   wrqm/s  %wrqm w_await wareq-sz     d/s     dkB/s   drqm/s  %drqm d_await dareq-sz  aqu-sz  %util
dm-0             0.00      0.00     0.00   0.00    0.00     0.00    2.00      8.00     0.00   0.00    0.00     4.00    0.00      0.00     0.00   0.00    0.00     0.00    0.00   0.08
loop0            0.00      0.00     0.00   0.00    0.00     0.00    0.00      0.00     0.00   0.00    0.00     0.00    0.00      0.00     0.00   0.00    0.00     0.00    0.00   0.00
loop1            0.00      0.00     0.00   0.00    0.00     0.00    0.00      0.00     0.00   0.00    0.00     0.00    0.00      0.00     0.00   0.00    0.00     0.00    0.00   0.00
loop2            0.00      0.00     0.00   0.00    0.00     0.00    0.00      0.00     0.00   0.00    0.00     0.00    0.00      0.00     0.00   0.00    0.00     0.00    0.00   0.00
loop3            0.00      0.00     0.00   0.00    0.00     0.00    0.00      0.00     0.00   0.00    0.00     0.00    0.00      0.00     0.00   0.00    0.00     0.00    0.00   0.00
loop4            0.00      0.00     0.00   0.00    0.00     0.00    0.00      0.00     0.00   0.00    0.00     0.00    0.00      0.00     0.00   0.00    0.00     0.00    0.00   0.00
loop5            0.00      0.00     0.00   0.00    0.00     0.00    0.00      0.00     0.00   0.00    0.00     0.00    0.00      0.00     0.00   0.00    0.00     0.00    0.00   0.00
loop6            0.00      0.00     0.00   0.00    0.00     0.00    0.00      0.00     0.00   0.00    0.00     0.00    0.00      0.00     0.00   0.00    0.00     0.00    0.00   0.00
loop7            0.00      0.00     0.00   0.00    0.00     0.00    0.00      0.00     0.00   0.00    0.00     0.00    0.00      0.00     0.00   0.00    0.00     0.00    0.00   0.00
md0           13550.60 5709051.20     0.00   0.00    0.00   421.31 8427.20 5207500.00     0.00   0.00    0.00   617.94    0.00      0.00     0.00   0.00    0.00     0.00    0.00   0.00
nvme0n1          0.00      0.00     0.00   0.00    0.00     0.00    0.40      8.00     1.60  80.00    0.00    20.00    0.00      0.00     0.00   0.00    0.00     0.00    0.00   0.08
nvme10n1       357.80 165880.00    85.80  19.34    0.32   463.61  312.60 164730.40    28.60   8.38    0.35   526.97    0.00      0.00     0.00   0.00    0.00     0.00    0.00  78.32
nvme11n1       358.40 165637.60    83.60  18.91    0.31   462.16  265.00 166254.40     6.40   2.36    0.41   627.38    0.00      0.00     0.00   0.00    0.00     0.00    0.00  76.40
nvme12n1       352.20 163394.40    85.60  19.55    0.31   463.93  253.60 164655.20     7.40   2.84    0.40   649.27    0.00      0.00     0.00   0.00    0.00     0.00    0.00  74.96
nvme13n1       357.60 164354.40    80.60  18.39    0.34   459.60  249.80 161958.40     5.60   2.19    0.47   648.35    0.00      0.00     0.00   0.00    0.00     0.00    0.00  74.88
nvme14n1       360.40 165121.60    86.80  19.41    0.33   458.16  246.60 160905.60     9.20   3.60    0.43   652.50    0.00      0.00     0.00   0.00    0.00     0.00    0.00  76.24
nvme15n1       361.40 166990.40    85.20  19.08    0.32   462.07  246.60 161487.20     8.80   3.45    0.39   654.85    0.00      0.00     0.00   0.00    0.00     0.00    0.00  77.36
nvme16n1       362.20 166952.80    84.80  18.97    0.31   460.94  253.40 162899.20     8.20   3.13    0.42   642.85    0.00      0.00     0.00   0.00    0.00     0.00    0.00  76.48
nvme17n1       356.80 165030.40    85.00  19.24    0.31   462.53  245.40 162044.80     8.00   3.16    0.37   660.33    0.00      0.00     0.00   0.00    0.00     0.00    0.00  75.28
nvme18n1       357.60 165874.40    87.20  19.60    0.31   463.85  251.40 164886.40     7.20   2.78    0.42   655.87    0.00      0.00     0.00   0.00    0.00     0.00    0.00  77.36
nvme19n1       354.40 165352.80    84.40  19.23    0.32   466.57  265.60 165245.60     6.80   2.50    0.39   622.16    0.00      0.00     0.00   0.00    0.00     0.00    0.00  77.12
nvme1n1        352.60 161482.40    87.60  19.90    0.33   457.98  239.60 160328.00     4.20   1.72    0.44   669.15    0.00      0.00     0.00   0.00    0.00     0.00    0.00  77.04
nvme20n1       353.40 164156.80    85.40  19.46    0.32   464.51  245.20 164541.60     8.00   3.16    0.44   671.05    0.00      0.00     0.00   0.00    0.00     0.00    0.00  77.68
nvme21n1       354.60 163609.60    84.80  19.30    0.31   461.39  249.20 164764.00     9.60   3.71    0.40   661.17    0.00      0.00     0.00   0.00    0.00     0.00    0.00  76.32
nvme22n1       349.80 162936.80    85.80  19.70    0.32   465.80  250.20 164948.00     8.20   3.17    0.39   659.26    0.00      0.00     0.00   0.00    0.00     0.00    0.00  77.28
nvme23n1       342.20 159248.80    82.00  19.33    0.32   465.37  249.40 163760.80     8.20   3.18    0.37   656.62    0.00      0.00     0.00   0.00    0.00     0.00    0.00  75.04
nvme24n1       342.00 158013.60    83.80  19.68    0.31   462.03  242.60 163309.60     6.80   2.73    0.40   673.16    0.00      0.00     0.00   0.00    0.00     0.00    0.00  76.08
nvme25n1       333.60 157409.60    83.80  20.08    0.31   471.85  245.60 163779.20     8.60   3.38    0.38   666.85    0.00      0.00     0.00   0.00    0.00     0.00    0.00  75.36
nvme26n1       340.20 155511.20    82.00  19.42    0.32   457.12  248.60 164268.80     7.80   3.04    0.39   660.78    0.00      0.00     0.00   0.00    0.00     0.00    0.00  76.64
nvme27n1       333.00 156760.80    80.40  19.45    0.31   470.75  245.40 164035.20     9.60   3.76    0.35   668.44    0.00      0.00     0.00   0.00    0.00     0.00    0.00  75.44
nvme28n1       341.20 156739.20    78.80  18.76    0.33   459.38  241.20 161336.00    11.60   4.59    0.42   668.89    0.00      0.00     0.00   0.00    0.00     0.00    0.00  75.92
nvme29n1       338.00 158826.40    81.80  19.49    0.32   469.90  241.80 161636.00    10.80   4.28    0.42   668.47    0.00      0.00     0.00   0.00    0.00     0.00    0.00  75.04
nvme2n1        350.60 162460.00    85.00  19.51    0.34   463.38  240.60 161424.80     7.60   3.06    0.46   670.93    0.00      0.00     0.00   0.00    0.00     0.00    0.00  75.68
nvme30n1       351.80 159860.00    83.00  19.09    0.33   454.41  247.20 163033.60     6.40   2.52    0.43   659.52    0.00      0.00     0.00   0.00    0.00     0.00    0.00  77.04
nvme31n1       347.80 161072.00    81.00  18.89    0.32   463.12  242.80 160698.40     8.40   3.34    0.42   661.86    0.00      0.00     0.00   0.00    0.00     0.00    0.00  75.68
nvme3n1        355.80 163385.60    86.60  19.58    0.31   459.21  241.20 161286.40     7.40   2.98    0.38   668.68    0.00      0.00     0.00   0.00    0.00     0.00    0.00  76.96
nvme4n1        358.40 165696.00    86.00  19.35    0.30   462.32  246.40 162495.20     6.60   2.61    0.39   659.48    0.00      0.00     0.00   0.00    0.00     0.00    0.00  76.96
nvme5n1        364.40 167181.60    88.80  19.59    0.32   458.79  246.60 163424.00     7.40   2.91    0.42   662.71    0.00      0.00     0.00   0.00    0.00     0.00    0.00  76.24
nvme6n1        359.40 166048.80    87.60  19.60    0.32   462.02  323.40 164472.00    13.60   4.04    0.33   508.57    0.00      0.00     0.00   0.00    0.00     0.00    0.00  80.32
nvme7n1        361.00 165269.60    88.00  19.60    0.32   457.81  308.00 164378.40    12.00   3.75    0.34   533.70    0.00      0.00     0.00   0.00    0.00     0.00    0.00  78.24
nvme8n1        361.60 166816.00    86.00  19.21    0.33   461.33  293.20 165592.00    29.00   9.00    0.43   564.77    0.00      0.00     0.00   0.00    0.00     0.00    0.00  80.80
nvme9n1        360.80 165003.20    84.20  18.92    0.31   457.33  291.80 165250.40    32.40   9.99    0.38   566.31    0.00      0.00     0.00   0.00    0.00     0.00    0.00  79.04


Device            r/s     rkB/s   rrqm/s  %rrqm r_await rareq-sz     w/s     wkB/s   wrqm/s  %wrqm w_await wareq-sz     d/s     dkB/s   drqm/s  %drqm d_await dareq-sz  aqu-sz  %util
dm-0             0.00      0.00     0.00   0.00    0.00     0.00    1.00      4.00     0.00   0.00    0.00     4.00    0.00      0.00     0.00   0.00    0.00     0.00    0.00   0.08
loop0            0.00      0.00     0.00   0.00    0.00     0.00    0.00      0.00     0.00   0.00    0.00     0.00    0.00      0.00     0.00   0.00    0.00     0.00    0.00   0.00
loop1            0.00      0.00     0.00   0.00    0.00     0.00    0.00      0.00     0.00   0.00    0.00     0.00    0.00      0.00     0.00   0.00    0.00     0.00    0.00   0.00
loop2            0.00      0.00     0.00   0.00    0.00     0.00    0.00      0.00     0.00   0.00    0.00     0.00    0.00      0.00     0.00   0.00    0.00     0.00    0.00   0.00
loop3            0.00      0.00     0.00   0.00    0.00     0.00    0.00      0.00     0.00   0.00    0.00     0.00    0.00      0.00     0.00   0.00    0.00     0.00    0.00   0.00
loop4            0.00      0.00     0.00   0.00    0.00     0.00    0.00      0.00     0.00   0.00    0.00     0.00    0.00      0.00     0.00   0.00    0.00     0.00    0.00   0.00
loop5            0.00      0.00     0.00   0.00    0.00     0.00    0.00      0.00     0.00   0.00    0.00     0.00    0.00      0.00     0.00   0.00    0.00     0.00    0.00   0.00
loop6            0.00      0.00     0.00   0.00    0.00     0.00    0.00      0.00     0.00   0.00    0.00     0.00    0.00      0.00     0.00   0.00    0.00     0.00    0.00   0.00
loop7            0.00      0.00     0.00   0.00    0.00     0.00    0.00      0.00     0.00   0.00    0.00     0.00    0.00      0.00     0.00   0.00    0.00     0.00    0.00   0.00
md0           9672.60 4247734.40     0.00   0.00    0.00   439.15 6056.80 3949131.20     0.00   0.00    0.00   652.02    0.00      0.00     0.00   0.00    0.00     0.00    0.00   0.00
nvme0n1          0.00      0.00     0.00   0.00    0.00     0.00    0.40      4.00     0.60  60.00    0.00    10.00    0.00      0.00     0.00   0.00    0.00     0.00    0.00   0.08
nvme10n1       257.00 121884.00    59.00  18.67    0.31   474.26  229.40 121306.40     6.80   2.88    0.32   528.80    0.00      0.00     0.00   0.00    0.00     0.00    0.00  68.16
nvme11n1       250.00 119807.20    64.20  20.43    0.30   479.23  177.80 120396.00     6.80   3.68    0.39   677.14    0.00      0.00     0.00   0.00    0.00     0.00    0.00  64.24
nvme12n1       257.40 120935.20    58.60  18.54    0.30   469.83  178.40 121591.20     7.00   3.78    0.37   681.57    0.00      0.00     0.00   0.00    0.00     0.00    0.00  65.20
nvme13n1       251.80 118877.60    60.40  19.35    0.32   472.11  178.20 120366.40     7.00   3.78    0.43   675.46    0.00      0.00     0.00   0.00    0.00     0.00    0.00  62.80
nvme14n1       249.80 118643.20    61.80  19.83    0.31   474.95  177.60 120509.60     7.20   3.90    0.41   678.55    0.00      0.00     0.00   0.00    0.00     0.00    0.00  64.96
nvme15n1       252.20 119665.60    58.40  18.80    0.30   474.49  178.00 119983.20     7.60   4.09    0.37   674.06    0.00      0.00     0.00   0.00    0.00     0.00    0.00  64.48
nvme16n1       253.20 118491.20    61.40  19.52    0.31   467.97  181.40 119968.80     7.60   4.02    0.39   661.35    0.00      0.00     0.00   0.00    0.00     0.00    0.00  65.12
nvme17n1       249.80 118035.20    60.20  19.42    0.29   472.52  178.40 117896.80     7.40   3.98    0.34   660.86    0.00      0.00     0.00   0.00    0.00     0.00    0.00  65.04
nvme18n1       247.20 118156.00    61.60  19.95    0.31   477.98  175.20 116864.00     7.40   4.05    0.41   667.03    0.00      0.00     0.00   0.00    0.00     0.00    0.00  64.80
nvme19n1       249.40 118509.60    57.00  18.60    0.31   475.18  176.00 118052.80     7.20   3.93    0.40   670.75    0.00      0.00     0.00   0.00    0.00     0.00    0.00  63.92
nvme1n1        252.80 119831.20    64.80  20.40    0.31   474.02  183.40 122032.80     7.40   3.88    0.40   665.39    0.00      0.00     0.00   0.00    0.00     0.00    0.00  65.68
nvme20n1       250.60 117922.40    59.80  19.27    0.30   470.56  174.60 118070.40     7.20   3.96    0.41   676.23    0.00      0.00     0.00   0.00    0.00     0.00    0.00  63.76
nvme21n1       248.40 117416.80    59.20  19.25    0.30   472.69  178.00 119808.80     7.00   3.78    0.39   673.08    0.00      0.00     0.00   0.00    0.00     0.00    0.00  63.92
nvme22n1       252.40 118249.60    60.60  19.36    0.30   468.50  178.80 120905.60     7.00   3.77    0.39   676.21    0.00      0.00     0.00   0.00    0.00     0.00    0.00  65.28
nvme23n1       252.00 118214.40    57.60  18.60    0.30   469.10  181.40 120292.80     7.00   3.72    0.37   663.14    0.00      0.00     0.00   0.00    0.00     0.00    0.00  65.12
nvme24n1       250.40 117433.60    62.00  19.85    0.31   468.98  179.40 120530.40     7.00   3.76    0.39   671.85    0.00      0.00     0.00   0.00    0.00     0.00    0.00  65.52
nvme25n1       249.80 118136.80    58.40  18.95    0.30   472.93  179.00 122419.20     7.40   3.97    0.39   683.91    0.00      0.00     0.00   0.00    0.00     0.00    0.00  63.44
nvme26n1       252.80 118888.80    61.60  19.59    0.30   470.29  181.60 122316.80     7.40   3.92    0.38   673.55    0.00      0.00     0.00   0.00    0.00     0.00    0.00  64.24
nvme27n1       253.80 118971.20    57.00  18.34    0.29   468.76  183.00 122537.60     7.40   3.89    0.34   669.60    0.00      0.00     0.00   0.00    0.00     0.00    0.00  63.68
nvme28n1       252.00 117517.60    60.80  19.44    0.31   466.34  180.80 122645.60     7.60   4.03    0.41   678.35    0.00      0.00     0.00   0.00    0.00     0.00    0.00  64.96
nvme29n1       253.60 119371.20    58.20  18.67    0.31   470.71  181.60 122703.20     7.60   4.02    0.42   675.68    0.00      0.00     0.00   0.00    0.00     0.00    0.00  64.64
nvme2n1        251.00 118960.80    56.80  18.45    0.31   473.95  178.40 121625.60     7.60   4.09    0.42   681.76    0.00      0.00     0.00   0.00    0.00     0.00    0.00  64.40
nvme30n1       255.40 120283.20    62.60  19.69    0.31   470.96  181.80 122019.20     7.60   4.01    0.44   671.17    0.00      0.00     0.00   0.00    0.00     0.00    0.00  66.40
nvme31n1       253.00 119250.40    59.40  19.01    0.31   471.35  180.60 122773.60     7.60   4.04    0.42   679.81    0.00      0.00     0.00   0.00    0.00     0.00    0.00  64.88
nvme3n1        251.80 120157.60    63.80  20.22    0.30   477.19  179.00 122100.00     7.80   4.18    0.38   682.12    0.00      0.00     0.00   0.00    0.00     0.00    0.00  66.16
nvme4n1        251.40 119000.00    59.60  19.16    0.30   473.35  177.60 121208.00     7.60   4.10    0.38   682.48    0.00      0.00     0.00   0.00    0.00     0.00    0.00  65.76
nvme5n1        255.20 120092.00    62.80  19.75    0.31   470.58  181.60 121700.80     7.80   4.12    0.40   670.16    0.00      0.00     0.00   0.00    0.00     0.00    0.00  66.00
nvme6n1        251.80 118747.20    58.60  18.88    0.32   471.59  234.20 119816.00    11.40   4.64    0.31   511.60    0.00      0.00     0.00   0.00    0.00     0.00    0.00  68.72
nvme7n1        246.60 118170.40    61.20  19.88    0.30   479.20  215.00 119415.20     9.20   4.10    0.33   555.42    0.00      0.00     0.00   0.00    0.00     0.00    0.00  65.44
nvme8n1        251.00 119035.20    58.20  18.82    0.32   474.24  201.40 119814.40     7.20   3.45    0.39   594.91    0.00      0.00     0.00   0.00    0.00     0.00    0.00  66.80
nvme9n1        251.20 120173.60    61.80  19.74    0.30   478.40  183.40 120932.80     7.00   3.68    0.40   659.39    0.00      0.00     0.00   0.00    0.00     0.00    0.00  64.64


Device            r/s     rkB/s   rrqm/s  %rrqm r_await rareq-sz     w/s     wkB/s   wrqm/s  %wrqm w_await wareq-sz     d/s     dkB/s   drqm/s  %drqm d_await dareq-sz  aqu-sz  %util
dm-0             0.00      0.00     0.00   0.00    0.00     0.00    2.60     17.60     0.00   0.00    0.00     6.77    0.00      0.00     0.00   0.00    0.00     0.00    0.00   0.16
loop0            0.00      0.00     0.00   0.00    0.00     0.00    0.00      0.00     0.00   0.00    0.00     0.00    0.00      0.00     0.00   0.00    0.00     0.00    0.00   0.00
loop1            0.00      0.00     0.00   0.00    0.00     0.00    0.00      0.00     0.00   0.00    0.00     0.00    0.00      0.00     0.00   0.00    0.00     0.00    0.00   0.00
loop2            0.00      0.00     0.00   0.00    0.00     0.00    0.00      0.00     0.00   0.00    0.00     0.00    0.00      0.00     0.00   0.00    0.00     0.00    0.00   0.00
loop3            0.00      0.00     0.00   0.00    0.00     0.00    0.00      0.00     0.00   0.00    0.00     0.00    0.00      0.00     0.00   0.00    0.00     0.00    0.00   0.00
loop4            0.00      0.00     0.00   0.00    0.00     0.00    0.00      0.00     0.00   0.00    0.00     0.00    0.00      0.00     0.00   0.00    0.00     0.00    0.00   0.00
loop5            0.00      0.00     0.00   0.00    0.00     0.00    0.00      0.00     0.00   0.00    0.00     0.00    0.00      0.00     0.00   0.00    0.00     0.00    0.00   0.00
loop6            0.00      0.00     0.00   0.00    0.00     0.00    0.00      0.00     0.00   0.00    0.00     0.00    0.00      0.00     0.00   0.00    0.00     0.00    0.00   0.00
loop7            0.00      0.00     0.00   0.00    0.00     0.00    0.00      0.00     0.00   0.00    0.00     0.00    0.00      0.00     0.00   0.00    0.00     0.00    0.00   0.00
md0           2916.40 1294677.60     0.00   0.00    0.00   443.93 2736.40 1464583.20     0.00   0.00    0.00   535.22    0.00      0.00     0.00   0.00    0.00     0.00    0.00   0.00
nvme0n1          0.00      0.00     0.00   0.00    0.00     0.00    1.20     17.60     1.40  53.85    0.00    14.67    0.00      0.00     0.00   0.00    0.00     0.00    0.00   0.16
nvme10n1        75.20  35412.80    18.60  19.83    0.28   470.91   88.20  41940.00    21.20  19.38    0.26   475.51    0.00      0.00     0.00   0.00    0.00     0.00    0.00  31.84
nvme11n1        76.80  35812.80    19.60  20.33    0.28   466.31   75.00  41855.20     5.00   6.25    0.31   558.07    0.00      0.00     0.00   0.00    0.00     0.00    0.00  31.12
nvme12n1        76.60  36020.00    20.20  20.87    0.29   470.23   73.60  42177.60     4.60   5.88    0.31   573.07    0.00      0.00     0.00   0.00    0.00     0.00    0.00  31.44
nvme13n1        75.40  34780.00    19.80  20.80    0.28   461.27   73.00  42199.20     4.80   6.17    0.34   578.07    0.00      0.00     0.00   0.00    0.00     0.00    0.00  31.04
nvme14n1        74.60  35500.00    20.40  21.47    0.27   475.87   75.40  42872.00     4.60   5.75    0.33   568.59    0.00      0.00     0.00   0.00    0.00     0.00    0.00  31.76
nvme15n1        77.80  35752.00    18.80  19.46    0.27   459.54   77.60  43609.60     4.00   4.90    0.30   561.98    0.00      0.00     0.00   0.00    0.00     0.00    0.00  30.96
nvme16n1        75.40  35339.20    19.60  20.63    0.28   468.69   75.40  43398.40     6.20   7.60    0.34   575.58    0.00      0.00     0.00   0.00    0.00     0.00    0.00  31.92
nvme17n1        78.60  36000.80    21.00  21.08    0.28   458.03   76.80  43713.60     6.20   7.47    0.30   569.19    0.00      0.00     0.00   0.00    0.00     0.00    0.00  32.08
nvme18n1        76.20  35574.40    19.20  20.13    0.29   466.86   77.00  42592.00     7.20   8.55    0.32   553.14    0.00      0.00     0.00   0.00    0.00     0.00    0.00  31.52
nvme19n1        72.20  34466.40    19.20  21.01    0.27   477.37   74.60  42777.60     4.00   5.09    0.31   573.43    0.00      0.00     0.00   0.00    0.00     0.00    0.00  30.48
nvme1n1         73.80  34748.00    17.80  19.43    0.30   470.84   75.80  43712.00     7.40   8.89    0.32   576.68    0.00      0.00     0.00   0.00    0.00     0.00    0.00  32.32
nvme20n1        75.60  34829.60    18.20  19.40    0.27   460.71   75.00  42972.00     6.20   7.64    0.33   572.96    0.00      0.00     0.00   0.00    0.00     0.00    0.00  32.08
nvme21n1        73.00  34570.40    19.60  21.17    0.27   473.57   74.00  42121.60     6.00   7.50    0.31   569.21    0.00      0.00     0.00   0.00    0.00     0.00    0.00  31.92
nvme22n1        75.20  34679.20    17.80  19.14    0.29   461.16   74.00  42817.60     6.40   7.96    0.31   578.62    0.00      0.00     0.00   0.00    0.00     0.00    0.00  32.32
nvme23n1        71.60  33609.60    19.80  21.66    0.28   469.41   73.00  42406.40     4.80   6.17    0.32   580.91    0.00      0.00     0.00   0.00    0.00     0.00    0.00  31.20
nvme24n1        73.20  34104.00    16.20  18.12    0.28   465.90   73.00  42186.40     6.60   8.29    0.32   577.90    0.00      0.00     0.00   0.00    0.00     0.00    0.00  30.40
nvme25n1        72.00  33788.80    19.40  21.23    0.27   469.29   73.20  42703.20     4.40   5.67    0.31   583.38    0.00      0.00     0.00   0.00    0.00     0.00    0.00  30.08
nvme26n1        72.40  33706.40    16.40  18.47    0.28   465.56   74.40  42682.40     9.20  11.00    0.32   573.69    0.00      0.00     0.00   0.00    0.00     0.00    0.00  31.04
nvme27n1        72.00  34347.20    19.40  21.23    0.27   477.04   73.20  42650.40     3.40   4.44    0.30   582.66    0.00      0.00     0.00   0.00    0.00     0.00    0.00  30.96
nvme28n1        78.00  36116.80    16.00  17.02    0.27   463.04   74.60  43321.60     7.20   8.80    0.32   580.72    0.00      0.00     0.00   0.00    0.00     0.00    0.00  32.32
nvme29n1        78.20  36716.00    21.00  21.17    0.27   469.51   74.00  43320.80     3.20   4.15    0.33   585.42    0.00      0.00     0.00   0.00    0.00     0.00    0.00  32.08
nvme2n1         73.80  34894.40    20.60  21.82    0.27   472.82   74.60  43385.60     5.00   6.28    0.34   581.58    0.00      0.00     0.00   0.00    0.00     0.00    0.00  31.20
nvme30n1        76.20  35677.60    17.40  18.59    0.28   468.21   75.00  43391.20    10.00  11.76    0.33   578.55    0.00      0.00     0.00   0.00    0.00     0.00    0.00  31.28
nvme31n1        76.20  35959.20    20.60  21.28    0.27   471.91   76.40  43946.40     4.60   5.68    0.32   575.21    0.00      0.00     0.00   0.00    0.00     0.00    0.00  32.16
nvme3n1         74.80  35100.80    17.80  19.22    0.27   469.26   75.60  43615.20     6.40   7.80    0.30   576.92    0.00      0.00     0.00   0.00    0.00     0.00    0.00  32.56
nvme4n1         74.20  34796.80    21.40  22.38    0.28   468.96   76.00  43202.40     7.00   8.43    0.30   568.45    0.00      0.00     0.00   0.00    0.00     0.00    0.00  31.84
nvme5n1         73.60  34408.80    18.00  19.65    0.27   467.51   73.80  41994.40     7.60   9.34    0.31   569.03    0.00      0.00     0.00   0.00    0.00     0.00    0.00  31.84
nvme6n1         72.60  34612.00    20.40  21.94    0.29   476.75  113.20  42598.40     9.40   7.67    0.20   376.31    0.00      0.00     0.00   0.00    0.00     0.00    0.00  38.32
nvme7n1         77.00  35415.20    17.60  18.60    0.30   459.94  106.40  42116.00     9.60   8.28    0.22   395.83    0.00      0.00     0.00   0.00    0.00     0.00    0.00  33.04
nvme8n1         76.80  35546.40    20.40  20.99    0.28   462.84  108.20  41921.60    21.20  16.38    0.23   387.45    0.00      0.00     0.00   0.00    0.00     0.00    0.00  38.08
nvme9n1         76.20  35494.40    18.80  19.79    0.28   465.81   86.60  41464.80    27.60  24.17    0.26   478.81    0.00      0.00     0.00   0.00    0.00     0.00    0.00  31.44


Device            r/s     rkB/s   rrqm/s  %rrqm r_await rareq-sz     w/s     wkB/s   wrqm/s  %wrqm w_await wareq-sz     d/s     dkB/s   drqm/s  %drqm d_await dareq-sz  aqu-sz  %util
dm-0             0.00      0.00     0.00   0.00    0.00     0.00    2.00      8.00     0.00   0.00    0.00     4.00    0.00      0.00     0.00   0.00    0.00     0.00    0.00   0.08
loop0            0.00      0.00     0.00   0.00    0.00     0.00    0.00      0.00     0.00   0.00    0.00     0.00    0.00      0.00     0.00   0.00    0.00     0.00    0.00   0.00
loop1            0.00      0.00     0.00   0.00    0.00     0.00    0.00      0.00     0.00   0.00    0.00     0.00    0.00      0.00     0.00   0.00    0.00     0.00    0.00   0.00
loop2            0.00      0.00     0.00   0.00    0.00     0.00    0.00      0.00     0.00   0.00    0.00     0.00    0.00      0.00     0.00   0.00    0.00     0.00    0.00   0.00
loop3            0.00      0.00     0.00   0.00    0.00     0.00    0.00      0.00     0.00   0.00    0.00     0.00    0.00      0.00     0.00   0.00    0.00     0.00    0.00   0.00
loop4            0.00      0.00     0.00   0.00    0.00     0.00    0.00      0.00     0.00   0.00    0.00     0.00    0.00      0.00     0.00   0.00    0.00     0.00    0.00   0.00
loop5            0.00      0.00     0.00   0.00    0.00     0.00    0.00      0.00     0.00   0.00    0.00     0.00    0.00      0.00     0.00   0.00    0.00     0.00    0.00   0.00
loop6            0.00      0.00     0.00   0.00    0.00     0.00    0.00      0.00     0.00   0.00    0.00     0.00    0.00      0.00     0.00   0.00    0.00     0.00    0.00   0.00
loop7            0.00      0.00     0.00   0.00    0.00     0.00    0.00      0.00     0.00   0.00    0.00     0.00    0.00      0.00     0.00   0.00    0.00     0.00    0.00   0.00
md0           7486.80 3308560.00     0.00   0.00    0.00   441.92 4265.00 2669451.20     0.00   0.00    0.00   625.90    0.00      0.00     0.00   0.00    0.00     0.00    0.00   0.00
nvme0n1          0.00      0.00     0.00   0.00    0.00     0.00    0.40      8.00     1.60  80.00    0.00    20.00    0.00      0.00     0.00   0.00    0.00     0.00    0.00   0.08
nvme10n1       199.20  94012.00    46.80  19.02    0.37   471.95  155.40  87007.20     0.00   0.00    0.40   559.89    0.00      0.00     0.00   0.00    0.00     0.00    0.00  34.00
nvme11n1       197.80  93048.00    45.60  18.73    0.34   470.41  133.40  86432.00     0.00   0.00    0.47   647.92    0.00      0.00     0.00   0.00    0.00     0.00    0.00  32.80
nvme12n1       201.00  92751.20    46.80  18.89    0.32   461.45  134.00  86700.00     0.00   0.00    0.43   647.01    0.00      0.00     0.00   0.00    0.00     0.00    0.00  33.20
nvme13n1       198.00  92337.60    46.60  19.05    0.41   466.35  134.40  87084.80     0.00   0.00    0.53   647.95    0.00      0.00     0.00   0.00    0.00     0.00    0.00  33.28
nvme14n1       198.60  92812.00    44.60  18.34    0.36   467.33  131.20  86054.40     0.00   0.00    0.48   655.90    0.00      0.00     0.00   0.00    0.00     0.00    0.00  32.24
nvme15n1       200.00  93493.60    47.00  19.03    0.33   467.47  133.40  86799.20     0.00   0.00    0.43   650.67    0.00      0.00     0.00   0.00    0.00     0.00    0.00  32.24
nvme16n1       200.00  93174.40    47.00  19.03    0.36   465.87  133.00  85364.00     0.00   0.00    0.47   641.83    0.00      0.00     0.00   0.00    0.00     0.00    0.00  33.04
nvme17n1       196.80  91994.40    46.80  19.21    0.33   467.45  131.80  84684.00     0.00   0.00    0.39   642.52    0.00      0.00     0.00   0.00    0.00     0.00    0.00  32.32
nvme18n1       195.80  91156.00    46.40  19.16    0.37   465.56  131.20  85147.20     0.00   0.00    0.48   648.99    0.00      0.00     0.00   0.00    0.00     0.00    0.00  32.32
nvme19n1       195.60  90314.40    46.20  19.11    0.34   461.73  132.00  84145.60     0.00   0.00    0.44   637.47    0.00      0.00     0.00   0.00    0.00     0.00    0.00  32.24
nvme1n1        197.00  91156.00    47.60  19.46    0.35   462.72  133.60  84270.40     0.00   0.00    0.47   630.77    0.00      0.00     0.00   0.00    0.00     0.00    0.00  33.52
nvme20n1       197.20  90049.60    46.20  18.98    0.34   456.64  130.20  82630.40     0.00   0.00    0.47   634.64    0.00      0.00     0.00   0.00    0.00     0.00    0.00  32.80
nvme21n1       190.80  89444.80    44.20  18.81    0.36   468.79  125.60  81670.40     0.00   0.00    0.47   650.24    0.00      0.00     0.00   0.00    0.00     0.00    0.00  33.20
nvme22n1       193.20  90445.60    47.00  19.57    0.35   468.14  127.00  83060.80     0.00   0.00    0.45   654.02    0.00      0.00     0.00   0.00    0.00     0.00    0.00  32.80
nvme23n1       189.40  88528.00    42.60  18.36    0.33   467.41  126.80  83122.40     0.00   0.00    0.42   655.54    0.00      0.00     0.00   0.00    0.00     0.00    0.00  31.84
nvme24n1       191.40  88354.40    47.00  19.71    0.32   461.62  127.60  84076.00     0.00   0.00    0.43   658.90    0.00      0.00     0.00   0.00    0.00     0.00    0.00  32.40
nvme25n1       192.40  89609.60    43.80  18.54    0.35   465.75  129.40  84760.00     0.00   0.00    0.43   655.02    0.00      0.00     0.00   0.00    0.00     0.00    0.00  32.72
nvme26n1       190.00  88969.60    46.00  19.49    0.34   468.26  130.00  85879.20     0.00   0.00    0.47   660.61    0.00      0.00     0.00   0.00    0.00     0.00    0.00  32.40
nvme27n1       190.80  89687.20    43.00  18.39    0.31   470.06  132.80  87769.60     0.00   0.00    0.39   660.92    0.00      0.00     0.00   0.00    0.00     0.00    0.00  32.88
nvme28n1       197.60  91550.40    47.60  19.41    0.36   463.31  136.80  88429.60     0.00   0.00    0.46   646.42    0.00      0.00     0.00   0.00    0.00     0.00    0.00  33.28
nvme29n1       195.40  90701.60    45.60  18.92    0.35   464.18  134.80  86514.40     0.00   0.00    0.44   641.80    0.00      0.00     0.00   0.00    0.00     0.00    0.00  32.80
nvme2n1        193.20  90756.00    45.40  19.03    0.35   469.75  129.00  84202.40     0.00   0.00    0.50   652.73    0.00      0.00     0.00   0.00    0.00     0.00    0.00  34.24
nvme30n1       197.20  91198.40    47.40  19.38    0.38   462.47  131.40  85500.00     0.00   0.00    0.49   650.68    0.00      0.00     0.00   0.00    0.00     0.00    0.00  33.28
nvme31n1       195.00  91018.40    46.40  19.22    0.35   466.76  133.40  85098.40     0.00   0.00    0.45   637.92    0.00      0.00     0.00   0.00    0.00     0.00    0.00  33.04
nvme3n1        195.80  91292.80    46.80  19.29    0.32   466.26  132.60  85344.80     0.00   0.00    0.42   643.63    0.00      0.00     0.00   0.00    0.00     0.00    0.00  33.92
nvme4n1        194.20  90908.00    45.20  18.88    0.33   468.12  130.80  85536.80     0.00   0.00    0.43   653.95    0.00      0.00     0.00   0.00    0.00     0.00    0.00  33.60
nvme5n1        195.60  90480.00    46.60  19.24    0.34   462.58  132.60  85545.60     0.00   0.00    0.45   645.14    0.00      0.00     0.00   0.00    0.00     0.00    0.00  33.68
nvme6n1        194.20  91385.60    46.20  19.22    0.35   470.57  169.00  87782.40     2.40   1.40    0.37   519.42    0.00      0.00     0.00   0.00    0.00     0.00    0.00  34.96
nvme7n1        193.60  91068.00    45.60  19.06    0.38   470.39  162.40  87169.60     0.40   0.25    0.39   536.76    0.00      0.00     0.00   0.00    0.00     0.00    0.00  33.28
nvme8n1        195.80  92443.20    45.00  18.69    0.40   472.13  142.00  87616.00     0.00   0.00    0.51   617.01    0.00      0.00     0.00   0.00    0.00     0.00    0.00  33.60
nvme9n1        199.00  93367.20    46.40  18.91    0.36   469.18  155.00  87794.40     0.00   0.00    0.41   566.42    0.00      0.00     0.00   0.00    0.00     0.00    0.00  35.60


Device            r/s     rkB/s   rrqm/s  %rrqm r_await rareq-sz     w/s     wkB/s   wrqm/s  %wrqm w_await wareq-sz     d/s     dkB/s   drqm/s  %drqm d_await dareq-sz  aqu-sz  %util
dm-0             0.00      0.00     0.00   0.00    0.00     0.00   13.00     54.40     0.00   0.00    0.00     4.18    0.00      0.00     0.00   0.00    0.00     0.00    0.00   0.16
loop0            0.00      0.00     0.00   0.00    0.00     0.00    0.00      0.00     0.00   0.00    0.00     0.00    0.00      0.00     0.00   0.00    0.00     0.00    0.00   0.00
loop1            0.00      0.00     0.00   0.00    0.00     0.00    0.00      0.00     0.00   0.00    0.00     0.00    0.00      0.00     0.00   0.00    0.00     0.00    0.00   0.00
loop2            0.00      0.00     0.00   0.00    0.00     0.00    0.00      0.00     0.00   0.00    0.00     0.00    0.00      0.00     0.00   0.00    0.00     0.00    0.00   0.00
loop3            0.00      0.00     0.00   0.00    0.00     0.00    0.00      0.00     0.00   0.00    0.00     0.00    0.00      0.00     0.00   0.00    0.00     0.00    0.00   0.00
loop4            0.00      0.00     0.00   0.00    0.00     0.00    0.00      0.00     0.00   0.00    0.00     0.00    0.00      0.00     0.00   0.00    0.00     0.00    0.00   0.00
loop5            0.00      0.00     0.00   0.00    0.00     0.00    0.00      0.00     0.00   0.00    0.00     0.00    0.00      0.00     0.00   0.00    0.00     0.00    0.00   0.00
loop6            0.00      0.00     0.00   0.00    0.00     0.00    0.00      0.00     0.00   0.00    0.00     0.00    0.00      0.00     0.00   0.00    0.00     0.00    0.00   0.00
loop7            0.00      0.00     0.00   0.00    0.00     0.00    0.00      0.00     0.00   0.00    0.00     0.00    0.00      0.00     0.00   0.00    0.00     0.00    0.00   0.00
md0           13234.00 5878841.60     0.00   0.00    0.00   444.22 7840.00 5468564.00     0.00   0.00    0.00   697.52    0.00      0.00     0.00   0.00    0.00     0.00    0.00   0.00
nvme0n1          0.00      0.00     0.00   0.00    0.00     0.00   11.20     54.40     1.80  13.85    0.05     4.86    0.00      0.00     0.00   0.00    0.00     0.00    0.00   0.16
nvme10n1       342.80 171487.20    80.60  19.04    0.35   500.25  282.00 176325.60    27.40   8.86    0.37   625.27    0.00      0.00     0.00   0.00    0.00     0.00    0.00  75.12
nvme11n1       341.40 170572.00    83.80  19.71    0.35   499.63  234.60 176320.80     9.80   4.01    0.44   751.58    0.00      0.00     0.00   0.00    0.00     0.00    0.00  73.04
nvme12n1       336.60 168352.80    80.00  19.20    0.35   500.16  228.20 173981.60     8.40   3.55    0.42   762.41    0.00      0.00     0.00   0.00    0.00     0.00    0.00  73.20
nvme13n1       333.80 166004.80    80.20  19.37    0.39   497.32  225.20 175540.80     8.00   3.43    0.51   779.49    0.00      0.00     0.00   0.00    0.00     0.00    0.00  72.64
nvme14n1       334.60 165068.00    76.00  18.51    0.38   493.33  228.40 175479.20     8.20   3.47    0.46   768.30    0.00      0.00     0.00   0.00    0.00     0.00    0.00  73.04
nvme15n1       331.80 165717.60    79.40  19.31    0.34   499.45  227.00 175900.80     8.80   3.73    0.41   774.89    0.00      0.00     0.00   0.00    0.00     0.00    0.00  72.32
nvme16n1       332.00 164974.40    76.20  18.67    0.36   496.91  234.40 178080.80     9.00   3.70    0.46   759.73    0.00      0.00     0.00   0.00    0.00     0.00    0.00  72.80
nvme17n1       330.60 164012.00    77.20  18.93    0.34   496.10  234.60 178576.00     9.80   4.01    0.39   761.19    0.00      0.00     0.00   0.00    0.00     0.00    0.00  73.52
nvme18n1       334.00 166636.80    78.00  18.93    0.36   498.91  234.40 178327.20     8.00   3.30    0.47   760.78    0.00      0.00     0.00   0.00    0.00     0.00    0.00  73.76
nvme19n1       347.00 171564.80    76.60  18.08    0.35   494.42  239.20 178398.40    10.80   4.32    0.42   745.81    0.00      0.00     0.00   0.00    0.00     0.00    0.00  72.80
nvme1n1        352.20 174082.40    85.60  19.55    0.37   494.27  224.80 170851.20     7.60   3.27    0.47   760.01    0.00      0.00     0.00   0.00    0.00     0.00    0.00  72.24
nvme20n1       346.00 172229.60    81.20  19.01    0.35   497.77  231.00 176860.00     6.20   2.61    0.47   765.63    0.00      0.00     0.00   0.00    0.00     0.00    0.00  73.12
nvme21n1       351.20 172724.80    78.60  18.29    0.35   491.81  228.80 174845.60    11.00   4.59    0.43   764.19    0.00      0.00     0.00   0.00    0.00     0.00    0.00  72.16
nvme22n1       353.80 173833.60    83.20  19.04    0.36   491.33  231.40 173773.60     5.60   2.36    0.41   750.97    0.00      0.00     0.00   0.00    0.00     0.00    0.00  73.20
nvme23n1       348.20 172045.60    82.20  19.10    0.35   494.10  226.60 173332.80    10.20   4.31    0.43   764.93    0.00      0.00     0.00   0.00    0.00     0.00    0.00  71.84
nvme24n1       351.80 173281.60    83.00  19.09    0.37   492.56  226.00 172905.60     7.00   3.00    0.45   765.07    0.00      0.00     0.00   0.00    0.00     0.00    0.00  73.28
nvme25n1       349.20 171758.40    79.80  18.60    0.34   491.86  220.60 172208.80     9.20   4.00    0.43   780.64    0.00      0.00     0.00   0.00    0.00     0.00    0.00  72.00
nvme26n1       358.80 177019.20    85.00  19.15    0.36   493.36  227.00 172756.00     7.60   3.24    0.41   761.04    0.00      0.00     0.00   0.00    0.00     0.00    0.00  72.64
nvme27n1       353.20 175548.00    81.40  18.73    0.33   497.02  223.60 173108.00     8.60   3.70    0.38   774.19    0.00      0.00     0.00   0.00    0.00     0.00    0.00  71.36
nvme28n1       351.40 172108.00    85.20  19.51    0.36   489.78  227.20 173184.80     7.00   2.99    0.45   762.26    0.00      0.00     0.00   0.00    0.00     0.00    0.00  71.68
nvme29n1       349.20 172304.80    80.00  18.64    0.35   493.43  223.20 171560.00    11.00   4.70    0.45   768.64    0.00      0.00     0.00   0.00    0.00     0.00    0.00  72.00
nvme2n1        352.40 171717.60    76.80  17.89    0.36   487.28  221.80 168296.00     9.60   4.15    0.49   758.77    0.00      0.00     0.00   0.00    0.00     0.00    0.00  72.24
nvme30n1       349.60 173715.20    83.60  19.30    0.38   496.90  222.20 171427.20     8.60   3.73    0.50   771.50    0.00      0.00     0.00   0.00    0.00     0.00    0.00  71.92
nvme31n1       351.20 173620.80    77.60  18.10    0.37   494.36  224.20 171975.20     7.60   3.28    0.48   767.06    0.00      0.00     0.00   0.00    0.00     0.00    0.00  71.44
nvme3n1        355.40 173940.80    84.00  19.12    0.34   489.42  221.80 169410.40     7.80   3.40    0.43   763.80    0.00      0.00     0.00   0.00    0.00     0.00    0.00  70.48
nvme4n1        353.20 171908.80    76.40  17.78    0.33   486.72  221.80 168576.00    10.20   4.40    0.42   760.04    0.00      0.00     0.00   0.00    0.00     0.00    0.00  72.08
nvme5n1        351.40 172325.60    84.80  19.44    0.37   490.40  216.20 168120.80     7.40   3.31    0.45   777.62    0.00      0.00     0.00   0.00    0.00     0.00    0.00  72.32
nvme6n1        350.60 174266.40    76.60  17.93    0.35   497.05  326.20 170592.80    16.00   4.68    0.32   522.97    0.00      0.00     0.00   0.00    0.00     0.00    0.00  78.72
nvme7n1        349.80 172358.40    87.60  20.03    0.36   492.73  303.00 171344.00    12.40   3.93    0.35   565.49    0.00      0.00     0.00   0.00    0.00     0.00    0.00  74.32
nvme8n1        343.00 171606.40    79.80  18.87    0.39   500.31  270.60 171959.20    26.80   9.01    0.45   635.47    0.00      0.00     0.00   0.00    0.00     0.00    0.00  77.44
nvme9n1        342.60 170131.20    85.00  19.88    0.36   496.59  268.20 173545.60    26.40   8.96    0.39   647.08    0.00      0.00     0.00   0.00    0.00     0.00    0.00  74.48


Device            r/s     rkB/s   rrqm/s  %rrqm r_await rareq-sz     w/s     wkB/s   wrqm/s  %wrqm w_await wareq-sz     d/s     dkB/s   drqm/s  %drqm d_await dareq-sz  aqu-sz  %util
dm-0             0.00      0.00     0.00   0.00    0.00     0.00   11.00     63.20     0.00   0.00    0.00     5.75    0.00      0.00     0.00   0.00    0.00     0.00    0.00   0.16
loop0            0.00      0.00     0.00   0.00    0.00     0.00    0.00      0.00     0.00   0.00    0.00     0.00    0.00      0.00     0.00   0.00    0.00     0.00    0.00   0.00
loop1            0.00      0.00     0.00   0.00    0.00     0.00    0.00      0.00     0.00   0.00    0.00     0.00    0.00      0.00     0.00   0.00    0.00     0.00    0.00   0.00
loop2            0.00      0.00     0.00   0.00    0.00     0.00    0.00      0.00     0.00   0.00    0.00     0.00    0.00      0.00     0.00   0.00    0.00     0.00    0.00   0.00
loop3            0.00      0.00     0.00   0.00    0.00     0.00    0.00      0.00     0.00   0.00    0.00     0.00    0.00      0.00     0.00   0.00    0.00     0.00    0.00   0.00
loop4            0.00      0.00     0.00   0.00    0.00     0.00    0.00      0.00     0.00   0.00    0.00     0.00    0.00      0.00     0.00   0.00    0.00     0.00    0.00   0.00
loop5            0.00      0.00     0.00   0.00    0.00     0.00    0.00      0.00     0.00   0.00    0.00     0.00    0.00      0.00     0.00   0.00    0.00     0.00    0.00   0.00
loop6            0.00      0.00     0.00   0.00    0.00     0.00    0.00      0.00     0.00   0.00    0.00     0.00    0.00      0.00     0.00   0.00    0.00     0.00    0.00   0.00
loop7            0.00      0.00     0.00   0.00    0.00     0.00    0.00      0.00     0.00   0.00    0.00     0.00    0.00      0.00     0.00   0.00    0.00     0.00    0.00   0.00
md0           1699.40 849392.80     0.00   0.00    0.00   499.82 1059.20 848003.20     0.00   0.00    0.00   800.61    0.00      0.00     0.00   0.00    0.00     0.00    0.00   0.00
nvme0n1          0.00      0.00     0.00   0.00    0.00     0.00    8.40     63.20     2.60  23.64    0.02     7.52    0.00      0.00     0.00   0.00    0.00     0.00    0.00   0.16
nvme10n1        42.60  21014.40     8.60  16.80    0.26   493.30   31.80  25676.80     0.00   0.00    0.34   807.45    0.00      0.00     0.00   0.00    0.00     0.00    0.00  21.60
nvme11n1        44.20  21492.80    10.00  18.45    0.25   486.26   33.20  25683.20     0.00   0.00    0.34   773.59    0.00      0.00     0.00   0.00    0.00     0.00    0.00  21.68
nvme12n1        44.40  21412.00     8.80  16.54    0.25   482.25   32.80  25862.40     0.00   0.00    0.32   788.49    0.00      0.00     0.00   0.00    0.00     0.00    0.00  21.04
nvme13n1        45.60  22015.20     9.40  17.09    0.25   482.79   32.60  25019.20     0.00   0.00    0.36   767.46    0.00      0.00     0.00   0.00    0.00     0.00    0.00  21.60
nvme14n1        44.40  22270.40     9.60  17.78    0.25   501.59   31.80  25423.20     0.00   0.00    0.33   799.47    0.00      0.00     0.00   0.00    0.00     0.00    0.00  21.68
nvme15n1        44.60  22330.40    10.00  18.32    0.24   500.68   32.20  25604.00     0.00   0.00    0.31   795.16    0.00      0.00     0.00   0.00    0.00     0.00    0.00  22.48
nvme16n1        44.60  21845.60     9.00  16.79    0.25   489.81   32.80  25248.80     0.00   0.00    0.32   769.78    0.00      0.00     0.00   0.00    0.00     0.00    0.00  22.24
nvme17n1        44.20  22317.60    10.40  19.05    0.25   504.92   32.00  25396.80     0.00   0.00    0.31   793.65    0.00      0.00     0.00   0.00    0.00     0.00    0.00  22.56
nvme18n1        44.80  22514.40     9.60  17.65    0.26   502.55   32.40  24992.00     0.00   0.00    0.33   771.36    0.00      0.00     0.00   0.00    0.00     0.00    0.00  21.60
nvme19n1        45.00  22582.40    10.20  18.48    0.24   501.83   31.80  25396.80     0.00   0.00    0.34   798.64    0.00      0.00     0.00   0.00    0.00     0.00    0.00  22.72
nvme1n1         48.40  24088.80     9.60  16.55    0.26   497.70   31.60  24858.40     0.00   0.00    0.33   786.66    0.00      0.00     0.00   0.00    0.00     0.00    0.00  21.92
nvme20n1        46.60  23170.40     9.80  17.38    0.25   497.22   33.00  26448.00     0.00   0.00    0.35   801.45    0.00      0.00     0.00   0.00    0.00     0.00    0.00  21.84
nvme21n1        46.80  22916.00    11.20  19.31    0.24   489.66   34.20  26469.60     0.00   0.00    0.32   773.96    0.00      0.00     0.00   0.00    0.00     0.00    0.00  22.08
nvme22n1        44.20  22124.00    10.20  18.75    0.24   500.54   32.20  25937.60     0.00   0.00    0.32   805.52    0.00      0.00     0.00   0.00    0.00     0.00    0.00  22.48
nvme23n1        44.80  22190.40     9.80  17.95    0.24   495.32   32.80  25774.40     0.00   0.00    0.32   785.80    0.00      0.00     0.00   0.00    0.00     0.00    0.00  21.44
nvme24n1        42.60  21485.60    10.00  19.01    0.24   504.36   31.40  24940.00     0.00   0.00    0.32   794.27    0.00      0.00     0.00   0.00    0.00     0.00    0.00  22.16
nvme25n1        42.40  21708.80     9.40  18.15    0.25   512.00   30.20  24780.80     0.00   0.00    0.30   820.56    0.00      0.00     0.00   0.00    0.00     0.00    0.00  22.16
nvme26n1        42.80  21528.80     9.80  18.63    0.25   503.01   30.60  25192.00     0.00   0.00    0.31   823.27    0.00      0.00     0.00   0.00    0.00     0.00    0.00  20.72
nvme27n1        42.40  21644.00    10.00  19.08    0.25   510.47   30.80  25272.80     0.00   0.00    0.31   820.55    0.00      0.00     0.00   0.00    0.00     0.00    0.00  21.92
nvme28n1        46.80  23225.60     8.40  15.22    0.25   496.27   32.60  26577.60     0.00   0.00    0.32   815.26    0.00      0.00     0.00   0.00    0.00     0.00    0.00  22.56
nvme29n1        47.20  23323.20    10.80  18.62    0.25   494.14   33.60  26712.00     0.00   0.00    0.33   795.00    0.00      0.00     0.00   0.00    0.00     0.00    0.00  24.72
nvme2n1         48.20  23856.80    11.60  19.40    0.24   494.95   31.20  25144.00     0.00   0.00    0.38   805.90    0.00      0.00     0.00   0.00    0.00     0.00    0.00  22.72
nvme30n1        47.40  23000.00     9.60  16.84    0.26   485.23   32.80  26227.20     0.00   0.00    0.36   799.61    0.00      0.00     0.00   0.00    0.00     0.00    0.00  22.32
nvme31n1        47.40  23964.80    11.20  19.11    0.25   505.59   32.00  26166.40     0.00   0.00    0.34   817.70    0.00      0.00     0.00   0.00    0.00     0.00    0.00  22.32
nvme3n1         47.20  23500.00    10.40  18.06    0.25   497.88   31.60  25436.80     0.00   0.00    0.33   804.96    0.00      0.00     0.00   0.00    0.00     0.00    0.00  21.76
nvme4n1         44.20  23055.20    11.40  20.50    0.24   521.61   31.00  24776.00     0.00   0.00    0.32   799.23    0.00      0.00     0.00   0.00    0.00     0.00    0.00  20.96
nvme5n1         46.00  22850.40     9.20  16.67    0.25   496.75   30.60  24576.00     0.00   0.00    0.35   803.14    0.00      0.00     0.00   0.00    0.00     0.00    0.00  21.20
nvme6n1         43.00  22261.60    11.40  20.96    0.25   517.71   45.40  24028.80     0.60   1.30    0.22   529.27    0.00      0.00     0.00   0.00    0.00     0.00    0.00  24.16
nvme7n1         43.60  21711.20     9.60  18.05    0.25   497.96   40.60  24168.00     0.60   1.46    0.25   595.27    0.00      0.00     0.00   0.00    0.00     0.00    0.00  22.56
nvme8n1         43.00  21512.80    10.20  19.17    0.25   500.30   39.00  25110.40     0.00   0.00    0.31   643.86    0.00      0.00     0.00   0.00    0.00     0.00    0.00  23.68
nvme9n1         41.80  20379.20     9.00  17.72    0.24   487.54   41.60  24584.00     0.00   0.00    0.25   590.96    0.00      0.00     0.00   0.00    0.00     0.00    0.00  24.08


Device            r/s     rkB/s   rrqm/s  %rrqm r_await rareq-sz     w/s     wkB/s   wrqm/s  %wrqm w_await wareq-sz     d/s     dkB/s   drqm/s  %drqm d_await dareq-sz  aqu-sz  %util
dm-0             0.00      0.00     0.00   0.00    0.00     0.00    2.60     19.20     0.00   0.00    0.00     7.38    0.00      0.00     0.00   0.00    0.00     0.00    0.00   0.16
loop0            0.00      0.00     0.00   0.00    0.00     0.00    0.00      0.00     0.00   0.00    0.00     0.00    0.00      0.00     0.00   0.00    0.00     0.00    0.00   0.00
loop1            0.00      0.00     0.00   0.00    0.00     0.00    0.00      0.00     0.00   0.00    0.00     0.00    0.00      0.00     0.00   0.00    0.00     0.00    0.00   0.00
loop2            0.00      0.00     0.00   0.00    0.00     0.00    0.00      0.00     0.00   0.00    0.00     0.00    0.00      0.00     0.00   0.00    0.00     0.00    0.00   0.00
loop3            0.00      0.00     0.00   0.00    0.00     0.00    0.00      0.00     0.00   0.00    0.00     0.00    0.00      0.00     0.00   0.00    0.00     0.00    0.00   0.00
loop4            0.00      0.00     0.00   0.00    0.00     0.00    0.00      0.00     0.00   0.00    0.00     0.00    0.00      0.00     0.00   0.00    0.00     0.00    0.00   0.00
loop5            0.00      0.00     0.00   0.00    0.00     0.00    0.00      0.00     0.00   0.00    0.00     0.00    0.00      0.00     0.00   0.00    0.00     0.00    0.00   0.00
loop6            0.00      0.00     0.00   0.00    0.00     0.00    0.00      0.00     0.00   0.00    0.00     0.00    0.00      0.00     0.00   0.00    0.00     0.00    0.00   0.00
loop7            0.00      0.00     0.00   0.00    0.00     0.00    0.00      0.00     0.00   0.00    0.00     0.00    0.00      0.00     0.00   0.00    0.00     0.00    0.00   0.00
md0           14753.20 6543155.20     0.00   0.00    0.00   443.51 7820.00 5787674.40     0.00   0.00    0.00   740.11    0.00      0.00     0.00   0.00    0.00     0.00    0.00   0.00
nvme0n1          0.00      0.00     0.00   0.00    0.00     0.00    0.80     19.20     1.80  69.23    0.00    24.00    0.00      0.00     0.00   0.00    0.00     0.00    0.00   0.16
nvme10n1       396.80 192383.20    86.40  17.88    0.35   484.84  279.60 185805.60    25.20   8.27    0.38   664.54    0.00      0.00     0.00   0.00    0.00     0.00    0.00  73.20
nvme11n1       390.40 188728.80    89.40  18.63    0.34   483.42  229.00 186440.80     6.80   2.88    0.46   814.15    0.00      0.00     0.00   0.00    0.00     0.00    0.00  72.40
nvme12n1       392.60 188572.00    82.00  17.28    0.34   480.32  234.60 185283.20     6.80   2.82    0.42   789.78    0.00      0.00     0.00   0.00    0.00     0.00    0.00  72.72
nvme13n1       388.20 189658.40    88.80  18.62    0.36   488.56  227.60 183259.20     6.40   2.74    0.49   805.18    0.00      0.00     0.00   0.00    0.00     0.00    0.00  73.20
nvme14n1       389.60 189613.60    82.20  17.42    0.35   486.69  229.40 186037.60     5.20   2.22    0.48   810.97    0.00      0.00     0.00   0.00    0.00     0.00    0.00  72.24
nvme15n1       394.40 189663.20    83.60  17.49    0.33   480.89  231.00 187158.40     7.20   3.02    0.41   810.21    0.00      0.00     0.00   0.00    0.00     0.00    0.00  71.76
nvme16n1       386.60 189536.00    86.60  18.30    0.35   490.26  233.60 186366.40     7.20   2.99    0.46   797.80    0.00      0.00     0.00   0.00    0.00     0.00    0.00  72.08
nvme17n1       392.60 189375.20    84.20  17.66    0.32   482.36  233.20 184468.80     7.00   2.91    0.38   791.03    0.00      0.00     0.00   0.00    0.00     0.00    0.00  72.88
nvme18n1       390.00 189860.80    84.00  17.72    0.36   486.82  233.80 184384.00     5.40   2.26    0.47   788.64    0.00      0.00     0.00   0.00    0.00     0.00    0.00  71.84
nvme19n1       395.20 190339.20    85.60  17.80    0.34   481.63  238.80 184884.00     7.20   2.93    0.44   774.22    0.00      0.00     0.00   0.00    0.00     0.00    0.00  72.32
nvme1n1        392.80 190377.60    90.20  18.67    0.35   484.67  225.40 184412.00     6.00   2.59    0.47   818.15    0.00      0.00     0.00   0.00    0.00     0.00    0.00  71.44
nvme20n1       386.60 190526.40    87.60  18.47    0.34   492.83  228.00 185848.80     7.20   3.06    0.49   815.13    0.00      0.00     0.00   0.00    0.00     0.00    0.00  71.44
nvme21n1       390.20 187854.40    82.40  17.44    0.34   481.43  229.80 185844.00     8.40   3.53    0.44   808.72    0.00      0.00     0.00   0.00    0.00     0.00    0.00  71.68
nvme22n1       386.20 187294.40    86.00  18.21    0.34   484.97  230.20 183962.40     6.80   2.87    0.43   799.14    0.00      0.00     0.00   0.00    0.00     0.00    0.00  72.80
nvme23n1       386.20 186184.00    78.80  16.95    0.33   482.09  226.60 182749.60     7.20   3.08    0.42   806.49    0.00      0.00     0.00   0.00    0.00     0.00    0.00  71.36
nvme24n1       384.40 188927.20    89.60  18.90    0.33   491.49  226.00 182380.80     8.20   3.50    0.44   806.99    0.00      0.00     0.00   0.00    0.00     0.00    0.00  71.60
nvme25n1       383.60 185854.40    77.80  16.86    0.34   484.50  224.40 182523.20     7.60   3.28    0.43   813.38    0.00      0.00     0.00   0.00    0.00     0.00    0.00  72.08
nvme26n1       382.20 185400.00    88.00  18.72    0.33   485.09  223.00 183520.00     7.00   3.04    0.43   822.96    0.00      0.00     0.00   0.00    0.00     0.00    0.00  72.56
nvme27n1       393.80 189816.80    78.80  16.67    0.31   482.01  233.00 186073.60     8.00   3.32    0.37   798.60    0.00      0.00     0.00   0.00    0.00     0.00    0.00  72.24
nvme28n1       389.40 190255.20    92.00  19.11    0.34   488.59  227.20 184016.80     7.60   3.24    0.46   809.93    0.00      0.00     0.00   0.00    0.00     0.00    0.00  72.96
nvme29n1       390.00 189654.40    79.20  16.88    0.35   486.29  224.40 182824.80     7.20   3.11    0.47   814.73    0.00      0.00     0.00   0.00    0.00     0.00    0.00  70.64
nvme2n1        393.40 190926.40    83.80  17.56    0.34   485.32  225.00 185518.40     5.80   2.51    0.51   824.53    0.00      0.00     0.00   0.00    0.00     0.00    0.00  72.16
nvme30n1       389.40 190836.80    90.60  18.88    0.36   490.08  222.60 184012.00     6.20   2.71    0.51   826.65    0.00      0.00     0.00   0.00    0.00     0.00    0.00  71.36
nvme31n1       397.20 192755.20    81.60  17.04    0.37   485.28  226.40 183809.60     6.00   2.58    0.47   811.88    0.00      0.00     0.00   0.00    0.00     0.00    0.00  72.64
nvme3n1        388.00 190026.40    90.60  18.93    0.33   489.76  224.80 185938.40     5.00   2.18    0.43   827.13    0.00      0.00     0.00   0.00    0.00     0.00    0.00  71.92
nvme4n1        388.80 189796.00    84.20  17.80    0.33   488.16  222.40 184588.00     7.80   3.39    0.44   829.98    0.00      0.00     0.00   0.00    0.00     0.00    0.00  72.08
nvme5n1        389.20 188304.80    88.60  18.54    0.34   483.83  228.20 186248.00     6.00   2.56    0.45   816.16    0.00      0.00     0.00   0.00    0.00     0.00    0.00  72.16
nvme6n1        389.20 189467.20    84.40  17.82    0.34   486.81  331.00 186264.80    15.60   4.50    0.32   562.73    0.00      0.00     0.00   0.00    0.00     0.00    0.00  74.00
nvme7n1        392.80 191016.80    87.60  18.23    0.34   486.30  303.80 185403.20    11.40   3.62    0.35   610.28    0.00      0.00     0.00   0.00    0.00     0.00    0.00  72.80
nvme8n1        396.80 193551.20    86.60  17.91    0.37   487.78  266.00 185582.40    17.40   6.14    0.47   697.68    0.00      0.00     0.00   0.00    0.00     0.00    0.00  73.84
nvme9n1        398.60 192697.60    87.00  17.92    0.35   483.44  283.80 185748.80    21.80   7.13    0.39   654.51    0.00      0.00     0.00   0.00    0.00     0.00    0.00  73.44


Device            r/s     rkB/s   rrqm/s  %rrqm r_await rareq-sz     w/s     wkB/s   wrqm/s  %wrqm w_await wareq-sz     d/s     dkB/s   drqm/s  %drqm d_await dareq-sz  aqu-sz  %util
dm-0             0.00      0.00     0.00   0.00    0.00     0.00    1.80      7.20     0.00   0.00    0.00     4.00    0.00      0.00     0.00   0.00    0.00     0.00    0.00   0.08
loop0            0.00      0.00     0.00   0.00    0.00     0.00    0.00      0.00     0.00   0.00    0.00     0.00    0.00      0.00     0.00   0.00    0.00     0.00    0.00   0.00
loop1            0.00      0.00     0.00   0.00    0.00     0.00    0.00      0.00     0.00   0.00    0.00     0.00    0.00      0.00     0.00   0.00    0.00     0.00    0.00   0.00
loop2            0.00      0.00     0.00   0.00    0.00     0.00    0.00      0.00     0.00   0.00    0.00     0.00    0.00      0.00     0.00   0.00    0.00     0.00    0.00   0.00
loop3            0.00      0.00     0.00   0.00    0.00     0.00    0.00      0.00     0.00   0.00    0.00     0.00    0.00      0.00     0.00   0.00    0.00     0.00    0.00   0.00
loop4            0.00      0.00     0.00   0.00    0.00     0.00    0.00      0.00     0.00   0.00    0.00     0.00    0.00      0.00     0.00   0.00    0.00     0.00    0.00   0.00
loop5            0.00      0.00     0.00   0.00    0.00     0.00    0.00      0.00     0.00   0.00    0.00     0.00    0.00      0.00     0.00   0.00    0.00     0.00    0.00   0.00
loop6            0.00      0.00     0.00   0.00    0.00     0.00    0.00      0.00     0.00   0.00    0.00     0.00    0.00      0.00     0.00   0.00    0.00     0.00    0.00   0.00
loop7            0.00      0.00     0.00   0.00    0.00     0.00    0.00      0.00     0.00   0.00    0.00     0.00    0.00      0.00     0.00   0.00    0.00     0.00    0.00   0.00
md0           3326.60 1470247.20     0.00   0.00    0.00   441.97 2372.80 1807022.40     0.00   0.00    0.00   761.56    0.00      0.00     0.00   0.00    0.00     0.00    0.00   0.00
nvme0n1          0.00      0.00     0.00   0.00    0.00     0.00    0.40      7.20     1.40  77.78    0.50    18.00    0.00      0.00     0.00   0.00    0.00     0.00    0.00   0.08
nvme10n1        82.60  41002.40    19.80  19.34    0.28   496.40   84.00  54604.00     1.00   1.18    0.30   650.05    0.00      0.00     0.00   0.00    0.00     0.00    0.00  41.68
nvme11n1        89.60  42192.00    16.40  15.47    0.27   470.89   71.40  54464.00     1.00   1.38    0.35   762.80    0.00      0.00     0.00   0.00    0.00     0.00    0.00  38.56
nvme12n1        85.60  42609.60    20.20  19.09    0.27   497.78   68.40  53478.40     1.00   1.44    0.34   781.85    0.00      0.00     0.00   0.00    0.00     0.00    0.00  38.56
nvme13n1        90.40  43480.00    18.40  16.91    0.27   480.97   67.60  53002.40     1.00   1.46    0.41   784.06    0.00      0.00     0.00   0.00    0.00     0.00    0.00  39.28
nvme14n1        89.40  43699.20    18.60  17.22    0.28   488.81   67.20  52904.80     1.00   1.47    0.38   787.27    0.00      0.00     0.00   0.00    0.00     0.00    0.00  39.28
nvme15n1        88.20  43972.80    19.20  17.88    0.27   498.56   68.00  53204.80     1.00   1.45    0.33   782.42    0.00      0.00     0.00   0.00    0.00     0.00    0.00  40.24
nvme16n1        94.60  45344.80    19.40  17.02    0.27   479.33   68.40  54210.40     0.80   1.16    0.37   792.55    0.00      0.00     0.00   0.00    0.00     0.00    0.00  40.56
nvme17n1        92.20  44699.20    19.80  17.68    0.26   484.81   71.60  53626.40     0.80   1.10    0.32   748.97    0.00      0.00     0.00   0.00    0.00     0.00    0.00  40.00
nvme18n1        91.00  43937.60    21.00  18.75    0.25   482.83   67.40  53015.20     0.80   1.17    0.39   786.58    0.00      0.00     0.00   0.00    0.00     0.00    0.00  40.48
nvme19n1        90.00  44512.80    19.80  18.03    0.28   494.59   68.40  53937.60     0.80   1.16    0.36   788.56    0.00      0.00     0.00   0.00    0.00     0.00    0.00  39.36
nvme1n1         87.40  42348.00    18.40  17.39    0.26   484.53   70.80  55016.00     1.00   1.39    0.36   777.06    0.00      0.00     0.00   0.00    0.00     0.00    0.00  39.60
nvme20n1        93.20  44324.00    20.80  18.25    0.26   475.58   70.00  54724.80     0.80   1.13    0.38   781.78    0.00      0.00     0.00   0.00    0.00     0.00    0.00  41.28
nvme21n1        90.80  45266.40    21.60  19.22    0.27   498.53   71.20  55794.40     1.00   1.39    0.35   783.63    0.00      0.00     0.00   0.00    0.00     0.00    0.00  39.36
nvme22n1        92.20  44612.80    22.00  19.26    0.26   483.87   72.40  55824.00     1.00   1.36    0.34   771.05    0.00      0.00     0.00   0.00    0.00     0.00    0.00  40.88
nvme23n1        87.20  42352.80    19.40  18.20    0.27   485.70   71.40  55081.60     1.00   1.38    0.34   771.45    0.00      0.00     0.00   0.00    0.00     0.00    0.00  40.16
nvme24n1        91.00  42518.40    20.40  18.31    0.26   467.24   70.80  54716.80     1.00   1.39    0.36   772.84    0.00      0.00     0.00   0.00    0.00     0.00    0.00  40.56
nvme25n1        88.80  43466.40    20.00  18.38    0.27   489.49   72.20  54826.40     1.00   1.37    0.33   759.37    0.00      0.00     0.00   0.00    0.00     0.00    0.00  39.68
nvme26n1        87.60  42981.60    19.20  17.98    0.27   490.66   67.60  53596.80     1.00   1.46    0.35   792.85    0.00      0.00     0.00   0.00    0.00     0.00    0.00  39.44
nvme27n1        86.20  43263.20    20.80  19.44    0.27   501.89   67.80  53877.60     1.00   1.45    0.32   794.65    0.00      0.00     0.00   0.00    0.00     0.00    0.00  39.76
nvme28n1        91.80  43518.40    21.00  18.62    0.26   474.06   69.60  54084.80     1.20   1.69    0.37   777.08    0.00      0.00     0.00   0.00    0.00     0.00    0.00  40.64
nvme29n1        83.00  42084.00    20.40  19.73    0.26   507.04   70.00  54528.00     1.20   1.69    0.37   778.97    0.00      0.00     0.00   0.00    0.00     0.00    0.00  39.68
nvme2n1         83.00  41818.40    19.80  19.26    0.27   503.84   70.00  54522.40     1.00   1.41    0.40   778.89    0.00      0.00     0.00   0.00    0.00     0.00    0.00  39.20
nvme30n1        84.80  40688.00    17.20  16.86    0.27   479.81   67.40  53800.00     1.00   1.46    0.37   798.22    0.00      0.00     0.00   0.00    0.00     0.00    0.00  41.36
nvme31n1        82.00  42140.80    19.60  19.29    0.26   513.91   68.60  54446.40     1.00   1.44    0.39   793.68    0.00      0.00     0.00   0.00    0.00     0.00    0.00  40.24
nvme3n1         88.60  41115.20    17.80  16.73    0.26   464.05   71.40  53987.20     1.00   1.38    0.32   756.12    0.00      0.00     0.00   0.00    0.00     0.00    0.00  38.80
nvme4n1         82.00  41485.60    20.40  19.92    0.26   505.92   70.20  54924.00     1.00   1.40    0.34   782.39    0.00      0.00     0.00   0.00    0.00     0.00    0.00  39.04
nvme5n1         87.80  41484.80    18.00  17.01    0.27   472.49   70.60  54425.60     0.80   1.12    0.34   770.90    0.00      0.00     0.00   0.00    0.00     0.00    0.00  39.60
nvme6n1         85.60  42215.20    20.20  19.09    0.26   493.17  114.00  55064.00     3.20   2.73    0.23   483.02    0.00      0.00     0.00   0.00    0.00     0.00    0.00  47.68
nvme7n1         86.80  41528.80    17.80  17.02    0.27   478.44   98.40  55204.80     1.60   1.60    0.25   561.02    0.00      0.00     0.00   0.00    0.00     0.00    0.00  42.24
nvme8n1         82.60  40874.40    20.40  19.81    0.27   494.85   89.40  54934.40     0.80   0.89    0.33   614.48    0.00      0.00     0.00   0.00    0.00     0.00    0.00  44.96
nvme9n1         85.00  40745.60    17.60  17.15    0.27   479.36   83.00  53684.00     1.00   1.19    0.30   646.80    0.00      0.00     0.00   0.00    0.00     0.00    0.00  42.16


Device            r/s     rkB/s   rrqm/s  %rrqm r_await rareq-sz     w/s     wkB/s   wrqm/s  %wrqm w_await wareq-sz     d/s     dkB/s   drqm/s  %drqm d_await dareq-sz  aqu-sz  %util
dm-0             0.00      0.00     0.00   0.00    0.00     0.00    2.20      8.80     0.00   0.00    0.00     4.00    0.00      0.00     0.00   0.00    0.00     0.00    0.00   0.16
loop0            0.00      0.00     0.00   0.00    0.00     0.00    0.00      0.00     0.00   0.00    0.00     0.00    0.00      0.00     0.00   0.00    0.00     0.00    0.00   0.00
loop1            0.00      0.00     0.00   0.00    0.00     0.00    0.00      0.00     0.00   0.00    0.00     0.00    0.00      0.00     0.00   0.00    0.00     0.00    0.00   0.00
loop2            0.00      0.00     0.00   0.00    0.00     0.00    0.00      0.00     0.00   0.00    0.00     0.00    0.00      0.00     0.00   0.00    0.00     0.00    0.00   0.00
loop3            0.00      0.00     0.00   0.00    0.00     0.00    0.00      0.00     0.00   0.00    0.00     0.00    0.00      0.00     0.00   0.00    0.00     0.00    0.00   0.00
loop4            0.00      0.00     0.00   0.00    0.00     0.00    0.00      0.00     0.00   0.00    0.00     0.00    0.00      0.00     0.00   0.00    0.00     0.00    0.00   0.00
loop5            0.00      0.00     0.00   0.00    0.00     0.00    0.00      0.00     0.00   0.00    0.00     0.00    0.00      0.00     0.00   0.00    0.00     0.00    0.00   0.00
loop6            0.00      0.00     0.00   0.00    0.00     0.00    0.00      0.00     0.00   0.00    0.00     0.00    0.00      0.00     0.00   0.00    0.00     0.00    0.00   0.00
loop7            0.00      0.00     0.00   0.00    0.00     0.00    0.00      0.00     0.00   0.00    0.00     0.00    0.00      0.00     0.00   0.00    0.00     0.00    0.00   0.00
md0           9347.80 4088069.60     0.00   0.00    0.00   437.33 5058.00 3412124.80     0.00   0.00    0.00   674.60    0.00      0.00     0.00   0.00    0.00     0.00    0.00   0.00
nvme0n1          0.00      0.00     0.00   0.00    0.00     0.00    1.20      8.80     1.00  45.45    0.00     7.33    0.00      0.00     0.00   0.00    0.00     0.00    0.00   0.16
nvme10n1       240.80 115498.40    64.80  21.20    0.33   479.64  193.00 110972.80    24.40  11.22    0.38   574.99    0.00      0.00     0.00   0.00    0.00     0.00    0.00  47.12
nvme11n1       241.60 114141.60    57.40  19.20    0.34   472.44  156.60 108075.20     3.20   2.00    0.45   690.14    0.00      0.00     0.00   0.00    0.00     0.00    0.00  45.68
nvme12n1       237.20 113223.20    62.60  20.88    0.32   477.33  149.40 107652.00     5.20   3.36    0.42   720.56    0.00      0.00     0.00   0.00    0.00     0.00    0.00  45.28
nvme13n1       239.40 113726.40    57.40  19.34    0.36   475.05  148.40 107851.20     3.00   1.98    0.53   726.76    0.00      0.00     0.00   0.00    0.00     0.00    0.00  44.72
nvme14n1       235.20 113176.80    63.20  21.18    0.32   481.19  148.60 108900.80     5.20   3.38    0.43   732.85    0.00      0.00     0.00   0.00    0.00     0.00    0.00  44.40
nvme15n1       242.60 112818.40    58.00  19.29    0.31   465.04  147.20 107644.80     3.40   2.26    0.42   731.28    0.00      0.00     0.00   0.00    0.00     0.00    0.00  45.84
nvme16n1       239.80 115598.40    63.80  21.01    0.32   482.06  147.40 106810.40     5.20   3.41    0.46   724.63    0.00      0.00     0.00   0.00    0.00     0.00    0.00  45.60
nvme17n1       240.20 113733.60    60.40  20.09    0.31   473.50  145.20 105042.40     3.20   2.16    0.39   723.43    0.00      0.00     0.00   0.00    0.00     0.00    0.00  45.92
nvme18n1       240.40 113209.60    61.40  20.34    0.34   470.92  150.00 105820.80     4.80   3.10    0.46   705.47    0.00      0.00     0.00   0.00    0.00     0.00    0.00  44.56
nvme19n1       240.40 113724.00    60.20  20.03    0.32   473.06  155.00 106437.60     1.80   1.15    0.41   686.69    0.00      0.00     0.00   0.00    0.00     0.00    0.00  45.36
nvme1n1        239.20 112868.00    55.80  18.92    0.34   471.86  150.60 111210.40     0.40   0.26    0.48   738.45    0.00      0.00     0.00   0.00    0.00     0.00    0.00  43.84
nvme20n1       243.20 115403.20    59.80  19.74    0.32   474.52  147.80 106203.20     4.60   3.02    0.48   718.56    0.00      0.00     0.00   0.00    0.00     0.00    0.00  45.28
nvme21n1       242.20 116162.40    62.20  20.43    0.33   479.61  142.80 105506.40     2.00   1.38    0.46   738.84    0.00      0.00     0.00   0.00    0.00     0.00    0.00  44.56
nvme22n1       247.60 117045.60    60.00  19.51    0.33   472.72  143.60 106588.80     4.40   2.97    0.45   742.26    0.00      0.00     0.00   0.00    0.00     0.00    0.00  44.48
nvme23n1       252.80 120270.40    63.80  20.15    0.33   475.75  145.60 108784.80     2.60   1.75    0.43   747.15    0.00      0.00     0.00   0.00    0.00     0.00    0.00  45.20
nvme24n1       249.80 118521.60    60.40  19.47    0.32   474.47  150.80 111266.40     6.20   3.95    0.45   737.84    0.00      0.00     0.00   0.00    0.00     0.00    0.00  44.32
nvme25n1       250.60 117844.80    62.20  19.88    0.32   470.25  152.80 112842.40     3.20   2.05    0.43   738.50    0.00      0.00     0.00   0.00    0.00     0.00    0.00  46.08
nvme26n1       247.00 116378.40    60.20  19.60    0.32   471.17  151.60 110537.60     1.80   1.17    0.43   729.14    0.00      0.00     0.00   0.00    0.00     0.00    0.00  44.40
nvme27n1       242.40 116609.60    62.60  20.52    0.31   481.06  148.20 109052.00     2.40   1.59    0.39   735.84    0.00      0.00     0.00   0.00    0.00     0.00    0.00  44.88
nvme28n1       240.00 116028.00    58.80  19.68    0.33   483.45  149.40 111697.60     3.60   2.35    0.48   747.64    0.00      0.00     0.00   0.00    0.00     0.00    0.00  44.40
nvme29n1       238.40 114308.00    61.00  20.37    0.33   479.48  153.80 112174.40     3.20   2.04    0.45   729.35    0.00      0.00     0.00   0.00    0.00     0.00    0.00  44.88
nvme2n1        234.20 112579.20    59.80  20.34    0.32   480.70  148.40 109736.00     4.40   2.88    0.51   739.46    0.00      0.00     0.00   0.00    0.00     0.00    0.00  45.84
nvme30n1       238.20 112876.00    57.00  19.31    0.38   473.87  151.00 113094.40     2.00   1.31    0.50   748.97    0.00      0.00     0.00   0.00    0.00     0.00    0.00  43.68
nvme31n1       236.20 112961.60    62.60  20.95    0.34   478.25  150.20 111879.20     5.40   3.47    0.48   744.87    0.00      0.00     0.00   0.00    0.00     0.00    0.00  45.44
nvme3n1        238.00 113098.40    54.40  18.60    0.32   475.20  149.20 111465.60     1.80   1.19    0.42   747.09    0.00      0.00     0.00   0.00    0.00     0.00    0.00  45.28
nvme4n1        242.60 114109.60    58.60  19.46    0.31   470.36  155.00 111853.60     4.00   2.52    0.43   721.64    0.00      0.00     0.00   0.00    0.00     0.00    0.00  46.08
nvme5n1        245.20 114588.80    56.00  18.59    0.33   467.33  153.60 111132.00     2.80   1.79    0.42   723.52    0.00      0.00     0.00   0.00    0.00     0.00    0.00  45.20
nvme6n1        237.40 113424.80    59.60  20.07    0.33   477.78  198.20 110456.00     6.20   3.03    0.35   557.30    0.00      0.00     0.00   0.00    0.00     0.00    0.00  47.44
nvme7n1        241.60 115060.00    56.40  18.93    0.34   476.24  184.40 110531.20     2.00   1.07    0.38   599.41    0.00      0.00     0.00   0.00    0.00     0.00    0.00  45.92
nvme8n1        239.80 116104.00    62.40  20.65    0.36   484.17  172.00 111353.60    15.00   8.02    0.50   647.40    0.00      0.00     0.00   0.00    0.00     0.00    0.00  46.16
nvme9n1        242.60 115195.20    58.40  19.40    0.34   474.84  186.80 112208.00    14.00   6.97    0.39   600.69    0.00      0.00     0.00   0.00    0.00     0.00    0.00  46.64


Device            r/s     rkB/s   rrqm/s  %rrqm r_await rareq-sz     w/s     wkB/s   wrqm/s  %wrqm w_await wareq-sz     d/s     dkB/s   drqm/s  %drqm d_await dareq-sz  aqu-sz  %util
dm-0             0.00      0.00     0.00   0.00    0.00     0.00    3.00     12.00     0.00   0.00    0.00     4.00    0.00      0.00     0.00   0.00    0.00     0.00    0.00   0.08
loop0            0.00      0.00     0.00   0.00    0.00     0.00    0.00      0.00     0.00   0.00    0.00     0.00    0.00      0.00     0.00   0.00    0.00     0.00    0.00   0.00
loop1            0.00      0.00     0.00   0.00    0.00     0.00    0.00      0.00     0.00   0.00    0.00     0.00    0.00      0.00     0.00   0.00    0.00     0.00    0.00   0.00
loop2            0.00      0.00     0.00   0.00    0.00     0.00    0.00      0.00     0.00   0.00    0.00     0.00    0.00      0.00     0.00   0.00    0.00     0.00    0.00   0.00
loop3            0.00      0.00     0.00   0.00    0.00     0.00    0.00      0.00     0.00   0.00    0.00     0.00    0.00      0.00     0.00   0.00    0.00     0.00    0.00   0.00
loop4            0.00      0.00     0.00   0.00    0.00     0.00    0.00      0.00     0.00   0.00    0.00     0.00    0.00      0.00     0.00   0.00    0.00     0.00    0.00   0.00
loop5            0.00      0.00     0.00   0.00    0.00     0.00    0.00      0.00     0.00   0.00    0.00     0.00    0.00      0.00     0.00   0.00    0.00     0.00    0.00   0.00
loop6            0.00      0.00     0.00   0.00    0.00     0.00    0.00      0.00     0.00   0.00    0.00     0.00    0.00      0.00     0.00   0.00    0.00     0.00    0.00   0.00
loop7            0.00      0.00     0.00   0.00    0.00     0.00    0.00      0.00     0.00   0.00    0.00     0.00    0.00      0.00     0.00   0.00    0.00     0.00    0.00   0.00
md0           8971.60 3899795.20     0.00   0.00    0.00   434.68 5619.80 3715476.80     0.00   0.00    0.00   661.14    0.00      0.00     0.00   0.00    0.00     0.00    0.00   0.00
nvme0n1          0.00      0.00     0.00   0.00    0.00     0.00    0.40     12.00     2.60  86.67    0.00    30.00    0.00      0.00     0.00   0.00    0.00     0.00    0.00   0.08
nvme10n1       234.40 110852.00    57.00  19.56    0.30   472.92  208.60 117200.00    25.00  10.70    0.32   561.84    0.00      0.00     0.00   0.00    0.00     0.00    0.00  66.56
nvme11n1       238.80 109966.40    54.40  18.55    0.29   460.50  169.80 116664.00     8.20   4.61    0.39   687.07    0.00      0.00     0.00   0.00    0.00     0.00    0.00  65.52
nvme12n1       229.40 109132.80    55.40  19.45    0.31   475.73  162.00 116320.80     4.00   2.41    0.39   718.03    0.00      0.00     0.00   0.00    0.00     0.00    0.00  65.04
nvme13n1       231.60 108588.80    54.80  19.13    0.31   468.86  163.00 116674.40     7.80   4.57    0.43   715.79    0.00      0.00     0.00   0.00    0.00     0.00    0.00  64.80
nvme14n1       230.00 107755.20    55.00  19.30    0.31   468.50  163.00 117735.20     2.20   1.33    0.38   722.30    0.00      0.00     0.00   0.00    0.00     0.00    0.00  62.96
nvme15n1       236.00 109718.40    52.60  18.23    0.30   464.91  169.80 117669.60     7.40   4.18    0.36   692.99    0.00      0.00     0.00   0.00    0.00     0.00    0.00  65.76
nvme16n1       228.20 107732.80    55.40  19.53    0.29   472.10  166.40 114787.20     4.00   2.35    0.39   689.83    0.00      0.00     0.00   0.00    0.00     0.00    0.00  63.20
nvme17n1       222.20 104522.40    50.00  18.37    0.29   470.40  163.40 113329.60     7.60   4.44    0.34   693.57    0.00      0.00     0.00   0.00    0.00     0.00    0.00  63.52
nvme18n1       220.40 106215.20    52.60  19.27    0.31   481.92  157.00 113630.40     3.40   2.12    0.40   723.76    0.00      0.00     0.00   0.00    0.00     0.00    0.00  61.84
nvme19n1       221.60 105202.40    52.00  19.01    0.31   474.74  160.20 114985.60     5.80   3.49    0.40   717.76    0.00      0.00     0.00   0.00    0.00     0.00    0.00  61.60
nvme1n1        249.60 117843.20    57.80  18.80    0.30   472.13  162.80 117432.00     7.60   4.46    0.41   721.33    0.00      0.00     0.00   0.00    0.00     0.00    0.00  65.04
nvme20n1       225.40 105693.60    50.80  18.39    0.30   468.92  161.40 113286.40     6.00   3.58    0.40   701.90    0.00      0.00     0.00   0.00    0.00     0.00    0.00  60.96
nvme21n1       221.80 105496.80    52.40  19.11    0.31   475.64  156.60 112356.00     4.60   2.85    0.38   717.47    0.00      0.00     0.00   0.00    0.00     0.00    0.00  60.48
nvme22n1       220.60 103967.20    52.40  19.19    0.30   471.29  155.40 110893.60     6.60   4.07    0.39   713.60    0.00      0.00     0.00   0.00    0.00     0.00    0.00  60.40
nvme23n1       223.00 105826.40    50.20  18.37    0.29   474.56  160.00 113083.20     5.20   3.15    0.37   706.77    0.00      0.00     0.00   0.00    0.00     0.00    0.00  61.44
nvme24n1       232.00 107920.00    51.80  18.25    0.30   465.17  159.20 112419.20     8.20   4.90    0.38   706.15    0.00      0.00     0.00   0.00    0.00     0.00    0.00  63.76
nvme25n1       231.00 109340.00    51.60  18.26    0.29   473.33  157.40 111809.60     5.20   3.20    0.38   710.35    0.00      0.00     0.00   0.00    0.00     0.00    0.00  60.48
nvme26n1       231.40 109086.40    53.00  18.64    0.30   471.42  157.40 112876.80     8.40   5.07    0.38   717.13    0.00      0.00     0.00   0.00    0.00     0.00    0.00  61.60
nvme27n1       230.60 108704.00    52.60  18.57    0.29   471.40  157.20 112923.20     5.60   3.44    0.34   718.34    0.00      0.00     0.00   0.00    0.00     0.00    0.00  62.24
nvme28n1       230.40 108878.40    52.00  18.41    0.31   472.56  154.80 114698.40     8.40   5.15    0.39   740.95    0.00      0.00     0.00   0.00    0.00     0.00    0.00  62.40
nvme29n1       234.80 111475.20    55.80  19.20    0.31   474.77  158.60 116414.40     5.00   3.06    0.40   734.01    0.00      0.00     0.00   0.00    0.00     0.00    0.00  63.04
nvme2n1        247.40 116515.20    58.40  19.10    0.32   470.96  162.80 117943.20     6.60   3.90    0.45   724.47    0.00      0.00     0.00   0.00    0.00     0.00    0.00  64.00
nvme30n1       238.60 112876.00    55.60  18.90    0.32   473.08  162.40 118360.00     7.80   4.58    0.42   728.82    0.00      0.00     0.00   0.00    0.00     0.00    0.00  62.96
nvme31n1       243.00 115487.20    56.40  18.84    0.31   475.26  162.20 118001.60     6.00   3.57    0.41   727.51    0.00      0.00     0.00   0.00    0.00     0.00    0.00  63.28
nvme3n1        252.20 117017.60    58.60  18.85    0.30   463.99  162.60 117294.40     8.00   4.69    0.38   721.37    0.00      0.00     0.00   0.00    0.00     0.00    0.00  64.64
nvme4n1        248.00 117405.60    59.40  19.32    0.30   473.41  162.40 116868.80     5.00   2.99    0.39   719.64    0.00      0.00     0.00   0.00    0.00     0.00    0.00  64.24
nvme5n1        251.40 118620.00    57.20  18.54    0.30   471.84  161.60 116715.20     8.40   4.94    0.38   722.25    0.00      0.00     0.00   0.00    0.00     0.00    0.00  64.80
nvme6n1        247.00 116645.60    59.40  19.39    0.30   472.25  239.60 116966.40    13.40   5.30    0.28   488.17    0.00      0.00     0.00   0.00    0.00     0.00    0.00  70.00
nvme7n1        248.40 115358.40    56.60  18.56    0.31   464.41  224.00 116849.60    13.40   5.64    0.30   521.65    0.00      0.00     0.00   0.00    0.00     0.00    0.00  66.80
nvme8n1        239.60 113189.60    58.20  19.54    0.32   472.41  200.20 117104.80    19.80   9.00    0.38   584.94    0.00      0.00     0.00   0.00    0.00     0.00    0.00  67.84
nvme9n1        240.00 111047.20    53.40  18.20    0.30   462.70  194.80 117171.20    19.80   9.23    0.33   601.49    0.00      0.00     0.00   0.00    0.00     0.00    0.00  68.16


Device            r/s     rkB/s   rrqm/s  %rrqm r_await rareq-sz     w/s     wkB/s   wrqm/s  %wrqm w_await wareq-sz     d/s     dkB/s   drqm/s  %drqm d_await dareq-sz  aqu-sz  %util
dm-0             0.00      0.00     0.00   0.00    0.00     0.00    3.40     13.60     0.00   0.00    0.00     4.00    0.00      0.00     0.00   0.00    0.00     0.00    0.00   0.16
loop0            0.00      0.00     0.00   0.00    0.00     0.00    0.00      0.00     0.00   0.00    0.00     0.00    0.00      0.00     0.00   0.00    0.00     0.00    0.00   0.00
loop1            0.00      0.00     0.00   0.00    0.00     0.00    0.00      0.00     0.00   0.00    0.00     0.00    0.00      0.00     0.00   0.00    0.00     0.00    0.00   0.00
loop2            0.00      0.00     0.00   0.00    0.00     0.00    0.00      0.00     0.00   0.00    0.00     0.00    0.00      0.00     0.00   0.00    0.00     0.00    0.00   0.00
loop3            0.00      0.00     0.00   0.00    0.00     0.00    0.00      0.00     0.00   0.00    0.00     0.00    0.00      0.00     0.00   0.00    0.00     0.00    0.00   0.00
loop4            0.00      0.00     0.00   0.00    0.00     0.00    0.00      0.00     0.00   0.00    0.00     0.00    0.00      0.00     0.00   0.00    0.00     0.00    0.00   0.00
loop5            0.00      0.00     0.00   0.00    0.00     0.00    0.00      0.00     0.00   0.00    0.00     0.00    0.00      0.00     0.00   0.00    0.00     0.00    0.00   0.00
loop6            0.00      0.00     0.00   0.00    0.00     0.00    0.00      0.00     0.00   0.00    0.00     0.00    0.00      0.00     0.00   0.00    0.00     0.00    0.00   0.00
loop7            0.00      0.00     0.00   0.00    0.00     0.00    0.00      0.00     0.00   0.00    0.00     0.00    0.00      0.00     0.00   0.00    0.00     0.00    0.00   0.00
md0           2236.20 1036812.00     0.00   0.00    0.00   463.65 2083.80 1142832.80     0.00   0.00    0.00   548.44    0.00      0.00     0.00   0.00    0.00     0.00    0.00   0.00
nvme0n1          0.00      0.00     0.00   0.00    0.00     0.00    0.60     13.60     2.80  82.35    0.00    22.67    0.00      0.00     0.00   0.00    0.00     0.00    0.00   0.16
nvme10n1        60.00  28127.20    12.40  17.13    0.25   468.79   63.60  33864.00     1.20   1.85    0.34   532.45    0.00      0.00     0.00   0.00    0.00     0.00    0.00  27.92
nvme11n1        58.80  28851.20    15.60  20.97    0.25   490.67   63.80  34591.20     1.20   1.85    0.36   542.18    0.00      0.00     0.00   0.00    0.00     0.00    0.00  28.96
nvme12n1        62.00  29781.60    13.20  17.55    0.25   480.35   64.80  34756.80     1.20   1.82    0.33   536.37    0.00      0.00     0.00   0.00    0.00     0.00    0.00  28.80
nvme13n1        61.40  29597.60    13.80  18.35    0.26   482.05   64.80  34984.80     1.20   1.82    0.36   539.89    0.00      0.00     0.00   0.00    0.00     0.00    0.00  28.72
nvme14n1        62.80  29328.80    14.00  18.23    0.25   467.02   65.80  34725.60     1.20   1.79    0.34   527.74    0.00      0.00     0.00   0.00    0.00     0.00    0.00  28.96
nvme15n1        59.00  28328.80    14.40  19.62    0.25   480.15   64.60  34198.40     1.20   1.82    0.34   529.39    0.00      0.00     0.00   0.00    0.00     0.00    0.00  27.60
nvme16n1        59.40  27439.20    13.20  18.18    0.26   461.94   64.40  33787.20     1.20   1.83    0.34   524.65    0.00      0.00     0.00   0.00    0.00     0.00    0.00  27.04
nvme17n1        55.40  27025.60    13.60  19.71    0.26   487.83   63.80  33922.40     1.20   1.85    0.32   531.70    0.00      0.00     0.00   0.00    0.00     0.00    0.00  26.32
nvme18n1        58.40  27879.20    13.00  18.21    0.25   477.38   65.00  34170.40     1.60   2.40    0.34   525.70    0.00      0.00     0.00   0.00    0.00     0.00    0.00  27.76
nvme19n1        56.00  26511.20    13.40  19.31    0.25   473.41   63.00  33201.60     1.40   2.17    0.34   527.01    0.00      0.00     0.00   0.00    0.00     0.00    0.00  27.04
nvme1n1         56.60  27207.20    14.60  20.51    0.25   480.69   60.40  32539.20     1.40   2.27    0.38   538.73    0.00      0.00     0.00   0.00    0.00     0.00    0.00  27.04
nvme20n1        58.20  27583.20    12.20  17.33    0.26   473.94   65.00  34626.40     1.40   2.11    0.33   532.71    0.00      0.00     0.00   0.00    0.00     0.00    0.00  27.84
nvme21n1        59.40  27851.20    13.20  18.18    0.25   468.88   64.80  34341.60     1.40   2.11    0.34   529.96    0.00      0.00     0.00   0.00    0.00     0.00    0.00  26.64
nvme22n1        58.80  27771.20    13.40  18.56    0.25   472.30   65.40  34498.40     1.60   2.39    0.31   527.50    0.00      0.00     0.00   0.00    0.00     0.00    0.00  28.16
nvme23n1        62.00  27696.80    13.00  17.33    0.25   446.72   64.00  33723.20     1.80   2.74    0.33   526.92    0.00      0.00     0.00   0.00    0.00     0.00    0.00  27.92
nvme24n1        59.60  28127.20    12.60  17.45    0.26   471.93   62.20  33516.00     1.80   2.81    0.35   538.84    0.00      0.00     0.00   0.00    0.00     0.00    0.00  27.92
nvme25n1        60.40  27356.80    13.60  18.38    0.25   452.93   61.00  33022.40     1.60   2.56    0.33   541.35    0.00      0.00     0.00   0.00    0.00     0.00    0.00  26.96
nvme26n1        59.40  28263.20    12.00  16.81    0.27   475.81   61.00  33133.60     1.80   2.87    0.33   543.17    0.00      0.00     0.00   0.00    0.00     0.00    0.00  27.60
nvme27n1        64.20  28344.80    12.80  16.62    0.25   441.51   61.00  32376.80     1.80   2.87    0.30   530.77    0.00      0.00     0.00   0.00    0.00     0.00    0.00  28.16
nvme28n1        60.40  28446.40    12.80  17.49    0.25   470.97   60.80  32975.20     1.80   2.88    0.34   542.36    0.00      0.00     0.00   0.00    0.00     0.00    0.00  28.56
nvme29n1        63.80  28980.00    11.60  15.38    0.25   454.23   63.00  33500.80     1.80   2.78    0.35   531.76    0.00      0.00     0.00   0.00    0.00     0.00    0.00  29.28
nvme2n1         61.40  27967.20    11.60  15.89    0.25   455.49   63.00  33472.00     1.60   2.48    0.39   531.30    0.00      0.00     0.00   0.00    0.00     0.00    0.00  27.20
nvme30n1        61.20  28760.00    13.60  18.18    0.25   469.93   61.40  32844.00     1.40   2.23    0.37   534.92    0.00      0.00     0.00   0.00    0.00     0.00    0.00  28.00
nvme31n1        61.40  27502.40    11.60  15.89    0.25   447.92   59.80  32487.20     1.40   2.29    0.35   543.26    0.00      0.00     0.00   0.00    0.00     0.00    0.00  27.28
nvme3n1         57.80  28004.80    14.00  19.50    0.24   484.51   61.00  33216.00     1.40   2.24    0.35   544.52    0.00      0.00     0.00   0.00    0.00     0.00    0.00  26.80
nvme4n1         56.00  27175.20    13.20  19.08    0.25   485.27   61.60  33253.60     1.40   2.22    0.33   539.83    0.00      0.00     0.00   0.00    0.00     0.00    0.00  26.24
nvme5n1         53.00  25356.80    12.40  18.96    0.25   478.43   59.80  32174.40     1.40   2.29    0.32   538.03    0.00      0.00     0.00   0.00    0.00     0.00    0.00  26.16
nvme6n1         53.00  26154.40    11.80  18.21    0.26   493.48   80.00  32550.40     2.40   2.91    0.25   406.88    0.00      0.00     0.00   0.00    0.00     0.00    0.00  30.00
nvme7n1         55.00  26696.00    14.00  20.29    0.25   485.38   74.60  32428.80     1.40   1.84    0.27   434.70    0.00      0.00     0.00   0.00    0.00     0.00    0.00  29.28
nvme8n1         57.00  27901.60    11.40  16.67    0.26   489.50   72.20  33630.40     1.40   1.90    0.34   465.80    0.00      0.00     0.00   0.00    0.00     0.00    0.00  30.80
nvme9n1         58.00  28304.00    14.40  19.89    0.26   488.00   77.40  34009.60     1.40   1.78    0.27   439.40    0.00      0.00     0.00   0.00    0.00     0.00    0.00  32.16


Device            r/s     rkB/s   rrqm/s  %rrqm r_await rareq-sz     w/s     wkB/s   wrqm/s  %wrqm w_await wareq-sz     d/s     dkB/s   drqm/s  %drqm d_await dareq-sz  aqu-sz  %util
dm-0             2.20      8.80     0.00   0.00    0.00     4.00   13.60     56.80     0.00   0.00    0.00     4.18    0.00      0.00     0.00   0.00    0.00     0.00    0.00   0.24
loop0            0.00      0.00     0.00   0.00    0.00     0.00    0.00      0.00     0.00   0.00    0.00     0.00    0.00      0.00     0.00   0.00    0.00     0.00    0.00   0.00
loop1            0.00      0.00     0.00   0.00    0.00     0.00    0.00      0.00     0.00   0.00    0.00     0.00    0.00      0.00     0.00   0.00    0.00     0.00    0.00   0.00
loop2            0.00      0.00     0.00   0.00    0.00     0.00    0.00      0.00     0.00   0.00    0.00     0.00    0.00      0.00     0.00   0.00    0.00     0.00    0.00   0.00
loop3            0.00      0.00     0.00   0.00    0.00     0.00    0.00      0.00     0.00   0.00    0.00     0.00    0.00      0.00     0.00   0.00    0.00     0.00    0.00   0.00
loop4            0.00      0.00     0.00   0.00    0.00     0.00    0.00      0.00     0.00   0.00    0.00     0.00    0.00      0.00     0.00   0.00    0.00     0.00    0.00   0.00
loop5            0.00      0.00     0.00   0.00    0.00     0.00    0.00      0.00     0.00   0.00    0.00     0.00    0.00      0.00     0.00   0.00    0.00     0.00    0.00   0.00
loop6            0.00      0.00     0.00   0.00    0.00     0.00    0.00      0.00     0.00   0.00    0.00     0.00    0.00      0.00     0.00   0.00    0.00     0.00    0.00   0.00
loop7            0.00      0.00     0.00   0.00    0.00     0.00    0.00      0.00     0.00   0.00    0.00     0.00    0.00      0.00     0.00   0.00    0.00     0.00    0.00   0.00
md0           15272.60 6764304.80     0.00   0.00    0.00   442.90 8054.20 5870449.60     0.00   0.00    0.00   728.87    0.00      0.00     0.00   0.00    0.00     0.00    0.00   0.00
nvme0n1          2.20      8.80     0.00   0.00    0.09     4.00   10.60     56.80     3.00  22.06    0.04     5.36    0.00      0.00     0.00   0.00    0.00     0.00    0.00   0.24
nvme10n1       401.80 193061.60    91.60  18.57    0.35   480.49  296.60 187831.20    33.20  10.07    0.38   633.28    0.00      0.00     0.00   0.00    0.00     0.00    0.00  66.24
nvme11n1       406.00 193764.80    87.20  17.68    0.37   477.25  235.40 187702.40     4.40   1.83    0.47   797.38    0.00      0.00     0.00   0.00    0.00     0.00    0.00  65.84
nvme12n1       403.80 195521.60    95.40  19.11    0.34   484.20  236.00 188113.60     7.60   3.12    0.44   797.09    0.00      0.00     0.00   0.00    0.00     0.00    0.00  65.60
nvme13n1       406.60 195648.00    89.60  18.06    0.39   481.18  234.00 187536.80     5.20   2.17    0.53   801.44    0.00      0.00     0.00   0.00    0.00     0.00    0.00  66.56
nvme14n1       408.20 197266.40    93.20  18.59    0.33   483.26  233.80 186388.00     6.80   2.83    0.44   797.21    0.00      0.00     0.00   0.00    0.00     0.00    0.00  66.00
nvme15n1       411.40 196596.80    90.40  18.02    0.34   477.87  238.20 187876.80     5.00   2.06    0.42   788.74    0.00      0.00     0.00   0.00    0.00     0.00    0.00  67.36
nvme16n1       404.00 195484.80    93.40  18.78    0.34   483.87  237.60 186974.40     6.00   2.46    0.48   786.93    0.00      0.00     0.00   0.00    0.00     0.00    0.00  66.48
nvme17n1       403.60 193602.40    89.00  18.07    0.33   479.69  240.40 188857.60     5.20   2.12    0.39   785.60    0.00      0.00     0.00   0.00    0.00     0.00    0.00  66.80
nvme18n1       405.60 194682.40    91.00  18.32    0.37   479.99  246.00 189826.40     7.40   2.92    0.48   771.65    0.00      0.00     0.00   0.00    0.00     0.00    0.00  67.44
nvme19n1       405.60 194696.00    91.60  18.42    0.35   480.02  244.60 191812.80     6.00   2.39    0.46   784.19    0.00      0.00     0.00   0.00    0.00     0.00    0.00  66.32
nvme1n1        397.80 192574.40    88.20  18.15    0.37   484.10  234.80 184104.00     5.60   2.33    0.49   784.09    0.00      0.00     0.00   0.00    0.00     0.00    0.00  65.92
nvme20n1       399.40 194307.20    92.00  18.72    0.35   486.50  241.20 190055.20     6.80   2.74    0.47   787.96    0.00      0.00     0.00   0.00    0.00     0.00    0.00  66.40
nvme21n1       401.20 194074.40    93.00  18.82    0.34   483.73  240.40 189343.20     5.80   2.36    0.44   787.62    0.00      0.00     0.00   0.00    0.00     0.00    0.00  65.52
nvme22n1       402.60 193647.20    86.40  17.67    0.36   480.99  241.60 189723.20     7.00   2.82    0.45   785.28    0.00      0.00     0.00   0.00    0.00     0.00    0.00  65.92
nvme23n1       398.60 192070.40    94.20  19.12    0.34   481.86  234.80 186712.80     6.80   2.81    0.42   795.20    0.00      0.00     0.00   0.00    0.00     0.00    0.00  65.92
nvme24n1       400.00 193099.20    88.20  18.07    0.35   482.75  237.40 185651.20     7.40   3.02    0.43   782.02    0.00      0.00     0.00   0.00    0.00     0.00    0.00  66.32
nvme25n1       398.60 192736.80    92.80  18.88    0.35   483.53  230.20 183620.80     5.40   2.29    0.43   797.66    0.00      0.00     0.00   0.00    0.00     0.00    0.00  65.52
nvme26n1       397.20 191798.40    88.20  18.17    0.35   482.88  230.60 182151.20     6.20   2.62    0.43   789.90    0.00      0.00     0.00   0.00    0.00     0.00    0.00  65.60
nvme27n1       398.20 190597.60    92.60  18.87    0.32   478.65  233.60 181720.00     7.20   2.99    0.38   777.91    0.00      0.00     0.00   0.00    0.00     0.00    0.00  65.12
nvme28n1       396.00 190982.40    85.40  17.74    0.35   482.28  228.80 181511.20     6.40   2.72    0.46   793.32    0.00      0.00     0.00   0.00    0.00     0.00    0.00  65.04
nvme29n1       398.20 191784.00    94.20  19.13    0.34   481.63  228.20 180872.80     5.00   2.14    0.44   792.61    0.00      0.00     0.00   0.00    0.00     0.00    0.00  65.76
nvme2n1        404.00 194776.00    91.20  18.42    0.37   482.12  237.80 185981.60     7.60   3.10    0.52   782.09    0.00      0.00     0.00   0.00    0.00     0.00    0.00  66.48
nvme30n1       400.60 191317.60    86.60  17.78    0.39   477.58  236.00 183427.20     6.20   2.56    0.50   777.23    0.00      0.00     0.00   0.00    0.00     0.00    0.00  65.60
nvme31n1       402.60 192624.80    94.40  18.99    0.34   478.45  240.20 184352.00     6.20   2.52    0.43   767.49    0.00      0.00     0.00   0.00    0.00     0.00    0.00  65.44
nvme3n1        406.00 197347.20    89.00  17.98    0.35   486.08  242.00 186746.40     4.00   1.63    0.42   771.68    0.00      0.00     0.00   0.00    0.00     0.00    0.00  66.72
nvme4n1        400.40 193485.60    90.20  18.39    0.34   483.23  236.20 186528.00     7.80   3.20    0.46   789.70    0.00      0.00     0.00   0.00    0.00     0.00    0.00  67.12
nvme5n1        396.00 192296.00    90.80  18.65    0.35   485.60  235.40 186344.00     6.40   2.65    0.46   791.61    0.00      0.00     0.00   0.00    0.00     0.00    0.00  67.20
nvme6n1        399.40 191788.80    85.80  17.68    0.36   480.19  324.00 188104.80    14.60   4.31    0.35   580.57    0.00      0.00     0.00   0.00    0.00     0.00    0.00  69.20
nvme7n1        403.20 192847.20    90.00  18.25    0.35   478.29  310.60 187873.60     8.60   2.69    0.35   604.87    0.00      0.00     0.00   0.00    0.00     0.00    0.00  68.24
nvme8n1        399.00 193752.80    91.20  18.60    0.40   485.60  277.40 188523.20    21.40   7.16    0.48   679.61    0.00      0.00     0.00   0.00    0.00     0.00    0.00  68.16
nvme9n1        409.40 195862.40    90.80  18.15    0.37   478.41  283.60 187376.00    19.20   6.34    0.40   660.71    0.00      0.00     0.00   0.00    0.00     0.00    0.00  68.80


Device            r/s     rkB/s   rrqm/s  %rrqm r_await rareq-sz     w/s     wkB/s   wrqm/s  %wrqm w_await wareq-sz     d/s     dkB/s   drqm/s  %drqm d_await dareq-sz  aqu-sz  %util
dm-0             0.00      0.00     0.00   0.00    0.00     0.00    7.80     31.20     0.00   0.00    0.00     4.00    0.00      0.00     0.00   0.00    0.00     0.00    0.00   0.16
loop0            0.00      0.00     0.00   0.00    0.00     0.00    0.00      0.00     0.00   0.00    0.00     0.00    0.00      0.00     0.00   0.00    0.00     0.00    0.00   0.00
loop1            0.00      0.00     0.00   0.00    0.00     0.00    0.00      0.00     0.00   0.00    0.00     0.00    0.00      0.00     0.00   0.00    0.00     0.00    0.00   0.00
loop2            0.00      0.00     0.00   0.00    0.00     0.00    0.00      0.00     0.00   0.00    0.00     0.00    0.00      0.00     0.00   0.00    0.00     0.00    0.00   0.00
loop3            0.00      0.00     0.00   0.00    0.00     0.00    0.00      0.00     0.00   0.00    0.00     0.00    0.00      0.00     0.00   0.00    0.00     0.00    0.00   0.00
loop4            0.00      0.00     0.00   0.00    0.00     0.00    0.00      0.00     0.00   0.00    0.00     0.00    0.00      0.00     0.00   0.00    0.00     0.00    0.00   0.00
loop5            0.00      0.00     0.00   0.00    0.00     0.00    0.00      0.00     0.00   0.00    0.00     0.00    0.00      0.00     0.00   0.00    0.00     0.00    0.00   0.00
loop6            0.00      0.00     0.00   0.00    0.00     0.00    0.00      0.00     0.00   0.00    0.00     0.00    0.00      0.00     0.00   0.00    0.00     0.00    0.00   0.00
loop7            0.00      0.00     0.00   0.00    0.00     0.00    0.00      0.00     0.00   0.00    0.00     0.00    0.00      0.00     0.00   0.00    0.00     0.00    0.00   0.00
md0           5365.80 2338999.20     0.00   0.00    0.00   435.91 3962.40 2591577.60     0.00   0.00    0.00   654.04    0.00      0.00     0.00   0.00    0.00     0.00    0.00   0.00
nvme0n1          0.00      0.00     0.00   0.00    0.00     0.00    5.20     31.20     2.60  33.33    0.04     6.00    0.00      0.00     0.00   0.00    0.00     0.00    0.00   0.16
nvme10n1       137.80  66577.60    37.40  21.35    0.27   483.15  136.80  78341.60    22.20  13.96    0.31   572.67    0.00      0.00     0.00   0.00    0.00     0.00    0.00  54.24
nvme11n1       134.20  65270.40    32.60  19.54    0.27   486.37  118.80  78137.60     6.00   4.81    0.35   657.72    0.00      0.00     0.00   0.00    0.00     0.00    0.00  51.76
nvme12n1       131.00  63910.40    35.00  21.08    0.27   487.87  111.60  76112.80     2.60   2.28    0.34   682.01    0.00      0.00     0.00   0.00    0.00     0.00    0.00  51.92
nvme13n1       135.20  64692.00    30.80  18.55    0.28   478.49  110.40  77084.00     4.40   3.83    0.39   698.22    0.00      0.00     0.00   0.00    0.00     0.00    0.00  52.24
nvme14n1       136.20  65056.80    34.20  20.07    0.27   477.66  113.60  77258.40     3.00   2.57    0.34   680.09    0.00      0.00     0.00   0.00    0.00     0.00    0.00  52.96
nvme15n1       138.20  67393.60    34.00  19.74    0.27   487.65  110.40  77444.80     4.80   4.17    0.33   701.49    0.00      0.00     0.00   0.00    0.00     0.00    0.00  53.84
nvme16n1       140.80  67086.40    33.20  19.08    0.27   476.47  116.20  78269.60     5.80   4.75    0.36   673.58    0.00      0.00     0.00   0.00    0.00     0.00    0.00  54.64
nvme17n1       140.60  68326.40    33.60  19.29    0.27   485.96  115.20  77196.00     2.40   2.04    0.31   670.10    0.00      0.00     0.00   0.00    0.00     0.00    0.00  54.80
nvme18n1       146.80  70405.60    33.80  18.72    0.27   479.60  119.80  78021.60     2.00   1.64    0.35   651.27    0.00      0.00     0.00   0.00    0.00     0.00    0.00  55.52
nvme19n1       144.40  71843.20    36.00  19.96    0.28   497.53  111.40  79382.40     2.00   1.76    0.36   712.59    0.00      0.00     0.00   0.00    0.00     0.00    0.00  54.16
nvme1n1        137.00  66584.00    34.00  19.88    0.29   486.01  114.60  79844.00     2.60   2.22    0.38   696.72    0.00      0.00     0.00   0.00    0.00     0.00    0.00  53.60
nvme20n1       146.40  70917.60    35.80  19.65    0.27   484.41  114.80  80046.40     3.60   3.04    0.36   697.27    0.00      0.00     0.00   0.00    0.00     0.00    0.00  54.48
nvme21n1       147.40  70532.80    35.80  19.54    0.26   478.51  112.40  79959.20     3.40   2.94    0.35   711.38    0.00      0.00     0.00   0.00    0.00     0.00    0.00  53.52
nvme22n1       143.00  69824.80    37.20  20.64    0.28   488.29  111.60  79276.00     3.40   2.96    0.36   710.36    0.00      0.00     0.00   0.00    0.00     0.00    0.00  52.96
nvme23n1       136.40  65702.40    33.20  19.58    0.27   481.69  110.40  78248.00     3.00   2.65    0.34   708.77    0.00      0.00     0.00   0.00    0.00     0.00    0.00  52.88
nvme24n1       139.60  67492.00    34.60  19.86    0.27   483.47  114.80  80092.00     2.80   2.38    0.33   697.67    0.00      0.00     0.00   0.00    0.00     0.00    0.00  52.24
nvme25n1       139.00  67200.80    33.20  19.28    0.27   483.46  112.60  79224.80     5.00   4.25    0.34   703.60    0.00      0.00     0.00   0.00    0.00     0.00    0.00  53.52
nvme26n1       138.60  66466.40    33.40  19.42    0.28   479.56  114.80  79722.40     3.60   3.04    0.34   694.45    0.00      0.00     0.00   0.00    0.00     0.00    0.00  54.08
nvme27n1       137.20  65545.60    32.20  19.01    0.27   477.74  110.40  79362.40     5.00   4.33    0.32   718.86    0.00      0.00     0.00   0.00    0.00     0.00    0.00  53.44
nvme28n1       134.80  65635.20    33.00  19.67    0.27   486.91  113.00  79531.20     3.80   3.25    0.36   703.82    0.00      0.00     0.00   0.00    0.00     0.00    0.00  53.36
nvme29n1       138.20  66367.20    30.80  18.22    0.27   480.23  111.80  79080.80     5.40   4.61    0.34   707.34    0.00      0.00     0.00   0.00    0.00     0.00    0.00  53.68
nvme2n1        142.20  67600.00    34.60  19.57    0.28   475.39  114.00  79324.80     3.80   3.23    0.39   695.83    0.00      0.00     0.00   0.00    0.00     0.00    0.00  54.32
nvme30n1       136.60  65602.40    32.80  19.36    0.27   480.25  113.40  78780.00     3.80   3.24    0.38   694.71    0.00      0.00     0.00   0.00    0.00     0.00    0.00  52.80
nvme31n1       135.80  66292.00    32.20  19.17    0.28   488.16  111.80  78948.00     3.80   3.29    0.33   706.15    0.00      0.00     0.00   0.00    0.00     0.00    0.00  52.48
nvme3n1        143.80  68239.20    34.00  19.12    0.28   474.54  113.80  78660.00     4.80   4.05    0.34   691.21    0.00      0.00     0.00   0.00    0.00     0.00    0.00  53.68
nvme4n1        142.80  68032.00    34.80  19.59    0.27   476.41  113.60  77860.00     5.20   4.38    0.35   685.39    0.00      0.00     0.00   0.00    0.00     0.00    0.00  53.68
nvme5n1        141.40  66624.80    33.40  19.11    0.27   471.18  113.00  77332.80     7.60   6.30    0.35   684.36    0.00      0.00     0.00   0.00    0.00     0.00    0.00  52.64
nvme6n1        137.80  66336.80    34.80  20.16    0.26   481.40  173.80  77879.20     9.80   5.34    0.23   448.10    0.00      0.00     0.00   0.00    0.00     0.00    0.00  59.44
nvme7n1        133.80  65311.20    32.00  19.30    0.28   488.13  148.40  78146.40     6.20   4.01    0.27   526.59    0.00      0.00     0.00   0.00    0.00     0.00    0.00  54.80
nvme8n1        142.00  67739.20    36.20  20.31    0.28   477.04  149.80  79438.40    19.00  11.26    0.33   530.30    0.00      0.00     0.00   0.00    0.00     0.00    0.00  58.24
nvme9n1        137.00  66802.40    31.80  18.84    0.27   487.61  148.80  78731.20    15.40   9.38    0.32   529.11    0.00      0.00     0.00   0.00    0.00     0.00    0.00  55.28


Device            r/s     rkB/s   rrqm/s  %rrqm r_await rareq-sz     w/s     wkB/s   wrqm/s  %wrqm w_await wareq-sz     d/s     dkB/s   drqm/s  %drqm d_await dareq-sz  aqu-sz  %util
dm-0             0.00      0.00     0.00   0.00    0.00     0.00    1.80     17.60     0.00   0.00    0.00     9.78    0.00      0.00     0.00   0.00    0.00     0.00    0.00   0.16
loop0            0.00      0.00     0.00   0.00    0.00     0.00    0.00      0.00     0.00   0.00    0.00     0.00    0.00      0.00     0.00   0.00    0.00     0.00    0.00   0.00
loop1            0.00      0.00     0.00   0.00    0.00     0.00    0.00      0.00     0.00   0.00    0.00     0.00    0.00      0.00     0.00   0.00    0.00     0.00    0.00   0.00
loop2            0.00      0.00     0.00   0.00    0.00     0.00    0.00      0.00     0.00   0.00    0.00     0.00    0.00      0.00     0.00   0.00    0.00     0.00    0.00   0.00
loop3            0.00      0.00     0.00   0.00    0.00     0.00    0.00      0.00     0.00   0.00    0.00     0.00    0.00      0.00     0.00   0.00    0.00     0.00    0.00   0.00
loop4            0.00      0.00     0.00   0.00    0.00     0.00    0.00      0.00     0.00   0.00    0.00     0.00    0.00      0.00     0.00   0.00    0.00     0.00    0.00   0.00
loop5            0.00      0.00     0.00   0.00    0.00     0.00    0.00      0.00     0.00   0.00    0.00     0.00    0.00      0.00     0.00   0.00    0.00     0.00    0.00   0.00
loop6            0.00      0.00     0.00   0.00    0.00     0.00    0.00      0.00     0.00   0.00    0.00     0.00    0.00      0.00     0.00   0.00    0.00     0.00    0.00   0.00
loop7            0.00      0.00     0.00   0.00    0.00     0.00    0.00      0.00     0.00   0.00    0.00     0.00    0.00      0.00     0.00   0.00    0.00     0.00    0.00   0.00
md0           1826.40 926963.20     0.00   0.00    0.00   507.54  890.40 708739.20     0.00   0.00    0.00   795.98    0.00      0.00     0.00   0.00    0.00     0.00    0.00   0.00
nvme0n1          0.00      0.00     0.00   0.00    0.00     0.00    0.60     17.60     1.20  66.67    0.00    29.33    0.00      0.00     0.00   0.00    0.00     0.00    0.00   0.16
nvme10n1        45.60  22938.40    11.60  20.28    0.25   503.04   26.20  21629.60     0.00   0.00    0.37   825.56    0.00      0.00     0.00   0.00    0.00     0.00    0.00  20.72
nvme11n1        48.40  23508.80    11.40  19.06    0.25   485.72   27.40  22056.80     0.00   0.00    0.36   804.99    0.00      0.00     0.00   0.00    0.00     0.00    0.00  22.88
nvme12n1        49.20  23487.20    11.60  19.08    0.24   477.38   27.80  22583.20     0.00   0.00    0.35   812.35    0.00      0.00     0.00   0.00    0.00     0.00    0.00  22.32
nvme13n1        48.60  23237.60    12.20  20.07    0.25   478.14   27.20  22556.80     0.00   0.00    0.40   829.29    0.00      0.00     0.00   0.00    0.00     0.00    0.00  22.80
nvme14n1        49.40  24816.00    12.00  19.54    0.25   502.35   27.20  22969.60     0.00   0.00    0.38   844.47    0.00      0.00     0.00   0.00    0.00     0.00    0.00  22.32
nvme15n1        50.40  24642.40    12.00  19.23    0.24   488.94   27.20  23552.00     0.00   0.00    0.36   865.88    0.00      0.00     0.00   0.00    0.00     0.00    0.00  23.76
nvme16n1        49.40  24914.40    13.00  20.83    0.24   504.34   27.20  23064.80     0.00   0.00    0.38   847.97    0.00      0.00     0.00   0.00    0.00     0.00    0.00  22.32
nvme17n1        49.20  24283.20    12.40  20.13    0.24   493.56   27.80  22830.40     0.00   0.00    0.33   821.24    0.00      0.00     0.00   0.00    0.00     0.00    0.00  22.88
nvme18n1        48.60  24551.20    12.20  20.07    0.24   505.17   29.40  22169.60     0.00   0.00    0.36   754.07    0.00      0.00     0.00   0.00    0.00     0.00    0.00  23.20
nvme19n1        48.60  24660.00    12.20  20.07    0.25   507.41   28.60  22536.80     0.00   0.00    0.36   788.00    0.00      0.00     0.00   0.00    0.00     0.00    0.00  23.28
nvme1n1         46.00  23296.80    11.20  19.58    0.24   506.45   25.60  21291.20     0.00   0.00    0.37   831.69    0.00      0.00     0.00   0.00    0.00     0.00    0.00  21.52
nvme20n1        46.60  24100.80    13.00  21.81    0.25   517.18   27.00  22827.20     0.00   0.00    0.40   845.45    0.00      0.00     0.00   0.00    0.00     0.00    0.00  22.24
nvme21n1        47.40  23404.80    11.00  18.84    0.24   493.77   28.40  22952.00     0.00   0.00    0.37   808.17    0.00      0.00     0.00   0.00    0.00     0.00    0.00  21.36
nvme22n1        45.80  23291.20    12.60  21.58    0.24   508.54   28.00  23383.20     0.00   0.00    0.39   835.11    0.00      0.00     0.00   0.00    0.00     0.00    0.00  22.24
nvme23n1        46.80  23045.60    11.00  19.03    0.24   492.43   28.00  23552.00     0.00   0.00    0.35   841.14    0.00      0.00     0.00   0.00    0.00     0.00    0.00  21.92
nvme24n1        46.60  23145.60    11.40  19.66    0.24   496.69   27.20  22460.80     0.00   0.00    0.35   825.76    0.00      0.00     0.00   0.00    0.00     0.00    0.00  22.00
nvme25n1        47.80  23092.00    11.60  19.53    0.24   483.10   28.20  22549.60     0.00   0.00    0.35   799.63    0.00      0.00     0.00   0.00    0.00     0.00    0.00  22.40
nvme26n1        46.80  23528.80    12.80  21.48    0.24   502.75   25.60  22118.40     0.00   0.00    0.40   864.00    0.00      0.00     0.00   0.00    0.00     0.00    0.00  21.12
nvme27n1        47.60  23102.40    10.60  18.21    0.25   485.34   28.20  22027.20     0.00   0.00    0.31   781.11    0.00      0.00     0.00   0.00    0.00     0.00    0.00  20.32
nvme28n1        45.60  22933.60    11.60  20.28    0.24   502.93   25.40  21504.00     0.00   0.00    0.35   846.61    0.00      0.00     0.00   0.00    0.00     0.00    0.00  20.96
nvme29n1        45.20  22548.00    10.40  18.71    0.26   498.85   28.00  21795.20     0.00   0.00    0.32   778.40    0.00      0.00     0.00   0.00    0.00     0.00    0.00  20.64
nvme2n1         45.40  23019.20    11.40  20.07    0.25   507.03   26.40  21908.00     0.00   0.00    0.42   829.85    0.00      0.00     0.00   0.00    0.00     0.00    0.00  20.72
nvme30n1        46.20  22534.40    11.40  19.79    0.24   487.76   27.20  21931.20     0.00   0.00    0.37   806.29    0.00      0.00     0.00   0.00    0.00     0.00    0.00  21.84
nvme31n1        45.80  23043.20    11.60  20.21    0.25   503.13   26.80  21992.00     0.00   0.00    0.34   820.60    0.00      0.00     0.00   0.00    0.00     0.00    0.00  21.20
nvme3n1         47.40  22807.20    10.60  18.28    0.24   481.16   26.60  22118.40     0.00   0.00    0.37   831.52    0.00      0.00     0.00   0.00    0.00     0.00    0.00  21.12
nvme4n1         46.00  22966.40    12.00  20.69    0.26   499.27   27.00  22132.80     0.00   0.00    0.37   819.73    0.00      0.00     0.00   0.00    0.00     0.00    0.00  20.72
nvme5n1         48.80  22757.60    11.00  18.39    0.23   466.34   28.00  21066.40     0.00   0.00    0.34   752.37    0.00      0.00     0.00   0.00    0.00     0.00    0.00  21.04
nvme6n1         45.20  22676.00    11.20  19.86    0.25   501.68   35.60  21335.20     0.20   0.56    0.28   599.30    0.00      0.00     0.00   0.00    0.00     0.00    0.00  22.64
nvme7n1         47.80  22742.40    11.00  18.71    0.23   475.78   34.60  21584.00     0.40   1.14    0.27   623.82    0.00      0.00     0.00   0.00    0.00     0.00    0.00  23.12
nvme8n1         46.20  22954.40    11.40  19.79    0.25   496.85   30.00  21084.00     0.00   0.00    0.37   702.80    0.00      0.00     0.00   0.00    0.00     0.00    0.00  22.32
nvme9n1         46.40  22620.80    11.60  20.00    0.24   487.52   35.80  21340.00     0.00   0.00    0.27   596.09    0.00      0.00     0.00   0.00    0.00     0.00    0.00  24.80


Device            r/s     rkB/s   rrqm/s  %rrqm r_await rareq-sz     w/s     wkB/s   wrqm/s  %wrqm w_await wareq-sz     d/s     dkB/s   drqm/s  %drqm d_await dareq-sz  aqu-sz  %util
dm-0             0.00      0.00     0.00   0.00    0.00     0.00    3.40     20.00     0.00   0.00    0.00     5.88    0.00      0.00     0.00   0.00    0.00     0.00    0.00   0.16
loop0            0.00      0.00     0.00   0.00    0.00     0.00    0.00      0.00     0.00   0.00    0.00     0.00    0.00      0.00     0.00   0.00    0.00     0.00    0.00   0.00
loop1            0.00      0.00     0.00   0.00    0.00     0.00    0.00      0.00     0.00   0.00    0.00     0.00    0.00      0.00     0.00   0.00    0.00     0.00    0.00   0.00
loop2            0.00      0.00     0.00   0.00    0.00     0.00    0.00      0.00     0.00   0.00    0.00     0.00    0.00      0.00     0.00   0.00    0.00     0.00    0.00   0.00
loop3            0.00      0.00     0.00   0.00    0.00     0.00    0.00      0.00     0.00   0.00    0.00     0.00    0.00      0.00     0.00   0.00    0.00     0.00    0.00   0.00
loop4            0.00      0.00     0.00   0.00    0.00     0.00    0.00      0.00     0.00   0.00    0.00     0.00    0.00      0.00     0.00   0.00    0.00     0.00    0.00   0.00
loop5            0.00      0.00     0.00   0.00    0.00     0.00    0.00      0.00     0.00   0.00    0.00     0.00    0.00      0.00     0.00   0.00    0.00     0.00    0.00   0.00
loop6            0.00      0.00     0.00   0.00    0.00     0.00    0.00      0.00     0.00   0.00    0.00     0.00    0.00      0.00     0.00   0.00    0.00     0.00    0.00   0.00
loop7            0.00      0.00     0.00   0.00    0.00     0.00    0.00      0.00     0.00   0.00    0.00     0.00    0.00      0.00     0.00   0.00    0.00     0.00    0.00   0.00
md0           16125.00 7074268.80     0.00   0.00    0.00   438.71 8968.80 6336182.40     0.00   0.00    0.00   706.47    0.00      0.00     0.00   0.00    0.00     0.00    0.00   0.00
nvme0n1          0.00      0.00     0.00   0.00    0.00     0.00    1.60     20.00     1.80  52.94    0.00    12.50    0.00      0.00     0.00   0.00    0.00     0.00    0.00   0.16
nvme10n1       430.40 208177.60    95.40  18.14    0.34   483.68  322.60 200187.20    37.80  10.49    0.37   620.54    0.00      0.00     0.00   0.00    0.00     0.00    0.00  77.76
nvme11n1       426.40 207796.80    97.60  18.63    0.35   487.33  264.80 200696.00     5.20   1.93    0.45   757.92    0.00      0.00     0.00   0.00    0.00     0.00    0.00  77.28
nvme12n1       431.00 206721.60    99.40  18.74    0.34   479.63  263.00 198794.40     8.20   3.02    0.43   755.87    0.00      0.00     0.00   0.00    0.00     0.00    0.00  76.00
nvme13n1       424.00 206117.60    99.40  18.99    0.38   486.13  258.80 198213.60     7.40   2.78    0.52   765.89    0.00      0.00     0.00   0.00    0.00     0.00    0.00  75.92
nvme14n1       426.20 207453.60    97.20  18.57    0.35   486.75  254.80 198034.40     9.00   3.41    0.45   777.22    0.00      0.00     0.00   0.00    0.00     0.00    0.00  74.96
nvme15n1       427.80 207327.20    97.80  18.61    0.33   484.64  260.00 200064.80     8.40   3.13    0.41   769.48    0.00      0.00     0.00   0.00    0.00     0.00    0.00  75.20
nvme16n1       429.00 208420.00    96.80  18.41    0.33   485.83  281.20 199894.40     4.40   1.54    0.43   710.86    0.00      0.00     0.00   0.00    0.00     0.00    0.00  76.08
nvme17n1       431.80 209287.20    98.40  18.56    0.33   484.69  262.60 201513.60     9.80   3.60    0.38   767.38    0.00      0.00     0.00   0.00    0.00     0.00    0.00  77.36
nvme18n1       427.00 207452.80    96.60  18.45    0.36   485.84  267.40 203112.80     6.20   2.27    0.46   759.58    0.00      0.00     0.00   0.00    0.00     0.00    0.00  76.40
nvme19n1       430.80 207188.80    96.20  18.25    0.34   480.94  286.40 202359.20    12.00   4.02    0.42   706.56    0.00      0.00     0.00   0.00    0.00     0.00    0.00  76.40
nvme1n1        410.80 200532.00    92.60  18.39    0.35   488.15  253.40 198016.80     7.60   2.91    0.46   781.44    0.00      0.00     0.00   0.00    0.00     0.00    0.00  73.68
nvme20n1       426.40 205812.00    97.20  18.56    0.35   482.67  261.00 203102.40     9.00   3.33    0.48   778.17    0.00      0.00     0.00   0.00    0.00     0.00    0.00  75.68
nvme21n1       429.80 206346.40    96.00  18.26    0.32   480.10  265.60 204906.40    10.20   3.70    0.43   771.48    0.00      0.00     0.00   0.00    0.00     0.00    0.00  77.04
nvme22n1       417.20 204208.80    94.80  18.52    0.36   489.47  254.60 204144.80     4.60   1.77    0.46   801.83    0.00      0.00     0.00   0.00    0.00     0.00    0.00  76.24
nvme23n1       423.20 207004.00    98.80  18.93    0.34   489.14  261.20 204427.20     7.20   2.68    0.43   782.65    0.00      0.00     0.00   0.00    0.00     0.00    0.00  76.48
nvme24n1       428.40 205788.00    91.80  17.65    0.33   480.36  260.80 203625.60     8.00   2.98    0.41   780.77    0.00      0.00     0.00   0.00    0.00     0.00    0.00  76.72
nvme25n1       425.20 206698.40   100.40  19.10    0.33   486.12  261.00 204025.60     7.20   2.68    0.42   781.71    0.00      0.00     0.00   0.00    0.00     0.00    0.00  76.32
nvme26n1       428.40 205666.40    92.80  17.81    0.36   480.08  264.60 205124.00     9.40   3.43    0.43   775.22    0.00      0.00     0.00   0.00    0.00     0.00    0.00  75.12
nvme27n1       419.80 205228.00   103.40  19.76    0.32   488.87  259.80 201588.00     6.80   2.55    0.38   775.94    0.00      0.00     0.00   0.00    0.00     0.00    0.00  75.52
nvme28n1       420.20 202809.60    90.20  17.67    0.34   482.65  260.40 200745.60     6.40   2.40    0.42   770.91    0.00      0.00     0.00   0.00    0.00     0.00    0.00  74.56
nvme29n1       423.80 204408.00   101.40  19.31    0.31   482.32  255.80 198196.00     7.80   2.96    0.39   774.81    0.00      0.00     0.00   0.00    0.00     0.00    0.00  76.80
nvme2n1        414.00 198507.20    95.40  18.73    0.33   479.49  257.00 200179.20    11.60   4.32    0.45   778.91    0.00      0.00     0.00   0.00    0.00     0.00    0.00  75.60
nvme30n1       425.20 206720.00    93.00  17.95    0.34   486.17  256.40 198792.80     9.80   3.68    0.49   775.32    0.00      0.00     0.00   0.00    0.00     0.00    0.00  76.32
nvme31n1       419.60 204448.00   101.20  19.43    0.32   487.24  258.20 199420.00     7.80   2.93    0.42   772.35    0.00      0.00     0.00   0.00    0.00     0.00    0.00  76.08
nvme3n1        416.00 199366.40    90.80  17.92    0.33   479.25  257.40 200244.00    11.60   4.31    0.41   777.95    0.00      0.00     0.00   0.00    0.00     0.00    0.00  74.08
nvme4n1        419.80 201726.40    95.20  18.49    0.33   480.53  255.60 201272.00    11.40   4.27    0.44   787.45    0.00      0.00     0.00   0.00    0.00     0.00    0.00  75.36
nvme5n1        417.60 201939.20    93.80  18.34    0.35   483.57  260.00 201934.40     9.60   3.56    0.44   776.67    0.00      0.00     0.00   0.00    0.00     0.00    0.00  74.56
nvme6n1        420.60 202644.80    98.00  18.90    0.35   481.80  333.60 203343.20    16.40   4.69    0.36   609.54    0.00      0.00     0.00   0.00    0.00     0.00    0.00  77.52
nvme7n1        417.60 202781.60    91.40  17.96    0.34   485.59  369.00 202014.40    22.20   5.67    0.32   547.46    0.00      0.00     0.00   0.00    0.00     0.00    0.00  78.64
nvme8n1        429.00 205536.80    96.60  18.38    0.38   479.11  306.40 202203.20    23.60   7.15    0.45   659.93    0.00      0.00     0.00   0.00    0.00     0.00    0.00  78.24
nvme9n1        420.40 204510.40    98.00  18.90    0.35   486.47  317.40 199668.00    38.00  10.69    0.39   629.07    0.00      0.00     0.00   0.00    0.00     0.00    0.00  76.56


Device            r/s     rkB/s   rrqm/s  %rrqm r_await rareq-sz     w/s     wkB/s   wrqm/s  %wrqm w_await wareq-sz     d/s     dkB/s   drqm/s  %drqm d_await dareq-sz  aqu-sz  %util
dm-0             0.60      2.40     0.00   0.00    0.00     4.00    4.80     19.20     0.00   0.00    0.00     4.00    0.00      0.00     0.00   0.00    0.00     0.00    0.00   0.24
loop0            0.00      0.00     0.00   0.00    0.00     0.00    0.00      0.00     0.00   0.00    0.00     0.00    0.00      0.00     0.00   0.00    0.00     0.00    0.00   0.00
loop1            0.00      0.00     0.00   0.00    0.00     0.00    0.00      0.00     0.00   0.00    0.00     0.00    0.00      0.00     0.00   0.00    0.00     0.00    0.00   0.00
loop2            0.00      0.00     0.00   0.00    0.00     0.00    0.00      0.00     0.00   0.00    0.00     0.00    0.00      0.00     0.00   0.00    0.00     0.00    0.00   0.00
loop3            0.00      0.00     0.00   0.00    0.00     0.00    0.00      0.00     0.00   0.00    0.00     0.00    0.00      0.00     0.00   0.00    0.00     0.00    0.00   0.00
loop4            0.00      0.00     0.00   0.00    0.00     0.00    0.00      0.00     0.00   0.00    0.00     0.00    0.00      0.00     0.00   0.00    0.00     0.00    0.00   0.00
loop5            0.00      0.00     0.00   0.00    0.00     0.00    0.00      0.00     0.00   0.00    0.00     0.00    0.00      0.00     0.00   0.00    0.00     0.00    0.00   0.00
loop6            0.00      0.00     0.00   0.00    0.00     0.00    0.00      0.00     0.00   0.00    0.00     0.00    0.00      0.00     0.00   0.00    0.00     0.00    0.00   0.00
loop7            0.00      0.00     0.00   0.00    0.00     0.00    0.00      0.00     0.00   0.00    0.00     0.00    0.00      0.00     0.00   0.00    0.00     0.00    0.00   0.00
md0           4586.80 2029728.00     0.00   0.00    0.00   442.52 3051.80 2188962.40     0.00   0.00    0.00   717.27    0.00      0.00     0.00   0.00    0.00     0.00    0.00   0.00
nvme0n1          0.60      2.40     0.00   0.00    0.00     4.00    0.80     19.20     4.00  83.33    0.25    24.00    0.00      0.00     0.00   0.00    0.00     0.00    0.00   0.24
nvme10n1       118.20  54988.00    28.20  19.26    0.28   465.21   98.80  64704.80     1.40   1.40    0.32   654.91    0.00      0.00     0.00   0.00    0.00     0.00    0.00  47.44
nvme11n1       114.60  54716.80    27.80  19.52    0.27   477.46   90.80  66091.20     1.40   1.52    0.35   727.88    0.00      0.00     0.00   0.00    0.00     0.00    0.00  46.80
nvme12n1       120.60  55784.80    29.00  19.39    0.26   462.56   91.00  66681.60     1.60   1.73    0.35   732.76    0.00      0.00     0.00   0.00    0.00     0.00    0.00  48.16
nvme13n1       116.60  54478.40    28.60  19.70    0.27   467.22   90.40  65776.00     1.60   1.74    0.38   727.61    0.00      0.00     0.00   0.00    0.00     0.00    0.00  47.12
nvme14n1       120.20  55223.20    28.00  18.89    0.27   459.43   92.00  66543.20     1.40   1.50    0.35   723.30    0.00      0.00     0.00   0.00    0.00     0.00    0.00  46.80
nvme15n1       115.80  55073.60    27.00  18.91    0.27   475.59   90.00  65908.00     1.60   1.75    0.33   732.31    0.00      0.00     0.00   0.00    0.00     0.00    0.00  46.64
nvme16n1       121.20  56560.80    29.80  19.74    0.26   466.67   92.80  67199.20     1.60   1.69    0.38   724.13    0.00      0.00     0.00   0.00    0.00     0.00    0.00  48.32
nvme17n1       118.20  55817.60    29.40  19.92    0.28   472.23   95.00  67716.80     1.60   1.66    0.32   712.81    0.00      0.00     0.00   0.00    0.00     0.00    0.00  47.28
nvme18n1       120.60  55751.20    29.20  19.49    0.27   462.28   96.60  67332.80     1.80   1.83    0.34   697.03    0.00      0.00     0.00   0.00    0.00     0.00    0.00  47.92
nvme19n1       119.40  56898.40    29.00  19.54    0.28   476.54   98.00  67345.60     2.00   2.00    0.34   687.20    0.00      0.00     0.00   0.00    0.00     0.00    0.00  47.20
nvme1n1        120.00  56466.40    27.20  18.48    0.28   470.55   89.40  64540.00     1.20   1.32    0.37   721.92    0.00      0.00     0.00   0.00    0.00     0.00    0.00  48.48
nvme20n1       121.60  57525.60    29.20  19.36    0.27   473.07   93.80  68072.00     1.80   1.88    0.36   725.71    0.00      0.00     0.00   0.00    0.00     0.00    0.00  49.12
nvme21n1       120.00  57227.20    30.00  20.00    0.28   476.89   91.20  67518.40     1.80   1.94    0.36   740.33    0.00      0.00     0.00   0.00    0.00     0.00    0.00  48.96
nvme22n1       121.20  56912.80    28.20  18.88    0.27   469.58   91.00  65834.40     1.60   1.73    0.35   723.45    0.00      0.00     0.00   0.00    0.00     0.00    0.00  49.92
nvme23n1       123.20  56553.60    28.60  18.84    0.28   459.04   93.00  65082.40     1.60   1.69    0.33   699.81    0.00      0.00     0.00   0.00    0.00     0.00    0.00  49.84
nvme24n1       117.60  55234.40    29.00  19.78    0.27   469.68   88.00  63567.20     1.60   1.79    0.34   722.35    0.00      0.00     0.00   0.00    0.00     0.00    0.00  47.36
nvme25n1       117.60  56119.20    29.20  19.89    0.27   477.20   88.20  64422.40     1.40   1.56    0.34   730.41    0.00      0.00     0.00   0.00    0.00     0.00    0.00  47.36
nvme26n1       117.80  55845.60    28.60  19.54    0.28   474.07   87.40  64824.80     1.40   1.58    0.35   741.70    0.00      0.00     0.00   0.00    0.00     0.00    0.00  47.36
nvme27n1       118.60  56910.40    30.00  20.19    0.27   479.85   88.80  64657.60     1.20   1.33    0.31   728.13    0.00      0.00     0.00   0.00    0.00     0.00    0.00  48.40
nvme28n1       120.80  57077.60    27.60  18.60    0.27   472.50   90.80  65592.80     1.20   1.30    0.35   722.39    0.00      0.00     0.00   0.00    0.00     0.00    0.00  47.92
nvme29n1       119.80  55912.80    28.80  19.38    0.27   466.72   88.60  64802.40     1.20   1.34    0.33   731.40    0.00      0.00     0.00   0.00    0.00     0.00    0.00  47.20
nvme2n1        121.40  56792.80    28.20  18.85    0.27   467.82   91.20  64961.60     1.20   1.30    0.33   712.30    0.00      0.00     0.00   0.00    0.00     0.00    0.00  47.68
nvme30n1       116.80  56179.20    27.80  19.23    0.28   480.99   88.00  65410.40     1.20   1.35    0.42   743.30    0.00      0.00     0.00   0.00    0.00     0.00    0.00  47.28
nvme31n1       119.00  56157.60    29.20  19.70    0.27   471.91   89.00  64378.40     1.20   1.33    0.35   723.35    0.00      0.00     0.00   0.00    0.00     0.00    0.00  47.20
nvme3n1        120.00  57075.20    30.40  20.21    0.27   475.63   90.00  65211.20     1.20   1.32    0.33   724.57    0.00      0.00     0.00   0.00    0.00     0.00    0.00  48.40
nvme4n1        118.20  56236.00    27.80  19.04    0.28   475.77   91.00  65194.40     1.20   1.30    0.34   716.42    0.00      0.00     0.00   0.00    0.00     0.00    0.00  48.56
nvme5n1        122.20  57239.20    30.20  19.82    0.27   468.41   90.60  64366.40     1.20   1.31    0.34   710.45    0.00      0.00     0.00   0.00    0.00     0.00    0.00  48.72
nvme6n1        120.60  57961.60    26.00  17.74    0.28   480.61  118.60  66470.40     2.40   1.98    0.28   560.46    0.00      0.00     0.00   0.00    0.00     0.00    0.00  51.04
nvme7n1        122.80  56768.00    29.40  19.32    0.28   462.28  131.60  64900.00     4.40   3.24    0.25   493.16    0.00      0.00     0.00   0.00    0.00     0.00    0.00  55.36
nvme8n1        117.60  56279.20    28.40  19.45    0.30   478.56  108.20  64817.60     1.40   1.28    0.35   599.05    0.00      0.00     0.00   0.00    0.00     0.00    0.00  51.36
nvme9n1        115.60  55377.60    29.20  20.17    0.28   479.04  112.20  64749.60     1.40   1.23    0.30   577.09    0.00      0.00     0.00   0.00    0.00     0.00    0.00  51.68


Device            r/s     rkB/s   rrqm/s  %rrqm r_await rareq-sz     w/s     wkB/s   wrqm/s  %wrqm w_await wareq-sz     d/s     dkB/s   drqm/s  %drqm d_await dareq-sz  aqu-sz  %util
dm-0             0.00      0.00     0.00   0.00    0.00     0.00    2.60     10.40     0.00   0.00    0.00     4.00    0.00      0.00     0.00   0.00    0.00     0.00    0.00   0.08
loop0            0.00      0.00     0.00   0.00    0.00     0.00    0.00      0.00     0.00   0.00    0.00     0.00    0.00      0.00     0.00   0.00    0.00     0.00    0.00   0.00
loop1            0.00      0.00     0.00   0.00    0.00     0.00    0.00      0.00     0.00   0.00    0.00     0.00    0.00      0.00     0.00   0.00    0.00     0.00    0.00   0.00
loop2            0.00      0.00     0.00   0.00    0.00     0.00    0.00      0.00     0.00   0.00    0.00     0.00    0.00      0.00     0.00   0.00    0.00     0.00    0.00   0.00
loop3            0.00      0.00     0.00   0.00    0.00     0.00    0.00      0.00     0.00   0.00    0.00     0.00    0.00      0.00     0.00   0.00    0.00     0.00    0.00   0.00
loop4            0.00      0.00     0.00   0.00    0.00     0.00    0.00      0.00     0.00   0.00    0.00     0.00    0.00      0.00     0.00   0.00    0.00     0.00    0.00   0.00
loop5            0.00      0.00     0.00   0.00    0.00     0.00    0.00      0.00     0.00   0.00    0.00     0.00    0.00      0.00     0.00   0.00    0.00     0.00    0.00   0.00
loop6            0.00      0.00     0.00   0.00    0.00     0.00    0.00      0.00     0.00   0.00    0.00     0.00    0.00      0.00     0.00   0.00    0.00     0.00    0.00   0.00
loop7            0.00      0.00     0.00   0.00    0.00     0.00    0.00      0.00     0.00   0.00    0.00     0.00    0.00      0.00     0.00   0.00    0.00     0.00    0.00   0.00
md0           11202.00 4980838.40     0.00   0.00    0.00   444.64 6585.60 4441475.20     0.00   0.00    0.00   674.42    0.00      0.00     0.00   0.00    0.00     0.00    0.00   0.00
nvme0n1          0.00      0.00     0.00   0.00    0.00     0.00    0.40     10.40     2.20  84.62    0.00    26.00    0.00      0.00     0.00   0.00    0.00     0.00    0.00   0.08
nvme10n1       290.20 138628.80    69.40  19.30    0.31   477.70  252.20 137397.60     2.80   1.10    0.33   544.80    0.00      0.00     0.00   0.00    0.00     0.00    0.00  68.00
nvme11n1       293.00 140071.20    72.20  19.77    0.30   478.06  197.40 134667.20     3.00   1.50    0.41   682.20    0.00      0.00     0.00   0.00    0.00     0.00    0.00  65.12
nvme12n1       288.80 139125.60    66.60  18.74    0.30   481.74  194.00 134520.80     3.00   1.52    0.41   693.41    0.00      0.00     0.00   0.00    0.00     0.00    0.00  66.64
nvme13n1       293.00 137849.60    70.80  19.46    0.30   470.48  196.80 136091.20     3.20   1.60    0.43   691.52    0.00      0.00     0.00   0.00    0.00     0.00    0.00  66.24
nvme14n1       284.20 136537.60    67.20  19.12    0.31   480.43  195.40 135186.40     3.20   1.61    0.41   691.84    0.00      0.00     0.00   0.00    0.00     0.00    0.00  66.24
nvme15n1       286.40 136917.60    70.20  19.69    0.30   478.06  194.40 135027.20     3.40   1.72    0.39   694.58    0.00      0.00     0.00   0.00    0.00     0.00    0.00  65.12
nvme16n1       284.20 136423.20    67.00  19.08    0.31   480.03  214.60 134788.00     3.00   1.38    0.38   628.09    0.00      0.00     0.00   0.00    0.00     0.00    0.00  65.92
nvme17n1       289.60 139004.80    69.20  19.29    0.30   479.99  196.40 136753.60     3.20   1.60    0.37   696.30    0.00      0.00     0.00   0.00    0.00     0.00    0.00  65.12
nvme18n1       293.20 138727.20    67.60  18.74    0.32   473.15  203.40 137408.00     3.00   1.45    0.41   675.56    0.00      0.00     0.00   0.00    0.00     0.00    0.00  64.40
nvme19n1       293.20 140431.20    70.80  19.45    0.31   478.96  214.00 138946.40     3.00   1.38    0.39   649.28    0.00      0.00     0.00   0.00    0.00     0.00    0.00  66.08
nvme1n1        301.20 143486.40    67.00  18.20    0.32   476.38  201.40 140816.00     2.60   1.27    0.43   699.19    0.00      0.00     0.00   0.00    0.00     0.00    0.00  66.48
nvme20n1       299.20 139621.60    66.60  18.21    0.29   466.65  199.20 137376.80     2.80   1.39    0.43   689.64    0.00      0.00     0.00   0.00    0.00     0.00    0.00  65.60
nvme21n1       292.20 139236.80    69.00  19.10    0.30   476.51  197.00 137354.40     2.60   1.30    0.41   697.23    0.00      0.00     0.00   0.00    0.00     0.00    0.00  64.56
nvme22n1       293.20 139897.60    68.40  18.92    0.32   477.14  194.40 136888.80     2.80   1.42    0.44   704.16    0.00      0.00     0.00   0.00    0.00     0.00    0.00  63.44
nvme23n1       293.40 139496.80    70.40  19.35    0.30   475.45  200.20 138708.80     2.80   1.38    0.39   692.85    0.00      0.00     0.00   0.00    0.00     0.00    0.00  62.96
nvme24n1       298.60 140408.80    66.60  18.24    0.31   470.22  202.20 139806.40     2.60   1.27    0.39   691.43    0.00      0.00     0.00   0.00    0.00     0.00    0.00  62.96
nvme25n1       296.60 140784.00    71.20  19.36    0.32   474.66  199.60 137589.60     2.80   1.38    0.38   689.33    0.00      0.00     0.00   0.00    0.00     0.00    0.00  64.24
nvme26n1       293.00 138832.00    68.60  18.97    0.31   473.83  197.00 136085.60     2.60   1.30    0.39   690.79    0.00      0.00     0.00   0.00    0.00     0.00    0.00  64.72
nvme27n1       285.20 136682.40    67.00  19.02    0.30   479.25  195.40 137171.20     2.80   1.41    0.36   702.00    0.00      0.00     0.00   0.00    0.00     0.00    0.00  64.00
nvme28n1       286.20 137046.40    65.40  18.60    0.32   478.85  196.80 138377.60     2.80   1.40    0.42   703.14    0.00      0.00     0.00   0.00    0.00     0.00    0.00  63.68
nvme29n1       286.60 137907.20    66.80  18.90    0.30   481.18  199.20 140018.40     2.80   1.39    0.38   702.90    0.00      0.00     0.00   0.00    0.00     0.00    0.00  63.04
nvme2n1        299.60 144090.40    70.60  19.07    0.31   480.94  202.80 141304.80     2.60   1.27    0.39   696.77    0.00      0.00     0.00   0.00    0.00     0.00    0.00  65.92
nvme30n1       291.60 139373.60    63.40  17.86    0.32   477.96  199.60 140044.80     2.60   1.29    0.44   701.63    0.00      0.00     0.00   0.00    0.00     0.00    0.00  64.32
nvme31n1       294.00 141827.20    69.40  19.10    0.31   482.41  200.20 140126.40     2.60   1.28    0.39   699.93    0.00      0.00     0.00   0.00    0.00     0.00    0.00  64.72
nvme3n1        296.80 143320.80    68.60  18.77    0.31   482.89  197.80 140960.80     2.60   1.30    0.41   712.64    0.00      0.00     0.00   0.00    0.00     0.00    0.00  65.28
nvme4n1        296.60 141879.20    71.20  19.36    0.31   478.35  196.40 139434.40     2.40   1.21    0.42   709.95    0.00      0.00     0.00   0.00    0.00     0.00    0.00  65.20
nvme5n1        293.80 141885.60    71.60  19.59    0.31   482.93  198.80 139992.00     2.60   1.29    0.42   704.19    0.00      0.00     0.00   0.00    0.00     0.00    0.00  64.64
nvme6n1        292.60 142472.80    72.40  19.84    0.31   486.92  239.00 139688.80     4.60   1.89    0.38   584.47    0.00      0.00     0.00   0.00    0.00     0.00    0.00  65.92
nvme7n1        297.40 141923.20    71.00  19.27    0.32   477.21  273.20 140051.20     7.20   2.57    0.32   512.63    0.00      0.00     0.00   0.00    0.00     0.00    0.00  69.52
nvme8n1        285.40 139610.40    71.20  19.97    0.33   489.17  218.60 138458.40     2.80   1.26    0.44   633.39    0.00      0.00     0.00   0.00    0.00     0.00    0.00  66.88
nvme9n1        293.80 140427.20    71.80  19.64    0.30   477.97  213.60 137111.20     2.80   1.29    0.40   641.91    0.00      0.00     0.00   0.00    0.00     0.00    0.00  67.04


Device            r/s     rkB/s   rrqm/s  %rrqm r_await rareq-sz     w/s     wkB/s   wrqm/s  %wrqm w_await wareq-sz     d/s     dkB/s   drqm/s  %drqm d_await dareq-sz  aqu-sz  %util
dm-0             0.00      0.00     0.00   0.00    0.00     0.00    3.20     24.00     0.00   0.00    0.00     7.50    0.00      0.00     0.00   0.00    0.00     0.00    0.00   0.16
loop0            0.00      0.00     0.00   0.00    0.00     0.00    0.00      0.00     0.00   0.00    0.00     0.00    0.00      0.00     0.00   0.00    0.00     0.00    0.00   0.00
loop1            0.00      0.00     0.00   0.00    0.00     0.00    0.00      0.00     0.00   0.00    0.00     0.00    0.00      0.00     0.00   0.00    0.00     0.00    0.00   0.00
loop2            0.00      0.00     0.00   0.00    0.00     0.00    0.00      0.00     0.00   0.00    0.00     0.00    0.00      0.00     0.00   0.00    0.00     0.00    0.00   0.00
loop3            0.00      0.00     0.00   0.00    0.00     0.00    0.00      0.00     0.00   0.00    0.00     0.00    0.00      0.00     0.00   0.00    0.00     0.00    0.00   0.00
loop4            0.00      0.00     0.00   0.00    0.00     0.00    0.00      0.00     0.00   0.00    0.00     0.00    0.00      0.00     0.00   0.00    0.00     0.00    0.00   0.00
loop5            0.00      0.00     0.00   0.00    0.00     0.00    0.00      0.00     0.00   0.00    0.00     0.00    0.00      0.00     0.00   0.00    0.00     0.00    0.00   0.00
loop6            0.00      0.00     0.00   0.00    0.00     0.00    0.00      0.00     0.00   0.00    0.00     0.00    0.00      0.00     0.00   0.00    0.00     0.00    0.00   0.00
loop7            0.00      0.00     0.00   0.00    0.00     0.00    0.00      0.00     0.00   0.00    0.00     0.00    0.00      0.00     0.00   0.00    0.00     0.00    0.00   0.00
md0           6725.00 2863392.80     0.00   0.00    0.00   425.78 4173.00 2803806.40     0.00   0.00    0.00   671.89    0.00      0.00     0.00   0.00    0.00     0.00    0.00   0.00
nvme0n1          0.00      0.00     0.00   0.00    0.00     0.00    1.00     24.00     2.20  68.75    0.00    24.00    0.00      0.00     0.00   0.00    0.00     0.00    0.00   0.16
nvme10n1       179.40  81739.20    39.20  17.93    0.27   455.63  148.60  84889.60    32.40  17.90    0.29   571.26    0.00      0.00     0.00   0.00    0.00     0.00    0.00  58.24
nvme11n1       179.80  79229.60    38.00  17.45    0.27   440.65  116.40  83353.60     6.20   5.06    0.37   716.10    0.00      0.00     0.00   0.00    0.00     0.00    0.00  54.64
nvme12n1       174.80  78592.00    36.00  17.08    0.26   449.61  115.20  84193.60     7.40   6.04    0.36   730.85    0.00      0.00     0.00   0.00    0.00     0.00    0.00  54.16
nvme13n1       177.40  79756.00    37.40  17.41    0.28   449.58  115.20  85784.00     7.40   6.04    0.38   744.65    0.00      0.00     0.00   0.00    0.00     0.00    0.00  56.40
nvme14n1       178.40  80540.80    34.40  16.17    0.28   451.46  118.40  87093.60     7.20   5.73    0.36   735.59    0.00      0.00     0.00   0.00    0.00     0.00    0.00  55.84
nvme15n1       182.40  82645.60    40.40  18.13    0.27   453.10  120.20  88648.80     4.40   3.53    0.35   737.51    0.00      0.00     0.00   0.00    0.00     0.00    0.00  56.72
nvme16n1       179.40  81752.80    35.80  16.64    0.27   455.70  126.80  90176.80     7.20   5.37    0.35   711.17    0.00      0.00     0.00   0.00    0.00     0.00    0.00  57.44
nvme17n1       180.60  81259.20    39.80  18.06    0.27   449.94  128.20  89249.60     6.20   4.61    0.31   696.17    0.00      0.00     0.00   0.00    0.00     0.00    0.00  56.00
nvme18n1       181.80  80829.60    37.40  17.06    0.27   444.61  125.20  87920.00     7.80   5.86    0.35   702.24    0.00      0.00     0.00   0.00    0.00     0.00    0.00  55.44
nvme19n1       176.60  80218.40    39.80  18.39    0.28   454.24  121.40  87392.80     6.60   5.16    0.36   719.87    0.00      0.00     0.00   0.00    0.00     0.00    0.00  55.68
nvme1n1        184.80  81762.40    36.60  16.53    0.28   442.44  113.20  82756.80     4.20   3.58    0.37   731.07    0.00      0.00     0.00   0.00    0.00     0.00    0.00  56.40
nvme20n1       176.00  79216.00    37.00  17.37    0.27   450.09  119.80  87711.20    10.40   7.99    0.39   732.15    0.00      0.00     0.00   0.00    0.00     0.00    0.00  55.20
nvme21n1       173.00  78107.20    38.40  18.16    0.27   451.49  118.60  87017.60    10.20   7.92    0.36   733.71    0.00      0.00     0.00   0.00    0.00     0.00    0.00  54.80
nvme22n1       169.60  77545.60    35.00  17.11    0.29   457.23  118.40  86752.00     8.40   6.62    0.37   732.70    0.00      0.00     0.00   0.00    0.00     0.00    0.00  54.80
nvme23n1       170.00  77300.00    37.20  17.95    0.28   454.71  119.80  85905.60     8.00   6.26    0.33   717.08    0.00      0.00     0.00   0.00    0.00     0.00    0.00  53.68
nvme24n1       171.80  78267.20    35.00  16.92    0.28   455.57  117.40  85788.80     8.20   6.53    0.34   730.74    0.00      0.00     0.00   0.00    0.00     0.00    0.00  54.24
nvme25n1       176.00  79164.00    38.20  17.83    0.28   449.80  119.20  87461.60     3.20   2.61    0.34   733.74    0.00      0.00     0.00   0.00    0.00     0.00    0.00  54.48
nvme26n1       175.40  79474.40    36.80  17.34    0.28   453.10  123.60  89679.20     9.00   6.79    0.36   725.56    0.00      0.00     0.00   0.00    0.00     0.00    0.00  55.12
nvme27n1       178.00  79740.00    37.00  17.21    0.28   447.98  121.20  87983.20     2.60   2.10    0.33   725.93    0.00      0.00     0.00   0.00    0.00     0.00    0.00  55.52
nvme28n1       181.20  81434.40    35.80  16.50    0.28   449.42  123.80  87726.40     4.60   3.58    0.36   708.61    0.00      0.00     0.00   0.00    0.00     0.00    0.00  56.32
nvme29n1       179.40  80660.80    38.40  17.63    0.27   449.61  117.40  85967.20     6.40   5.17    0.34   732.26    0.00      0.00     0.00   0.00    0.00     0.00    0.00  55.92
nvme2n1        180.60  83502.40    41.00  18.50    0.27   462.36  118.40  84646.40     6.40   5.13    0.33   714.92    0.00      0.00     0.00   0.00    0.00     0.00    0.00  56.32
nvme30n1       183.20  83522.40    37.40  16.95    0.27   455.91  116.80  85744.80     4.40   3.63    0.40   734.12    0.00      0.00     0.00   0.00    0.00     0.00    0.00  56.08
nvme31n1       179.80  81424.00    39.60  18.05    0.27   452.86  115.60  83924.00     5.20   4.30    0.36   725.99    0.00      0.00     0.00   0.00    0.00     0.00    0.00  55.20
nvme3n1        182.60  83027.20    37.20  16.92    0.27   454.69  114.80  83449.60     7.00   5.75    0.35   726.91    0.00      0.00     0.00   0.00    0.00     0.00    0.00  56.32
nvme4n1        178.40  81397.60    40.80  18.61    0.27   456.26  115.20  83998.40     6.40   5.26    0.35   729.15    0.00      0.00     0.00   0.00    0.00     0.00    0.00  55.04
nvme5n1        178.20  83020.80    38.60  17.80    0.27   465.89  112.20  84134.40     5.60   4.75    0.39   749.86    0.00      0.00     0.00   0.00    0.00     0.00    0.00  54.88
nvme6n1        181.60  83011.20    39.80  17.98    0.28   457.11  147.40  83207.20     9.40   5.99    0.29   564.50    0.00      0.00     0.00   0.00    0.00     0.00    0.00  56.24
nvme7n1        185.20  83531.20    38.20  17.10    0.28   451.03  165.20  83948.80    11.00   6.24    0.26   508.16    0.00      0.00     0.00   0.00    0.00     0.00    0.00  60.48
nvme8n1        184.20  83418.40    41.00  18.21    0.30   452.87  136.00  82500.80    10.00   6.85    0.36   606.62    0.00      0.00     0.00   0.00    0.00     0.00    0.00  58.16
nvme9n1        187.20  82730.40    41.00  17.97    0.28   441.94  142.00  83989.60    29.00  16.96    0.32   591.48    0.00      0.00     0.00   0.00    0.00     0.00    0.00  57.04


Device            r/s     rkB/s   rrqm/s  %rrqm r_await rareq-sz     w/s     wkB/s   wrqm/s  %wrqm w_await wareq-sz     d/s     dkB/s   drqm/s  %drqm d_await dareq-sz  aqu-sz  %util
dm-0             0.00      0.00     0.00   0.00    0.00     0.00   12.20     52.00     0.00   0.00    0.00     4.26    0.00      0.00     0.00   0.00    0.00     0.00    0.00   0.16
loop0            0.00      0.00     0.00   0.00    0.00     0.00    0.00      0.00     0.00   0.00    0.00     0.00    0.00      0.00     0.00   0.00    0.00     0.00    0.00   0.00
loop1            0.00      0.00     0.00   0.00    0.00     0.00    0.00      0.00     0.00   0.00    0.00     0.00    0.00      0.00     0.00   0.00    0.00     0.00    0.00   0.00
loop2            0.00      0.00     0.00   0.00    0.00     0.00    0.00      0.00     0.00   0.00    0.00     0.00    0.00      0.00     0.00   0.00    0.00     0.00    0.00   0.00
loop3            0.00      0.00     0.00   0.00    0.00     0.00    0.00      0.00     0.00   0.00    0.00     0.00    0.00      0.00     0.00   0.00    0.00     0.00    0.00   0.00
loop4            0.00      0.00     0.00   0.00    0.00     0.00    0.00      0.00     0.00   0.00    0.00     0.00    0.00      0.00     0.00   0.00    0.00     0.00    0.00   0.00
loop5            0.00      0.00     0.00   0.00    0.00     0.00    0.00      0.00     0.00   0.00    0.00     0.00    0.00      0.00     0.00   0.00    0.00     0.00    0.00   0.00
loop6            0.00      0.00     0.00   0.00    0.00     0.00    0.00      0.00     0.00   0.00    0.00     0.00    0.00      0.00     0.00   0.00    0.00     0.00    0.00   0.00
loop7            0.00      0.00     0.00   0.00    0.00     0.00    0.00      0.00     0.00   0.00    0.00     0.00    0.00      0.00     0.00   0.00    0.00     0.00    0.00   0.00
md0           11792.60 5176632.00     0.00   0.00    0.00   438.97 6723.60 4796058.40     0.00   0.00    0.00   713.32    0.00      0.00     0.00   0.00    0.00     0.00    0.00   0.00
nvme0n1          0.00      0.00     0.00   0.00    0.00     0.00   10.60     52.00     1.60  13.11    0.04     4.91    0.00      0.00     0.00   0.00    0.00     0.00    0.00   0.16
nvme10n1       301.40 142489.60    70.00  18.85    0.31   472.76  236.80 141195.20    26.80  10.17    0.32   596.26    0.00      0.00     0.00   0.00    0.00     0.00    0.00  68.40
nvme11n1       295.20 141699.20    73.20  19.87    0.30   480.01  196.60 140600.80     6.20   3.06    0.39   715.16    0.00      0.00     0.00   0.00    0.00     0.00    0.00  65.36
nvme12n1       303.80 143345.60    67.40  18.16    0.31   471.84  190.40 142323.20     4.40   2.26    0.39   747.50    0.00      0.00     0.00   0.00    0.00     0.00    0.00  64.72
nvme13n1       300.20 144468.00    74.20  19.82    0.31   481.24  193.80 144875.20     6.20   3.10    0.41   747.55    0.00      0.00     0.00   0.00    0.00     0.00    0.00  66.48
nvme14n1       306.20 142791.20    66.20  17.78    0.31   466.33  194.40 144384.00     3.00   1.52    0.39   742.72    0.00      0.00     0.00   0.00    0.00     0.00    0.00  67.20
nvme15n1       299.00 142787.20    73.80  19.80    0.30   477.55  191.20 144703.20     3.60   1.85    0.38   756.82    0.00      0.00     0.00   0.00    0.00     0.00    0.00  65.76
nvme16n1       300.40 141136.80    67.40  18.33    0.31   469.83  198.00 145181.60     3.80   1.88    0.42   733.24    0.00      0.00     0.00   0.00    0.00     0.00    0.00  68.00
nvme17n1       303.00 142991.20    73.20  19.46    0.30   471.92  225.40 146088.00     4.00   1.74    0.32   648.13    0.00      0.00     0.00   0.00    0.00     0.00    0.00  68.48
nvme18n1       304.20 143544.00    66.00  17.83    0.32   471.87  198.80 146848.00     7.00   3.40    0.40   738.67    0.00      0.00     0.00   0.00    0.00     0.00    0.00  66.80
nvme19n1       304.00 144751.20    72.00  19.15    0.32   476.16  205.40 145204.00     6.20   2.93    0.38   706.93    0.00      0.00     0.00   0.00    0.00     0.00    0.00  67.84
nvme1n1        318.80 150426.40    72.20  18.47    0.31   471.85  205.60 153792.00     6.80   3.20    0.43   748.02    0.00      0.00     0.00   0.00    0.00     0.00    0.00  67.44
nvme20n1       310.00 143990.40    67.20  17.82    0.31   464.49  195.60 146976.80     4.20   2.10    0.42   751.42    0.00      0.00     0.00   0.00    0.00     0.00    0.00  66.72
nvme21n1       304.60 145086.40    73.40  19.42    0.30   476.32  192.60 147568.00     4.60   2.33    0.41   766.19    0.00      0.00     0.00   0.00    0.00     0.00    0.00  66.64
nvme22n1       314.40 146736.80    66.00  17.35    0.32   466.72  200.20 150991.20     5.20   2.53    0.42   754.20    0.00      0.00     0.00   0.00    0.00     0.00    0.00  67.44
nvme23n1       311.40 147580.80    75.00  19.41    0.30   473.93  203.40 152027.20     5.00   2.40    0.38   747.43    0.00      0.00     0.00   0.00    0.00     0.00    0.00  67.52
nvme24n1       313.60 147331.20    65.00  17.17    0.31   469.81  201.40 150497.60     4.60   2.23    0.39   747.26    0.00      0.00     0.00   0.00    0.00     0.00    0.00  65.76
nvme25n1       312.40 147780.80    79.00  20.18    0.31   473.05  201.00 151360.80     4.40   2.14    0.39   753.04    0.00      0.00     0.00   0.00    0.00     0.00    0.00  67.12
nvme26n1       318.60 149041.60    66.80  17.33    0.31   467.80  203.00 151344.80     4.40   2.12    0.39   745.54    0.00      0.00     0.00   0.00    0.00     0.00    0.00  65.76
nvme27n1       310.00 147090.40    79.60  20.43    0.29   474.49  201.00 152364.80     3.00   1.47    0.35   758.03    0.00      0.00     0.00   0.00    0.00     0.00    0.00  66.00
nvme28n1       315.80 149036.00    69.20  17.97    0.31   471.93  200.80 152511.20     5.80   2.81    0.41   759.52    0.00      0.00     0.00   0.00    0.00     0.00    0.00  67.04
nvme29n1       311.20 149811.20    79.40  20.33    0.30   481.40  203.20 152016.80     5.80   2.78    0.37   748.11    0.00      0.00     0.00   0.00    0.00     0.00    0.00  67.20
nvme2n1        314.00 149616.00    75.00  19.28    0.31   476.48  202.40 151897.60     4.20   2.03    0.39   750.48    0.00      0.00     0.00   0.00    0.00     0.00    0.00  67.60
nvme30n1       316.40 149317.60    68.80  17.86    0.32   471.93  199.00 150955.20     4.00   1.97    0.47   758.57    0.00      0.00     0.00   0.00    0.00     0.00    0.00  66.40
nvme31n1       314.40 149240.80    75.80  19.43    0.32   474.68  202.00 152336.00     5.80   2.79    0.40   754.14    0.00      0.00     0.00   0.00    0.00     0.00    0.00  67.68
nvme3n1        320.60 150792.00    74.20  18.79    0.31   470.34  194.40 148819.20     5.60   2.80    0.38   765.53    0.00      0.00     0.00   0.00    0.00     0.00    0.00  67.36
nvme4n1        314.80 149491.20    70.80  18.36    0.31   474.88  191.80 146884.00     4.60   2.34    0.39   765.82    0.00      0.00     0.00   0.00    0.00     0.00    0.00  66.24
nvme5n1        314.60 147490.40    74.20  19.08    0.31   468.82  193.60 146010.40     4.40   2.22    0.40   754.19    0.00      0.00     0.00   0.00    0.00     0.00    0.00  66.88
nvme6n1        312.20 146581.60    66.60  17.58    0.32   469.51  239.40 146670.40    10.60   4.24    0.34   612.66    0.00      0.00     0.00   0.00    0.00     0.00    0.00  66.96
nvme7n1        303.80 144865.60    72.40  19.25    0.32   476.85  267.40 144004.00    11.40   4.09    0.29   538.53    0.00      0.00     0.00   0.00    0.00     0.00    0.00  70.72
nvme8n1        307.40 144484.00    66.20  17.72    0.33   470.02  224.80 145888.80    10.00   4.26    0.39   648.97    0.00      0.00     0.00   0.00    0.00     0.00    0.00  69.92
nvme9n1        305.20 144925.60    71.60  19.00    0.31   474.85  240.60 146255.20    21.80   8.31    0.34   607.88    0.00      0.00     0.00   0.00    0.00     0.00    0.00  66.48


Device            r/s     rkB/s   rrqm/s  %rrqm r_await rareq-sz     w/s     wkB/s   wrqm/s  %wrqm w_await wareq-sz     d/s     dkB/s   drqm/s  %drqm d_await dareq-sz  aqu-sz  %util
dm-0             0.00      0.00     0.00   0.00    0.00     0.00    1.40      5.60     0.00   0.00    0.00     4.00    0.00      0.00     0.00   0.00    0.00     0.00    0.00   0.08
loop0            0.00      0.00     0.00   0.00    0.00     0.00    0.00      0.00     0.00   0.00    0.00     0.00    0.00      0.00     0.00   0.00    0.00     0.00    0.00   0.00
loop1            0.00      0.00     0.00   0.00    0.00     0.00    0.00      0.00     0.00   0.00    0.00     0.00    0.00      0.00     0.00   0.00    0.00     0.00    0.00   0.00
loop2            0.00      0.00     0.00   0.00    0.00     0.00    0.00      0.00     0.00   0.00    0.00     0.00    0.00      0.00     0.00   0.00    0.00     0.00    0.00   0.00
loop3            0.00      0.00     0.00   0.00    0.00     0.00    0.00      0.00     0.00   0.00    0.00     0.00    0.00      0.00     0.00   0.00    0.00     0.00    0.00   0.00
loop4            0.00      0.00     0.00   0.00    0.00     0.00    0.00      0.00     0.00   0.00    0.00     0.00    0.00      0.00     0.00   0.00    0.00     0.00    0.00   0.00
loop5            0.00      0.00     0.00   0.00    0.00     0.00    0.00      0.00     0.00   0.00    0.00     0.00    0.00      0.00     0.00   0.00    0.00     0.00    0.00   0.00
loop6            0.00      0.00     0.00   0.00    0.00     0.00    0.00      0.00     0.00   0.00    0.00     0.00    0.00      0.00     0.00   0.00    0.00     0.00    0.00   0.00
loop7            0.00      0.00     0.00   0.00    0.00     0.00    0.00      0.00     0.00   0.00    0.00     0.00    0.00      0.00     0.00   0.00    0.00     0.00    0.00   0.00
md0           2682.80 1174085.60     0.00   0.00    0.00   437.63 1594.40 1210759.20     0.00   0.00    0.00   759.38    0.00      0.00     0.00   0.00    0.00     0.00    0.00   0.00
nvme0n1          0.00      0.00     0.00   0.00    0.00     0.00    0.40      5.60     1.00  71.43    0.00    14.00    0.00      0.00     0.00   0.00    0.00     0.00    0.00   0.08
nvme10n1        65.20  31402.40    15.20  18.91    0.26   481.63   55.80  35413.60     0.00   0.00    0.29   634.65    0.00      0.00     0.00   0.00    0.00     0.00    0.00  31.20
nvme11n1        64.20  31588.80    19.40  23.21    0.24   492.04   47.20  36040.80     0.00   0.00    0.35   763.58    0.00      0.00     0.00   0.00    0.00     0.00    0.00  30.00
nvme12n1        65.80  31841.60    14.00  17.54    0.25   483.91   46.20  35605.60     0.00   0.00    0.35   770.68    0.00      0.00     0.00   0.00    0.00     0.00    0.00  28.64
nvme13n1        68.60  33161.60    20.40  22.92    0.26   483.41   47.20  36405.60     0.00   0.00    0.36   771.31    0.00      0.00     0.00   0.00    0.00     0.00    0.00  31.20
nvme14n1        68.60  33574.40    13.40  16.34    0.25   489.42   47.80  37237.60     0.00   0.00    0.33   779.03    0.00      0.00     0.00   0.00    0.00     0.00    0.00  30.00
nvme15n1        67.40  33104.80    18.80  21.81    0.24   491.17   47.40  37448.00     0.00   0.00    0.34   790.04    0.00      0.00     0.00   0.00    0.00     0.00    0.00  30.96
nvme16n1        71.40  34501.60    15.00  17.36    0.25   483.22   53.80  38920.80     0.00   0.00    0.33   723.43    0.00      0.00     0.00   0.00    0.00     0.00    0.00  31.52
nvme17n1        70.40  34122.40    19.20  21.43    0.25   484.69   54.00  39492.80     0.00   0.00    0.30   731.35    0.00      0.00     0.00   0.00    0.00     0.00    0.00  32.56
nvme18n1        75.00  36027.20    17.20  18.66    0.25   480.36   53.20  40394.40     0.00   0.00    0.35   759.29    0.00      0.00     0.00   0.00    0.00     0.00    0.00  32.48
nvme19n1        72.60  35536.80    18.40  20.22    0.25   489.49   56.60  40440.80     0.00   0.00    0.31   714.50    0.00      0.00     0.00   0.00    0.00     0.00    0.00  33.44
nvme1n1         67.20  33323.20    16.80  20.00    0.26   495.88   43.20  34747.20     0.00   0.00    0.39   804.33    0.00      0.00     0.00   0.00    0.00     0.00    0.00  28.88
nvme20n1        73.20  35289.60    18.20  19.91    0.25   482.10   52.20  40210.40     0.00   0.00    0.36   770.31    0.00      0.00     0.00   0.00    0.00     0.00    0.00  32.32
nvme21n1        71.60  35652.80    18.00  20.09    0.25   497.94   50.80  39313.60     0.00   0.00    0.33   773.89    0.00      0.00     0.00   0.00    0.00     0.00    0.00  31.60
nvme22n1        73.80  35995.20    18.00  19.61    0.25   487.74   52.20  39134.40     0.00   0.00    0.34   749.70    0.00      0.00     0.00   0.00    0.00     0.00    0.00  32.08
nvme23n1        73.60  35645.60    18.60  20.17    0.25   484.32   52.40  38904.00     0.00   0.00    0.32   742.44    0.00      0.00     0.00   0.00    0.00     0.00    0.00  31.84
nvme24n1        74.20  35476.80    18.20  19.70    0.25   478.12   50.00  37620.80     0.00   0.00    0.33   752.42    0.00      0.00     0.00   0.00    0.00     0.00    0.00  30.64
nvme25n1        73.40  35072.80    17.60  19.34    0.25   477.83   48.00  36661.60     0.00   0.00    0.34   763.78    0.00      0.00     0.00   0.00    0.00     0.00    0.00  31.28
nvme26n1        71.20  35492.80    19.00  21.06    0.26   498.49   48.60  36548.80     0.00   0.00    0.34   752.03    0.00      0.00     0.00   0.00    0.00     0.00    0.00  30.96
nvme27n1        70.40  34844.00    17.00  19.45    0.25   494.94   47.40  35622.40     0.00   0.00    0.31   751.53    0.00      0.00     0.00   0.00    0.00     0.00    0.00  29.68
nvme28n1        72.40  34343.20    17.00  19.02    0.25   474.35   45.80  34699.20     0.00   0.00    0.34   757.62    0.00      0.00     0.00   0.00    0.00     0.00    0.00  31.12
nvme29n1        67.20  33248.00    16.80  20.00    0.25   494.76   43.20  34611.20     0.00   0.00    0.34   801.19    0.00      0.00     0.00   0.00    0.00     0.00    0.00  28.80
nvme2n1         67.00  32904.00    16.00  19.28    0.25   491.10   45.40  35288.00     0.00   0.00    0.33   777.27    0.00      0.00     0.00   0.00    0.00     0.00    0.00  28.48
nvme30n1        68.60  33163.20    17.60  20.42    0.24   483.43   44.20  34578.40     0.00   0.00    0.37   782.32    0.00      0.00     0.00   0.00    0.00     0.00    0.00  30.80
nvme31n1        65.00  33904.00    17.60  21.31    0.26   521.60   44.40  35061.60     0.00   0.00    0.36   789.68    0.00      0.00     0.00   0.00    0.00     0.00    0.00  28.72
nvme3n1         66.80  33375.20    17.80  21.04    0.25   499.63   45.00  35176.00     0.00   0.00    0.35   781.69    0.00      0.00     0.00   0.00    0.00     0.00    0.00  29.44
nvme4n1         69.60  33108.80    16.40  19.07    0.25   475.70   45.00  35260.00     0.00   0.00    0.33   783.56    0.00      0.00     0.00   0.00    0.00     0.00    0.00  29.28
nvme5n1         67.80  33200.80    18.40  21.35    0.24   489.69   45.20  34968.80     0.00   0.00    0.35   773.65    0.00      0.00     0.00   0.00    0.00     0.00    0.00  31.12
nvme6n1         66.20  31642.40    16.20  19.66    0.25   477.98   64.20  34732.80     1.20   1.83    0.23   541.01    0.00      0.00     0.00   0.00    0.00     0.00    0.00  31.60
nvme7n1         62.80  30968.80    18.20  22.47    0.25   493.13   73.20  34808.00     4.00   5.18    0.22   475.52    0.00      0.00     0.00   0.00    0.00     0.00    0.00  33.04
nvme8n1         67.00  32053.60    14.80  18.09    0.25   478.41   53.80  35372.00     0.00   0.00    0.28   657.47    0.00      0.00     0.00   0.00    0.00     0.00    0.00  31.36
nvme9n1         65.80  31684.00    18.80  22.22    0.25   481.52   51.20  35944.00     0.00   0.00    0.29   702.03    0.00      0.00     0.00   0.00    0.00     0.00    0.00  32.40


Device            r/s     rkB/s   rrqm/s  %rrqm r_await rareq-sz     w/s     wkB/s   wrqm/s  %wrqm w_await wareq-sz     d/s     dkB/s   drqm/s  %drqm d_await dareq-sz  aqu-sz  %util
dm-0             0.00      0.00     0.00   0.00    0.00     0.00   16.40     76.00     0.00   0.00    0.00     4.63    0.00      0.00     0.00   0.00    0.00     0.00    0.00   0.24
loop0            0.00      0.00     0.00   0.00    0.00     0.00    0.00      0.00     0.00   0.00    0.00     0.00    0.00      0.00     0.00   0.00    0.00     0.00    0.00   0.00
loop1            0.00      0.00     0.00   0.00    0.00     0.00    0.00      0.00     0.00   0.00    0.00     0.00    0.00      0.00     0.00   0.00    0.00     0.00    0.00   0.00
loop2            0.00      0.00     0.00   0.00    0.00     0.00    0.00      0.00     0.00   0.00    0.00     0.00    0.00      0.00     0.00   0.00    0.00     0.00    0.00   0.00
loop3            0.00      0.00     0.00   0.00    0.00     0.00    0.00      0.00     0.00   0.00    0.00     0.00    0.00      0.00     0.00   0.00    0.00     0.00    0.00   0.00
loop4            0.00      0.00     0.00   0.00    0.00     0.00    0.00      0.00     0.00   0.00    0.00     0.00    0.00      0.00     0.00   0.00    0.00     0.00    0.00   0.00
loop5            0.00      0.00     0.00   0.00    0.00     0.00    0.00      0.00     0.00   0.00    0.00     0.00    0.00      0.00     0.00   0.00    0.00     0.00    0.00   0.00
loop6            0.00      0.00     0.00   0.00    0.00     0.00    0.00      0.00     0.00   0.00    0.00     0.00    0.00      0.00     0.00   0.00    0.00     0.00    0.00   0.00
loop7            0.00      0.00     0.00   0.00    0.00     0.00    0.00      0.00     0.00   0.00    0.00     0.00    0.00      0.00     0.00   0.00    0.00     0.00    0.00   0.00
md0           14730.20 6417627.20     0.00   0.00    0.00   435.68 7844.20 5543168.80     0.00   0.00    0.00   706.66    0.00      0.00     0.00   0.00    0.00     0.00    0.00   0.00
nvme0n1          0.00      0.00     0.00   0.00    0.00     0.00   12.40     76.00     4.00  24.39    0.06     6.13    0.00      0.00     0.00   0.00    0.00     0.00    0.00   0.24
nvme10n1       384.80 182052.80    87.40  18.51    0.35   473.11  305.00 177398.40    48.20  13.65    0.35   581.63    0.00      0.00     0.00   0.00    0.00     0.00    0.00  60.00
nvme11n1       385.40 180203.20    88.00  18.59    0.34   467.57  234.00 173924.80    13.60   5.49    0.44   743.27    0.00      0.00     0.00   0.00    0.00     0.00    0.00  59.04
nvme12n1       378.60 178420.00    85.80  18.48    0.35   471.26  224.00 172955.20     4.40   1.93    0.42   772.12    0.00      0.00     0.00   0.00    0.00     0.00    0.00  59.12
nvme13n1       379.00 181277.60    85.80  18.46    0.35   478.31  226.00 174475.20     5.00   2.16    0.45   772.01    0.00      0.00     0.00   0.00    0.00     0.00    0.00  58.88
nvme14n1       376.80 180260.00    90.80  19.42    0.35   478.40  222.60 174017.60     5.00   2.20    0.44   781.75    0.00      0.00     0.00   0.00    0.00     0.00    0.00  60.24
nvme15n1       380.80 178424.80    81.80  17.68    0.34   468.55  221.20 171356.80     3.00   1.34    0.40   774.67    0.00      0.00     0.00   0.00    0.00     0.00    0.00  58.48
nvme16n1       379.00 179780.00    88.80  18.98    0.34   474.35  225.20 172081.60     4.00   1.75    0.45   764.13    0.00      0.00     0.00   0.00    0.00     0.00    0.00  58.96
nvme17n1       381.60 179973.60    81.80  17.65    0.33   471.63  262.20 171893.60     4.60   1.72    0.34   655.58    0.00      0.00     0.00   0.00    0.00     0.00    0.00  59.84
nvme18n1       384.20 182536.00    91.00  19.15    0.34   475.11  248.80 171534.40     6.80   2.66    0.40   689.45    0.00      0.00     0.00   0.00    0.00     0.00    0.00  59.12
nvme19n1       377.00 179437.60    81.20  17.72    0.35   475.96  225.60 172247.20     3.40   1.48    0.43   763.51    0.00      0.00     0.00   0.00    0.00     0.00    0.00  58.16
nvme1n1        403.20 189968.80    92.60  18.68    0.35   471.15  239.40 183812.80     5.40   2.21    0.45   767.81    0.00      0.00     0.00   0.00    0.00     0.00    0.00  60.48
nvme20n1       382.20 180600.80    87.60  18.65    0.34   472.53  229.40 172200.00     4.00   1.71    0.45   750.65    0.00      0.00     0.00   0.00    0.00     0.00    0.00  58.64
nvme21n1       377.80 181989.60    85.60  18.47    0.34   481.71  221.60 173659.20     5.00   2.21    0.44   783.66    0.00      0.00     0.00   0.00    0.00     0.00    0.00  58.64
nvme22n1       385.60 183574.40    88.20  18.62    0.34   476.07  230.00 176315.20     5.20   2.21    0.44   766.59    0.00      0.00     0.00   0.00    0.00     0.00    0.00  58.48
nvme23n1       383.00 184513.60    87.60  18.61    0.35   481.76  226.20 177137.60     5.60   2.42    0.41   783.10    0.00      0.00     0.00   0.00    0.00     0.00    0.00  59.36
nvme24n1       390.00 185735.20    91.40  18.99    0.33   476.24  230.80 177532.80     6.20   2.62    0.41   769.21    0.00      0.00     0.00   0.00    0.00     0.00    0.00  58.56
nvme25n1       383.60 183941.60    92.20  19.38    0.35   479.51  227.00 175693.60     4.60   1.99    0.42   773.98    0.00      0.00     0.00   0.00    0.00     0.00    0.00  58.88
nvme26n1       388.20 184379.20    91.00  18.99    0.35   474.96  230.60 178117.60     6.00   2.54    0.44   772.41    0.00      0.00     0.00   0.00    0.00     0.00    0.00  58.40
nvme27n1       389.40 186354.40    88.00  18.43    0.35   478.57  232.80 180298.40     4.80   2.02    0.39   774.48    0.00      0.00     0.00   0.00    0.00     0.00    0.00  58.56
nvme28n1       395.00 187712.80    93.00  19.06    0.36   475.22  235.40 179644.80     6.80   2.81    0.44   763.15    0.00      0.00     0.00   0.00    0.00     0.00    0.00  60.00
nvme29n1       387.00 188231.20    88.60  18.63    0.33   486.39  226.80 180689.60     3.20   1.39    0.41   796.69    0.00      0.00     0.00   0.00    0.00     0.00    0.00  60.48
nvme2n1        399.40 191667.20    93.20  18.92    0.33   479.89  239.00 186120.80     2.60   1.08    0.42   778.75    0.00      0.00     0.00   0.00    0.00     0.00    0.00  60.24
nvme30n1       398.40 188162.40    90.00  18.43    0.36   472.30  239.00 183401.60     5.40   2.21    0.49   767.37    0.00      0.00     0.00   0.00    0.00     0.00    0.00  60.48
nvme31n1       399.00 189928.80    90.60  18.50    0.35   476.01  232.40 184378.40     2.40   1.02    0.43   793.37    0.00      0.00     0.00   0.00    0.00     0.00    0.00  60.24
nvme3n1        395.00 187310.40    90.60  18.66    0.36   474.20  239.40 185356.00     9.00   3.62    0.44   774.25    0.00      0.00     0.00   0.00    0.00     0.00    0.00  60.88
nvme4n1        391.40 186352.80    94.60  19.47    0.33   476.12  238.60 182616.80     3.40   1.40    0.43   765.37    0.00      0.00     0.00   0.00    0.00     0.00    0.00  60.96
nvme5n1        388.60 182595.20    90.00  18.80    0.33   469.88  233.00 179411.20     7.20   3.00    0.40   770.01    0.00      0.00     0.00   0.00    0.00     0.00    0.00  60.40
nvme6n1        381.00 181852.00    90.20  19.14    0.35   477.30  281.40 176216.80     8.20   2.83    0.38   626.21    0.00      0.00     0.00   0.00    0.00     0.00    0.00  60.00
nvme7n1        384.80 181432.00    91.00  19.13    0.36   471.50  316.60 175612.00    11.40   3.48    0.35   554.68    0.00      0.00     0.00   0.00    0.00     0.00    0.00  60.00
nvme8n1        379.60 179607.20    87.20  18.68    0.36   473.15  261.60 175648.00    14.40   5.22    0.40   671.44    0.00      0.00     0.00   0.00    0.00     0.00    0.00  59.68
nvme9n1        385.40 181426.40    89.00  18.76    0.36   470.75  257.40 175518.40    30.20  10.50    0.41   681.89    0.00      0.00     0.00   0.00    0.00     0.00    0.00  60.96


Device            r/s     rkB/s   rrqm/s  %rrqm r_await rareq-sz     w/s     wkB/s   wrqm/s  %wrqm w_await wareq-sz     d/s     dkB/s   drqm/s  %drqm d_await dareq-sz  aqu-sz  %util
dm-0             0.00      0.00     0.00   0.00    0.00     0.00    1.40      6.40     0.00   0.00    0.00     4.57    0.00      0.00     0.00   0.00    0.00     0.00    0.00   0.16
loop0            0.00      0.00     0.00   0.00    0.00     0.00    0.00      0.00     0.00   0.00    0.00     0.00    0.00      0.00     0.00   0.00    0.00     0.00    0.00   0.00
loop1            0.00      0.00     0.00   0.00    0.00     0.00    0.00      0.00     0.00   0.00    0.00     0.00    0.00      0.00     0.00   0.00    0.00     0.00    0.00   0.00
loop2            0.00      0.00     0.00   0.00    0.00     0.00    0.00      0.00     0.00   0.00    0.00     0.00    0.00      0.00     0.00   0.00    0.00     0.00    0.00   0.00
loop3            0.00      0.00     0.00   0.00    0.00     0.00    0.00      0.00     0.00   0.00    0.00     0.00    0.00      0.00     0.00   0.00    0.00     0.00    0.00   0.00
loop4            0.00      0.00     0.00   0.00    0.00     0.00    0.00      0.00     0.00   0.00    0.00     0.00    0.00      0.00     0.00   0.00    0.00     0.00    0.00   0.00
loop5            0.00      0.00     0.00   0.00    0.00     0.00    0.00      0.00     0.00   0.00    0.00     0.00    0.00      0.00     0.00   0.00    0.00     0.00    0.00   0.00
loop6            0.00      0.00     0.00   0.00    0.00     0.00    0.00      0.00     0.00   0.00    0.00     0.00    0.00      0.00     0.00   0.00    0.00     0.00    0.00   0.00
loop7            0.00      0.00     0.00   0.00    0.00     0.00    0.00      0.00     0.00   0.00    0.00     0.00    0.00      0.00     0.00   0.00    0.00     0.00    0.00   0.00
md0           6849.00 3015076.80     0.00   0.00    0.00   440.22 4397.60 3173192.00     0.00   0.00    0.00   721.57    0.00      0.00     0.00   0.00    0.00     0.00    0.00   0.00
nvme0n1          0.00      0.00     0.00   0.00    0.00     0.00    1.00      6.40     0.40  28.57    0.00     6.40    0.00      0.00     0.00   0.00    0.00     0.00    0.00   0.16
nvme10n1       184.00  87976.00    42.20  18.66    0.29   478.13  156.60  94295.20     1.40   0.89    0.30   602.14    0.00      0.00     0.00   0.00    0.00     0.00    0.00  63.28
nvme11n1       178.80  87551.20    43.00  19.39    0.30   489.66  129.60  95651.20     1.40   1.07    0.37   738.05    0.00      0.00     0.00   0.00    0.00     0.00    0.00  60.16
nvme12n1       175.40  85974.40    40.20  18.65    0.29   490.16  129.80  95780.00     1.40   1.07    0.35   737.90    0.00      0.00     0.00   0.00    0.00     0.00    0.00  58.32
nvme13n1       174.40  85262.40    39.20  18.35    0.29   488.89  128.40  95524.80     1.40   1.08    0.36   743.96    0.00      0.00     0.00   0.00    0.00     0.00    0.00  57.52
nvme14n1       178.60  85883.20    39.80  18.22    0.29   480.87  128.60  95796.00     1.40   1.08    0.37   744.91    0.00      0.00     0.00   0.00    0.00     0.00    0.00  58.24
nvme15n1       178.00  86971.20    40.20  18.42    0.29   488.60  129.80  97508.00     2.00   1.52    0.35   751.22    0.00      0.00     0.00   0.00    0.00     0.00    0.00  59.60
nvme16n1       182.40  88141.60    40.80  18.28    0.29   483.23  137.00  95669.60     2.00   1.44    0.36   698.32    0.00      0.00     0.00   0.00    0.00     0.00    0.00  59.36
nvme17n1       179.40  86978.40    42.60  19.19    0.29   484.83  138.00  94908.80     1.80   1.29    0.30   687.74    0.00      0.00     0.00   0.00    0.00     0.00    0.00  60.24
nvme18n1       179.20  87827.20    42.80  19.28    0.29   490.11  132.40  95865.60     2.00   1.49    0.36   724.06    0.00      0.00     0.00   0.00    0.00     0.00    0.00  60.40
nvme19n1       181.80  88344.00    41.60  18.62    0.29   485.94  133.80  97288.80     2.00   1.47    0.36   727.12    0.00      0.00     0.00   0.00    0.00     0.00    0.00  60.96
nvme1n1        177.20  85388.00    41.20  18.86    0.28   481.87  130.20  96883.20     1.40   1.06    0.39   744.11    0.00      0.00     0.00   0.00    0.00     0.00    0.00  59.92
nvme20n1       184.40  89971.20    44.20  19.34    0.29   487.91  133.20  99050.40     1.80   1.33    0.40   743.62    0.00      0.00     0.00   0.00    0.00     0.00    0.00  60.88
nvme21n1       185.00  88485.60    40.60  18.00    0.30   478.30  133.00  98280.00     1.80   1.34    0.36   738.95    0.00      0.00     0.00   0.00    0.00     0.00    0.00  58.48
nvme22n1       181.40  87920.80    45.20  19.95    0.29   484.68  131.20  98168.00     1.60   1.20    0.37   748.23    0.00      0.00     0.00   0.00    0.00     0.00    0.00  59.76
nvme23n1       183.40  88404.80    39.80  17.83    0.30   482.03  130.40  96772.80     1.60   1.21    0.35   742.12    0.00      0.00     0.00   0.00    0.00     0.00    0.00  59.76
nvme24n1       178.00  85505.60    41.20  18.80    0.28   480.37  127.20  94820.80     1.60   1.24    0.34   745.45    0.00      0.00     0.00   0.00    0.00     0.00    0.00  59.36
nvme25n1       177.20  85451.20    39.20  18.11    0.30   482.23  126.00  93516.00     1.60   1.25    0.35   742.19    0.00      0.00     0.00   0.00    0.00     0.00    0.00  58.08
nvme26n1       176.20  85246.40    39.60  18.35    0.29   483.80  126.60  94020.00     1.40   1.09    0.35   742.65    0.00      0.00     0.00   0.00    0.00     0.00    0.00  59.12
nvme27n1       176.80  85376.00    40.00  18.45    0.29   482.90  128.60  93970.40     1.40   1.08    0.33   730.72    0.00      0.00     0.00   0.00    0.00     0.00    0.00  59.68
nvme28n1       170.40  83580.00    38.40  18.39    0.29   490.49  125.40  93248.80     1.40   1.10    0.37   743.61    0.00      0.00     0.00   0.00    0.00     0.00    0.00  57.84
nvme29n1       171.60  83185.60    36.80  17.66    0.28   484.76  126.40  93980.80     1.40   1.10    0.34   743.52    0.00      0.00     0.00   0.00    0.00     0.00    0.00  58.80
nvme2n1        178.40  86398.40    38.60  17.79    0.30   484.30  130.00  97204.80     1.60   1.22    0.36   747.73    0.00      0.00     0.00   0.00    0.00     0.00    0.00  59.68
nvme30n1       177.00  85872.80    39.60  18.28    0.28   485.16  129.60  95092.00     1.40   1.07    0.39   733.73    0.00      0.00     0.00   0.00    0.00     0.00    0.00  58.96
nvme31n1       180.40  85654.40    37.60  17.25    0.28   474.80  130.40  94584.00     1.40   1.06    0.35   725.34    0.00      0.00     0.00   0.00    0.00     0.00    0.00  59.04
nvme3n1        183.20  87000.80    41.00  18.29    0.28   474.90  135.20  97219.20     1.40   1.02    0.34   719.08    0.00      0.00     0.00   0.00    0.00     0.00    0.00  61.20
nvme4n1        184.20  89480.80    40.40  17.99    0.28   485.78  131.60  98168.80     1.40   1.05    0.36   745.96    0.00      0.00     0.00   0.00    0.00     0.00    0.00  60.48
nvme5n1        185.40  89992.00    41.60  18.33    0.29   485.39  130.60  96131.20     1.40   1.06    0.34   736.07    0.00      0.00     0.00   0.00    0.00     0.00    0.00  60.72
nvme6n1        186.40  90228.00    43.80  19.03    0.29   484.06  180.40  94825.60     5.60   3.01    0.27   525.64    0.00      0.00     0.00   0.00    0.00     0.00    0.00  62.32
nvme7n1        183.00  89760.00    42.60  18.88    0.29   490.49  204.60  94921.60     9.60   4.48    0.24   463.94    0.00      0.00     0.00   0.00    0.00     0.00    0.00  65.68
nvme8n1        186.00  90548.80    41.80  18.35    0.29   486.82  159.00  95964.00     1.40   0.87    0.31   603.55    0.00      0.00     0.00   0.00    0.00     0.00    0.00  63.60
nvme9n1        183.00  89021.60    43.60  19.24    0.30   486.46  144.80  95055.20     1.40   0.96    0.33   656.46    0.00      0.00     0.00   0.00    0.00     0.00    0.00  61.84


Device            r/s     rkB/s   rrqm/s  %rrqm r_await rareq-sz     w/s     wkB/s   wrqm/s  %wrqm w_await wareq-sz     d/s     dkB/s   drqm/s  %drqm d_await dareq-sz  aqu-sz  %util
dm-0             0.00      0.00     0.00   0.00    0.00     0.00    2.40     32.00     0.00   0.00    0.00    13.33    0.00      0.00     0.00   0.00    0.00     0.00    0.00   0.16
loop0            0.00      0.00     0.00   0.00    0.00     0.00    0.00      0.00     0.00   0.00    0.00     0.00    0.00      0.00     0.00   0.00    0.00     0.00    0.00   0.00
loop1            0.00      0.00     0.00   0.00    0.00     0.00    0.00      0.00     0.00   0.00    0.00     0.00    0.00      0.00     0.00   0.00    0.00     0.00    0.00   0.00
loop2            0.00      0.00     0.00   0.00    0.00     0.00    0.00      0.00     0.00   0.00    0.00     0.00    0.00      0.00     0.00   0.00    0.00     0.00    0.00   0.00
loop3            0.00      0.00     0.00   0.00    0.00     0.00    0.00      0.00     0.00   0.00    0.00     0.00    0.00      0.00     0.00   0.00    0.00     0.00    0.00   0.00
loop4            0.00      0.00     0.00   0.00    0.00     0.00    0.00      0.00     0.00   0.00    0.00     0.00    0.00      0.00     0.00   0.00    0.00     0.00    0.00   0.00
loop5            0.00      0.00     0.00   0.00    0.00     0.00    0.00      0.00     0.00   0.00    0.00     0.00    0.00      0.00     0.00   0.00    0.00     0.00    0.00   0.00
loop6            0.00      0.00     0.00   0.00    0.00     0.00    0.00      0.00     0.00   0.00    0.00     0.00    0.00      0.00     0.00   0.00    0.00     0.00    0.00   0.00
loop7            0.00      0.00     0.00   0.00    0.00     0.00    0.00      0.00     0.00   0.00    0.00     0.00    0.00      0.00     0.00   0.00    0.00     0.00    0.00   0.00
md0           3541.80 1723704.00     0.00   0.00    0.00   486.67 2505.00 1354355.20     0.00   0.00    0.00   540.66    0.00      0.00     0.00   0.00    0.00     0.00    0.00   0.00
nvme0n1          0.00      0.00     0.00   0.00    0.00     0.00    1.00     32.00     1.40  58.33    0.00    32.00    0.00      0.00     0.00   0.00    0.00     0.00    0.00   0.16
nvme10n1        95.00  45776.00    21.60  18.52    0.29   481.85   90.20  41432.00    45.80  33.68    0.27   459.33    0.00      0.00     0.00   0.00    0.00     0.00    0.00  26.40
nvme11n1        96.60  47142.40    21.80  18.41    0.30   488.02   73.60  42365.60    15.80  17.67    0.34   575.62    0.00      0.00     0.00   0.00    0.00     0.00    0.00  26.64
nvme12n1        97.40  48016.80    22.80  18.97    0.30   492.99   71.80  42900.00    25.80  26.43    0.32   597.49    0.00      0.00     0.00   0.00    0.00     0.00    0.00  25.84
nvme13n1        95.20  47225.60    21.20  18.21    0.30   496.07   67.60  43013.60     7.80  10.34    0.36   636.30    0.00      0.00     0.00   0.00    0.00     0.00    0.00  26.08
nvme14n1        98.00  47335.20    21.60  18.06    0.31   483.01   63.40  43564.00     6.20   8.91    0.38   687.13    0.00      0.00     0.00   0.00    0.00     0.00    0.00  26.32
nvme15n1        93.60  46856.80    22.80  19.59    0.28   500.61   65.00  43912.00     5.60   7.93    0.36   675.57    0.00      0.00     0.00   0.00    0.00     0.00    0.00  26.24
nvme16n1        94.60  46606.40    22.00  18.87    0.30   492.67   66.60  44166.40     7.60  10.24    0.41   663.16    0.00      0.00     0.00   0.00    0.00     0.00    0.00  26.96
nvme17n1        92.20  46248.00    23.40  20.24    0.28   501.61   74.40  45223.20     6.80   8.37    0.32   607.84    0.00      0.00     0.00   0.00    0.00     0.00    0.00  27.84
nvme18n1        90.60  45206.40    21.00  18.82    0.30   498.97   70.20  44734.40    10.40  12.90    0.36   637.24    0.00      0.00     0.00   0.00    0.00     0.00    0.00  26.64
nvme19n1        90.40  44520.00    21.60  19.29    0.30   492.48   69.40  44079.20     8.20  10.57    0.35   635.15    0.00      0.00     0.00   0.00    0.00     0.00    0.00  27.20
nvme1n1         91.00  45711.20    21.20  18.89    0.30   502.32   62.00  42121.60    11.00  15.07    0.38   679.38    0.00      0.00     0.00   0.00    0.00     0.00    0.00  26.08
nvme20n1        91.80  45018.40    21.20  18.76    0.28   490.40   67.20  44736.00     7.20   9.68    0.41   665.71    0.00      0.00     0.00   0.00    0.00     0.00    0.00  26.00
nvme21n1        89.80  44106.40    22.00  19.68    0.28   491.16   65.20  43767.20     6.40   8.94    0.39   671.28    0.00      0.00     0.00   0.00    0.00     0.00    0.00  26.24
nvme22n1        90.80  44654.40    20.20  18.20    0.29   491.79   67.20  44282.40     9.20  12.04    0.38   658.96    0.00      0.00     0.00   0.00    0.00     0.00    0.00  26.32
nvme23n1        89.40  44724.00    23.00  20.46    0.29   500.27   64.20  43467.20     4.80   6.96    0.38   677.06    0.00      0.00     0.00   0.00    0.00     0.00    0.00  25.92
nvme24n1        88.40  44907.20    21.60  19.64    0.29   508.00   65.00  43564.80     7.00   9.72    0.35   670.23    0.00      0.00     0.00   0.00    0.00     0.00    0.00  25.52
nvme25n1        89.20  42496.00    20.80  18.91    0.29   476.41   63.40  42959.20     8.00  11.20    0.35   677.59    0.00      0.00     0.00   0.00    0.00     0.00    0.00  26.40
nvme26n1        89.60  42863.20    21.00  18.99    0.29   478.38   66.40  43395.20     5.40   7.52    0.35   653.54    0.00      0.00     0.00   0.00    0.00     0.00    0.00  26.96
nvme27n1        87.60  42563.20    21.40  19.63    0.29   485.88   62.80  42942.40     5.00   7.37    0.34   683.80    0.00      0.00     0.00   0.00    0.00     0.00    0.00  25.68
nvme28n1        87.60  43049.60    20.40  18.89    0.29   491.43   65.60  42432.80     9.00  12.06    0.37   646.84    0.00      0.00     0.00   0.00    0.00     0.00    0.00  24.72
nvme29n1        88.60  44101.60    18.60  17.35    0.28   497.76   61.60  42664.80     6.80   9.94    0.35   692.61    0.00      0.00     0.00   0.00    0.00     0.00    0.00  26.80
nvme2n1         97.80  46744.00    20.80  17.54    0.31   477.96   65.40  42905.60     7.80  10.66    0.34   656.05    0.00      0.00     0.00   0.00    0.00     0.00    0.00  26.56
nvme30n1        89.40  44609.60    21.60  19.46    0.30   498.99   64.40  41988.80     5.60   8.00    0.39   652.00    0.00      0.00     0.00   0.00    0.00     0.00    0.00  26.40
nvme31n1        93.00  45084.00    19.40  17.26    0.29   484.77   65.60  42147.20     7.80  10.63    0.33   642.49    0.00      0.00     0.00   0.00    0.00     0.00    0.00  26.16
nvme3n1         93.20  47169.60    23.00  19.79    0.29   506.11   61.80  42788.00    11.20  15.34    0.35   692.36    0.00      0.00     0.00   0.00    0.00     0.00    0.00  26.96
nvme4n1         96.20  45858.40    22.00  18.61    0.27   476.70   63.00  42131.20     6.60   9.48    0.37   668.75    0.00      0.00     0.00   0.00    0.00     0.00    0.00  26.00
nvme5n1         93.00  46316.80    22.80  19.69    0.29   498.03   64.80  42056.80    10.80  14.29    0.33   649.02    0.00      0.00     0.00   0.00    0.00     0.00    0.00  25.84
nvme6n1         96.60  46570.40    21.60  18.27    0.29   482.10   74.00  41801.60     4.40   5.61    0.31   564.89    0.00      0.00     0.00   0.00    0.00     0.00    0.00  28.00
nvme7n1         95.60  47449.60    22.60  19.12    0.30   496.33   89.60  43213.60     9.40   9.49    0.27   482.29    0.00      0.00     0.00   0.00    0.00     0.00    0.00  29.12
nvme8n1         95.20  47024.80    21.40  18.35    0.32   493.96   80.80  42712.80    15.20  15.83    0.30   528.62    0.00      0.00     0.00   0.00    0.00     0.00    0.00  27.52
nvme9n1         96.00  46640.80    21.60  18.37    0.30   485.84   89.00  41885.60    30.80  25.71    0.27   470.62    0.00      0.00     0.00   0.00    0.00     0.00    0.00  28.40


Device            r/s     rkB/s   rrqm/s  %rrqm r_await rareq-sz     w/s     wkB/s   wrqm/s  %wrqm w_await wareq-sz     d/s     dkB/s   drqm/s  %drqm d_await dareq-sz  aqu-sz  %util
dm-0             0.00      0.00     0.00   0.00    0.00     0.00    2.20      8.80     0.00   0.00    0.00     4.00    0.00      0.00     0.00   0.00    0.00     0.00    0.00   0.16
loop0            0.00      0.00     0.00   0.00    0.00     0.00    0.00      0.00     0.00   0.00    0.00     0.00    0.00      0.00     0.00   0.00    0.00     0.00    0.00   0.00
loop1            0.00      0.00     0.00   0.00    0.00     0.00    0.00      0.00     0.00   0.00    0.00     0.00    0.00      0.00     0.00   0.00    0.00     0.00    0.00   0.00
loop2            0.00      0.00     0.00   0.00    0.00     0.00    0.00      0.00     0.00   0.00    0.00     0.00    0.00      0.00     0.00   0.00    0.00     0.00    0.00   0.00
loop3            0.00      0.00     0.00   0.00    0.00     0.00    0.00      0.00     0.00   0.00    0.00     0.00    0.00      0.00     0.00   0.00    0.00     0.00    0.00   0.00
loop4            0.00      0.00     0.00   0.00    0.00     0.00    0.00      0.00     0.00   0.00    0.00     0.00    0.00      0.00     0.00   0.00    0.00     0.00    0.00   0.00
loop5            0.00      0.00     0.00   0.00    0.00     0.00    0.00      0.00     0.00   0.00    0.00     0.00    0.00      0.00     0.00   0.00    0.00     0.00    0.00   0.00
loop6            0.00      0.00     0.00   0.00    0.00     0.00    0.00      0.00     0.00   0.00    0.00     0.00    0.00      0.00     0.00   0.00    0.00     0.00    0.00   0.00
loop7            0.00      0.00     0.00   0.00    0.00     0.00    0.00      0.00     0.00   0.00    0.00     0.00    0.00      0.00     0.00   0.00    0.00     0.00    0.00   0.00
md0           13472.00 5728110.40     0.00   0.00    0.00   425.19 7167.40 5016128.00     0.00   0.00    0.00   699.85    0.00      0.00     0.00   0.00    0.00     0.00    0.00   0.00
nvme0n1          0.00      0.00     0.00   0.00    0.00     0.00    0.60      8.80     1.60  72.73    0.00    14.67    0.00      0.00     0.00   0.00    0.00     0.00    0.00   0.16
nvme10n1       353.40 165045.60    81.60  18.76    0.32   467.02  276.40 160218.40     0.40   0.14    0.35   579.66    0.00      0.00     0.00   0.00    0.00     0.00    0.00  69.68
nvme11n1       351.20 163686.40    84.40  19.38    0.31   466.08  217.20 158524.00     0.40   0.18    0.43   729.85    0.00      0.00     0.00   0.00    0.00     0.00    0.00  66.80
nvme12n1       354.20 165105.60    79.80  18.39    0.33   466.14  214.80 157741.60     0.40   0.19    0.42   734.36    0.00      0.00     0.00   0.00    0.00     0.00    0.00  67.52
nvme13n1       344.60 161550.40    85.20  19.82    0.34   468.81  215.40 158675.20     0.40   0.19    0.44   736.65    0.00      0.00     0.00   0.00    0.00     0.00    0.00  67.20
nvme14n1       348.40 161367.20    80.60  18.79    0.33   463.17  213.80 157667.20     0.40   0.19    0.42   737.45    0.00      0.00     0.00   0.00    0.00     0.00    0.00  66.72
nvme15n1       346.40 163012.80    84.60  19.63    0.31   470.59  211.60 156877.60     0.40   0.19    0.41   741.39    0.00      0.00     0.00   0.00    0.00     0.00    0.00  66.72
nvme16n1       351.60 162292.80    80.00  18.54    0.32   461.58  220.60 158374.40     0.40   0.18    0.46   717.93    0.00      0.00     0.00   0.00    0.00     0.00    0.00  66.80
nvme17n1       346.00 163680.00    85.60  19.83    0.31   473.06  227.80 158574.40     0.40   0.18    0.36   696.11    0.00      0.00     0.00   0.00    0.00     0.00    0.00  68.24
nvme18n1       353.60 164805.60    80.60  18.56    0.33   466.08  253.80 160885.60     0.40   0.16    0.38   633.91    0.00      0.00     0.00   0.00    0.00     0.00    0.00  68.72
nvme19n1       341.40 161652.00    85.40  20.01    0.32   473.50  220.60 159464.80     0.40   0.18    0.40   722.87    0.00      0.00     0.00   0.00    0.00     0.00    0.00  68.64
nvme1n1        357.80 170233.60    85.40  19.27    0.33   475.78  216.40 163065.60     0.40   0.18    0.47   753.54    0.00      0.00     0.00   0.00    0.00     0.00    0.00  67.36
nvme20n1       347.20 163010.40    77.80  18.31    0.32   469.50  211.80 159720.00     0.60   0.28    0.45   754.11    0.00      0.00     0.00   0.00    0.00     0.00    0.00  66.80
nvme21n1       344.00 164466.40    85.40  19.89    0.32   478.10  218.20 162445.60     0.60   0.27    0.42   744.48    0.00      0.00     0.00   0.00    0.00     0.00    0.00  68.40
nvme22n1       344.00 162859.20    78.80  18.64    0.32   473.43  213.20 159087.20     0.60   0.28    0.44   746.19    0.00      0.00     0.00   0.00    0.00     0.00    0.00  68.40
nvme23n1       345.40 163339.20    84.60  19.67    0.31   472.90  208.40 156386.40     0.40   0.19    0.40   750.41    0.00      0.00     0.00   0.00    0.00     0.00    0.00  69.28
nvme24n1       347.00 162669.60    77.40  18.24    0.31   468.79  208.80 157914.40     0.40   0.19    0.40   756.30    0.00      0.00     0.00   0.00    0.00     0.00    0.00  67.44
nvme25n1       349.40 165271.20    85.80  19.72    0.31   473.01  215.40 160200.80     0.40   0.19    0.42   743.74    0.00      0.00     0.00   0.00    0.00     0.00    0.00  67.36
nvme26n1       352.00 168878.40    81.80  18.86    0.34   479.77  215.00 158520.00     0.40   0.19    0.42   737.30    0.00      0.00     0.00   0.00    0.00     0.00    0.00  67.04
nvme27n1       359.80 169399.20    84.80  19.07    0.30   470.81  216.20 157842.40     0.40   0.18    0.37   730.08    0.00      0.00     0.00   0.00    0.00     0.00    0.00  67.76
nvme28n1       354.40 168609.60    80.80  18.57    0.33   475.76  217.40 159456.80     0.40   0.18    0.44   733.47    0.00      0.00     0.00   0.00    0.00     0.00    0.00  67.44
nvme29n1       354.00 167598.40    84.40  19.25    0.32   473.44  218.00 159964.80     0.40   0.18    0.39   733.78    0.00      0.00     0.00   0.00    0.00     0.00    0.00  67.36
nvme2n1        352.40 168017.60    83.00  19.06    0.33   476.78  216.60 160908.80     0.40   0.18    0.41   742.88    0.00      0.00     0.00   0.00    0.00     0.00    0.00  66.88
nvme30n1       361.40 171366.40    84.60  18.97    0.34   474.17  220.40 162302.40     0.40   0.18    0.49   736.40    0.00      0.00     0.00   0.00    0.00     0.00    0.00  65.52
nvme31n1       359.80 170098.40    81.40  18.45    0.32   472.76  221.80 162848.00     0.40   0.18    0.41   734.21    0.00      0.00     0.00   0.00    0.00     0.00    0.00  67.36
nvme3n1        359.00 168556.00    84.00  18.96    0.32   469.52  217.20 161271.20     0.40   0.18    0.43   742.50    0.00      0.00     0.00   0.00    0.00     0.00    0.00  67.60
nvme4n1        356.20 168232.00    79.80  18.30    0.31   472.30  216.40 160536.80     0.40   0.18    0.42   741.85    0.00      0.00     0.00   0.00    0.00     0.00    0.00  67.12
nvme5n1        354.60 167439.20    86.60  19.63    0.33   472.19  216.40 159772.80     0.40   0.18    0.40   738.32    0.00      0.00     0.00   0.00    0.00     0.00    0.00  67.36
nvme6n1        350.00 165624.80    82.20  19.02    0.33   473.21  281.20 159668.00     5.00   1.75    0.35   567.81    0.00      0.00     0.00   0.00    0.00     0.00    0.00  69.84
nvme7n1        354.60 166256.80    87.80  19.85    0.33   468.86  305.40 161558.40     9.40   2.99    0.31   529.01    0.00      0.00     0.00   0.00    0.00     0.00    0.00  70.08
nvme8n1        351.60 164656.80    81.60  18.84    0.32   468.31  244.20 161424.80     0.40   0.16    0.41   661.04    0.00      0.00     0.00   0.00    0.00     0.00    0.00  68.56
nvme9n1        357.40 165204.80    83.80  18.99    0.34   462.24  244.40 161028.00     0.40   0.16    0.40   658.87    0.00      0.00     0.00   0.00    0.00     0.00    0.00  69.20


Device            r/s     rkB/s   rrqm/s  %rrqm r_await rareq-sz     w/s     wkB/s   wrqm/s  %wrqm w_await wareq-sz     d/s     dkB/s   drqm/s  %drqm d_await dareq-sz  aqu-sz  %util
dm-0             0.00      0.00     0.00   0.00    0.00     0.00    1.80      7.20     0.00   0.00    0.00     4.00    0.00      0.00     0.00   0.00    0.00     0.00    0.00   0.08
loop0            0.00      0.00     0.00   0.00    0.00     0.00    0.00      0.00     0.00   0.00    0.00     0.00    0.00      0.00     0.00   0.00    0.00     0.00    0.00   0.00
loop1            0.00      0.00     0.00   0.00    0.00     0.00    0.00      0.00     0.00   0.00    0.00     0.00    0.00      0.00     0.00   0.00    0.00     0.00    0.00   0.00
loop2            0.00      0.00     0.00   0.00    0.00     0.00    0.00      0.00     0.00   0.00    0.00     0.00    0.00      0.00     0.00   0.00    0.00     0.00    0.00   0.00
loop3            0.00      0.00     0.00   0.00    0.00     0.00    0.00      0.00     0.00   0.00    0.00     0.00    0.00      0.00     0.00   0.00    0.00     0.00    0.00   0.00
loop4            0.00      0.00     0.00   0.00    0.00     0.00    0.00      0.00     0.00   0.00    0.00     0.00    0.00      0.00     0.00   0.00    0.00     0.00    0.00   0.00
loop5            0.00      0.00     0.00   0.00    0.00     0.00    0.00      0.00     0.00   0.00    0.00     0.00    0.00      0.00     0.00   0.00    0.00     0.00    0.00   0.00
loop6            0.00      0.00     0.00   0.00    0.00     0.00    0.00      0.00     0.00   0.00    0.00     0.00    0.00      0.00     0.00   0.00    0.00     0.00    0.00   0.00
loop7            0.00      0.00     0.00   0.00    0.00     0.00    0.00      0.00     0.00   0.00    0.00     0.00    0.00      0.00     0.00   0.00    0.00     0.00    0.00   0.00
md0           2078.20 629081.60     0.00   0.00    0.00   302.71 1816.20 567830.40     0.00   0.00    0.00   312.65    0.00      0.00     0.00   0.00    0.00     0.00    0.00   0.00
nvme0n1          0.00      0.00     0.00   0.00    0.00     0.00    0.40      7.20     1.40  77.78    0.00    18.00    0.00      0.00     0.00   0.00    0.00     0.00    0.00   0.08
nvme10n1        46.00  18015.20    16.60  26.52    0.22   391.63   61.20  18472.80    39.80  39.41    0.24   301.84    0.00      0.00     0.00   0.00    0.00     0.00    0.00  18.16
nvme11n1        48.40  18849.60    16.80  25.77    0.22   389.45   53.80  18370.40     6.60  10.93    0.28   341.46    0.00      0.00     0.00   0.00    0.00     0.00    0.00  19.04
nvme12n1        50.00  19389.60    17.40  25.82    0.22   387.79   56.80  18384.80    15.20  21.11    0.24   323.68    0.00      0.00     0.00   0.00    0.00     0.00    0.00  18.64
nvme13n1        50.00  19715.20    18.00  26.47    0.22   394.30   50.20  17964.80    19.40  27.87    0.29   357.86    0.00      0.00     0.00   0.00    0.00     0.00    0.00  19.28
nvme14n1        50.80  20031.20    18.20  26.38    0.22   394.31   47.80  17809.60     7.00  12.77    0.28   372.59    0.00      0.00     0.00   0.00    0.00     0.00    0.00  18.96
nvme15n1        50.40  19875.20    18.60  26.96    0.22   394.35   47.00  18716.00     5.60  10.65    0.28   398.21    0.00      0.00     0.00   0.00    0.00     0.00    0.00  19.28
nvme16n1        49.20  19341.60    17.60  26.35    0.22   393.12   51.20  18773.60     8.00  13.51    0.29   366.67    0.00      0.00     0.00   0.00    0.00     0.00    0.00  19.20
nvme17n1        55.00  20766.40    19.20  25.88    0.22   377.57   50.60  19472.00     6.20  10.92    0.26   384.82    0.00      0.00     0.00   0.00    0.00     0.00    0.00  21.12
nvme18n1        50.40  19597.60    17.40  25.66    0.23   388.84   51.60  19068.00     7.60  12.84    0.28   369.53    0.00      0.00     0.00   0.00    0.00     0.00    0.00  19.04
nvme19n1        53.40  19564.80    19.20  26.45    0.21   366.38   50.80  18980.80     5.80  10.25    0.27   373.64    0.00      0.00     0.00   0.00    0.00     0.00    0.00  20.88
nvme1n1         50.00  19396.00    15.00  23.08    0.23   387.92   44.00  17992.00     6.20  12.35    0.30   408.91    0.00      0.00     0.00   0.00    0.00     0.00    0.00  18.72
nvme20n1        49.60  19245.60    18.00  26.63    0.22   388.02   49.80  18388.00     4.80   8.79    0.29   369.24    0.00      0.00     0.00   0.00    0.00     0.00    0.00  18.56
nvme21n1        52.60  19944.00    20.00  27.55    0.21   379.16   45.20  18241.60     2.60   5.44    0.30   403.58    0.00      0.00     0.00   0.00    0.00     0.00    0.00  19.84
nvme22n1        50.60  19685.60    18.40  26.67    0.23   389.04   47.20  17977.60     6.40  11.94    0.28   380.88    0.00      0.00     0.00   0.00    0.00     0.00    0.00  18.56
nvme23n1        51.20  19440.80    20.60  28.69    0.21   379.70   46.20  18352.00     5.20  10.12    0.28   397.23    0.00      0.00     0.00   0.00    0.00     0.00    0.00  20.00
nvme24n1        50.20  19856.00    18.20  26.61    0.22   395.54   46.00  17779.20     6.40  12.21    0.27   386.50    0.00      0.00     0.00   0.00    0.00     0.00    0.00  18.32
nvme25n1        46.40  17990.40    18.80  28.83    0.22   387.72   44.40  17479.20     6.80  13.28    0.27   393.68    0.00      0.00     0.00   0.00    0.00     0.00    0.00  18.32
nvme26n1        46.40  17898.40    16.80  26.58    0.22   385.74   43.40  17558.40     2.60   5.65    0.29   404.57    0.00      0.00     0.00   0.00    0.00     0.00    0.00  16.96
nvme27n1        48.20  18120.00    18.40  27.63    0.22   375.93   45.40  17595.20     6.80  13.03    0.26   387.56    0.00      0.00     0.00   0.00    0.00     0.00    0.00  18.56
nvme28n1        43.20  17236.80    16.20  27.27    0.23   399.00   45.20  17486.40     5.00   9.96    0.28   386.87    0.00      0.00     0.00   0.00    0.00     0.00    0.00  16.40
nvme29n1        49.40  18396.00    17.20  25.83    0.21   372.39   43.60  17576.00     6.20  12.45    0.28   403.12    0.00      0.00     0.00   0.00    0.00     0.00    0.00  19.12
nvme2n1         51.20  19204.00    18.80  26.86    0.21   375.08   50.20  18834.40     5.80  10.36    0.27   375.19    0.00      0.00     0.00   0.00    0.00     0.00    0.00  19.92
nvme30n1        46.60  18256.00    16.00  25.56    0.23   391.76   43.40  17313.60     5.20  10.70    0.33   398.93    0.00      0.00     0.00   0.00    0.00     0.00    0.00  18.32
nvme31n1        46.80  18091.20    18.40  28.22    0.21   386.56   47.60  17913.60     6.60  12.18    0.27   376.34    0.00      0.00     0.00   0.00    0.00     0.00    0.00  18.80
nvme3n1         51.00  19687.20    17.20  25.22    0.22   386.02   47.40  19375.20     9.00  15.96    0.29   408.76    0.00      0.00     0.00   0.00    0.00     0.00    0.00  19.52
nvme4n1         52.40  19213.60    18.00  25.57    0.21   366.67   50.00  18862.40     7.60  13.19    0.28   377.25    0.00      0.00     0.00   0.00    0.00     0.00    0.00  19.84
nvme5n1         49.40  19629.60    18.20  26.92    0.22   397.36   43.00  18277.60     4.80  10.04    0.29   425.06    0.00      0.00     0.00   0.00    0.00     0.00    0.00  18.24
nvme6n1         48.00  18204.80    17.40  26.61    0.22   379.27   56.60  18059.20     5.40   8.71    0.24   319.07    0.00      0.00     0.00   0.00    0.00     0.00    0.00  19.92
nvme7n1         47.40  17844.80    16.80  26.17    0.22   376.47   53.60  17913.60     7.60  12.42    0.23   334.21    0.00      0.00     0.00   0.00    0.00     0.00    0.00  21.04
nvme8n1         47.20  18476.00    17.60  27.16    0.22   391.44   58.40  18377.60     9.80  14.37    0.24   314.68    0.00      0.00     0.00   0.00    0.00     0.00    0.00  19.68
nvme9n1         44.60  17614.40    17.40  28.06    0.22   394.94   69.40  18424.80    18.60  21.14    0.21   265.49    0.00      0.00     0.00   0.00    0.00     0.00    0.00  21.28


Device            r/s     rkB/s   rrqm/s  %rrqm r_await rareq-sz     w/s     wkB/s   wrqm/s  %wrqm w_await wareq-sz     d/s     dkB/s   drqm/s  %drqm d_await dareq-sz  aqu-sz  %util
dm-0             0.00      0.00     0.00   0.00    0.00     0.00    9.60     40.00     0.00   0.00    0.00     4.17    0.00      0.00     0.00   0.00    0.00     0.00    0.00   0.16
loop0            0.00      0.00     0.00   0.00    0.00     0.00    0.00      0.00     0.00   0.00    0.00     0.00    0.00      0.00     0.00   0.00    0.00     0.00    0.00   0.00
loop1            0.00      0.00     0.00   0.00    0.00     0.00    0.00      0.00     0.00   0.00    0.00     0.00    0.00      0.00     0.00   0.00    0.00     0.00    0.00   0.00
loop2            0.00      0.00     0.00   0.00    0.00     0.00    0.00      0.00     0.00   0.00    0.00     0.00    0.00      0.00     0.00   0.00    0.00     0.00    0.00   0.00
loop3            0.00      0.00     0.00   0.00    0.00     0.00    0.00      0.00     0.00   0.00    0.00     0.00    0.00      0.00     0.00   0.00    0.00     0.00    0.00   0.00
loop4            0.00      0.00     0.00   0.00    0.00     0.00    0.00      0.00     0.00   0.00    0.00     0.00    0.00      0.00     0.00   0.00    0.00     0.00    0.00   0.00
loop5            0.00      0.00     0.00   0.00    0.00     0.00    0.00      0.00     0.00   0.00    0.00     0.00    0.00      0.00     0.00   0.00    0.00     0.00    0.00   0.00
loop6            0.00      0.00     0.00   0.00    0.00     0.00    0.00      0.00     0.00   0.00    0.00     0.00    0.00      0.00     0.00   0.00    0.00     0.00    0.00   0.00
loop7            0.00      0.00     0.00   0.00    0.00     0.00    0.00      0.00     0.00   0.00    0.00     0.00    0.00      0.00     0.00   0.00    0.00     0.00    0.00   0.00
md0           1492.60 650478.40     0.00   0.00    0.00   435.80  751.40 575909.60     0.00   0.00    0.00   766.45    0.00      0.00     0.00   0.00    0.00     0.00    0.00   0.00
nvme0n1          0.00      0.00     0.00   0.00    0.00     0.00    8.40     40.00     1.20  12.50    0.05     4.76    0.00      0.00     0.00   0.00    0.00     0.00    0.00   0.16
nvme10n1        42.80  19856.80     8.40  16.41    0.25   463.94   23.60  18985.60     0.00   0.00    0.36   804.47    0.00      0.00     0.00   0.00    0.00     0.00    0.00  19.44
nvme11n1        39.80  20348.00    10.40  20.72    0.26   511.26   24.00  19505.60     0.00   0.00    0.37   812.73    0.00      0.00     0.00   0.00    0.00     0.00    0.00  19.60
nvme12n1        40.20  19832.00     9.40  18.95    0.25   493.33   24.40  19768.80     0.00   0.00    0.36   810.20    0.00      0.00     0.00   0.00    0.00     0.00    0.00  19.44
nvme13n1        41.00  19452.00     9.60  18.97    0.25   474.44   24.40  19512.00     0.00   0.00    0.39   799.67    0.00      0.00     0.00   0.00    0.00     0.00    0.00  20.00
nvme14n1        41.20  19837.60     9.00  17.93    0.26   481.50   24.60  20239.20     0.00   0.00    0.39   822.73    0.00      0.00     0.00   0.00    0.00     0.00    0.00  19.92
nvme15n1        42.00  20427.20    10.80  20.45    0.24   486.36   23.60  19865.60     0.00   0.00    0.35   841.76    0.00      0.00     0.00   0.00    0.00     0.00    0.00  20.08
nvme16n1        40.40  19540.00     8.20  16.87    0.25   483.66   24.80  19187.20     0.00   0.00    0.35   773.68    0.00      0.00     0.00   0.00    0.00     0.00    0.00  19.20
nvme17n1        41.00  19346.40    10.20  19.92    0.24   471.86   26.60  18961.60     0.00   0.00    0.30   712.84    0.00      0.00     0.00   0.00    0.00     0.00    0.00  20.88
nvme18n1        40.80  19517.60     8.60  17.41    0.26   478.37   24.00  18288.80     0.00   0.00    0.35   762.03    0.00      0.00     0.00   0.00    0.00     0.00    0.00  18.00
nvme19n1        39.20  18246.40    10.00  20.33    0.24   465.47   24.40  18382.40     0.00   0.00    0.33   753.38    0.00      0.00     0.00   0.00    0.00     0.00    0.00  18.80
nvme1n1         38.40  19159.20     8.80  18.64    0.26   498.94   21.20  17817.60     0.00   0.00    0.38   840.45    0.00      0.00     0.00   0.00    0.00     0.00    0.00  18.24
nvme20n1        37.80  18550.40     8.00  17.47    0.25   490.75   21.20  16919.20     0.00   0.00    0.38   798.08    0.00      0.00     0.00   0.00    0.00     0.00    0.00  17.52
nvme21n1        40.20  19344.80     9.60  19.28    0.25   481.21   20.60  17173.60     0.00   0.00    0.39   833.67    0.00      0.00     0.00   0.00    0.00     0.00    0.00  17.76
nvme22n1        37.00  18360.80     8.40  18.50    0.25   496.24   21.60  17183.20     0.00   0.00    0.34   795.52    0.00      0.00     0.00   0.00    0.00     0.00    0.00  17.36
nvme23n1        38.40  18237.60     9.00  18.99    0.24   474.94   19.80  16998.40     0.00   0.00    0.35   858.51    0.00      0.00     0.00   0.00    0.00     0.00    0.00  17.76
nvme24n1        34.40  17650.40     8.20  19.25    0.27   513.09   21.20  18050.40     0.00   0.00    0.38   851.43    0.00      0.00     0.00   0.00    0.00     0.00    0.00  16.72
nvme25n1        38.00  18524.80     9.60  20.17    0.24   487.49   21.80  17954.40     0.00   0.00    0.35   823.60    0.00      0.00     0.00   0.00    0.00     0.00    0.00  18.16
nvme26n1        36.60  18600.00     8.60  19.03    0.27   508.20   22.80  18096.80     0.00   0.00    0.36   793.72    0.00      0.00     0.00   0.00    0.00     0.00    0.00  17.92
nvme27n1        37.80  18439.20     9.60  20.25    0.24   487.81   21.80  17998.40     0.00   0.00    0.35   825.61    0.00      0.00     0.00   0.00    0.00     0.00    0.00  18.48
nvme28n1        38.00  19405.60     8.00  17.39    0.26   510.67   21.40  17817.60     0.00   0.00    0.36   832.60    0.00      0.00     0.00   0.00    0.00     0.00    0.00  18.24
nvme29n1        39.40  18919.20     9.20  18.93    0.25   480.18   22.40  17732.80     0.00   0.00    0.34   791.64    0.00      0.00     0.00   0.00    0.00     0.00    0.00  18.24
nvme2n1         39.40  20019.20    10.00  20.24    0.26   508.10   23.00  18047.20     0.00   0.00    0.34   784.66    0.00      0.00     0.00   0.00    0.00     0.00    0.00  19.12
nvme30n1        38.20  19292.80     8.60  18.38    0.26   505.05   21.60  18022.40     0.00   0.00    0.40   834.37    0.00      0.00     0.00   0.00    0.00     0.00    0.00  18.96
nvme31n1        37.80  18672.00     9.80  20.59    0.26   493.97   21.60  18016.00     0.00   0.00    0.35   834.07    0.00      0.00     0.00   0.00    0.00     0.00    0.00  18.64
nvme3n1         38.40  18748.00     9.20  19.33    0.25   488.23   23.00  17923.20     0.00   0.00    0.35   779.27    0.00      0.00     0.00   0.00    0.00     0.00    0.00  18.64
nvme4n1         38.60  19006.40     9.40  19.58    0.25   492.39   22.00  16948.80     0.00   0.00    0.35   770.40    0.00      0.00     0.00   0.00    0.00     0.00    0.00  18.64
nvme5n1         38.00  18720.80     8.40  18.10    0.26   492.65   21.40  16581.60     0.00   0.00    0.35   774.84    0.00      0.00     0.00   0.00    0.00     0.00    0.00  17.92
nvme6n1         38.40  19097.60     9.60  20.00    0.25   497.33   31.20  17069.60     0.00   0.00    0.26   547.10    0.00      0.00     0.00   0.00    0.00     0.00    0.00  20.56
nvme7n1         37.40  18941.60     8.00  17.62    0.26   506.46   33.60  17284.00     0.80   2.33    0.23   514.40    0.00      0.00     0.00   0.00    0.00     0.00    0.00  20.32
nvme8n1         40.80  19327.20     8.60  17.41    0.25   473.71   26.60  18362.40     0.00   0.00    0.32   690.32    0.00      0.00     0.00   0.00    0.00     0.00    0.00  19.68
nvme9n1         38.40  19568.80     9.20  19.33    0.26   509.60   32.40  19225.60     0.00   0.00    0.29   593.38    0.00      0.00     0.00   0.00    0.00     0.00    0.00  21.44


Device            r/s     rkB/s   rrqm/s  %rrqm r_await rareq-sz     w/s     wkB/s   wrqm/s  %wrqm w_await wareq-sz     d/s     dkB/s   drqm/s  %drqm d_await dareq-sz  aqu-sz  %util
dm-0             0.00      0.00     0.00   0.00    0.00     0.00    1.60      6.40     0.00   0.00    0.00     4.00    0.00      0.00     0.00   0.00    0.00     0.00    0.00   0.08
loop0            0.00      0.00     0.00   0.00    0.00     0.00    0.00      0.00     0.00   0.00    0.00     0.00    0.00      0.00     0.00   0.00    0.00     0.00    0.00   0.00
loop1            0.00      0.00     0.00   0.00    0.00     0.00    0.00      0.00     0.00   0.00    0.00     0.00    0.00      0.00     0.00   0.00    0.00     0.00    0.00   0.00
loop2            0.00      0.00     0.00   0.00    0.00     0.00    0.00      0.00     0.00   0.00    0.00     0.00    0.00      0.00     0.00   0.00    0.00     0.00    0.00   0.00
loop3            0.00      0.00     0.00   0.00    0.00     0.00    0.00      0.00     0.00   0.00    0.00     0.00    0.00      0.00     0.00   0.00    0.00     0.00    0.00   0.00
loop4            0.00      0.00     0.00   0.00    0.00     0.00    0.00      0.00     0.00   0.00    0.00     0.00    0.00      0.00     0.00   0.00    0.00     0.00    0.00   0.00
loop5            0.00      0.00     0.00   0.00    0.00     0.00    0.00      0.00     0.00   0.00    0.00     0.00    0.00      0.00     0.00   0.00    0.00     0.00    0.00   0.00
loop6            0.00      0.00     0.00   0.00    0.00     0.00    0.00      0.00     0.00   0.00    0.00     0.00    0.00      0.00     0.00   0.00    0.00     0.00    0.00   0.00
loop7            0.00      0.00     0.00   0.00    0.00     0.00    0.00      0.00     0.00   0.00    0.00     0.00    0.00      0.00     0.00   0.00    0.00     0.00    0.00   0.00
md0           1440.40 639092.80     0.00   0.00    0.00   443.69  825.20 564742.40     0.00   0.00    0.00   684.37    0.00      0.00     0.00   0.00    0.00     0.00    0.00   0.00
nvme0n1          0.00      0.00     0.00   0.00    0.00     0.00    0.40      6.40     1.20  75.00    0.00    16.00    0.00      0.00     0.00   0.00    0.00     0.00    0.00   0.08
nvme10n1        38.20  18633.60     8.80  18.72    0.26   487.79   32.60  17112.00     5.80  15.10    0.25   524.91    0.00      0.00     0.00   0.00    0.00     0.00    0.00  18.96
nvme11n1        35.80  18227.20     7.80  17.89    0.27   509.14   21.40  17009.60     0.80   3.60    0.34   794.84    0.00      0.00     0.00   0.00    0.00     0.00    0.00  18.16
nvme12n1        36.80  19209.60     9.60  20.69    0.27   522.00   25.40  18200.00     2.60   9.29    0.31   716.54    0.00      0.00     0.00   0.00    0.00     0.00    0.00  19.04
nvme13n1        37.20  19208.80     9.00  19.48    0.27   516.37   27.80  17848.00     5.80  17.26    0.29   642.01    0.00      0.00     0.00   0.00    0.00     0.00    0.00  18.56
nvme14n1        35.60  18510.40     8.40  19.09    0.28   519.96   23.40  17359.20     1.00   4.10    0.33   741.85    0.00      0.00     0.00   0.00    0.00     0.00    0.00  17.84
nvme15n1        36.60  18848.80     8.60  19.03    0.27   514.99   21.80  17553.60     0.80   3.54    0.33   805.21    0.00      0.00     0.00   0.00    0.00     0.00    0.00  18.08
nvme16n1        37.20  19452.80     9.00  19.48    0.27   522.92   24.00  18128.80     0.60   2.44    0.33   755.37    0.00      0.00     0.00   0.00    0.00     0.00    0.00  18.96
nvme17n1        36.40  18349.60     9.00  19.82    0.27   504.11   27.20  18534.40     1.80   6.21    0.28   681.41    0.00      0.00     0.00   0.00    0.00     0.00    0.00  19.60
nvme18n1        36.20  18641.60     8.80  19.56    0.27   514.96   25.40  19587.20     0.40   1.55    0.35   771.15    0.00      0.00     0.00   0.00    0.00     0.00    0.00  19.60
nvme19n1        37.00  18799.20     8.20  18.14    0.28   508.09   25.60  19637.60     1.60   5.88    0.33   767.09    0.00      0.00     0.00   0.00    0.00     0.00    0.00  19.12
nvme1n1         38.00  19572.00     9.40  19.83    0.27   515.05   21.80  17669.60     0.20   0.91    0.36   810.53    0.00      0.00     0.00   0.00    0.00     0.00    0.00  18.16
nvme20n1        35.40  18333.60     9.60  21.33    0.27   517.90   23.20  18508.80     0.40   1.69    0.35   797.79    0.00      0.00     0.00   0.00    0.00     0.00    0.00  18.24
nvme21n1        37.80  18840.00     8.20  17.83    0.26   498.41   24.60  18352.00     1.00   3.91    0.33   746.02    0.00      0.00     0.00   0.00    0.00     0.00    0.00  18.24
nvme22n1        37.00  19070.40     9.20  19.91    0.28   515.42   23.20  18078.40     0.20   0.85    0.34   779.24    0.00      0.00     0.00   0.00    0.00     0.00    0.00  18.40
nvme23n1        35.00  18568.80     8.60  19.72    0.28   530.54   21.60  17421.60     1.60   6.90    0.32   806.56    0.00      0.00     0.00   0.00    0.00     0.00    0.00  17.52
nvme24n1        36.40  18494.40     8.20  18.39    0.28   508.09   20.80  17429.60     0.00   0.00    0.34   837.96    0.00      0.00     0.00   0.00    0.00     0.00    0.00  17.84
nvme25n1        38.20  19068.00     8.60  18.38    0.27   499.16   22.20  17642.40     1.00   4.31    0.32   794.70    0.00      0.00     0.00   0.00    0.00     0.00    0.00  18.48
nvme26n1        38.60  19790.40     9.60  19.92    0.27   512.70   21.20  17712.80     0.20   0.93    0.35   835.51    0.00      0.00     0.00   0.00    0.00     0.00    0.00  18.32
nvme27n1        40.00  20162.40     9.20  18.70    0.27   504.06   24.00  18104.00     0.40   1.64    0.30   754.33    0.00      0.00     0.00   0.00    0.00     0.00    0.00  19.36
nvme28n1        37.00  19434.40     9.80  20.94    0.28   525.25   21.60  17523.20     0.60   2.70    0.34   811.26    0.00      0.00     0.00   0.00    0.00     0.00    0.00  18.24
nvme29n1        38.20  19776.80     8.60  18.38    0.28   517.72   22.80  17305.60     2.20   8.80    0.31   759.02    0.00      0.00     0.00   0.00    0.00     0.00    0.00  18.96
nvme2n1         39.20  19247.20     9.60  19.67    0.26   491.00   23.00  17836.80     1.60   6.50    0.32   775.51    0.00      0.00     0.00   0.00    0.00     0.00    0.00  18.64
nvme30n1        36.80  19208.00     9.00  19.65    0.27   521.96   21.20  17416.80     0.60   2.75    0.37   821.55    0.00      0.00     0.00   0.00    0.00     0.00    0.00  18.24
nvme31n1        41.60  19252.80     8.40  16.80    0.25   462.81   23.60  17994.40     2.20   8.53    0.31   762.47    0.00      0.00     0.00   0.00    0.00     0.00    0.00  19.76
nvme3n1         36.60  19409.60     8.00  17.94    0.28   530.32   22.80  18129.60     1.20   5.00    0.32   795.16    0.00      0.00     0.00   0.00    0.00     0.00    0.00  18.08
nvme4n1         39.60  18745.60     8.80  18.18    0.25   473.37   22.60  18200.80     2.00   8.13    0.35   805.35    0.00      0.00     0.00   0.00    0.00     0.00    0.00  18.72
nvme5n1         38.20  19813.60     8.40  18.03    0.27   518.68   22.40  18093.60     0.60   2.61    0.34   807.75    0.00      0.00     0.00   0.00    0.00     0.00    0.00  18.72
nvme6n1         41.60  19618.40     8.60  17.13    0.25   471.60   32.60  17359.20     1.80   5.23    0.23   532.49    0.00      0.00     0.00   0.00    0.00     0.00    0.00  20.56
nvme7n1         38.60  19470.40     8.60  18.22    0.26   504.41   32.00  17527.20     0.80   2.44    0.24   547.73    0.00      0.00     0.00   0.00    0.00     0.00    0.00  21.92
nvme8n1         38.60  19115.20     9.20  19.25    0.26   495.21   25.60  16828.00     2.00   7.25    0.30   657.34    0.00      0.00     0.00   0.00    0.00     0.00    0.00  19.76
nvme9n1         37.40  19288.00     9.00  19.40    0.28   515.72   35.00  16888.00     7.60  17.84    0.22   482.51    0.00      0.00     0.00   0.00    0.00     0.00    0.00  20.56

