job	plr_error	output_level	plr_segments	actual_output_files	predicted_output_files	output_file_delta	actual_entries	predicted_entries	entry_error_pct	rank_ks	rank_count_sup	boundary_mass_error
7	2	1	27782	4	4	0	258275	258132	-0.05536734101248669	0.0010857136461370767	0.0015061465492207918	0.0005072113057787242
12	2	0	27959	1	1	0	258293	258310	0.006581672751487652	0.0009662370481665382	0.0009059478963812414	6.581672751487652e-05
17	2	0	28100	1	1	0	258298	258316	0.006968695073132583	0.0013748810898832245	0.0014169679982036253	6.968695073132583e-05
23	2	0	28141	1	1	0	258277	258308	0.012002617344943607	0.0009726527033328517	0.0008943885828006365	0.00012002617344943607
31	2	0	27972	1	1	0	258294	258313	0.00735595871371383	0.0011818676413427047	0.0012040542947184217	7.35595871371383e-05
45	2	0	28104	1	1	0	258296	258148	-0.057298603152971785	0.0012995375644908782	0.0017034719856288908	0.0005729860315297178
59	2	0	27865	1	1	0	258296	258310	0.005420138136091926	0.001191156267642682	0.001235017189580946	5.4201381360919255e-05
73	2	0	28176	1	1	0	258294	258315	0.008130270157262654	0.0011859047600152794	0.0012001827375006774	8.130270157262655e-05
87	2	0	28097	1	1	0	258293	258311	0.006968829972163396	0.0011371984476079894	0.0010879117900988412	6.968829972163396e-05
99	2	0	27991	1	1	0	258289	258312	0.00890475397713414	0.0011992557488672523	0.0011498747526994956	8.904753977134141e-05
115	2	0	28309	1	1	0	258290	258312	0.00851755778388633	0.0011030925165987778	0.0011498703008246546	8.517557783886329e-05
129	2	0	28170	1	1	0	258287	258314	0.01045348778684177	0.0007266904234785872	0.0007704607665116711	0.00010453487786841769
141	2	0	28018	1	1	0	258290	258310	0.007743234348987572	0.0013006442422837734	0.0013628092454218126	7.743234348987572e-05
158	2	0	28067	1	1	0	258282	258306	0.009292169024554557	0.0011374351659160288	0.0010957015974787248	9.292169024554556e-05
172	2	0	28201	1	1	0	258282	258302	0.007743474187128797	0.0010044620238258265	0.0010453690152623877	7.743474187128797e-05
184	2	0	28158	1	1	0	258297	258144	-0.05923413744642795	0.0013125683171997455	0.0016492642190966214	0.0005923413744642795
196	2	1	441226	33	33	0	4060609	4061108	0.01228879707452749	0.0002813257866293848	0.000291828146960222	5.512682576640224e-05
201	2	0	28017	1	1	0	258282	258312	0.011615211280693196	0.000993167473641645	0.0009137299540811981	0.00011615211280693196
210	2	2	115480	17	17	0	1067091	1067032	-0.00552905047460807	0.0004490281748754104	0.00041233596759788994	0.00015501186375471476
211	2	2	117832	17	17	0	1084455	1084335	-0.011065466063598766	0.0004736369450235974	0.0004407743982000175	0.00010083677162857897
212	2	2	117278	17	17	0	1082435	1082351	-0.007760281217809846	0.00047532901171900074	0.000412033978945618	0.00011096984766644051
213	2	2	117233	17	17	0	1083875	1083800	-0.006919617114519663	0.0004632096063200957	0.0004160996424864491	7.40806067554458e-05
225	2	0	35001	1	1	0	322854	322893	0.012079763608318311	0.0007993324402660307	0.0008424860772980975	0.00012079763608318312
238	2	0	28284	1	1	0	258281	258308	0.01045373062672051	0.0009639260927411124	0.0009098617397330814	0.0001045373062672051
251	2	0	28152	1	1	0	258288	258310	0.008517623737843028	0.0006895698102068594	0.0006504367217989222	8.517623737843028e-05
264	2	0	28127	1	1	0	258290	258312	0.00851755778388633	0.0008570099618188331	0.0009059584188315459	8.517557783886329e-05
279	2	0	27864	1	1	0	258282	258307	0.009679342733910997	0.0016239849678720871	0.0015680535228935813	9.679342733910996e-05
292	2	0	28150	1	1	0	258283	258311	0.010840821889168083	0.000939832882842484	0.0009679305258185789	0.00010840821889168083
307	2	0	28272	1	1	0	258286	258306	0.007743354266201033	0.0015631964248865784	0.0015099540819092014	7.743354266201033e-05
318	2	0	28195	1	1	0	258296	258315	0.007355901756124756	0.001046105469729715	0.000994982500696875	7.355901756124756e-05
335	2	0	28174	1	1	0	258293	258314	0.008130301634190628	0.0009634507420481887	0.0009795077683096328	8.130301634190628e-05
349	2	0	27962	1	1	0	258280	258311	0.012002477930927676	0.0011572643901468676	0.001076351246708998	0.00012002477930927675
361	2	0	28151	1	1	0	258292	258313	0.008130333111362334	0.0011718491071831439	0.0011266318740030662	8.130333111362334e-05
393	2	0	28066	1	1	0	258285	258153	-0.05110633602415936	0.001415902119111232	0.001134405792051416	0.0005110633602415936
407	2	0	28103	1	1	0	258291	258316	0.009679005462830683	0.0011627066169355585	0.0011305078380586238	9.679005462830683e-05
419	2	0	28183	1	1	0	258285	258316	0.012002245581431365	0.0012222928705064163	0.0013357337824496196	0.00012002245581431365
431	2	1	448499	53	53	0	4124915	4124089	-0.020024655053498073	0.00037476793406277713	0.00025188397821530867	4.516045030453343e-05
436	2	0	28105	1	1	0	258288	258152	-0.05265440128848417	0.0016761593806195396	0.0019977699312395463	0.0005265440128848417
448	2	2	16951	2	2	0	157322	157366	0.027968116347364003	0.006045528569451465	0.005975006674209583	0.001080586313420882
449	2	2	13771	2	2	0	127290	127221	-0.05420692905962762	0.002058116467908594	0.0022468379291381885	0.000557781443946893
450	2	2	13740	2	2	0	127230	126973	-0.20199638450051088	0.0013642243415019468	0.0029709974062721058	0.0010139118132515917
451	2	2	13604	2	2	0	127077	127156	0.06216703258654202	0.0017128995606516977	0.0014400717675110365	0.0010702172698442676
452	2	2	13720	2	2	0	127022	126507	-0.40544157704964495	0.0018353304524563623	0.004203996158145833	0.002031144211238998
453	2	2	13846	2	2	0	126908	127014	0.08352507328143222	0.0015664286105385359	0.0018517351152015633	0.0004136855044599237
454	2	2	13796	2	2	0	126839	126948	0.08593571377888504	0.0025616358338971757	0.0030511120396723404	0.0016004541190012536
455	2	2	13660	2	2	0	126828	126543	-0.22471378559939445	0.0015811399914445207	0.002633487873340272	0.0011235689279969724
456	2	2	13898	2	2	0	126854	126942	0.06937108802245101	0.0014533991169283686	0.0017973418260362306	0.0007410093493307266
457	2	2	13767	2	2	0	126825	126942	0.09225310467179183	0.0013324796255149366	0.0019396806623299824	0.0004573230829883698
458	2	2	13768	2	2	0	126764	126602	-0.12779653529393203	0.001555379250594402	0.0020668328547537155	0.0006389826764696602
459	2	2	13737	2	2	0	126821	126755	-0.05204185426703779	0.0023504364326763596	0.002523241419007893	0.0006978339549443705
460	2	2	13699	2	2	0	126745	126857	0.08836640498639	0.0016609240810343696	0.002019803542546057	0.0004378870961379147
461	2	2	13835	2	2	0	126669	126623	-0.03631512051093796	0.001541912093571901	0.0015078669603454673	0.0002763106995397453
462	2	2	13788	2	2	0	126658	126915	0.20290862006347804	0.0018061483734522117	0.003458131345828925	0.0010105954617947543
463	2	2	13796	2	2	0	126644	126598	-0.03632228925176084	0.0019687563111411193	0.0020529989577082216	0.000884368781782003
464	2	2	13713	2	2	0	126697	125916	-0.6164313282871733	0.0014099235871868885	0.006582634158662005	0.0030821566414358666
465	2	2	9372	2	2	0	86677	86552	-0.14421357453534386	0.0023638556328336754	0.0024804734820079145	0.0007210678726767193
466	2	2	13808	2	2	0	126616	126886	0.21324319201364755	0.00148654902377006	0.002290389840146585	0.001062267012067985
467	2	2	13783	2	2	0	126630	126348	-0.22269604359156597	0.0018279972777359526	0.0025902234857458737	0.0011174287293690278
468	2	2	13760	2	2	0	126559	126631	0.05689046215599049	0.0019083287393508335	0.0018094327546835864	0.0002844523107799524
469	2	2	13576	2	2	0	126562	126689	0.1003460754412857	0.0013933212288312334	0.0022913670770057363	0.0004977797443150392
470	2	2	13796	2	2	0	126561	126512	-0.03871650824503599	0.0019670985260663294	0.0018094041608394372	0.0002133358617583616
471	2	2	13766	2	2	0	126568	126500	-0.053726060299601794	0.0013770352758241723	0.0015327728967827572	0.0005214588205549587
472	2	2	13650	2	2	0	126510	126246	-0.20867915579796065	0.0028490092803781794	0.002165836692751561	0.0019326535451742947
473	2	2	13834	2	2	0	126509	126470	-0.030827846240188445	0.0014066610117187336	0.0016283426475586717	0.0005888909089471896
474	2	2	13845	2	2	0	126525	126622	0.0766646907725746	0.0014246729147189897	0.001509583086346572	0.0003675163011262596
475	2	2	13830	2	2	0	126518	126152	-0.289286899887763	0.001136130662326942	0.003762310501272546	0.0014543385130969507
476	2	2	6098	1	1	0	56736	56692	-0.0775521714608009	0.0034270659888926336	0.0030844613649182178	0.000775521714608009
477	2	2	13734	2	2	0	126470	126563	0.07353522574523602	0.0020240009144679204	0.002427453150944888	0.000944888115758678
478	2	2	13659	2	2	0	126453	126556	0.08145318814104845	0.0016341929898906066	0.0017397768340806465	0.00040331190244596805
479	2	2	13763	2	2	0	126387	126473	0.06804497297981596	0.0024730133275550213	0.0029275162793641753	0.0008505621622476995
480	2	2	13643	2	2	0	126406	126652	0.19461101529990665	0.0017075300191809392	0.0019619321867632867	0.0009730550764995333
481	2	2	9743	2	2	0	89302	89368	0.07390651945085217	0.003007643223976385	0.0026203220532574857	0.0011421916642404425
495	2	0	35203	1	1	0	322848	322892	0.013628704529685797	0.0015008384224228309	0.0014341114084646645	0.00013628704529685797
496	2	2	13694	2	2	0	126339	126288	-0.040367582456723575	0.003038779457243818	0.003371880416973381	0.000977528712432424
497	2	2	13665	2	2	0	126294	126192	-0.08076393177823174	0.002904211750585553	0.002454590083456063	0.0020626474733558206
503	2	0	28123	1	1	0	258286	258311	0.009679192832751291	0.0008597317242315002	0.0008904857406131188	9.679192832751291e-05
592	2	0	28290	1	1	0	258292	258314	0.008517491830951017	0.0010129003393266726	0.000956282037384046	8.517491830951016e-05
616	2	0	28038	1	1	0	258286	258308	0.008517689692821136	0.0010071429393223924	0.0009950210232068327	8.517689692821136e-05
631	2	0	28228	1	1	0	258292	258314	0.008517491830951017	0.0011039945831359372	0.0010259706069100088	8.517491830951016e-05
645	2	0	28170	1	1	0	258282	258309	0.010453690152623877	0.0008222449385175961	0.0008014495783678305	0.00010453690152623876
659	2	0	28206	1	1	0	258283	258113	-0.06581927575566336	0.0010699766301734538	0.001475126121347514	0.0006581927575566336
670	2	0	27913	1	1	0	258292	258316	0.009291809270128381	0.0017134131521429582	0.0017615721741285058	9.291809270128382e-05
687	2	0	27904	1	1	0	258290	258315	0.009679042936234466	0.0013482106639987424	0.0013705524797708003	9.679042936234466e-05
702	2	0	27936	1	1	0	258286	258155	-0.050718970443616763	0.000834918688922935	0.0010221227631385364	0.0005071897044361676
713	2	0	28061	1	1	0	258288	258316	0.010840612029982035	0.0016065703790927252	0.0016957814532614756	0.00010840612029982035
730	2	0	28251	1	1	0	258293	258315	0.008517458854866372	0.0008270218243879564	0.0008556174576933947	8.517458854866372e-05
744	2	0	28347	1	1	0	258289	258309	0.007743264327942731	0.001095284213095536	0.0011189016953877247	7.743264327942731e-05
756	2	0	27909	1	1	0	258285	258307	0.008517722670693227	0.0013662353095517381	0.001308631937588323	8.517722670693227e-05
768	2	1	475950	38	38	0	4369904	4369687	-0.00496578414537253	0.0002610588988556988	0.0002924549372251656	6.044333672944952e-05
773	2	0	28082	1	1	0	258283	258312	0.011227994099495514	0.001336392560242169	0.0013705896245591077	0.00011227994099495515
789	2	2	27820	3	3	0	258938	258904	-0.013130556349396381	0.0021338932406830945	0.0021086128725795366	0.000554830371234298
790	2	2	28121	3	3	0	258931	258713	-0.08419231378243625	0.0014074676029095829	0.0017456387995257424	0.0002870777671786435
791	2	2	28213	3	3	0	258933	258842	-0.03514422649874678	0.0013813959127526203	0.001459837100717174	0.0002832135468763477
792	2	2	28179	3	3	0	258863	259092	0.08846378200051765	0.0017959077226059228	0.001379107867868332	0.00036312644139950475
793	2	2	28227	3	3	0	259011	258905	-0.04092490280335584	0.001161531901758404	0.0011428086065842764	0.00015572054211339802
794	2	2	28097	3	3	0	258981	259182	0.07761187114112618	0.0010083231035661073	0.0015792664326726672	0.0005573124411958149
795	2	2	28171	3	3	0	258739	259218	0.18512864315004696	0.0007339755079228125	0.00238077754030123	0.0006067890808884629
796	2	2	28150	3	3	0	258856	259338	0.18620391260005562	0.0011013817262746975	0.0025303643724696357	0.0006193919914289541
797	2	2	42195	5	5	0	388725	388589	-0.034986172744227925	0.008299303191395069	0.008412116534825391	0.002630651488841726
798	2	2	42109	5	5	0	387888	387824	-0.01649960813430681	0.00764382527989819	0.007700676483933506	0.0025986882811533225
799	2	2	20350	3	3	0	188174	188301	0.06749072666787123	0.0009791412518296652	0.0014826702945146513	0.00032771087752115946
800	2	2	20362	3	3	0	187989	188346	0.18990472846815507	0.001197875717135858	0.0026703690109527683	0.0012199295348841333
801	2	2	20390	3	3	0	188654	188792	0.07314978744155969	0.0011982240422378624	0.0014788978765358804	0.0004205229326350532
802	2	2	20288	3	3	0	188190	187815	-0.19926669854933843	0.001096756524441457	0.0025718688559434612	0.0006659935880404556
803	2	2	9132	2	2	0	84272	84488	0.25631289158913995	0.0022150882573267203	0.00348870324662996	0.0012815644579456996
804	2	2	20280	3	3	0	187990	187963	-0.014362466088621736	0.0017235413811094718	0.0016649821799031863	0.0006986187208539461
813	2	0	34995	1	1	0	322846	322894	0.014867769772585072	0.0007883070014440643	0.0008363120497079103	0.00014867769772585073
829	2	0	28198	1	1	0	258290	258309	0.007356072631538193	0.0017968407041194711	0.0018312749235355609	7.356072631538194e-05
845	2	0	27824	1	1	0	258290	258314	0.009291881218785087	0.0007164489676796099	0.0007820666692477448	9.291881218785086e-05
869	2	0	28049	1	1	0	258289	258143	-0.05652582959398193	0.0011382970962747656	0.0007317384789905881	0.0005652582959398193
873	2	3	21033	3	3	0	194508	194638	0.06683529726283752	0.01007720082745615	0.010410882842865074	0.002507180510141828
874	2	3	20074	3	3	0	187968	187912	-0.029792305073203948	0.0014001527700221112	0.0011863721484508	0.0008831290432414028
876	2	3	20449	3	3	0	188179	188405	0.12009841693281396	0.0017078694484359907	0.0021840906796188734	0.0005597507337871565
877	2	3	17970	3	3	0	164400	164360	-0.024330900243309004	0.003576195272498385	0.0036070559610705596	0.0016098945660989459
879	2	3	20454	3	3	0	188718	188944	0.11975540224037982	0.0016116657142221937	0.0022096461386831145	0.0004557063979058701
880	2	3	19002	3	3	0	175192	175190	-0.001141604639481255	0.0017340369102003795	0.0017409470752089136	0.0006126611565216068
881	2	3	17580	3	3	0	162061	161940	-0.07466324408710301	0.0035780093148150087	0.0038627430412005357	0.0019395988753206095
883	2	3	20195	3	3	0	187748	187934	0.09906896478258091	0.0013420463041912529	0.001933442699789079	0.0007314769442728197
884	2	3	20397	3	3	0	187354	187873	0.2770157028939868	0.001177009028289169	0.0029996690756535754	0.0009198273500076504
886	2	3	20326	3	3	0	188436	188341	-0.05041499501156892	0.0011555962909340022	0.001321403553461122	0.00031487260042313217
887	2	3	23920	4	4	0	221603	221893	0.1308646543593724	0.005397081047431808	0.005645230434606029	0.0007321651782692472
889	2	2	29638	3	3	0	272458	272644	0.06826740268224828	0.002092943305094938	0.002059032951867811	0.0008918805834293727
890	2	3	20313	3	3	0	188167	188667	0.2657214070479946	0.0015393740942641228	0.0027263016363124246	0.0008804235953523555
892	2	3	20562	3	3	0	188350	188041	-0.16405627820546853	0.0010793517011784988	0.0019325723387310857	0.0006795858773559863
893	2	3	20137	3	3	0	185171	185159	-0.006480496406024701	0.00096477808813347	0.0009774748745753925	0.00020521571952411555
898	2	3	20281	3	3	0	187594	187064	-0.2825250274529036	0.0020147098692618153	0.0037954305574805164	0.0010981161444395874
899	2	3	20139	3	3	0	187147	187219	0.03847243076298311	0.0013493351073076308	0.0011221125639203407	0.0003651318660375712
906	2	3	14679	3	3	0	134628	134597	-0.023026413524675403	0.0016440349900512783	0.0018049737053213299	0.0005694704420081013
907	2	3	20345	3	3	0	187580	188102	0.2782812666595586	0.001282256829282605	0.00298006184028148	0.0009240501830330171
908	2	3	16232	3	3	0	148073	148041	-0.02161096216055594	0.003180117446144865	0.0030593018308537005	0.0003894475472683519
909	2	3	20152	3	3	0	187044	187057	0.006950236308034473	0.0009546904220205244	0.0009676867475032613	0.0005435441215257729
912	2	3	20529	3	3	0	187641	187805	0.08740094115891517	0.0014650774156930392	0.002280951391220469	0.00029133647052971724
913	2	3	17750	3	3	0	163516	163250	-0.16267521221164902	0.0013559987123691938	0.002281122336652071	0.0005422507073721633
914	2	3	14827	3	3	0	136088	136234	0.1072835224266651	0.006694503808175279	0.007531891129269296	0.0032797405600297844
915	2	3	14664	3	3	0	136065	136153	0.06467497152096424	0.006904223449430638	0.006776173152537391	0.0024694080035277256
919	2	0	28213	1	1	0	258292	258314	0.008517491830951017	0.0013463404980551422	0.001358927105756276	8.517491830951016e-05
946	2	0	28294	1	1	0	258297	258312	0.005807268377100779	0.0010802417096715223	0.0011304815774089516	5.8072683771007794e-05
965	2	0	27905	1	1	0	258292	257990	-0.11692193331578214	0.0015556491456831347	0.0016531677326436746	0.0011692193331578214
971	2	3	20287	3	3	0	187524	187418	-0.05652609799279026	0.0014814018890223512	0.0010345342462831425	0.0005865915829440498
972	2	3	20239	3	3	0	187169	187113	-0.029919484530023667	0.0011311253006176145	0.0012341787368634763	0.0005004389971986102
985	2	0	28092	1	1	0	258283	258314	0.012002338520150377	0.0013368293631269776	0.0013938199571787535	0.00012002338520150378
1004	2	0	28162	1	1	0	258293	258316	0.008904616075542117	0.0007400255421741124	0.0008207733078325777	8.904616075542117e-05
1018	2	0	28007	1	1	0	258284	258121	-0.06310882594353502	0.0008871278247750839	0.0010143872636322808	0.0006310882594353502
1030	2	0	27938	1	1	0	258299	258318	0.0073558163213949725	0.0013401554982002046	0.0013821191719673711	7.355816321394972e-05
1047	2	0	28153	1	1	0	258303	258142	-0.062329899381733854	0.0013545536088447952	0.0016376116421412063	0.0006232989938173385
1061	2	0	28099	1	1	0	258284	258310	0.010066438494060801	0.0011261207949081178	0.001091821405894287	0.00010066438494060802
1073	2	0	28093	1	1	0	258290	258314	0.009291881218785087	0.0010735826229233663	0.0010337217855898408	9.291881218785086e-05
1085	2	1	485390	40	40	0	4463676	4457183	-0.14546306676380633	0.0006732093532444771	0.00146067949376254	7.56551326754003e-05
1090	2	0	28038	1	1	0	258276	258308	0.012389846520776224	0.0009758235646754048	0.0010299059920395237	0.00012389846520776223
1110	2	2	14345	3	3	0	133022	132750	-0.20447745485709132	0.002755484451674887	0.003495662371637774	0.0014684287812041117
1111	2	2	14837	3	3	0	136634	136692	0.04244917077740533	0.004460727465706358	0.0045230323345580165	0.0015955033154266142
1112	2	2	16692	3	3	0	153441	153548	0.06973364355028969	0.006333845521357822	0.006504128622727954	0.0031934098448263503
1113	2	2	16195	3	3	0	150492	150601	0.07242909922122107	0.007740727769374907	0.00793397655689339	0.003907184435053026
1114	2	2	20346	2	2	0	185613	186098	0.2612963531649184	0.0011624911445723347	0.0029254416447123855	0.0013037879889878402
1115	2	2	28833	3	3	0	266419	266798	0.1422571213014087	0.001242762070279181	0.0022595986022017948	0.000908343624140921
1116	2	2	20027	2	2	0	184890	184298	-0.32019038347125317	0.009339721424077034	0.008313051003299259	0.0016063605386986857
1117	2	2	28072	5	5	0	258996	259498	0.1938253872646682	0.0009229231453572104	0.002339804475744799	0.0005613986316390986
1118	2	2	28034	5	5	0	259007	258876	-0.05057778361202593	0.00166994994025963	0.0014362546186010416	0.0006069334033443112
1119	2	2	25821	5	4	-1	237361	237503	0.05982448675224658	0.0018913153289538606	0.0015714460252526743	0.0005738095137785904
1120	2	2	28127	5	5	0	258767	258149	-0.23882488879957645	0.0011281017973016883	0.002473267456824093	0.0005139758933712568
1121	2	2	27799	4	4	0	258609	257910	-0.27029221720821783	0.0017627223209331295	0.0031321415727990905	0.0007907690760955729
1122	2	2	28058	4	4	0	258617	258515	-0.039440562685360975	0.0013617462911408842	0.0014848211834488838	0.0005181407254743501
1123	2	2	27820	5	5	0	258075	258274	0.07710936743194807	0.0055334556048001905	0.006292744357260486	0.0023551293228712585
1124	2	2	27854	4	4	0	254893	254710	-0.07179483155677088	0.008655317023365985	0.00867815122423919	0.0003099339722942568
1125	2	2	11886	1	1	0	110737	111001	0.23840270189728818	0.005543394566894505	0.005183452685191038	0.002384027018972882
1126	2	2	24373	3	3	0	224020	223918	-0.045531648959914295	0.00843199388870369	0.00864208552807785	0.006252417938874506
1127	2	2	21617	3	3	0	198909	198695	-0.10758688646567023	0.011269891055754436	0.01222669663011729	0.007779101666256093
1128	2	2	42244	7	7	0	388740	388956	0.055564130267016516	0.00724152160331821	0.007061274888100016	0.001910200721745713
1129	2	2	42336	7	7	0	388718	388646	-0.018522424997041556	0.00718070075703371	0.007241753662037775	0.0019474271837167305
1130	2	2	19934	2	2	0	184751	184962	0.1142077715411554	0.0012945144483839659	0.0016671087030652066	0.0005710388577057769
1132	2	3	34997	5	5	0	323241	322655	-0.18128888352653283	0.0031124935892506357	0.003381377981134819	0.0016761487558818345
1141	2	0	35200	1	1	0	322850	322721	-0.03995663620876568	0.0009823169454534835	0.0011243611584327087	0.0003995663620876568
1155	2	0	28300	1	1	0	258286	258137	-0.057687989283197696	0.0009583777395081415	0.001289268485322472	0.000576879892831977
1172	2	0	28175	1	1	0	258285	258311	0.010066399519910178	0.0011826747437597746	0.00109181717869795	0.00010066399519910177
1180	2	3	27040	4	4	0	248920	249305	0.1546681664791901	0.001087208040151396	0.0020247469066366703	0.0004609914832074562
1182	2	3	27036	4	4	0	249020	249134	0.045779455465424466	0.0013931034390092182	0.001546060557384949	0.00045779455465424465
1187	2	3	26910	4	4	0	249769	250180	0.1645520460905877	0.0015994836467684212	0.0023421641596835475	0.0005895447393391494
1192	2	0	28102	1	1	0	258285	258306	0.008130553458388989	0.0011699362632700498	0.0011421491762975008	8.130553458388989e-05
1196	2	3	26292	4	4	0	243268	244025	0.3111794399592219	0.001079998743402376	0.0037489517733528452	0.0007728102339806304
1197	2	3	18382	3	3	0	169585	169759	0.10260341421705929	0.005235620614891936	0.005053512987587346	0.002150347416733005
1203	2	3	13187	2	2	0	122063	121932	-0.1073216289948633	0.001219679873006659	0.0021382400891342994	0.0005407043903557999
1204	2	3	13989	2	2	0	127878	128237	0.2807363268114922	0.001542166741685276	0.002987222196155711	0.0013997716573609222
1205	2	3	13209	2	2	0	121127	121027	-0.08255797633888398	0.0015095826283003497	0.0020226704203026575	0.0009370330314463333
1207	2	3	13848	2	2	0	127680	127736	0.043859649122807015	0.0020363545865980165	0.0018953634085213033	0.0006578947368421052
1210	2	3	13279	2	2	0	121767	121807	0.03284962263995992	0.0014447703328312827	0.001289347688618427	0.0006898420754391584
1211	2	3	13824	2	2	0	127941	128268	0.2555865594297371	0.002119449889483532	0.0033843724841919323	0.0012779327971486859
1212	2	3	12973	2	2	0	118748	118781	0.027789941725334322	0.0020249342410284944	0.0020716138377067403	0.0008842254185333649
1214	2	3	13898	2	2	0	127974	128477	0.39304858799443637	0.0024590766552924775	0.004547798771625486	0.001965242939972182
1215	2	3	13183	2	2	0	121479	121535	0.04609850262185234	0.001845239418381365	0.002000345738769664	0.00022637657537516773
1216	2	3	13188	2	2	0	122280	122480	0.16355904481517827	0.002019663087597353	0.003442917893359503	0.000813706247955512
1217	2	3	12799	2	2	0	117270	116768	-0.42807197066598446	0.002911246618308362	0.004434211648332907	0.0021403598533299224
1219	2	3	13163	2	2	0	121503	121707	0.1678970889607664	0.0013820396213865581	0.002370311844151996	0.000839485444803832
1220	2	3	13827	2	2	0	127875	128028	0.11964809384164223	0.0013354411933533235	0.0020566959921798633	0.0005826001955034214
1221	2	3	13217	2	2	0	121694	122022	0.2695284894900324	0.001807899642407318	0.004174404654296843	0.0013394251154535144
1222	2	3	13065	2	2	0	121117	120513	-0.49869134803537074	0.00919436004265765	0.011476506188231215	0.002497584979812908
1224	2	3	13237	2	2	0	122461	122425	-0.029397114183291006	0.0010203980257402908	0.0012820408129935244	0.0003960444549693372
1225	2	3	13888	2	2	0	127863	127643	-0.17205915706654779	0.00189098224507262	0.0026512751929799864	0.0010675488608901714
1226	2	3	12742	2	2	0	117629	117524	-0.08926370197825366	0.004081276466577829	0.004191143340502767	0.001134924210866368
1227	2	3	12801	2	2	0	117450	117474	0.020434227330779056	0.012393687026770914	0.012473392933163048	0.0006257982120051086
1228	2	3	17916	3	3	0	164617	163817	-0.4859765394825565	0.006866948966182989	0.007520486948492561	0.002338762096259803
1229	2	3	13926	2	2	0	128246	128029	-0.16920605710899364	0.0016861055941411697	0.002682344868455936	0.000877220342154921
1230	2	3	13177	2	2	0	122104	121556	-0.4487977461835812	0.0012790851595979882	0.0051513463932385505	0.002243988730917906
1231	2	3	13174	2	2	0	121585	121431	-0.12666036106427603	0.0012938736505744208	0.0018670066208825102	0.0006374141547065839
1232	2	3	29646	5	5	0	275257	275764	0.18419150103357954	0.0010767771961613078	0.0023686954373549085	0.0004998964603988274
1233	2	3	13807	2	2	0	128090	128148	0.04528066203450699	0.0012054282091511642	0.0013506128503396049	0.0003005699117807791
1234	2	3	13166	2	2	0	122166	122195	0.023738192295728763	0.0014945728730315804	0.00170260137845227	0.0005729908485175908
1235	2	3	13917	2	2	0	127603	127685	0.06426181202636301	0.0016795078489052603	0.001261725821493225	0.0003134722537871367
1236	2	3	13849	2	2	0	127559	127388	-0.13405561348082065	0.0014552221625449564	0.0015130253451344083	0.0006702780674041032
1237	2	3	13250	2	2	0	121259	121614	0.29276177438375706	0.0013188994572995005	0.003686324314071533	0.0014638088719187855
1238	2	3	19121	3	3	0	175390	175428	0.021666001482410626	0.0019123661574661133	0.001978448030104339	0.0011099074443620884
1239	2	3	13804	2	2	0	127100	127446	0.27222659323367426	0.0017061200403748853	0.003579858379228954	0.0013493312352478365
1240	2	3	13610	2	2	0	126166	126423	0.20369988744986764	0.019315723142557986	0.018650032496869202	0.004870567347779909
1241	2	3	25074	4	4	0	232841	232417	-0.18209851357793516	0.014376012593712116	0.013764757924935901	0.0029612482337732617
1262	2	3	13297	2	2	0	122414	122131	-0.23118270786021206	0.0018463674343856666	0.003970134134984561	0.0014704200499942818
1263	2	3	13841	2	2	0	128172	127907	-0.20675342508504196	0.0010065606542729625	0.002793121742658303	0.0010376681334456823
1264	2	3	13765	2	2	0	127493	127518	0.01960891970539559	0.0013071528724519891	0.0014745907618457484	0.00039610017804899095
1265	2	3	12468	2	2	0	115288	115467	0.15526334050378182	0.003590124054566159	0.00389459440705017	0.0007763167025189091
1266	2	3	16659	3	3	0	154328	154428	0.06479705562179254	0.0040202842823042805	0.004555233010212016	0.002494686641439013
1267	2	3	13751	2	2	0	127905	127417	-0.3815331691489778	0.0020812603041769867	0.005128806536101012	0.0019115749970681365
1270	2	0	27909	1	1	0	258288	258309	0.008130459022486526	0.001304950851960365	0.0012660286192157592	8.130459022486527e-05
1272	2	3	13675	2	2	0	127721	128049	0.25680976503472414	0.0025917715568079453	0.002912598554662115	0.0012801340421700427
1273	2	3	13726	2	2	0	127500	127296	-0.16	0.0022044243338360985	0.0032705882352941176	0.0015647058823529411
1274	2	3	13222	2	2	0	121478	121719	0.1983898319037192	0.0015455121570250537	0.002708309323498905	0.000991949159518596
1275	2	3	12167	2	2	0	112768	112443	-0.2882023269012486	0.008369493806865929	0.0076972190692395	0.0014454455164585698
1276	2	3	19967	3	3	0	185250	185296	0.024831309041835357	0.008260663931254145	0.008199730094466937	0.0034116059379217275
1277	2	3	19760	3	3	0	184073	184447	0.2031802600055413	0.013041047996964003	0.012505907982159252	0.004835038272859137
1278	2	3	19977	3	3	0	184553	184678	0.06773122084170943	0.010745730215725561	0.010560651953639333	0.004121670558954158
1296	2	0	28259	1	1	0	258292	258315	0.008904650550539699	0.0009348869074885538	0.0009253093398169514	8.9046505505397e-05
1318	2	0	28047	1	1	0	258281	258146	-0.05226865313360255	0.0009581593820094156	0.0010686035751758744	0.0005226865313360255
1341	2	0	28116	1	1	0	258284	258146	-0.053429558160784256	0.0010439297990293627	0.0014712487029781172	0.0005342955816078426
1363	2	0	28109	1	1	0	258275	258310	0.013551447100958281	0.0011585941292279027	0.001076372084018972	0.0001355144710095828
1377	2	0	28058	1	1	0	258287	258312	0.009679155358186824	0.001102960152164838	0.0011343970079794956	9.679155358186823e-05
1388	2	0	27977	1	1	0	258279	258309	0.011615346195393353	0.0011557105560189736	0.0011886370939952532	0.00011615346195393353
1405	2	0	28084	1	1	0	258298	258311	0.0050329464417068655	0.0013286656339790925	0.0013588955392608538	5.032946441706866e-05
1419	2	0	28116	1	1	0	258290	258313	0.008904719501335707	0.0008400478508579293	0.0008982151844825584	8.904719501335708e-05
1431	2	1	471982	47	45	-2	4334696	4335624	0.021408652417608986	0.000611445665351592	0.0005045336512641256	6.659771551772713e-05
1435	2	0	28053	1	1	0	258281	258310	0.011228081043514622	0.001465115145524014	0.0014712657919088124	0.00011228081043514621
1448	2	0	28203	1	1	0	258290	258313	0.008904719501335707	0.0009575883694896448	0.0010221069340663595	8.904719501335708e-05
1468	2	2	14618	3	3	0	135064	135089	0.018509743528993663	0.0023370837981958274	0.0023470354794763964	0.0007946849888447946
1469	2	2	13867	3	3	0	126934	126979	0.03545149447744497	0.004493055027442739	0.00455354751288071	0.0017935830168959198
1470	2	2	7011	2	2	0	64962	65034	0.11083402604599613	0.008656797148364613	0.009313136910809396	0.0050952864751700995
1471	2	2	19582	2	2	0	182065	181773	-0.1603822810534699	0.0012002738976464064	0.0024002416719303547	0.0008101502210748909
1472	2	2	19794	2	2	0	182659	183172	0.2808512036089106	0.001286661412486761	0.0034599992335444738	0.0013933066533814375
1473	2	2	19593	2	2	0	181772	181436	-0.1848469511255859	0.008140327635723718	0.00806504852232467	0.0009352375503377858
1474	2	2	19474	2	2	0	181505	181670	0.0909065865954106	0.010469498854618496	0.010523126084680862	0.0006528745764579488
1475	2	2	14185	2	2	0	131630	131428	-0.1534604573425511	0.0065165585278431646	0.006822153004634202	0.004170781736686165
1476	2	2	11410	2	2	0	104717	104646	-0.06780178958526314	0.0013691704124084976	0.0016043240352569305	0.0004154053305575981
1477	2	2	23253	4	4	0	214960	215380	0.19538518794194268	0.001704654098348362	0.0024516189058429476	0.0005815035355414961
1478	2	2	27192	5	4	-1	251170	251643	0.18831866863080782	0.0009693501300732393	0.0021698451248158617	0.0003718596966198192
1479	2	2	20564	3	3	0	188911	188573	-0.17892023227869208	0.0010333937858264016	0.002593814018241394	0.0006987417355262532
1480	2	2	16691	3	4	1	153733	153470	-0.17107582627022175	0.0024086702020720877	0.00329792562429667	0.0010906354957404506
1481	2	2	26156	4	4	0	238580	239055	0.19909464330622853	0.001470048557343561	0.002305306396177383	0.0004998323413530053
1482	2	2	25789	5	5	0	239025	238912	-0.04727538960359795	0.0010353345058628297	0.0009873444200397448	0.00018575462817696894
1483	2	2	8517	3	2	-1	78357	78499	0.18122184361320623	0.0024826780539086244	0.0028204244675013083	0.0005998187781563868
1484	2	2	27171	4	4	0	250785	251227	0.17624658572083657	0.0012083289072526416	0.0023845126303407302	0.000429650896185976
1485	2	2	27307	4	5	1	250629	250840	0.08418818253274761	0.0019365933102141197	0.0018992215585586663	0.0006234314464806547
1486	2	2	9700	2	2	0	89877	89746	-0.14575475371897148	0.0023448504342489878	0.002024989708156703	0.0007287737685948574
1487	2	2	13023	2	2	0	120178	120433	0.2121852585331758	0.001877066238222934	0.002587828055051673	0.0010567657974005227
1488	2	2	20541	3	3	0	189818	190185	0.19334309707193206	0.0016332895018792647	0.0030766312994552677	0.0006409648540531809
1489	2	2	12007	2	2	0	111015	111249	0.2107823267126064	0.001316206636206543	0.0029635634824122866	0.0010358960500833222
1490	2	2	3549	1	1	0	32833	32858	0.07614290500411172	0.002928171836130487	0.0031980020101726923	0.0007614290500411172
1491	2	2	13276	2	3	1	123792	123343	-0.3627051828874241	0.016829767558507416	0.016955861445004522	0.0019064236784283313
1492	2	2	40199	4	4	0	369875	369109	-0.20709699222710376	0.004653314248571575	0.004458262926664414	0.0014288611017235554
1502	2	0	27803	1	1	0	258286	258157	-0.04994463501699666	0.001141419826187619	0.0014170338307147891	0.0004994463501699667
1503	2	2	40213	4	4	0	372419	372256	-0.04376790657834321	0.0047029069661823535	0.004384846100762851	0.002321310137237896
1519	2	0	28140	1	1	0	258286	258313	0.010453528259371394	0.001345731124232919	0.001409290476448588	0.00010453528259371395
1532	2	3	17662	3	3	0	162453	162341	-0.0689430173650225	0.004415348214365109	0.004444362369423771	0.0004288419830145744
1533	2	3	11412	2	2	0	106080	106012	-0.0641025641025641	0.001413476897148557	0.0018665158371040725	0.0007164404223227752
1535	2	3	12095	2	2	0	111586	111432	-0.13801014464180095	0.014038192237408974	0.013926478232036276	0.0006900507232090047
1536	2	3	10507	2	2	0	95276	95305	0.03043788572148285	0.0014982917078106843	0.0017632982073134892	0.00071371594105546
1537	2	3	17527	3	3	0	162202	162794	0.36497700398268823	0.0020583504383993776	0.0045807080060665094	0.0012104248611813253
1539	2	3	17207	3	3	0	158597	159025	0.26986639091533887	0.0019397584710531162	0.0036885943618101226	0.001097120374281985
1540	2	3	10124	2	2	0	94835	94815	-0.02108926029419518	0.0018774184882587534	0.0019296673169188591	0.00011599093161807349
1542	2	3	21143	4	3	-1	195919	196528	0.3108427462369653	0.001930874344454592	0.003327905920303799	0.0007732787529540269
1543	2	3	11420	2	2	0	105677	105545	-0.12490892057874467	0.0013385740298649522	0.0019304105907624175	0.0006340073999072645
1548	2	0	28204	1	1	0	258282	258310	0.010840863861980316	0.0010217132726910636	0.0010066516443267436	0.00010840863861980317
1552	2	3	12262	2	2	0	114107	114326	0.191925122910952	0.0019160202043747986	0.0020594704969896676	0.0011042267345561622
1553	2	3	11499	2	2	0	106026	105845	-0.17071284401939146	0.0018631935579727446	0.0026031350800746985	0.0009714598306075869
1554	2	3	11406	2	2	0	105707	105699	-0.007568089152090212	0.0016529104734708286	0.001683899836340072	0.0008797903639304871
1555	2	3	19257	3	3	0	179581	179348	-0.12974646538330892	0.0019193185461273906	0.001492362777799433	0.0009299424772108407
1563	2	3	16153	3	3	0	149721	149848	0.08482444012529973	0.0015208431561835867	0.0019770105729991117	0.0005632699042441162
1564	2	3	16835	3	3	0	156842	155964	-0.5597990334221701	0.0010669825862880769	0.005738258884737507	0.0018723726212791642
1566	2	3	16018	3	3	0	149842	150104	0.17485084288784186	0.0016052574650247719	0.002455920235981901	0.0007363311577083417
1567	2	3	17084	3	3	0	157107	157429	0.20495585810944134	0.0012230555918663001	0.0027815437886281325	0.0006810644974444168
1570	2	3	16932	3	3	0	156618	157131	0.3275485576370532	0.001230563852879498	0.003613888569640782	0.0011535498261161976
1571	2	3	11365	2	2	0	105340	105321	-0.018036833111828365	0.0023346742068328197	0.002306816024302259	0.00112018226694513
1573	2	3	21687	4	4	0	200647	200340	-0.15300502873205182	0.002203588596640094	0.003060100574641036	0.0009593963527986962
1574	2	3	12642	2	2	0	115979	116217	0.20520956380034316	0.002302938160854935	0.0020693401391631244	0.001521827227342881
1575	2	3	20519	3	3	0	189075	189548	0.25016527832870555	0.0029307779243796473	0.0029353431178103925	0.0014280047600158665
1577	2	3	17075	3	3	0	157773	158012	0.15148346041464636	0.0016110722846527223	0.0018697749298042124	0.0006464984503051853
1578	2	3	21096	3	3	0	194059	193665	-0.20303103695267935	0.005500916324510861	0.006065165748561005	0.0023377769990913415
1580	2	3	21981	4	4	0	201264	201990	0.360720248032435	0.0017016773020206634	0.004645639557993481	0.0010123519357659592
1583	2	0	35242	1	1	0	322849	322893	0.01362866231581947	0.0011733942017452302	0.001149144027083869	0.0001362866231581947
1584	2	3	11447	2	2	0	105723	106082	0.3395666032935123	0.0016248752294775065	0.004388827407470465	0.001693103676588822
1585	2	3	21450	4	4	0	198696	198473	-0.11223175101662841	0.000906602477212304	0.0012280066030518984	0.0003233582960905101
1586	2	3	10308	2	2	0	95292	95415	0.12907694245057297	0.0016165096114473599	0.0026969735129916466	0.0006453847122528649
1587	2	3	10150	2	2	0	94158	93276	-0.9367233798508889	0.0015251428433656136	0.009802672104335266	0.004683616899254445
1588	2	3	11516	2	2	0	106043	106255	0.19991890082325095	0.0014180804667997874	0.0030270739228426204	0.000994879435700612
1589	2	3	21687	4	4	0	199390	199320	-0.03510707658357992	0.0013741404561053497	0.0013992677666883997	0.0008187471788956317
1590	2	3	11471	2	2	0	105743	105801	0.05484996642803779	0.0014203134238667306	0.0016171283205507693	0.00035463340362955467
7	4	1	9211	4	4	0	258275	258132	-0.05536734101248669	0.0007424565779310737	0.0011228341883651146	0.00023231052173071338
12	4	0	9299	1	1	0	258293	258310	0.006581672751487652	0.0009662370481665382	0.0009059478963812414	6.581672751487652e-05
17	4	0	9177	1	1	0	258298	258316	0.006968695073132583	0.0009585241873104696	0.0009369023376100473	6.968695073132583e-05
23	4	0	9282	1	1	0	258277	258308	0.012002617344943607	0.0007089600560828567	0.0007201570406966165	0.00012002617344943607
31	4	0	9284	1	1	0	258294	258313	0.00735595871371383	0.0018438566538892497	0.0018660905789526663	7.35595871371383e-05
45	4	0	9290	1	1	0	258296	258148	-0.057298603152971785	0.001235720743689	0.0009640102827763496	0.0005729860315297178
59	4	0	9221	1	1	0	258296	258310	0.005420138136091926	0.0011190277562403165	0.0010878991544584508	5.4201381360919255e-05
73	4	0	9167	1	1	0	258294	258315	0.008130270157262654	0.0013833390704815888	0.0013976321556056278	8.130270157262655e-05
87	4	0	9279	1	1	0	258293	258311	0.006968829972163396	0.0009532748543901526	0.0009253057574150287	6.968829972163396e-05
99	4	0	9234	1	1	0	258289	258312	0.00890475397713414	0.0009415317000424327	0.0009098335585332708	8.904753977134141e-05
115	4	0	9419	1	1	0	258290	258312	0.00851755778388633	0.0008475875458657107	0.0008943435673080646	8.517557783886329e-05
129	4	0	9129	1	1	0	258287	258314	0.01045348778684177	0.0009464352555629253	0.0010414771165409022	0.00010453487786841769
141	4	0	9173	1	1	0	258290	258310	0.007743234348987572	0.001320517924264804	0.0013821673312942816	7.743234348987572e-05
158	4	0	9337	1	1	0	258282	258306	0.009292169024554557	0.0009390539439883159	0.0009872929588589216	9.292169024554556e-05
172	4	0	9311	1	1	0	258282	258302	0.007743474187128797	0.001150841871630619	0.0011150602829465468	7.743474187128797e-05
184	4	0	9265	1	1	0	258297	258144	-0.05923413744642795	0.0008533377117703704	0.0011653251876715563	0.0005923413744642795
196	4	1	145193	33	33	0	4060609	4061108	0.01228879707452749	0.00021265854725411242	0.00027754457521027016	6.224622359788293e-05
201	4	0	9199	1	1	0	258282	258312	0.011615211280693196	0.0010114598396186562	0.0010647277007302097	0.00011615211280693196
210	4	2	37961	17	17	0	1067091	1067032	-0.00552905047460807	0.00042742372147531684	0.0004554438187558512	9.768172922238784e-05
211	4	2	38900	17	17	0	1084455	1084335	-0.011065466063598766	0.0003547110312992807	0.00040942224435315435	7.485462337140342e-05
212	4	2	38334	17	17	0	1082435	1082351	-0.007760281217809846	0.00027828092696466263	0.00032611657974843756	7.542906393781557e-05
213	4	2	38549	17	17	0	1083875	1083800	-0.006919617114519663	0.0003055940126519987	0.0003256833121900588	6.610269525870549e-05
225	4	0	11437	1	1	0	322854	322893	0.012079763608318311	0.0007356735232960965	0.0007743438210460455	0.00012079763608318312
238	4	0	9385	1	1	0	258281	258308	0.01045373062672051	0.0007058109708958718	0.0007278893917864652	0.0001045373062672051
251	4	0	9334	1	1	0	258288	258310	0.008517623737843028	0.0012225420373738465	0.0011731090875301989	8.517623737843028e-05
264	4	0	9245	1	1	0	258290	258312	0.00851755778388633	0.0010738122801118779	0.001122768980603198	8.517557783886329e-05
279	4	0	9211	1	1	0	258282	258307	0.009679342733910997	0.0010083345527483278	0.000952447325016842	9.679342733910996e-05
292	4	0	9369	1	1	0	258283	258311	0.010840821889168083	0.0008082065020801686	0.0008440354185138008	0.00010840821889168083
307	4	0	9361	1	1	0	258286	258306	0.007743354266201033	0.0010018467078842634	0.0009485608976096266	7.743354266201033e-05
318	4	0	9331	1	1	0	258296	258315	0.007355901756124756	0.0008587675849401417	0.0008710936290147737	7.355901756124756e-05
335	4	0	9329	1	1	0	258293	258314	0.008130301634190628	0.0009546899224299275	0.00099886562934342	8.130301634190628e-05
349	4	0	9203	1	1	0	258280	258311	0.012002477930927676	0.0011059730205163014	0.0010221465076660989	0.00012002477930927675
361	4	0	9269	1	1	0	258292	258313	0.008130333111362334	0.0013191349777306892	0.0012737521874467657	8.130333111362334e-05
393	4	0	9187	1	1	0	258285	258153	-0.05110633602415936	0.0009043559390514798	0.0013163753218344077	0.0005110633602415936
407	4	0	9193	1	1	0	258291	258316	0.009679005462830683	0.0011342256498861258	0.0011498658489842851	9.679005462830683e-05
419	4	0	9279	1	1	0	258285	258316	0.012002245581431365	0.0011056653920949362	0.0012195830187583484	0.00012002245581431365
431	4	1	147629	53	53	0	4124915	4124089	-0.020024655053498073	0.0003206660751949553	0.0004829190419681375	4.447890395637426e-05
436	4	0	9317	1	1	0	258288	258152	-0.05265440128848417	0.001057942912206259	0.0014750975655082699	0.0005265440128848417
448	4	2	5542	2	2	0	157322	157366	0.027968116347364003	0.0025695553604990866	0.0024980613010259214	0.0004830856459999237
449	4	2	4559	2	2	0	127290	127221	-0.05420692905962762	0.001192127169671988	0.001390525571529578	0.0002749626836357923
450	4	2	4523	2	2	0	127230	126973	-0.20199638450051088	0.0012548771037370803	0.002821661557808693	0.0010139118132515917
451	4	2	4508	2	2	0	127077	127156	0.06216703258654202	0.001483415427818792	0.0012984253641492953	0.0005980625919717966
452	4	2	4594	2	2	0	127022	126507	-0.40544157704964495	0.0015235776781385524	0.0044165577616475885	0.002035080537229771
453	4	2	4647	2	2	0	126908	127014	0.08352507328143222	0.0014950491588189335	0.0015759447788949476	0.0004136855044599237
454	4	2	4480	2	2	0	126839	126948	0.08593571377888504	0.001530157944825045	0.00219175490188349	0.00041391054801756554
455	4	2	4526	2	2	0	126828	126543	-0.22471378559939445	0.0016724374642994725	0.002838489923360772	0.0011235689279969724
456	4	2	4552	2	2	0	126854	126942	0.06937108802245101	0.0015645880152127733	0.0017736925914831224	0.00034685544011225504
457	4	2	4488	2	2	0	126825	126942	0.09225310467179183	0.0018819973390157992	0.0014350482948945397	0.0006780997437413759
458	4	2	4618	2	2	0	126764	126602	-0.12779653529393203	0.0013160545891894664	0.0018853933293364047	0.0006429270139787321
459	4	2	4456	2	2	0	126821	126755	-0.05204185426703779	0.0013761773230973801	0.0017347284755679265	0.0002641518360523888
460	4	2	4522	2	2	0	126745	126857	0.08836640498639	0.0017266431858408916	0.002461635567478007	0.000737701684484595
461	4	2	4559	2	2	0	126669	126623	-0.03631512051093796	0.0012192878252106016	0.0015157615517608885	0.0002605215167089027
462	4	2	4518	2	2	0	126658	126915	0.20290862006347804	0.001280346375094916	0.002929147783795733	0.0010145431003173902
463	4	2	4505	2	2	0	126644	126598	-0.03632228925176084	0.001384470787428811	0.001587126117305202	0.0003474305928429298
464	4	2	4607	2	2	0	126697	125916	-0.6164313282871733	0.0010296868438937185	0.0066536697790792205	0.0030821566414358666
465	4	2	3072	2	2	0	86677	86552	-0.14421357453534386	0.001447056522058815	0.002180509246974399	0.0007210678726767192
466	4	2	4538	2	2	0	126616	126886	0.21324319201364755	0.001702697767107759	0.0027484678081759017	0.0010583180640677324
467	4	2	4556	2	2	0	126630	126348	-0.22269604359156597	0.0014959514313820756	0.0026218115770354575	0.0011174287293690278
468	4	2	4537	2	2	0	126559	126631	0.05689046215599049	0.0012941134516076017	0.0012168237738920187	0.00031605812308883603
469	4	2	4580	2	2	0	126562	126689	0.1003460754412857	0.0014313427142641888	0.0020227240403912707	0.0006518544270792181
470	4	2	4502	2	2	0	126561	126512	-0.03871650824503599	0.0012457207879839238	0.0011377912627112618	0.00020938519765172526
471	4	2	4592	2	2	0	126568	126500	-0.053726060299601794	0.0011255158688619443	0.0013668541811516339	0.00037134188736489475
472	4	2	4485	2	2	0	126510	126246	-0.20867915579796065	0.001473326403162623	0.0022527863410007113	0.0010433957789898031
473	4	2	4707	2	2	0	126509	126470	-0.030827846240188445	0.0015546480865126344	0.0016678655273537851	0.0006363183647013256
474	4	2	4597	2	2	0	126525	126622	0.0766646907725746	0.0012064671193711522	0.0013594151353487453	0.0003714680893104129
475	4	2	4474	2	2	0	126518	126152	-0.289286899887763	0.0013028572818402685	0.004023142951991021	0.0014503865062678828
476	4	2	1996	1	1	0	56736	56692	-0.0775521714608009	0.0018226212814026527	0.0022031866892272983	0.000775521714608009
477	4	2	4551	2	2	0	126470	126563	0.07353522574523602	0.0016957616740071815	0.0016288447853245829	0.0007037242033683877
478	4	2	4511	2	2	0	126453	126556	0.08145318814104845	0.0009101212156062473	0.0015341668445983884	0.00040331190244596805
479	4	2	4490	2	2	0	126387	126473	0.06804497297981596	0.001714970826037159	0.0022866275803682342	0.0005815471527926132
480	4	2	4450	2	2	0	126406	126652	0.19461101529990665	0.0018142258086769106	0.002056864389348607	0.0009690995680584783
481	4	2	3180	2	2	0	89302	89368	0.07390651945085217	0.0017726095557950197	0.0018588609437638574	0.0003695325972542608
495	4	0	11693	1	1	0	322848	322892	0.013628704529685797	0.001046484664887663	0.001152245019327981	0.00013628704529685797
496	4	2	4451	2	2	0	126339	126288	-0.040367582456723575	0.0020233883676446353	0.0023587332494320835	0.00043137906742969314
497	4	2	4525	2	2	0	126294	126192	-0.08076393177823174	0.0016996979937705413	0.0017102950258919664	0.0006374016184458486
503	4	0	9138	1	1	0	258286	258311	0.009679192832751291	0.0008661206037786066	0.000944689220476526	9.679192832751291e-05
592	4	0	9259	1	1	0	258292	258314	0.008517491830951017	0.0008542492265717337	0.0008943366422498567	8.517491830951016e-05
616	4	0	9155	1	1	0	258286	258308	0.008517689692821136	0.0010148912398289496	0.0010027643774730337	8.517689692821136e-05
631	4	0	9221	1	1	0	258292	258314	0.008517491830951017	0.0014281777285280412	0.0014557167856534465	8.517491830951016e-05
645	4	0	9253	1	1	0	258282	258309	0.010453690152623877	0.0009477496011554335	0.0009640625362975353	0.00010453690152623876
659	4	0	9328	1	1	0	258283	258113	-0.06581927575566336	0.0008924007370862658	0.0009524436374054816	0.0006581927575566336
670	4	0	9211	1	1	0	258292	258316	0.009291809270128381	0.00081673271854571	0.0008556207702909885	9.291809270128382e-05
687	4	0	9279	1	1	0	258290	258315	0.009679042936234466	0.000810892954804596	0.0007936815207712261	9.679042936234466e-05
702	4	0	9265	1	1	0	258286	258155	-0.050718970443616763	0.0008239127056086026	0.0010995563058005466	0.0005071897044361676
713	4	0	9231	1	1	0	258288	258316	0.010840612029982035	0.0011300108363578283	0.0011382642631481137	0.00010840612029982035
730	4	0	9219	1	1	0	258293	258315	0.008517458854866372	0.0009779755510622061	0.001006608773756935	8.517458854866372e-05
744	4	0	9403	1	1	0	258289	258309	0.007743264327942731	0.000970620202441737	0.0010414690521082972	7.743264327942731e-05
756	4	0	9199	1	1	0	258285	258307	0.008517722670693227	0.000979512401469437	0.0010143833362371024	8.517722670693227e-05
768	4	1	156807	38	38	0	4369904	4369687	-0.00496578414537253	0.00020767807392883475	0.0002384491741695012	5.3090411139466684e-05
773	4	0	9227	1	1	0	258283	258312	0.011227994099495514	0.0010896317441984199	0.0011382862983626487	0.00011227994099495515
789	4	2	9123	3	3	0	258938	258904	-0.013130556349396381	0.0010834467040943064	0.001058168364627826	0.0004042151660500454
790	4	2	9361	3	3	0	258931	258713	-0.08419231378243625	0.0010791590227926156	0.0015100548022446134	0.0002857904229312056
791	4	2	9406	3	3	0	258933	258842	-0.03514422649874678	0.0010650158095741801	0.0011431528619372578	0.0002484555206687959
792	4	2	9284	3	3	0	258863	259092	0.08846378200051765	0.0011011738056960992	0.001066201040704929	0.0002910162260861279
793	4	2	9219	3	3	0	259011	258905	-0.04092490280335584	0.001001640967600452	0.0012779380026330927	0.00021105924716196094
794	4	2	9159	3	3	0	258981	259182	0.07761187114112618	0.0008939059355740761	0.0015406535614581765	0.0006100833651889521
795	4	2	9320	3	3	0	258739	259218	0.18512864315004696	0.0007048934945197376	0.0021256942324118125	0.0006080773804232579
796	4	2	9285	3	3	0	258856	259338	0.18620391260005562	0.0008314204158655789	0.0024840065519053066	0.0006193919914289541
797	4	2	13868	5	5	0	388725	388589	-0.034986172744227925	0.0026432780550326492	0.002770596179818638	0.0007105280082320406
798	4	2	13811	5	5	0	387888	387824	-0.01649960813430681	0.002738187600037362	0.0027971991915192013	0.0008110588623520192
799	4	2	6741	3	3	0	188174	188301	0.06749072666787123	0.001117900744527504	0.001100045702381838	0.0005207945837363291
800	4	2	6704	3	3	0	187989	188346	0.18990472846815507	0.0011090633039331492	0.002707605232221034	0.0006259231479856091
801	4	2	6734	3	3	0	188654	188792	0.07314978744155969	0.0009346859258440334	0.0013463801456634898	0.00026150165558818435
802	4	2	6772	3	3	0	188190	187815	-0.19926669854933843	0.0010739659693835616	0.0022424145810085554	0.0006677648475831164
803	4	2	2978	2	2	0	84272	84488	0.25631289158913995	0.0009446912578739403	0.0031801784697171064	0.001275631289158914
804	4	2	6694	3	3	0	187990	187963	-0.014362466088621736	0.0019790383955132	0.0019203149103675728	0.0009078497083178184
813	4	0	11496	1	1	0	322846	322894	0.014867769772585072	0.0009952200091095822	0.0010748158564764625	0.00014867769772585073
829	4	0	9362	1	1	0	258290	258309	0.007356072631538193	0.0007824288769162302	0.0008169112238181888	7.356072631538194e-05
845	4	0	9216	1	1	0	258290	258314	0.009291881218785087	0.0010036665950555728	0.0009717759107979403	9.291881218785086e-05
869	4	0	9349	1	1	0	258289	258143	-0.05652582959398193	0.0011546522798687006	0.0008788605012214999	0.0005652582959398193
873	4	3	6865	3	3	0	194508	194638	0.06683529726283752	0.006706611427394671	0.007038270919448043	0.0007780314091622624
874	4	3	6708	3	3	0	187968	187912	-0.029792305073203948	0.0012351835180480527	0.0010214504596527069	0.00031920326864147094
876	4	3	6613	3	3	0	188179	188405	0.12009841693281396	0.001510261314603696	0.002508250123552575	0.0005863211800112304
877	4	3	5913	3	3	0	164400	164360	-0.024330900243309004	0.0016288024803425393	0.0016605839416058395	0.00013381995133819952
879	4	3	6698	3	3	0	188718	188944	0.11975540224037982	0.0016550991547514902	0.0022679341663222373	0.0003938857625310429
880	4	3	6366	3	3	0	175192	175190	-0.001141604639481255	0.0011208264445529124	0.001124480569889036	0.00011225778954899005
881	4	3	5914	3	3	0	162061	161940	-0.07466324408710301	0.0019853290901917335	0.002110316485767705	0.0006314494747862431
883	4	3	6722	3	3	0	187748	187934	0.09906896478258091	0.0012243733468875289	0.0014061401453011485	0.0003657384721364098
884	4	3	6704	3	3	0	187354	187873	0.2770157028939868	0.0008127842171551356	0.0030850689069889087	0.0009198273500076504
886	4	3	6636	3	3	0	188436	188341	-0.05041499501156892	0.0010322799682013486	0.0010401409497123692	0.0005165325804694079
887	4	3	7827	4	4	0	221603	221893	0.1308646543593724	0.0054376411372048065	0.005685843603200317	0.0003801843837854181
889	4	2	9879	3	3	0	272458	272644	0.06826740268224828	0.0011062886881137665	0.0011561414970380757	0.0002263345787852317
890	4	3	6631	3	3	0	188167	188667	0.2657214070479946	0.00147605162116062	0.002806018058426823	0.0008821950713993422
892	4	3	6905	3	3	0	188350	188041	-0.16405627820546853	0.0007447583639345116	0.0019325723387310857	0.0006813556322449341
893	4	3	6593	3	3	0	185171	185159	-0.006480496406024701	0.0009504848519227896	0.00092347073785852	0.00035102688865967135
898	4	3	6754	3	3	0	187594	187064	-0.2825250274529036	0.0010472792092724825	0.0032250498416793714	0.0009435269784747914
899	4	3	6686	3	3	0	187147	187219	0.03847243076298311	0.00107026002483626	0.0009083768374593234	0.00030635454126079145
906	4	3	4781	3	3	0	134628	134597	-0.023026413524675403	0.0016179568823700406	0.0017826900793297086	0.00029216309633459114
907	4	3	6767	3	3	0	187580	188102	0.2782812666595586	0.0013508366990453802	0.002996055016526282	0.0009720297117674237
908	4	3	5362	3	3	0	148073	148041	-0.02161096216055594	0.0039907037026548865	0.0038697129118745485	0.00021385847971383486
909	4	3	6712	3	3	0	187044	187057	0.006950236308034473	0.0010856468490708713	0.0011280768161502106	0.0004490921922114583
912	4	3	6777	3	3	0	187641	187805	0.08740094115891517	0.0012572171136639397	0.0015455044473222804	0.00043878114768804974
913	4	3	5856	3	3	0	163516	163250	-0.16267521221164902	0.0015775059754093684	0.002440128183174735	0.0008480311814542104
914	4	3	4980	3	3	0	136088	136234	0.1072835224266651	0.002533918925387161	0.003402210334489448	0.0010581388513314915
915	4	3	4847	3	3	0	136065	136153	0.06467497152096424	0.0030113016318028536	0.00288097600411568	0.001528681145040973
919	4	0	9147	1	1	0	258292	258314	0.008517491830951017	0.0008554670542776055	0.0009253093398169514	8.517491830951016e-05
946	4	0	9187	1	1	0	258297	258312	0.005807268377100779	0.0010566662845549182	0.001080151918140745	5.8072683771007794e-05
965	4	0	9251	1	1	0	258292	257990	-0.11692193331578214	0.0012311073425428068	0.0015912223375094854	0.0011692193331578214
971	4	3	6716	3	3	0	187524	187418	-0.05652609799279026	0.00109387417697903	0.0008745547236620379	0.0005474854774144464
972	4	3	6643	3	3	0	187169	187113	-0.029919484530023667	0.0010535430336056086	0.0009616977170364751	0.00021549152548409902
985	4	0	9353	1	1	0	258283	258314	0.012002338520150377	0.0010986765461167085	0.0011382862983626487	0.00012002338520150378
1004	4	0	9225	1	1	0	258293	258316	0.008904616075542117	0.0012412717680786234	0.0012776188282299559	8.904616075542117e-05
1018	4	0	9275	1	1	0	258284	258121	-0.06310882594353502	0.0008333591230646906	0.0013473540753589073	0.0006310882594353502
1030	4	0	9245	1	1	0	258299	258318	0.0073558163213949725	0.0009461771060450921	0.0009562561217813465	7.355816321394972e-05
1047	4	0	9246	1	1	0	258303	258142	-0.062329899381733854	0.0013879184599038337	0.0012078837644162088	0.0006232989938173385
1061	4	0	9223	1	1	0	258284	258310	0.010066438494060801	0.0010589740531867884	0.001029874092084682	0.00010066438494060802
1073	4	0	9203	1	1	0	258290	258314	0.009291881218785087	0.0007916574177176517	0.0008401409268651515	9.291881218785086e-05
1085	4	1	159958	40	40	0	4463676	4457183	-0.14546306676380633	0.00026090288670796685	0.0014745693907891164	6.88334009905737e-05
1090	4	0	9161	1	1	0	258276	258308	0.012389846520776224	0.000958917619865252	0.0008518019483033654	0.00012389846520776223
1110	4	2	4761	3	3	0	133022	132750	-0.20447745485709132	0.001583772119197762	0.0035407676925621324	0.0014283351626046819
1111	4	2	4909	3	3	0	136634	136692	0.04244917077740533	0.0024440406154049104	0.0025249937790008344	0.0008855775282872491
1112	4	2	5469	3	3	0	153441	153548	0.06973364355028969	0.0030196205872073762	0.003186892681877725	0.0011513654542571194
1113	4	2	5390	3	3	0	150492	150601	0.07242909922122107	0.003902757418095854	0.004093240836722218	0.0016080589001408714
1114	4	2	6630	2	2	0	185613	186098	0.2612963531649184	0.0011116864306339423	0.0029469918594063993	0.0013037879889878402
1115	4	2	9496	3	3	0	266419	266798	0.1422571213014087	0.0015831584942321462	0.0024697938210112643	0.0008870738698566294
1116	4	2	6677	2	2	0	184890	184298	-0.32019038347125317	0.010137203679822198	0.009108118340634972	0.001603656228027476
1117	4	2	9243	5	5	0	258996	259498	0.1938253872646682	0.0008882104440280198	0.002181500872600349	0.000465644257054163
1118	4	2	9383	5	5	0	259007	258876	-0.05057778361202593	0.0009221607166952419	0.0008300933951592041	0.0003497974958205763
1119	4	2	8493	5	4	-1	237361	237503	0.05982448675224658	0.0012384194564408013	0.001301814535665084	0.00026794629277766775
1120	4	2	9241	5	5	0	258767	258149	-0.23882488879957645	0.001222707652951963	0.0027360521241116525	0.0005959028778785549
1121	4	2	9204	4	4	0	258609	257910	-0.27029221720821783	0.0014035590044356872	0.002977467914883086	0.0007337331647390463
1122	4	2	9157	4	4	0	258617	258515	-0.039440562685360975	0.0010422004378421587	0.0013494859193324492	0.00034123820166501043
1123	4	2	9264	5	5	0	258075	258274	0.07710936743194807	0.00547141333998103	0.006230746875908166	0.0023318802673641384
1124	4	2	9199	4	4	0	254893	254710	-0.07179483155677088	0.009303115374228989	0.009325481672701879	0.0002530473571263236
1125	4	2	3883	1	1	0	110737	111001	0.23840270189728818	0.0024669607012356137	0.003648283771458501	0.002384027018972882
1126	4	2	8004	3	3	0	224020	223918	-0.045531648959914295	0.009289450636263063	0.009499151861440942	0.006317888283784187
1127	4	2	7136	3	3	0	198909	198695	-0.10758688646567023	0.012155670768379314	0.01311152335992841	0.00837736519379884
1128	4	2	13956	7	7	0	388740	388956	0.055564130267016516	0.0027424376413864113	0.0025621237845346503	0.0007305654164737357
1129	4	2	13955	7	7	0	388718	388646	-0.018522424997041556	0.0028996592265720525	0.002968733117581383	0.0007456746095039151
1130	4	2	6571	2	2	0	184751	184962	0.1142077715411554	0.0007844247950991491	0.0015372041288003854	0.0005683325124085932
1132	4	3	11470	5	5	0	323241	322655	-0.18128888352653283	0.0015160210222253303	0.0018716685073985044	0.0006106898567941567
1141	4	0	11667	1	1	0	322850	322721	-0.03995663620876568	0.0010489094627636204	0.0010345361623044758	0.0003995663620876568
1155	4	0	9236	1	1	0	258286	258137	-0.057687989283197696	0.0007716123073903587	0.00104922450307024	0.000576879892831977
1172	4	0	9325	1	1	0	258285	258311	0.010066399519910178	0.00096705919905336	0.0010027682598679752	0.00010066399519910177
1180	4	3	8898	4	4	0	248920	249305	0.1546681664791901	0.000996337873280972	0.0021934758155230595	0.0003856660774546039
1182	4	3	8902	4	4	0	249020	249134	0.045779455465424466	0.001195047781407495	0.0013292105051803068	0.00037647578507750385
1187	4	3	8818	4	4	0	249769	250180	0.1645520460905877	0.0012132596241206833	0.0018937498248381504	0.0005184790746649904
1192	4	0	9268	1	1	0	258285	258306	0.008130553458388989	0.001003230334015572	0.0009756664150066787	8.130553458388989e-05
1196	4	3	8638	4	4	0	243268	244025	0.3111794399592219	0.0008484686602832677	0.0034981995165825346	0.0007717825607971455
1197	4	3	6001	3	3	0	169585	169759	0.10260341421705929	0.0030799439206032684	0.002783265029336321	0.0014407720808640703
1203	4	3	4362	2	2	0	122063	121932	-0.1073216289948633	0.001196041904689961	0.0020808926537935328	0.0009953876277004497
1204	4	3	4582	2	2	0	127878	128237	0.2807363268114922	0.002106690760794541	0.003722297815105022	0.001403681634057461
1205	4	3	4321	2	2	0	121127	121027	-0.08255797633888398	0.0016400266457094789	0.001865810265258778	0.0008668587515582818
1207	4	3	4555	2	2	0	127680	127736	0.043859649122807015	0.0020209376466154426	0.002302631578947368	0.0007792919799498746
1210	4	3	4371	2	2	0	121767	121807	0.03284962263995992	0.0022221425871411515	0.0023241108017771645	0.00022584115564972448
1211	4	3	4594	2	2	0	127941	128268	0.2555865594297371	0.0011414579325025951	0.0035875911552981452	0.0012779327971486859
1212	4	3	4315	2	2	0	118748	118781	0.027789941725334322	0.0016629234817319742	0.0017095024758311719	0.00034947957018223463
1214	4	3	4548	2	2	0	127974	128477	0.39304858799443637	0.0014665780986342543	0.004438401550314908	0.001965242939972182
1215	4	3	4385	2	2	0	121479	121535	0.04609850262185234	0.0021642515333954223	0.0018604038558104692	0.0007449847298710065
1216	4	3	4251	2	2	0	122280	122480	0.16355904481517827	0.001371583074213501	0.0022162250572456657	0.0008177952240758914
1217	4	3	4232	2	2	0	117270	116768	-0.42807197066598446	0.001363720967204412	0.004425684318239959	0.0021446235183763965
1219	4	3	4360	2	2	0	121503	121707	0.1678970889607664	0.0014025264892315403	0.0026419100762944125	0.000839485444803832
1220	4	3	4560	2	2	0	127875	128028	0.11964809384164223	0.0012820626572981149	0.0024086021505376346	0.0005865102639296188
1221	4	3	4424	2	2	0	121694	122022	0.2695284894900324	0.0019962814161161033	0.0038457113744309497	0.0013435337814518382
1222	4	3	4311	2	2	0	121117	120513	-0.49869134803537074	0.009899636760410255	0.012178306926360462	0.0024934567401768536
1224	4	3	4429	2	2	0	122461	122425	-0.029397114183291006	0.001485607741221392	0.001363699463502666	0.001163635769755269
1225	4	3	4472	2	2	0	127863	127643	-0.17205915706654779	0.0014967777738214194	0.002314977749622643	0.000864206220720615
1226	4	3	4218	2	2	0	117629	117524	-0.08926370197825366	0.0023527363620085263	0.0024228719108383137	0.0007523654881024238
1227	4	3	4209	2	2	0	117450	117474	0.020434227330779056	0.013560008637328754	0.01363984674329502	0.00016602809706257982
1228	4	3	6023	3	3	0	164617	163817	-0.4859765394825565	0.0034899553091634035	0.005333592520821057	0.0016219467005230321
1229	4	3	4530	2	2	0	128246	128029	-0.16920605710899364	0.0018051414272389067	0.0030254354911654164	0.0008772203421549211
1230	4	3	4321	2	2	0	122104	121556	-0.4487977461835812	0.0013927786058529753	0.00523324379217716	0.002243988730917906
1231	4	3	4285	2	2	0	121585	121431	-0.12666036106427603	0.0016004812309308872	0.0026894764979232635	0.0010527614426121643
1232	4	3	9730	5	5	0	275257	275764	0.18419150103357954	0.0007362994374153753	0.002386860279665912	0.0004919039297819856
1233	4	3	4615	2	2	0	128090	128148	0.04528066203450699	0.0011848634361511306	0.0013428058396440002	0.00021859629947693028
1234	4	3	4329	2	2	0	122166	122195	0.023738192295728763	0.0013174983264770538	0.0011869096147864382	0.0005525268896419625
1235	4	3	4618	2	2	0	127603	127685	0.06426181202636301	0.001256782345515422	0.0014811563991442207	0.00039967712357859926
1236	4	3	4506	2	2	0	127559	127388	-0.13405561348082065	0.001975153627217291	0.0017325316128223018	0.0006741978221842442
1237	4	3	4385	2	2	0	121259	121614	0.29276177438375706	0.0010652002803257002	0.0036285966402493834	0.0014638088719187855
1238	4	3	6278	3	3	0	175390	175428	0.021666001482410626	0.0009000453314363482	0.0008951479559838075	9.692684873710017e-05
1239	4	3	4428	2	2	0	127100	127446	0.27222659323367426	0.001328855060170005	0.0034933123524783635	0.0013493312352478365
1240	4	3	4452	2	2	0	126166	126423	0.20369988744986764	0.014759590160426569	0.01408461867698112	0.0016605107556711
1241	4	3	8331	4	4	0	232841	232417	-0.18209851357793516	0.01457828233263317	0.013966612409326536	0.002334210899283202
1262	4	3	4409	2	2	0	122414	122131	-0.23118270786021206	0.00153164798830025	0.0031287271063767217	0.0011599980394399333
1263	4	3	4594	2	2	0	128172	127907	-0.20675342508504196	0.0013585727443932076	0.002738507630371688	0.0010337671254252098
1264	4	3	4563	2	2	0	127493	127518	0.01960891970539559	0.0017243091656229555	0.001827551316542869	0.0010549598801502828
1265	4	3	4131	2	2	0	115288	115467	0.15526334050378182	0.0037806277892539044	0.004085420859065991	0.0008413711747970301
1266	4	3	5575	3	3	0	154328	154428	0.06479705562179254	0.0015924129434211707	0.0021253434243947954	0.0009525167176403504
1267	4	3	4601	2	2	0	127905	127417	-0.3815331691489778	0.0020572185495332843	0.005136624838747508	0.0019115749970681365
1270	4	0	9060	1	1	0	258288	258309	0.008130459022486526	0.000641102914929908	0.0006775382518738772	8.130459022486527e-05
1272	4	3	4577	2	2	0	127721	128049	0.25680976503472414	0.0019485983505082404	0.0029517463846978963	0.0012801340421700427
1273	4	3	4544	2	2	0	127500	127296	-0.16	0.0021494343891402716	0.003215686274509804	0.000803921568627451
1274	4	3	4423	2	2	0	121478	121719	0.1983898319037192	0.0015399575109831599	0.0027988606990566193	0.000987833187902336
1275	4	3	4047	2	2	0	112768	112443	-0.2882023269012486	0.009107491795717043	0.008433243473325766	0.00144544551645857
1276	4	3	6728	3	3	0	185250	185296	0.024831309041835357	0.005211488557797621	0.005149797570850202	0.0016122357174988753
1277	4	3	6531	3	3	0	184073	184447	0.2031802600055413	0.00873627734847094	0.008192401927496156	0.0019901524576300344
1278	4	3	6514	3	3	0	184553	184678	0.06773122084170943	0.006776938457789259	0.006588893163481493	0.0012227743069289942
1296	4	0	9259	1	1	0	258292	258315	0.008904650550539699	0.0010742530154808192	0.001045328542889443	8.9046505505397e-05
1318	4	0	9253	1	1	0	258281	258146	-0.05226865313360255	0.0009036361838770045	0.00110732109601558	0.0005226865313360255
1341	4	0	9209	1	1	0	258284	258146	-0.053429558160784256	0.0009199689396707051	0.0013473540753589073	0.0005342955816078426
1363	4	0	9317	1	1	0	258275	258310	0.013551447100958281	0.0009086499459355216	0.0007859839318555803	0.0001355144710095828
1377	4	0	9207	1	1	0	258287	258312	0.009679155358186824	0.0010567865882186356	0.0010259904679678032	9.679155358186823e-05
1388	4	0	9255	1	1	0	258279	258309	0.011615346195393353	0.0010454424474237905	0.0011266885809531554	0.00011615346195393353
1405	4	0	9211	1	1	0	258298	258311	0.0050329464417068655	0.0011002737937893991	0.0011304772007526191	5.032946441706866e-05
1419	4	0	9335	1	1	0	258290	258313	0.008904719501335707	0.0009169606923371237	0.0008749854814355956	8.904719501335708e-05
1431	4	1	155547	47	46	-1	4334696	4335624	0.021408652417608986	0.0003115254649712914	0.0003924150620943199	5.912706965850098e-05
1435	4	0	9266	1	1	0	258281	258310	0.011228081043514622	0.0013838174799284118	0.0013899589981454308	0.00011228081043514621
1448	4	0	9327	1	1	0	258290	258313	0.008904719501335707	0.0011279243572254536	0.001192458089744086	8.904719501335708e-05
1468	4	2	4803	3	3	0	135064	135089	0.018509743528993663	0.0016835103157834149	0.0018287626606645739	0.0005849078955161998
1469	4	2	4589	3	3	0	126934	126979	0.03545149447744497	0.002005913606500215	0.002205870767485465	0.0006433789738499272
1470	4	2	2379	2	2	0	64962	65034	0.11083402604599613	0.0038285534604475236	0.0044795418860256765	0.0012622764077460668
1471	4	2	6464	2	2	0	182065	181773	-0.1603822810534699	0.0014923226258761525	0.0023343311454700243	0.0008101502210748909
1472	4	2	6510	2	2	0	182659	183172	0.2808512036089106	0.0009800867935236622	0.003126043611319453	0.0013878319710498798
1473	4	2	6428	2	2	0	181772	181436	-0.1848469511255859	0.008680717700197038	0.008604185463107629	0.0009324868516603217
1474	4	2	6441	2	2	0	181505	181670	0.0909065865954106	0.01066201075581235	0.010715958238065067	0.00044351395278366987
1475	4	2	4737	2	2	0	131630	131428	-0.1534604573425511	0.0024831239691496276	0.0030995973562257845	0.001371267948036162
1476	4	2	3713	2	2	0	104717	104646	-0.06780178958526314	0.002320816536051847	0.002349188765911934	0.0010265763916078572
1477	4	2	7662	4	4	0	214960	215380	0.19538518794194268	0.0011906293799867937	0.002535355414960923	0.0004989300334946037
1478	4	2	8824	5	4	-1	251170	251643	0.18831866863080782	0.0011511124064840002	0.002018553171158976	0.0006282597443962257
1479	4	2	6778	3	3	0	188911	188573	-0.17892023227869208	0.0007825113209677312	0.002059170720603882	0.0006016942722587179
1480	4	2	5511	3	4	1	153733	153470	-0.17107582627022175	0.0013204873551539576	0.0023937606109293384	0.0006071131984241076
1481	4	2	8659	4	4	0	238580	239055	0.19909464330622853	0.0009859969401727086	0.002179562410931344	0.0004904015424595523
1482	4	2	8331	5	5	0	239025	238912	-0.04727538960359795	0.0007509400142830674	0.0010208137224139734	0.0003171216399958163
1483	4	2	2819	3	2	-1	78357	78499	0.18122184361320623	0.0015317599570795007	0.0026034687392319767	0.0005998187781563868
1484	4	2	8977	4	4	0	250785	251227	0.17624658572083657	0.0016299707953633916	0.002440337340750045	0.0006958151404589589
1485	4	2	8939	4	5	1	250629	250840	0.08418818253274761	0.0012590147777571314	0.001743613069517095	0.00036907141631654754
1486	4	2	3225	2	2	0	89877	89746	-0.14575475371897148	0.00199090570750364	0.00218075814724568	0.0007343369271337495
1487	4	2	4307	2	2	0	120178	120433	0.2121852585331758	0.0015654380850713611	0.002388124282314567	0.001060926292665879
1488	4	2	6749	3	3	0	189818	190185	0.19334309707193206	0.001272095228176351	0.0031977999978927184	0.0006392087859598845
1489	4	2	3915	2	2	0	111015	111249	0.2107823267126064	0.0022384519149797524	0.0034589920281043103	0.0010944466963923793
1490	4	2	1163	1	1	0	32833	32858	0.07614290500411172	0.0034715306465798175	0.0033502878201809153	0.0007614290500411172
1491	4	2	4357	2	3	1	123792	123343	-0.3627051828874241	0.01750289363264865	0.01762634095902805	0.0018135259144371205
1492	4	2	13249	4	4	0	369875	369109	-0.20709699222710376	0.004569249667163612	0.004374450827982427	0.0014106116931395744
1502	4	0	9257	1	1	0	258286	258157	-0.04994463501699666	0.0010484550777839351	0.0011615031399301548	0.0004994463501699667
1503	4	2	13263	4	4	0	372419	372256	-0.04376790657834321	0.004565906824769271	0.00424790357097785	0.0023065418252022586
1519	4	0	9340	1	1	0	258286	258313	0.010453528259371394	0.0009258255392024211	0.000832410583616611	0.00010453528259371395
1532	4	3	5797	3	3	0	162453	162341	-0.0689430173650225	0.003626884425180615	0.003656442170966372	0.0006894301736502249
1533	4	3	3747	2	2	0	106080	106012	-0.0641025641025641	0.0017811723297894676	0.0021964555052790347	0.0013763197586726997
1535	4	3	3970	2	2	0	111586	111432	-0.13801014464180095	0.013976054840427434	0.013863746348108186	0.0006900507232090047
1536	4	3	3372	2	2	0	95276	95305	0.03043788572148285	0.001760639478487929	0.0018052814979638103	0.000860657458331584
1537	4	3	5847	3	3	0	162202	162794	0.36497700398268823	0.0010914523292150705	0.003668265496109789	0.001212479911879426
1539	4	3	5635	3	3	0	158597	159025	0.26986639091533887	0.0009169345690274701	0.0028878225943744207	0.0008995546363844629
1540	4	3	3374	2	2	0	94835	94815	-0.02108926029419518	0.001226738127040751	0.001265355617651711	0.0002108926029419518
1542	4	3	6959	4	3	-1	195919	196528	0.3108427462369653	0.001283315442842995	0.0036035300302676107	0.0008574972309985249
1543	4	3	3771	2	2	0	105677	105545	-0.12490892057874467	0.0016175031625540424	0.002450864426507187	0.0007854121521239248
1548	4	0	9087	1	1	0	258282	258310	0.010840863861980316	0.000977940924873848	0.0010143951185138725	0.00010840863861980317
1552	4	3	4047	2	2	0	114107	114326	0.191925122910952	0.00101858472533975	0.0022259808775973427	0.0009552437624335054
1553	4	3	3792	2	2	0	106026	105845	-0.17071284401939146	0.0017508129826006053	0.002716314866164903	0.0008582800445173825
1554	4	3	3752	2	2	0	105707	105699	-0.007568089152090212	0.0012372237846116994	0.0012581948215349976	0.00012771150444152232
1555	4	3	6376	3	3	0	179581	179348	-0.12974646538330892	0.0016174622376202053	0.0015758905452135806	0.0009299424772108407
1563	4	3	5347	3	3	0	149721	149848	0.08482444012529973	0.001320640283939713	0.0017766378797897423	0.0005744017205335257
1564	4	3	5587	3	3	0	156842	155964	-0.5597990334221701	0.0016017473392798184	0.0057892656303796175	0.0018702473402107433
1566	4	3	5267	3	3	0	149842	150104	0.17485084288784186	0.0011708677897242794	0.002475941324862188	0.0005783870120971867
1567	4	3	5639	3	3	0	157107	157429	0.20495585810944134	0.0011918303939348056	0.0023550828416302265	0.0006810644974444168
1570	4	3	5630	3	3	0	156618	157131	0.3275485576370532	0.0010450254620287369	0.0039203667522251595	0.0012429392960366411
1571	4	3	3771	2	2	0	105340	105321	-0.018036833111828365	0.0016115274426970084	0.0016233149800645528	0.00043668122270742354
1573	4	3	7141	4	4	0	200647	200340	-0.15300502873205182	0.0014460927295924947	0.0026514226477345787	0.000569407965232473
1574	4	3	4117	2	2	0	115979	116217	0.20520956380034316	0.0016276729818957636	0.0025608084222143663	0.0010260478190017158
1575	4	3	6804	3	3	0	189075	189548	0.25016527832870555	0.0021519476547255233	0.0026761866984001056	0.0011706113094451054
1577	4	3	5653	3	3	0	157773	158012	0.15148346041464636	0.0011819846273641117	0.002256406355967117	0.0005514251487897169
1578	4	3	6836	3	3	0	194059	193665	-0.20303103695267935	0.008478039875000669	0.0081779252701498	0.0008124676859443089
1580	4	3	7169	4	4	0	201264	201990	0.360720248032435	0.000953584219557733	0.003964941569282137	0.0008918634231655934
1583	4	0	11537	1	1	0	322849	322893	0.01362866231581947	0.0007644638449387206	0.0007402841576092848	0.0001362866231581947
1584	4	3	3748	2	2	0	105723	106082	0.3395666032935123	0.001879395317711137	0.004880678754859397	0.0016978330164675614
1585	4	3	7151	4	4	0	198696	198473	-0.11223175101662841	0.000982171038377509	0.0013689253935660506	0.0003246164995772436
1586	4	3	3422	2	2	0	95292	95415	0.12907694245057297	0.0021891114738317665	0.0028963606598665158	0.0013852159677622466
1587	4	3	3376	2	2	0	94158	93276	-0.9367233798508889	0.0029079344031709546	0.010078803712908091	0.00468892712249623
1588	4	3	3801	2	2	0	106043	106255	0.19991890082325095	0.0011887213098021366	0.0030553643333364766	0.000994879435700612
1589	4	3	7039	4	4	0	199390	199320	-0.03510707658357992	0.0014443863134355893	0.0014694819198555595	0.00021565775615627666
1590	4	3	3711	2	2	0	105743	105801	0.05484996642803779	0.0018560898033762173	0.0020237746233793255	0.0008747623956195682
7	8	1	2771	4	4	0	258275	258132	-0.05536734101248669	0.0008452526698437365	0.0009679605072113057	0.00018778433839899332
12	8	0	2785	1	1	0	258293	258310	0.006581672751487652	0.000873325685140436	0.0008130301634190629	6.581672751487652e-05
17	8	0	2653	1	1	0	258298	258316	0.006968695073132583	0.000977870343115077	0.0009562598239243045	6.968695073132583e-05
23	8	0	2663	1	1	0	258277	258308	0.012002617344943607	0.0007547435875042676	0.0008672858984733445	0.00012002617344943607
31	8	0	2728	1	1	0	258294	258313	0.00735595871371383	0.0011469914474630674	0.0011692102797587246	7.35595871371383e-05
45	8	0	2687	1	1	0	258296	258148	-0.057298603152971785	0.0009321958755547523	0.0010375693003375971	0.0005729860315297178
59	8	0	2685	1	1	0	258296	258310	0.005420138136091926	0.0007976972902374047	0.0007665623935330009	5.4201381360919255e-05
73	8	0	2679	1	1	0	258294	258315	0.008130270157262654	0.0010532281285758806	0.0009872470905247508	8.130270157262655e-05
87	8	0	2695	1	1	0	258293	258311	0.006968829972163396	0.0011809770651974496	0.0012118021007150794	6.968829972163396e-05
99	8	0	2657	1	1	0	258289	258312	0.00890475397713414	0.000736353810697531	0.0007046370538427886	8.904753977134141e-05
115	8	0	2655	1	1	0	258290	258312	0.00851755778388633	0.000915585213101554	0.0009330597390530025	8.517557783886329e-05
129	8	0	2639	1	1	0	258287	258314	0.01045348778684177	0.0007477746705003276	0.0008091773879444185	0.00010453487786841769
141	8	0	2675	1	1	0	258290	258310	0.007743234348987572	0.001091989991278317	0.0011537419179991483	7.743234348987572e-05
158	8	0	2669	1	1	0	258282	258306	0.009292169024554557	0.000873549451260692	0.0008324234751163457	9.292169024554556e-05
172	8	0	2681	1	1	0	258282	258302	0.007743474187128797	0.0007336441003552238	0.0006736822542802054	7.743474187128797e-05
184	8	0	2705	1	1	0	258297	258144	-0.05923413744642795	0.0006939053116475722	0.000975621087352931	0.0005923413744642795
196	8	1	42133	33	33	0	4060609	4061108	0.01228879707452749	0.00020540199725603458	0.00028493262956369355	6.21641341050671e-05
201	8	0	2709	1	1	0	258282	258312	0.011615211280693196	0.0011392123249851897	0.0011924950248178349	0.00011615211280693196
210	8	2	10915	17	17	0	1067091	1067032	-0.00552905047460807	0.00029472986607634587	0.00030269208530481467	8.621570231592243e-05
211	8	2	11314	17	17	0	1084455	1084335	-0.011065466063598766	0.0003035653003333166	0.0003365745927677958	7.816341469434226e-05
212	8	2	11229	17	17	0	1082435	1082351	-0.007760281217809846	0.000354858146751807	0.0003242688937441971	6.581022797456388e-05
213	8	2	11281	17	17	0	1083875	1083800	-0.006919617114519663	0.000268339448740575	0.0003109214623457502	6.317203389255598e-05
225	8	0	3303	1	1	0	322854	322893	0.012079763608318311	0.0008531357059788831	0.0009385047111078072	0.00012079763608318312
238	8	0	2641	1	1	0	258281	258308	0.01045373062672051	0.000659358909248811	0.0006659413584429362	0.0001045373062672051
251	8	0	2729	1	1	0	258288	258310	0.008517623737843028	0.0008820705467895664	0.0008324041380164777	8.517623737843028e-05
264	8	0	2733	1	1	0	258290	258312	0.00851755778388633	0.0008454063214262574	0.0008943435673080646	8.517557783886329e-05
279	8	0	2626	1	1	0	258282	258307	0.009679342733910997	0.0010199482651392915	0.0009640625362975353	9.679342733910996e-05
292	8	0	2691	1	1	0	258283	258311	0.010840821889168083	0.0007901999088951598	0.0007433706438286686	0.00010840821889168083
307	8	0	2721	1	1	0	258286	258306	0.007743354266201033	0.0009920082898450325	0.001033737794537838	7.743354266201033e-05
318	8	0	2663	1	1	0	258296	258315	0.007355901756124756	0.0006574748164463246	0.0007046179576919503	7.355901756124756e-05
335	8	0	2779	1	1	0	258293	258314	0.008130301634190628	0.000832405964912645	0.000762699724731216	8.130301634190628e-05
349	8	0	2703	1	1	0	258280	258311	0.012002477930927676	0.0009782200405812618	0.0008943781942078365	0.00012002477930927675
361	8	0	2711	1	1	0	258292	258313	0.008130333111362334	0.0008621177250493577	0.0008169048983321202	8.130333111362334e-05
393	8	0	2693	1	1	0	258285	258153	-0.05110633602415936	0.0008425036653210705	0.0010995605629440348	0.0005110633602415936
407	8	0	2691	1	1	0	258291	258316	0.009679005462830683	0.0007081062316098173	0.0007898068457669838	9.679005462830683e-05
419	8	0	2697	1	1	0	258285	258316	0.012002245581431365	0.001052182350063419	0.001165379329035755	0.00012002245581431365
431	8	1	43226	53	53	0	4124915	4124089	-0.020024655053498073	0.0002505542562062783	0.00041285699220468784	4.7721966780836355e-05
436	8	0	2693	1	1	0	258288	258152	-0.05265440128848417	0.0007988509025156138	0.001219568853372979	0.0005265440128848417
448	8	2	1561	2	2	0	157322	157366	0.027968116347364003	0.0012982613493202678	0.0011695757745261311	0.0001970480924473373
449	8	2	1295	2	2	0	127290	127221	-0.05420692905962762	0.001583082536602538	0.0011312750412444026	0.0003535234503888758
450	8	2	1335	2	2	0	127230	126973	-0.20199638450051088	0.0016067003927573787	0.0029238387172836593	0.0010139118132515917
451	8	2	1339	2	2	0	127077	127156	0.06216703258654202	0.0015510118654061776	0.0014400717675110365	0.0005193701456597181
452	8	2	1303	2	2	0	127022	126507	-0.40544157704964495	0.0014040537859558487	0.004298467981924391	0.002031144211238998
453	8	2	1331	2	2	0	126908	127014	0.08352507328143222	0.0013803615623747645	0.0019699309736186843	0.0004964226053519084
454	8	2	1319	2	2	0	126839	126948	0.08593571377888504	0.0010804263480570341	0.0017660183382082798	0.00041391054801756554
455	8	2	1321	2	2	0	126828	126543	-0.22471378559939445	0.001259386482582495	0.002838489923360772	0.001127511275112751
456	8	2	1333	2	2	0	126854	126942	0.06937108802245101	0.0015952626049280637	0.001750043356930014	0.0003429139010200703
457	8	2	1297	2	2	0	126825	126942	0.09225310467179183	0.0014014629217228623	0.0014035087719298245	0.0004573230829883698
458	8	2	1337	2	2	0	126764	126602	-0.12779653529393203	0.0012636221488424141	0.0020273894796629956	0.0006389826764696602
459	8	2	1325	2	2	0	126821	126755	-0.05204185426703779	0.0012556339706257347	0.0012300801917663477	0.00039819903643718315
460	8	2	1325	2	2	0	126745	126857	0.08836640498639	0.0015610536980842126	0.002295948558128526	0.001076965560771628
461	8	2	1315	2	2	0	126669	126623	-0.03631512051093796	0.0011207507327025857	0.0012473454436365645	0.0001815756025546898
462	8	2	1291	2	2	0	126658	126915	0.20290862006347804	0.001460432845059951	0.002526488654486886	0.0010145431003173902
463	8	2	1315	2	2	0	126644	126598	-0.03632228925176084	0.0014646531521422417	0.0016581914658412558	0.0007264457850352168
464	8	2	1325	2	2	0	126697	125916	-0.6164313282871733	0.001262736250200867	0.006543169925096885	0.0030821566414358666
465	8	2	895	2	2	0	86677	86552	-0.14421357453534386	0.00273177819883882	0.002180509246974399	0.0007210678726767192
466	8	2	1349	2	2	0	126616	126886	0.21324319201364755	0.0014895254088003404	0.0027484678081759017	0.001062267012067985
467	8	2	1291	2	2	0	126630	126348	-0.22269604359156597	0.0013496607524048436	0.002898207375819316	0.0011174287293690278
468	8	2	1273	2	2	0	126559	126631	0.05689046215599049	0.0015163436991279982	0.0017067138646797147	0.00035556538847494054
469	8	2	1305	2	2	0	126562	126689	0.1003460754412857	0.002338803859653897	0.0029076658080624514	0.0004977797443150392
470	8	2	1315	2	2	0	126561	126512	-0.03871650824503599	0.0013893153369396306	0.0015723643144412577	0.0006953168827679933
471	8	2	1289	2	2	0	126568	126500	-0.053726060299601794	0.0012548828756895635	0.0015801782441059351	0.0003476392137033057
472	8	2	1307	2	2	0	126510	126246	-0.20867915579796065	0.0013703528436043002	0.0025689668800885305	0.001047348035728401
473	8	2	1343	2	2	0	126509	126470	-0.030827846240188445	0.002051859602183149	0.002063094325304919	0.000849741915594938
474	8	2	1293	2	2	0	126525	126622	0.0766646907725746	0.0018620491234841614	0.002410590792333531	0.0008496344595929658
475	8	2	1279	2	2	0	126518	126152	-0.289286899887763	0.0017293533527084138	0.0037544064876144107	0.0014543385130969507
476	8	2	579	1	1	0	56736	56692	-0.0775521714608009	0.0015743098765560327	0.0020798082346305696	0.000775521714608009
477	8	2	1325	2	2	0	126470	126563	0.07353522574523602	0.001297545773096391	0.001375820352652803	0.00036372262196568357
478	8	2	1289	2	2	0	126453	126556	0.08145318814104845	0.0011589424983550613	0.0013760053142274204	0.00040331190244596805
479	8	2	1317	2	2	0	126387	126473	0.06804497297981596	0.0016893097859504147	0.002096734632517585	0.00033626876181885797
480	8	2	1325	2	2	0	126406	126652	0.19461101529990665	0.001052673691120308	0.002381216081515118	0.0009730550764995333
481	8	2	927	2	2	0	89302	89368	0.07390651945085217	0.00168403231867462	0.0019820384761819443	0.0003695325972542608
495	8	0	3391	1	1	0	322848	322892	0.013628704529685797	0.0010727718829098673	0.0010283477054217464	0.00013628704529685797
496	8	2	1339	2	2	0	126339	126288	-0.040367582456723575	0.0018290990136764066	0.002208344216750172	0.0008152668613808879
497	8	2	1315	2	2	0	126294	126192	-0.08076393177823174	0.001763035853905415	0.0015598524078736914	0.0006809507973458755
503	8	0	2609	1	1	0	258286	258311	0.009679192832751291	0.0007187757933330984	0.0007975654894187064	9.679192832751291e-05
592	8	0	2631	1	1	0	258292	258314	0.008517491830951017	0.000974008059657438	0.0009175661654251777	8.517491830951016e-05
616	8	0	2633	1	1	0	258286	258308	0.008517689692821136	0.0007199438996915186	0.0007588487180877012	8.517689692821136e-05
631	8	0	2635	1	1	0	258292	258314	0.008517491830951017	0.0009929910880355887	0.0009369241014046118	8.517491830951016e-05
645	8	0	2731	1	1	0	258282	258309	0.010453690152623877	0.0009516209335519044	0.0010027799072331793	0.00010453690152623876
659	8	0	2705	1	1	0	258283	258113	-0.06581927575566336	0.0007319260437128627	0.0010724670226069854	0.0006581927575566336
670	8	0	2724	1	1	0	258292	258316	0.009291809270128381	0.0007693149329387058	0.0007820606135691388	9.291809270128382e-05
687	8	0	2723	1	1	0	258290	258315	0.009679042936234466	0.000981177788720144	0.0009640326764489527	9.679042936234466e-05
702	8	0	2693	1	1	0	258286	258155	-0.050718970443616763	0.0010018653979037351	0.0014170338307147891	0.0005071897044361676
713	8	0	2713	1	1	0	258288	258316	0.010840612029982035	0.0012814334331553191	0.0013705630923620145	0.00010840612029982035
730	8	0	2719	1	1	0	258293	258315	0.008517458854866372	0.0009160356714578472	0.0009446636184488159	8.517458854866372e-05
744	8	0	2703	1	1	0	258289	258309	0.007743264327942731	0.0009741974629202448	0.0010453406842722687	7.743264327942731e-05
756	8	0	2749	1	1	0	258285	258307	0.008517722670693227	0.0010685537360054734	0.0011034322550670772	8.517722670693227e-05
768	8	1	45407	38	38	0	4369904	4369687	-0.00496578414537253	0.00020599255242887947	0.00018261270728144141	5.287963931665801e-05
773	8	0	2713	1	1	0	258283	258312	0.011227994099495514	0.0008970584752537208	0.000847907140617075	0.00011227994099495515
789	8	2	2677	3	3	0	258938	258904	-0.013130556349396381	0.0012208095989050202	0.0011354069313889812	0.0003758943582376219
790	8	2	2675	3	3	0	258931	258713	-0.08419231378243625	0.0008702444475423802	0.0014405382128829687	0.0005226617644597725
791	8	2	2695	3	3	0	258933	258842	-0.03514422649874678	0.0011739947394274358	0.0013323910046228176	0.0006192078002160146
792	8	2	2713	3	3	0	258863	259092	0.08846378200051765	0.0008447137160318425	0.0011473250329324777	0.0002910162260861279
793	8	2	2717	3	3	0	259011	258905	-0.04092490280335584	0.0009174398828403833	0.0011466694464713854	0.00017502474154894323
794	8	2	2719	3	3	0	258981	259182	0.07761187114112618	0.0013063719296623423	0.0019538112834532263	0.0008404734967687463
795	8	2	2675	3	3	0	258739	259218	0.18512864315004696	0.0007311131170623404	0.002202992204499515	0.0006067890808884629
796	8	2	2649	3	3	0	258856	259338	0.18620391260005562	0.0007382494275776758	0.0025342275241833296	0.0006193919914289541
797	8	2	4047	5	5	0	388725	388589	-0.034986172744227925	0.0013963324394917701	0.001548652646472442	0.0002953244581645122
798	8	2	3999	5	5	0	387888	387824	-0.01649960813430681	0.001268585847663122	0.0013354370333704575	0.00032019552035639155
799	8	2	1957	3	3	0	188174	188301	0.06749072666787123	0.0007925566484250153	0.0012063303113076195	0.00022142626859537805
800	8	2	1984	3	3	0	187989	188346	0.18990472846815507	0.0010294411982624105	0.0027129246924022152	0.0006241499945918821
801	8	2	1929	3	3	0	188654	188792	0.07314978744155969	0.001039327539290743	0.0012350652517306815	0.0005018004742367862
802	8	2	1931	3	3	0	188190	187815	-0.19926669854933843	0.002800783604316309	0.0020830012221690845	0.0009387675576102168
803	8	2	891	2	2	0	84272	84488	0.25631289158913995	0.0012282990854418912	0.002990317068539966	0.0012815644579456996
804	8	2	2009	3	3	0	187990	187963	-0.014362466088621736	0.0015534242440542524	0.0014947603595935955	0.0007961416387396494
813	8	0	3353	1	1	0	322846	322894	0.014867769772585072	0.0006476208784672571	0.0006473674755146417	0.00014867769772585073
829	8	0	2705	1	1	0	258290	258309	0.007356072631538193	0.0009716851265619055	0.0009020868016570521	7.356072631538194e-05
845	8	0	2703	1	1	0	258290	258314	0.009291881218785087	0.0007340808225446416	0.0007588369662007821	9.291881218785086e-05
869	8	0	2675	1	1	0	258289	258143	-0.05652582959398193	0.0009174450803118192	0.0013008684070943788	0.0005652582959398193
873	8	3	1995	3	3	0	194508	194638	0.06683529726283752	0.005705915631392457	0.006035741460505481	0.000546678457098594
874	8	3	1953	3	3	0	187968	187912	-0.029792305073203948	0.0016311505818188603	0.0015640960163432074	0.00046816479400749064
876	8	3	1887	3	3	0	188179	188405	0.12009841693281396	0.0011491785897062333	0.0020459243592536895	0.0004003280564427132
877	8	3	1723	3	3	0	164400	164360	-0.024330900243309004	0.0013053196383939118	0.0013990267639902676	0.0006630170316301703
879	8	3	1961	3	3	0	188718	188944	0.11975540224037982	0.0014751516570802225	0.002087771171801312	0.0003956520663988949
880	8	3	1869	3	3	0	175192	175190	-0.001141604639481255	0.001111953285186268	0.001101648477099411	0.00024544499748846974
881	8	3	1712	3	3	0	162061	161940	-0.07466324408710301	0.0012500741907960917	0.0016043341704666762	0.00047512973509974645
883	8	3	1979	3	3	0	187748	187934	0.09906896478258091	0.0011447109654120478	0.0014594030295928585	0.00035863675423084847
884	8	3	1955	3	3	0	187354	187873	0.2770157028939868	0.0009080135998509785	0.0031758062277827	0.0009198273500076506
886	8	3	1927	3	3	0	188436	188341	-0.05041499501156892	0.0011462974768799122	0.0009817656923305526	0.0005271462636297382
887	8	3	2275	4	4	0	221603	221893	0.1308646543593724	0.005527774670033693	0.005776095088965402	0.0004286945573841509
889	8	2	2863	3	3	0	272458	272644	0.06826740268224828	0.0009984722296525457	0.0011818335303055885	0.00022633457878523176
890	8	3	1947	3	3	0	188167	188667	0.2657214070479946	0.001002851578448321	0.0028325901991316225	0.0008839665474463287
892	8	3	1958	3	3	0	188350	188041	-0.16405627820546853	0.0012983565181543537	0.0023626227767454206	0.0009822139633660738
893	8	3	1911	3	3	0	185171	185159	-0.006480496406024701	0.0016957902381043958	0.0016687278245513606	0.00034922675076910894
898	8	3	1973	3	3	0	187594	187064	-0.2825250274529036	0.001154209592725603	0.003235711163470047	0.0009453038654399039
899	8	3	1978	3	3	0	187147	187219	0.03847243076298311	0.0012863479185666995	0.0011648597092125442	0.0005681808061755376
906	8	3	1385	3	3	0	134628	134597	-0.023026413524675403	0.0011293948213348766	0.0010770419229283656	0.0006115617355478305
907	8	3	1935	3	3	0	187580	188102	0.2782812666595586	0.0010031646154635297	0.002916089135302271	0.0009240501830330171
908	8	3	1561	3	3	0	148073	148041	-0.02161096216055594	0.00402447813000947	0.003903480040250417	0.0002836438783572967
909	8	3	1981	3	3	0	187044	187057	0.006950236308034473	0.001216338727440799	0.0012563888710677702	0.00038671827662653345
912	8	3	1947	3	3	0	187641	187805	0.08740094115891517	0.0011209171086719162	0.0017320308461370383	0.0002895600286362433
913	8	3	1677	3	3	0	163516	163250	-0.16267521221164902	0.0013193879205830137	0.002042613566868074	0.0005442892438660437
914	8	3	1445	3	3	0	136088	136234	0.1072835224266651	0.0015667377356626518	0.0022411968726118395	0.0009332196813826347
915	8	3	1361	3	3	0	136065	136153	0.06467497152096424	0.0018000430051662599	0.0015213317164590452	0.00038462009578755255
919	8	0	2729	1	1	0	258292	258314	0.008517491830951017	0.0009353697951008024	0.000909822991033404	8.517491830951016e-05
946	8	0	2759	1	1	0	258297	258312	0.005807268377100779	0.0009304506417131555	0.0008749617688165174	5.8072683771007794e-05
965	8	0	2753	1	1	0	258292	257990	-0.11692193331578214	0.0008938849695826146	0.0018351323308503553	0.0011692193331578214
971	8	3	1979	3	3	0	187524	187418	-0.05652609799279026	0.0013499891993407026	0.0010505321985452528	0.0005243773241469536
972	8	3	1937	3	3	0	187169	187113	-0.029919484530023667	0.0012094018504067465	0.0009723832472257692	0.00039358369530566854
985	8	0	2747	1	1	0	258283	258314	0.012002338520150377	0.0008936374944544218	0.0009447001931989329	0.00012002338520150378
1004	8	0	2637	1	1	0	258293	258316	0.008904616075542117	0.0011209865626974338	0.0011576000898204752	8.904616075542117e-05
1018	8	0	2643	1	1	0	258284	258121	-0.06310882594353502	0.0007842081476792292	0.0013202521255672051	0.0006310882594353502
1030	8	0	2581	1	1	0	258299	258318	0.0073558163213949725	0.0008523931538993678	0.0008943124053906519	7.355816321394972e-05
1047	8	0	2631	1	1	0	258303	258142	-0.062329899381733854	0.0012329577410088788	0.0011072267840481914	0.0006232989938173385
1061	8	0	2723	1	1	0	258284	258310	0.010066438494060801	0.001155756988419648	0.0011266667699121897	0.00010066438494060802
1073	8	0	2713	1	1	0	258290	258314	0.009291881218785087	0.0008103281227015252	0.0007743234348987572	9.291881218785086e-05
1085	8	1	46587	40	40	0	4463676	4457183	-0.14546306676380633	0.00024878185345063785	0.0014891313796073012	6.253814120917379e-05
1090	8	0	2661	1	1	0	258276	258308	0.012389846520776224	0.0009058023548336327	0.0009137511809072465	0.00012389846520776223
1110	8	2	1367	3	3	0	133022	132750	-0.20447745485709132	0.001931473380173213	0.003473109711175595	0.0013982649486551097
1111	8	2	1459	3	3	0	136634	136692	0.04244917077740533	0.001439956972853627	0.0015955033154266142	0.000575747373762509
1112	8	2	1595	3	3	0	153441	153548	0.06973364355028969	0.0017529155221643067	0.0019095287439471849	0.0008320244697744844
1113	8	2	1599	3	3	0	150492	150601	0.07242909922122107	0.0021763412588406035	0.002365574249794009	0.0006556273201676279
1114	8	2	1879	2	2	0	185613	186098	0.2612963531649184	0.0011113783727362768	0.0028931163226713647	0.0013037879889878402
1115	8	2	2747	3	3	0	266419	266798	0.1422571213014087	0.0012193422801833203	0.0021132126462452003	0.0004691857562711368
1116	8	2	1983	2	2	0	184890	184298	-0.32019038347125317	0.009898355665068873	0.0088701390015685	0.0016063605386986857
1117	8	2	2666	5	5	0	258996	259498	0.1938253872646682	0.0007885415963936536	0.002108140666265116	0.0003830174983397427
1118	8	2	2742	5	5	0	259007	258876	-0.05057778361202593	0.0009832111790490008	0.0010269992702899922	0.000595350704807206
1119	8	2	2437	5	4	-1	237361	237503	0.05982448675224658	0.0013711181418324646	0.0010953779264495853	0.0003361967635795265
1120	8	2	2676	5	5	0	258767	258149	-0.23882488879957645	0.001193233626542694	0.002438487133212504	0.0005680786189892837
1121	8	2	2689	4	4	0	258609	257910	-0.27029221720821783	0.0010778639945485172	0.002981334756330986	0.0006815308051923947
1122	8	2	2751	4	4	0	258617	258515	-0.039440562685360975	0.0008333135476979625	0.0011522831059056443	0.0004166392773870241
1123	8	2	2729	5	5	0	258075	258274	0.07710936743194807	0.005649518762903973	0.006408989634796087	0.0024024024024024023
1124	8	2	2673	4	4	0	254893	254710	-0.07179483155677088	0.009558358289975054	0.009580490637247786	0.00019321833082901454
1125	8	2	1149	1	1	0	110737	111001	0.23840270189728818	0.001650519344018288	0.003756648635957268	0.002384027018972882
1126	8	2	2313	3	3	0	224020	223918	-0.045531648959914295	0.009481485220351882	0.009691099009017053	0.006505371544207363
1127	8	2	2051	3	3	0	198909	198695	-0.10758688646567023	0.011808339882215213	0.012764631062445641	0.008146103662143661
1128	8	2	4047	7	7	0	388740	388956	0.055564130267016516	0.0010945610846733124	0.0009286412512218964	0.00028149552767549373
1129	8	2	4092	7	7	0	388718	388646	-0.018522424997041556	0.0011872199393612626	0.001255408805355039	0.0003057670158241781
1130	8	2	1885	2	2	0	184751	184962	0.1142077715411554	0.001086389673639234	0.0014018868639411966	0.000571038857705777
1132	8	3	3389	5	5	0	323241	322655	-0.18128888352653283	0.0009890572769528578	0.0018685748404441269	0.0004176450388409886
1141	8	0	3349	1	1	0	322850	322721	-0.03995663620876568	0.0010551067663168443	0.0010407309896236642	0.0003995663620876568
1155	8	0	2703	1	1	0	258286	258137	-0.057687989283197696	0.000794459532553046	0.0010453528259371395	0.000576879892831977
1172	8	0	2699	1	1	0	258285	258311	0.010066399519910178	0.0008196636666429085	0.0009021042646688735	0.00010066399519910177
1180	8	3	2618	4	4	0	248920	249305	0.1546681664791901	0.0010650677499872592	0.0019524345171139323	0.00038064438373774706
1182	8	3	2633	4	4	0	249020	249134	0.045779455465424466	0.000919462747654365	0.0010722030359007308	0.00043068829812866437
1187	8	3	2539	4	4	0	249769	250180	0.1645520460905877	0.0008611840624772784	0.0019137683219294628	0.00040437364124450994
1192	8	0	2709	1	1	0	258285	258306	0.008130553458388989	0.0009141886547669291	0.000886617496176704	8.130553458388989e-05
1196	8	3	2503	4	4	0	243268	244025	0.3111794399592219	0.0009263295351936254	0.0034529818965091997	0.0007717825607971456
1197	8	3	1755	3	3	0	169585	169759	0.10260341421705929	0.001842963319912116	0.001527257717368871	0.0009179270965395917
1203	8	3	1241	2	2	0	122063	121932	-0.1073216289948633	0.00136730313843329	0.0022857049228676993	0.0009093664746892998
1204	8	3	1283	2	2	0	127878	128237	0.2807363268114922	0.0014984419714435737	0.0033860398192026775	0.001403681634057461
1205	8	3	1265	2	2	0	121127	121027	-0.08255797633888398	0.0014800782151049474	0.0018492986699910011	0.00041278988169441994
1207	8	3	1303	2	2	0	127680	127736	0.043859649122807015	0.0026707839853909216	0.0029526942355889724	0.0015155075187969925
1210	8	3	1275	2	2	0	121767	121807	0.03284962263995992	0.0015761256736573435	0.0015521446697381064	0.0010881437499486724
1211	8	3	1359	2	2	0	127941	128268	0.2555865594297371	0.0009989065580121189	0.003400004689661641	0.0012779327971486859
1212	8	3	1305	2	2	0	118748	118781	0.027789941725334322	0.0012938589857214176	0.001229494391484488	0.00015579209755111665
1214	8	3	1341	2	2	0	127974	128477	0.39304858799443637	0.001244719559708808	0.004696266429118415	0.0019652429399721815
1215	8	3	1271	2	2	0	121479	121535	0.04609850262185234	0.002378181676975461	0.002074432617983355	0.0005391878431663086
1216	8	3	1283	2	2	0	122280	122480	0.16355904481517827	0.0013570620009499459	0.001889106967615309	0.0008137062479555119
1217	8	3	1200	2	2	0	117270	116768	-0.42807197066598446	0.0012265504848905362	0.004843523492794406	0.0021446235183763965
1219	8	3	1277	2	2	0	121503	121707	0.1678970889607664	0.0013402775313029153	0.00269952182250644	0.0008394854448038321
1220	8	3	1371	2	2	0	127875	128028	0.11964809384164223	0.002017307064519519	0.0031436950146627564	0.0008602150537634409
1221	8	3	1313	2	2	0	121694	122022	0.2695284894900324	0.0015968349830950944	0.003451279438591878	0.0013435337814518382
1222	8	3	1245	2	2	0	121117	120513	-0.49869134803537074	0.010764228046211237	0.013036980770659776	0.0024975849798129085
1224	8	3	1295	2	2	0	122461	122425	-0.029397114183291006	0.0022164097412103296	0.0024252619201215082	0.0008574158303459878
1225	8	3	1338	2	2	0	127863	127643	-0.17205915706654779	0.002023917380127262	0.002393186457380165	0.0009345940577023846
1226	8	3	1221	2	2	0	117629	117524	-0.08926370197825366	0.0018475135250847201	0.0025673940949935813	0.0005313315593943671
1227	8	3	1259	2	2	0	117450	117474	0.020434227330779056	0.014538842550546388	0.014618986802894848	0.0015410813111962538
1228	8	3	1729	3	3	0	164617	163817	-0.4859765394825565	0.002731846503153334	0.0053457419343081215	0.0016199217982751882
1229	8	3	1300	2	2	0	128246	128029	-0.16920605710899364	0.0018180800544372985	0.0030332330053179047	0.000873321585078677
1230	8	3	1299	2	2	0	122104	121556	-0.4487977461835812	0.002178657573086787	0.0052987617113280485	0.002243988730917906
1231	8	3	1209	2	2	0	121585	121431	-0.12666036106427603	0.0015809705069163968	0.002015051198749846	0.0006333018053213802
1232	8	3	2858	5	5	0	275257	275764	0.18419150103357954	0.0011659379944464919	0.0026811307251041754	0.0006822714772013064
1233	8	3	1353	2	2	0	128090	128148	0.04528066203450699	0.0012611414665502124	0.001077367475993442	0.00021859629947693028
1234	8	3	1299	2	2	0	122166	122195	0.023738192295728763	0.0018330677032927993	0.00170260137845227	0.0011296105299346791
1235	8	3	1353	2	2	0	127603	127685	0.06426181202636301	0.0016250528930340585	0.001920017554446212	0.0010383768406698902
1236	8	3	1303	2	2	0	127559	127388	-0.13405561348082065	0.0016847024073221677	0.0017717291606237115	0.0006702780674041032
1237	8	3	1292	2	2	0	121259	121614	0.29276177438375706	0.001891983351416934	0.003208009302402296	0.0014638088719187855
1238	8	3	1823	3	3	0	175390	175428	0.021666001482410626	0.0010026539989240334	0.0008609384799589487	0.0003211889693445084
1239	8	3	1319	2	2	0	127100	127446	0.27222659323367426	0.0016026812201160824	0.003044846577498033	0.0013493312352478365
1240	8	3	1309	2	2	0	126166	126423	0.20369988744986764	0.013549367337047912	0.012871930631073348	0.0010184994372493383
1241	8	3	2405	4	4	0	232841	232417	-0.18209851357793516	0.014178147320930652	0.013567198216808895	0.0019079543551178701
1262	8	3	1248	2	2	0	122414	122131	-0.23118270786021206	0.0015005057775076044	0.003635205123596974	0.0011599980394399333
1263	8	3	1335	2	2	0	128172	127907	-0.20675342508504196	0.001711138814433894	0.0025824673095527885	0.001314639702899229
1264	8	3	1299	2	2	0	127493	127518	0.01960891970539559	0.001752919323430479	0.0019295176990109261	0.00034903877075604154
1265	8	3	1221	2	2	0	115288	115467	0.15526334050378182	0.0032436643916302975	0.003547637221566859	0.0007763167025189091
1266	8	3	1637	3	3	0	154328	154428	0.06479705562179254	0.0011418561410986767	0.001399616401430719	0.000503257131995922
1267	8	3	1351	2	2	0	127905	127417	-0.3815331691489778	0.001452903583712397	0.004534615534967358	0.0019115749970681365
1270	8	0	2745	1	1	0	258288	258309	0.008130459022486526	0.0006400778859702589	0.0006620516632596171	8.130459022486527e-05
1272	8	3	1319	2	2	0	127721	128049	0.25680976503472414	0.0021672646423184067	0.0028264733285833965	0.0012801340421700425
1273	8	3	1287	2	2	0	127500	127296	-0.16	0.0020001759678230265	0.0030666666666666668	0.0007999999999999999
1274	8	3	1275	2	2	0	121478	121719	0.1983898319037192	0.0014869009430382666	0.0030293551095671644	0.000991949159518596
1275	8	3	1183	2	2	0	112768	112443	-0.2882023269012486	0.009712396433085435	0.009036251418842225	0.001441011634506243
1276	8	3	1939	3	3	0	185250	185296	0.024831309041835357	0.0036464250917756886	0.003584345479082321	0.000559604138551507
1277	8	3	1923	3	3	0	184073	184447	0.2031802600055413	0.007565209236764054	0.007018954436555062	0.0011734474909410942
1278	8	3	1935	3	3	0	184553	184678	0.06773122084170943	0.005525822961279308	0.005337220202326703	0.000559911425624798
1296	8	0	2697	1	1	0	258292	258315	0.008904650550539699	0.0007527860846877789	0.0008052901367444598	8.9046505505397e-05
1318	8	0	2681	1	1	0	258281	258146	-0.05226865313360255	0.0008300344236328016	0.0009447075084888164	0.0005226865313360255
1341	8	0	2674	1	1	0	258284	258146	-0.053429558160784256	0.0011982121966263408	0.0015138374812222206	0.0005342955816078426
1363	8	0	2719	1	1	0	258275	258310	0.013551447100958281	0.000822410214468174	0.0009176265608363179	0.0001355144710095828
1377	8	0	2677	1	1	0	258287	258312	0.009679155358186824	0.0009135489531107041	0.000987273846535056	9.679155358186823e-05
1388	8	0	2707	1	1	0	258279	258309	0.011615346195393353	0.0008828338960495266	0.0009640737342176483	0.00011615346195393353
1405	8	0	2707	1	1	0	258298	258311	0.0050329464417068655	0.0006976583418729108	0.0007278414854160698	5.032946441706866e-05
1419	8	0	2669	1	1	0	258290	258313	0.008904719501335707	0.0008269789452660644	0.0008556273955631267	8.904719501335708e-05
1431	8	1	45079	47	46	-1	4334696	4335624	0.021408652417608986	0.00017831042708355845	0.00033843203767922823	5.13373751916206e-05
1435	8	0	2693	1	1	0	258281	258310	0.011228081043514622	0.0012289647835558362	0.0012350889147866083	0.00011228081043514621
1448	8	0	2629	1	1	0	258290	258313	0.008904719501335707	0.0011240565320364394	0.0011885864725695923	8.904719501335708e-05
1468	8	2	1371	3	3	0	135064	135089	0.018509743528993663	0.0010613143762037217	0.0012068352780903867	0.0001505459140358151
1469	8	2	1355	3	3	0	126934	126979	0.03545149447744497	0.001344386897359333	0.0015441095372398254	0.0001181716482581499
1470	8	2	673	2	2	0	64962	65034	0.11083402604599613	0.0019526116453969346	0.002601520889135187	0.0005310797081370647
1471	8	2	1840	2	2	0	182065	181773	-0.1603822810534699	0.0009928065015019387	0.002026748688655151	0.0008101502210748907
1472	8	2	1891	2	2	0	182659	183172	0.2808512036089106	0.0008217656527379525	0.0031424676583141262	0.0013878319710498798
1473	8	2	1898	2	2	0	181772	181436	-0.1848469511255859	0.008961808553169987	0.008884756728208964	0.0009324868516603216
1474	8	2	1885	2	2	0	181505	181670	0.0909065865954106	0.011053484789105904	0.011107132034930167	0.0004820803834605107
1475	8	2	1401	2	2	0	131630	131428	-0.1534604573425511	0.001479392474704506	0.0025374154827926764	0.0007711008128846008
1476	8	2	1079	2	2	0	104717	104646	-0.06780178958526314	0.0022189311485633864	0.0022727923832806516	0.0004965764871033356
1477	8	2	2203	4	4	0	214960	215380	0.19538518794194268	0.0007387294776392133	0.002544659471529587	0.00048381094157052477
1478	8	2	2549	5	4	-1	251170	251643	0.18831866863080782	0.0010542559028742249	0.0021340128200023887	0.0005247441971573039
1479	8	2	1967	3	3	0	188911	188573	-0.17892023227869208	0.0013234159043386273	0.002567346528259339	0.0008046116954544732
1480	8	2	1558	3	4	1	153733	153470	-0.17107582627022175	0.0014117103954875733	0.0024132749637358277	0.0005789257999258455
1481	8	2	2503	4	4	0	238580	239055	0.19909464330622853	0.0008448583837351202	0.0023807527873250063	0.0005155503395087602
1482	8	2	2481	5	5	0	239025	238912	-0.04727538960359795	0.0007964135493237509	0.0010710176759753164	0.0002995502562493463
1483	8	2	825	3	2	-1	78357	78499	0.18122184361320623	0.0012661131830690457	0.0022971782993223325	0.0005998187781563867
1484	8	2	2619	4	4	0	250785	251227	0.17624658572083657	0.0011085300266562065	0.002085451681719401	0.0004964411747114062
1485	8	2	2621	4	5	1	250629	250840	0.08418818253274761	0.0014132438479252793	0.0018593219459839044	0.0002164553982180833
1486	8	2	931	2	2	0	89877	89746	-0.14575475371897148	0.003328695015653264	0.0036716846356687474	0.0019192896959177542
1487	8	2	1219	2	2	0	120178	120433	0.2121852585331758	0.0012865577379515484	0.0023298773485995773	0.0010567657974005227
1488	8	2	1951	3	3	0	189818	190185	0.19334309707193206	0.001292263266494246	0.003218872815012275	0.0006392087859598844
1489	8	2	1127	2	2	0	111015	111249	0.2107823267126064	0.0013704749195870948	0.0030176102328514165	0.0010358960500833222
1490	8	2	351	1	1	0	32833	32858	0.07614290500411172	0.0035015938620889583	0.0033807449821825603	0.0007614290500411172
1491	8	2	1253	2	3	1	123792	123343	-0.3627051828874241	0.017721795394402457	0.01784444875274654	0.0023870686312524236
1492	8	2	3842	4	4	0	369875	369109	-0.20709699222710376	0.0046993711044054885	0.0045042244001351804	0.0015674214261574854
1502	8	0	2779	1	1	0	258286	258157	-0.04994463501699666	0.0007323536819321588	0.00082466722935041	0.0004994463501699667
1503	8	2	3867	4	4	0	372419	372256	-0.04376790657834321	0.004232800372870224	0.003914945263265301	0.002215246805345592
1519	8	0	2709	1	1	0	258286	258313	0.010453528259371394	0.0009577205129388937	0.0009214591576779229	0.00010453528259371395
1532	8	3	1675	3	3	0	162453	162341	-0.0689430173650225	0.003109450816725735	0.003139369540728703	0.0009787446215213016
1533	8	3	1081	2	2	0	106080	106012	-0.0641025641025641	0.0018002255671104481	0.002253016591251885	0.0010652337858220212
1535	8	3	1111	2	2	0	111586	111432	-0.13801014464180095	0.014255452767775975	0.01414155897693259	0.001026114387109494
1536	8	3	961	2	2	0	95276	95305	0.03043788572148285	0.0024155736365806322	0.0025924681976573325	0.0008081783450186826
1537	8	3	1719	3	3	0	162202	162794	0.36497700398268823	0.0014157621882387385	0.004457404964180466	0.0012145349625775268
1539	8	3	1675	3	3	0	158597	159025	0.26986639091533887	0.0011787943028972482	0.003259834675309117	0.0010340674792083079
1540	8	3	965	2	2	0	94835	94815	-0.02108926029419518	0.0017493687658707618	0.001729319344124005	0.00034797279485422047
1542	8	3	2036	4	3	-1	195919	196528	0.3108427462369653	0.001030239320437658	0.003547384378237945	0.0007745547905001557
1543	8	3	1039	2	2	0	105677	105545	-0.12490892057874467	0.001775785824762619	0.002734748336913425	0.0006529329939343471
1548	8	0	2689	1	1	0	258282	258310	0.010840863861980316	0.0008744902261415251	0.0008246800009292169	0.00010840863861980317
1552	8	3	1207	2	2	0	114107	114326	0.191925122910952	0.0012837794933711854	0.0020945253139597044	0.0009552437624335054
1553	8	3	1109	2	2	0	106026	105845	-0.17071284401939146	0.002261060684930607	0.002820063003414257	0.0008865749910399336
1554	8	3	1065	2	2	0	105707	105699	-0.007568089152090212	0.0018042829965704652	0.0018352616193818762	0.0004020547362047925
1555	8	3	1835	3	3	0	179581	179348	-0.12974646538330892	0.001340847974349341	0.0017596516335247048	0.0006199616514738939
1563	8	3	1561	3	3	0	149721	149848	0.08482444012529973	0.0016086531647706225	0.0022441741639449377	0.0008259807686741785
1564	8	3	1647	3	3	0	156842	155964	-0.5597990334221701	0.002082663435240003	0.0057637622575585626	0.0018702473402107426
1566	8	3	1529	3	3	0	149842	150104	0.17485084288784186	0.0009845528469436722	0.0025026361100359044	0.0005783870120971868
1567	8	3	1689	3	3	0	157107	157429	0.20495585810944134	0.0012916692425011887	0.00231689230906325	0.0006810644974444168
1570	8	3	1605	3	3	0	156618	157131	0.3275485576370532	0.0019257958622345577	0.0037543577366586215	0.0012450676167490326
1571	8	3	1095	2	2	0	105340	105321	-0.018036833111828365	0.0018961328756303699	0.001908107081830264	9.493070058857034e-05
1573	8	3	2081	4	4	0	200647	200340	-0.15300502873205182	0.0012049954953576832	0.0024022287898647875	0.0005332748558413532
1574	8	3	1189	2	2	0	115979	116217	0.20520956380034316	0.0020449885151703146	0.0021210736426422023	0.0010260478190017158
1575	8	3	1999	3	3	0	189075	189548	0.25016527832870555	0.0012803999083886434	0.0027132090440301466	0.0008321212922561594
1577	8	3	1659	3	3	0	157773	158012	0.15148346041464636	0.002002643697388308	0.003074036749000146	0.0011028502975794338
1578	8	3	2013	3	3	0	194059	193665	-0.20303103695267935	0.010274946748672372	0.009971194327498338	0.0006802055045115144
1580	8	3	2103	4	4	0	201264	201990	0.360720248032435	0.0011833679879239252	0.0037612290325145085	0.0008918634231655934
1583	8	0	3371	1	1	0	322849	322893	0.01362866231581947	0.0006263164444707486	0.0006845305390445688	0.0001362866231581947
1584	8	3	1111	2	2	0	105723	106082	0.3395666032935123	0.0017526621873782515	0.004909054794131835	0.0016931036765888217
1585	8	3	2053	4	4	0	198696	198473	-0.11223175101662841	0.0009873367011868474	0.0013940894633007208	0.0003850102669404517
1586	8	3	999	2	2	0	95292	95415	0.12907694245057297	0.0012971292111265244	0.001668555597531797	0.0006453847122528649
1587	8	3	973	2	2	0	94158	93276	-0.9367233798508889	0.004161874656449461	0.010089424159391661	0.004688927122496229
1588	8	3	1123	2	2	0	106043	106255	0.19991890082325095	0.0011921243418162425	0.0028290410493856267	0.000994879435700612
1589	8	3	2006	4	4	0	199390	199320	-0.03510707658357992	0.0013224551216751933	0.0013491148001404283	0.00010657505391443905
1590	8	3	1047	2	2	0	105743	105801	0.05484996642803779	0.0019978654009603614	0.002165627984831147	0.0005201289919900135
7	16	1	753	4	4	0	258275	258132	-0.05536734101248669	0.0008391360228073953	0.0009950634014132223	0.0001655212467331333
12	16	0	735	1	1	0	258293	258310	0.006581672751487652	0.0007533145906542468	0.0007201124304568842	6.581672751487652e-05
17	16	0	703	1	1	0	258298	258316	0.006968695073132583	0.0008849643904460959	0.00086334388961587	6.968695073132583e-05
23	16	0	715	1	1	0	258277	258308	0.012002617344943607	0.0007121587662830898	0.0008246959659590284	0.00012002617344943607
31	16	0	750	1	1	0	258294	258313	0.00735595871371383	0.0011005361780805742	0.001122751593145795	7.35595871371383e-05
45	16	0	765	1	1	0	258296	258148	-0.057298603152971785	0.0009805963549123695	0.0009175519558955617	0.0005729860315297178
59	16	0	735	1	1	0	258296	258310	0.005420138136091926	0.0008368616004457822	0.0008052776659336575	5.4201381360919255e-05
73	16	0	751	1	1	0	258294	258315	0.008130270157262654	0.0009841886030377827	0.0010608066776618891	8.130270157262655e-05
87	16	0	749	1	1	0	258293	258311	0.006968829972163396	0.0007667477060141396	0.0007975438745920331	6.968829972163396e-05
99	16	0	723	1	1	0	258289	258312	0.00890475397713414	0.000759326286247438	0.0007665831684663303	8.904753977134141e-05
115	16	0	741	1	1	0	258290	258312	0.00851755778388633	0.0010837423444657716	0.0011305122149521856	8.517557783886329e-05
129	16	0	725	1	1	0	258287	258314	0.01045348778684177	0.0007296448376993949	0.0008246640365175173	0.00010453487786841769
141	16	0	711	1	1	0	258290	258310	0.007743234348987572	0.0011230714436692088	0.0011847148553950986	7.743234348987572e-05
158	16	0	713	1	1	0	258282	258306	0.009292169024554557	0.0011058320927788913	0.0010647277007302097	9.292169024554556e-05
172	16	0	725	1	1	0	258282	258302	0.007743474187128797	0.0006134582473168995	0.0006543235688123833	7.743474187128797e-05
184	16	0	731	1	1	0	258297	258144	-0.05923413744642795	0.0008306682096392296	0.0011575821631687553	0.0005923413744642795
196	16	1	11369	33	33	0	4060609	4061108	0.01228879707452749	0.0002314994659772941	0.0002662162252016877	6.547010186119492e-05
201	16	0	743	1	1	0	258282	258312	0.011615211280693196	0.0009727469652651612	0.0010260103297945657	0.00011615211280693196
210	16	2	2995	17	17	0	1067091	1067032	-0.00552905047460807	0.0003115450132708302	0.00029144655891578133	9.001933624162491e-05
211	16	2	3069	17	17	0	1084455	1084335	-0.011065466063598766	0.00028360225907645505	0.00035686128055106023	6.43315821148438e-05
212	16	2	3009	17	17	0	1082435	1082351	-0.007760281217809846	0.0002892602030163644	0.0002586760405936615	8.358061983887636e-05
213	16	2	3081	17	17	0	1083875	1083800	-0.006919617114519663	0.0002775654133556102	0.00032014761849844306	6.756802594178025e-05
225	16	0	937	1	1	0	322854	322893	0.012079763608318311	0.0007476499777506144	0.0006814225625205201	0.00012079763608318312
238	16	0	717	1	1	0	258281	258308	0.01045373062672051	0.0006361267179884899	0.000658197854274995	0.0001045373062672051
251	16	0	749	1	1	0	258288	258310	0.008517623737843028	0.0006957767960735868	0.0007007681347952673	8.517623737843028e-05
264	16	0	749	1	1	0	258290	258312	0.00851755778388633	0.0009557364096024254	0.0009291881218785087	8.517557783886329e-05
279	16	0	741	1	1	0	258282	258307	0.009679342733910997	0.0008612224079228784	0.0008788843202391185	9.679342733910996e-05
292	16	0	715	1	1	0	258283	258311	0.010840821889168083	0.000771700760101765	0.0007820878648614118	0.00010840821889168083
307	16	0	761	1	1	0	258286	258306	0.007743354266201033	0.0007984394219131995	0.000840153937882812	7.743354266201033e-05
318	16	0	713	1	1	0	258296	258315	0.007355901756124756	0.0006699024616016544	0.000708489484932016	7.355901756124756e-05
335	16	0	743	1	1	0	258293	258314	0.008130301634190628	0.00075498081567567	0.0006852682805960673	8.130301634190628e-05
349	16	0	767	1	1	0	258280	258311	0.012002477930927676	0.0008582096654907702	0.0007743534148985597	0.00012002477930927675
361	16	0	707	1	1	0	258292	258313	0.008130333111362334	0.0008311472307136831	0.0007859322007650256	8.130333111362334e-05
393	16	0	731	1	1	0	258285	258153	-0.05110633602415936	0.000962599369729547	0.0010840737944518653	0.0005110633602415936
407	16	0	715	1	1	0	258291	258316	0.009679005462830683	0.0008242430562741819	0.0008401376741737033	9.679005462830683e-05
419	16	0	727	1	1	0	258285	258316	0.012002245581431365	0.0009900178272749965	0.0011034322550670772	0.00012002245581431365
431	16	1	11733	53	53	0	4124915	4124089	-0.020024655053498073	0.0003768678659434764	0.0004843736173957524	5.733680184010196e-05
436	16	0	725	1	1	0	258288	258152	-0.05265440128848417	0.0009034404466601488	0.0013241033265192343	0.0005265440128848417
448	16	2	427	2	2	0	157322	157366	0.027968116347364003	0.0011413181416279883	0.0013475546967366293	0.0006610645682104219
449	16	2	343	2	2	0	127290	127221	-0.05420692905962762	0.0014743784962373279	0.0015319349516851285	0.00032209914368764236
450	16	2	381	2	2	0	127230	126973	-0.20199638450051088	0.002031987658554044	0.0033404071366816	0.0014854987031360529
451	16	2	357	2	2	0	127077	127156	0.06216703258654202	0.0012353936776078524	0.001416464033617413	0.0004485469439788475
452	16	2	379	2	2	0	127022	126507	-0.40544157704964495	0.0018904761682099532	0.0045110295854261465	0.002031144211238998
453	16	2	367	2	2	0	126908	127014	0.08352507328143222	0.0015817835690602237	0.002182683518769502	0.0004097456425126864
454	16	2	379	2	2	0	126839	126948	0.08593571377888504	0.001442779437510984	0.0018212064112772886	0.0008396471116927759
455	16	2	357	2	2	0	126828	126543	-0.22471378559939445	0.001449045333724004	0.003027722584918157	0.001127511275112751
456	16	2	383	2	2	0	126854	126942	0.06937108802245101	0.001643364149195222	0.0018525233733268167	0.000346855440112255
457	16	2	345	2	2	0	126825	126942	0.09225310467179183	0.0013092297183901818	0.0017031342400946185	0.0004573230829883698
458	16	2	345	2	2	0	126764	126602	-0.12779653529393203	0.0015637753849682258	0.0018696159793001167	0.0006468713514878041
459	16	2	348	2	2	0	126821	126755	-0.05204185426703779	0.001137295443545935	0.0013247017449791439	0.00036665851869958444
460	16	2	333	2	2	0	126745	126857	0.08836640498639	0.0016629041798545483	0.0020276934001341278	0.001195313424592686
461	16	2	355	2	2	0	126669	126623	-0.03631512051093796	0.0014761364051317652	0.0016499696058230506	0.0001815756025546898
462	16	2	365	2	2	0	126658	126915	0.20290862006347804	0.0013985037389021785	0.0030475769394748063	0.0010145431003173902
463	16	2	343	2	2	0	126644	126598	-0.03632228925176084	0.0018381656513753238	0.0019819336091721675	0.0010857206026341556
464	16	2	381	2	2	0	126697	125916	-0.6164313282871733	0.001670655625744791	0.006669455472505269	0.003082156641435866
465	16	2	225	2	2	0	86677	86552	-0.14421357453534386	0.0025469182302650145	0.002365102622379639	0.0007210678726767192
466	16	2	363	2	2	0	126616	126886	0.21324319201364755	0.0012677110893568612	0.0025194288241612434	0.0010583180640677324
467	16	2	329	2	2	0	126630	126348	-0.22269604359156597	0.001800901466643419	0.0029771776040432756	0.0011174287293690278
468	16	2	353	2	2	0	126559	126631	0.05689046215599049	0.0011846713598114011	0.0013906557415908785	0.0002844523107799524
469	16	2	351	2	2	0	126562	126689	0.1003460754412857	0.0026229642840001305	0.003192111376242474	0.0007150645533414453
470	16	2	349	2	2	0	126561	126512	-0.03871650824503599	0.0016350015392500848	0.0017540948633465285	0.0005412409826091765
471	16	2	339	2	2	0	126568	126500	-0.053726060299601794	0.001381322617934386	0.00170659250363441	0.000608368623980785
472	16	2	349	2	2	0	126510	126246	-0.20867915579796065	0.002208972097270288	0.0035412220377835746	0.0010433957789898031
473	16	2	359	2	2	0	126509	126470	-0.030827846240188445	0.0019224279366257364	0.0020551897493458963	0.0009762151309393007
474	16	2	351	2	2	0	126525	126622	0.0766646907725746	0.0017356887753614025	0.0022841335704406242	0.0006678522031219127
475	16	2	365	2	2	0	126518	126152	-0.289286899887763	0.0020385042183308374	0.0037544064876144107	0.0014543385130969507
476	16	2	165	1	1	0	56736	56692	-0.0775521714608009	0.0016620070597283293	0.0020269317540891145	0.000775521714608009
477	16	2	351	2	2	0	126470	126563	0.07353522574523602	0.0015693424203548504	0.0016130307582825968	0.00036372262196568357
478	16	2	339	2	2	0	126453	126556	0.08145318814104845	0.0013031564802609057	0.00152625876807984	0.00040331190244596805
479	16	2	375	2	2	0	126387	126473	0.06804497297981596	0.002068826671772214	0.0021679444879615785	0.0003362687618188579
480	16	2	381	2	2	0	126406	126652	0.19461101529990665	0.0009220276059545093	0.0022941948958119076	0.0009690995680584783
481	16	2	245	2	2	0	89302	89368	0.07390651945085217	0.0016057045055871612	0.001903652773734071	0.00036393361850798413
495	16	0	901	1	1	0	322848	322892	0.013628704529685797	0.0009754423951104584	0.0009447170185350382	0.00013628704529685797
496	16	2	361	2	2	0	126339	126288	-0.040367582456723575	0.001916204706029002	0.0022954115514607523	0.0012703915655498301
497	16	2	347	2	2	0	126294	126192	-0.08076393177823174	0.0017949587166915494	0.0018686556764375187	0.0005186311305366842
503	16	0	723	1	1	0	258286	258311	0.009679192832751291	0.0007950897150336883	0.0007433620095552992	9.679192832751291e-05
592	16	0	695	1	1	0	258292	258314	0.008517491830951017	0.0010630469812799594	0.0010066126709305746	8.517491830951016e-05
616	16	0	741	1	1	0	258286	258308	0.008517689692821136	0.0007787390494205999	0.0007665920723539022	8.517689692821136e-05
631	16	0	735	1	1	0	258292	258314	0.008517491830951017	0.0010023390779906396	0.0010298421941058956	8.517491830951016e-05
645	16	0	735	1	1	0	258282	258309	0.010453690152623877	0.0008507153790456879	0.0009330886395490201	0.00010453690152623876
659	16	0	725	1	1	0	258283	258113	-0.06581927575566336	0.000704806138864986	0.0010143911910578706	0.0006581927575566336
670	16	0	731	1	1	0	258292	258316	0.009291809270128381	0.0008382494365337953	0.0009020798166416304	9.291809270128382e-05
687	16	0	699	1	1	0	258290	258315	0.009679042936234466	0.0007741894424572034	0.0007820666692477448	9.679042936234466e-05
702	16	0	701	1	1	0	258286	258155	-0.050718970443616763	0.0009863708306863657	0.001401547122182387	0.0005071897044361676
713	16	0	737	1	1	0	258288	258316	0.010840612029982035	0.0010646446937818384	0.0011537508517623738	0.00010840612029982035
730	16	0	743	1	1	0	258293	258315	0.008517458854866372	0.0009431066713400139	0.000971764623896118	8.517458854866372e-05
744	16	0	729	1	1	0	258289	258309	0.007743264327942731	0.0009896827925061284	0.0010608272129281541	7.743264327942731e-05
756	16	0	735	1	1	0	258285	258307	0.008517722670693227	0.0008827283421911363	0.0009175910331610431	8.517722670693227e-05
768	16	1	12305	38	38	0	4369904	4369687	-0.00496578414537253	0.00025056768850534056	0.00024668734141528053	6.215359952023998e-05
773	16	0	715	1	1	0	258283	258312	0.011227994099495514	0.0008148581392094181	0.0008633940290301723	0.00011227994099495515
789	16	2	709	3	3	0	258938	258904	-0.013130556349396381	0.0015298044386911958	0.001440499270095544	0.0005574049901263366
790	16	2	713	3	3	0	258931	258713	-0.08419231378243625	0.001344751492023923	0.0015177788677292407	0.0008844054979898118
791	16	2	727	3	3	0	258933	258842	-0.03514422649874678	0.0012744434743401044	0.0014328030803335227	0.000749228564918338
792	16	2	743	3	3	0	258863	259092	0.08846378200051765	0.0010376953596179046	0.0012361751196578886	0.0004790178588674318
793	16	2	733	3	3	0	259011	258905	-0.04092490280335584	0.00107298865643748	0.0009690708116643694	0.00015700748874243438
794	16	2	757	3	3	0	258981	259182	0.07761187114112618	0.0015340261672002772	0.002181627223618721	0.0009949249816267088
795	16	2	735	3	3	0	258739	259218	0.18512864315004696	0.0006110055087631749	0.0022571007849609063	0.0006042124818188729
796	16	2	697	3	3	0	258856	259338	0.18620391260005562	0.0011855493297868622	0.0025651327378928826	0.000618104274191056
797	16	2	1077	5	5	0	388725	388589	-0.034986172744227925	0.0011378035886532329	0.0012914013762942954	0.00027114283876776644
798	16	2	1081	5	5	0	387888	387824	-0.01649960813430681	0.0007135294303829882	0.0008430268531122386	0.0003506166728540198
799	16	2	531	3	3	0	188174	188301	0.06749072666787123	0.0008031779409301003	0.0012169587722001976	0.0002851970339508469
800	16	2	541	3	3	0	187989	188346	0.18990472846815507	0.0013646494615992624	0.0028884668783811817	0.000625923147985609
801	16	2	545	3	3	0	188654	188792	0.07314978744155969	0.001092246357614134	0.0013198765994890116	0.0005406723419593541
802	16	2	573	3	3	0	188190	187815	-0.19926669854933843	0.0029551908667820336	0.0020830012221690845	0.000944081336238199
803	16	2	231	2	2	0	84272	84488	0.25631289158913995	0.001272488018695694	0.00312084678184925	0.0012815644579456996
804	16	2	585	3	3	0	187990	187963	-0.014362466088621736	0.0017289907119229285	0.0016703016117878612	0.0010674326648580598
813	16	0	943	1	1	0	322846	322894	0.014867769772585072	0.0007382851473215052	0.0007650706528809401	0.00014867769772585073
829	16	0	715	1	1	0	258290	258309	0.007356072631538193	0.0009275576328025952	0.0009756475279724341	7.356072631538194e-05
845	16	0	733	1	1	0	258290	258314	0.009291881218785087	0.0005562102936873501	0.000561384490301599	9.291881218785086e-05
869	16	0	713	1	1	0	258289	258143	-0.05652582959398193	0.001095952905182295	0.0012118208673230373	0.0005652582959398193
873	16	3	539	3	3	0	194508	194638	0.06683529726283752	0.0052383878963455765	0.005567894379665618	0.0002964745237556638
874	16	3	531	3	3	0	187968	187912	-0.029792305073203948	0.0024079233807933016	0.0022131426625808647	0.0007341675178753831
876	16	3	501	3	3	0	188179	188405	0.12009841693281396	0.0013457412803822473	0.0023435133569633167	0.0004003280564427133
877	16	3	433	3	3	0	164400	164360	-0.024330900243309004	0.0011342927725561183	0.0012773722627737226	0.00043592862935928634
879	16	3	545	3	3	0	188718	188944	0.11975540224037982	0.0019250204012583917	0.0025381786581036257	0.0008160323869477209
880	16	3	507	3	3	0	175192	175190	-0.001141604639481255	0.0018230632397412672	0.0018151513767751951	0.0004261990654063352
881	16	3	469	3	3	0	162061	161940	-0.07466324408710301	0.001373294183531435	0.0018326432639561646	0.0005944263785447043
883	16	3	547	3	3	0	187748	187934	0.09906896478258091	0.0013522200836168661	0.0018109380659181455	0.00045628537543231703
884	16	3	533	3	3	0	187354	187873	0.2770157028939868	0.0008322989681921005	0.003202493675074992	0.0009198273500076504
886	16	3	537	3	3	0	188436	188341	-0.05041499501156892	0.001037589486574937	0.0010136067418115434	0.00044400574554048414
887	16	3	625	4	4	0	221603	221893	0.1308646543593724	0.0056674816459184665	0.005915984891901283	0.0003215209180381132
889	16	2	813	3	3	0	272458	272644	0.06826740268224828	0.00119605564335847	0.0010276813307005116	0.0004465520067924842
890	16	3	525	3	3	0	188167	188667	0.2657214070479946	0.0010838261657285626	0.0027953892021449034	0.0008839665474463286
892	16	3	535	3	3	0	188350	188041	-0.16405627820546853	0.0011983706703300775	0.0023785505707459515	0.0007946199451375983
893	16	3	513	3	3	0	185171	185159	-0.006480496406024701	0.002306074432608663	0.00227897456945202	0.0011088849405864489
898	16	3	535	3	3	0	187594	187064	-0.2825250274529036	0.0016249264641564512	0.003187735215412007	0.0009435269784747913
899	16	3	527	3	3	0	187147	187219	0.03847243076298311	0.0018767856563455564	0.0017045424185266128	0.0010241503559590413
906	16	3	377	3	3	0	134628	134597	-0.023026413524675403	0.0013970434696208664	0.0015152865674302523	0.0005496627744599934
907	16	3	497	3	3	0	187580	188102	0.2782812666595586	0.001152020023699487	0.002932082311547073	0.0009240501830330168
908	16	3	423	3	3	0	148073	148041	-0.02161096216055594	0.004098781870189556	0.003977767722677328	0.0002408721824145298
909	16	3	537	3	3	0	187044	187057	0.006950236308034473	0.0014836384168908185	0.001523705652146019	0.0005720579115074528
912	16	3	525	3	3	0	187641	187805	0.08740094115891517	0.0015681895455079962	0.0019132279192713745	0.00032508886650572103
913	16	3	453	3	3	0	163516	163250	-0.16267521221164902	0.0018522630583434388	0.002048729176349715	0.0007134877728581097
914	16	3	395	3	3	0	136088	136234	0.1072835224266651	0.0020765552946642213	0.002035447651519605	0.000898928144533929
915	16	3	351	3	3	0	136065	136153	0.06467497152096424	0.0017192515426204475	0.0014625362878036233	0.0004042185720060265
919	16	0	753	1	1	0	258292	258314	0.008517491830951017	0.0008153608137834909	0.0007936753751567993	8.517491830951016e-05
946	16	0	761	1	1	0	258297	258312	0.005807268377100779	0.0009381932165838545	0.0008827047933193184	5.8072683771007794e-05
965	16	0	747	1	1	0	258292	257990	-0.11692193331578214	0.0009513483936393498	0.001777058522912053	0.0011692193331578214
971	16	3	557	3	3	0	187524	187418	-0.05652609799279026	0.0011792478617957496	0.0010558648492992896	0.0005865915829440498
972	16	3	529	3	3	0	187169	187113	-0.029919484530023667	0.001702680326562751	0.0015066597566904777	0.00010329345849651029
985	16	0	723	1	1	0	258283	258314	0.012002338520150377	0.0008394403546299647	0.0008904960837530925	0.00012002338520150378
1004	16	0	729	1	1	0	258293	258316	0.008904616075542117	0.0008857007229995541	0.0009214341852082712	8.904616075542117e-05
1018	16	0	715	1	1	0	258284	258121	-0.06310882594353502	0.0007102719979440522	0.001219587740626597	0.0006310882594353502
1030	16	0	691	1	1	0	258299	258318	0.0073558163213949725	0.0007633944430490709	0.0008013968308046101	7.355816321394972e-05
1047	16	0	747	1	1	0	258303	258142	-0.062329899381733854	0.001182605105238572	0.0011304553179792723	0.0006232989938173385
1061	16	0	695	1	1	0	258284	258310	0.010066438494060801	0.0010863702293368589	0.0010531043347632837	0.00010066438494060802
1073	16	0	725	1	1	0	258290	258314	0.009291881218785087	0.0006950672283943728	0.0007394788803283132	9.291881218785086e-05
1085	16	1	12622	40	40	0	4463676	4457183	-0.14546306676380633	0.0003127235852574764	0.0014974205117038065	7.380127948354676e-05
1090	16	0	735	1	1	0	258276	258308	0.012389846520776224	0.0008399894493099942	0.0008479301212656229	0.00012389846520776223
1110	16	2	383	3	3	0	133022	132750	-0.20447745485709132	0.002252094233254989	0.0035182150320999532	0.0014609112277167186
1111	16	2	381	3	3	0	136634	136692	0.04244917077740533	0.0011692505969599228	0.0013247068811569594	0.00024640035911022634
1112	16	2	433	3	3	0	153441	153548	0.06973364355028969	0.0011894237057316285	0.0013360184044681669	0.000499649159394599
1113	16	2	429	3	3	0	150492	150601	0.07242909922122107	0.001485789223150114	0.0016745076150227254	0.0004274867324065952
1114	16	2	523	2	2	0	185613	186098	0.2612963531649184	0.000993090885403483	0.0028554034469568403	0.0013037879889878402
1115	16	2	725	3	3	0	266419	266798	0.1422571213014087	0.0012315069441447047	0.0022445846580011184	0.00047043691828785984
1116	16	2	563	2	2	0	184890	184298	-0.32019038347125317	0.010082683128554574	0.009054032127210773	0.001603656228027476
1117	16	2	733	5	5	0	258996	259498	0.1938253872646682	0.0008702913408822145	0.0021544734281610527	0.00038301749833974266
1118	16	2	737	5	5	0	259007	258876	-0.05057778361202593	0.0008711903883145802	0.000837815194183941	0.00040616662870115484
1119	16	2	679	5	4	-1	237361	237503	0.05982448675224658	0.0016552588152904475	0.001470334216657328	0.0003488357396539448
1120	16	2	733	5	5	0	258767	258149	-0.23882488879957645	0.0023606283672785006	0.0025003188196331062	0.0009483434904759881
1121	16	2	733	4	4	0	258609	257910	-0.27029221720821783	0.0012297193156227866	0.002973601073435186	0.0006815308051923946
1122	16	2	729	4	4	0	258617	258515	-0.039440562685360975	0.001067085963433136	0.0012373509862074032	0.00019140273067895768
1123	16	2	715	5	5	0	258075	258274	0.07710936743194807	0.005672749905024356	0.006432238690303207	0.002412476993122154
1124	16	2	715	4	4	0	254893	254710	-0.07179483155677088	0.00945628141823857	0.009478487051429424	0.0006198679445885136
1125	16	2	319	1	1	0	110737	111001	0.23840270189728818	0.0016865550554082756	0.003819861473581549	0.002384027018972882
1126	16	2	643	3	3	0	224020	223918	-0.045531648959914295	0.00960206710888469	0.009811623962146236	0.006423533613070261
1127	16	2	559	3	3	0	198909	198695	-0.10758688646567023	0.011868728538855467	0.012824960157660036	0.008187998867153656
1128	16	2	1123	7	7	0	388740	388956	0.055564130267016516	0.0007796584107012487	0.0007665792046097649	0.00023114972181186103
1129	16	2	1091	7	7	0	388718	388646	-0.018522424997041556	0.0011586498035984223	0.0012399734511908376	0.00033810775788250467
1130	16	2	529	2	2	0	184751	184962	0.1142077715411554	0.0010323492129546699	0.0014614264604792396	0.000571038857705777
1132	16	3	895	5	5	0	323241	322655	-0.18128888352653283	0.0013320251813122366	0.001989227851664857	0.00044672550821213896
1141	16	0	913	1	1	0	322850	322721	-0.03995663620876568	0.0009683445165717085	0.0009540034071550255	0.0003995663620876568
1155	16	0	731	1	1	0	258286	258137	-0.057687989283197696	0.0007351722688554008	0.0009679192832751291	0.000576879892831977
1172	16	0	749	1	1	0	258285	258311	0.010066399519910178	0.0009436686095064331	0.00101051164411406	0.00010066399519910177
1180	16	3	692	4	4	0	248920	249305	0.1546681664791901	0.0015664616249596826	0.001996625421822272	0.00047304354812791256
1182	16	3	777	4	4	0	249020	249134	0.045779455465424466	0.0013971173431732424	0.0015500762990924423	0.0004798811340454582
1187	16	3	699	4	4	0	249769	250180	0.1645520460905877	0.0011952012241932058	0.0019217757207659878	0.0004033727163899443
1192	16	0	715	1	1	0	258285	258306	0.008130553458388989	0.0009451596736360223	0.0009175910331610431	8.130553458388989e-05
1196	16	3	679	4	4	0	243268	244025	0.3111794399592219	0.0009386233575478923	0.003469424667444958	0.0007728102339806304
1197	16	3	493	3	3	0	169585	169759	0.10260341421705929	0.0017490505253737504	0.001568534952973435	0.00076657723265619
1203	16	3	325	2	2	0	122063	121932	-0.1073216289948633	0.0017825209603672143	0.0023594373397343993	0.0014910333188599331
1204	16	3	329	2	2	0	127878	128237	0.2807363268114922	0.0013661376315043782	0.0036049985142088555	0.001403681634057461
1205	16	3	335	2	2	0	121127	121027	-0.08255797633888398	0.002200877010516956	0.002551041468871515	0.0006522080130771835
1207	16	3	387	2	2	0	127680	127736	0.043859649122807015	0.0033049043586607903	0.003587092731829574	0.0019345238095238096
1210	16	3	345	2	2	0	121767	121807	0.03284962263995992	0.0018116571470597111	0.0019134905187776655	0.0009197894339188779
1211	16	3	359	2	2	0	127941	128268	0.2555865594297371	0.0012860104969228696	0.003400004689661641	0.0012779327971486859
1212	16	3	333	2	2	0	118748	118781	0.027789941725334322	0.0018579222618346008	0.0017937144204533972	0.00034105837572001216
1214	16	3	325	2	2	0	127974	128477	0.39304858799443637	0.0012726862884397156	0.004485286073733727	0.001965242939972182
1215	16	3	357	2	2	0	121479	121535	0.04609850262185234	0.001958545679237968	0.001703998221914899	0.00036220252060026835
1216	16	3	349	2	2	0	122280	122480	0.16355904481517827	0.0014698466989169635	0.0023879620543016027	0.000813706247955512
1217	16	3	339	2	2	0	117270	116768	-0.42807197066598446	0.0015098836756732706	0.0052016713566982176	0.0021446235183763965
1219	16	3	341	2	2	0	121503	121707	0.1678970889607664	0.002095834272351969	0.003440244273803939	0.0013703365349003727
1220	16	3	369	2	2	0	127875	128028	0.11964809384164223	0.0025082354144121883	0.0036363636363636364	0.0005865102639296188
1221	16	3	347	2	2	0	121694	122022	0.2695284894900324	0.0014247348700007344	0.003549887422551646	0.0013435337814518382
1222	16	3	327	2	2	0	121117	120513	-0.49869134803537074	0.009378595526584228	0.011071938703897884	0.0024975849798129085
1224	16	3	347	2	2	0	122461	122425	-0.029397114183291006	0.0016446311012266663	0.0018536513665575163	0.0012534602853153248
1225	16	3	379	2	2	0	127863	127643	-0.17205915706654779	0.0027681806769786366	0.0025183203897921995	0.0015759054613140627
1226	16	3	325	2	2	0	117629	117524	-0.08926370197825366	0.0017480622036927138	0.002465378435589863	0.00044631850989126833
1227	16	3	339	2	2	0	117450	117474	0.020434227330779056	0.013722825024013901	0.013801617709663686	0.001136653895274585
1228	16	3	457	3	3	0	164617	163817	-0.4859765394825565	0.004488326726590097	0.005515833723127016	0.0018548104590250906
1229	16	3	359	2	2	0	128246	128029	-0.16920605710899364	0.0024314333618053498	0.0035712614818395895	0.000877220342154921
1230	16	3	345	2	2	0	122104	121556	-0.4487977461835812	0.0029108303987802945	0.0058392845443228725	0.002243988730917906
1231	16	3	323	2	2	0	121585	121431	-0.12666036106427603	0.0033658917473554668	0.0038573837233211333	0.0020191635481350495
1232	16	3	795	5	5	0	275257	275764	0.18419150103357954	0.0014507051164019049	0.00302989569747545	0.000749844690598241
1233	16	3	357	2	2	0	128090	128148	0.04528066203450699	0.0016900783046072648	0.0014989460535560933	0.0005582012647357327
1234	16	3	373	2	2	0	122166	122195	0.023738192295728763	0.0019394550350166832	0.0018090139646055367	0.0013383429104660872
1235	16	3	359	2	2	0	127603	127685	0.06426181202636301	0.0025022115256064046	0.0027977398650501947	0.0013831963198357405
1236	16	3	367	2	2	0	127559	127388	-0.13405561348082065	0.0028229782348119597	0.0021088280717158334	0.0014463895138720122
1237	16	3	337	2	2	0	121259	121614	0.29276177438375706	0.0016245533237168879	0.003513141292605085	0.0014638088719187855
1238	16	3	485	3	3	0	175390	175428	0.021666001482410626	0.002011612470091523	0.0018701180226922858	0.0006347758329057149
1239	16	3	363	2	2	0	127100	127446	0.27222659323367426	0.0015299712626935327	0.0032494099134539735	0.0013493312352478365
1240	16	3	341	2	2	0	126166	126423	0.20369988744986764	0.013517727524671999	0.012840226368435237	0.001018499437249338
1241	16	3	673	4	4	0	232841	232417	-0.18209851357793516	0.013928588033162822	0.013318101193518323	0.001737236998638556
1262	16	3	365	2	2	0	122414	122131	-0.23118270786021206	0.0014497876238315941	0.003610698122763736	0.0011599980394399333
1263	16	3	361	2	2	0	128172	127907	-0.20675342508504196	0.00280568406997112	0.0026058733576756234	0.0023835159005086916
1264	16	3	373	2	2	0	127493	127518	0.01960891970539559	0.0014875211035189526	0.001623618551606755	0.00027844665981661737
1265	16	3	341	2	2	0	115288	115467	0.15526334050378182	0.003191714939695156	0.003495593643744362	0.0007719797377003678
1266	16	3	467	3	3	0	154328	154428	0.06479705562179254	0.0014168251244783881	0.001730081385101861	0.0005162165431202806
1267	16	3	371	2	2	0	127905	127417	-0.3815331691489778	0.0021073959062626237	0.005089715022868535	0.0019115749970681365
1270	16	0	747	1	1	0	258288	258309	0.008130459022486526	0.0006163890422403438	0.0006697949575667472	8.130459022486527e-05
1272	16	3	343	2	2	0	127721	128049	0.25680976503472414	0.0021594350763112506	0.0027873254985476153	0.0012801340421700425
1273	16	3	348	2	2	0	127500	127296	-0.16	0.0025445575666163903	0.0034823529411764707	0.0012549019607843138
1274	16	3	355	2	2	0	121478	121719	0.1983898319037192	0.0015691877773579069	0.003004659279869606	0.001115428308006388
1275	16	3	315	2	2	0	112768	112443	-0.2882023269012486	0.009472120985617704	0.008796821793416572	0.0014454455164585698
1276	16	3	525	3	3	0	185250	185296	0.024831309041835357	0.0030473835582293628	0.0029851551956815115	0.0002177237966711651
1277	16	3	499	3	3	0	184073	184447	0.2031802600055413	0.006768232327407979	0.006220358227442374	0.0006772675333518043
1278	16	3	519	3	3	0	184553	184678	0.06773122084170943	0.005011425100877014	0.004822462923929711	0.0003720701731571238
1296	16	0	713	1	1	0	258292	258315	0.008904650550539699	0.0008535908155078326	0.0008246480727238938	8.9046505505397e-05
1318	16	0	753	1	1	0	258281	258146	-0.05226865313360255	0.0007243246699757158	0.001018270798084257	0.0005226865313360255
1341	16	0	715	1	1	0	258284	258146	-0.053429558160784256	0.0012524450725957534	0.0015680413808056247	0.0005342955816078426
1363	16	0	735	1	1	0	258275	258310	0.013551447100958281	0.0006580972039873737	0.0007666247217113541	0.0001355144710095828
1377	16	0	721	1	1	0	258287	258312	0.009679155358186824	0.0008611451654566628	0.0009524288872455834	9.679155358186823e-05
1388	16	0	747	1	1	0	258279	258309	0.011615346195393353	0.000948646996458192	0.0010298940293248773	0.00011615346195393353
1405	16	0	729	1	1	0	258298	258311	0.0050329464417068655	0.0006564349316985917	0.0006233110593190811	5.032946441706866e-05
1419	16	0	703	1	1	0	258290	258313	0.008904719501335707	0.0007427534321527737	0.0007704518177242634	8.904719501335708e-05
1431	16	1	12347	47	46	-1	4334696	4335624	0.021408652417608986	0.000205519155651523	0.0003538887156100451	4.78180236271888e-05
1435	16	0	727	1	1	0	258281	258310	0.011228081043514622	0.0012328361009651505	0.001238960666870579	0.00011228081043514621
1448	16	0	707	1	1	0	258290	258313	0.008904719501335707	0.0009681711115108171	0.0009833907623214217	8.904719501335708e-05
1468	16	2	369	3	3	0	135064	135089	0.018509743528993663	0.0011945612364028147	0.0013401054314991412	0.00017522557207447331
1469	16	2	355	3	3	0	126934	126979	0.03545149447744497	0.0013050103075295187	0.0015047189878204421	0.00011817164825814988
1470	16	2	185	2	2	0	64962	65034	0.11083402604599613	0.0013220741887358398	0.001985776299990764	0.00053877651550137
1471	16	2	515	2	2	0	182065	181773	-0.1603822810534699	0.001559456134961311	0.0017081811440968885	0.0008101502210748909
1472	16	2	533	2	2	0	182659	183172	0.2808512036089106	0.0012912279118136745	0.0030274993293514145	0.0013905693122156586
1473	16	2	535	2	2	0	181772	181436	-0.1848469511255859	0.008906886271598049	0.008829742754659684	0.001301080474440508
1474	16	2	495	2	2	0	181505	181670	0.0909065865954106	0.010833305342857211	0.010886752431062505	0.00044351395278366987
1475	16	2	391	2	2	0	131630	131428	-0.1534604573425511	0.0015081410183552134	0.0027045506343538707	0.0007673022867127554
1476	16	2	291	2	2	0	104717	104646	-0.06780178958526314	0.002505657312251162	0.0025592788181479607	0.0005681980958201629
1477	16	2	573	4	4	0	214960	215380	0.19538518794194268	0.0012356264896728514	0.002540007443245255	0.0004826479344994418
1478	16	2	711	5	4	-1	251170	251643	0.18831866863080782	0.0010860469719681395	0.0020902177807859217	0.0004905044392244296
1479	16	2	533	3	3	0	188911	188573	-0.17892023227869208	0.0017951831196275148	0.00309669632790044	0.0010057646193180915
1480	16	2	423	3	4	1	153733	153470	-0.17107582627022175	0.001242318472092287	0.002380751042391679	0.0006244592898076536
1481	16	2	695	4	4	0	238580	239055	0.19909464330622853	0.0007610948984569431	0.0023807527873250063	0.00052602900494593
1482	16	2	667	5	5	0	239025	238912	-0.04727538960359795	0.0010481205661180527	0.0013178537809852525	0.00013638740717498169
1483	16	2	213	3	2	-1	78357	78499	0.18122184361320623	0.0013425472777708891	0.0027055655525351917	0.0006040728120440207
1484	16	2	751	4	4	0	250785	251227	0.17624658572083657	0.0011722174487883818	0.0020415894092549393	0.0006439779093645951
1485	16	2	699	4	5	1	250629	250840	0.08418818253274761	0.0014572016283986911	0.0022343783041866663	0.00038702624197519043
1486	16	2	261	2	2	0	89877	89746	-0.14575475371897148	0.0032729822262253226	0.003616053050279827	0.00215294235455122
1487	16	2	325	2	2	0	120178	120433	0.2121852585331758	0.0015066437332236769	0.002371482301253141	0.0010567657974005227
1488	16	2	511	3	3	0	189818	190185	0.19334309707193206	0.0014711725752358095	0.0032452138364117205	0.0007112075777850362
1489	16	2	293	2	2	0	111015	111249	0.2107823267126064	0.001515473330835185	0.0030716569832905465	0.0010313921542133946
1490	16	2	85	1	1	0	32833	32858	0.07614290500411172	0.0032580756060143316	0.0031370876861694028	0.0007614290500411172
1491	16	2	375	2	3	1	123792	123343	-0.3627051828874241	0.017843407484265685	0.01796561974925682	0.002467849295592607
1492	16	2	1049	4	4	0	369875	369109	-0.20709699222710376	0.004785987812264382	0.004590740114903684	0.0014998310239945929
1502	16	0	745	1	1	0	258286	258157	-0.04994463501699666	0.0010504191789021781	0.0012737817767900699	0.0004994463501699667
1503	16	2	1042	4	4	0	372419	372256	-0.04376790657834321	0.0038513424514398107	0.0035336542979815745	0.0018728904808830915
1519	16	0	745	1	1	0	258286	258313	0.010453528259371394	0.0008338397945855782	0.0007975654894187064	0.00010453528259371395
1532	16	3	437	3	3	0	162453	162341	-0.0689430173650225	0.0029800977231152093	0.003010101383169286	0.0011921396752701807
1533	16	3	291	2	2	0	106080	106012	-0.0641025641025641	0.002290730028627625	0.0027432126696832577	0.0012254901960784314
1535	16	3	339	2	2	0	111586	111432	-0.13801014464180095	0.014313681606099185	0.014195329163156668	0.0012143100388937681
1536	16	3	271	2	2	0	95276	95305	0.03043788572148285	0.002929712454061352	0.003106763508123767	0.0007819387883622319
1537	16	3	445	3	3	0	162202	162794	0.36497700398268823	0.0017044706172963206	0.004395753443237445	0.0012145349625775268
1539	16	3	449	3	3	0	158597	159025	0.26986639091533887	0.002323268442183524	0.004401092076142676	0.001803312799107171
1540	16	3	265	2	2	0	94835	94815	-0.02108926029419518	0.0034863406544278393	0.0033531923867770336	0.0015606052617704435
1542	16	3	553	4	3	-1	195919	196528	0.3108427462369653	0.0017374945578915364	0.003858737539493362	0.0010182779618107482
1543	16	3	293	2	2	0	105677	105545	-0.12490892057874467	0.0017950615274858774	0.002763136727954049	0.0006340073999072647
1548	16	0	741	1	1	0	258282	258310	0.010840863861980316	0.0008773525626589252	0.0009137299540811981	0.00010840863861980317
1552	16	3	335	2	2	0	114107	114326	0.191925122910952	0.0014343243190874351	0.0021295801309297413	0.0009552437624335055
1553	16	3	307	2	2	0	106026	105845	-0.17071284401939146	0.00240251608108157	0.0029332427895044613	0.0008535642200969574
1554	16	3	311	2	2	0	105707	105699	-0.007568089152090212	0.0018427167410256674	0.0018636419537022145	0.00017028200592202975
1555	16	3	501	3	3	0	179581	179348	-0.12974646538330892	0.001528538117283293	0.001748514597869485	0.0005568517827609825
1563	16	3	425	3	3	0	149721	149848	0.08482444012529973	0.001995703537774288	0.002384435049191496	0.0011510298043249333
1564	16	3	433	3	3	0	156842	155964	-0.5597990334221701	0.0025501780127541204	0.005814769003200673	0.0018681220591423217
1566	16	3	409	3	3	0	149842	150104	0.17485084288784186	0.0009512426087088483	0.0024225517545147556	0.0005806115775283298
1567	16	3	481	3	3	0	157107	157429	0.20495585810944134	0.0018778539347055658	0.0023614479303913894	0.0006789428011906959
1570	16	3	413	3	3	0	156618	157131	0.3275485576370532	0.001314840671979293	0.0037671276609329706	0.0012535808995985988
1571	16	3	295	2	2	0	105340	105321	-0.018036833111828365	0.0028646007025594725	0.0028764002278336815	0.0008828555154737042
1573	16	3	563	4	4	0	200647	200340	-0.15300502873205182	0.001416181829380039	0.002526825718799683	0.00047097639137390546
1574	16	3	327	2	2	0	115979	116217	0.20520956380034316	0.0021224298533566383	0.0021469403943817416	0.0010217366937117927
1575	16	3	531	3	3	0	189075	189548	0.25016527832870555	0.0010693715672824328	0.003205077350257834	0.0008321212922561594
1577	16	3	479	3	3	0	157773	158012	0.15148346041464636	0.0023823616934898696	0.003384609533950676	0.0013225752610818498
1578	16	3	513	3	3	0	194059	193665	-0.20303103695267935	0.01076550550023171	0.010460736167866474	0.0006802055045115144
1580	16	3	556	4	4	0	201264	201990	0.360720248032435	0.0014239045324445096	0.003711543047937038	0.0008918634231655934
1583	16	0	879	1	1	0	322849	322893	0.01362866231581947	0.0007799488508075378	0.0007557712738772615	0.0001362866231581947
1584	16	3	311	2	2	0	105723	106082	0.3395666032935123	0.0015691863407049586	0.004719881198982246	0.0016978330164675614
1585	16	3	535	4	4	0	198696	198473	-0.11223175101662841	0.0016465151328529167	0.0018873052301002537	0.000746114667632967
1586	16	3	273	2	2	0	95292	95415	0.12907694245057297	0.001900970741332297	0.0015426268731897747	0.0006453847122528649
1587	16	3	265	2	2	0	94158	93276	-0.9367233798508889	0.005341471784342976	0.010556723804668749	0.00468892712249623
1588	16	3	303	2	2	0	106043	106255	0.19991890082325095	0.0016459698341775336	0.0029139122808671952	0.001042030119857039
1589	16	3	545	4	4	0	199390	199320	-0.03510707658357992	0.002075012059911367	0.002101409298359998	0.00046391494056873466
1590	16	3	289	2	2	0	105743	105801	0.05484996642803779	0.0018749932163874365	0.002042688404906235	0.0009504175217272065
7	32	1	201	4	4	0	258275	258132	-0.05536734101248669	0.0007810262185212161	0.0011150905043074242	0.00023231052173071338
12	32	0	173	1	1	0	258293	258310	0.006581672751487652	0.0007765424951101332	0.0007162408582501268	6.581672751487652e-05
17	32	0	191	1	1	0	258298	258316	0.006968695073132583	0.0008810896558947731	0.0008594723923530186	6.968695073132583e-05
23	32	0	195	1	1	0	258277	258308	0.012002617344943607	0.000776172166861232	0.0008208241539122725	0.00012002617344943607
31	32	0	202	1	1	0	258294	258313	0.00735595871371383	0.0010850510882864097	0.0011072653642748187	7.35595871371383e-05
45	32	0	199	1	1	0	258296	258148	-0.057298603152971785	0.0011084211223166254	0.0009020658469352991	0.0005729860315297178
59	32	0	189	1	1	0	258296	258310	0.005420138136091926	0.0008253743560157853	0.0008362498838541828	5.4201381360919255e-05
73	32	0	199	1	1	0	258294	258315	0.008130270157262654	0.0009958020157211285	0.0010724213493151216	8.130270157262655e-05
87	32	0	189	1	1	0	258293	258311	0.006968829972163396	0.0007977181253923311	0.0008285164522460926	6.968829972163396e-05
99	32	0	197	1	1	0	258289	258312	0.00890475397713414	0.0008099079272405498	0.0007781980649582444	8.904753977134141e-05
115	32	0	179	1	1	0	258290	258312	0.00851755778388633	0.0009637261689261958	0.0010104920825428781	8.517557783886329e-05
129	32	0	193	1	1	0	258287	258314	0.01045348778684177	0.0007567436399323362	0.0008517656715204405	0.00010453487786841769
141	32	0	193	1	1	0	258290	258310	0.007743234348987572	0.0011074758604459334	0.0011692283866971233	7.743234348987572e-05
158	32	0	193	1	1	0	258282	258306	0.009292169024554557	0.0010322845566030606	0.000991164695952486	9.292169024554556e-05
172	32	0	207	1	1	0	258282	258302	0.007743474187128797	0.0006552978959742167	0.0006194779349703038	7.743474187128797e-05
184	32	0	177	1	1	0	258297	258144	-0.05923413744642795	0.0008771493028168788	0.0012040403101855617	0.0005923413744642795
196	32	1	3007	33	33	0	4060609	4061108	0.01228879707452749	0.00030734461981125845	0.0003420669165635007	6.771636889188221e-05
201	32	0	185	1	1	0	258282	258312	0.011615211280693196	0.0010424301391014522	0.0010957015974787248	0.00011615211280693196
210	32	2	773	17	17	0	1067091	1067032	-0.00552905047460807	0.0003322156496185	0.0003448628092636898	0.00010578512323801481
211	32	2	807	17	17	0	1084455	1084335	-0.011065466063598766	0.00035247187237191286	0.00040112314480545525	7.23052267783194e-05
212	32	2	775	17	17	0	1082435	1082351	-0.007760281217809846	0.00031882554513071754	0.0002882390166615085	9.151480091590882e-05
213	32	2	829	17	17	0	1083875	1083800	-0.006919617114519663	0.0002648712338083375	0.0002850882251182101	6.610269525870549e-05
225	32	0	239	1	1	0	322854	322893	0.012079763608318311	0.0007081063048345914	0.0007000068142256252	0.00012079763608318312
238	32	0	187	1	1	0	258281	258308	0.01045373062672051	0.0005896705493835687	0.0006659413584429362	0.0001045373062672051
251	32	0	181	1	1	0	258288	258310	0.008517623737843028	0.0006570636219804429	0.0006620516632596171	8.517623737843028e-05
264	32	0	207	1	1	0	258290	258312	0.00851755778388633	0.0009383172198746454	0.0009872623794959154	8.517557783886329e-05
279	32	0	203	1	1	0	258282	258307	0.009679342733910997	0.0009286929505616137	0.0009950364330460505	9.679342733910996e-05
292	32	0	187	1	1	0	258283	258311	0.010840821889168083	0.0008491268085472436	0.000859522306926898	0.00010840821889168083
307	32	0	201	1	1	0	258286	258306	0.007743354266201033	0.0008316549421255573	0.0008362822607497116	7.743354266201033e-05
318	32	0	189	1	1	0	258296	258315	0.007355901756124756	0.0006700396732691254	0.0007007464304518847	7.355901756124756e-05
335	32	0	207	1	1	0	258293	258314	0.008130301634190628	0.000801435905217855	0.0007317271470771566	8.130301634190628e-05
349	32	0	207	1	1	0	258280	258311	0.012002477930927676	0.0010091904599594532	0.0009253523308037788	0.00012002477930927675
361	32	0	197	1	1	0	258292	258313	0.008130333111362334	0.0009472857189172622	0.0009020798166416304	8.130333111362334e-05
393	32	0	181	1	1	0	258285	258153	-0.05110633602415936	0.0010710503023928844	0.00109181717869795	0.0005110633602415936
407	32	0	177	1	1	0	258291	258316	0.009679005462830683	0.0008218005908175484	0.0008672388894696292	9.679005462830683e-05
419	32	0	177	1	1	0	258285	258316	0.012002245581431365	0.0010093739647190573	0.0011227907156822889	0.00012002245581431365
431	32	1	3070	53	53	0	4124915	4124089	-0.020024655053498073	0.0004573704447562638	0.0005435263514520905	7.078018920412749e-05
436	32	0	191	1	1	0	258288	258152	-0.05265440128848417	0.0008542770427449638	0.0011382642631481137	0.0005265440128848417
448	32	2	127	2	2	0	157322	157366	0.027968116347364003	0.0016219484953326332	0.0018560659030523385	0.0011695757745261311
449	32	2	87	2	2	0	127290	127221	-0.05420692905962762	0.0013643337709168227	0.0014062377248801948	0.0002749626836357923
450	32	2	103	2	2	0	127230	126973	-0.20199638450051088	0.0019846857920821563	0.003293248447693154	0.001422620451151458
451	32	2	77	2	2	0	127077	127156	0.06216703258654202	0.00121198150517444	0.001416464033617413	0.0003108351629327101
452	32	2	93	2	2	0	127022	126507	-0.40544157704964495	0.0018979321839182781	0.004613374061186251	0.002031144211238998
453	32	2	85	2	2	0	126908	127014	0.08352507328143222	0.0017077539345317465	0.002308759101081098	0.0005476408106659942
454	32	2	95	2	2	0	126839	126948	0.08593571377888504	0.001269480133859095	0.00175813432776985	0.00044544658977128487
455	32	2	81	2	2	0	126828	126543	-0.22471378559939445	0.0013700385703143804	0.0029488756426025798	0.001127511275112751
456	32	2	97	2	2	0	126854	126942	0.06937108802245101	0.0016827522161864462	0.0018919387642486638	0.0004572185346934271
457	32	2	91	2	2	0	126825	126942	0.09225310467179183	0.0013227903939627536	0.0017110191208357974	0.0004573230829883698
458	32	2	89	2	2	0	126764	126602	-0.12779653529393203	0.0016585505230754204	0.0016092897037013664	0.0006863147265785238
459	32	2	87	2	2	0	126821	126755	-0.05204185426703779	0.0011767416192392014	0.001159114026856751	0.000378486212851184
460	32	2	99	2	2	0	126745	126857	0.08836640498639	0.0015840822280824732	0.0020987021184267624	0.0011164148487119807
461	32	2	89	2	2	0	126669	126623	-0.03631512051093796	0.0014998287832937104	0.0015868128744996803	0.00018157560255468977
462	32	2	97	2	2	0	126658	126915	0.20290862006347804	0.0012566765317162667	0.0029054619526599186	0.0010145431003173902
463	32	2	97	2	2	0	126644	126598	-0.03632228925176084	0.001711781348305765	0.0018555952117747386	0.0010028110293420927
464	32	2	95	2	2	0	126697	125916	-0.6164313282871733	0.0016546406363335128	0.006708919706070389	0.0030821566414358666
465	32	2	69	2	2	0	86677	86552	-0.14421357453534386	0.0023389507656194834	0.002042064215420469	0.0007210678726767192
466	32	2	103	2	2	0	126616	126886	0.21324319201364755	0.0013149976300311675	0.0025194288241612434	0.0010583180640677324
467	32	2	95	2	2	0	126630	126348	-0.22269604359156597	0.0017374785255393611	0.0030403537866224434	0.001117428729369028
468	32	2	91	2	2	0	126559	126631	0.05689046215599049	0.001563725461887512	0.0017857283954519237	0.0006163133400232303
469	32	2	97	2	2	0	126562	126689	0.1003460754412857	0.0021020035060320356	0.0026706278345790995	0.0005017303772064285
470	32	2	87	2	2	0	126561	126512	-0.03871650824503599	0.0019195595258442418	0.0015565616580147123	0.00035951043370390564
471	32	2	95	2	2	0	126568	126500	-0.053726060299601794	0.001547330523072726	0.0018725112192655331	0.0007584855571708489
472	32	2	91	2	2	0	126510	126246	-0.20867915579796065	0.0018288116199060467	0.0031618053908781915	0.0010433957789898031
473	32	2	101	2	2	0	126509	126470	-0.030827846240188445	0.0021201032746505644	0.0022528041483214634	0.0011105929222426864
474	32	2	103	2	2	0	126525	126622	0.0766646907725746	0.0018067664711804545	0.002355265757755384	0.0005967200158071527
475	32	2	97	2	2	0	126518	126152	-0.289286899887763	0.0019988694919689885	0.003706982405665597	0.0014503865062678828
476	32	2	45	1	1	0	56736	56692	-0.0775521714608009	0.001591866972261112	0.002238437676254935	0.000775521714608009
477	32	2	95	2	2	0	126470	126563	0.07353522574523602	0.0014871746535748877	0.001565588677156638	0.00036767612872618015
478	32	2	99	2	2	0	126453	126556	0.08145318814104845	0.0014143245802288869	0.0019058464409701628	0.00040331190244596805
479	32	2	97	2	2	0	126387	126473	0.06804497297981596	0.0021375475602264686	0.0021362956633198035	0.00033626876181885797
480	32	2	101	2	2	0	126406	126652	0.19461101529990665	0.0009615058613314477	0.002412860149043558	0.0009690995680584783
481	32	2	69	2	2	0	89302	89368	0.07390651945085217	0.001583325130419316	0.0018812568587489643	0.0003695325972542608
495	32	0	237	1	1	0	322848	322892	0.013628704529685797	0.0010547218724279179	0.0010407374368123698	0.00013628704529685797
496	32	2	83	2	2	0	126339	126288	-0.040367582456723575	0.001939959932178755	0.0023191571882000017	0.0012743491716730383
497	32	2	89	2	2	0	126294	126192	-0.08076393177823174	0.001707616026297819	0.0015360983102918587	0.0005780163744912664
503	32	0	191	1	1	0	258286	258311	0.009679192832751291	0.0008144462271450579	0.0007627203952208018	9.679192832751291e-05
592	32	0	187	1	1	0	258292	258314	0.008517491830951017	0.0010940170409747495	0.0010375853684976694	8.517491830951016e-05
616	32	0	185	1	1	0	258286	258308	0.008517689692821136	0.0007438969229669089	0.0007317469781559976	8.517689692821136e-05
631	32	0	181	1	1	0	258292	258314	0.008517491830951017	0.0010062103354524885	0.0010337137813017825	8.517491830951016e-05
645	32	0	197	1	1	0	258282	258309	0.010453690152623877	0.0008161242996754231	0.0008982430057069405	0.00010453690152623876
659	32	0	177	1	1	0	258283	258113	-0.06581927575566336	0.000817160030377618	0.0011111842436397285	0.0006581927575566336
670	32	0	183	1	1	0	258292	258316	0.009291809270128381	0.0007298554265541298	0.0007936753751567993	9.291809270128382e-05
687	32	0	205	1	1	0	258290	258315	0.009679042936234466	0.0007083771962799079	0.0006814046227109063	9.679042936234466e-05
702	32	0	193	1	1	0	258286	258155	-0.050718970443616763	0.0010989412737169096	0.0013976754450492864	0.0005071897044361676
713	32	0	215	1	1	0	258288	258316	0.010840612029982035	0.0011381938194217408	0.001227312147680109	0.00010840612029982035
730	32	0	199	1	1	0	258293	258315	0.008517458854866372	0.0008772952195288975	0.0009059478963812414	8.517458854866372e-05
744	32	0	199	1	1	0	258289	258309	0.007743264327942731	0.0009083848121802397	0.0009795229374847554	7.743264327942731e-05
756	32	0	187	1	1	0	258285	258307	0.008517722670693227	0.0008595001679643442	0.0008943608804227888	8.517722670693227e-05
768	32	1	3175	38	38	0	4369904	4369687	-0.00496578414537253	0.0003934559770354806	0.0003817017490544415	7.469151195131638e-05
773	32	0	193	1	1	0	258283	258312	0.011227994099495514	0.000869056163304311	0.0009175981384760127	0.00011227994099495515
789	32	2	185	3	3	0	258938	258904	-0.013130556349396381	0.0018233495364880625	0.0017340058237879338	0.0005780019412626446
790	32	2	169	3	3	0	258931	258713	-0.08419231378243625	0.001538015842868295	0.0015834334243485717	0.0010054158572489712
791	32	2	176	3	3	0	258933	258842	-0.03514422649874678	0.0019891651964717523	0.0021472736190443088	0.0007788372539099562
792	32	2	201	3	3	0	258863	259092	0.08846378200051765	0.0010090554443037251	0.0014718210018426735	0.0004056199611377446
793	32	2	207	3	3	0	259011	258905	-0.04092490280335584	0.0010490735788235533	0.0010424267695194412	0.00028441520501703275
794	32	2	199	3	3	0	258981	259182	0.07761187114112618	0.0015070031463363396	0.0021545982137685777	0.0009485895361693201
795	32	2	211	3	3	0	258739	259218	0.18512864315004696	0.0006411567961684876	0.0022068571031039	0.0006067890808884629
796	32	2	179	3	3	0	258856	259338	0.18620391260005562	0.0013480734681050287	0.0025187749173285535	0.000618104274191056
797	32	2	297	5	5	0	388725	388589	-0.034986172744227925	0.0009002980510300775	0.0011036079490642486	0.00026393980320277836
798	32	2	263	5	5	0	387888	387824	-0.01649960813430681	0.0007022813123046614	0.0007888875139215444	0.0002485253475229963
799	32	2	133	3	3	0	188174	188301	0.06749072666787123	0.00098905772815658	0.0014029568378203152	0.00025331165127311247
800	32	2	141	3	3	0	187989	188346	0.18990472846815507	0.001571997498318763	0.003095925825447234	0.0006259231479856091
801	32	2	139	3	3	0	188654	188792	0.07314978744155969	0.0011771963495004034	0.0014523943303614024	0.00043289125418314304
802	32	2	147	3	3	0	188190	187815	-0.19926669854933843	0.0032906273335179172	0.0020670598862851373	0.0010680695042244541
803	32	2	65	2	2	0	84272	84488	0.25631289158913995	0.001343504020968206	0.003085247769128536	0.0012815644579456996
804	32	2	149	3	3	0	187990	187963	-0.014362466088621736	0.0020003207077199736	0.0019415926379062717	0.0011348121353972728
813	32	0	239	1	1	0	322846	322894	0.014867769772585072	0.0006639573493444601	0.0006907318040180148	0.00014867769772585073
829	32	0	197	1	1	0	258290	258309	0.007356072631538193	0.000940715321724207	0.0008711138642611019	7.356072631538194e-05
845	32	0	181	1	1	0	258290	258314	0.009291881218785087	0.0006179430986891788	0.0006426884509659684	9.291881218785086e-05
869	32	0	177	1	1	0	258289	258143	-0.05652582959398193	0.0010068550020820755	0.0012892535106024646	0.0005652582959398193
873	32	3	149	3	3	0	194508	194638	0.06683529726283752	0.00525379769118023	0.005583317909803195	0.00035816864430597545
874	32	3	143	3	3	0	187968	187912	-0.029792305073203948	0.0025307706841326333	0.0023408239700374533	0.0008866757462263081
876	32	3	131	3	3	0	188179	188405	0.12009841693281396	0.001420787739714635	0.0022372315720670215	0.00048535348435974963
877	32	3	111	3	3	0	164400	164360	-0.024330900243309004	0.0013910699260243522	0.0015206812652068127	0.0005981346309813462
879	32	3	153	3	3	0	188718	188944	0.11975540224037982	0.002693469322583291	0.0035820642440042814	0.0014942930722029694
880	32	3	127	3	3	0	175192	175190	-0.001141604639481255	0.0020456785555007695	0.00203776428147404	0.0006031477845259296
881	32	3	123	3	3	0	162061	161940	-0.07466324408710301	0.0017563083716709508	0.002116487001807961	0.0006869841191485511
883	32	3	141	3	3	0	187748	187934	0.09906896478258091	0.0016353455267628222	0.00214649423695592	0.0006977437842214032
884	32	3	141	3	3	0	187354	187873	0.2770157028939868	0.0009496802120152487	0.0031811437172411584	0.0009216065131604699
886	32	3	149	3	3	0	188436	188341	-0.05041499501156892	0.001345565643383869	0.0011781188307966632	0.0006598173031338669
887	32	3	155	4	4	0	221603	221893	0.1308646543593724	0.005825215328369017	0.006073924991990181	0.0003226490616101768
889	32	2	215	3	3	0	272458	272644	0.06826740268224828	0.0013097520190423154	0.0011561414970380757	0.0004942657828607222
890	32	3	135	3	3	0	188167	188667	0.2657214070479946	0.0011580309816211138	0.0028113324865677827	0.0008821950713993422
892	32	3	147	3	3	0	188350	188041	-0.16405627820546853	0.0012771893966207943	0.0025165914520838863	0.0006548093089107158
893	32	3	131	3	3	0	185171	185159	-0.006480496406024701	0.0021062482768710775	0.002079159263599592	0.0009756747366848302
898	32	3	129	3	3	0	187594	187064	-0.2825250274529036	0.0020401033454541585	0.003486252225550924	0.0009417500915096787
899	32	3	147	3	3	0	187147	187219	0.03847243076298311	0.0020049942131397974	0.001832783854403223	0.0011434861365664424
906	32	3	89	3	3	0	134628	134597	-0.023026413524675403	0.0013277633021963832	0.0014855750661080904	0.0003317784314308069
907	32	3	125	3	3	0	187580	188102	0.2782812666595586	0.0010882840254148667	0.0029267512527988058	0.0009240501830330171
908	32	3	107	3	3	0	148073	148041	-0.02161096216055594	0.003821831565881965	0.003700877269995205	0.00034667585132558496
909	32	3	129	3	3	0	187044	187057	0.006950236308034473	0.0016654011950814236	0.0017054810632792284	0.0005043376603009631
912	32	3	155	3	3	0	187641	187805	0.08740094115891517	0.0019515659199389219	0.002296939368261734	0.0005009566139596357
913	32	3	125	3	3	0	163516	163250	-0.16267521221164902	0.001931802693992471	0.0020181511289415104	0.0005422507073721634
914	32	3	101	3	3	0	136088	136234	0.1072835224266651	0.0023848483786227045	0.001925224854505908	0.0008548390257284502
915	32	3	69	3	3	0	136065	136153	0.06467497152096424	0.0017265962210337032	0.0013449454304927792	0.0004189174291698821
919	32	0	209	1	1	0	258292	258314	0.008517491830951017	0.0008540733884019784	0.0008285196599197807	8.517491830951016e-05
946	32	0	191	1	1	0	258297	258312	0.005807268377100779	0.0008994803422303595	0.0008439896708053133	5.8072683771007794e-05
965	32	0	203	1	1	0	258292	257990	-0.11692193331578214	0.0012021981608831413	0.001819645982066808	0.0011692193331578214
971	32	3	139	3	3	0	187524	187418	-0.05652609799279026	0.0014727095357011375	0.0014184851005737931	0.0007199078517949703
972	32	3	149	3	3	0	187169	187113	-0.029919484530023667	0.001553330064583774	0.0016135150585834192	0.0002885093151109425
985	32	0	193	1	1	0	258283	258314	0.012002338520150377	0.0008626678994010572	0.0009137264163727384	0.00012002338520150378
1004	32	0	195	1	1	0	258293	258316	0.008904616075542117	0.0009940954374042397	0.0010298382069974796	8.904616075542117e-05
1018	32	0	185	1	1	0	258284	258121	-0.06310882594353502	0.00080325164702336	0.0012157160335134968	0.0006310882594353502
1030	32	0	189	1	1	0	258299	258318	0.0073558163213949725	0.0008369477653739822	0.0008130112776278653	7.355816321394972e-05
1047	32	0	213	1	1	0	258303	258142	-0.062329899381733854	0.0011981004527604785	0.0013201550117497667	0.0006232989938173385
1061	32	0	185	1	1	0	258284	258310	0.010066438494060801	0.0009544484831352998	0.0009253380000309736	0.00010066438494060802
1073	32	0	205	1	1	0	258290	258314	0.009291881218785087	0.000668048012584144	0.0007588369662007821	9.291881218785086e-05
1085	32	1	3347	40	40	0	4463676	4457183	-0.14546306676380633	0.0005155702179410098	0.0015001088788702407	7.787863635263847e-05
1090	32	0	191	1	1	0	258276	258308	0.012389846520776224	0.0008245040597750205	0.0008324428131146525	0.00012389846520776223
1110	32	2	105	3	3	0	133022	132750	-0.20447745485709132	0.0022746931033114865	0.003473109711175595	0.0014233234602797533
1111	32	2	105	3	3	0	136634	136692	0.04244917077740533	0.0011087974396860757	0.0011636927851047323	0.0002585983966899405
1112	32	2	109	3	3	0	153441	153548	0.06973364355028969	0.0011533872512500475	0.0013490527303654173	0.0005148558729413911
1113	32	2	109	3	3	0	150492	150601	0.07242909922122107	0.001352963933444461	0.001541610185259017	0.0003167388742701716
1114	32	2	141	2	2	0	185613	186098	0.2612963531649184	0.000933982243720069	0.002860791000630344	0.001306481765824592
1115	32	2	185	3	3	0	266419	266798	0.1422571213014087	0.0010441045744538262	0.002056910355492664	0.0006080647401273932
1116	32	2	149	2	2	0	184890	184298	-0.32019038347125317	0.010022997185136847	0.008994537292444156	0.0016036562280274758
1117	32	2	199	5	5	0	258996	259498	0.1938253872646682	0.0008193703503724896	0.0021428902376870685	0.00038301749833974266
1118	32	2	189	5	5	0	259007	258876	-0.05057778361202593	0.0008508074082884005	0.0009304767824807824	0.00033975915708841847
1119	32	2	167	5	4	-1	237361	237503	0.05982448675224658	0.00137736506975937	0.0011922767430201254	0.0002477239310585985
1120	32	2	173	5	5	0	258767	258149	-0.23882488879957645	0.0025930265740782593	0.0032268411350751835	0.0009197463355064594
1121	32	2	191	4	4	0	258609	257910	-0.27029221720821783	0.0025072020169351434	0.0038165725090774103	0.0013330935891635635
1122	32	2	189	4	4	0	258617	258515	-0.039440562685360975	0.0012798334727749249	0.0014500206869618006	0.00022426986625009184
1123	32	2	185	5	5	0	258075	258274	0.07710936743194807	0.005707596618204932	0.0064671122735638865	0.0024279763634602347
1124	32	2	197	4	4	0	254893	254710	-0.07179483155677088	0.009468005963729537	0.009490256695946928	0.0006649849152389434
1125	32	2	77	1	1	0	110737	111001	0.23840270189728818	0.0015072749750212552	0.003648283771458501	0.002384027018972882
1126	32	2	177	3	3	0	224020	223918	-0.045531648959914295	0.009338575762425319	0.009548254620123204	0.006195875368270691
1127	32	2	151	3	3	0	198909	198695	-0.10758688646567023	0.011999652750814705	0.012955673197291224	0.008275140893574449
1128	32	2	281	7	7	0	388740	388956	0.055564130267016516	0.0007548715608247781	0.0007717240314863404	0.0002796580895052881
1129	32	2	279	7	7	0	388718	388646	-0.018522424997041556	0.0008136727398259437	0.000900395659578409	0.0002936392375523056
1130	32	2	151	2	2	0	184751	184962	0.1142077715411554	0.0012918372790933273	0.0014884899134510773	0.0005710388577057769
1132	32	3	251	5	5	0	323241	322655	-0.18128888352653283	0.0018682015926494236	0.0023697488870533133	0.0006428639931196846
1141	32	0	237	1	1	0	322850	322721	-0.03995663620876568	0.0010086269896676643	0.0009942697847297507	0.0003995663620876568
1155	32	0	225	1	1	0	258286	258137	-0.057687989283197696	0.0007840695815886749	0.0011150430143329487	0.000576879892831977
1172	32	0	211	1	1	0	258285	258311	0.010066399519910178	0.00082509318758783	0.0009098476489149583	0.00010066399519910177
1180	32	3	183	4	4	0	248920	249305	0.1546681664791901	0.001269636450976008	0.0019805560019283304	0.00038064438373774706
1182	32	3	201	4	4	0	249020	249134	0.045779455465424466	0.0012042469108655381	0.0014978716568950286	0.00031925146574572323
1187	32	3	177	4	4	0	249769	250180	0.1645520460905877	0.0012888761241928433	0.0019377905184390376	0.0004033727163899443
1192	32	0	201	1	1	0	258285	258306	0.008130553458388989	0.0009490310509946589	0.0009214627252840855	8.130553458388989e-05
1196	32	3	189	4	4	0	243268	244025	0.3111794399592219	0.0008689583642070461	0.003469424667444958	0.0007728102339806304
1197	32	3	127	3	3	0	169585	169759	0.10260341421705929	0.001813890576499141	0.0015036707255948344	0.0008687875303436823
1203	32	3	91	2	2	0	122063	121932	-0.1073216289948633	0.0019083930593470886	0.002441362247364066	0.001613920680304433
1204	32	3	97	2	2	0	127878	128237	0.2807363268114922	0.0014284564467464352	0.003620638420995011	0.001403681634057461
1205	32	3	91	2	2	0	121127	121027	-0.08255797633888398	0.0022656061011643728	0.002262088551685421	0.0010072073113343845
1207	32	3	103	2	2	0	127680	127736	0.043859649122807015	0.0033518041322068873	0.0036340852130325816	0.0020324248120300752
1210	32	3	95	2	2	0	121767	121807	0.03284962263995992	0.001959437299205752	0.002061313820657485	0.0009115770282588879
1211	32	3	91	2	2	0	127941	128268	0.2555865594297371	0.0015588766833450481	0.0033452919705176604	0.0012740247457812585
1212	32	3	97	2	2	0	118748	118781	0.027789941725334322	0.00211890676272279	0.002054771448782295	0.0001305285141644491
1214	32	3	95	2	2	0	127974	128477	0.39304858799443637	0.0012259853225080703	0.004547798771625486	0.001965242939972182
1215	32	3	95	2	2	0	121479	121535	0.04609850262185234	0.00260856419242347	0.0023378526329653686	0.0007696803562755703
1216	32	3	89	2	2	0	122280	122480	0.16355904481517827	0.0015745362390649936	0.0029031730454694145	0.000813706247955512
1217	32	3	83	2	2	0	117270	116768	-0.42807197066598446	0.0013274377501982096	0.005141980046047582	0.0021446235183763965
1219	32	3	91	2	2	0	121503	121707	0.1678970889607664	0.0018985428035274378	0.0032427182867912725	0.001176925672617137
1220	32	3	91	2	2	0	127875	128028	0.11964809384164223	0.002227112342635459	0.0033548387096774194	0.0005865102639296188
1221	32	3	91	2	2	0	121694	122022	0.2695284894900324	0.0014083443830393667	0.003459496770588525	0.0013435337814518382
1222	32	3	91	2	2	0	121117	120513	-0.49869134803537074	0.009118735219739212	0.01041142036212918	0.0024934567401768536
1224	32	3	85	2	2	0	122461	122425	-0.029397114183291006	0.0017916622955998893	0.0020006369374739714	0.0014249434513845223
1225	32	3	85	2	2	0	127863	127643	-0.17205915706654779	0.003120726449171393	0.0022836942665196342	0.0018496359384653888
1226	32	3	95	2	2	0	117629	117524	-0.08926370197825366	0.001773604095340714	0.002448375825689243	0.00044631850989126833
1227	32	3	85	2	2	0	117450	117474	0.020434227330779056	0.01433453680606829	0.014414644529587059	0.0015879097488292891
1228	32	3	127	3	3	0	164617	163817	-0.4859765394825565	0.004164540781818022	0.00546723606917876	0.0016199217982751882
1229	32	3	85	2	2	0	128246	128029	-0.16920605710899364	0.002655565378045008	0.0037350092790418414	0.0013021848634655272
1230	32	3	89	2	2	0	122104	121556	-0.4487977461835812	0.003363296751736956	0.006003079342200092	0.0022480836008648367
1231	32	3	83	2	2	0	121585	121431	-0.12666036106427603	0.002056506170361124	0.0025496566188263356	0.0011391207797014434
1232	32	3	213	5	5	0	275257	275764	0.18419150103357954	0.0017806974286689158	0.0030734913190218595	0.0007992530616841714
1233	32	3	99	2	2	0	128090	128148	0.04528066203450699	0.00229094605127518	0.0021000858771176517	0.0009641658209071746
1234	32	3	97	2	2	0	122166	122195	0.023738192295728763	0.002070393289446079	0.0019399833014095574	0.001457033871944731
1235	32	3	91	2	2	0	127603	127685	0.06426181202636301	0.0024708844315859636	0.002766392639671481	0.0017750366370696616
1236	32	3	103	2	2	0	127559	127388	-0.13405561348082065	0.0023990554076047687	0.00188932180402794	0.0010700930549784806
1237	32	3	95	2	2	0	121259	121614	0.29276177438375706	0.0015959648009211032	0.0036533370718874474	0.0014638088719187855
1238	32	3	143	3	3	0	175390	175428	0.021666001482410626	0.001751834594662645	0.0016078453731683676	0.0007298021551969896
1239	32	3	99	2	2	0	127100	127446	0.27222659323367426	0.001522124802231847	0.0032022029897718334	0.0013493312352478365
1240	32	3	91	2	2	0	126166	126423	0.20369988744986764	0.013414898134450284	0.012737187514861373	0.0010184994372493383
1241	32	3	165	4	4	0	232841	232417	-0.18209851357793516	0.014216862987232447	0.013605851203181571	0.0019047332729201472
1262	32	3	103	2	2	0	122414	122131	-0.23118270786021206	0.0017959357585751417	0.00352083911970853	0.0011599980394399335
1263	32	3	91	2	2	0	128172	127907	-0.20675342508504196	0.003141865827028983	0.0026136753737165683	0.0027424086383921607
1264	32	3	101	2	2	0	127493	127518	0.01960891970539559	0.0013965124531946152	0.0015530264406673309	0.0002156981167593515
1265	32	3	85	2	2	0	115288	115467	0.15526334050378182	0.0034168740532652233	0.0037211158143085144	0.0007763167025189091
1266	32	3	137	3	3	0	154328	154428	0.06479705562179254	0.001231399505615199	0.001529210512674304	0.0003866224318766955
1267	32	3	93	2	2	0	127905	127417	-0.3815331691489778	0.0024523774597498367	0.005496266760486299	0.0019272116023611274
1270	32	0	195	1	1	0	258288	258309	0.008130459022486526	0.0005722897747422618	0.0006504367217989222	8.130459022486527e-05
1272	32	3	101	2	2	0	127721	128049	0.25680976503472414	0.0022005526338681725	0.0027481776685118345	0.0012801340421700425
1273	32	3	91	2	2	0	127500	127296	-0.16	0.0036129336349924584	0.004086274509803921	0.0019058823529411765
1274	32	3	89	2	2	0	121478	121719	0.1983898319037192	0.0020936560742616794	0.0031363703715899176	0.0016505046181201533
1275	32	3	79	2	2	0	112768	112443	-0.2882023269012486	0.009623308698503344	0.008947573779795687	0.0014454455164585698
1276	32	3	145	3	3	0	185250	185296	0.024831309041835357	0.002912464293917127	0.0028502024291497978	0.00020332883490778225
1277	32	3	143	3	3	0	184073	184447	0.2031802600055413	0.0066110055901880726	0.0060628120365289855	0.0006754566575941791
1278	32	3	139	3	3	0	184553	184678	0.06773122084170943	0.004681116795002961	0.004491934566222169	0.0003720701731571238
1296	32	0	187	1	1	0	258292	258315	0.008904650550539699	0.0007914985094405033	0.000844006008703328	8.9046505505397e-05
1318	32	0	191	1	1	0	258281	258146	-0.05226865313360255	0.0007564326633885987	0.0009369640043208753	0.0005226865313360255
1341	32	0	181	1	1	0	258284	258146	-0.053429558160784256	0.0013337964562917303	0.0016493472301807313	0.0005342955816078426
1363	32	0	207	1	1	0	258275	258310	0.013551447100958281	0.0006922998492457064	0.0006853160391056044	0.0001355144710095828
1377	32	0	189	1	1	0	258287	258312	0.009679155358186824	0.0008339790806906002	0.0009253272522426603	9.679155358186823e-05
1388	32	0	203	1	1	0	258279	258309	0.011615346195393353	0.000948646996458192	0.0010298940293248773	0.00011615346195393353
1405	32	0	191	1	1	0	258298	258311	0.0050329464417068655	0.0005828801856753871	0.0005574956058506066	5.032946441706866e-05
1419	32	0	197	1	1	0	258290	258313	0.008904719501335707	0.0007814178950048102	0.0008091679894692013	8.904719501335708e-05
1431	32	1	3213	47	46	-1	4334696	4335624	0.021408652417608986	0.0002455443429112994	0.000420329361044004	5.380141213073463e-05
1435	32	0	199	1	1	0	258281	258310	0.011228081043514622	0.0012444500531930936	0.0012505759231224906	0.00011228081043514621
1448	32	0	195	1	1	0	258290	258313	0.008904719501335707	0.0008995041148196105	0.0009253165047040148	8.904719501335708e-05
1468	32	2	103	3	3	0	135064	135089	0.018509743528993663	0.0012167674478823927	0.0013623171237339335	0.0001826294694860708
1469	32	2	85	3	3	0	126934	126979	0.03545149447744497	0.0013995141231210732	0.001599256306426962	0.0001181716482581499
1470	32	2	53	2	2	0	64962	65034	0.11083402604599613	0.0016269001410631144	0.0018472337674332686	0.00053877651550137
1471	32	2	127	2	2	0	182065	181773	-0.1603822810534699	0.0014769268053974566	0.0016093153544063934	0.0008101502210748909
1472	32	2	127	2	2	0	182659	183172	0.2808512036089106	0.0016026533864884097	0.0030603474233407606	0.0013878319710498798
1473	32	2	133	2	2	0	181772	181436	-0.1848469511255859	0.00883459393946099	0.00875272319169069	0.0009324868516603217
1474	32	2	133	2	2	0	181505	181670	0.0909065865954106	0.010931725725161084	0.010991432742899645	0.0008429519847938074
1475	32	2	109	2	2	0	131630	131428	-0.1534604573425511	0.0015114324886245198	0.0025602066398237484	0.0007711008128846008
1476	32	2	85	2	2	0	104717	104646	-0.06780178958526314	0.002467387850205112	0.0025210806268323193	0.0003772071392419569
1477	32	2	161	4	4	0	214960	215380	0.19538518794194268	0.001141236408120277	0.002558615556382583	0.0004849739486416077
1478	32	2	173	5	4	-1	251170	251643	0.18831866863080782	0.0010740804196693757	0.002102161882390413	0.00047537524385874114
1479	32	2	143	3	3	0	188911	188573	-0.17892023227869208	0.0015482267974842492	0.0028637824160583553	0.0011204570759069967
1480	32	2	105	3	4	1	153733	153470	-0.17107582627022175	0.0012814140608066937	0.0024132749637358277	0.0006309640740764833
1481	32	2	179	4	4	0	238580	239055	0.19909464330622853	0.0008363913783465082	0.0024561991784726295	0.0005553692681700058
1482	32	2	169	5	5	0	239025	238912	-0.04727538960359795	0.0008543045489936137	0.001234180525049681	0.00017487710490534465
1483	32	2	55	3	2	-1	78357	78499	0.18122184361320623	0.001317069246203608	0.0027949002641755043	0.0006040728120440207
1484	32	2	201	4	4	0	250785	251227	0.17624658572083657	0.00133143600411882	0.002141276392128716	0.0006948182706302212
1485	32	2	193	4	5	1	250629	250840	0.08418818253274761	0.001337596765682814	0.002114679466462381	0.0003052320361969285
1486	32	2	61	2	2	0	89877	89746	-0.14575475371897148	0.0035069921826304793	0.003849705708913293	0.0021140002447789757
1487	32	2	85	2	2	0	120178	120433	0.2121852585331758	0.0014621675126993065	0.0023298773485995773	0.0010567657974005227
1488	32	2	135	3	3	0	189818	190185	0.19334309707193206	0.0015763333397545677	0.0032452138364117205	0.0008903265233012675
1489	32	2	79	2	2	0	111015	111249	0.2107823267126064	0.001470036487313488	0.0029905868576318518	0.0010358960500833222
1490	32	2	23	1	1	0	32833	32858	0.07614290500411172	0.0028579307130505486	0.002710687418146377	0.0007614290500411172
1491	32	2	95	2	3	1	123792	123343	-0.3627051828874241	0.017778577109228828	0.01790099521778467	0.002835401318340442
1492	32	2	281	4	4	0	369875	369109	-0.20709699222710376	0.0048781015239322085	0.004682663061845218	0.001868198715782359
1502	32	0	189	1	1	0	258286	258157	-0.04994463501699666	0.0009845658437365613	0.0011847332027287581	0.0004994463501699667
1503	32	2	287	4	4	0	372419	372256	-0.04376790657834321	0.0038325381877073253	0.0035148582644816727	0.0018634924641331404
1519	32	0	207	1	1	0	258286	258313	0.010453528259371394	0.0008570674292768248	0.0008207955522173095	0.00010453528259371395
1532	32	3	121	3	3	0	162453	162341	-0.0689430173650225	0.0029739378497622053	0.0030039457566188375	0.0015943072765661453
1533	32	3	73	2	2	0	106080	106012	-0.0641025641025641	0.0023756321248586277	0.002828054298642534	0.0011217948717948717
1535	32	3	85	2	2	0	111586	111432	-0.13801014464180095	0.014268798806710802	0.014150520674636603	0.0013442546556019573
1536	32	3	63	2	2	0	95276	95305	0.03043788572148285	0.0030451313722713092	0.00322221755741215	0.0009026407489819053
1537	32	3	125	3	3	0	162202	162794	0.36497700398268823	0.0019010380583568019	0.004802653481461388	0.0012124799118794262
1539	32	3	119	3	3	0	158597	159025	0.26986639091533887	0.002040294067085269	0.00411104875880376	0.0015826276663493007
1540	32	3	77	2	2	0	94835	94815	-0.02108926029419518	0.0026687823321844256	0.0025201666051563243	0.0017714978647123954
1542	32	3	157	4	3	-1	195919	196528	0.3108427462369653	0.0019512045635904699	0.0040731118472429936	0.0011012204023091176
1543	32	3	81	2	2	0	105677	105545	-0.12490892057874467	0.0019757116973825326	0.0026022691787238473	0.0007664865580968422
1548	32	0	205	1	1	0	258282	258310	0.010840863861980316	0.0007224339758590983	0.0007588604703386221	0.00010840863861980317
1552	32	3	75	2	2	0	114107	114326	0.191925122910952	0.001712512712497481	0.0021032890182022135	0.0010428808048585977
1553	32	3	81	2	2	0	106026	105845	-0.17071284401939146	0.002960128491127224	0.0034897100711146324	0.0008535642200969574
1554	32	3	79	2	2	0	105707	105699	-0.007568089152090212	0.0024292887585555542	0.002450168862989206	0.00020812245168248084
1555	32	3	139	3	3	0	179581	179348	-0.12974646538330892	0.0018909837112902597	0.001748514597869485	0.0008130036028310344
1563	32	3	109	3	3	0	149721	149848	0.08482444012529973	0.0020757846866718372	0.0024913004855698266	0.0011154079921988232
1564	32	3	119	3	3	0	156842	155964	-0.5597990334221701	0.0032362337692107383	0.005814769003200673	0.0018702473402107428
1566	32	3	93	3	3	0	149842	150104	0.17485084288784186	0.0011342271056522483	0.0024025306656344685	0.0005806115775283298
1567	32	3	127	3	3	0	157107	157429	0.20495585810944134	0.0018715018648836144	0.0023550828416302265	0.000678942801190696
1570	32	3	115	3	3	0	156618	157131	0.3275485576370532	0.0016966876658888335	0.0037798975852073196	0.0012301693717622919
1571	32	3	83	2	2	0	105340	105321	-0.018036833111828365	0.0031017459228728336	0.0031137269793051073	0.0008876020505031327
1573	32	3	149	4	4	0	200647	200340	-0.15300502873205182	0.0015060214517705385	0.0026863097878363495	0.0004647465449271606
1574	32	3	101	2	2	0	115979	116217	0.20520956380034316	0.002432195206101934	0.002112451392062356	0.0010432923201614086
1575	32	3	137	3	3	0	189075	189548	0.25016527832870555	0.001232087616266243	0.003088721406849134	0.0008338842610956851
1577	32	3	129	3	3	0	157773	158012	0.15148346041464636	0.0024709625592469007	0.0036001090173857376	0.0011852471588928396
1578	32	3	121	3	3	0	194059	193665	-0.20303103695267935	0.01107530835407536	0.01076992048809898	0.0006784878138435561
1580	32	3	165	4	4	0	201264	201990	0.360720248032435	0.0015101346951989403	0.0037016058510215438	0.0008906212735511566
1583	32	0	237	1	1	0	322849	322893	0.01362866231581947	0.0007769729865455266	0.0007526738506236662	0.0001362866231581947
1584	32	3	79	2	2	0	105723	106082	0.3395666032935123	0.0018827119455173526	0.004578001002620054	0.001693103676588822
1585	32	3	145	4	4	0	198696	198473	-0.11223175101662841	0.001427640026367187	0.0021993396948101623	0.0007020775455972944
1586	32	3	73	2	2	0	95292	95415	0.12907694245057297	0.0014293467828352055	0.0018994249254921714	0.0006453847122528648
1587	32	3	71	2	2	0	94158	93276	-0.9367233798508889	0.004226300309712878	0.010397417107415196	0.004683616899254444
1588	32	3	77	2	2	0	106043	106255	0.19991890082325095	0.001664792477817833	0.0029327725545297664	0.0010325999830257536
1589	32	3	141	4	4	0	199390	199320	-0.03510707658357992	0.0019524082869770661	0.0020763328150860123	0.0005479211595365866
1590	32	3	75	2	2	0	105743	105801	0.05484996642803779	0.0019411551619267038	0.0021088866402504186	0.0010497148747434818
