campaign	cell	workload	distribution	mode	point	ops_per_sec	micros_per_op	filter_per_lookup	filter_probes	positive_lookup_pct	gets	found_keys	bloom_useful	bloom_full_positive	bloom_true_positive	filter_block_miss	filter_block_hit	p50_us	p99_us	p999_us	sst_read_count	compact_write_GB	run_seconds	drain_seconds	total_seconds_incl_drain	elapsed_sec	fixed_ops	copy_mode	dropped_caches	cache_GiB	num_keys	source_ssts	source_db	finished_at
big4_20260916_ycsbc_base	E1-10KB_baseline__workloadc	workloadc	zipfian	baseline	E1-10KB	1040752	46.120	5.106	1594400345	60.29	312243914	188255786	1394220691	200179654	188255786	146238	1594254107	103.19	169.86	406.58	87898729	0.00	300.0		300.0	313.4		hardlink	False	50	1048576000	130732	/work/vcomp/exp/eval_20260909_night1/E1-10KB_baseline	2026-09-16T06:53:20.302816+00:00
big4_20260916_ycsbc_base	E2-8T_baseline__workloadc	workloadc	zipfian	baseline	E2-8T	1210235	39.659	4.473	1624084713	65.43	363120944	237589259	1375630091	248454622	237589259	106805	1623977908	76.13	166.87	197.72	103593177	0.00	300.0		300.0	311.0		hardlink	False	50	8388608000	102295	/work/vcomp/exp/eval_20260909_night1/E2-8T_baseline	2026-09-16T06:58:37.299268+00:00
big4_20260916_ycsbc_nobitmap	E1-10KB_f2load__workloadc	workloadc	zipfian	f2load	E1-10KB	1174231	40.877	4.504	1586549349	63.81	352292354	224808330	1349821725	236727624	224808330	137115	1586412234	88.66	161.07	247.94	99040978	0.00	300.0		300.0	305.8		hardlink	False	50	1048576000	130232	/work/vcomp/exp/nobitmap_remaining_20260914_run1/E1-10KB_f2load	2026-09-16T07:03:51.223123+00:00
big4_20260916_ycsbc_nobitmap	E2-8T_f2load__workloadc	workloadc	zipfian	f2load	E2-8T	1177148	40.774	5.097	1800194449	63.78	353192857	225259055	1561283159	238911290	225259055	109788	1800084661	69.04	109.37	159.84	101341517	0.00	300.0		300.0	305.8		hardlink	False	50	8388608000	104674	/work/vcomp/exp/nobitmap_remaining_20260914_run1/E2-8T_f2load	2026-09-16T07:09:02.982335+00:00
deepfirst_20260916_ycsbc	u100-deep_f2load__workloadc	workloadc	zipfian	f2load	u100-deep	1011258	47.462	3.988	1210185523	99.40	303424042	301616642	901499812	308685711	301616642	17810	1210167713	71.75	116.43	243.76	113911833	0.00	300.0		300.0	305.0		hardlink	False	50	1048576000	17754	/work/vcomp/exp/deepfirst_20260915/u100-deep_f2load	2026-09-15T16:43:48.837260+00:00
eval_20260912_f2ycsb	E1-100B_f2load__workloada	workloada		f2load	E1-100B	1258969	38.125	3.870	730969162	87.99	188861280	166172573	639808349	91160813	84921334	4987	730967572	65.71	157.62	530.49	41902690	115.35				304.0				50	1048576000	1399	/work/vcomp/exp/eval_20260909_night1/E1-100B_f2load	2026-09-12T09:33:33.651644+00:00
eval_20260912_f2ycsb	E1-100B_f2load__workloadb	workloadb		f2load	E1-100B	1444387	33.230	2.482	1021819216	84.19	411698283	346621858	836205336	185613880	177461711	2018	1021817618	31.05	94.47	163.67	44231656	14.35				304.6				50	1048576000	1399	/work/vcomp/exp/eval_20260909_night1/E1-100B_f2load	2026-09-12T09:38:38.290505+00:00
eval_20260912_f2ycsb	E1-100B_f2load__workloadc	workloadc		f2load	E1-100B	2572120	18.661	2.422	1869435059	67.38	771725971	519959105	1339275018	530160041	519959105	1611	1869433448	69.74	122.13	391.48	71225143	0.00				304.3				50	1048576000	1399	/work/vcomp/exp/eval_20260909_night1/E1-100B_f2load	2026-09-12T09:43:42.649288+00:00
eval_20260912_f2ycsb	E1-100B_f2load__workloadd	workloadd		f2load	E1-100B	5530922	8.678	0.668	1053647827	93.41	1576481137	1472664444	505107036	548540791	543608017	1765	1053646253	37.02	108.59	148.69	51370389	1.12				304.4				50	1048576000	1399	/work/vcomp/exp/eval_20260909_night1/E1-100B_f2load	2026-09-12T09:48:47.082151+00:00
eval_20260912_f2ycsb	E1-100B_f2load__workloade	workloade		f2load	E1-100B	483443	99.283						0	0	0	44	0	69.89	109.80	294.46	82325115	1.12				304.2				50	1048576000	1399	/work/vcomp/exp/eval_20260909_night1/E1-100B_f2load	2026-09-12T09:53:51.305782+00:00
eval_20260912_f2ycsb	E1-100B_f2load__workloadf	workloadf		f2load	E1-100B	930645	51.575	3.686	1029178082	87.42	279219498	244086538	895308418	133869664	125134697	3995	1029176477	60.02	153.68	547.19	49808890	83.93				304.4				50	1048576000	1399	/work/vcomp/exp/eval_20260909_night1/E1-100B_f2load	2026-09-12T09:58:55.771363+00:00
eval_20260912_f2ycsb	E1-10KB_f2load__workloada	workloada		f2load	E1-10KB	83435	575.271	6.673	83549047	83.23	12519734	10420684	76562702	6986345	6255345	145484	83428637	94.80	822.97	1551.02	7171449	1179.05				309.5				50	1048576000	120566	/work/vcomp/exp/eval_20260909_night1/E1-10KB_f2load	2026-09-12T11:05:35.501102+00:00
eval_20260912_f2ycsb	E1-10KB_f2load__workloadb	workloadb		f2load	E1-10KB	492735	97.414	6.804	955578307	82.39	140436756	115707677	872063379	83514928	75203752	144775	955451246	90.23	513.85	956.13	50999707	804.95				309.1				50	1048576000	120566	/work/vcomp/exp/eval_20260909_night1/E1-10KB_f2load	2026-09-12T11:10:51.707096+00:00
eval_20260912_f2ycsb	E1-10KB_f2load__workloadc	workloadc		f2load	E1-10KB	1257451	38.170	3.493	1317662673	65.29	377279556	246333288	1055615301	262047372	246333288	130432	1317532241	94.66	169.53	556.04	102744372	0.00				308.3				50	1048576000	120566	/work/vcomp/exp/eval_20260909_night1/E1-10KB_f2load	2026-09-12T11:16:06.969130+00:00
eval_20260912_f2ycsb	E1-10KB_f2load__workloadd	workloadd		f2load	E1-10KB	918308	52.266	1.180	308981736	90.02	261750504	235633833	193954216	115027520	113228500	174269	308810245	87.85	192.01	543.34	77120671	38.11				308.6				50	1048576000	120566	/work/vcomp/exp/eval_20260909_night1/E1-10KB_f2load	2026-09-12T11:21:22.365922+00:00
eval_20260912_f2ycsb	E1-10KB_f2load__workloade	workloade		f2load	E1-10KB	41333	1161.160						0	0	0	142	0	117.50	537.00	537.00	91442454	1.15				308.4				50	1048576000	120566	/work/vcomp/exp/eval_20260909_night1/E1-10KB_f2load	2026-09-12T11:26:37.656556+00:00
eval_20260912_f2ycsb	E1-10KB_f2load__workloadf	workloadf		f2load	E1-10KB	80654	595.042	7.418	179570004	83.18	24208214	20136857	165775219	13794785	12208759	146263	179448270	93.12	625.99	1147.75	13183255	1147.69				309.0				50	1048576000	120566	/work/vcomp/exp/eval_20260909_night1/E1-10KB_f2load	2026-09-12T11:31:53.506064+00:00
eval_20260912_f2ycsb	E1-500B_f2load__workloada	workloada		f2load	E1-500B	991778	48.394	5.956	886225293	87.47	148784290	130140266	804625053	81600240	73758299	20011	886219273	72.47	378.86	808.89	59196230	555.01				304.1				50	1048576000	5979	/work/vcomp/exp/eval_20260909_night1/E1-500B_f2load	2026-09-12T10:04:00.126575+00:00
eval_20260912_f2ycsb	E1-500B_f2load__workloadb	workloadb		f2load	E1-500B	1144501	41.936	3.411	1112797086	83.72	326228116	273103529	945912616	166884470	157673777	8493	1112791061	55.47	114.18	399.39	75196293	81.26				304.4				50	1048576000	5979	/work/vcomp/exp/eval_20260909_night1/E1-500B_f2load	2026-09-12T10:09:04.862278+00:00
eval_20260912_f2ycsb	E1-500B_f2load__workloadc	workloadc		f2load	E1-500B	1714831	27.990	3.044	1566126304	62.12	514509332	319611944	1234934052	331192252	319611944	6028	1566120276	69.61	109.61	168.94	105612123	0.00				304.4				50	1048576000	5979	/work/vcomp/exp/eval_20260909_night1/E1-500B_f2load	2026-09-12T10:14:09.554444+00:00
eval_20260912_f2ycsb	E1-500B_f2load__workloadd	workloadd		f2load	E1-500B	3363921	14.268	0.832	798044826	92.49	958818883	886814707	410810794	387234032	383228733	6466	798038813	36.70	109.21	310.21	101882839	1.21				304.4				50	1048576000	5979	/work/vcomp/exp/eval_20260909_night1/E1-500B_f2load	2026-09-12T10:19:14.196478+00:00
eval_20260912_f2ycsb	E1-500B_f2load__workloade	workloade		f2load	E1-500B	192880	248.845						0	0	0	58	0	60.22	444.80	742.98	130451171	1.08				304.1				50	1048576000	5979	/work/vcomp/exp/eval_20260909_night1/E1-500B_f2load	2026-09-12T10:24:18.592552+00:00
eval_20260912_f2ycsb	E1-500B_f2load__workloadf	workloadf		f2load	E1-500B	703893	68.190	4.962	1047920077	86.83	211185930	183369820	934220826	113699251	104593993	17191	1047914044	70.77	299.00	701.29	78006236	429.91				304.5				50	1048576000	5979	/work/vcomp/exp/eval_20260909_night1/E1-500B_f2load	2026-09-12T10:29:23.368030+00:00
eval_20260912_f2ycsb	E1-5KB_f2load__workloada	workloada		f2load	E1-5KB	159186	301.521	7.091	169361194	84.24	23883850	20120099	155928200	13432994	11925854	84052	169301177	82.68	571.09	1055.83	12563109	1098.04				305.9				50	1048576000	60054	/work/vcomp/exp/eval_20260909_night1/E1-5KB_f2load	2026-09-12T10:34:32.164669+00:00
eval_20260912_f2ycsb	E1-5KB_f2load__workloadb	workloadb		f2load	E1-5KB	702416	68.329	5.595	1120273345	82.90	200217274	165971072	1003085600	117187745	107529766	73476	1120212762	73.92	404.50	844.85	67073866	578.74				306.6				50	1048576000	60054	/work/vcomp/exp/eval_20260909_night1/E1-5KB_f2load	2026-09-12T10:39:42.069831+00:00
eval_20260912_f2ycsb	E1-5KB_f2load__workloadc	workloadc		f2load	E1-5KB	1505707	31.878	2.811	1269800261	56.68	451744070	256068338	1005605100	264195161	256068338	60709	1269739552	71.81	152.01	563.06	112773496	0.00				305.8				50	1048576000	60054	/work/vcomp/exp/eval_20260909_night1/E1-5KB_f2load	2026-09-12T10:44:51.111697+00:00
eval_20260912_f2ycsb	E1-5KB_f2load__workloadd	workloadd		f2load	E1-5KB	1403102	34.208	1.020	407989663	90.88	399926441	363466697	231047838	176941825	174717805	64664	407926983	70.58	161.88	444.43	105999504	16.32				306.5				50	1048576000	60054	/work/vcomp/exp/eval_20260909_night1/E1-5KB_f2load	2026-09-12T10:50:00.813863+00:00
eval_20260912_f2ycsb	E1-5KB_f2load__workloade	workloade		f2load	E1-5KB	54401	882.262						0	0	0	179	0	99.54	715.00	715.00	100281515	4.30				306.1				50	1048576000	60054	/work/vcomp/exp/eval_20260909_night1/E1-5KB_f2load	2026-09-12T10:55:10.083633+00:00
eval_20260912_f2ycsb	E1-5KB_f2load__workloadf	workloadf		f2load	E1-5KB	151479	316.865	7.979	362624228	84.15	45447912	38245066	336392244	26231984	22981574	82624	362564036	81.17	544.58	863.07	23696229	1024.96				306.1				50	1048576000	60054	/work/vcomp/exp/eval_20260909_night1/E1-5KB_f2load	2026-09-12T11:00:19.297232+00:00
eval_20260912_f2ycsb	E7-lz4_f2load__workloada	workloada		f2load	E7-lz4	687399	69.823	9.003	928348136	86.82	103120327	89524329	867249756	61098380	52645344	22939	928341263	76.35	514.49	903.75	46928060	786.53				304.0				50	1048576000	6838	/work/vcomp/exp/eval_20260909_night1/E7-lz4_f2load	2026-09-12T11:36:58.652507+00:00
eval_20260912_f2ycsb	E7-lz4_f2load__workloadb	workloadb		f2load	E7-lz4	1023553	46.893	3.999	1166587197	83.57	291747147	243825167	1008438584	158148613	148343120	13219	1166580321	69.37	483.01	1064.23	77669965	278.45				304.5				50	1048576000	6838	/work/vcomp/exp/eval_20260909_night1/E7-lz4_f2load	2026-09-12T11:42:03.597334+00:00
eval_20260912_f2ycsb	E7-lz4_f2load__workloadc	workloadc		f2load	E7-lz4	1683397	28.511	3.033	1532218282	64.36	505100706	325069982	1197665952	334552330	325069982	6858	1532211424	66.85	120.90	290.74	113544707	0.00				304.1				50	1048576000	6838	/work/vcomp/exp/eval_20260909_night1/E7-lz4_f2load	2026-09-12T11:47:08.087592+00:00
eval_20260912_f2ycsb	E7-lz4_f2load__workloadd	workloadd		f2load	E7-lz4	2746288	17.477	0.888	695348135	92.13	782799393	721203491	359889563	335458572	331951680	7595	695341280	35.82	125.62	476.61	115108293	3.09				304.4				50	1048576000	6838	/work/vcomp/exp/eval_20260909_night1/E7-lz4_f2load	2026-09-12T11:52:12.784951+00:00
eval_20260912_f2ycsb	E7-lz4_f2load__workloade	workloade		f2load	E7-lz4	125820	381.472						0	0	0	35	0	68.14	299.40	807.00	126245056	0.26				304.6				50	1048576000	6838	/work/vcomp/exp/eval_20260909_night1/E7-lz4_f2load	2026-09-12T11:57:17.687520+00:00
eval_20260912_f2ycsb	E7-lz4_f2load__workloadf	workloadf		f2load	E7-lz4	578580	82.954	6.989	1213330228	86.51	173601640	150177527	1112816779	100513449	89669734	23171	1213323343	75.39	502.01	838.07	75067081	764.36				304.1				50	1048576000	6838	/work/vcomp/exp/eval_20260909_night1/E7-lz4_f2load	2026-09-12T12:02:22.118935+00:00
eval_20260912_f2ycsb	E7-zstd_f2load__workloada	workloada		f2load	E7-zstd	643528	74.586	8.948	863821815	86.70	96533145	83698867	806867821	56953994	49096860	22503	863815992	71.35	408.90	819.42	43818700	889.67				303.6				50	1048576000	5805	/work/vcomp/exp/eval_20260909_night1/E7-zstd_f2load	2026-09-12T12:07:26.044571+00:00
eval_20260912_f2ycsb	E7-zstd_f2load__workloadb	workloadb		f2load	E7-zstd	989827	48.491	3.999	1128269496	83.52	282131739	235644631	975525324	152744172	143264970	11942	1128263674	68.34	553.41	1196.17	74852319	308.71				304.5				50	1048576000	5805	/work/vcomp/exp/eval_20260909_night1/E7-zstd_f2load	2026-09-12T12:12:30.911912+00:00
eval_20260912_f2ycsb	E7-zstd_f2load__workloadc	workloadc		f2load	E7-zstd	1666536	28.800	2.931	1465529224	60.53	500024138	302678904	1153716403	311812821	302678904	5817	1465523407	65.97	109.36	187.94	112122764	0.00				304.1				50	1048576000	5805	/work/vcomp/exp/eval_20260909_night1/E7-zstd_f2load	2026-09-12T12:17:35.299607+00:00
eval_20260912_f2ycsb	E7-zstd_f2load__workloadd	workloadd		f2load	E7-zstd	2656866	18.065	0.820	620921946	92.06	757307992	697179650	297552735	323369211	320464270	7230	620916125	62.98	347.23	785.14	110984817	44.02				304.4				50	1048576000	5805	/work/vcomp/exp/eval_20260909_night1/E7-zstd_f2load	2026-09-12T12:22:40.015341+00:00
eval_20260912_f2ycsb	E7-zstd_f2load__workloade	workloade		f2load	E7-zstd	121769	394.163						0	0	0	863	0	57.50	841.97	2105.00	110450734	49.56				304.6				50	1048576000	5805	/work/vcomp/exp/eval_20260909_night1/E7-zstd_f2load	2026-09-12T12:27:44.866330+00:00
eval_20260912_f2ycsb	E7-zstd_f2load__workloadf	workloadf		f2load	E7-zstd	550311	87.218	7.826	1292103294	86.43	165112649	142700254	1195458582	96644712	85001377	20057	1292097472	73.30	515.97	1089.99	70422613	736.91				304.0				50	1048576000	5805	/work/vcomp/exp/eval_20260909_night1/E7-zstd_f2load	2026-09-12T12:32:49.172205+00:00
eval_20260912_f2ycsb	P0-r1_f2load__workloada	workloada		f2load	P0-r1	678630	70.728	8.849	900834783	86.75	101800287	88310029	840879372	59955411	51764652	30878	900822273	74.18	491.63	845.72	46380135	729.27				305.5				50	1048576000	12470	/work/vcomp/exp/eval_20260909_night1/P0-r1_f2load	2026-09-12T09:03:03.114679+00:00
eval_20260912_f2ycsb	P0-r1_f2load__workloadb	workloadb		f2load	P0-r1	1023589	46.890	4.090	1193322087	83.52	291761775	243690716	1035142229	158179858	148112249	16834	1193309583	65.09	159.82	599.12	77436088	151.98				304.7				50	1048576000	12470	/work/vcomp/exp/eval_20260909_night1/P0-r1_f2load	2026-09-12T09:08:08.546219+00:00
eval_20260912_f2ycsb	P0-r1_f2load__workloadc	workloadc		f2load	P0-r1	929071	51.662	3.682	1026225297	63.05	278750213	175741251	841878507	184346790	175741251	12481	1026212816	73.17	109.54	161.46	63213099	0.00				304.6				50	1048576000	12470	/work/vcomp/exp/eval_20260909_night1/P0-r1_f2load	2026-09-12T09:13:13.828239+00:00
eval_20260912_f2ycsb	P0-r1_f2load__workloadd	workloadd		f2load	P0-r1	2673872	17.950	1.015	773314630	92.11	762162017	702014408	446685958	326628672	322342363	13232	773302099	41.55	109.19	238.30	112201134	1.80				304.6				50	1048576000	12470	/work/vcomp/exp/eval_20260909_night1/P0-r1_f2load	2026-09-12T09:18:19.055347+00:00
eval_20260912_f2ycsb	P0-r1_f2load__workloade	workloade		f2load	P0-r1	109103	439.918						0	0	0	38	0	70.15	800.72	811.00	132174748	0.47				304.5				50	1048576000	12470	/work/vcomp/exp/eval_20260909_night1/P0-r1_f2load	2026-09-12T09:23:24.203736+00:00
eval_20260912_f2ycsb	P0-r1_f2load__workloadf	workloadf		f2load	P0-r1	563737	85.142	7.909	1337767870	86.42	169140351	146169023	1238730066	99037804	86974019	29037	1337755338	73.30	469.15	843.77	72349097	644.85				304.7				50	1048576000	12470	/work/vcomp/exp/eval_20260909_night1/P0-r1_f2load	2026-09-12T09:28:29.463973+00:00
eval_20260912_ycsb_af	E2-4T_baseline__workloada	workloada		baseline	E2-4T	570362	84.156	8.031	687149075	85.68	85558540	73302452	639289653	47859422	41635848	62367	687101205	75.09	505.94	825.09	38763611	824.07				308.3				50	4294967296	47740	/work/vcomp/exp/eval_20260909_night1/E2-4T_baseline	2026-09-11T22:26:49.218919+00:00
eval_20260912_ycsb_af	E2-4T_baseline__workloadb	workloadb		baseline	E2-4T	984408	48.757	4.111	1153456230	82.71	280591276	232090109	1005003094	148453136	138674576	51147	1153408314	68.65	164.46	553.03	78470814	181.90				308.0				50	4294967296	47740	/work/vcomp/exp/eval_20260909_night1/E2-4T_baseline	2026-09-11T22:31:59.886006+00:00
eval_20260912_ycsb_af	E2-4T_baseline__workloadc	workloadc		baseline	E2-4T	1279469	37.513	4.139	1588982168	62.59	383882039	240273681	1337504231	251477937	240273681	47934	1588934234	73.54	166.81	249.91	93221597	0.00				307.8				50	4294967296	47740	/work/vcomp/exp/eval_20260909_night1/E2-4T_baseline	2026-09-11T22:37:10.289943+00:00
eval_20260912_ycsb_af	E2-4T_baseline__workloadd	workloadd		baseline	E2-4T	2585993	18.561	0.963	709722825	83.85	737054949	618006740	436835615	272887210	268635500	49138	709674355	51.17	109.33	232.91	109362340	0.50				308.0				50	4294967296	47740	/work/vcomp/exp/eval_20260909_night1/E2-4T_baseline	2026-09-11T22:42:20.856247+00:00
eval_20260912_ycsb_af	E2-4T_baseline__workloade	workloade		baseline	E2-4T	107477	446.597						0	0	0	26	0	84.90	704.70	826.00	114713612	0.00				307.9				50	4294967296	47740	/work/vcomp/exp/eval_20260909_night1/E2-4T_baseline	2026-09-11T22:47:31.333677+00:00
eval_20260912_ycsb_af	E2-4T_baseline__workloadf	workloadf		baseline	E2-4T	485702	98.821	6.758	984760083	85.40	145726140	124451840	904739791	80020292	71211530	61303	984712115	73.95	505.80	852.47	62850189	759.59				308.4				50	4294967296	47740	/work/vcomp/exp/eval_20260909_night1/E2-4T_baseline	2026-09-11T22:52:42.326415+00:00
eval_20260912_ycsb_af	E3-u25_baseline__workloada	workloada		baseline	E3-u25	678290	70.764	9.077	923574529	72.94	101746007	74218079	877168398	46406131	37855880	16943	923569626	73.29	459.98	794.54	32965704	680.19				303.9				50	1048576000	4874	/work/vcomp/exp/eval_20260909_night1/E3-u25_baseline	2026-09-11T21:56:16.485615+00:00
eval_20260912_ycsb_af	E3-u25_baseline__workloadb	workloadb		baseline	E3-u25	1143085	41.988	3.971	1293793528	66.72	325829494	217406908	1171639916	122153612	110756036	7859	1293788630	64.38	163.35	525.10	39793950	162.22				303.9				50	1048576000	4874	/work/vcomp/exp/eval_20260909_night1/E3-u25_baseline	2026-09-11T22:01:20.602074+00:00
eval_20260912_ycsb_af	E3-u25_baseline__workloadc	workloadc		baseline	E3-u25	3186181	15.065	2.550	2437559740	24.07	955929889	230050235	2190890722	246669018	230050235	4904	2437554836	73.48	165.81	245.69	68366125	0.00				304.2				50	1048576000	4874	/work/vcomp/exp/eval_20260909_night1/E3-u25_baseline	2026-09-11T22:06:25.064057+00:00
eval_20260912_ycsb_af	E3-u25_baseline__workloadd	workloadd		baseline	E3-u25	4196075	11.439	0.778	930777404	85.48	1196010254	1022340189	507257826	423519578	418582153	5947	930772508	44.39	108.97	181.16	80762814	0.63				304.4				50	1048576000	4874	/work/vcomp/exp/eval_20260909_night1/E3-u25_baseline	2026-09-11T22:11:29.631232+00:00
eval_20260912_ycsb_af	E3-u25_baseline__workloade	workloade		baseline	E3-u25	129260	371.329						0	0	0	34	0	73.33	499.00	817.51	109291597	0.13				304.4				50	1048576000	4874	/work/vcomp/exp/eval_20260909_night1/E3-u25_baseline	2026-09-11T22:16:34.248373+00:00
eval_20260912_ycsb_af	E3-u25_baseline__workloadf	workloadf		baseline	E3-u25	618146	77.651	7.979	1479710013	72.60	185453532	134644814	1396174194	83535819	69928995	17061	1479705103	74.99	490.71	782.57	54401278	678.24				304.1				50	1048576000	4874	/work/vcomp/exp/eval_20260909_night1/E3-u25_baseline	2026-09-11T22:21:38.544317+00:00
eval_20260912_ycsb_af	E4-64m4_baseline__workloada	workloada		baseline	E4-64m4	747409	64.219	9.750	1093156889	86.90	112118939	97436569	1025933233	67223656	57226953	18072	1093145842	71.03	375.24	761.07	51179854	446.72				304.1				50	1048576000	11013	/work/vcomp/exp/eval_20260909_night1/E4-64m4_baseline	2026-09-11T22:57:47.165459+00:00
eval_20260912_ycsb_af	E4-64m4_baseline__workloadb	workloadb		baseline	E4-64m4	1034847	46.382	4.146	1222758046	83.51	294956108	246313036	1061618888	161139158	150804612	12308	1222747008	51.99	119.65	491.05	78594430	72.76				304.6				50	1048576000	11013	/work/vcomp/exp/eval_20260909_night1/E4-64m4_baseline	2026-09-11T23:02:52.300465+00:00
eval_20260912_ycsb_af	E4-64m4_baseline__workloadc	workloadc		baseline	E4-64m4	1388852	34.560	4.031	1679688013	60.29	416689235	251227556	1417195564	262492449	251227556	11044	1679676969	72.61	165.31	207.78	93120879	0.00				304.6				50	1048576000	11013	/work/vcomp/exp/eval_20260909_night1/E4-64m4_baseline	2026-09-11T23:07:57.406853+00:00
eval_20260912_ycsb_af	E4-64m4_baseline__workloadd	workloadd		baseline	E4-64m4	2548029	18.837	1.136	824822691	91.99	726249911	668080584	510317943	314504748	309534627	11717	824811649	33.92	108.78	169.17	105766581	0.12				304.5				50	1048576000	11013	/work/vcomp/exp/eval_20260909_night1/E4-64m4_baseline	2026-09-11T23:13:02.380907+00:00
eval_20260912_ycsb_af	E4-64m4_baseline__workloade	workloade		baseline	E4-64m4	123855	387.537						0	0	0	31	0	64.71	368.95	778.07	106652221	0.00				304.5				50	1048576000	11013	/work/vcomp/exp/eval_20260909_night1/E4-64m4_baseline	2026-09-11T23:18:07.369090+00:00
eval_20260912_ycsb_af	E4-64m4_baseline__workloadf	workloadf		baseline	E4-64m4	598641	80.179	8.724	1566954481	86.50	179606236	155363878	1459903863	107050618	92835211	17032	1566943434	69.88	318.20	633.18	76473898	363.41				304.7				50	1048576000	11013	/work/vcomp/exp/eval_20260909_night1/E4-64m4_baseline	2026-09-11T23:23:12.540892+00:00
eval_20260912_ycsb_af	E5-256_baseline__workloada	workloada		baseline	E5-256	694246	69.133	9.059	943503974	86.77	104151219	90370430	881700844	61803130	53214168	14749	943500712	74.00	455.42	800.62	47523876	732.76				307.1				50	1048576000	3237	/work/vcomp/exp/eval_20260909_night1/E5-256_baseline	2026-09-11T21:25:49.798672+00:00
eval_20260912_ycsb_af	E5-256_baseline__workloadb	workloadb		baseline	E5-256	998977	48.046	4.271	1216104856	83.45	284742479	237621923	1060179610	155925246	145604202	5688	1216101591	63.35	158.30	599.84	76244068	141.87				304.3				50	1048576000	3237	/work/vcomp/exp/eval_20260909_night1/E5-256_baseline	2026-09-11T21:30:54.333015+00:00
eval_20260912_ycsb_af	E5-256_baseline__workloadc	workloadc		baseline	E5-256	949432	50.554	4.200	1196538390	60.29	284862191	171751428	1016284298	180254092	171751428	3261	1196535129	72.78	165.45	192.91	65023773	0.00				304.3				50	1048576000	3237	/work/vcomp/exp/eval_20260909_night1/E5-256_baseline	2026-09-11T21:35:58.804362+00:00
eval_20260912_ycsb_af	E5-256_baseline__workloadd	workloadd		baseline	E5-256	2504426	19.164	1.149	820566293	91.96	713863931	656473945	513017767	307548526	302556479	3896	820563019	33.98	109.12	171.72	106306824	0.00				304.3				50	1048576000	3237	/work/vcomp/exp/eval_20260909_night1/E5-256_baseline	2026-09-11T21:41:03.206519+00:00
eval_20260912_ycsb_af	E5-256_baseline__workloade	workloade		baseline	E5-256	91358	525.381						0	0	0	22	0	68.50	496.00	813.00	118036779	0.00				304.3				50	1048576000	3237	/work/vcomp/exp/eval_20260909_night1/E5-256_baseline	2026-09-11T21:46:07.613866+00:00
eval_20260912_ycsb_af	E5-256_baseline__workloadf	workloadf		baseline	E5-256	574240	83.584	7.565	1303402677	86.43	172290758	148908163	1202611385	100791292	89071495	14010	1303399419	72.50	451.77	816.66	74136862	671.63				304.6				50	1048576000	3237	/work/vcomp/exp/eval_20260909_night1/E5-256_baseline	2026-09-11T21:51:12.313696+00:00
eval_20260912_ycsb_af	E7-lz4_baseline__workloada	workloada		baseline	E7-lz4	691291	69.430	8.879	920737305	86.76	103702925	89972966	859427603	61309702	52934811	20509	920730481	73.90	487.23	847.16	47165849	799.79				304.2				50	1048576000	6811	/work/vcomp/exp/eval_20260909_night1/E7-lz4_baseline	2026-09-11T23:28:17.093318+00:00
eval_20260912_ycsb_af	E7-lz4_baseline__workloadb	workloadb		baseline	E7-lz4	1029137	46.638	3.911	1147337750	83.50	293343984	244940509	988771605	158566145	148946023	11345	1147330926	69.25	496.63	969.99	77682821	268.37				304.5				50	1048576000	6811	/work/vcomp/exp/eval_20260909_night1/E7-lz4_baseline	2026-09-11T23:33:21.963431+00:00
eval_20260912_ycsb_af	E7-lz4_baseline__workloadc	workloadc		baseline	E7-lz4	1691141	28.382	2.774	1407623419	60.29	507388617	305919349	1092873363	314750056	305919349	6828	1407616591	67.86	163.29	262.45	113114718	0.00				304.0				50	1048576000	6811	/work/vcomp/exp/eval_20260909_night1/E7-lz4_baseline	2026-09-11T23:38:26.334820+00:00
eval_20260912_ycsb_af	E7-lz4_baseline__workloadd	workloadd		baseline	E7-lz4	2662390	18.028	0.913	692965709	92.07	758863700	698668281	367811511	325154198	321565782	7494	692958884	40.42	125.42	403.07	111221115	0.61				304.3				50	1048576000	6811	/work/vcomp/exp/eval_20260909_night1/E7-lz4_baseline	2026-09-11T23:43:30.937367+00:00
eval_20260912_ycsb_af	E7-lz4_baseline__workloade	workloade		baseline	E7-lz4	115679	414.908						0	0	0	29	0	52.92	351.40	816.00	114709736	0.00				304.5				50	1048576000	6811	/work/vcomp/exp/eval_20260909_night1/E7-lz4_baseline	2026-09-11T23:48:35.764068+00:00
eval_20260912_ycsb_af	E7-lz4_baseline__workloadf	workloadf		baseline	E7-lz4	567741	84.539	7.479	1273961294	86.41	170344462	147191724	1174719675	99241619	87799382	19699	1273954463	74.60	574.73	1103.95	72966902	744.01				304.4				50	1048576000	6811	/work/vcomp/exp/eval_20260909_night1/E7-lz4_baseline	2026-09-11T23:53:40.416722+00:00
eval_20260912_ycsb_af	P0-r1_baseline__workloada	workloada		baseline	P0-r1	691689	69.392	8.969	930592562	86.76	103758885	90022620	869334385	61258177	52788975	26883	930578994	74.37	503.85	834.77	47305150	774.75				304.0				50	1048576000	13539	/work/vcomp/exp/eval_20260909_night1/P0-r1_baseline	2026-09-12T06:23:41.402965+00:00
eval_20260912_ycsb_af	P0-r1_baseline__workloadb	workloadb		baseline	P0-r1	1002901	47.859	4.257	1216750949	83.46	285856767	238569398	1060628151	156122798	145801563	16327	1216737365	65.32	166.62	590.20	76413167	152.79				304.7				50	1048576000	13539	/work/vcomp/exp/eval_20260909_night1/P0-r1_baseline	2026-09-12T06:28:46.799796+00:00
eval_20260912_ycsb_af	P0-r1_baseline__workloadc	workloadc		baseline	P0-r1	1474872	32.544	3.427	1516345249	60.29	442495163	266787798	1239520913	276824336	266787798	13586	1516331663	73.13	166.56	241.33	99967066	0.00				304.6				50	1048576000	13539	/work/vcomp/exp/eval_20260909_night1/P0-r1_baseline	2026-09-12T06:33:52.047933+00:00
eval_20260912_ycsb_af	P0-r1_baseline__workloadd	workloadd		baseline	P0-r1	2511581	19.111	1.050	751390231	91.96	715843552	658319109	444914828	306475403	302141413	14304	751376552	34.80	109.04	167.86	106595525	0.12				304.6				50	1048576000	13539	/work/vcomp/exp/eval_20260909_night1/P0-r1_baseline	2026-09-12T06:38:57.221695+00:00
eval_20260912_ycsb_af	P0-r1_baseline__workloade	workloade		baseline	P0-r1	90887	528.101						0	0	0	21	0	76.52	555.20	592.00	117349796	0.00				304.6				50	1048576000	13539	/work/vcomp/exp/eval_20260909_night1/P0-r1_baseline	2026-09-12T06:44:02.438175+00:00
eval_20260912_ycsb_af	P0-r1_baseline__workloadf	workloadf		baseline	P0-r1	567233	84.615	7.659	1303452148	86.41	170191175	147056589	1204171761	99280387	87554018	25433	1303438568	72.95	525.77	857.92	73003366	678.56				304.5				50	1048576000	13539	/work/vcomp/exp/eval_20260909_night1/P0-r1_baseline	2026-09-12T06:49:07.544229+00:00
eval_20260913_e1_baseline_ycsb	E1-100B_baseline__workloada	workloada		baseline	E1-100B	1277184	37.579	3.822	732401647	87.92	191607846	168452916	640087742	92313905	86064263	3662	732400091	64.80	158.25	509.37	42173803	115.16				304.1				50	1048576000	1380	/work/vcomp/exp/eval_20260909_night1/E1-100B_baseline	2026-09-12T17:13:09.368361+00:00
eval_20260913_e1_baseline_ycsb	E1-100B_baseline__workloadb	workloadb		baseline	E1-100B	1399027	34.308	2.416	963490536	84.00	398768077	334979252	784884397	178606139	170950539	1780	963488971	30.52	84.17	117.97	42159274	11.45				304.5				50	1048576000	1380	/work/vcomp/exp/eval_20260909_night1/E1-100B_baseline	2026-09-12T17:18:13.947277+00:00
eval_20260913_e1_baseline_ycsb	E1-100B_baseline__workloadc	workloadc		baseline	E1-100B	2682192	17.895	2.113	1700123394	60.29	804741453	485198248	1204039415	496083979	485198248	1591	1700121803	72.96	166.83	479.61	72524237	0.00				304.3				50	1048576000	1380	/work/vcomp/exp/eval_20260909_night1/E1-100B_baseline	2026-09-12T17:23:18.327294+00:00
eval_20260913_e1_baseline_ycsb	E1-100B_baseline__workloadd	workloadd		baseline	E1-100B	5615826	8.547	0.609	974245980	93.39	1600729958	1494997119	418264151	555981829	551899927	1690	974244453	33.83	108.70	169.36	51072026	0.00				304.3				50	1048576000	1380	/work/vcomp/exp/eval_20260909_night1/E1-100B_baseline	2026-09-12T17:28:22.710376+00:00
eval_20260913_e1_baseline_ycsb	E1-100B_baseline__workloade	workloade		baseline	E1-100B	498192	96.343						0	0	0	14	0	73.24	167.43	499.03	83604484	0.00				304.2				50	1048576000	1380	/work/vcomp/exp/eval_20260909_night1/E1-100B_baseline	2026-09-12T17:33:26.983038+00:00
eval_20260913_e1_baseline_ycsb	E1-100B_baseline__workloadf	workloadf		baseline	E1-100B	925566	51.857	3.790	1052469021	87.30	277698047	242438419	919299041	133169980	124202015	3040	1052467477	58.27	169.99	549.69	49246066	81.38				304.4				50	1048576000	1380	/work/vcomp/exp/eval_20260909_night1/E1-100B_baseline	2026-09-12T17:38:31.445952+00:00
eval_20260913_e1_baseline_ycsb	E1-10KB_baseline__workloada	workloada		baseline	E1-10KB	71702	669.429	7.586	81625489	82.91	10760141	8921769	75617326	6008163	5285478	152870	81495196	96.00	834.90	1542.04	6436359	1332.32				316.2				50	1048576000	130732	/work/vcomp/exp/eval_20260909_night1/E1-10KB_baseline	2026-09-12T18:45:38.576062+00:00
eval_20260913_e1_baseline_ycsb	E1-10KB_baseline__workloadb	workloadb		baseline	E1-10KB	402964	119.115	7.155	821750411	81.99	114849053	94161941	755104680	66645731	59439828	154120	821610738	90.05	555.92	1109.26	41875345	850.71				317.4				50	1048576000	130732	/work/vcomp/exp/eval_20260909_night1/E1-10KB_baseline	2026-09-12T18:51:03.713015+00:00
eval_20260913_e1_baseline_ycsb	E1-10KB_baseline__workloadc	workloadc		baseline	E1-10KB	1031044	46.554	5.106	1579527713	60.29	309331425	186499436	1381216205	198311508	186499436	146060	1579381653	97.26	169.83	510.69	87086523	0.00				315.2				50	1048576000	130732	/work/vcomp/exp/eval_20260909_night1/E1-10KB_baseline	2026-09-12T18:56:26.596933+00:00
eval_20260913_e1_baseline_ycsb	E1-10KB_baseline__workloadd	workloadd		baseline	E1-10KB	703714	68.199	1.683	337686418	89.70	200680474	180001939	251201789	86484629	84086356	178315	337510328	87.66	230.65	723.56	60435758	47.69				316.9				50	1048576000	130732	/work/vcomp/exp/eval_20260909_night1/E1-10KB_baseline	2026-09-12T19:01:51.166329+00:00
eval_20260913_e1_baseline_ycsb	E1-10KB_baseline__workloade	workloade		baseline	E1-10KB	25391	1890.097						0	0	0	65	0	125.00	315.00	315.00	84781047	0.00				315.6				50	1048576000	130732	/work/vcomp/exp/eval_20260909_night1/E1-10KB_baseline	2026-09-12T19:07:14.489881+00:00
eval_20260913_e1_baseline_ycsb	E1-10KB_baseline__workloadf	workloadf		baseline	E1-10KB	67694	708.975	7.221	146681447	82.82	20314391	16823863	135391977	11289470	9994634	153029	146549517	94.23	821.98	1589.47	11089812	1245.00				318.2				50	1048576000	130732	/work/vcomp/exp/eval_20260909_night1/E1-10KB_baseline	2026-09-12T19:12:40.568751+00:00
eval_20260913_e1_baseline_ycsb	E1-500B_baseline__workloada	workloada		baseline	E1-500B	1015953	47.244	5.927	903360512	87.48	152404780	133320861	819761049	83599463	75607245	16166	903354515	73.11	370.28	746.54	60593337	565.69				304.3				50	1048576000	5965	/work/vcomp/exp/eval_20260909_night1/E1-500B_baseline	2026-09-12T17:43:36.018317+00:00
eval_20260913_e1_baseline_ycsb	E1-500B_baseline__workloadb	workloadb		baseline	E1-500B	1157531	41.465	3.370	1111742379	83.69	329936340	276130812	941898189	169844190	160669614	7507	1111736377	57.61	113.97	415.35	76104050	82.98				304.7				50	1048576000	5965	/work/vcomp/exp/eval_20260909_night1/E1-500B_baseline	2026-09-12T17:48:41.005945+00:00
eval_20260913_e1_baseline_ycsb	E1-500B_baseline__workloadc	workloadc		baseline	E1-500B	1645776	29.164	3.044	1503161527	60.29	493794391	297720889	1195411252	307750275	297720889	5998	1503155529	72.76	165.56	206.38	100979022	0.00				304.5				50	1048576000	5965	/work/vcomp/exp/eval_20260909_night1/E1-500B_baseline	2026-09-12T17:53:45.767053+00:00
eval_20260913_e1_baseline_ycsb	E1-500B_baseline__workloadd	workloadd		baseline	E1-500B	3233940	14.842	0.878	809529669	92.42	921762295	851858472	436772918	372756751	368500370	6420	809523648	33.30	108.81	229.09	97776322	0.00				304.6				50	1048576000	5965	/work/vcomp/exp/eval_20260909_night1/E1-500B_baseline	2026-09-12T17:58:50.626653+00:00
eval_20260913_e1_baseline_ycsb	E1-500B_baseline__workloade	workloade		baseline	E1-500B	173463	276.708						0	0	0	21	0	64.97	196.80	972.00	116183504	0.00				304.3				50	1048576000	5965	/work/vcomp/exp/eval_20260909_night1/E1-500B_baseline	2026-09-12T18:03:55.197513+00:00
eval_20260913_e1_baseline_ycsb	E1-500B_baseline__workloadf	workloadf		baseline	E1-500B	724896	66.212	4.933	1072886447	86.85	217494366	188894030	955646889	117239558	107923276	13878	1072880444	71.01	333.03	722.77	80394080	443.14				304.4				50	1048576000	5965	/work/vcomp/exp/eval_20260909_night1/E1-500B_baseline	2026-09-12T18:08:59.838471+00:00
eval_20260913_e1_baseline_ycsb	E1-5KB_baseline__workloada	workloada		baseline	E1-5KB	160216	299.582	7.152	171932439	84.22	24038577	20245466	158444989	13487450	11953414	81948	171872826	85.14	725.04	1290.96	12682788	1295.42				308.7				50	1048576000	59642	/work/vcomp/exp/eval_20260909_night1/E1-5KB_baseline	2026-09-12T18:14:11.528077+00:00
eval_20260913_e1_baseline_ycsb	E1-5KB_baseline__workloadb	workloadb		baseline	E1-5KB	674672	71.145	5.586	1074172252	82.81	192290196	159241081	962222387	111949865	102657620	71619	1074112317	75.22	485.00	863.15	64604092	681.63				309.5				50	1048576000	59642	/work/vcomp/exp/eval_20260909_night1/E1-5KB_baseline	2026-09-12T18:19:24.470911+00:00
eval_20260913_e1_baseline_ycsb	E1-5KB_baseline__workloadc	workloadc		baseline	E1-5KB	1285577	37.337	4.052	1562869775	60.29	385695519	232543083	1318532155	244337620	232543083	60054	1562809721	77.73	169.83	644.77	98145003	0.00				308.8				50	1048576000	59642	/work/vcomp/exp/eval_20260909_night1/E1-5KB_baseline	2026-09-12T18:24:36.620984+00:00
eval_20260913_e1_baseline_ycsb	E1-5KB_baseline__workloadd	workloadd		baseline	E1-5KB	1293946	37.094	1.240	457318243	90.78	368805416	334802680	293946919	163371324	160528487	63481	457256377	70.11	156.36	522.72	97177731	3.16				309.5				50	1048576000	59642	/work/vcomp/exp/eval_20260909_night1/E1-5KB_baseline	2026-09-12T18:29:49.398421+00:00
eval_20260913_e1_baseline_ycsb	E1-5KB_baseline__workloade	workloade		baseline	E1-5KB	41569	1154.629						0	0	0	49	0	86.20	560.00	578.00	91828297	0.00				308.9				50	1048576000	59642	/work/vcomp/exp/eval_20260909_night1/E1-5KB_baseline	2026-09-12T18:35:01.612373+00:00
eval_20260913_e1_baseline_ycsb	E1-5KB_baseline__workloadf	workloadf		baseline	E1-5KB	153183	313.319	8.181	376033494	84.15	45966096	38681406	349482662	26550832	23166224	80959	375973776	80.93	545.03	998.14	24022731	1224.78				309.9				50	1048576000	59642	/work/vcomp/exp/eval_20260909_night1/E1-5KB_baseline	2026-09-12T18:40:14.804042+00:00
eval_20260913_e3_ycsb	E3-u100_baseline__workloada	workloada		baseline	E3-u100	666205	72.047	8.720	871478672	100.00	99935312	99935312	799444813	72033859	64242156	32676	871459716	73.59	445.63	767.81	58141486	787.84				304.7				50	1048576000	18883	/work/vcomp/exp/eval_20260909_night1/E3-u100_baseline	2026-09-12T21:47:47.557218+00:00
eval_20260913_e3_ycsb	E3-u100_baseline__workloadb	workloadb		baseline	E3-u100	870600	55.131	4.004	993564522	100.00	248151971	248151971	818427757	175136765	167169273	21453	993545571	64.99	145.98	478.58	102462666	139.17				304.9				50	1048576000	18883	/work/vcomp/exp/eval_20260909_night1/E3-u100_baseline	2026-09-12T21:52:53.348483+00:00
eval_20260913_e3_ycsb	E3-u100_baseline__workloadc	workloadc		baseline	E3-u100	987299	48.615	3.639	1077836014	100.00	296221458	296221458	774917295	302918719	296221458	18950	1077817064	72.59	165.59	235.88	113288627	0.00				304.7				50	1048576000	18883	/work/vcomp/exp/eval_20260909_night1/E3-u100_baseline	2026-09-12T21:57:58.906950+00:00
eval_20260913_e3_ycsb	E3-u100_baseline__workloadd	workloadd		baseline	E3-u100	1806927	26.563	1.106	569400667	100.00	515029228	515029228	303424427	265976240	263026165	19509	569381641	33.34	109.09	169.04	120070911	0.00				304.8				50	1048576000	18883	/work/vcomp/exp/eval_20260909_night1/E3-u100_baseline	2026-09-12T22:03:04.518037+00:00
eval_20260913_e3_ycsb	E3-u100_baseline__workloade	workloade		baseline	E3-u100	99739	481.232						0	0	0	25	0	75.60	164.76	813.16	118397415	0.00				304.8				50	1048576000	18883	/work/vcomp/exp/eval_20260909_night1/E3-u100_baseline	2026-09-12T22:08:10.085970+00:00
eval_20260913_e3_ycsb	E3-u100_baseline__workloadf	workloadf		baseline	E3-u100	521937	91.962	6.419	1005208723	100.00	156594407	156594407	894380626	110828097	102119980	31467	1005189746	73.24	463.22	832.86	88764056	711.80				304.9				50	1048576000	18883	/work/vcomp/exp/eval_20260909_night1/E3-u100_baseline	2026-09-12T22:13:15.791412+00:00
eval_20260913_e3_ycsb	E3-u100_f2load__workloada	workloada		f2load	E3-u100	655575	73.213	8.621	847884540	93.68	98346383	92131928	783448620	64435920	56807361	38355	847866751	73.72	396.19	745.22	51317655	757.87				304.5				50	1048576000	17707	/work/vcomp/exp/eval_20260909_night1/E3-u100_f2load	2026-09-12T22:18:21.204730+00:00
eval_20260913_e3_ycsb	E3-u100_f2load__workloadb	workloadb		f2load	E3-u100	962301	49.877	4.048	1110421655	92.12	274292174	252689118	938429449	171992206	162869018	22640	1110403854	65.84	157.23	536.06	94233347	150.13				304.9				50	1048576000	17707	/work/vcomp/exp/eval_20260909_night1/E3-u100_f2load	2026-09-12T22:23:27.033836+00:00
eval_20260913_e3_ycsb	E3-u100_f2load__workloadc	workloadc		f2load	E3-u100	1234201	38.889	3.415	1264762861	84.65	370305738	313461522	935088057	329674804	313461522	17744	1264745117	69.02	109.74	167.67	114118197	0.00				304.6				50	1048576000	17707	/work/vcomp/exp/eval_20260909_night1/E3-u100_f2load	2026-09-12T22:28:32.548970+00:00
eval_20260913_e3_ycsb	E3-u100_f2load__workloadd	workloadd		f2load	E3-u100	2277588	21.074	0.995	646191428	95.42	649190822	619425802	345710472	300480956	297109915	18432	646173624	51.88	109.64	262.24	122648571	2.20				304.7				50	1048576000	17707	/work/vcomp/exp/eval_20260909_night1/E3-u100_f2load	2026-09-12T22:33:38.102615+00:00
eval_20260913_e3_ycsb	E3-u100_f2load__workloade	workloade		f2load	E3-u100	104934	457.413						0	0	0	86	0	71.49	153.20	816.64	133058114	2.08				304.8				50	1048576000	17707	/work/vcomp/exp/eval_20260909_night1/E3-u100_f2load	2026-09-12T22:38:43.717279+00:00
eval_20260913_e3_ycsb	E3-u100_f2load__workloadf	workloadf		f2load	E3-u100	542700	88.443	6.647	1082358397	93.52	162825817	152269662	977704276	104654121	95134159	37776	1082340537	72.70	441.32	811.33	81806214	705.09				304.8				50	1048576000	17707	/work/vcomp/exp/eval_20260909_night1/E3-u100_f2load	2026-09-12T22:43:49.358851+00:00
eval_20260913_e3_ycsb	E3-u50_baseline__workloada	workloada		baseline	E3-u50	698603	68.703	8.972	940237625	82.04	104800513	85975114	883147271	57090354	48489423	22871	940227403	73.40	442.76	806.94	43177006	730.25				304.5				50	1048576000	10207	/work/vcomp/exp/eval_20260909_night1/E3-u50_baseline	2026-09-12T19:45:40.456895+00:00
eval_20260913_e3_ycsb	E3-u50_baseline__workloadb	workloadb		baseline	E3-u50	1042298	46.049	4.152	1233432895	77.61	297090234	230576883	1089564781	143868114	133267115	12924	1233422665	65.73	161.72	554.44	64184049	149.36				304.9				50	1048576000	10207	/work/vcomp/exp/eval_20260909_night1/E3-u50_baseline	2026-09-12T19:50:45.967313+00:00
eval_20260913_e3_ycsb	E3-u50_baseline__workloadc	workloadc		baseline	E3-u50	1753623	27.371	3.624	1906732290	50.44	526138222	265409823	1620409648	286322642	265409823	10226	1906722064	73.47	166.11	242.36	90291705	0.00				304.8				50	1048576000	10207	/work/vcomp/exp/eval_20260909_night1/E3-u50_baseline	2026-09-12T19:55:51.255199+00:00
eval_20260913_e3_ycsb	E3-u50_baseline__workloadd	workloadd		baseline	E3-u50	2978302	16.115	1.030	874347292	89.49	848939416	759726914	530592478	343754814	338574660	11031	874337053	41.34	108.97	164.01	100145783	0.23				304.8				50	1048576000	10207	/work/vcomp/exp/eval_20260909_night1/E3-u50_baseline	2026-09-12T20:00:56.559747+00:00
eval_20260913_e3_ycsb	E3-u50_baseline__workloade	workloade		baseline	E3-u50	92966	516.296						0	0	0	23	0	64.41	480.50	483.00	117182047	0.00				304.8				50	1048576000	10207	/work/vcomp/exp/eval_20260909_night1/E3-u50_baseline	2026-09-12T20:06:01.852257+00:00
eval_20260913_e3_ycsb	E3-u50_baseline__workloadf	workloadf		baseline	E3-u50	600710	79.899	7.653	1379344240	81.67	180239696	147194342	1282614865	96729375	84233489	22065	1379334014	73.59	426.06	747.78	69148345	677.81				304.4				50	1048576000	10207	/work/vcomp/exp/eval_20260909_night1/E3-u50_baseline	2026-09-12T20:11:06.763058+00:00
eval_20260913_e3_ycsb	E3-u50_f2load__workloada	workloada		f2load	E3-u50	676098	70.991	9.038	916628575	82.50	101421091	83676587	860881294	55747281	47359987	28793	916618360	73.34	393.97	760.85	42172938	709.86				304.1				50	1048576000	10176	/work/vcomp/exp/eval_20260909_night1/E3-u50_f2load	2026-09-12T20:16:11.409048+00:00
eval_20260913_e3_ycsb	E3-u50_f2load__workloadb	workloadb		f2load	E3-u50	1051401	45.650	4.172	1250340196	78.30	299691990	234656195	1103140026	147200170	136465552	15277	1250329982	64.94	159.40	575.96	66237713	158.52				304.4				50	1048576000	10176	/work/vcomp/exp/eval_20260909_night1/E3-u50_f2load	2026-09-12T20:21:16.446987+00:00
eval_20260913_e3_ycsb	E3-u50_f2load__workloadc	workloadc		f2load	E3-u50	1580610	30.366	4.128	1957807494	53.37	474245434	253108299	1690975570	266831924	253108299	10188	1957797306	69.44	109.40	160.05	84170547	0.00				304.5				50	1048576000	10176	/work/vcomp/exp/eval_20260909_night1/E3-u50_f2load	2026-09-12T20:26:21.430532+00:00
eval_20260913_e3_ycsb	E3-u50_f2load__workloadd	workloadd		f2load	E3-u50	3006039	15.967	1.019	873031176	89.65	856843091	768168833	525789753	347241423	342111549	11047	873020967	36.24	109.25	322.75	102720353	2.27				304.6				50	1048576000	10176	/work/vcomp/exp/eval_20260909_night1/E3-u50_f2load	2026-09-12T20:31:26.479400+00:00
eval_20260913_e3_ycsb	E3-u50_f2load__workloade	workloade		f2load	E3-u50	107491	446.520						0	0	0	29	0	69.16	558.00	827.00	133821503	0.09				304.5				50	1048576000	10176	/work/vcomp/exp/eval_20260909_night1/E3-u50_f2load	2026-09-12T20:36:31.483269+00:00
eval_20260913_e3_ycsb	E3-u50_f2load__workloadf	workloadf		f2load	E3-u50	590520	81.280	7.848	1390556844	82.17	177176257	145590872	1294357235	96199609	83600174	28258	1390546607	72.98	440.26	809.77	68717851	665.33				304.4				50	1048576000	10176	/work/vcomp/exp/eval_20260909_night1/E3-u50_f2load	2026-09-12T20:41:36.332070+00:00
eval_20260913_e3_ycsb	E3-u75_baseline__workloada	workloada		baseline	E3-u75	686030	69.965	8.860	911796875	91.00	102907414	93643656	846807336	64989539	56740334	28464	911782088	73.56	426.75	759.97	51045015	793.77				304.7				50	1048576000	14732	/work/vcomp/exp/eval_20260909_night1/E3-u75_baseline	2026-09-12T20:46:41.826146+00:00
eval_20260913_e3_ycsb	E3-u75_baseline__workloadb	workloadb		baseline	E3-u75	982191	48.867	4.037	1130106036	88.74	279960806	248439645	964006478	166099558	156720015	17500	1130091259	65.06	158.69	615.34	87495857	153.28				305.1				50	1048576000	14732	/work/vcomp/exp/eval_20260909_night1/E3-u75_baseline	2026-09-12T20:51:47.689443+00:00
eval_20260913_e3_ycsb	E3-u75_baseline__workloadc	workloadc		baseline	E3-u75	1272459	37.719	3.483	1329678982	75.25	381789733	287295669	1030993539	298685443	287295669	14765	1329664217	74.57	166.25	220.78	104913126	0.00				304.9				50	1048576000	14732	/work/vcomp/exp/eval_20260909_night1/E3-u75_baseline	2026-09-12T20:56:53.292510+00:00
eval_20260913_e3_ycsb	E3-u75_baseline__workloadd	workloadd		baseline	E3-u75	2245569	21.374	1.081	691994622	94.40	640064628	604234029	400114909	291879713	287981356	15425	691979786	33.81	109.34	240.13	111636141	0.24				304.9				50	1048576000	14732	/work/vcomp/exp/eval_20260909_night1/E3-u75_baseline	2026-09-12T21:01:58.898957+00:00
eval_20260913_e3_ycsb	E3-u75_baseline__workloade	workloade		baseline	E3-u75	96468	497.540						0	0	0	24	0	73.55	320.20	812.00	118549595	0.00				304.9				50	1048576000	14732	/work/vcomp/exp/eval_20260909_night1/E3-u75_baseline	2026-09-12T21:07:04.527878+00:00
eval_20260913_e3_ycsb	E3-u75_baseline__workloadf	workloadf		baseline	E3-u75	558910	85.877	6.926	1161381550	90.75	167690179	152172830	1057541592	103839958	93533064	27364	1161366750	73.33	433.61	795.78	79487175	720.38				305.0				50	1048576000	14732	/work/vcomp/exp/eval_20260909_night1/E3-u75_baseline	2026-09-12T21:12:10.236371+00:00
eval_20260913_e3_ycsb	E3-u75_f2load__workloada	workloada		f2load	E3-u75	687655	69.796	8.773	905023030	88.37	103158915	91166430	842687063	62335967	54126897	35042	905008984	74.34	439.12	817.52	48646207	774.87				304.2				50	1048576000	14001	/work/vcomp/exp/eval_20260909_night1/E3-u75_f2load	2026-09-12T21:17:15.149170+00:00
eval_20260913_e3_ycsb	E3-u75_f2load__workloadb	workloadb		f2load	E3-u75	1014981	47.289	4.120	1191969281	85.50	289308061	247366446	1029329633	162639648	152627792	18768	1191955237	65.68	156.98	558.22	82132151	154.51				304.8				50	1048576000	14001	/work/vcomp/exp/eval_20260909_night1/E3-u75_f2load	2026-09-12T21:22:20.704298+00:00
eval_20260913_e3_ycsb	E3-u75_f2load__workloadc	workloadc		f2load	E3-u75	1453482	33.023	3.470	1513068518	68.96	436084883	300713295	1201327359	311741159	300713295	14023	1513054495	69.28	109.64	165.55	106443440	0.00				304.6				50	1048576000	14001	/work/vcomp/exp/eval_20260909_night1/E3-u75_f2load	2026-09-12T21:27:26.047125+00:00
eval_20260913_e3_ycsb	E3-u75_f2load__workloadd	workloadd		f2load	E3-u75	2573819	18.648	1.035	759455774	92.69	733635908	680040189	440068214	319387560	315098442	14709	759441707	34.00	108.99	201.61	115398176	0.19				304.6				50	1048576000	14001	/work/vcomp/exp/eval_20260909_night1/E3-u75_f2load	2026-09-12T21:32:31.340690+00:00
eval_20260913_e3_ycsb	E3-u75_f2load__workloade	workloade		f2load	E3-u75	106242	451.780						0	0	0	25	0	67.16	730.07	818.00	132456956	0.00				304.6				50	1048576000	14001	/work/vcomp/exp/eval_20260909_night1/E3-u75_f2load	2026-09-12T21:37:36.617313+00:00
eval_20260913_e3_ycsb	E3-u75_f2load__workloadf	workloadf		f2load	E3-u75	560422	85.645	7.458	1254062973	88.05	168145950	148052002	1153624191	100438782	89206327	32680	1254048880	72.83	413.35	810.57	74951669	675.42				304.7				50	1048576000	14001	/work/vcomp/exp/eval_20260909_night1/E3-u75_f2load	2026-09-12T21:42:42.008364+00:00
eval_20260913_e4_ycsb	E4-1024m10_baseline__workloada	workloada		baseline	E4-1024m10	668838	71.765	8.894	892392098	86.70	100335560	86991656	833367546	59024552	50906950	23928	892383682	72.46	420.09	785.76	45578515	895.73				308.5				50	1048576000	13021	/work/vcomp/exp/eval_20260909_night1/E4-1024m10_baseline	2026-09-13T01:52:13.453621+00:00
eval_20260913_e4_ycsb	E4-1024m10_baseline__workloadb	workloadb		baseline	E4-1024m10	1003283	47.840	3.843	1099146465	83.46	285999760	238690806	944957500	154188965	144992899	15998	1099137404	67.23	127.27	311.70	75831011	404.19				303.6				50	1048576000	13021	/work/vcomp/exp/eval_20260909_night1/E4-1024m10_baseline	2026-09-13T01:57:17.800277+00:00
eval_20260913_e4_ycsb	E4-1024m10_baseline__workloadc	workloadc		baseline	E4-1024m10	1501543	31.964	2.520	1135562649	60.29	450592268	271670293	853782933	281779716	271670293	17658	1135549643	102.87	892.87	1748.61	100068735	283.23				304.8				50	1048576000	13021	/work/vcomp/exp/eval_20260909_night1/E4-1024m10_baseline	2026-09-13T02:02:23.308551+00:00
eval_20260913_e4_ycsb	E4-1024m10_baseline__workloadd	workloadd		baseline	E4-1024m10	2608936	18.398	0.882	656123556	92.03	743674184	684414610	338935671	317187885	313878112	13779	656114953	56.16	132.01	299.57	108484767	275.14				303.3				50	1048576000	13021	/work/vcomp/exp/eval_20260909_night1/E4-1024m10_baseline	2026-09-13T02:07:27.266734+00:00
eval_20260913_e4_ycsb	E4-1024m10_baseline__workloade	workloade		baseline	E4-1024m10	118788	404.056						0	0	0	4526	0	81.56	765.78	1695.38	109029338	272.95				303.2				50	1048576000	13021	/work/vcomp/exp/eval_20260909_night1/E4-1024m10_baseline	2026-09-13T02:12:31.181320+00:00
eval_20260913_e4_ycsb	E4-1024m10_baseline__workloadf	workloadf		baseline	E4-1024m10	584175	82.165	7.597	1331591519	86.46	175278456	151543522	1229477646	102113873	90138246	23842	1331583037	71.72	315.01	565.76	75139162	875.91				304.1				50	1048576000	13021	/work/vcomp/exp/eval_20260909_night1/E4-1024m10_baseline	2026-09-13T02:17:35.945691+00:00
eval_20260913_e4_ycsb	E4-1024m10_f2load__workloada	workloada		f2load	E4-1024m10	656758	73.085	8.905	877456512	86.73	98529878	85459571	819517795	57938717	49953938	25799	877448555	71.59	326.37	571.49	44770697	887.66				303.5				50	1048576000	12997	/work/vcomp/exp/eval_20260909_night1/E4-1024m10_f2load	2026-09-13T02:22:40.134343+00:00
eval_20260913_e4_ycsb	E4-1024m10_f2load__workloadb	workloadb		f2load	E4-1024m10	1011887	47.433	3.928	1133001151	83.55	288477789	241017328	976094961	156906190	147431084	17587	1132992317	56.50	109.73	255.97	76669342	427.82				303.0				50	1048576000	12997	/work/vcomp/exp/eval_20260909_night1/E4-1024m10_f2load	2026-09-13T02:27:43.882998+00:00
eval_20260913_e4_ycsb	E4-1024m10_f2load__workloadc	workloadc		f2load	E4-1024m10	1487744	32.260	2.809	1254068798	63.32	446442297	282682105	960281566	293787232	282682105	18394	1254055791	94.69	840.81	1592.23	99447579	298.68				304.1				50	1048576000	12997	/work/vcomp/exp/eval_20260909_night1/E4-1024m10_f2load	2026-09-13T02:32:48.672382+00:00
eval_20260913_e4_ycsb	E4-1024m10_f2load__workloadd	workloadd		f2load	E4-1024m10	2661743	18.033	0.872	661712616	92.09	758755400	698750247	338636069	323076547	319803968	14331	661704308	59.76	163.72	363.99	110704946	296.63				302.8				50	1048576000	12997	/work/vcomp/exp/eval_20260909_night1/E4-1024m10_f2load	2026-09-13T02:37:52.206201+00:00
eval_20260913_e4_ycsb	E4-1024m10_f2load__workloade	workloade		f2load	E4-1024m10	127230	377.241						0	0	0	5415	0	75.82	694.15	1413.41	116251382	299.12				303.3				50	1048576000	12997	/work/vcomp/exp/eval_20260909_night1/E4-1024m10_f2load	2026-09-13T02:42:56.204719+00:00
eval_20260913_e4_ycsb	E4-1024m10_f2load__workloadf	workloadf		f2load	E4-1024m10	579565	82.819	7.447	1295071860	86.51	173906677	150438444	1194112473	100959387	89334207	26259	1295063786	71.59	332.70	656.22	74711794	875.22				303.5				50	1048576000	12997	/work/vcomp/exp/eval_20260909_night1/E4-1024m10_f2load	2026-09-13T02:48:00.438089+00:00
eval_20260913_e4_ycsb	E4-1024m4_baseline__workloada	workloada		baseline	E4-1024m4	738490	64.993	9.531	1055913100	86.88	110787235	96254897	989737308	66175792	56534757	24934	1055898669	71.91	361.77	677.96	50699515	590.20				309.6				50	1048576000	14429	/work/vcomp/exp/eval_20260909_night1/E4-1024m4_baseline	2026-09-13T00:51:06.488528+00:00
eval_20260913_e4_ycsb	E4-1024m4_baseline__workloadb	workloadb		baseline	E4-1024m4	1011233	47.464	4.364	1257811075	83.47	288235136	240593143	1100755303	157055772	146338566	16376	1257796647	62.41	138.52	447.00	77491844	103.31				304.8				50	1048576000	14429	/work/vcomp/exp/eval_20260909_night1/E4-1024m4_baseline	2026-09-13T00:56:11.982126+00:00
eval_20260913_e4_ycsb	E4-1024m4_baseline__workloadc	workloadc		baseline	E4-1024m4	1418232	33.843	4.044	1720895557	60.29	425521875	256552102	1453715967	267179590	256552102	14456	1720881101	73.85	166.40	238.77	97254582	0.00				304.6				50	1048576000	14429	/work/vcomp/exp/eval_20260909_night1/E4-1024m4_baseline	2026-09-13T01:01:17.250695+00:00
eval_20260913_e4_ycsb	E4-1024m4_baseline__workloadd	workloadd		baseline	E4-1024m4	2466494	19.460	1.220	857620520	91.93	703017894	646292440	554551476	303069044	297657907	15134	857606006	33.58	108.82	167.73	105721013	0.50				304.6				50	1048576000	14429	/work/vcomp/exp/eval_20260909_night1/E4-1024m4_baseline	2026-09-13T01:06:22.516668+00:00
eval_20260913_e4_ycsb	E4-1024m4_baseline__workloade	workloade		baseline	E4-1024m4	79734	601.954						0	0	0	20	0	65.53	233.20	698.00	120091789	0.00				304.6				50	1048576000	14429	/work/vcomp/exp/eval_20260909_night1/E4-1024m4_baseline	2026-09-13T01:11:27.705434+00:00
eval_20260913_e4_ycsb	E4-1024m4_baseline__workloadf	workloadf		baseline	E4-1024m4	588898	81.502	7.922	1399844104	86.47	176693951	152792848	1295992567	103851537	91232196	24099	1399829669	71.69	336.07	690.27	76268003	529.90				304.6				50	1048576000	14429	/work/vcomp/exp/eval_20260909_night1/E4-1024m4_baseline	2026-09-13T01:16:32.902349+00:00
eval_20260913_e4_ycsb	E4-1024m4_f2load__workloada	workloada		f2load	E4-1024m4	722942	66.390	9.625	1043905482	86.86	108452254	94204234	979058195	64847287	55311825	24778	1043891720	72.04	324.57	558.48	49475860	547.43				304.4				50	1048576000	13712	/work/vcomp/exp/eval_20260909_night1/E4-1024m4_f2load	2026-09-13T01:21:37.968001+00:00
eval_20260913_e4_ycsb	E4-1024m4_f2load__workloadb	workloadb		f2load	E4-1024m4	1031075	46.550	4.111	1208151734	83.52	293898599	245473009	1048720783	159430951	149226584	16562	1208137976	63.15	154.13	545.72	79041802	101.89				304.7				50	1048576000	13712	/work/vcomp/exp/eval_20260909_night1/E4-1024m4_f2load	2026-09-13T01:26:43.416904+00:00
eval_20260913_e4_ycsb	E4-1024m4_f2load__workloadc	workloadc		f2load	E4-1024m4	1465169	32.759	3.930	1727810134	66.22	439603992	291084624	1423614907	304195227	291084624	13794	1727796379	69.67	144.40	555.21	99523138	1.91				304.6				50	1048576000	13712	/work/vcomp/exp/eval_20260909_night1/E4-1024m4_f2load	2026-09-13T01:31:48.727059+00:00
eval_20260913_e4_ycsb	E4-1024m4_f2load__workloadd	workloadd		f2load	E4-1024m4	2616472	18.344	1.070	797863753	92.07	745792543	686615044	477370350	320493403	315859627	14502	797849967	47.09	109.40	168.59	110940035	3.00				304.6				50	1048576000	13712	/work/vcomp/exp/eval_20260909_night1/E4-1024m4_f2load	2026-09-13T01:36:53.974790+00:00
eval_20260913_e4_ycsb	E4-1024m4_f2load__workloade	workloade		f2load	E4-1024m4	101816	471.409						0	0	0	65	0	63.50	344.47	804.00	132938482	1.91				304.6				50	1048576000	13712	/work/vcomp/exp/eval_20260909_night1/E4-1024m4_f2load	2026-09-13T01:41:59.243558+00:00
eval_20260913_e4_ycsb	E4-1024m4_f2load__workloadf	workloadf		f2load	E4-1024m4	600783	79.890	7.968	1436314447	86.53	180259465	155973123	1330427980	105886467	92933909	24485	1436300659	71.20	333.00	696.85	77659181	507.22				304.4				50	1048576000	13712	/work/vcomp/exp/eval_20260909_night1/E4-1024m4_f2load	2026-09-13T01:47:04.258345+00:00
eval_20260913_e4_ycsb	E4-256m4_baseline__workloada	workloada		baseline	E4-256m4	764518	62.782	9.758	1119049924	86.95	114685243	99714466	1050225486	68824438	58591499	20931	1119037335	71.40	320.28	570.61	52474288	500.86				304.5				50	1048576000	12561	/work/vcomp/exp/eval_20260909_night1/E4-256m4_baseline	2026-09-12T23:49:58.175667+00:00
eval_20260913_e4_ycsb	E4-256m4_baseline__workloadb	workloadb		baseline	E4-256m4	1048291	45.786	4.055	1211702228	83.53	298795657	249583532	1049725350	161976878	151751519	14211	1211689631	54.95	129.55	519.05	80146360	84.35				305.0				50	1048576000	12561	/work/vcomp/exp/eval_20260909_night1/E4-256m4_baseline	2026-09-12T23:55:03.779662+00:00
eval_20260913_e4_ycsb	E4-256m4_baseline__workloadc	workloadc		baseline	E4-256m4	1362138	35.237	4.380	1790042531	60.29	408687658	246402634	1531105133	258937398	246402634	12595	1790029936	72.52	165.22	214.46	92350469	0.00				304.9				50	1048576000	12561	/work/vcomp/exp/eval_20260909_night1/E4-256m4_baseline	2026-09-13T00:00:09.290466+00:00
eval_20260913_e4_ycsb	E4-256m4_baseline__workloadd	workloadd		baseline	E4-256m4	2495253	19.236	1.245	885157806	91.95	711190367	653955261	578563782	306594024	300961384	13252	885145177	33.87	109.13	241.65	104849778	0.25				304.9				50	1048576000	12561	/work/vcomp/exp/eval_20260909_night1/E4-256m4_baseline	2026-09-13T00:05:14.755122+00:00
eval_20260913_e4_ycsb	E4-256m4_baseline__workloade	workloade		baseline	E4-256m4	102139	469.927						0	0	0	26	0	63.03	677.63	848.00	114165694	0.00				304.8				50	1048576000	12561	/work/vcomp/exp/eval_20260909_night1/E4-256m4_baseline	2026-09-13T00:10:20.198991+00:00
eval_20260913_e4_ycsb	E4-256m4_baseline__workloadf	workloadf		baseline	E4-256m4	599194	80.103	8.291	1490460686	86.50	179778199	155515878	1384020570	106440116	92958912	19978	1490448080	70.58	324.46	631.55	77285862	421.21				304.7				50	1048576000	12561	/work/vcomp/exp/eval_20260909_night1/E4-256m4_baseline	2026-09-13T00:15:25.519824+00:00
eval_20260913_e4_ycsb	E4-256m4_f2load__workloada	workloada		f2load	E4-256m4	761081	63.064	9.645	1101255219	87.04	114173279	99374990	1032704849	68550370	58485748	20804	1101242518	71.19	255.81	518.72	52158652	469.19				304.1				50	1048576000	12663	/work/vcomp/exp/eval_20260909_night1/E4-256m4_f2load	2026-09-13T00:20:30.295328+00:00
eval_20260913_e4_ycsb	E4-256m4_f2load__workloadb	workloadb		f2load	E4-256m4	1075200	44.638	3.834	1175109477	83.69	306487530	256507496	1009029078	166080399	156253290	14173	1175096774	52.22	109.82	381.30	81611375	76.99				304.7				50	1048576000	12663	/work/vcomp/exp/eval_20260909_night1/E4-256m4_f2load	2026-09-13T00:25:35.614004+00:00
eval_20260913_e4_ycsb	E4-256m4_f2load__workloadc	workloadc		f2load	E4-256m4	1323791	36.257	3.510	1393989641	64.35	397190192	255581451	1129698042	264291599	255581451	12704	1393976937	69.04	109.47	314.45	89082105	0.00				304.5				50	1048576000	12663	/work/vcomp/exp/eval_20260909_night1/E4-256m4_f2load	2026-09-13T00:30:40.766649+00:00
eval_20260913_e4_ycsb	E4-256m4_f2load__workloadd	workloadd		f2load	E4-256m4	2658474	18.054	1.015	769361442	92.10	757759956	697926573	443754615	325606827	321289395	13430	769348707	39.07	109.13	163.74	112086298	1.69				304.6				50	1048576000	12663	/work/vcomp/exp/eval_20260909_night1/E4-256m4_f2load	2026-09-13T00:35:45.972855+00:00
eval_20260913_e4_ycsb	E4-256m4_f2load__workloade	workloade		f2load	E4-256m4	125668	381.939						0	0	0	49	0	71.83	516.00	785.32	125379383	0.66				304.6				50	1048576000	12663	/work/vcomp/exp/eval_20260909_night1/E4-256m4_f2load	2026-09-13T00:40:51.174296+00:00
eval_20260913_e4_ycsb	E4-256m4_f2load__workloadf	workloadf		f2load	E4-256m4	606388	79.152	8.437	1535054244	86.62	181939424	157598137	1426886844	108167400	94261291	19573	1535041545	70.41	304.96	592.64	77663298	384.50				304.5				50	1048576000	12663	/work/vcomp/exp/eval_20260909_night1/E4-256m4_f2load	2026-09-13T00:45:56.303988+00:00
eval_20260913_e4_ycsb	E4-64m10_baseline__workloada	workloada		baseline	E4-64m10	738344	65.007	9.549	1057657215	86.88	110758427	96229509	991614300	66042915	56381204	21372	1057645249	71.06	309.97	573.39	50261564	512.29				304.4				50	1048576000	11944	/work/vcomp/exp/eval_20260909_night1/E4-64m10_baseline	2026-09-12T22:48:54.974788+00:00
eval_20260913_e4_ycsb	E4-64m10_baseline__workloadb	workloadb		baseline	E4-64m10	1068539	44.919	3.821	1163706832	83.56	304571109	254503533	999269411	164437421	154705835	13663	1163694856	53.78	125.08	460.21	81121527	86.08				305.0				50	1048576000	11944	/work/vcomp/exp/eval_20260909_night1/E4-64m10_baseline	2026-09-12T22:54:00.570633+00:00
eval_20260913_e4_ycsb	E4-64m10_baseline__workloadc	workloadc		baseline	E4-64m10	1489881	32.216	3.285	1468258213	60.29	447005173	269507322	1188409746	279848467	269507322	11976	1468246237	71.39	165.89	228.65	99925156	0.00				304.9				50	1048576000	11944	/work/vcomp/exp/eval_20260909_night1/E4-64m10_baseline	2026-09-12T22:59:06.032688+00:00
eval_20260913_e4_ycsb	E4-64m10_baseline__workloadd	workloadd		baseline	E4-64m10	2571886	18.662	1.060	777050830	92.01	733065344	674476314	462454951	314595879	310103456	12628	777038850	34.75	108.63	156.37	107519048	0.56				304.9				50	1048576000	11944	/work/vcomp/exp/eval_20260909_night1/E4-64m10_baseline	2026-09-12T23:04:11.530498+00:00
eval_20260913_e4_ycsb	E4-64m10_baseline__workloade	workloade		baseline	E4-64m10	113163	424.143						0	0	0	29	0	70.05	436.00	825.00	112969441	0.00				304.9				50	1048576000	11944	/work/vcomp/exp/eval_20260909_night1/E4-64m10_baseline	2026-09-12T23:09:17.014572+00:00
eval_20260913_e4_ycsb	E4-64m10_baseline__workloadf	workloadf		baseline	E4-64m10	593412	80.883	7.957	1416705730	86.49	178045025	153985404	1312191253	104514477	91728786	20196	1416693755	69.98	301.19	665.33	76066561	438.58				304.9				50	1048576000	11944	/work/vcomp/exp/eval_20260909_night1/E4-64m10_baseline	2026-09-12T23:14:22.502206+00:00
eval_20260913_e4_ycsb	E4-64m10_f2load__workloada	workloada		f2load	E4-64m10	730730	65.682	9.345	1024422543	86.92	109621757	95280641	959201864	65220679	55881291	21536	1024410274	71.16	336.21	641.52	49695552	490.31				304.1				50	1048576000	12236	/work/vcomp/exp/eval_20260909_night1/E4-64m10_f2load	2026-09-12T23:19:27.186239+00:00
eval_20260913_e4_ycsb	E4-64m10_f2load__workloadb	workloadb		f2load	E4-64m10	1074193	44.681	3.582	1096640664	83.64	306193264	256109012	931818321	164822343	155757911	13971	1096628392	52.47	117.63	436.30	80888005	82.12				304.7				50	1048576000	12236	/work/vcomp/exp/eval_20260909_night1/E4-64m10_f2load	2026-09-12T23:24:32.468234+00:00
eval_20260913_e4_ycsb	E4-64m10_f2load__workloadc	workloadc		f2load	E4-64m10	1722161	27.870	2.200	1137008005	62.66	516717177	323755498	806598058	330409947	323755498	12278	1136995727	67.21	139.85	166.00	114184932	0.00				304.6				50	1048576000	12236	/work/vcomp/exp/eval_20260909_night1/E4-64m10_f2load	2026-09-12T23:29:37.627191+00:00
eval_20260913_e4_ycsb	E4-64m10_f2load__workloadd	workloadd		f2load	E4-64m10	2794767	17.173	0.741	590121373	92.20	796617912	734505322	249967011	340154362	337717445	13040	590109046	42.64	108.88	160.10	116399191	0.90				304.6				50	1048576000	12236	/work/vcomp/exp/eval_20260909_night1/E4-64m10_f2load	2026-09-12T23:34:42.796313+00:00
eval_20260913_e4_ycsb	E4-64m10_f2load__workloade	workloade		f2load	E4-64m10	139753	343.448						0	0	0	34	0	71.58	1024.80	1141.00	124024319	0.00				304.6				50	1048576000	12236	/work/vcomp/exp/eval_20260909_night1/E4-64m10_f2load	2026-09-12T23:39:47.969136+00:00
eval_20260913_e4_ycsb	E4-64m10_f2load__workloadf	workloadf		f2load	E4-64m10	601491	79.796	8.258	1490343803	86.56	180471298	156222187	1383675480	106668323	93190849	20159	1490331518	70.33	286.88	589.89	76650294	413.71				304.5				50	1048576000	12236	/work/vcomp/exp/eval_20260909_night1/E4-64m10_f2load	2026-09-12T23:44:53.073493+00:00
eval_20260913_e5_ycsb	E5-16_baseline__workloada	workloada		baseline	E5-16	655780	73.193	8.848	870409848	86.67	98368902	85251556	813337428	57072420	49153611	68140	870355876	74.83	461.63	783.59	44612185	768.97				305.5				50	1048576000	53755	/work/vcomp/exp/eval_20260909_night1/E5-16_baseline	2026-09-13T02:53:08.662704+00:00
eval_20260913_e5_ycsb	E5-16_baseline__workloadb	workloadb		baseline	E5-16	1009794	47.532	4.188	1205395878	83.47	287815033	240234983	1050291718	155104160	144883055	57187	1205341811	66.84	138.40	486.46	76842161	162.91				306.1				50	1048576000	53755	/work/vcomp/exp/eval_20260909_night1/E5-16_baseline	2026-09-13T02:58:17.301157+00:00
eval_20260913_e5_ycsb	E5-16_baseline__workloadc	workloadc		baseline	E5-16	1397389	34.349	3.756	1574593873	60.29	419241349	252764713	1306940494	267653379	252764713	54099	1574539774	73.49	166.49	228.32	95074949	0.00				305.8				50	1048576000	53755	/work/vcomp/exp/eval_20260909_night1/E5-16_baseline	2026-09-13T03:03:25.558308+00:00
eval_20260913_e5_ycsb	E5-16_baseline__workloadd	workloadd		baseline	E5-16	2498700	19.210	1.089	775338276	91.96	712167797	654878013	474953103	300385173	295778701	55844	775283061	33.88	108.39	156.18	106269285	0.26				306.0				50	1048576000	53755	/work/vcomp/exp/eval_20260909_night1/E5-16_baseline	2026-09-13T03:08:33.991259+00:00
eval_20260913_e5_ycsb	E5-16_baseline__workloade	workloade		baseline	E5-16	90224	532.002						0	0	0	23	0	65.13	165.71	821.00	117031458	0.00				305.8				50	1048576000	53755	/work/vcomp/exp/eval_20260909_night1/E5-16_baseline	2026-09-13T03:13:42.196037+00:00
eval_20260913_e5_ycsb	E5-16_baseline__workloadf	workloadf		baseline	E5-16	547134	87.728	6.687	1097612635	86.34	164150031	141730817	1004930913	92681722	82894775	67793	1097558463	73.48	396.86	748.95	70898652	735.14				305.6				50	1048576000	53755	/work/vcomp/exp/eval_20260909_night1/E5-16_baseline	2026-09-13T03:18:50.238519+00:00
eval_20260913_e5_ycsb	E5-16_f2load__workloada	workloada		f2load	E5-16	667277	71.932	8.819	882731622	86.78	100095909	86858260	824797667	57933955	49900363	61024	882682574	73.60	417.85	723.80	45228148	636.66				305.5				50	1048576000	48915	/work/vcomp/exp/eval_20260909_night1/E5-16_f2load	2026-09-13T03:23:58.401681+00:00
eval_20260913_e5_ycsb	E5-16_f2load__workloadb	workloadb		f2load	E5-16	1017712	47.164	3.812	1105709338	83.58	290065601	242440673	950430169	155279169	146035359	51831	1105660200	66.06	154.51	549.56	76945187	133.02				305.7				50	1048576000	48915	/work/vcomp/exp/eval_20260909_night1/E5-16_f2load	2026-09-13T03:29:06.712890+00:00
eval_20260913_e5_ycsb	E5-16_f2load__workloadc	workloadc		f2load	E5-16	1482431	32.379	3.288	1462324848	62.84	444755494	279470179	1173804282	288520566	279470179	49138	1462275710	69.96	109.68	181.90	98817672	0.00				305.6				50	1048576000	48915	/work/vcomp/exp/eval_20260909_night1/E5-16_f2load	2026-09-13T03:34:14.860988+00:00
eval_20260913_e5_ycsb	E5-16_f2load__workloadd	workloadd		f2load	E5-16	2542841	18.876	0.999	724269828	91.97	724747159	666548160	421315948	302953880	298875130	50218	724220266	33.93	109.23	245.62	105660947	1.06				305.7				50	1048576000	48915	/work/vcomp/exp/eval_20260909_night1/E5-16_f2load	2026-09-13T03:39:23.130075+00:00
eval_20260913_e5_ycsb	E5-16_f2load__workloade	workloade		f2load	E5-16	139107	345.048						0	0	0	35	0	74.31	1135.99	1309.00	122822886	0.03				305.6				50	1048576000	48915	/work/vcomp/exp/eval_20260909_night1/E5-16_f2load	2026-09-13T03:44:31.313645+00:00
eval_20260913_e5_ycsb	E5-16_f2load__workloadf	workloadf		f2load	E5-16	530451	90.488	7.106	1130872890	86.36	159145890	137442853	1040622112	90250778	80117886	60114	1130823777	72.63	436.03	800.48	68131812	572.01				305.9				50	1048576000	48915	/work/vcomp/exp/eval_20260909_night1/E5-16_f2load	2026-09-13T03:49:39.826541+00:00
eval_20260913_e7_ycsb	E7-zstd_baseline__workloada	workloada		baseline	E7-zstd	655970	73.172	8.558	842062759	86.67	98399443	85278412	784047837	58014922	50376456	19527	842057006	72.30	385.88	782.11	44660596	797.02				304.3				50	1048576000	5730	/work/vcomp/exp/eval_20260909_night1/E7-zstd_baseline	2026-09-13T03:54:45.066050+00:00
eval_20260913_e7_ycsb	E7-zstd_baseline__workloadb	workloadb		baseline	E7-zstd	999197	48.035	3.908	1113000539	83.45	284807797	237677444	959068392	153932147	144598803	10582	1112994794	67.39	377.34	910.17	75286747	285.03				304.6				50	1048576000	5730	/work/vcomp/exp/eval_20260909_night1/E7-zstd_baseline	2026-09-13T03:59:49.965081+00:00
eval_20260913_e7_ycsb	E7-zstd_baseline__workloadc	workloadc		baseline	E7-zstd	1613559	29.747	2.573	1245553486	60.29	484117745	291886632	945829055	299724431	291886632	5737	1245547749	67.37	163.46	343.08	107499017	0.00				304.1				50	1048576000	5730	/work/vcomp/exp/eval_20260909_night1/E7-zstd_baseline	2026-09-13T04:04:54.324805+00:00
eval_20260913_e7_ycsb	E7-zstd_baseline__workloadd	workloadd		baseline	E7-zstd	2653114	18.091	0.855	646370784	92.06	756228977	696204586	322092770	324278014	321141844	6427	646365025	37.33	109.65	168.77	110536326	0.63				304.4				50	1048576000	5730	/work/vcomp/exp/eval_20260909_night1/E7-zstd_baseline	2026-09-13T04:09:58.956664+00:00
eval_20260913_e7_ycsb	E7-zstd_baseline__workloade	workloade		baseline	E7-zstd	112542	426.486						0	0	0	28	0	58.24	480.00	821.00	102385619	0.00				304.7				50	1048576000	5730	/work/vcomp/exp/eval_20260909_night1/E7-zstd_baseline	2026-09-13T04:15:03.885260+00:00
eval_20260913_e7_ycsb	E7-zstd_baseline__workloadf	workloadf		baseline	E7-zstd	566403	84.741	6.787	1153456280	86.40	169938718	146834112	1055490282	97965998	87689481	19562	1153450529	74.19	488.61	855.09	73226982	793.78				304.1				50	1048576000	5730	/work/vcomp/exp/eval_20260909_night1/E7-zstd_baseline	2026-09-13T04:20:08.217499+00:00
eval_20260913_match_ycsb	E2-4T_f2load__workloada	workloada		f2load	E2-4T	589446	81.429	7.811	690697246	85.78	88421560	75847067	641026972	49670274	43429272	65843	690648337	74.06	413.32	764.98	40164436	757.10				306.1				50	4294967296	48668	/work/vcomp/exp/eval_20260909_night1/E2-4T_f2load	2026-09-12T15:10:19.712951+00:00
eval_20260913_match_ycsb	E2-4T_f2load__workloadb	workloadb		f2load	E2-4T	1017324	47.178	3.996	1158708078	82.83	289982394	240191392	1004833078	153875000	144102406	52631	1158659085	66.60	150.90	509.17	80789502	152.16				305.9				50	4294967296	48668	/work/vcomp/exp/eval_20260909_night1/E2-4T_f2load	2026-09-12T15:15:28.263738+00:00
eval_20260913_match_ycsb	E2-4T_f2load__workloadc	workloadc		f2load	E2-4T	1538102	31.205	2.852	1316166571	63.99	461485879	295325378	1012278279	303888292	295325378	49032	1316117539	74.38	109.83	168.58	110788330	0.00				305.6				50	4294967296	48668	/work/vcomp/exp/eval_20260909_night1/E2-4T_f2load	2026-09-12T15:20:36.438338+00:00
eval_20260913_match_ycsb	E2-4T_f2load__workloadd	workloadd		f2load	E2-4T	2737790	17.531	0.754	588398670	84.14	780384387	656639812	296457092	291941578	289052084	50676	588348699	43.95	109.43	234.52	116239823	1.34				305.8				50	4294967296	48668	/work/vcomp/exp/eval_20260909_night1/E2-4T_f2load	2026-09-12T15:25:44.814746+00:00
eval_20260913_match_ycsb	E2-4T_f2load__workloade	workloade		f2load	E2-4T	132465	362.334						0	0	0	36	0	64.04	649.60	812.00	127800663	0.12				305.7				50	4294967296	48668	/work/vcomp/exp/eval_20260909_night1/E2-4T_f2load	2026-09-12T15:30:53.099562+00:00
eval_20260913_match_ycsb	E2-4T_f2load__workloadf	workloadf		f2load	E2-4T	503364	95.350	6.806	1028002850	85.51	151032739	129146870	943996804	84006046	74817045	63946	1027953748	72.69	370.11	706.52	65192238	669.95				306.1				50	4294967296	48668	/work/vcomp/exp/eval_20260909_night1/E2-4T_f2load	2026-09-12T15:36:01.787273+00:00
eval_20260913_match_ycsb	E3-u25_f2load__workloada	workloada		f2load	E3-u25	683732	70.200	9.071	930405694	73.58	102564424	75470802	882870976	47534718	38935242	18253	930400707	73.74	383.04	650.08	33951269	686.76				304.0				50	1048576000	4951	/work/vcomp/exp/eval_20260909_night1/E3-u25_f2load	2026-09-12T15:41:06.395609+00:00
eval_20260913_match_ycsb	E3-u25_f2load__workloadb	workloadb		f2load	E3-u25	1151046	41.698	3.919	1285779869	67.49	328100759	221445819	1160491334	125288535	113996651	9712	1285774888	64.55	156.02	482.41	42138591	170.91				303.8				50	1048576000	4951	/work/vcomp/exp/eval_20260909_night1/E3-u25_f2load	2026-09-12T15:46:10.481810+00:00
eval_20260913_match_ycsb	E3-u25_f2load__workloadc	workloadc		f2load	E3-u25	3078950	15.589	2.855	2637113732	24.74	923790417	228545949	2390730804	246382928	228545949	4980	2637108752	68.31	109.42	168.82	71203159	0.00				304.3				50	1048576000	4951	/work/vcomp/exp/eval_20260909_night1/E3-u25_f2load	2026-09-12T15:51:15.037000+00:00
eval_20260913_match_ycsb	E3-u25_f2load__workloadd	workloadd		f2load	E3-u25	4120633	11.648	0.841	988258481	85.74	1174522075	1007053675	566372338	421886143	416392352	6088	988253508	47.79	109.41	244.38	82708440	2.62				304.4				50	1048576000	4951	/work/vcomp/exp/eval_20260909_night1/E3-u25_f2load	2026-09-12T15:56:19.711938+00:00
eval_20260913_match_ycsb	E3-u25_f2load__workloade	workloade		f2load	E3-u25	150980	317.913						0	0	0	65	0	69.50	492.80	809.39	124859473	1.16				304.4				50	1048576000	4951	/work/vcomp/exp/eval_20260909_night1/E3-u25_f2load	2026-09-12T16:01:24.400147+00:00
eval_20260913_match_ycsb	E3-u25_f2load__workloadf	workloadf		f2load	E3-u25	618520	77.602	7.607	1411689740	73.22	185570832	135878802	1327514759	84174981	71241211	19217	1411684742	74.60	419.23	692.86	55814533	688.44				303.9				50	1048576000	4951	/work/vcomp/exp/eval_20260909_night1/E3-u25_f2load	2026-09-12T16:06:28.558831+00:00
eval_20260913_match_ycsb	E4-64m4_f2load__workloada	workloada		f2load	E4-64m4	758839	63.253	9.527	1084506573	87.04	113831668	99083058	1016234074	68272499	58372908	18959	1084494710	71.20	323.92	587.70	51805447	435.05				304.3				50	1048576000	11846	/work/vcomp/exp/eval_20260909_night1/E4-64m4_f2load	2026-09-12T16:11:33.507843+00:00
eval_20260913_match_ycsb	E4-64m4_f2load__workloadb	workloadb		f2load	E4-64m4	1072564	44.750	3.800	1161791926	83.70	305725135	255900114	996228418	165563508	155869479	13151	1161780056	36.00	109.93	526.42	80443078	69.59				304.6				50	1048576000	11846	/work/vcomp/exp/eval_20260909_night1/E4-64m4_f2load	2026-09-12T16:16:38.711308+00:00
eval_20260913_match_ycsb	E4-64m4_f2load__workloadc	workloadc		f2load	E4-64m4	1565801	30.653	2.909	1366413256	60.68	469797587	285090264	1071637560	294775696	285090264	11878	1366401378	69.06	126.79	303.92	103808644	0.00				304.6				50	1048576000	11846	/work/vcomp/exp/eval_20260909_night1/E4-64m4_f2load	2026-09-12T16:21:43.864838+00:00
eval_20260913_match_ycsb	E4-64m4_f2load__workloadd	workloadd		f2load	E4-64m4	2718497	17.656	0.885	685507494	92.14	774863679	713944537	353147402	332360092	328933393	12580	685495591	33.98	109.33	222.29	112693112	0.13				304.6				50	1048576000	11846	/work/vcomp/exp/eval_20260909_night1/E4-64m4_f2load	2026-09-12T16:26:49.011497+00:00
eval_20260913_match_ycsb	E4-64m4_f2load__workloade	workloade		f2load	E4-64m4	149029	322.067						0	0	0	38	0	73.10	561.33	804.00	118966883	0.00				304.6				50	1048576000	11846	/work/vcomp/exp/eval_20260909_night1/E4-64m4_f2load	2026-09-12T16:31:54.234388+00:00
eval_20260913_match_ycsb	E4-64m4_f2load__workloadf	workloadf		f2load	E4-64m4	608731	78.848	8.446	1542589925	86.64	182639312	158238677	1433887713	108702212	94732215	18020	1542578051	69.46	242.69	567.92	77569972	368.12				304.7				50	1048576000	11846	/work/vcomp/exp/eval_20260909_night1/E4-64m4_f2load	2026-09-12T16:36:59.486194+00:00
eval_20260913_match_ycsb	E5-256_f2load__workloada	workloada		f2load	E5-256	714690	67.156	8.842	948054685	86.83	107217291	93091655	884436606	63618079	54995924	16890	948051326	72.73	418.86	772.21	49134924	774.25				303.9				50	1048576000	3346	/work/vcomp/exp/eval_20260909_night1/E5-256_f2load	2026-09-12T16:42:03.627624+00:00
eval_20260913_match_ycsb	E5-256_f2load__workloadb	workloadb		f2load	E5-256	1027916	46.692	4.191	1228058975	83.50	293007488	244673758	1068696088	159362887	148956830	5957	1228055601	54.66	132.35	519.92	77866126	138.17				304.4				50	1048576000	3346	/work/vcomp/exp/eval_20260909_night1/E5-256_f2load	2026-09-12T16:47:08.264021+00:00
eval_20260913_match_ycsb	E5-256_f2load__workloadc	workloadc		f2load	E5-256	1658839	28.934	2.911	1448782482	63.40	497710650	315571526	1123655936	325126546	315571526	3358	1448779124	69.38	109.71	169.49	111845511	0.00				304.2				50	1048576000	3346	/work/vcomp/exp/eval_20260909_night1/E5-256_f2load	2026-09-12T16:52:12.656927+00:00
eval_20260913_match_ycsb	E5-256_f2load__workloadd	workloadd		f2load	E5-256	2706588	17.734	0.846	652263369	92.07	771437933	710242750	319781300	332482069	329362195	4111	652259996	44.33	109.79	322.25	114864849	1.32				304.4				50	1048576000	3346	/work/vcomp/exp/eval_20260909_night1/E5-256_f2load	2026-09-12T16:57:17.177682+00:00
eval_20260913_match_ycsb	E5-256_f2load__workloade	workloade		f2load	E5-256	105175	456.356						0	0	0	39	0	73.50	744.72	813.00	134303249	0.86				304.3				50	1048576000	3346	/work/vcomp/exp/eval_20260909_night1/E5-256_f2load	2026-09-12T17:02:21.692173+00:00
eval_20260913_match_ycsb	E5-256_f2load__workloadf	workloadf		f2load	E5-256	584516	82.114	7.216	1265601999	86.46	175376831	151637386	1163521201	102080798	90742880	15699	1265598632	72.61	342.83	574.99	75855058	687.49				304.5				50	1048576000	3346	/work/vcomp/exp/eval_20260909_night1/E5-256_f2load	2026-09-12T17:07:26.325450+00:00
fix_20260913_ycsbc	E1-100B_f2load__workloadc	workloadc		f2load	E1-100B	2614711	18.357	2.411	1891357728	60.04	784499671	471020519	1410074422	481283306	471020519	1574	1891356154	68.97	119.59	378.18	70206303	0.00				304.2				50	1048576000	1393	/work/vcomp/exp/fix_20260913/E1-100B_f2load	2026-09-13T12:51:40.069469+00:00
fix_20260913_ycsbc	E1-10KB_f2load__workloadc	workloadc		f2load	E1-10KB	1125725	42.639	4.809	1624083675	59.99	337739404	202599556	1405096461	218987214	202599556	137357	1623946318	86.91	157.63	679.44	94886252	0.00				308.3				50	1048576000	130190	/work/vcomp/exp/fix_20260913/E1-10KB_f2load	2026-09-13T11:25:21.638505+00:00
fix_20260913_ycsbc	E1-500B_f2load__workloadc	workloadc		f2load	E1-500B	1748037	27.458	2.939	1541402357	59.99	524472828	314617826	1216905899	324496458	314617826	6043	1541396314	68.98	109.51	166.69	106471083	0.00				304.3				50	1048576000	6013	/work/vcomp/exp/fix_20260913/E1-500B_f2load	2026-09-13T13:23:16.358927+00:00
fix_20260913_ycsbc	E1-5KB_f2load__workloadc	workloadc		f2load	E1-5KB	1275958	37.617	4.793	1834907371	59.83	382828111	229049734	1587918131	246989240	229049734	60767	1834846604	75.77	169.54	646.27	96578207	0.00				305.8				50	1048576000	60281	/work/vcomp/exp/fix_20260913/E1-5KB_f2load	2026-09-13T11:57:55.673947+00:00
fix_20260913_ycsbc	E2-2T_baseline__workloadc	workloadc		baseline	E2-2T	1333718	35.987	4.085	1634860419	60.67	400161957	242769110	1380430322	254430097	242769110	27621	1634832798	72.91	166.52	246.56	95579322	0.00				306.0				50	2097152000	27508	/work/vcomp/exp/eval_20260909_night1/E2-2T_baseline	2026-09-13T20:39:42.373032+00:00
fix_20260913_ycsbc	E2-2T_f2load__workloadc	workloadc		f2load	E2-2T	1333616	35.990	4.348	1739890962	60.16	400135152	240739389	1486471742	253419220	240739389	26795	1739864167	69.30	109.69	186.95	95142881	0.00				305.1				50	2097152000	26736	/work/vcomp/exp/fix_20260913/E2-2T_f2load	2026-09-13T20:44:49.211144+00:00
fix_20260913_ycsbc	E2-4T_baseline__workloadc	workloadc		baseline	E2-4T	1249389	38.415	4.260	1597049713	66.12	374875971	247850207	1336442058	260607655	247850207	47913	1597001800	73.97	166.53	230.70	93476317	0.00				308.1				50	4194304000	47740	/work/vcomp/exp/eval_20260909_night1/E2-4T_baseline	2026-09-13T21:09:02.733522+00:00
fix_20260913_ycsbc	E2-4T_f2load__workloadc	workloadc		f2load	E2-4T	1380079	34.778	4.057	1679773068	65.64	414084687	271796559	1390651440	289121628	271796559	48239	1679724829	69.49	109.69	206.31	102408005	0.00				305.8				50	4194304000	48064	/work/vcomp/exp/fix_20260913/E2-4T_f2load	2026-09-13T20:49:57.875296+00:00
fix_20260913_ycsbc	E2-8T_baseline__workloadc	workloadc		baseline	E2-8T	1180006	40.674	4.473	1583506939	65.43	354048814	231653880	1341258761	242248178	231653880	106703	1583400236	75.78	166.95	237.76	101019056	0.00				313.3				50	8388608000	102295	/work/vcomp/exp/eval_20260909_night1/E2-8T_baseline	2026-09-13T20:55:17.219573+00:00
fix_20260913_ycsbc	E2-8T_f2load__workloadc	workloadc		f2load	E2-8T	1254065	38.273	4.258	1602110849	65.27	376264580	245605561	1344807239	257303610	245605561	110174	1602000675	70.07	109.66	309.45	106776837	0.00				307.7				50	8388608000	104730	/work/vcomp/exp/fix_20260913/E2-8T_f2load	2026-09-13T21:00:31.282741+00:00
fix_20260913_ycsbc	E3-u100_f2load__workloadc	workloadc		f2load	E3-u100	1077924	44.527	3.447	1114813625	97.20	323425508	314354345	793915478	320898147	314354345	17793	1114795832	69.15	109.79	168.14	119081563	0.00				304.7				50	1048576000	17734	/work/vcomp/exp/fix_20260913/E3-u100_f2load	2026-09-13T12:10:58.144311+00:00
fix_20260913_ycsbc	E3-u25_f2load__workloadc	workloadc		f2load	E3-u25	2789222	17.208	3.055	2556940011	23.96	836857678	200534632	2336902193	220037818	200534632	4985	2556935026	68.68	109.37	169.57	59841196	0.00				304.3				50	1048576000	4953	/work/vcomp/exp/fix_20260913/E3-u25_f2load	2026-09-13T12:58:01.980012+00:00
fix_20260913_ycsbc	E3-u50_f2load__workloadc	workloadc		f2load	E3-u50	1842750	26.047	3.540	1957240142	50.31	552883873	278153371	1662717937	294522205	278153371	10232	1957229910	69.48	109.69	213.18	94649483	0.00				304.4				50	1048576000	10206	/work/vcomp/exp/fix_20260913/E3-u50_f2load	2026-09-13T12:24:10.048823+00:00
fix_20260913_ycsbc	E3-u75_f2load__workloadc	workloadc		f2load	E3-u75	1356582	35.381	3.469	1411961160	74.39	407028328	302785658	1082879247	329081913	302785658	14116	1411947044	69.56	109.76	169.85	110148961	0.00				304.5				50	1048576000	14066	/work/vcomp/exp/fix_20260913/E3-u75_f2load	2026-09-13T12:17:38.607906+00:00
fix_20260913_ycsbc	E4-1024m10_f2load__workloadc	workloadc		f2load	E4-1024m10	1479714	32.433	2.915	1294444797	60.00	444081358	266435186	1020230611	274214186	266435186	18535	1294431841	92.08	654.09	1251.71	98251606	308.24				304.5				50	1048576000	12969	/work/vcomp/exp/fix_20260913/E4-1024m10_f2load	2026-09-13T13:11:36.502272+00:00
fix_20260913_ycsbc	E4-1024m4_f2load__workloadc	workloadc		f2load	E4-1024m4	1456066	32.963	4.237	1851178414	60.17	436875875	262874856	1573344940	277833474	262874856	14538	1851164017	69.79	155.98	515.97	99725335	4.75				304.5				50	1048576000	14343	/work/vcomp/exp/fix_20260913/E4-1024m4_f2load	2026-09-13T13:29:33.298957+00:00
fix_20260913_ycsbc	E4-256m4_f2load__workloadc	workloadc		f2load	E4-256m4	1455230	32.983	4.370	1908150171	60.03	436626051	262095368	1632305452	275844719	262095368	12598	1908137573	70.78	109.71	194.82	98416393	0.00				304.5				50	1048576000	12573	/work/vcomp/exp/fix_20260913/E4-256m4_f2load	2026-09-13T12:30:22.499335+00:00
fix_20260913_ycsbc	E4-64m10_f2load__workloadc	workloadc		f2load	E4-64m10	1456691	32.948	3.715	1623788916	59.76	437078430	261198563	1351112790	272676126	261198563	12039	1623776877	75.67	166.74	246.24	96799111	0.00				304.8				50	1048576000	12018	/work/vcomp/exp/fix_20260913/E4-64m10_f2load	2026-09-13T11:31:33.390195+00:00
fix_20260913_ycsbc	E4-64m4_f2load__workloadc	workloadc		f2load	E4-64m4	1647313	29.137	3.040	1502321229	58.96	494241766	291429168	1199832392	302488837	291429168	11040	1502310189	69.32	109.61	183.46	108262585	0.00				304.4				50	1048576000	11021	/work/vcomp/exp/fix_20260913/E4-64m4_f2load	2026-09-13T12:04:02.875690+00:00
fix_20260913_ycsbc	E5-16_f2load__workloadc	workloadc		f2load	E5-16	1430397	33.557	4.181	1794439528	60.02	429145175	257577164	1522692492	271747036	257577164	52911	1794386617	69.31	109.59	167.15	96883150	0.00				305.6				50	1048576000	52790	/work/vcomp/exp/fix_20260913/E5-16_f2load	2026-09-13T12:46:03.558842+00:00
fix_20260913_ycsbc	E5-256-r2_baseline__workloadc	workloadc		baseline	E5-256-r2	1538166	31.203	3.548	1637633772	60.29	461530319	278267245	1347924777	289708995	278267245	3279	1637630493	68.85	109.63	169.04	104294848	0.00				304.3				50	1048576000	3252	/work/vcomp/exp/fix_20260913/E5-256-r2_baseline	2026-09-13T15:06:03.700303+00:00
fix_20260913_ycsbc	E5-256_f2load__workloadc	workloadc		f2load	E5-256	1608386	29.842	3.359	1620718262	60.01	482570151	289609592	1320831444	299886818	289609592	3322	1620714940	72.79	109.83	164.79	108427299	0.00				304.2				50	1048576000	3306	/work/vcomp/exp/fix_20260913/E5-256_f2load	2026-09-13T09:47:30.333609+00:00
fix_20260913_ycsbc	E5-sst16_baseline__workloadc	workloadc		baseline	E5-sst16	1450919	33.082	3.552	1546409151	60.29	435302828	262448495	1274272174	272136977	262448495	54561	1546354590	74.22	167.00	234.27	98520588	0.00				307.2				50	1048576000	54193	/work/vcomp/exp/fix_20260913/E5-sst16_baseline	2026-09-13T20:19:15.250692+00:00
fix_20260913_ycsbc	E5-sst16_f2load__workloadc	workloadc		f2load	E5-sst16	1441522	33.296	4.073	1761686366	59.81	432506180	258703272	1490497916	271188450	258703272	52859	1761633507	74.79	109.84	185.15	97482515	0.00				305.9				50	1048576000	52740	/work/vcomp/exp/fix_20260913/E5-sst16_f2load	2026-09-13T20:24:24.333937+00:00
fix_20260913_ycsbc	E5-sst256_baseline__workloadc	workloadc		baseline	E5-sst256	1598062	30.034	3.360	1610893833	60.29	479477270	289086369	1309547459	301346374	289086369	3271	1610890562	72.71	165.64	216.15	108084877	0.00				304.5				50	1048576000	3256	/work/vcomp/exp/fix_20260913/E5-sst256_baseline	2026-09-13T20:29:29.681069+00:00
fix_20260913_ycsbc	E5-sst256_f2load__workloadc	workloadc		f2load	E5-sst256	1677114	28.619	2.916	1467380928	59.82	503193595	301012392	1156727233	310653695	301012392	3339	1467377589	69.34	109.76	206.46	112326212	0.00				304.4				50	1048576000	3322	/work/vcomp/exp/fix_20260913/E5-sst256_f2load	2026-09-13T20:34:34.662844+00:00
fix_20260913_ycsbc	E7-lz4_f2load__workloadc	workloadc		f2load	E7-lz4	1722319	27.867	2.841	1467974225	60.02	516770517	310148948	1146939705	321034520	310148948	6919	1467967306	66.77	130.46	357.80	114636559	0.00				304.0				50	1048576000	6905	/work/vcomp/exp/fix_20260913/E7-lz4_f2load	2026-09-13T13:17:35.731675+00:00
fix_20260913_ycsbc	E7-zstd_f2load__workloadc	workloadc		f2load	E7-zstd	1689369	28.412	2.669	1352630951	60.02	506863766	304242934	1039480138	313150813	304242934	5899	1352625052	66.34	131.17	555.96	111880602	0.00				304.0				50	1048576000	5886	/work/vcomp/exp/fix_20260913/E7-zstd_f2load	2026-09-13T13:05:19.963893+00:00
fix_20260913_ycsbc	P0fix-r1_f2load__workloadc	workloadc		f2load	P0fix-r1	1580368	30.370	3.209	1521781023	59.80	474182706	283557425	1228797511	292983512	283557425	13286	1521767737	69.46	109.72	229.25	106496364	0.00				304.5				50	1048576000	13261	/work/vcomp/exp/fix_20260913/P0fix-r1_f2load	2026-09-13T08:58:27.058525+00:00
fix_20260913_ycsbc	P0fix-r2_f2load__workloadc	workloadc		f2load	P0fix-r2	1532047	31.328	3.758	1727297404	59.66	459675913	274255213	1441454900	285842504	274255213	13236	1727284168	68.93	109.65	169.80	103571551	0.00				304.5				50	1048576000	13210	/work/vcomp/exp/fix_20260913/P0fix-r2_f2load	2026-09-13T09:03:32.178862+00:00
fix_20260914_ycsba_fixed_deep	E1-100B_baseline__workloada	workloada	uniform	baseline	E1-100B	758895	63.180	7.431	371509657	64.07	49997638	32035249	336211754	35297903	32018301	2597	371508110	70.02	219.78	604.68	21949364	62.86	131.8	21.8	153.6	157.7	100000000	deep	True	50	1048576000	1380	/work/vcomp/exp/eval_20260909_night1/E1-100B_baseline	2026-09-14T11:12:13.102365+00:00
fix_20260914_ycsba_fixed_deep	E1-100B_f2load__workloada	workloada	uniform	f2load	E1-100B	747566	64.168	7.852	392573963	63.79	49997638	31891098	357216733	35357230	31874134	3248	392572397	70.33	228.29	736.55	22254550	66.65	133.8	22.8	156.6	161.1	100000000	deep	True	50	1048576000	1393	/work/vcomp/exp/fix_20260913/E1-100B_f2load	2026-09-14T11:15:20.245305+00:00
fix_20260914_ycsba_fixed_deep	E1-10KB_baseline__workloada	workloada	uniform	baseline	E1-10KB	47860	1000.220	7.982	399085816	64.07	49997638	32035220	363559087	35526729	32032992	327811	398947656	95.86	747.78	1197.37	42186389	11668.23	2089.4	17.0	2106.4	2122.7	100000000	deep	True	50	1048576000	130732	/work/vcomp/exp/eval_20260909_night1/E1-10KB_baseline	2026-09-14T09:12:44.817140+00:00
fix_20260914_ycsba_fixed_deep	E1-10KB_f2load__workloada	workloada	uniform	f2load	E1-10KB	43063	1110.597	8.851	442552416	63.74	49997638	31869326	406805760	35746656	31867436	424679	442417725	96.04	826.75	1461.16	42627267	11854.72	2322.1	29.3	2351.4	2362.2	100000000	deep	True	50	1048576000	130190	/work/vcomp/exp/fix_20260913/E1-10KB_f2load	2026-09-14T10:15:42.571962+00:00
fix_20260914_ycsba_fixed_deep	E2-2T_baseline__workloada	workloada	uniform	baseline	E2-2T	383418	124.723	13.740	686961985	63.64	49997638	31820218	648819062	38142923	31818676	42665	686934425	74.21	480.55	838.24	37586705	901.01	260.8	19.6	280.4	286.6	100000000	deep	True	50	2097152000	27508	/work/vcomp/exp/eval_20260909_night1/E2-2T_baseline	2026-09-14T07:35:03.462378+00:00
fix_20260914_ycsba_fixed_deep	E2-2T_f2load__workloada	workloada	uniform	f2load	E2-2T	381074	125.741	13.496	674768911	63.31	49997638	31652271	636917065	37851846	31650797	51222	674742119	75.63	508.82	869.94	37360450	949.75	262.4	24.4	286.8	292.0	100000000	deep	True	50	2097152000	26736	/work/vcomp/exp/fix_20260913/E2-2T_f2load	2026-09-14T07:45:15.096027+00:00
fix_20260914_ycsba_fixed_deep	E2-4T_baseline__workloada	workloada	uniform	baseline	E2-4T	355040	134.688	12.626	631259739	63.43	49997638	31715239	593763051	37496688	31714331	65967	631211935	75.51	504.94	886.42	37587413	1082.91	281.7	22.6	304.3	312.6	100000000	deep	True	50	4194304000	47740	/work/vcomp/exp/eval_20260909_night1/E2-4T_baseline	2026-09-14T07:59:36.299641+00:00
fix_20260914_ycsba_fixed_deep	E2-4T_f2load__workloada	workloada	uniform	f2load	E2-4T	349295	137.042	12.414	620680683	62.83	49997638	31411903	583580792	37099891	31411116	79059	620632527	75.29	456.18	790.26	37261237	1154.80	286.3	16.8	303.1	309.3	100000000	deep	True	50	4194304000	48064	/work/vcomp/exp/fix_20260913/E2-4T_f2load	2026-09-14T08:13:49.998497+00:00
fix_20260914_ycsba_fixed_deep	E2-8T_baseline__workloada	workloada	uniform	baseline	E2-8T	323850	147.382	13.029	651438582	63.32	49997638	31660690	613801369	37637213	31659959	122128	651334309	75.03	478.80	848.35	38137368	1089.67	308.8	22.6	331.4	344.9	100000000	deep	True	50	8388608000	102295	/work/vcomp/exp/eval_20260909_night1/E2-8T_baseline	2026-09-14T10:41:39.759714+00:00
fix_20260914_ycsba_fixed_deep	E2-8T_f2load__workloada	workloada	uniform	f2load	E2-8T	313740	151.947	12.187	609345428	63.10	49997638	31549421	572228041	37117387	31548845	144644	609238434	73.55	429.97	770.09	37787324	1228.33	318.7	34.8	353.5	362.1	100000000	deep	True	50	8388608000	104730	/work/vcomp/exp/fix_20260913/E2-8T_f2load	2026-09-14T11:07:19.082227+00:00
fix_20260914_ycsba_fixed_deep	E3-u100_baseline__workloada	workloada	uniform	baseline	E3-u100	390299	122.843	13.870	693443689	100.00	49997638	49997638	637238179	56205510	49995012	32992	693424767	75.05	500.32	853.90	54544402	858.26	256.2	17.6	273.8	278.7	100000000	deep	True	50	1048576000	18883	/work/vcomp/exp/eval_20260909_night1/E3-u100_baseline	2026-09-14T07:15:59.368454+00:00
fix_20260914_ycsba_fixed_deep	E3-u100_f2load__workloada	workloada	uniform	f2load	E3-u100	380681	125.733	13.605	680213428	96.77	49997638	48382975	625739430	54473998	48380260	39098	680195623	75.02	482.41	846.48	52939374	858.70	262.7	10.2	272.9	278.2	100000000	deep	True	50	1048576000	17734	/work/vcomp/exp/fix_20260913/E3-u100_f2load	2026-09-14T07:24:51.958584+00:00
fix_20260914_ycsba_fixed_deep	E3-u25_baseline__workloada	workloada	uniform	baseline	E3-u25	441912	108.553	14.402	720082169	26.76	49997638	13381087	699883602	20198567	13378446	16723	720077275	73.90	435.95	746.92	19070379	713.78	226.3	15.4	241.7	245.1	100000000	deep	True	50	1048576000	4874	/work/vcomp/exp/eval_20260909_night1/E3-u25_baseline	2026-09-14T05:32:16.678120+00:00
fix_20260914_ycsba_fixed_deep	E3-u25_f2load__workloada	workloada	uniform	f2load	E3-u25	435210	110.221	14.381	718999507	26.62	49997638	13306896	698882300	20117207	13304229	18073	718994532	74.72	409.83	688.42	19015501	726.24	229.8	9.2	239.0	242.9	100000000	deep	True	50	1048576000	4953	/work/vcomp/exp/fix_20260913/E3-u25_f2load	2026-09-14T05:37:44.688819+00:00
fix_20260914_ycsba_fixed_deep	E3-u50_baseline__workloada	workloada	uniform	baseline	E3-u50	427700	112.147	14.482	724062073	51.18	49997638	25589995	691736478	32325595	25587238	21823	724051837	73.89	423.42	742.14	30905900	718.96	233.8	14.6	248.4	252.7	100000000	deep	True	50	1048576000	10207	/work/vcomp/exp/eval_20260909_night1/E3-u50_baseline	2026-09-14T05:57:37.459267+00:00
fix_20260914_ycsba_fixed_deep	E3-u50_f2load__workloada	workloada	uniform	f2load	E3-u50	408791	117.253	14.481	723997432	50.99	49997638	25493329	691773333	32224099	25490525	28138	723987179	73.57	435.38	782.91	30888903	756.88	244.6	8.8	253.4	257.7	100000000	deep	True	50	1048576000	10206	/work/vcomp/exp/fix_20260913/E3-u50_f2load	2026-09-14T06:04:50.007706+00:00
fix_20260914_ycsba_fixed_deep	E3-u75_baseline__workloada	workloada	uniform	baseline	E3-u75	387478	123.739	14.202	710053490	75.58	49997638	37789380	665776461	44277029	37786629	28080	710038739	73.69	483.29	837.36	42698643	818.19	258.1	19.8	277.9	283.0	100000000	deep	True	50	1048576000	14732	/work/vcomp/exp/eval_20260909_night1/E3-u75_baseline	2026-09-14T06:59:07.776266+00:00
fix_20260914_ycsba_fixed_deep	E3-u75_f2load__workloada	workloada	uniform	f2load	E3-u75	405633	118.217	13.788	689382847	74.54	49997638	37269848	645823583	43559264	37267178	34408	689368725	73.90	487.49	852.60	42115278	845.62	246.5	19.4	265.9	270.7	100000000	deep	True	50	1048576000	14066	/work/vcomp/exp/fix_20260913/E3-u75_f2load	2026-09-14T07:07:12.007008+00:00
fix_20260914_ycsba_fixed_deep	E4-1024m10_baseline__workloada	workloada	uniform	baseline	E4-1024m10	392346	122.224	14.077	703820467	64.07	49997638	32035266	665306376	38514091	32032401	23730	703812067	72.18	394.58	710.33	36997471	928.07	254.9	8.0	262.9	267.0	100000000	deep	True	50	1048576000	13021	/work/vcomp/exp/eval_20260909_night1/E4-1024m10_baseline	2026-09-14T06:27:24.801396+00:00
fix_20260914_ycsba_fixed_deep	E4-1024m10_f2load__workloada	workloada	uniform	f2load	E4-1024m10	389687	123.007	14.373	718627370	63.72	49997638	31859633	680141392	38485978	31856866	25924	718619424	72.02	369.34	618.44	36956640	939.12	256.6	7.8	264.4	268.4	100000000	deep	True	50	1048576000	12969	/work/vcomp/exp/fix_20260913/E4-1024m10_f2load	2026-09-14T06:35:05.573158+00:00
fix_20260914_ycsba_fixed_deep	E4-256m4_baseline__workloada	workloada	uniform	baseline	E4-256m4	437301	109.654	19.144	957156993	64.07	49997638	32035233	916190751	40966242	32032521	17911	957144426	72.05	371.77	649.83	38263902	394.04	228.7	20.6	249.3	253.7	100000000	deep	True	50	1048576000	12561	/work/vcomp/exp/eval_20260909_night1/E4-256m4_baseline	2026-09-14T06:12:14.053359+00:00
fix_20260914_ycsba_fixed_deep	E4-256m4_f2load__workloada	workloada	uniform	f2load	E4-256m4	436908	109.729	19.276	963744665	63.74	49997638	31868311	922880246	40864419	31865703	18198	963732076	71.98	356.16	628.73	38195384	399.47	228.9	24.8	253.7	257.9	100000000	deep	True	50	1048576000	12573	/work/vcomp/exp/fix_20260913/E4-256m4_f2load	2026-09-14T06:19:40.663666+00:00
fix_20260914_ycsba_fixed_deep	E7-lz4_baseline__workloada	workloada	uniform	baseline	E7-lz4	396564	120.867	14.141	707011622	64.07	49997638	32035260	668465504	38546118	32032643	19740	707004801	78.78	523.77	956.99	36954551	792.94	252.2	8.6	260.8	265.0	100000000	deep	True	50	1048576000	6811	/work/vcomp/exp/eval_20260909_night1/E7-lz4_baseline	2026-09-14T05:44:11.343979+00:00
fix_20260914_ycsba_fixed_deep	E7-lz4_f2load__workloada	workloada	uniform	f2load	E7-lz4	404272	118.607	14.334	716686588	63.71	49997638	31853475	678227374	38459214	31850789	22550	716679662	75.02	489.75	926.97	36862489	825.64	247.4	10.6	258.0	262.1	100000000	deep	True	50	1048576000	6905	/work/vcomp/exp/fix_20260913/E7-lz4_f2load	2026-09-14T05:50:32.714244+00:00
fix_20260914_ycsba_fixed_deep	P0-r1_baseline__workloada	workloada	uniform	baseline	P0-r1	403887	118.726	14.506	725242322	64.07	49997638	32035244	686520475	38721847	32032544	26605	725228770	74.53	481.88	803.06	37269774	802.96	247.6	19.0	266.6	271.1	100000000	deep	True	50	1048576000	13539	/work/vcomp/exp/eval_20260909_night1/P0-r1_baseline	2026-09-14T06:42:59.903130+00:00
fix_20260914_ycsba_fixed_deep	P0fix-r1_f2load__workloada	workloada	uniform	f2load	P0fix-r1	399188	120.121	14.377	718837686	63.79	49997638	31895400	680315034	38522652	31892676	33247	718824370	74.88	480.83	840.52	37137898	822.78	250.5	12.2	262.7	267.4	100000000	deep	True	50	1048576000	13261	/work/vcomp/exp/fix_20260913/P0fix-r1_f2load	2026-09-14T06:50:51.746430+00:00
fix_20260914_ycsbc_global_unique_u100	E3-u100_f2load__workloadc	workloadc	zipfian	f2load	E3-u100	1043696	45.988	3.853	1206600528	98.47	313145695	308356226	890844403	315756125	308356226	17800	1206582728	74.68	109.84	165.07	117149432	0.00	300.0		300.0	304.6		hardlink	False	50	1048576000	17747	/work/vcomp/exp/global_unique_20260914/E3-u100_f2load	2026-09-14T12:32:26.024887+00:00
fix_20260914_ycsbc_nobitmap	E3-u100_f2load__workloadc	workloadc		f2load	E3-u100	1233530	38.910	3.528	1305908389	81.73	370110781	302494584	994693236	311215153	302494584	17772	1305890617	69.13	109.74	190.72	113861043	0.00	300.0		300.0	304.8		hardlink	False	50	1048576000	17723	/work/vcomp/exp/nobitmap_20260914/E3-u100_f2load	2026-09-14T11:46:18.109013+00:00
fix_20260914_ycsbc_nobitmap	E3-u25_f2load__workloadc	workloadc		f2load	E3-u25	3003735	15.979	2.805	2527641102	27.76	901243315	250223606	2258877444	268763658	250223606	4996	2527636106	70.68	109.69	279.65	69546137	0.00	300.0		300.0	304.1		hardlink	False	50	1048576000	4965	/work/vcomp/exp/nobitmap_20260914/E3-u25_f2load	2026-09-14T11:31:00.979436+00:00
fix_20260914_ycsbc_nobitmap	E3-u50_f2load__workloadc	workloadc		f2load	E3-u50	1826846	26.273	3.483	1909211136	49.77	548121757	272826311	1611644601	297566535	272826311	10287	1909200849	68.92	109.63	166.55	97379086	0.00	300.0		300.0	304.6		hardlink	False	50	1048576000	10265	/work/vcomp/exp/nobitmap_20260914/E3-u50_f2load	2026-09-14T11:36:06.450917+00:00
fix_20260914_ycsbc_nobitmap	E3-u75_f2load__workloadc	workloadc		f2load	E3-u75	1488121	32.253	3.282	1465323498	67.77	446497283	302576930	1152863102	312460396	302576930	14071	1465309427	69.95	109.89	175.28	108705279	0.00	300.0		300.0	304.6		hardlink	False	50	1048576000	14036	/work/vcomp/exp/nobitmap_20260914/E3-u75_f2load	2026-09-14T11:41:12.096879+00:00
fix_20260914_ycsbc_uniform_deep	E1-100B_baseline__workloadc	workloadc	uniform	baseline	E1-100B	1607373	29.860	2.122	1023558987	63.21	482279853	304871736	711739940	311819047	304871736	1561	1023557426	68.87	126.22	183.21	122772030	0.00				304.1		deep		50	1048576000	1380	/work/vcomp/exp/eval_20260909_night1/E1-100B_baseline	2026-09-13T21:43:54.553610+00:00
fix_20260914_ycsbc_uniform_deep	E1-100B_f2load__workloadc	workloadc	uniform	f2load	E1-100B	1611399	29.785	2.432	1176033810	62.92	483499079	304215346	863392227	312641583	304215346	1572	1176032238	68.52	109.96	167.82	121950662	0.00				304.1		deep		50	1048576000	1393	/work/vcomp/exp/fix_20260913/E1-100B_f2load	2026-09-13T21:49:19.659449+00:00
fix_20260914_ycsbc_uniform_deep	E1-10KB_baseline__workloadc	workloadc	uniform	baseline	E1-10KB	639496	75.056	5.063	971354969	63.22	191863894	121287356	841998719	129356250	121287356	153889	971201080	79.96	158.23	347.94	127937821	0.00				315.7		deep		50	1048576000	130732	/work/vcomp/exp/eval_20260909_night1/E1-10KB_baseline	2026-09-14T01:40:42.787943+00:00
fix_20260914_ycsbc_uniform_deep	E1-10KB_f2load__workloadc	workloadc	uniform	f2load	E1-10KB	640524	74.938	4.815	925386538	62.88	192169903	120827432	796955806	128430732	120827432	140000	925246538	78.33	158.17	442.43	128008055	0.00				308.2		deep		50	1048576000	130190	/work/vcomp/exp/fix_20260913/E1-10KB_f2load	2026-09-14T02:09:07.929299+00:00
fix_20260914_ycsbc_uniform_deep	E2-2T_baseline__workloadc	workloadc	uniform	baseline	E2-2T	729950	65.753	4.104	898951583	63.21	219017607	138446028	753168415	145783168	138446028	27641	898923942	69.96	109.93	169.07	140146910	0.00				305.8		deep		50	2097152000	27508	/work/vcomp/exp/eval_20260909_night1/E2-2T_baseline	2026-09-14T00:34:19.853191+00:00
fix_20260914_ycsbc_uniform_deep	E2-2T_f2load__workloadc	workloadc	uniform	f2load	E2-2T	739192	64.931	4.321	958351008	62.87	221787799	139444038	811014200	147336808	139444038	26823	958324185	68.65	109.79	164.89	141369509	0.00				305.0		deep		50	2097152000	26736	/work/vcomp/exp/fix_20260913/E2-2T_f2load	2026-09-14T00:44:24.962402+00:00
fix_20260914_ycsbc_uniform_deep	E2-4T_baseline__workloadc	workloadc	uniform	baseline	E2-4T	718609	66.790	4.225	911046576	63.21	215614414	136294309	767280226	143766350	136294309	47999	910998577	69.15	115.14	169.47	140658316	0.00				307.8		deep		50	4194304000	47740	/work/vcomp/exp/eval_20260909_night1/E2-4T_baseline	2026-09-14T00:58:16.634516+00:00
fix_20260914_ycsbc_uniform_deep	E2-4T_f2load__workloadc	workloadc	uniform	f2load	E2-4T	743001	64.597	4.082	909936385	62.60	222934252	139560263	762934408	147001977	139560263	48352	909888033	68.93	109.65	163.88	144597721	0.00				305.3		deep		50	4194304000	48064	/work/vcomp/exp/fix_20260913/E2-4T_f2load	2026-09-14T01:12:02.881935+00:00
fix_20260914_ycsbc_uniform_deep	E2-8T_baseline__workloadc	workloadc	uniform	baseline	E2-8T	689396	69.621	4.488	928253724	63.21	206845957	130749476	789817541	138436183	130749476	108577	928145147	69.86	109.66	166.08	138311766	0.00				312.9		deep		50	8388608000	102295	/work/vcomp/exp/eval_20260909_night1/E2-8T_baseline	2026-09-14T02:33:46.369932+00:00
fix_20260914_ycsbc_uniform_deep	E2-8T_f2load__workloadc	workloadc	uniform	f2load	E2-8T	706666	67.920	4.244	899838463	62.99	212026065	133553072	758889908	140948555	133553072	111833	899726630	68.97	109.53	205.36	141064403	0.00				307.0		deep	False	50	8388608000	104730	/work/vcomp/exp/fix_20260913/E2-8T_f2load	2026-09-14T02:58:15.567646+00:00
fix_20260914_ycsbc_uniform_deep	E3-u100_baseline__workloadc	workloadc	uniform	baseline	E3-u100	514353	93.318	3.600	555504753	100.00	154318697	154318697	397313203	158191550	154318697	18971	555485782	68.55	113.19	167.19	151495265	0.00				304.7		deep		50	1048576000	18883	/work/vcomp/exp/eval_20260909_night1/E3-u100_baseline	2026-09-14T00:15:26.338759+00:00
fix_20260914_ycsbc_uniform_deep	E3-u100_f2load__workloadc	workloadc	uniform	f2load	E3-u100	527966	90.908	3.515	556785513	96.70	158411885	153177098	399707973	157077540	153177098	17787	556767726	68.61	109.98	167.16	150496246	0.00				304.7		deep		50	1048576000	17734	/work/vcomp/exp/fix_20260913/E3-u100_f2load	2026-09-14T00:24:15.489413+00:00
fix_20260914_ycsbc_uniform_deep	E3-u25_baseline__workloadc	workloadc	uniform	baseline	E3-u25	1934925	24.805	2.535	1471699983	25.00	580566674	145151184	1313752567	157947416	145151184	4896	1471695087	69.48	109.70	167.37	129574843	0.00				304.3		deep		50	1048576000	4874	/work/vcomp/exp/eval_20260909_night1/E3-u25_baseline	2026-09-13T21:55:18.304571+00:00
fix_20260914_ycsbc_uniform_deep	E3-u25_f2load__workloadc	workloadc	uniform	f2load	E3-u25	1829460	26.236	3.057	1677800891	24.85	548890635	136397599	1526559884	151241007	136397599	4978	1677795913	69.28	109.59	162.83	121948717	0.00				304.2		deep		50	1048576000	4953	/work/vcomp/exp/fix_20260913/E3-u25_f2load	2026-09-13T22:01:33.456109+00:00
fix_20260914_ycsbc_uniform_deep	E3-u50_baseline__workloadc	workloadc	uniform	baseline	E3-u50	964363	49.770	3.632	1050887306	50.00	289347006	144667894	897481072	153406234	144667894	10227	1050877079	69.12	109.80	166.05	140003744	0.00				304.8		deep		50	1048576000	10207	/work/vcomp/exp/eval_20260909_night1/E3-u50_baseline	2026-09-13T22:22:21.477958+00:00
fix_20260914_ycsbc_uniform_deep	E3-u50_f2load__workloadc	workloadc	uniform	f2load	E3-u50	982572	48.848	3.509	1034626135	49.80	294812074	146816569	879255270	155370865	146816569	10228	1034615907	69.05	109.86	164.98	142621479	0.00				303.1		deep		50	1048576000	10206	/work/vcomp/exp/fix_20260913/E3-u50_f2load	2026-09-13T22:29:50.983726+00:00
fix_20260914_ycsbc_uniform_deep	E3-u75_baseline__workloadc	workloadc	uniform	baseline	E3-u75	664043	72.280	3.447	686853017	75.00	199237633	149433404	532236726	154616291	149433404	14763	686838254	69.04	109.86	168.48	146039084	0.00				304.9		deep		50	1048576000	14732	/work/vcomp/exp/eval_20260909_night1/E3-u75_baseline	2026-09-13T23:58:20.186083+00:00
fix_20260914_ycsbc_uniform_deep	E3-u75_f2load__workloadc	workloadc	uniform	f2load	E3-u75	674272	71.181	3.470	701956788	73.94	202312461	149587512	547046607	154910181	149587512	14114	701942674	68.52	109.88	167.47	146466122	0.00				304.6		deep		50	1048576000	14066	/work/vcomp/exp/fix_20260913/E3-u75_f2load	2026-09-14T00:06:35.310897+00:00
fix_20260914_ycsbc_uniform_deep	E4-1024m10_baseline__workloadc	workloadc	uniform	baseline	E4-1024m10	742965	64.600	2.598	579107304	63.21	222943121	140929703	433945566	145161738	140929703	17233	579094290	90.04	735.05	1267.39	135606641	255.34				305.2		deep		50	1048576000	13021	/work/vcomp/exp/eval_20260909_night1/E4-1024m10_baseline	2026-09-13T22:53:27.893986+00:00
fix_20260914_ycsbc_uniform_deep	E4-1024m10_f2load__workloadc	workloadc	uniform	f2load	E4-1024m10	725278	66.168	2.911	633694727	62.85	217662214	136810122	492104234	141590493	136810122	18376	633681751	90.78	726.84	1259.31	131725543	294.58				304.8		deep		50	1048576000	12969	/work/vcomp/exp/fix_20260913/E4-1024m10_f2load	2026-09-13T23:01:07.461495+00:00
fix_20260914_ycsbc_uniform_deep	E4-256m4_baseline__workloadc	workloadc	uniform	baseline	E4-256m4	759549	63.192	4.385	999222496	63.21	227892286	144058174	846913794	152308702	144058174	12608	999209888	69.72	109.80	164.95	140616803	0.00				304.8		deep		50	1048576000	12561	/work/vcomp/exp/eval_20260909_night1/E4-256m4_baseline	2026-09-13T22:37:40.889887+00:00
fix_20260914_ycsbc_uniform_deep	E4-256m4_f2load__workloadc	workloadc	uniform	f2load	E4-256m4	771660	62.199	4.426	1024811516	62.87	231527461	145564701	870770074	154041442	145564701	12602	1024798914	68.94	109.93	166.50	142669199	0.00				303.7		deep		50	1048576000	12573	/work/vcomp/exp/fix_20260913/E4-256m4_f2load	2026-09-13T22:45:32.171432+00:00
fix_20260914_ycsbc_uniform_deep	E5-sst16_baseline__workloadc	workloadc	uniform	baseline	E5-sst16	755168	63.559	3.488	790204956	63.21	226570148	143223178	640774876	149430080	143223178	54804	790150152	69.74	114.41	168.72	140068667	0.00				307.1		deep		50	1048576000	54193	/work/vcomp/exp/fix_20260913/E5-sst16_baseline	2026-09-13T23:25:10.111405+00:00
fix_20260914_ycsbc_uniform_deep	E5-sst16_f2load__workloadc	workloadc	uniform	f2load	E5-sst16	753906	63.667	4.030	911421095	62.79	226185625	142026392	762012743	149408352	142026392	52909	911368186	68.95	109.89	165.83	139234287	0.00				305.6		deep		50	1048576000	52740	/work/vcomp/exp/fix_20260913/E5-sst16_f2load	2026-09-13T23:33:45.344365+00:00
fix_20260914_ycsbc_uniform_deep	E5-sst256_baseline__workloadc	workloadc	uniform	baseline	E5-sst256	798671	60.097	3.402	815270533	63.21	239624223	151476014	657379557	157890976	151476014	3270	815267263	69.14	109.91	166.67	147821380	0.00				303.8		deep		50	1048576000	3256	/work/vcomp/exp/fix_20260913/E5-sst256_baseline	2026-09-13T23:41:53.593367+00:00
fix_20260914_ycsbc_uniform_deep	E5-sst256_f2load__workloadc	workloadc	uniform	f2load	E5-sst256	811826	59.122	2.856	695607864	62.88	243580973	153171054	537196427	158411437	153171054	3338	695604526	69.10	109.97	167.98	149044381	0.00				304.3		deep		50	1048576000	3322	/work/vcomp/exp/fix_20260913/E5-sst256_f2load	2026-09-13T23:50:04.177807+00:00
fix_20260914_ycsbc_uniform_deep	E7-lz4_baseline__workloadc	workloadc	uniform	baseline	E7-lz4	827650	57.991	2.802	695863374	63.21	248328930	156979784	533683073	162180301	156979784	6823	695856551	66.49	141.87	212.35	151873068	0.00				304.0		deep		50	1048576000	6811	/work/vcomp/exp/eval_20260909_night1/E7-lz4_baseline	2026-09-13T22:08:11.648985+00:00
fix_20260914_ycsbc_uniform_deep	E7-lz4_f2load__workloadc	workloadc	uniform	f2load	E7-lz4	828038	57.964	2.860	710541226	62.84	248446965	156129984	549055449	161485777	156129984	6919	710534307	66.47	135.57	169.14	151312877	0.00				304.1		deep		50	1048576000	6905	/work/vcomp/exp/fix_20260913/E7-lz4_f2load	2026-09-13T22:14:56.882714+00:00
fix_20260914_ycsbc_uniform_deep	P0-r1_baseline__workloadc	workloadc	uniform	baseline	P0-r1	787509	60.947	3.408	805371598	63.21	236287334	149366022	649666525	155705073	149366022	13596	805358002	69.07	109.83	166.73	145902969	0.00				303.9		deep		50	1048576000	13539	/work/vcomp/exp/eval_20260909_night1/P0-r1_baseline	2026-09-13T23:08:56.711889+00:00
fix_20260914_ycsbc_uniform_deep	P0fix-r1_f2load__workloadc	workloadc	uniform	f2load	P0fix-r1	803667	59.722	3.199	771271614	62.93	241132069	151740649	613556007	157715607	151740649	13286	771258328	68.56	114.15	167.18	148216177	0.00				303.5		deep		50	1048576000	13261	/work/vcomp/exp/fix_20260913/P0fix-r1_f2load	2026-09-13T23:17:02.484190+00:00
fix_20260914_ycsbc_uniform_deep_dropcache	E1-100B_baseline__workloadc	workloadc	uniform	baseline	E1-100B	1630509	29.437	2.122	1038249452	63.22	489202806	309249824	721952887	316296565	309249824	1541	1038247911	68.88	115.06	167.40	124459913	0.00				304.4		deep	True	50	1048576000	1380	/work/vcomp/exp/eval_20260909_night1/E1-100B_baseline	2026-09-14T03:16:00.100670+00:00
fix_20260914_ycsbc_uniform_deep_dropcache	E1-100B_f2load__workloadc	workloadc	uniform	f2load	E1-100B	1589457	30.196	2.432	1160023996	62.92	476916828	300074503	851638310	308385686	300074503	1560	1160022436	68.79	129.02	175.67	120361310	0.00				304.3		deep	True	50	1048576000	1393	/work/vcomp/exp/fix_20260913/E1-100B_f2load	2026-09-14T03:21:30.466767+00:00
fix_20260915_ycsba_globaluniq	E3-u100_f2load__workloada	workloada	uniform	f2load	E3-u100	375444	127.662	13.629	681432246	98.20	49997638	49098793	626238349	55193897	49096111	38924	681414381	75.05	528.31	1022.30	53587979	855.38	266.4	17.4	283.8	289.0	100000000	hardlink	True	50	1048576000	17747	/work/vcomp/exp/global_unique_20260914/E3-u100_f2load	2026-09-14T19:08:16.643538+00:00
fix_20260915_ycsba_nobitmap	E1-100B_f2load__workloada	workloada	uniform	f2load	E1-100B	747389	64.141	7.688	384393380	64.13	49997638	32063438	348938859	35454521	32046436	3290	384391823	69.95	217.98	723.79	22353667	65.52	133.8	16.4	150.2	154.7	100000000	hardlink	True	50	1048576000	1393	/work/vcomp/exp/nobitmap_remaining_20260914_run1/E1-100B_f2load	2026-09-14T18:27:56.145537+00:00
fix_20260915_ycsba_nobitmap	E1-10KB_f2load__workloada	workloada	uniform	f2load	E1-10KB	45323	1054.182	8.633	431653890	63.94	49997638	31966310	395922237	35731653	31964352	462256	431519814	96.40	969.74	1952.93	42639798	11779.95	2206.3	18.4	2224.7	2235.9	100000000	hardlink	True	50	1048576000	130232	/work/vcomp/exp/nobitmap_remaining_20260914_run1/E1-10KB_f2load	2026-09-14T19:56:16.795473+00:00
fix_20260915_ycsba_nobitmap	E2-2T_f2load__workloada	workloada	uniform	f2load	E2-2T	372798	128.159	13.739	686900250	63.60	49997638	31796424	648784815	38115435	31794943	51672	686873415	75.62	532.13	1056.64	37575981	932.90	268.2	21.4	289.6	295.0	100000000	hardlink	True	50	2097152000	26780	/work/vcomp/exp/nobitmap_remaining_20260914_run1/E2-2T_f2load	2026-09-14T19:13:14.031076+00:00
fix_20260915_ycsba_nobitmap	E2-4T_f2load__workloada	workloada	uniform	f2load	E2-4T	334451	143.177	12.548	627364088	63.66	49997638	31827187	589794665	37569423	31826335	78802	627315905	76.64	545.71	1030.83	37719768	1131.04	299.0	28.4	327.4	334.1	100000000	hardlink	True	50	4194304000	48079	/work/vcomp/exp/nobitmap_remaining_20260914_run1/E2-4T_f2load	2026-09-14T19:18:51.809915+00:00
fix_20260915_ycsba_nobitmap	E2-8T_f2load__workloada	workloada	uniform	f2load	E2-8T	312357	152.594	12.640	631947845	63.34	49997638	31669366	594489673	37458172	31668776	143454	631840928	75.95	550.91	1080.03	38075564	1156.17	320.1	20.0	340.1	349.3	100000000	hardlink	True	50	8388608000	104674	/work/vcomp/exp/nobitmap_remaining_20260914_run1/E2-8T_f2load	2026-09-14T20:02:16.622953+00:00
fix_20260915_ycsba_nobitmap	E3-u100_f2load__workloada	workloada	uniform	f2load	E3-u100	373874	128.199	13.954	697642044	82.65	49997638	41322209	649994617	47647427	41319491	41171	697624245	74.14	483.27	838.01	46258608	840.31	267.5	21.6	289.1	294.4	100000000	hardlink	True	50	1048576000	17723	/work/vcomp/exp/nobitmap_20260914/E3-u100_f2load	2026-09-14T19:03:25.702097+00:00
fix_20260915_ycsba_nobitmap	E3-u25_f2load__workloada	workloada	uniform	f2load	E3-u25	449495	106.714	14.255	712708118	28.41	49997638	14203778	691767321	20940797	14201161	18387	712703136	75.01	424.57	799.89	19786135	728.82	222.5	18.6	241.1	244.9	100000000	hardlink	True	50	1048576000	4965	/work/vcomp/exp/nobitmap_20260914/E3-u25_f2load	2026-09-14T18:32:02.352681+00:00
fix_20260915_ycsba_nobitmap	E3-u50_f2load__workloada	workloada	uniform	f2load	E3-u50	424032	113.119	14.551	727524636	52.69	49997638	26343260	694423042	33101594	26340529	29463	727514323	73.97	414.07	735.28	31690840	737.05	235.8	7.6	243.4	247.7	100000000	hardlink	True	50	1048576000	10265	/work/vcomp/exp/nobitmap_20260914/E3-u50_f2load	2026-09-14T18:40:27.637827+00:00
fix_20260915_ycsba_nobitmap	E3-u75_f2load__workloada	workloada	uniform	f2load	E3-u75	393839	121.802	14.170	708444734	68.13	49997638	34063573	667880159	40564575	34060776	36257	708430643	75.14	498.00	868.41	39171807	826.32	253.9	19.2	273.1	277.9	100000000	hardlink	True	50	1048576000	14036	/work/vcomp/exp/nobitmap_20260914/E3-u75_f2load	2026-09-14T18:58:29.491244+00:00
fix_20260915_ycsba_nobitmap	E4-1024m10_f2load__workloada	workloada	uniform	f2load	E4-1024m10	392320	122.247	14.387	719307900	64.19	49997638	32091469	680584726	38723174	32088595	25703	719299810	72.10	367.85	621.48	37177609	917.46	254.9	10.0	264.9	268.7	100000000	hardlink	True	50	1048576000	12946	/work/vcomp/exp/nobitmap_remaining_20260914_run1/E4-1024m10_f2load	2026-09-14T18:49:13.251331+00:00
fix_20260915_ycsba_nobitmap	E4-256m4_f2load__workloada	workloada	uniform	f2load	E4-256m4	439860	109.010	19.173	958604985	64.44	49997638	32219901	917451052	41153933	32217257	18033	958592396	71.96	322.12	562.98	38509363	391.94	227.3	21.6	248.9	253.5	100000000	hardlink	True	50	1048576000	12569	/work/vcomp/exp/nobitmap_remaining_20260914_run1/E4-256m4_f2load	2026-09-14T18:44:43.063033+00:00
fix_20260915_ycsba_nobitmap	E7-lz4_f2load__workloada	workloada	uniform	f2load	E7-lz4	418995	114.461	14.092	704563253	64.33	49997638	32162089	665912123	38651130	32159446	22123	704556337	75.92	483.27	866.12	37046958	799.29	238.7	12.4	251.1	255.1	100000000	hardlink	True	50	1048576000	6902	/work/vcomp/exp/nobitmap_remaining_20260914_run1/E7-lz4_f2load	2026-09-14T18:36:18.599761+00:00
fix_20260915_ycsba_nobitmap	P0fix-r1_f2load__workloada	workloada	uniform	f2load	P0fix-r1	397691	120.601	14.099	704917849	64.01	49997638	32003150	666421645	38496204	32000398	35670	704904594	74.99	484.39	845.23	37158053	827.87	251.5	18.8	270.3	274.8	100000000	hardlink	True	50	1048576000	13205	/work/vcomp/exp/nobitmap_remaining_20260914_run1/P0fix-r1_f2load	2026-09-14T18:53:49.930653+00:00
nobitmap_remaining_20260914_run1_ycsbc	E1-100B_f2load__workloadc	workloadc	zipfian	f2load	E1-100B	2560926	18.742	2.429	1866772800	62.88	768394050	483200794	1357700752	509072048	483200794	1568	1866771232	69.30	118.92	355.21	70096976	0.00	300.0		300.0	304.4		hardlink	False	50	1048576000	1393	/work/vcomp/exp/nobitmap_remaining_20260914_run1/E1-100B_f2load	2026-09-14T13:29:01.149947+00:00
nobitmap_remaining_20260914_run1_ycsbc	E1-10KB_f2load__workloadc	workloadc	zipfian	f2load	E1-10KB	1175045	40.847	4.503	1587716169	63.81	352552378	224974919	1350813257	236902912	224974919	137150	1587579019	85.38	156.65	797.69	99111754	0.00	300.0		300.0	308.0		hardlink	False	50	1048576000	130232	/work/vcomp/exp/nobitmap_remaining_20260914_run1/E1-10KB_f2load	2026-09-14T17:11:24.923470+00:00
nobitmap_remaining_20260914_run1_ycsbc	E2-2T_f2load__workloadc	workloadc	zipfian	f2load	E2-2T	1438361	33.369	3.856	1664021092	62.20	431559868	268447157	1384511266	279509826	268447157	26865	1663994227	70.64	109.79	169.56	103088504	0.00	300.0		300.0	305.0		hardlink	False	50	2097152000	26780	/work/vcomp/exp/nobitmap_remaining_20260914_run1/E2-2T_f2load	2026-09-14T14:02:11.761714+00:00
nobitmap_remaining_20260914_run1_ycsbc	E2-4T_f2load__workloadc	workloadc	zipfian	f2load	E2-4T	1353587	35.458	4.246	1724527899	65.17	406142129	264681092	1447647895	276880004	264681092	48319	1724479580	70.04	109.78	176.34	101870053	0.00	300.0		300.0	305.8		hardlink	False	50	4194304000	48079	/work/vcomp/exp/nobitmap_remaining_20260914_run1/E2-4T_f2load	2026-09-14T14:20:32.347918+00:00
nobitmap_remaining_20260914_run1_ycsbc	E2-8T_f2load__workloadc	workloadc	zipfian	f2load	E2-8T	1140933	42.068	5.097	1744767417	63.78	342318423	218324186	1513210686	231556731	218324186	109611	1744657806	70.14	109.63	219.20	98241572	0.00	300.0		300.0	307.8		hardlink	False	50	8388608000	104674	/work/vcomp/exp/nobitmap_remaining_20260914_run1/E2-8T_f2load	2026-09-14T15:26:01.165770+00:00
nobitmap_remaining_20260914_run1_ycsbc	E4-1024m10_f2load__workloadc	workloadc	zipfian	f2load	E4-1024m10	1468293	32.687	2.897	1276403339	63.91	440652280	281623752	981595258	294808081	281623752	18274	1276390392	91.11	562.79	1129.38	98443395	297.18	300.1		300.1	304.6		hardlink	False	50	1048576000	12946	/work/vcomp/exp/nobitmap_remaining_20260914_run1/E4-1024m10_f2load	2026-09-14T13:47:25.133584+00:00
nobitmap_remaining_20260914_run1_ycsbc	E4-256m4_f2load__workloadc	workloadc	zipfian	f2load	E4-256m4	1468452	32.685	4.168	1836323785	61.03	440589016	268908523	1554811165	281512620	268908523	12620	1836311165	69.60	109.78	240.85	100616429	0.00	300.0		300.0	304.6		hardlink	False	50	1048576000	12569	/work/vcomp/exp/nobitmap_remaining_20260914_run1/E4-256m4_f2load	2026-09-14T13:41:10.095575+00:00
nobitmap_remaining_20260914_run1_ycsbc	E7-lz4_f2load__workloadc	workloadc	zipfian	f2load	E7-lz4	1636909	29.322	3.274	1607977102	62.86	491123356	308734596	1288114105	319862997	308734596	6918	1607970184	66.68	124.51	382.84	110650617	0.00	300.0		300.0	304.0		hardlink	False	50	1048576000	6902	/work/vcomp/exp/nobitmap_remaining_20260914_run1/E7-lz4_f2load	2026-09-14T13:34:58.562785+00:00
nobitmap_remaining_20260914_run1_ycsbc	P0fix-r1_f2load__workloadc	workloadc	zipfian	f2load	P0fix-r1	1573390	30.505	3.344	1578637146	59.50	472082871	280895571	1283248524	295388622	280895571	13242	1578623904	69.40	109.63	169.88	106609026	0.00	300.0		300.0	304.6		hardlink	False	50	1048576000	13205	/work/vcomp/exp/nobitmap_remaining_20260914_run1/P0fix-r1_f2load	2026-09-14T13:53:33.303800+00:00
nobitmap_reps_plr_20260917_r1_E1-100B_ycsbc	E1-100B_f2load__workloadc	workloadc	zipfian	f2load	E1-100B	2277817	21.071	2.937	2007359905	63.34	683443016	432888542	1553438211	453921694	432888542	1568	2007358337	70.74	126.37	441.73	63603397	0.00	300.0		300.0	304.6		hardlink	False	50	1048576000	1372	/work/vcomp/exp/nbreps_work/E1-100B_f2load	2026-09-17T03:42:29.202747+00:00
nobitmap_reps_plr_20260917_r1_E1-10KB_ycsbc	E1-10KB_f2load__workloadc	workloadc	zipfian	f2load	E1-10KB	1182793	40.581	4.258	1511055903	59.00	354864429	209358557	1290669907	220385996	209358557	136804	1510919099	84.68	158.57	917.95	99953019	0.00	300.0		300.0	308.0		hardlink	False	50	1048576000	129473	/work/vcomp/exp/nbreps_work/E1-10KB_f2load	2026-09-17T07:34:02.770776+00:00
nobitmap_reps_plr_20260917_r1_E2-2T_ycsbc	E2-2T_f2load__workloadc	workloadc	zipfian	f2load	E2-2T	1423165	33.726	3.937	1681099426	62.39	426987459	266402868	1403485386	277614040	266402868	26163	1681073263	69.51	109.60	167.13	101976545	0.00	300.0		300.0	305.2		hardlink	False	50	2097152000	26094	/work/vcomp/exp/nbreps_work/E2-2T_f2load	2026-09-17T04:40:57.961359+00:00
nobitmap_reps_plr_20260917_r1_E2-4T_ycsbc	E2-4T_f2load__workloadc	workloadc	zipfian	f2load	E2-4T	1371112	35.006	4.054	1667627403	64.66	411380176	266000761	1388768610	278858793	266000761	47571	1667579832	69.90	109.76	169.15	103091803	0.00	300.0		300.0	305.8		hardlink	False	50	4194304000	47357	/work/vcomp/exp/nbreps_work/E2-4T_f2load	2026-09-17T05:00:36.548552+00:00
nobitmap_reps_plr_20260917_r1_E2-8T_ycsbc	E2-8T_f2load__workloadc	workloadc	zipfian	f2load	E2-8T	1234226	38.888	4.422	1637573375	62.48	370320696	231379113	1393350070	244223305	231379113	108233	1637465142	69.27	109.63	257.89	105885145	0.00	300.0		300.0	307.8		hardlink	False	50	8388608000	103636	/work/vcomp/exp/nbreps_work/E2-8T_f2load	2026-09-17T06:05:09.167122+00:00
nobitmap_reps_plr_20260917_r1_E3-u100_ycsbc	E3-u100_f2load__workloadc	workloadc	zipfian	f2load	E3-u100	1063449	45.133	3.510	1119808480	99.54	319075320	317608412	793930864	325877616	317608412	17586	1119790894	70.29	109.85	595.66	119632642	0.00	300.0		300.0	305.0		hardlink	False	50	1048576000	17526	/work/vcomp/exp/nbreps_work/E3-u100_f2load	2026-09-17T04:31:27.019103+00:00
nobitmap_reps_plr_20260917_r1_E3-u25_ycsbc	E3-u25_f2load__workloadc	workloadc	zipfian	f2load	E3-u25	3212126	14.942	2.581	2487641563	28.55	963771186	275189695	2191382324	296259239	275189695	4855	2487636708	69.50	109.66	276.39	73863338	0.00	300.0		300.0	304.5		hardlink	False	50	1048576000	4828	/work/vcomp/exp/nbreps_work/E3-u25_f2load	2026-09-17T03:48:55.370301+00:00
nobitmap_reps_plr_20260917_r1_E3-u50_ycsbc	E3-u50_f2load__workloadc	workloadc	zipfian	f2load	E3-u50	1343382	35.727	4.182	1685644120	50.33	403090547	202890848	1469710880	215933240	202890848	10075	1685634045	70.74	109.55	168.45	72082041	0.00	300.1		300.1	304.8		hardlink	False	50	1048576000	10049	/work/vcomp/exp/nbreps_work/E3-u50_f2load	2026-09-17T04:03:22.264856+00:00
nobitmap_reps_plr_20260917_r1_E4-1024m10_ycsbc	E4-1024m10_f2load__workloadc	workloadc	zipfian	f2load	E4-1024m10	1583328	30.313	2.153	1023114629	61.76	475157855	293447345	724130963	298983666	293447345	17941	1023101985	93.17	573.95	1141.44	105842406	298.72	300.1		300.1	304.8		hardlink	False	50	1048576000	12627	/work/vcomp/exp/nbreps_work/E4-1024m10_f2load	2026-09-17T04:18:07.232206+00:00
nobitmap_reps_plr_20260917_r1_E4-256m4_ycsbc	E4-256m4_f2load__workloadc	workloadc	zipfian	f2load	E4-256m4	1423334	33.721	4.476	1911644712	62.22	427054999	265729517	1629948618	281696094	265729517	12174	1911632538	68.21	109.52	167.95	97296129	0.00	300.0		300.0	304.8		hardlink	False	50	1048576000	12149	/work/vcomp/exp/nbreps_work/E4-256m4_f2load	2026-09-17T04:10:15.233231+00:00
nobitmap_reps_plr_20260917_r1_E7-lz4_ycsbc	E7-lz4_f2load__workloadc	workloadc	zipfian	f2load	E7-lz4	1685345	28.479	2.759	1395234785	67.29	505657597	340276603	1046595865	348638920	340276603	6764	1395228021	66.68	135.29	571.24	113495608	0.00	300.0		300.0	304.4		hardlink	False	50	1048576000	6751	/work/vcomp/exp/nbreps_work/E7-lz4_f2load	2026-09-17T03:57:01.142011+00:00
nobitmap_reps_plr_20260917_r1_P0fix-r1_ycsbc	P0fix-r1_f2load__workloadc	workloadc	zipfian	f2load	P0fix-r1	1331704	36.042	4.079	1629761636	65.13	399553921	260235005	1350031226	279730410	260235005	13120	1629748516	69.89	109.73	206.07	90608606	0.00	300.0		300.0	304.8		hardlink	False	50	1048576000	13088	/work/vcomp/exp/nbreps_work/P0fix-r1_f2load	2026-09-17T04:25:00.108478+00:00
nobitmap_reps_plr_20260917_r2_E1-100B_ycsbc	E1-100B_f2load__workloadc	workloadc	zipfian	f2load	E1-100B	1757981	27.303	2.948	1554979060	66.78	527446033	352236771	1193224532	361754528	352236771	1580	1554977480	70.01	117.13	326.99	50554348	0.00	300.0		300.0	304.5		hardlink	False	50	1048576000	1377	/work/vcomp/exp/nbreps_work/E1-100B_f2load	2026-09-17T07:40:26.007899+00:00
nobitmap_reps_plr_20260917_r2_E1-10KB_ycsbc	E1-10KB_f2load__workloadc	workloadc	zipfian	f2load	E1-10KB	1133550	42.344	4.915	1671533174	65.89	340091359	224082130	1435769609	235763565	224082130	135573	1671397601	83.99	161.90	859.32	96104012	0.00	300.0		300.0	308.0		hardlink	False	50	1048576000	129205	/work/vcomp/exp/nbreps_work/E1-10KB_f2load	2026-09-17T11:45:43.860900+00:00
nobitmap_reps_plr_20260917_r2_E2-2T_ycsbc	E2-2T_f2load__workloadc	workloadc	zipfian	f2load	E2-2T	1298707	36.958	4.329	1686806034	62.41	389659512	243176926	1431192040	255613994	243176926	26130	1686779904	71.32	109.81	169.61	93247268	0.00	300.0		300.0	305.2		hardlink	False	50	2097152000	26071	/work/vcomp/exp/nbreps_work/E2-2T_f2load	2026-09-17T08:38:50.974850+00:00
nobitmap_reps_plr_20260917_r2_E2-4T_ycsbc	E2-4T_f2load__workloadc	workloadc	zipfian	f2load	E2-4T	1385705	34.637	3.958	1645751239	64.02	415764533	266151817	1368047308	277703931	266151817	47615	1645703624	70.25	109.59	165.10	104278300	0.00	300.0		300.0	305.8		hardlink	False	50	4194304000	47421	/work/vcomp/exp/nbreps_work/E2-4T_f2load	2026-09-17T08:59:05.942598+00:00
nobitmap_reps_plr_20260917_r2_E2-8T_ycsbc	E2-8T_f2load__workloadc	workloadc	zipfian	f2load	E2-8T	1229328	39.042	4.333	1598077597	64.63	368852421	238372080	1332514599	265562998	238372080	107650	1597969947	70.12	109.55	229.89	105426204	0.00	300.0		300.0	307.8		hardlink	False	50	8388608000	103536	/work/vcomp/exp/nbreps_work/E2-8T_f2load	2026-09-17T10:05:44.920037+00:00
nobitmap_reps_plr_20260917_r2_E3-u100_ycsbc	E3-u100_f2load__workloadc	workloadc	zipfian	f2load	E3-u100	1064260	45.100	3.366	1074872333	99.50	319308165	317708272	749282759	325589574	317708272	17626	1074854707	66.39	109.83	442.20	119716514	0.00	300.0		300.0	305.0		hardlink	False	50	1048576000	17564	/work/vcomp/exp/nbreps_work/E3-u100_f2load	2026-09-17T08:29:18.530972+00:00
nobitmap_reps_plr_20260917_r2_E3-u25_ycsbc	E3-u25_f2load__workloadc	workloadc	zipfian	f2load	E3-u25	3263148	14.709	2.532	2478532276	25.24	979073371	247130705	2213530489	265001787	247130705	4835	2478527441	69.51	109.63	321.58	74971008	0.00	300.0		300.0	304.6		hardlink	False	50	1048576000	4811	/work/vcomp/exp/nbreps_work/E3-u25_f2load	2026-09-17T07:46:53.115324+00:00
nobitmap_reps_plr_20260917_r2_E3-u50_ycsbc	E3-u50_f2load__workloadc	workloadc	zipfian	f2load	E3-u50	1840557	26.077	3.433	1895761122	49.71	552246263	274496109	1595688044	300073078	274496109	10076	1895751046	70.21	109.49	163.99	98122919	0.00	300.0		300.0	304.8		hardlink	False	50	1048576000	10053	/work/vcomp/exp/nbreps_work/E3-u50_f2load	2026-09-17T08:01:19.375842+00:00
nobitmap_reps_plr_20260917_r2_E4-1024m10_ycsbc	E4-1024m10_f2load__workloadc	workloadc	zipfian	f2load	E4-1024m10	1569377	30.582	2.322	1093544278	58.45	470983457	275293176	810870768	282673510	275293176	18002	1093531665	92.93	612.86	1216.49	105198421	307.88	300.1		300.1	304.8		hardlink	False	50	1048576000	12632	/work/vcomp/exp/nbreps_work/E4-1024m10_f2load	2026-09-17T08:16:02.056781+00:00
nobitmap_reps_plr_20260917_r2_E4-256m4_ycsbc	E4-256m4_f2load__workloadc	workloadc	zipfian	f2load	E4-256m4	1404461	34.175	4.343	1829912298	61.10	421390790	257471831	1560184800	269727498	257471831	12212	1829900086	70.37	109.59	215.65	95898704	0.00	300.0		300.0	304.8		hardlink	False	50	1048576000	12166	/work/vcomp/exp/nbreps_work/E4-256m4_f2load	2026-09-17T08:08:10.223544+00:00
nobitmap_reps_plr_20260917_r2_E7-lz4_ycsbc	E7-lz4_f2load__workloadc	workloadc	zipfian	f2load	E7-lz4	1703503	28.175	2.887	1475379709	60.29	511117611	308142883	1157255566	318124143	308142883	6776	1475372933	66.71	124.18	257.58	114703638	0.00	300.0		300.0	304.4		hardlink	False	50	1048576000	6755	/work/vcomp/exp/nbreps_work/E7-lz4_f2load	2026-09-17T07:54:58.353827+00:00
nobitmap_reps_plr_20260917_r2_P0fix-r1_ycsbc	P0fix-r1_f2load__workloadc	workloadc	zipfian	f2load	P0fix-r1	1407173	34.108	4.106	1733621847	65.04	422207729	274622110	1447229255	286392592	274622110	13052	1733608795	68.86	109.43	163.26	95614531	0.00	300.0		300.0	304.8		hardlink	False	50	1048576000	13032	/work/vcomp/exp/nbreps_work/P0fix-r1_f2load	2026-09-17T08:22:57.658884+00:00
nobitmap_reps_plr_20260917_r3_E1-100B_ycsbc	E1-100B_f2load__workloadc	workloadc	zipfian	f2load	E1-100B	2180766	22.010	2.926	1914754876	61.87	654295460	404784543	1498705412	416049464	404784543	1556	1914753320	69.44	110.00	404.94	60823639	0.00	300.0		300.0	304.5		hardlink	False	50	1048576000	1368	/work/vcomp/exp/nbreps_work/E1-100B_f2load	2026-09-17T11:52:06.412714+00:00
nobitmap_reps_plr_20260917_r3_E1-10KB_ycsbc	E1-10KB_f2load__workloadc	workloadc	zipfian	f2load	E1-10KB	1103093	43.514	5.177	1713307730	66.52	330948146	220148256	1481544372	231763358	220148256	135984	1713171746	85.51	158.95	817.08	93404519	0.00	300.0		300.0	308.0		hardlink	False	50	1048576000	129178	/work/vcomp/exp/nbreps_work/E1-10KB_f2load	2026-09-17T15:48:51.260189+00:00
nobitmap_reps_plr_20260917_r3_E2-2T_ycsbc	E2-2T_f2load__workloadc	workloadc	zipfian	f2load	E2-2T	1464062	32.783	3.778	1659708627	64.44	439281361	283057216	1366092579	293616048	283057216	26163	1659682464	69.55	109.45	163.17	105119414	0.00	300.0		300.0	305.2		hardlink	False	50	2097152000	26068	/work/vcomp/exp/nbreps_work/E2-2T_f2load	2026-09-17T12:50:25.062574+00:00
nobitmap_reps_plr_20260917_r3_E2-4T_ycsbc	E2-4T_f2load__workloadc	workloadc	zipfian	f2load	E2-4T	1414175	33.940	3.691	1566157293	63.89	424310606	271078040	1281687149	284470144	271078040	47635	1566109658	69.97	109.82	201.31	106396644	0.00	300.0		300.0	305.8		hardlink	False	50	4194304000	47420	/work/vcomp/exp/nbreps_work/E2-4T_f2load	2026-09-17T13:10:34.115299+00:00
nobitmap_reps_plr_20260917_r3_E2-8T_ycsbc	E2-8T_f2load__workloadc	workloadc	zipfian	f2load	E2-8T	1194193	40.192	4.947	1772672312	62.75	358299424	224830348	1534231199	238441113	224830348	107809	1772564503	72.87	109.66	176.93	102825249	0.00	300.0		300.0	307.8		hardlink	False	50	8388608000	103539	/work/vcomp/exp/nbreps_work/E2-8T_f2load	2026-09-17T14:16:51.829389+00:00
nobitmap_reps_plr_20260917_r3_E3-u100_ycsbc	E3-u100_f2load__workloadc	workloadc	zipfian	f2load	E3-u100	1045266	45.919	3.676	1152961364	99.41	313615085	311758599	833406620	319554744	311758599	17595	1152943769	67.13	109.95	526.70	117562454	0.00	300.0		300.0	305.0		hardlink	False	50	1048576000	17537	/work/vcomp/exp/nbreps_work/E3-u100_f2load	2026-09-17T12:40:57.435501+00:00
nobitmap_reps_plr_20260917_r3_E3-u25_ycsbc	E3-u25_f2load__workloadc	workloadc	zipfian	f2load	E3-u25	3143551	15.268	2.608	2460132451	29.30	943188814	276373429	2162993616	297138835	276373429	4856	2460127595	69.86	109.50	248.93	72436869	0.00	300.0		300.0	304.6		hardlink	False	50	1048576000	4837	/work/vcomp/exp/nbreps_work/E3-u25_f2load	2026-09-17T11:58:32.922518+00:00
nobitmap_reps_plr_20260917_r3_E3-u50_ycsbc	E3-u50_f2load__workloadc	workloadc	zipfian	f2load	E3-u50	1858322	25.828	3.275	1825939732	56.65	557575215	315880115	1497454521	328485211	315880115	10088	1825929644	69.12	109.57	165.47	98901230	0.00	300.0		300.0	304.8		hardlink	False	50	1048576000	10046	/work/vcomp/exp/nbreps_work/E3-u50_f2load	2026-09-17T12:12:58.396782+00:00
nobitmap_reps_plr_20260917_r3_E4-1024m10_ycsbc	E4-1024m10_f2load__workloadc	workloadc	zipfian	f2load	E4-1024m10	1522205	31.530	2.620	1196952233	60.17	456809548	274853647	915464056	281488177	274853647	18055	1196939611	91.56	531.13	970.16	102249540	306.79	300.1		300.1	304.8		hardlink	False	50	1048576000	12628	/work/vcomp/exp/nbreps_work/E4-1024m10_f2load	2026-09-17T12:27:43.848080+00:00
nobitmap_reps_plr_20260917_r3_E4-256m4_ycsbc	E4-256m4_f2load__workloadc	workloadc	zipfian	f2load	E4-256m4	1447417	33.160	4.253	1847089604	58.40	434282217	253640172	1580365583	266724021	253640172	12140	1847077464	69.44	109.67	169.46	98883604	0.00	300.0		300.0	304.8		hardlink	False	50	1048576000	12105	/work/vcomp/exp/nbreps_work/E4-256m4_f2load	2026-09-17T12:19:50.897803+00:00
nobitmap_reps_plr_20260917_r3_E7-lz4_ycsbc	E7-lz4_f2load__workloadc	workloadc	zipfian	f2load	E7-lz4	1691572	28.374	3.007	1525987656	62.06	507534427	314970761	1193546513	332441143	314970761	6775	1525980881	66.70	114.64	233.17	114094144	0.00	300.0		300.0	304.4		hardlink	False	50	1048576000	6765	/work/vcomp/exp/nbreps_work/E7-lz4_f2load	2026-09-17T12:06:38.300179+00:00
nobitmap_reps_plr_20260917_r3_P0fix-r1_ycsbc	P0fix-r1_f2load__workloadc	workloadc	zipfian	f2load	P0fix-r1	1428839	33.591	4.084	1750691797	61.43	428705645	263355772	1473713993	276977804	263355772	13099	1750678698	69.46	109.53	162.64	96994898	0.00	300.0		300.0	304.8		hardlink	False	50	1048576000	13081	/work/vcomp/exp/nbreps_work/P0fix-r1_f2load	2026-09-17T12:34:33.599170+00:00
nobitmap_reps_plr_20260917_r4_E1-100B_ycsbc	E1-100B_f2load__workloadc	workloadc	zipfian	f2load	E1-100B	2273717	21.110	2.944	2008595311	67.53	682192206	460699290	1532489599	476105712	460699290	1568	2008593743	69.24	120.57	408.24	63422612	0.00	300.0		300.0	304.4		hardlink	False	50	1048576000	1371	/work/vcomp/exp/nbreps_work/E1-100B_f2load	2026-09-17T15:55:13.625775+00:00
nobitmap_reps_plr_20260917_r4_E1-10KB_ycsbc	E1-10KB_f2load__workloadc	workloadc	zipfian	f2load	E1-10KB	1160992	41.343	4.435	1544717011	65.44	348322251	227948855	1306658335	238058676	227948855	135901	1544581110	84.34	157.69	934.62	98232080	0.00	300.0		300.0	308.8		hardlink	False	50	1048576000	129200	/work/vcomp/exp/nbreps_work/E1-10KB_f2load	2026-09-17T19:58:47.279537+00:00
nobitmap_reps_plr_20260917_r4_E2-2T_ycsbc	E2-2T_f2load__workloadc	workloadc	zipfian	f2load	E2-2T	1465967	32.741	3.480	1530608665	65.15	439847625	286544517	1233326973	297281692	286544517	26127	1530582538	69.66	109.72	260.37	105149619	0.00	300.0		300.0	305.2		hardlink	False	50	2097152000	26049	/work/vcomp/exp/nbreps_work/E2-2T_f2load	2026-09-17T16:53:41.252634+00:00
nobitmap_reps_plr_20260917_r4_E2-4T_ycsbc	E2-4T_f2load__workloadc	workloadc	zipfian	f2load	E2-4T	1374013	34.932	4.021	1657510526	64.56	412261096	266156141	1378294438	279216088	266156141	47557	1657462969	69.27	109.72	169.98	103610932	0.00	300.0		300.0	306.0		hardlink	False	50	4194304000	47335	/work/vcomp/exp/nbreps_work/E2-4T_f2load	2026-09-17T17:13:06.376993+00:00
nobitmap_reps_plr_20260917_r4_E2-8T_ycsbc	E2-8T_f2load__workloadc	workloadc	zipfian	f2load	E2-8T	1247727	38.467	4.189	1568261915	61.12	374363929	228792867	1327644544	240617371	228792867	108216	1568153699	72.26	109.70	300.27	106742779	0.00	300.0		300.0	307.8		hardlink	False	50	8388608000	103751	/work/vcomp/exp/nbreps_work/E2-8T_f2load	2026-09-17T18:23:11.086496+00:00
nobitmap_reps_plr_20260917_r4_E3-u100_ycsbc	E3-u100_f2load__workloadc	workloadc	zipfian	f2load	E3-u100	1071959	44.776	3.370	1083731103	99.46	321623475	319883394	758235174	325495929	319883394	17649	1083713454	69.63	109.96	779.62	120545319	0.00	300.0		300.0	305.0		hardlink	False	50	1048576000	17611	/work/vcomp/exp/nbreps_work/E3-u100_f2load	2026-09-17T16:44:05.998643+00:00
nobitmap_reps_plr_20260917_r4_E3-u25_ycsbc	E3-u25_f2load__workloadc	workloadc	zipfian	f2load	E3-u25	3271806	14.670	2.563	2515663141	23.66	981659305	232225448	2265217173	250445968	232225448	4859	2515658282	70.03	109.70	292.00	75313765	0.00	300.0		300.0	304.4		hardlink	False	50	1048576000	4822	/work/vcomp/exp/nbreps_work/E3-u25_f2load	2026-09-17T16:01:40.475421+00:00
nobitmap_reps_plr_20260917_r4_E3-u50_ycsbc	E3-u50_f2load__workloadc	workloadc	zipfian	f2load	E3-u50	1451461	33.068	4.144	1804489828	51.29	435496860	223387300	1566759508	237730320	223387300	10042	1804479786	68.44	109.18	157.08	77610441	0.00	300.0		300.0	304.8		hardlink	False	50	1048576000	10013	/work/vcomp/exp/nbreps_work/E3-u50_f2load	2026-09-17T16:16:06.274536+00:00
nobitmap_reps_plr_20260917_r4_E4-1024m10_ycsbc	E4-1024m10_f2load__workloadc	workloadc	zipfian	f2load	E4-1024m10	1532337	31.319	2.448	1125724931	63.50	459879152	292031211	827258643	298466288	292031211	18097	1125712262	91.54	527.85	938.80	102884071	303.81	300.1		300.1	304.6		hardlink	False	50	1048576000	12688	/work/vcomp/exp/nbreps_work/E4-1024m10_f2load	2026-09-17T16:30:45.813798+00:00
nobitmap_reps_plr_20260917_r4_E4-256m4_ycsbc	E4-256m4_f2load__workloadc	workloadc	zipfian	f2load	E4-256m4	1359663	35.300	4.443	1812535281	59.93	407958097	244496160	1556277309	256257972	244496160	12179	1812523102	69.21	109.45	165.42	92888633	0.00	300.0		300.0	304.8		hardlink	False	50	1048576000	12158	/work/vcomp/exp/nbreps_work/E4-256m4_f2load	2026-09-17T16:22:58.822549+00:00
nobitmap_reps_plr_20260917_r4_E7-lz4_ycsbc	E7-lz4_f2load__workloadc	workloadc	zipfian	f2load	E7-lz4	1688606	28.424	2.809	1423142971	61.83	506636762	313243973	1101061551	322081420	313243973	6808	1423136163	66.56	129.88	245.12	113677730	0.00	300.0		300.0	304.4		hardlink	False	50	1048576000	6788	/work/vcomp/exp/nbreps_work/E7-lz4_f2load	2026-09-17T16:09:46.543631+00:00
nobitmap_reps_plr_20260917_r4_P0fix-r1_ycsbc	P0fix-r1_f2load__workloadc	workloadc	zipfian	f2load	P0fix-r1	1437769	33.383	4.075	1757739594	61.29	431381246	264397289	1481362124	276377470	264397289	13078	1757726516	69.11	109.67	168.65	97667950	0.00	300.0		300.0	304.8		hardlink	False	50	1048576000	13047	/work/vcomp/exp/nbreps_work/P0fix-r1_f2load	2026-09-17T16:37:41.921377+00:00
nobitmap_reps_plr_20260917_r5_E1-100B_ycsbc	E1-100B_f2load__workloadc	workloadc	zipfian	f2load	E1-100B	2081688	23.057	2.933	1831780200	63.75	624579827	398155760	1411066052	420714148	398155760	1557	1831778643	69.73	109.91	217.57	57917240	0.00	300.0		300.0	304.5		hardlink	False	50	1048576000	1352	/work/vcomp/exp/nbreps_work/E1-100B_f2load	2026-09-17T20:05:09.773696+00:00
nobitmap_reps_plr_20260917_r5_E1-10KB_ycsbc	E1-10KB_f2load__workloadc	workloadc	zipfian	f2load	E1-10KB	1131640	42.415	4.954	1682078393	65.27	339514237	221612488	1448029227	234049166	221612488	136439	1681941954	83.31	160.43	831.96	95884411	0.00	300.0		300.0	308.0		hardlink	False	50	1048576000	129206	/work/vcomp/exp/nbreps_work/E1-10KB_f2load	2026-09-18T00:08:22.291386+00:00
nobitmap_reps_plr_20260917_r5_E2-2T_ycsbc	E2-2T_f2load__workloadc	workloadc	zipfian	f2load	E2-2T	1471111	32.626	3.569	1575450087	60.95	441397400	269022924	1295846116	279603971	269022924	26161	1575423926	68.86	109.71	181.17	105466948	0.00	300.0		300.0	305.2		hardlink	False	50	2097152000	26099	/work/vcomp/exp/nbreps_work/E2-2T_f2load	2026-09-17T21:03:38.205702+00:00
nobitmap_reps_plr_20260917_r5_E2-4T_ycsbc	E2-4T_f2load__workloadc	workloadc	zipfian	f2load	E2-4T	1400486	34.271	3.792	1593438220	64.72	420196720	271954082	1310478254	282959966	271954082	47584	1593390636	70.32	110.26	340.20	105496101	0.00	300.0		300.0	306.0		hardlink	False	50	4194304000	47370	/work/vcomp/exp/nbreps_work/E2-4T_f2load	2026-09-17T21:23:20.967408+00:00
nobitmap_reps_plr_20260917_r5_E2-8T_ycsbc	E2-8T_f2load__workloadc	workloadc	zipfian	f2load	E2-8T	1245309	38.543	4.292	1603547279	58.50	373631442	218562384	1365539251	238008028	218562384	108021	1603439258	70.82	109.66	261.70	106685134	0.00	300.0		300.0	307.8		hardlink	False	50	8388608000	103582	/work/vcomp/exp/nbreps_work/E2-8T_f2load	2026-09-17T22:29:49.240644+00:00
nobitmap_reps_plr_20260917_r5_E3-u100_ycsbc	E3-u100_f2load__workloadc	workloadc	zipfian	f2load	E3-u100	1060912	45.240	3.509	1116998654	99.48	318317450	316658125	793097563	323901091	316658125	17618	1116981036	68.99	109.71	304.21	119315122	0.00	300.0		300.0	305.0		hardlink	False	50	1048576000	17578	/work/vcomp/exp/nbreps_work/E3-u100_f2load	2026-09-17T20:54:06.928348+00:00
nobitmap_reps_plr_20260917_r5_E3-u25_ycsbc	E3-u25_f2load__workloadc	workloadc	zipfian	f2load	E3-u25	3211463	14.945	2.550	2456654777	30.47	963566481	293553072	2126393454	330261323	293553072	4861	2456649916	69.09	109.56	186.05	73769867	0.00	300.0		300.0	304.6		hardlink	False	50	1048576000	4834	/work/vcomp/exp/nbreps_work/E3-u25_f2load	2026-09-17T20:11:36.981047+00:00
nobitmap_reps_plr_20260917_r5_E3-u50_ycsbc	E3-u50_f2load__workloadc	workloadc	zipfian	f2load	E3-u50	1869655	25.672	3.209	1799877203	52.71	560961828	295706835	1491291013	308586190	295706835	10047	1799867156	69.33	109.56	166.90	99354646	0.00	300.0		300.0	304.8		hardlink	False	50	1048576000	10025	/work/vcomp/exp/nbreps_work/E3-u50_f2load	2026-09-17T20:26:02.989126+00:00
nobitmap_reps_plr_20260917_r5_E4-1024m10_ycsbc	E4-1024m10_f2load__workloadc	workloadc	zipfian	f2load	E4-1024m10	1561864	30.726	2.215	1038042881	65.48	468747946	306951149	725544612	312498269	306951149	17851	1038030258	92.75	603.63	1144.02	104599871	294.90	300.1		300.1	304.8		hardlink	False	50	1048576000	12614	/work/vcomp/exp/nbreps_work/E4-1024m10_f2load	2026-09-17T20:40:47.153912+00:00
nobitmap_reps_plr_20260917_r5_E4-256m4_ycsbc	E4-256m4_f2load__workloadc	workloadc	zipfian	f2load	E4-256m4	1318715	36.397	4.533	1793638005	63.70	395670921	252039712	1529910666	263727339	252039712	12180	1793625825	69.63	109.62	166.08	90156513	0.00	300.0		300.0	304.8		hardlink	False	50	1048576000	12155	/work/vcomp/exp/nbreps_work/E4-256m4_f2load	2026-09-17T20:32:54.460769+00:00
nobitmap_reps_plr_20260917_r5_E7-lz4_ycsbc	E7-lz4_f2load__workloadc	workloadc	zipfian	f2load	E7-lz4	1681601	28.543	2.804	1414810395	63.53	504534117	320542412	1085033639	329776756	320542412	6796	1414803599	66.85	134.56	535.74	113319537	0.00	300.0		300.0	304.4		hardlink	False	50	1048576000	6777	/work/vcomp/exp/nbreps_work/E7-lz4_f2load	2026-09-17T20:19:43.050600+00:00
nobitmap_reps_plr_20260917_r5_P0fix-r1_ycsbc	P0fix-r1_f2load__workloadc	workloadc	zipfian	f2load	P0fix-r1	1377536	34.842	4.052	1674615958	65.93	413313726	272490403	1390802548	283813410	272490403	13181	1674602777	69.91	109.67	166.87	93533279	0.00	300.0		300.0	304.8		hardlink	False	50	1048576000	13145	/work/vcomp/exp/nbreps_work/P0fix-r1_f2load	2026-09-17T20:47:42.878055+00:00
reload8t_20260916_ycsbc	E2-8T_f2load__workloadc	workloadc	zipfian	f2load	E2-8T	1198388	40.050	4.829	1736401537	59.99	359572633	215702608	1508199430	228202107	215702608	110012	1736291525	69.77	109.61	168.30	102835810	0.00	300.0		300.0	307.8		hardlink	False	50	8388608000	104725	/work/vcomp/exp/reload8t_20260916/E2-8T_f2load	2026-09-16T09:20:16.157654+00:00
