Linux 5.4.0-216-generic (dskbi001) 	09/11/2026 	_x86_64_	(96 CPU)

Device            r/s     rkB/s   rrqm/s  %rrqm r_await rareq-sz     w/s     wkB/s   wrqm/s  %wrqm w_await wareq-sz     d/s     dkB/s   drqm/s  %drqm d_await dareq-sz  aqu-sz  %util
dm-0             4.71    832.88     0.00   0.00    0.77   176.67    6.97    655.74     0.00   0.00    0.89    94.07    0.01    340.03     0.00   0.00    0.32 23003.63    0.01   0.26
loop0            0.01      0.01     0.00   0.00    0.04     1.06    0.00      0.00     0.00   0.00    0.00     0.00    0.00      0.00     0.00   0.00    0.00     0.00    0.00   0.00
loop1            0.01      0.01     0.00   0.00    0.05     1.05    0.00      0.00     0.00   0.00    0.00     0.00    0.00      0.00     0.00   0.00    0.00     0.00    0.00   0.00
loop2            0.01      0.01     0.00   0.00    0.09     1.01    0.00      0.00     0.00   0.00    0.00     0.00    0.00      0.00     0.00   0.00    0.00     0.00    0.00   0.00
loop3            0.01      0.01     0.00   0.00    0.05     1.04    0.00      0.00     0.00   0.00    0.00     0.00    0.00      0.00     0.00   0.00    0.00     0.00    0.00   0.00
loop4            0.01      0.01     0.00   0.00    0.04     1.04    0.00      0.00     0.00   0.00    0.00     0.00    0.00      0.00     0.00   0.00    0.00     0.00    0.00   0.00
loop5            0.01      0.01     0.00   0.00    0.05     1.03    0.00      0.00     0.00   0.00    0.00     0.00    0.00      0.00     0.00   0.00    0.00     0.00    0.00   0.00
loop6            0.00      0.00     0.00   0.00    0.07     1.06    0.00      0.00     0.00   0.00    0.00     0.00    0.00      0.00     0.00   0.00    0.00     0.00    0.00   0.00
loop7            0.00      0.00     0.00   0.00    0.04    17.21    0.00      0.00     0.00   0.00    0.00     0.00    0.00      0.00     0.00   0.00    0.00     0.00    0.00   0.00
md0           6791.52 449520.08     0.00   0.00    0.00    66.19  671.21 286633.00     0.00   0.00    0.00   427.04    1.02  38197.78     0.00   0.00    0.00 37490.83    0.00   0.00
nvme0n1          4.50    832.94     0.58  11.36    1.44   185.11    4.16    655.74     3.35  44.61    2.11   157.65    0.01    341.42     0.00   0.00    0.32 23086.99    0.01   0.26
nvme10n1       214.61  12731.12     4.29   1.96    0.11    59.32   20.33   8834.33     0.95   4.47    0.44   434.58    0.52   1231.96     0.00   0.00    0.25  2389.45    0.00   6.08
nvme11n1       214.09  12685.23     4.31   1.97    0.11    59.25   20.40   8834.20     0.94   4.41    0.44   433.14    0.52   1232.05     0.00   0.00    0.25  2389.82    0.00   6.07
nvme12n1       214.77  12637.26     4.28   1.96    0.12    58.84   20.38   8834.56     0.94   4.41    0.44   433.58    0.52   1232.08     0.00   0.00    0.25  2390.26    0.00   6.06
nvme13n1       214.90  12711.31     4.29   1.96    0.11    59.15   20.35   8834.75     0.95   4.44    0.44   434.09    0.52   1232.02     0.00   0.00    0.25  2390.47    0.00   6.07
nvme14n1       215.59  12752.46     4.30   1.95    0.11    59.15   20.31   8833.64     0.94   4.43    0.44   434.92    0.52   1231.95     0.00   0.00    0.25  2390.46    0.00   6.08
nvme15n1       215.54  12676.35     4.26   1.94    0.11    58.81   20.38   8833.75     0.95   4.47    0.44   433.52    0.52   1232.00     0.00   0.00    0.25  2390.16    0.00   6.08
nvme16n1       214.89  12673.52     4.30   1.96    0.12    58.98   20.41   8832.91     0.96   4.48    0.44   432.71    0.52   1232.04     0.00   0.00    0.26  2390.17    0.00   6.08
nvme17n1       214.74  12658.09     4.28   1.95    0.11    58.95   20.49   8833.38     0.97   4.51    0.44   431.09    0.52   1232.12     0.00   0.00    0.26  2390.26    0.00   6.07
nvme18n1       215.26  12683.69     4.29   1.95    0.11    58.92   20.55   8833.65     0.98   4.56    0.43   429.83    0.52   1232.26     0.00   0.00    0.25  2389.90    0.00   6.08
nvme19n1       215.17  12648.37     4.30   1.96    0.11    58.78   20.41   8833.70     0.97   4.54    0.44   432.87    0.52   1232.32     0.00   0.00    0.25  2389.68    0.00   6.07
nvme1n1        215.14  12680.86     4.29   1.96    0.11    58.94   20.60   8835.55     0.99   4.58    0.44   428.84    0.52   1232.23     0.00   0.00    0.26  2388.82    0.00   6.08
nvme20n1       214.92  12667.26     4.27   1.95    0.11    58.94   20.55   8834.80     0.98   4.54    0.44   429.83    0.52   1232.36     0.00   0.00    0.25  2389.44    0.00   6.10
nvme21n1       214.98  12666.52     4.26   1.94    0.11    58.92   20.55   8833.98     0.97   4.50    0.43   429.96    0.52   1232.38     0.00   0.00    0.25  2389.20    0.00   6.07
nvme22n1       215.02  12727.73     4.25   1.94    0.11    59.19   20.50   8833.97     0.98   4.56    0.44   430.99    0.52   1232.35     0.00   0.00    0.25  2389.34    0.00   6.09
nvme23n1       214.96  12778.33     4.33   1.97    0.11    59.44   20.41   8834.00     0.95   4.45    0.44   432.90    0.52   1232.26     0.00   0.00    0.25  2389.50    0.00   6.06
nvme24n1       214.53  12732.20     4.27   1.95    0.11    59.35   20.45   8834.64     0.94   4.39    0.44   431.91    0.52   1232.32     0.00   0.00    0.25  2389.55    0.00   6.08
nvme25n1       214.60  12748.56     4.30   1.96    0.11    59.41   20.44   8835.25     0.93   4.34    0.44   432.27    0.52   1232.28     0.00   0.00    0.25  2389.62    0.00   6.07
nvme26n1       214.56  12643.93     4.28   1.95    0.11    58.93   20.46   8835.60     0.93   4.36    0.44   431.84    0.52   1232.41     0.00   0.00    0.25  2388.83    0.00   6.07
nvme27n1       214.77  12643.04     4.31   1.97    0.11    58.87   20.51   8835.92     0.95   4.44    0.44   430.82    0.52   1232.39     0.00   0.00    0.25  2389.53    0.00   6.07
nvme28n1       214.36  12581.06     4.27   1.95    0.11    58.69   20.39   8834.85     0.94   4.43    0.44   433.37    0.52   1232.30     0.00   0.00    0.25  2389.53    0.00   6.06
nvme29n1       215.26  12668.94     4.25   1.94    0.11    58.85   20.40   8835.28     0.95   4.44    0.44   433.09    0.52   1232.47     0.00   0.00    0.25  2389.48    0.00   6.05
nvme2n1        214.16  12646.92     4.26   1.95    0.11    59.05   20.78   8835.40     1.01   4.63    0.43   425.23    0.52   1232.24     0.00   0.00    0.26  2388.81    0.00   6.08
nvme30n1       216.08  12666.01     4.27   1.94    0.11    58.62   20.39   8834.78     0.94   4.39    0.44   433.20    0.52   1232.38     0.00   0.00    0.25  2389.37    0.00   6.07
nvme31n1       215.35  12627.68     4.27   1.94    0.11    58.64   20.38   8834.55     0.95   4.43    0.44   433.40    0.52   1232.25     0.00   0.00    0.25  2389.57    0.00   6.06
nvme3n1        214.85  12648.68     4.25   1.94    0.11    58.87   20.74   8834.58     0.99   4.57    0.43   426.03    0.52   1232.14     0.00   0.00    0.26  2389.25    0.00   6.07
nvme4n1        214.32  12624.24     4.29   1.96    0.11    58.90   20.66   8834.32     0.98   4.53    0.43   427.52    0.52   1232.06     0.00   0.00    0.26  2389.68    0.00   6.07
nvme5n1        214.87  12667.52     4.28   1.95    0.11    58.95   20.50   8834.16     0.96   4.50    0.44   431.03    0.52   1231.97     0.00   0.00    0.26  2389.51    0.00   6.08
nvme6n1        213.68  12542.90     4.27   1.96    0.11    58.70   20.59   8835.45     0.99   4.58    0.43   429.06    0.52   1232.00     0.00   0.00    0.26  2389.78    0.00   6.06
nvme7n1        213.91  12618.52     4.26   1.95    0.11    58.99   20.47   8834.87     0.97   4.50    0.44   431.55    0.52   1232.01     0.00   0.00    0.25  2389.46    0.00   6.07
nvme8n1        214.45  12647.57     4.29   1.96    0.11    58.98   20.54   8834.67     0.96   4.47    0.44   430.19    0.52   1232.11     0.00   0.00    0.25  2389.39    0.00   6.07
nvme9n1        214.50  12635.92     4.26   1.95    0.11    58.91   20.44   8835.46     0.96   4.47    0.44   432.19    0.52   1232.06     0.00   0.00    0.25  2389.64    0.00   6.08


Device            r/s     rkB/s   rrqm/s  %rrqm r_await rareq-sz     w/s     wkB/s   wrqm/s  %wrqm w_await wareq-sz     d/s     dkB/s   drqm/s  %drqm d_await dareq-sz  aqu-sz  %util
dm-0           422.60   6595.20     0.00   0.00    0.09    15.61    4.60     18.40     0.00   0.00    0.00     4.00    0.00      0.00     0.00   0.00    0.00     0.00    0.04   5.04
loop0            0.00      0.00     0.00   0.00    0.00     0.00    0.00      0.00     0.00   0.00    0.00     0.00    0.00      0.00     0.00   0.00    0.00     0.00    0.00   0.00
loop1            0.00      0.00     0.00   0.00    0.00     0.00    0.00      0.00     0.00   0.00    0.00     0.00    0.00      0.00     0.00   0.00    0.00     0.00    0.00   0.00
loop2            0.00      0.00     0.00   0.00    0.00     0.00    0.00      0.00     0.00   0.00    0.00     0.00    0.00      0.00     0.00   0.00    0.00     0.00    0.00   0.00
loop3            0.00      0.00     0.00   0.00    0.00     0.00    0.00      0.00     0.00   0.00    0.00     0.00    0.00      0.00     0.00   0.00    0.00     0.00    0.00   0.00
loop4            0.00      0.00     0.00   0.00    0.00     0.00    0.00      0.00     0.00   0.00    0.00     0.00    0.00      0.00     0.00   0.00    0.00     0.00    0.00   0.00
loop5            0.00      0.00     0.00   0.00    0.00     0.00    0.00      0.00     0.00   0.00    0.00     0.00    0.00      0.00     0.00   0.00    0.00     0.00    0.00   0.00
loop6            0.00      0.00     0.00   0.00    0.00     0.00    0.00      0.00     0.00   0.00    0.00     0.00    0.00      0.00     0.00   0.00    0.00     0.00    0.00   0.00
loop7            0.00      0.00     0.00   0.00    0.00     0.00    0.00      0.00     0.00   0.00    0.00     0.00    0.00      0.00     0.00   0.00    0.00     0.00    0.00   0.00
md0           214416.80 4820414.40     0.00   0.00    0.00    22.48 1593.20 1215929.60     0.00   0.00    0.00   763.20    0.00      0.00     0.00   0.00    0.00     0.00    0.00   0.00
nvme0n1        213.00   6663.20   212.00  49.88    0.09    31.28    0.40     18.40     4.20  91.30    0.00    46.00    0.00      0.00     0.00   0.00    0.00     0.00    0.00   5.04
nvme10n1      6851.40 146367.20    61.00   0.88    0.09    21.36   44.20  36281.60     0.00   0.00    0.35   820.85    0.00      0.00     0.00   0.00    0.00     0.00    0.00  90.64
nvme11n1      6781.40 141856.00    61.60   0.90    0.09    20.92   46.40  36163.20     0.00   0.00    0.31   779.38    0.00      0.00     0.00   0.00    0.00     0.00    0.00  90.56
nvme12n1      6833.60 148320.80    51.80   0.75    0.08    21.70   45.60  35631.20     0.00   0.00    0.18   781.39    0.00      0.00     0.00   0.00    0.00     0.00    0.00  90.88
nvme13n1      6829.00 146593.60    16.60   0.24    0.08    21.47   44.20  35415.20     0.00   0.00    0.34   801.25    0.00      0.00     0.00   0.00    0.00     0.00    0.00  90.64
nvme14n1      6734.00 145539.20    17.60   0.26    0.08    21.61   44.60  36076.80     0.00   0.00    0.18   808.90    0.00      0.00     0.00   0.00    0.00     0.00    0.00  90.72
nvme15n1      6825.60 145437.60    17.60   0.26    0.08    21.31   46.20  37128.80     0.00   0.00    0.34   803.65    0.00      0.00     0.00   0.00    0.00     0.00    0.00  90.64
nvme16n1      6793.40 146144.80    16.20   0.24    0.08    21.51   46.40  37291.20     0.00   0.00    0.18   803.69    0.00      0.00     0.00   0.00    0.00     0.00    0.00  90.64
nvme17n1      6885.60 142382.40    18.60   0.27    0.08    20.68   49.80  38542.40     0.00   0.00    0.31   773.94    0.00      0.00     0.00   0.00    0.00     0.00    0.00  90.64
nvme18n1      6906.40 142864.00    16.00   0.23    0.09    20.69   49.60  38874.40     0.00   0.00    0.35   783.76    0.00      0.00     0.00   0.00    0.00     0.00    0.00  90.48
nvme19n1      6873.00 141234.40    17.40   0.25    0.08    20.55   49.40  37690.40     0.20   0.40    0.32   762.96    0.00      0.00     0.00   0.00    0.00     0.00    0.00  90.96
nvme1n1       6884.60 147029.60    15.00   0.22    0.09    21.36   48.20  38307.20     0.00   0.00    0.34   794.76    0.00      0.00     0.00   0.00    0.00     0.00    0.00  90.72
nvme20n1      7123.00 147859.20    15.80   0.22    0.08    20.76   50.80  39983.20     0.20   0.39    0.35   787.07    0.00      0.00     0.00   0.00    0.00     0.00    0.00  90.72
nvme21n1      7123.60 148601.60    17.60   0.25    0.08    20.86   50.60  39628.00     0.20   0.39    0.19   783.16    0.00      0.00     0.00   0.00    0.00     0.00    0.00  90.96
nvme22n1      7093.40 146091.20    17.00   0.24    0.08    20.60   49.20  39056.00     0.20   0.40    0.34   793.82    0.00      0.00     0.00   0.00    0.00     0.00    0.00  90.80
nvme23n1      7075.80 146607.20    17.60   0.25    0.08    20.72   49.00  39652.80     0.20   0.41    0.19   809.24    0.00      0.00     0.00   0.00    0.00     0.00    0.00  90.64
nvme24n1      6991.00 144544.80    16.20   0.23    0.08    20.68   48.20  38683.20     0.20   0.41    0.18   802.56    0.00      0.00     0.00   0.00    0.00     0.00    0.00  90.80
nvme25n1      6969.40 143159.20    15.80   0.23    0.09    20.54   48.00  37597.60     0.20   0.41    0.34   783.28    0.00      0.00     0.00   0.00    0.00     0.00    0.00  90.64
nvme26n1      6968.40 144504.80    15.60   0.22    0.09    20.74   52.00  37328.80     0.20   0.38    0.34   717.86    0.00      0.00     0.00   0.00    0.00     0.00    0.00  90.88
nvme27n1      6870.80 145220.80    17.80   0.26    0.09    21.14   50.60  36984.00     0.20   0.39    0.37   730.91    0.00      0.00     0.00   0.00    0.00     0.00    0.00  90.72
nvme28n1      6814.20 144746.40    15.00   0.22    0.09    21.24   47.60  36688.00     0.00   0.00    0.34   770.76    0.00      0.00     0.00   0.00    0.00     0.00    0.00  90.64
nvme29n1      6728.40 142790.40    15.80   0.23    0.08    21.22   46.40  36375.20     0.00   0.00    0.33   783.95    0.00      0.00     0.00   0.00    0.00     0.00    0.00  90.72
nvme2n1       6865.80 142444.00    16.60   0.24    0.09    20.75   48.80  38007.20     0.00   0.00    0.35   778.84    0.00      0.00     0.00   0.00    0.00     0.00    0.00  90.56
nvme30n1      6855.00 144967.20    13.80   0.20    0.08    21.15   47.20  37514.40     0.00   0.00    0.19   794.80    0.00      0.00     0.00   0.00    0.00     0.00    0.00  90.56
nvme31n1      6960.00 140133.60    16.80   0.24    0.08    20.13   48.60  38368.80     0.00   0.00    0.32   789.48    0.00      0.00     0.00   0.00    0.00     0.00    0.00  90.64
nvme3n1       6899.20 145025.60    16.00   0.23    0.09    21.02   48.80  38430.40     0.00   0.00    0.34   787.51    0.00      0.00     0.00   0.00    0.00     0.00    0.00  90.56
nvme4n1       6959.80 138577.60    17.40   0.25    0.08    19.91   49.00  38833.60     0.00   0.00    0.33   792.52    0.00      0.00     0.00   0.00    0.00     0.00    0.00  90.72
nvme5n1       6880.80 143931.20    15.00   0.22    0.09    20.92   66.00  38087.20     0.20   0.30    0.26   577.08    0.00      0.00     0.00   0.00    0.00     0.00    0.00  90.80
nvme6n1       6889.20 148904.80    17.40   0.25    0.09    21.61   57.00  37497.60     0.20   0.35    0.28   657.85    0.00      0.00     0.00   0.00    0.00     0.00    0.00  90.72
nvme7n1       6780.40 148438.40    16.60   0.24    0.09    21.89   47.80  36355.20     0.00   0.00    0.33   760.57    0.00      0.00     0.00   0.00    0.00     0.00    0.00  90.72
nvme8n1       6873.00 149529.60    56.00   0.81    0.08    21.76   74.60  37062.40     0.00   0.00    0.21   496.82    0.00      0.00     0.00   0.00    0.00     0.00    0.00  90.72
nvme9n1       6785.00 149777.60    63.80   0.93    0.08    22.07   55.80  36803.20     0.60   1.06    0.29   659.56    0.00      0.00     0.00   0.00    0.00     0.00    0.00  90.64


Device            r/s     rkB/s   rrqm/s  %rrqm r_await rareq-sz     w/s     wkB/s   wrqm/s  %wrqm w_await wareq-sz     d/s     dkB/s   drqm/s  %drqm d_await dareq-sz  aqu-sz  %util
dm-0             0.00      0.00     0.00   0.00    0.00     0.00    2.00      8.00     0.00   0.00    0.00     4.00    0.00      0.00     0.00   0.00    0.00     0.00    0.00   0.08
loop0            0.00      0.00     0.00   0.00    0.00     0.00    0.00      0.00     0.00   0.00    0.00     0.00    0.00      0.00     0.00   0.00    0.00     0.00    0.00   0.00
loop1            0.00      0.00     0.00   0.00    0.00     0.00    0.00      0.00     0.00   0.00    0.00     0.00    0.00      0.00     0.00   0.00    0.00     0.00    0.00   0.00
loop2            0.00      0.00     0.00   0.00    0.00     0.00    0.00      0.00     0.00   0.00    0.00     0.00    0.00      0.00     0.00   0.00    0.00     0.00    0.00   0.00
loop3            0.00      0.00     0.00   0.00    0.00     0.00    0.00      0.00     0.00   0.00    0.00     0.00    0.00      0.00     0.00   0.00    0.00     0.00    0.00   0.00
loop4            0.00      0.00     0.00   0.00    0.00     0.00    0.00      0.00     0.00   0.00    0.00     0.00    0.00      0.00     0.00   0.00    0.00     0.00    0.00   0.00
loop5            0.00      0.00     0.00   0.00    0.00     0.00    0.00      0.00     0.00   0.00    0.00     0.00    0.00      0.00     0.00   0.00    0.00     0.00    0.00   0.00
loop6            0.00      0.00     0.00   0.00    0.00     0.00    0.00      0.00     0.00   0.00    0.00     0.00    0.00      0.00     0.00   0.00    0.00     0.00    0.00   0.00
loop7            0.00      0.00     0.00   0.00    0.00     0.00    0.00      0.00     0.00   0.00    0.00     0.00    0.00      0.00     0.00   0.00    0.00     0.00    0.00   0.00
md0           192869.20 3176636.80     0.00   0.00    0.00    16.47 2081.00 1729051.20     0.00   0.00    0.00   830.88    0.00      0.00     0.00   0.00    0.00     0.00    0.00   0.00
nvme0n1          0.00      0.00     0.00   0.00    0.00     0.00    0.40      8.00     1.60  80.00    0.00    20.00    0.00      0.00     0.00   0.00    0.00     0.00    0.00   0.08
nvme10n1      6181.20  92170.40    21.40   0.35    0.08    14.91   61.80  52762.40     0.00   0.00    0.40   853.76    0.00      0.00     0.00   0.00    0.00     0.00    0.00 100.00
nvme11n1      6138.60  91719.20    21.40   0.35    0.08    14.94   61.80  52713.60     0.00   0.00    0.34   852.97    0.00      0.00     0.00   0.00    0.00     0.00    0.00 100.00
nvme12n1      6124.60  91164.80    22.00   0.36    0.08    14.89   62.20  51512.00     0.00   0.00    0.18   828.17    0.00      0.00     0.00   0.00    0.00     0.00    0.00 100.00
nvme13n1      6110.80  90701.60    20.60   0.34    0.08    14.84   60.00  50972.80     0.00   0.00    0.35   849.55    0.00      0.00     0.00   0.00    0.00     0.00    0.00 100.00
nvme14n1      6131.20  91044.00    20.40   0.33    0.08    14.85   61.60  51575.20     0.00   0.00    0.18   837.26    0.00      0.00     0.00   0.00    0.00     0.00    0.00 100.00
nvme15n1      6196.80  94196.80    21.60   0.35    0.08    15.20   60.60  52213.60     0.00   0.00    0.35   861.61    0.00      0.00     0.00   0.00    0.00     0.00    0.00 100.00
nvme16n1      6229.00  93591.20    20.00   0.32    0.08    15.03   61.00  52240.80     0.00   0.00    0.19   856.41    0.00      0.00     0.00   0.00    0.00     0.00    0.00 100.08
nvme17n1      6252.40  94602.40    23.00   0.37    0.08    15.13   62.40  52622.40     0.00   0.00    0.33   843.31    0.00      0.00     0.00   0.00    0.00     0.00    0.00 100.00
nvme18n1      6205.40  94906.40    20.20   0.32    0.08    15.29   64.20  53637.60     0.00   0.00    0.37   835.48    0.00      0.00     0.00   0.00    0.00     0.00    0.00  99.92
nvme19n1      6203.00  93512.80    22.40   0.36    0.08    15.08   63.20  53114.40     0.00   0.00    0.33   840.42    0.00      0.00     0.00   0.00    0.00     0.00    0.00 100.00
nvme1n1       6074.20  96284.80    23.20   0.38    0.08    15.85   58.60  49517.60     0.00   0.00    0.36   845.01    0.00      0.00     0.00   0.00    0.00     0.00    0.00  99.92
nvme20n1      6217.80  95989.60    20.40   0.33    0.08    15.44   65.20  54084.00     0.00   0.00    0.38   829.51    0.00      0.00     0.00   0.00    0.00     0.00    0.00 100.00
nvme21n1      6238.40  96456.80    22.60   0.36    0.08    15.46   63.40  54017.60     0.00   0.00    0.20   852.01    0.00      0.00     0.00   0.00    0.00     0.00    0.00 100.00
nvme22n1      6224.00  98596.00    23.40   0.37    0.08    15.84   61.80  53944.00     0.00   0.00    0.36   872.88    0.00      0.00     0.00   0.00    0.00     0.00    0.00  99.92
nvme23n1      6201.40  98084.00    22.00   0.35    0.08    15.82   63.00  54172.00     0.00   0.00    0.20   859.87    0.00      0.00     0.00   0.00    0.00     0.00    0.00 100.00
nvme24n1      6316.40 100344.00    24.20   0.38    0.08    15.89   64.20  55496.80     0.00   0.00    0.19   864.44    0.00      0.00     0.00   0.00    0.00     0.00    0.00 100.00
nvme25n1      6422.20 102235.20    24.20   0.38    0.08    15.92   68.40  56542.40     0.00   0.00    0.35   826.64    0.00      0.00     0.00   0.00    0.00     0.00    0.00 100.00
nvme26n1      6325.80  99495.20    24.40   0.38    0.08    15.73   74.40  54711.20     0.00   0.00    0.34   735.37    0.00      0.00     0.00   0.00    0.00     0.00    0.00 100.00
nvme27n1      6316.60 100253.60    23.60   0.37    0.09    15.87   66.40  54005.60     0.00   0.00    0.40   813.34    0.00      0.00     0.00   0.00    0.00     0.00    0.00 100.00
nvme28n1      6180.80  97676.00    24.40   0.39    0.08    15.80   64.40  52533.60     0.00   0.00    0.35   815.74    0.00      0.00     0.00   0.00    0.00     0.00    0.00 100.00
nvme29n1      6114.80  97924.00    22.40   0.36    0.08    16.01   60.60  51456.00     0.00   0.00    0.34   849.11    0.00      0.00     0.00   0.00    0.00     0.00    0.00 100.00
nvme2n1       6124.80  95520.80    23.40   0.38    0.08    15.60   57.00  49456.80     0.00   0.00    0.38   867.66    0.00      0.00     0.00   0.00    0.00     0.00    0.00 100.00
nvme30n1      6100.20  97426.40    24.60   0.40    0.08    15.97   60.40  51068.80     0.00   0.00    0.19   845.51    0.00      0.00     0.00   0.00    0.00     0.00    0.00 100.00
nvme31n1      6087.40  96820.80    22.60   0.37    0.08    15.91   62.00  50388.80     0.00   0.00    0.32   812.72    0.00      0.00     0.00   0.00    0.00     0.00    0.00  99.92
nvme3n1       6153.60  95564.00    21.20   0.34    0.08    15.53   58.80  50185.60     0.00   0.00    0.38   853.50    0.00      0.00     0.00   0.00    0.00     0.00    0.00 100.00
nvme4n1       6244.20  95942.40    22.60   0.36    0.08    15.37   60.60  50892.00     0.00   0.00    0.36   839.80    0.00      0.00     0.00   0.00    0.00     0.00    0.00 100.00
nvme5n1       6248.20  95548.80    22.00   0.35    0.08    15.29   87.20  51929.60     1.00   1.13    0.26   595.52    0.00      0.00     0.00   0.00    0.00     0.00    0.00 100.00
nvme6n1       6161.00  93280.00    21.60   0.35    0.08    15.14   71.60  53083.20     0.20   0.28    0.34   741.39    0.00      0.00     0.00   0.00    0.00     0.00    0.00 100.00
nvme7n1       6166.60  92068.80    20.80   0.34    0.08    14.93   62.60  53728.00     0.00   0.00    0.39   858.27    0.00      0.00     0.00   0.00    0.00     0.00    0.00 100.00
nvme8n1       6238.60  92162.40    20.80   0.33    0.08    14.77  103.00  53762.40     0.00   0.00    0.21   521.97    0.00      0.00     0.00   0.00    0.00     0.00    0.00 100.00
nvme9n1       6250.80  92766.40    19.40   0.31    0.08    14.84   75.40  53678.40     1.00   1.31    0.31   711.92    0.00      0.00     0.00   0.00    0.00     0.00    0.00 100.00


Device            r/s     rkB/s   rrqm/s  %rrqm r_await rareq-sz     w/s     wkB/s   wrqm/s  %wrqm w_await wareq-sz     d/s     dkB/s   drqm/s  %drqm d_await dareq-sz  aqu-sz  %util
dm-0           778.80   6327.20     0.00   0.00    0.09     8.12    3.00     12.00     0.00   0.00    0.00     4.00    0.00      0.00     0.00   0.00    0.00     0.00    0.07   2.80
loop0            0.00      0.00     0.00   0.00    0.00     0.00    0.00      0.00     0.00   0.00    0.00     0.00    0.00      0.00     0.00   0.00    0.00     0.00    0.00   0.00
loop1            0.00      0.00     0.00   0.00    0.00     0.00    0.00      0.00     0.00   0.00    0.00     0.00    0.00      0.00     0.00   0.00    0.00     0.00    0.00   0.00
loop2            0.00      0.00     0.00   0.00    0.00     0.00    0.00      0.00     0.00   0.00    0.00     0.00    0.00      0.00     0.00   0.00    0.00     0.00    0.00   0.00
loop3            0.00      0.00     0.00   0.00    0.00     0.00    0.00      0.00     0.00   0.00    0.00     0.00    0.00      0.00     0.00   0.00    0.00     0.00    0.00   0.00
loop4            0.00      0.00     0.00   0.00    0.00     0.00    0.00      0.00     0.00   0.00    0.00     0.00    0.00      0.00     0.00   0.00    0.00     0.00    0.00   0.00
loop5            0.00      0.00     0.00   0.00    0.00     0.00    0.00      0.00     0.00   0.00    0.00     0.00    0.00      0.00     0.00   0.00    0.00     0.00    0.00   0.00
loop6            0.00      0.00     0.00   0.00    0.00     0.00    0.00      0.00     0.00   0.00    0.00     0.00    0.00      0.00     0.00   0.00    0.00     0.00    0.00   0.00
loop7            0.00      0.00     0.00   0.00    0.00     0.00    0.00      0.00     0.00   0.00    0.00     0.00    0.00      0.00     0.00   0.00    0.00     0.00    0.00   0.00
md0           174449.80 3737476.00     0.00   0.00    0.00    21.42 2910.80 2373601.60     0.00   0.00    0.00   815.45    0.00      0.00     0.00   0.00    0.00     0.00    0.00   0.00
nvme0n1        406.20   6327.20   372.60  47.84    0.09    15.58    0.40     12.00     2.60  86.67    0.00    30.00    0.00      0.00     0.00   0.00    0.00     0.00    0.00   2.80
nvme10n1      5524.00 111521.60    33.20   0.60    0.09    20.19   91.00  74712.80     0.00   0.00    0.41   821.02    0.00      0.00     0.00   0.00    0.00     0.00    0.00  98.24
nvme11n1      5570.80 112770.40    32.60   0.58    0.09    20.24   89.60  75085.60     0.00   0.00    0.34   838.01    0.00      0.00     0.00   0.00    0.00     0.00    0.00  98.40
nvme12n1      5633.00 114068.80    32.20   0.57    0.08    20.25   90.20  74800.00     0.00   0.00    0.19   829.27    0.00      0.00     0.00   0.00    0.00     0.00    0.00  98.00
nvme13n1      5689.40 114156.80    32.40   0.57    0.09    20.06   88.80  74697.60     0.00   0.00    0.39   841.19    0.00      0.00     0.00   0.00    0.00     0.00    0.00  98.32
nvme14n1      5649.80 113695.20    32.40   0.57    0.08    20.12   88.60  73568.80     0.00   0.00    0.19   830.35    0.00      0.00     0.00   0.00    0.00     0.00    0.00  98.48
nvme15n1      5624.00 113476.80    31.20   0.55    0.09    20.18   86.00  73371.20     0.00   0.00    0.36   853.15    0.00      0.00     0.00   0.00    0.00     0.00    0.00  98.56
nvme16n1      5694.00 114110.40    33.80   0.59    0.08    20.04   88.40  74536.00     0.00   0.00    0.19   843.17    0.00      0.00     0.00   0.00    0.00     0.00    0.00  98.56
nvme17n1      5655.00 113644.80    32.00   0.56    0.08    20.10   86.40  74759.20     0.00   0.00    0.36   865.27    0.00      0.00     0.00   0.00    0.00     0.00    0.00  98.40
nvme18n1      5776.20 116009.60    33.40   0.57    0.09    20.08   90.00  76282.40     0.00   0.00    0.41   847.58    0.00      0.00     0.00   0.00    0.00     0.00    0.00  98.40
nvme19n1      5718.40 116444.80    34.00   0.59    0.09    20.36   91.20  75888.80     0.00   0.00    0.36   832.11    0.00      0.00     0.00   0.00    0.00     0.00    0.00  98.40
nvme1n1       5475.60 110051.20    33.60   0.61    0.09    20.10   83.00  72414.40     0.00   0.00    0.42   872.46    0.00      0.00     0.00   0.00    0.00     0.00    0.00  98.24
nvme20n1      5734.00 116544.80    32.60   0.57    0.09    20.33   89.60  75915.20     0.00   0.00    0.41   847.27    0.00      0.00     0.00   0.00    0.00     0.00    0.00  98.32
nvme21n1      5697.00 116307.20    35.40   0.62    0.08    20.42   85.60  73996.80     0.00   0.00    0.20   864.45    0.00      0.00     0.00   0.00    0.00     0.00    0.00  98.32
nvme22n1      5645.60 113854.40    33.80   0.60    0.09    20.17   86.00  73816.00     0.00   0.00    0.38   858.33    0.00      0.00     0.00   0.00    0.00     0.00    0.00  98.32
nvme23n1      5505.20 113703.20    34.20   0.62    0.08    20.65   86.80  74020.00     0.00   0.00    0.20   852.76    0.00      0.00     0.00   0.00    0.00     0.00    0.00  97.84
nvme24n1      5616.80 115773.60    34.00   0.60    0.08    20.61   87.80  73747.20     0.00   0.00    0.19   839.95    0.00      0.00     0.00   0.00    0.00     0.00    0.00  97.92
nvme25n1      5577.40 114561.60    35.40   0.63    0.09    20.54   84.80  73296.00     0.00   0.00    0.37   864.34    0.00      0.00     0.00   0.00    0.00     0.00    0.00  97.84
nvme26n1      5675.80 115673.60    32.60   0.57    0.09    20.38  103.00  73924.00     0.00   0.00    0.38   717.71    0.00      0.00     0.00   0.00    0.00     0.00    0.00  98.24
nvme27n1      5635.00 113656.00    34.00   0.60    0.09    20.17   85.80  73032.00     0.00   0.00    0.46   851.19    0.00      0.00     0.00   0.00    0.00     0.00    0.00  98.40
nvme28n1      5611.20 115596.00    33.00   0.58    0.09    20.60   85.60  72451.20     0.00   0.00    0.38   846.39    0.00      0.00     0.00   0.00    0.00     0.00    0.00  98.24
nvme29n1      5530.40 112929.60    34.40   0.62    0.09    20.42   84.00  71303.20     0.00   0.00    0.37   848.85    0.00      0.00     0.00   0.00    0.00     0.00    0.00  98.08
nvme2n1       5470.20 111258.40    32.00   0.58    0.09    20.34   86.60  74138.40     0.00   0.00    0.41   856.10    0.00      0.00     0.00   0.00    0.00     0.00    0.00  98.56
nvme30n1      5562.20 114156.80    36.00   0.64    0.08    20.52   84.80  71682.40     0.00   0.00    0.20   845.31    0.00      0.00     0.00   0.00    0.00     0.00    0.00  98.64
nvme31n1      5510.20 110734.40    32.40   0.58    0.08    20.10   81.60  70554.40     0.00   0.00    0.38   864.64    0.00      0.00     0.00   0.00    0.00     0.00    0.00  98.00
nvme3n1       5561.20 111518.40    33.00   0.59    0.09    20.05   84.20  74455.20     0.00   0.00    0.42   884.27    0.00      0.00     0.00   0.00    0.00     0.00    0.00  98.48
nvme4n1       5570.60 112256.80    33.00   0.59    0.09    20.15   87.40  74383.20     0.00   0.00    0.38   851.07    0.00      0.00     0.00   0.00    0.00     0.00    0.00  98.40
nvme5n1       5437.60 109144.00    32.00   0.59    0.09    20.07  125.20  73525.60     2.40   1.88    0.28   587.27    0.00      0.00     0.00   0.00    0.00     0.00    0.00  98.64
nvme6n1       5627.40 112828.00    32.80   0.58    0.09    20.05   99.60  74523.20     0.80   0.80    0.33   748.22    0.00      0.00     0.00   0.00    0.00     0.00    0.00  98.72
nvme7n1       5487.80 112020.80    31.80   0.58    0.09    20.41   90.00  74541.60     0.00   0.00    0.40   828.24    0.00      0.00     0.00   0.00    0.00     0.00    0.00  98.32
nvme8n1       5450.20 111149.60    33.40   0.61    0.09    20.39  141.40  73460.00     0.00   0.00    0.22   519.52    0.00      0.00     0.00   0.00    0.00     0.00    0.00  98.72
nvme9n1       5503.60 112936.00    33.20   0.60    0.09    20.52  104.80  75840.00     1.40   1.32    0.35   723.66    0.00      0.00     0.00   0.00    0.00     0.00    0.00  98.40


Device            r/s     rkB/s   rrqm/s  %rrqm r_await rareq-sz     w/s     wkB/s   wrqm/s  %wrqm w_await wareq-sz     d/s     dkB/s   drqm/s  %drqm d_await dareq-sz  aqu-sz  %util
dm-0           110.60    575.20     0.00   0.00    0.30     5.20    3.80     15.20     0.00   0.00    0.00     4.00    0.00      0.00     0.00   0.00    0.00     0.00    0.03   0.88
loop0            0.00      0.00     0.00   0.00    0.00     0.00    0.00      0.00     0.00   0.00    0.00     0.00    0.00      0.00     0.00   0.00    0.00     0.00    0.00   0.00
loop1            0.00      0.00     0.00   0.00    0.00     0.00    0.00      0.00     0.00   0.00    0.00     0.00    0.00      0.00     0.00   0.00    0.00     0.00    0.00   0.00
loop2            0.00      0.00     0.00   0.00    0.00     0.00    0.00      0.00     0.00   0.00    0.00     0.00    0.00      0.00     0.00   0.00    0.00     0.00    0.00   0.00
loop3            0.00      0.00     0.00   0.00    0.00     0.00    0.00      0.00     0.00   0.00    0.00     0.00    0.00      0.00     0.00   0.00    0.00     0.00    0.00   0.00
loop4            0.00      0.00     0.00   0.00    0.00     0.00    0.00      0.00     0.00   0.00    0.00     0.00    0.00      0.00     0.00   0.00    0.00     0.00    0.00   0.00
loop5            0.00      0.00     0.00   0.00    0.00     0.00    0.00      0.00     0.00   0.00    0.00     0.00    0.00      0.00     0.00   0.00    0.00     0.00    0.00   0.00
loop6            0.00      0.00     0.00   0.00    0.00     0.00    0.00      0.00     0.00   0.00    0.00     0.00    0.00      0.00     0.00   0.00    0.00     0.00    0.00   0.00
loop7            0.00      0.00     0.00   0.00    0.00     0.00    0.00      0.00     0.00   0.00    0.00     0.00    0.00      0.00     0.00   0.00    0.00     0.00    0.00   0.00
md0           117314.20 6384582.40     0.00   0.00    0.00    54.42 6066.00 5024156.00     0.00   0.00    0.00   828.25    0.00      0.00     0.00   0.00    0.00     0.00    0.00   0.00
nvme0n1         18.60    575.20    92.00  83.18    0.14    30.92    0.40     15.20     3.40  89.47    0.50    38.00    0.00      0.00     0.00   0.00    0.00     0.00    0.00   0.88
nvme10n1      3778.60 186944.00    73.00   1.90    0.11    49.47  185.80 157312.00     0.40   0.21    0.43   846.67    0.00      0.00     0.00   0.00    0.00     0.00    0.00  94.00
nvme11n1      3709.00 189483.20    77.80   2.05    0.11    51.09  188.40 157757.60     0.40   0.21    0.37   837.35    0.00      0.00     0.00   0.00    0.00     0.00    0.00  94.48
nvme12n1      3745.00 188643.20    76.00   1.99    0.10    50.37  188.60 159064.80     0.00   0.00    0.19   843.40    0.00      0.00     0.00   0.00    0.00     0.00    0.00  93.76
nvme13n1      3720.00 187028.80    79.40   2.09    0.11    50.28  182.00 158292.80     0.00   0.00    0.44   869.74    0.00      0.00     0.00   0.00    0.00     0.00    0.00  94.80
nvme14n1      3724.80 184177.60    74.20   1.95    0.10    49.45  186.60 159296.80     0.00   0.00    0.19   853.68    0.00      0.00     0.00   0.00    0.00     0.00    0.00  94.88
nvme15n1      3663.40 183077.60    77.60   2.07    0.11    49.97  183.20 158498.40     0.00   0.00    0.40   865.17    0.00      0.00     0.00   0.00    0.00     0.00    0.00  93.68
nvme16n1      3740.60 186262.40    72.00   1.89    0.10    49.79  185.00 159906.40     0.00   0.00    0.20   864.36    0.00      0.00     0.00   0.00    0.00     0.00    0.00  94.24
nvme17n1      3719.80 184609.60    78.80   2.07    0.10    49.63  182.60 158777.60     0.00   0.00    0.38   869.54    0.00      0.00     0.00   0.00    0.00     0.00    0.00  95.20
nvme18n1      3790.80 186722.40    74.80   1.94    0.11    49.26  185.40 160132.80     0.00   0.00    0.46   863.72    0.00      0.00     0.00   0.00    0.00     0.00    0.00  94.56
nvme19n1      3782.00 185733.60    78.20   2.03    0.11    49.11  185.60 159903.20     0.00   0.00    0.40   861.55    0.00      0.00     0.00   0.00    0.00     0.00    0.00  95.04
nvme1n1       3648.80 187895.20    76.00   2.04    0.11    51.50  177.40 152803.20     0.00   0.00    0.43   861.35    0.00      0.00     0.00   0.00    0.00     0.00    0.00  94.40
nvme20n1      3763.60 186967.20    74.80   1.95    0.12    49.68  185.20 159336.80     0.00   0.00    0.45   860.35    0.00      0.00     0.00   0.00    0.00     0.00    0.00  94.40
nvme21n1      3685.00 184000.00    77.80   2.07    0.10    49.93  185.00 159884.80     0.00   0.00    0.21   864.24    0.00      0.00     0.00   0.00    0.00     0.00    0.00  95.12
nvme22n1      3665.40 182522.40    75.20   2.01    0.11    49.80  179.00 157399.20     0.00   0.00    0.42   879.33    0.00      0.00     0.00   0.00    0.00     0.00    0.00  94.00
nvme23n1      3732.60 184854.40    73.80   1.94    0.10    49.52  180.00 157811.20     0.00   0.00    0.21   876.73    0.00      0.00     0.00   0.00    0.00     0.00    0.00  94.08
nvme24n1      3723.00 186663.20    75.20   1.98    0.10    50.14  181.20 157196.00     0.00   0.00    0.20   867.53    0.00      0.00     0.00   0.00    0.00     0.00    0.00  94.48
nvme25n1      3681.80 185896.00    74.20   1.98    0.11    50.49  182.20 156554.40     0.00   0.00    0.41   859.24    0.00      0.00     0.00   0.00    0.00     0.00    0.00  94.32
nvme26n1      3721.40 188042.40    78.00   2.05    0.12    50.53  211.20 156236.00     0.00   0.00    0.41   739.75    0.00      0.00     0.00   0.00    0.00     0.00    0.00  94.80
nvme27n1      3632.40 184965.60    73.60   1.99    0.12    50.92  201.00 152604.80     0.00   0.00    0.45   759.23    0.00      0.00     0.00   0.00    0.00     0.00    0.00  94.80
nvme28n1      3571.20 183352.00    74.00   2.03    0.11    51.34  176.60 153640.80     0.00   0.00    0.43   869.99    0.00      0.00     0.00   0.00    0.00     0.00    0.00  94.16
nvme29n1      3593.40 181894.40    73.40   2.00    0.11    50.62  182.60 154052.00     0.00   0.00    0.38   843.66    0.00      0.00     0.00   0.00    0.00     0.00    0.00  94.40
nvme2n1       3682.20 188562.40    75.60   2.01    0.11    51.21  178.60 153796.80     0.00   0.00    0.46   861.12    0.00      0.00     0.00   0.00    0.00     0.00    0.00  94.16
nvme30n1      3612.60 181638.40    73.60   2.00    0.10    50.28  181.80 152975.20     0.00   0.00    0.20   841.45    0.00      0.00     0.00   0.00    0.00     0.00    0.00  94.16
nvme31n1      3688.40 186342.40    74.40   1.98    0.11    50.52  179.20 152916.80     0.00   0.00    0.38   853.33    0.00      0.00     0.00   0.00    0.00     0.00    0.00  94.80
nvme3n1       3751.40 190404.80    77.00   2.01    0.11    50.76  181.40 154936.80     0.00   0.00    0.45   854.12    0.00      0.00     0.00   0.00    0.00     0.00    0.00  94.08
nvme4n1       3710.00 190880.80    78.40   2.07    0.11    51.45  180.40 154464.00     0.00   0.00    0.42   856.23    0.00      0.00     0.00   0.00    0.00     0.00    0.00  95.20
nvme5n1       3753.00 191665.60    77.00   2.01    0.11    51.07  276.00 155162.40     6.20   2.20    0.29   562.18    0.00      0.00     0.00   0.00    0.00     0.00    0.00  95.04
nvme6n1       3754.80 194503.20    79.20   2.07    0.11    51.80  201.40 155016.80     1.20   0.59    0.37   769.70    0.00      0.00     0.00   0.00    0.00     0.00    0.00  95.20
nvme7n1       3783.60 192510.40    81.00   2.10    0.11    50.88  180.20 157228.00     0.00   0.00    0.46   872.52    0.00      0.00     0.00   0.00    0.00     0.00    0.00  94.88
nvme8n1       3726.60 187510.40    80.40   2.11    0.11    50.32  278.80 156710.40     3.40   1.20    0.26   562.09    0.00      0.00     0.00   0.00    0.00     0.00    0.00  94.96
nvme9n1       3702.60 184251.20    76.00   2.01    0.11    49.76  201.40 156647.20     2.60   1.27    0.40   777.79    0.00      0.00     0.00   0.00    0.00     0.00    0.00  94.24


Device            r/s     rkB/s   rrqm/s  %rrqm r_await rareq-sz     w/s     wkB/s   wrqm/s  %wrqm w_await wareq-sz     d/s     dkB/s   drqm/s  %drqm d_await dareq-sz  aqu-sz  %util
dm-0             0.00      0.00     0.00   0.00    0.00     0.00    1.20      4.80     0.00   0.00    0.00     4.00    0.00      0.00     0.00   0.00    0.00     0.00    0.00   0.08
loop0            0.00      0.00     0.00   0.00    0.00     0.00    0.00      0.00     0.00   0.00    0.00     0.00    0.00      0.00     0.00   0.00    0.00     0.00    0.00   0.00
loop1            0.00      0.00     0.00   0.00    0.00     0.00    0.00      0.00     0.00   0.00    0.00     0.00    0.00      0.00     0.00   0.00    0.00     0.00    0.00   0.00
loop2            0.00      0.00     0.00   0.00    0.00     0.00    0.00      0.00     0.00   0.00    0.00     0.00    0.00      0.00     0.00   0.00    0.00     0.00    0.00   0.00
loop3            0.00      0.00     0.00   0.00    0.00     0.00    0.00      0.00     0.00   0.00    0.00     0.00    0.00      0.00     0.00   0.00    0.00     0.00    0.00   0.00
loop4            0.00      0.00     0.00   0.00    0.00     0.00    0.00      0.00     0.00   0.00    0.00     0.00    0.00      0.00     0.00   0.00    0.00     0.00    0.00   0.00
loop5            0.00      0.00     0.00   0.00    0.00     0.00    0.00      0.00     0.00   0.00    0.00     0.00    0.00      0.00     0.00   0.00    0.00     0.00    0.00   0.00
loop6            0.00      0.00     0.00   0.00    0.00     0.00    0.00      0.00     0.00   0.00    0.00     0.00    0.00      0.00     0.00   0.00    0.00     0.00    0.00   0.00
loop7            0.00      0.00     0.00   0.00    0.00     0.00    0.00      0.00     0.00   0.00    0.00     0.00    0.00      0.00     0.00   0.00    0.00     0.00    0.00   0.00
md0           209627.20 4117060.00     0.00   0.00    0.00    19.64 3258.60 2533051.20     0.00   0.00    0.00   777.34    0.00      0.00     0.00   0.00    0.00     0.00    0.00   0.00
nvme0n1          0.00      0.00     0.00   0.00    0.00     0.00    0.40      4.80     0.80  66.67    0.00    12.00    0.00      0.00     0.00   0.00    0.00     0.00    0.00   0.08
nvme10n1      6685.80 123964.80    33.40   0.50    0.09    18.54  100.80  79555.20     5.00   4.73    0.38   789.24    0.00      0.00     0.00   0.00    0.00     0.00    0.00 100.00
nvme11n1      6668.20 122674.40    32.80   0.49    0.08    18.40   98.40  79084.80     6.60   6.29    0.32   803.71    0.00      0.00     0.00   0.00    0.00     0.00    0.00 100.00
nvme12n1      6732.20 123356.80    32.60   0.48    0.08    18.32   94.80  76988.80    10.00   9.54    0.18   812.12    0.00      0.00     0.00   0.00    0.00     0.00    0.00 100.00
nvme13n1      6825.60 123715.20    32.00   0.47    0.08    18.13   87.20  77508.00     4.40   4.80    0.40   888.85    0.00      0.00     0.00   0.00    0.00     0.00    0.00 100.00
nvme14n1      6820.40 123874.40    32.60   0.48    0.08    18.16   89.20  77468.80     4.60   4.90    0.19   868.48    0.00      0.00     0.00   0.00    0.00     0.00    0.00 100.00
nvme15n1      6810.20 122860.00    30.40   0.44    0.08    18.04   88.20  77287.20     2.40   2.65    0.35   876.27    0.00      0.00     0.00   0.00    0.00     0.00    0.00 100.00
nvme16n1      6830.00 123635.20    33.80   0.49    0.08    18.10   89.60  78173.60     5.20   5.49    0.19   872.47    0.00      0.00     0.00   0.00    0.00     0.00    0.00 100.00
nvme17n1      6884.40 124114.40    31.60   0.46    0.08    18.03   90.20  78762.40     4.20   4.45    0.34   873.20    0.00      0.00     0.00   0.00    0.00     0.00    0.00 100.00
nvme18n1      6858.00 124994.40    33.60   0.49    0.09    18.23   95.60  78638.40     7.60   7.36    0.39   822.58    0.00      0.00     0.00   0.00    0.00     0.00    0.00 100.00
nvme19n1      7017.40 126791.20    32.20   0.46    0.08    18.07   89.80  79188.00     3.40   3.65    0.37   881.83    0.00      0.00     0.00   0.00    0.00     0.00    0.00 100.00
nvme1n1       6560.60 122680.00    31.80   0.48    0.09    18.70   92.40  78965.60     5.80   5.91    0.37   854.61    0.00      0.00     0.00   0.00    0.00     0.00    0.00  99.92
nvme20n1      6877.00 123588.80    34.20   0.49    0.09    17.97   94.40  79896.80     9.80   9.40    0.40   846.36    0.00      0.00     0.00   0.00    0.00     0.00    0.00  99.92
nvme21n1      6971.40 125028.00    30.80   0.44    0.08    17.93   92.40  80552.80     5.20   5.33    0.19   871.78    0.00      0.00     0.00   0.00    0.00     0.00    0.00  99.92
nvme22n1      6883.00 125048.00    33.40   0.48    0.08    18.17   92.00  78735.20     6.60   6.69    0.37   855.82    0.00      0.00     0.00   0.00    0.00     0.00    0.00 100.00
nvme23n1      6858.40 126604.00    30.80   0.45    0.08    18.46   88.80  78561.60     6.40   6.72    0.20   884.70    0.00      0.00     0.00   0.00    0.00     0.00    0.00 100.00
nvme24n1      6808.80 126500.00    35.60   0.52    0.08    18.58   90.40  79493.60     3.60   3.83    0.19   879.35    0.00      0.00     0.00   0.00    0.00     0.00    0.00  99.92
nvme25n1      6771.80 127410.40    33.40   0.49    0.08    18.81   92.60  79536.00     3.60   3.74    0.37   858.92    0.00      0.00     0.00   0.00    0.00     0.00    0.00  99.84
nvme26n1      6647.40 126240.00    34.60   0.52    0.09    18.99   96.80  78783.20     1.80   1.83    0.39   813.88    0.00      0.00     0.00   0.00    0.00     0.00    0.00 100.00
nvme27n1      6712.40 127631.20    34.20   0.51    0.09    19.01   98.20  78265.60     6.40   6.12    0.41   797.00    0.00      0.00     0.00   0.00    0.00     0.00    0.00 100.00
nvme28n1      6621.60 126664.80    33.00   0.50    0.09    19.13   93.20  79106.40     3.80   3.92    0.37   848.78    0.00      0.00     0.00   0.00    0.00     0.00    0.00  99.92
nvme29n1      6635.80 127733.60    36.20   0.54    0.08    19.25   90.80  80500.00     3.60   3.81    0.36   886.56    0.00      0.00     0.00   0.00    0.00     0.00    0.00 100.00
nvme2n1       6539.60 122529.60    35.00   0.53    0.09    18.74   91.60  79087.20     6.40   6.53    0.38   863.40    0.00      0.00     0.00   0.00    0.00     0.00    0.00 100.00
nvme30n1      6599.80 125866.40    34.20   0.52    0.08    19.07   91.20  79127.20     5.20   5.39    0.19   867.62    0.00      0.00     0.00   0.00    0.00     0.00    0.00  99.92
nvme31n1      6452.80 123257.60    35.40   0.55    0.08    19.10   91.60  78744.80     7.20   7.29    0.35   859.66    0.00      0.00     0.00   0.00    0.00     0.00    0.00 100.00
nvme3n1       6487.80 121684.00    30.00   0.46    0.09    18.76   86.20  77284.80     5.80   6.30    0.40   896.58    0.00      0.00     0.00   0.00    0.00     0.00    0.00 100.00
nvme4n1       6732.60 125230.40    35.60   0.53    0.08    18.60   92.00  79266.40     5.60   5.74    0.36   861.59    0.00      0.00     0.00   0.00    0.00     0.00    0.00 100.00
nvme5n1       6677.80 124142.40    31.40   0.47    0.08    18.59  134.80  78964.00    28.00  17.20    0.27   585.79    0.00      0.00     0.00   0.00    0.00     0.00    0.00 100.00
nvme6n1       6685.00 123844.00    33.20   0.49    0.08    18.53  106.60  79882.40     7.60   6.65    0.33   749.37    0.00      0.00     0.00   0.00    0.00     0.00    0.00 100.00
nvme7n1       6676.00 125684.80    34.20   0.51    0.09    18.83   92.00  80549.60     6.80   6.88    0.39   875.54    0.00      0.00     0.00   0.00    0.00     0.00    0.00 100.00
nvme8n1       6605.40 122609.60    32.60   0.49    0.08    18.56  147.20  78236.80    10.80   6.84    0.22   531.50    0.00      0.00     0.00   0.00    0.00     0.00    0.00 100.00
nvme9n1       6657.20 123248.00    32.00   0.48    0.09    18.51  113.40  78486.40     6.60   5.50    0.31   692.12    0.00      0.00     0.00   0.00    0.00     0.00    0.00 100.00


Device            r/s     rkB/s   rrqm/s  %rrqm r_await rareq-sz     w/s     wkB/s   wrqm/s  %wrqm w_await wareq-sz     d/s     dkB/s   drqm/s  %drqm d_await dareq-sz  aqu-sz  %util
dm-0            13.80     60.00     0.00   0.00    0.00     4.35    1.60      6.40     0.00   0.00    0.00     4.00    0.00      0.00     0.00   0.00    0.00     0.00    0.00   0.24
loop0            0.00      0.00     0.00   0.00    0.00     0.00    0.00      0.00     0.00   0.00    0.00     0.00    0.00      0.00     0.00   0.00    0.00     0.00    0.00   0.00
loop1            0.00      0.00     0.00   0.00    0.00     0.00    0.00      0.00     0.00   0.00    0.00     0.00    0.00      0.00     0.00   0.00    0.00     0.00    0.00   0.00
loop2            0.00      0.00     0.00   0.00    0.00     0.00    0.00      0.00     0.00   0.00    0.00     0.00    0.00      0.00     0.00   0.00    0.00     0.00    0.00   0.00
loop3            0.00      0.00     0.00   0.00    0.00     0.00    0.00      0.00     0.00   0.00    0.00     0.00    0.00      0.00     0.00   0.00    0.00     0.00    0.00   0.00
loop4            0.00      0.00     0.00   0.00    0.00     0.00    0.00      0.00     0.00   0.00    0.00     0.00    0.00      0.00     0.00   0.00    0.00     0.00    0.00   0.00
loop5            0.00      0.00     0.00   0.00    0.00     0.00    0.00      0.00     0.00   0.00    0.00     0.00    0.00      0.00     0.00   0.00    0.00     0.00    0.00   0.00
loop6            0.00      0.00     0.00   0.00    0.00     0.00    0.00      0.00     0.00   0.00    0.00     0.00    0.00      0.00     0.00   0.00    0.00     0.00    0.00   0.00
loop7            0.00      0.00     0.00   0.00    0.00     0.00    0.00      0.00     0.00   0.00    0.00     0.00    0.00      0.00     0.00   0.00    0.00     0.00    0.00   0.00
md0           132511.40 5523569.60     0.00   0.00    0.00    41.68 4734.20 4169540.00     0.00   0.00    0.00   880.73    0.00      0.00     0.00   0.00    0.00     0.00    0.00   0.00
nvme0n1          2.20     60.00    11.60  84.06    0.09    27.27    0.40      6.40     1.20  75.00    0.00    16.00    0.00      0.00     0.00   0.00    0.00     0.00    0.00   0.24
nvme10n1      4186.40 164908.00    61.60   1.45    0.10    39.39  144.40 130418.40     0.00   0.00    0.46   903.17    0.00      0.00     0.00   0.00    0.00     0.00    0.00  93.04
nvme11n1      4203.00 164821.60    63.80   1.50    0.10    39.22  145.20 130591.20     0.00   0.00    0.37   899.39    0.00      0.00     0.00   0.00    0.00     0.00    0.00  93.44
nvme12n1      4209.20 164776.00    62.60   1.47    0.09    39.15  143.00 131309.60     0.00   0.00    0.19   918.25    0.00      0.00     0.00   0.00    0.00     0.00    0.00  93.84
nvme13n1      4166.20 165179.20    64.80   1.53    0.10    39.65  141.80 130908.80     0.00   0.00    0.45   923.19    0.00      0.00     0.00   0.00    0.00     0.00    0.00  93.84
nvme14n1      4192.80 165213.60    63.20   1.48    0.09    39.40  141.80 131348.80     0.00   0.00    0.20   926.30    0.00      0.00     0.00   0.00    0.00     0.00    0.00  93.04
nvme15n1      4310.80 165876.80    66.60   1.52    0.10    38.48  144.80 131343.20     0.00   0.00    0.39   907.07    0.00      0.00     0.00   0.00    0.00     0.00    0.00  93.76
nvme16n1      4188.40 161562.40    62.00   1.46    0.09    38.57  141.40 130173.60     0.00   0.00    0.19   920.61    0.00      0.00     0.00   0.00    0.00     0.00    0.00  92.80
nvme17n1      4235.80 162762.40    62.20   1.45    0.10    38.43  138.00 128397.60     0.00   0.00    0.38   930.42    0.00      0.00     0.00   0.00    0.00     0.00    0.00  93.44
nvme18n1      4301.80 163948.00    60.60   1.39    0.10    38.11  139.60 129132.80     0.00   0.00    0.45   925.02    0.00      0.00     0.00   0.00    0.00     0.00    0.00  93.20
nvme19n1      4278.00 164079.20    62.80   1.45    0.10    38.35  138.40 129037.60     0.00   0.00    0.40   932.35    0.00      0.00     0.00   0.00    0.00     0.00    0.00  93.68
nvme1n1       4249.40 162713.60    63.40   1.47    0.10    38.29  145.40 131514.40     0.00   0.00    0.42   904.50    0.00      0.00     0.00   0.00    0.00     0.00    0.00  92.08
nvme20n1      4251.60 165341.60    62.60   1.45    0.10    38.89  138.80 130179.20     0.00   0.00    0.46   937.89    0.00      0.00     0.00   0.00    0.00     0.00    0.00  93.12
nvme21n1      4289.40 163928.00    63.00   1.45    0.09    38.22  140.20 129938.40     0.00   0.00    0.21   926.81    0.00      0.00     0.00   0.00    0.00     0.00    0.00  93.76
nvme22n1      4255.60 162189.60    63.60   1.47    0.10    38.11  140.80 129370.40     0.00   0.00    0.43   918.82    0.00      0.00     0.00   0.00    0.00     0.00    0.00  93.84
nvme23n1      4269.00 161772.80    60.40   1.40    0.09    37.89  140.40 128935.20     0.00   0.00    0.21   918.34    0.00      0.00     0.00   0.00    0.00     0.00    0.00  94.56
nvme24n1      4134.00 160560.80    63.80   1.52    0.09    38.84  139.20 130612.00     0.00   0.00    0.20   938.30    0.00      0.00     0.00   0.00    0.00     0.00    0.00  93.92
nvme25n1      4225.60 162844.80    62.40   1.46    0.10    38.54  144.40 130656.80     0.00   0.00    0.40   904.83    0.00      0.00     0.00   0.00    0.00     0.00    0.00  93.12
nvme26n1      4106.40 160895.20    62.20   1.49    0.11    39.18  149.20 129683.20     0.00   0.00    0.45   869.19    0.00      0.00     0.00   0.00    0.00     0.00    0.00  93.92
nvme27n1      4115.80 159429.60    62.60   1.50    0.11    38.74  147.60 130332.00     0.00   0.00    0.48   883.01    0.00      0.00     0.00   0.00    0.00     0.00    0.00  93.68
nvme28n1      4083.60 160073.60    61.80   1.49    0.10    39.20  165.60 129733.60     0.00   0.00    0.38   783.42    0.00      0.00     0.00   0.00    0.00     0.00    0.00  93.60
nvme29n1      4160.00 160778.40    60.40   1.43    0.10    38.65  141.00 128892.00     0.00   0.00    0.39   914.13    0.00      0.00     0.00   0.00    0.00     0.00    0.00  93.52
nvme2n1       4260.20 160495.20    61.20   1.42    0.10    37.67  140.00 130416.00     0.00   0.00    0.46   931.54    0.00      0.00     0.00   0.00    0.00     0.00    0.00  92.96
nvme30n1      4223.80 161685.60    60.80   1.42    0.09    38.28  139.60 130749.60     0.00   0.00    0.21   936.60    0.00      0.00     0.00   0.00    0.00     0.00    0.00  94.08
nvme31n1      4220.40 162235.20    61.40   1.43    0.10    38.44  141.40 131502.40     0.00   0.00    0.39   930.00    0.00      0.00     0.00   0.00    0.00     0.00    0.00  93.36
nvme3n1       4212.00 160516.80    64.40   1.51    0.10    38.11  142.60 129180.00     0.00   0.00    0.44   905.89    0.00      0.00     0.00   0.00    0.00     0.00    0.00  93.52
nvme4n1       4156.40 159742.40    59.80   1.42    0.10    38.43  140.00 130057.60     0.00   0.00    0.42   928.98    0.00      0.00     0.00   0.00    0.00     0.00    0.00  92.64
nvme5n1       4165.60 162419.20    61.80   1.46    0.10    38.99  213.60 132108.80     4.60   2.11    0.31   618.49    0.00      0.00     0.00   0.00    0.00     0.00    0.00  93.20
nvme6n1       4184.20 163058.40    60.80   1.43    0.10    38.97  164.40 131062.40     2.40   1.44    0.37   797.22    0.00      0.00     0.00   0.00    0.00     0.00    0.00  93.20
nvme7n1       4278.40 163654.40    62.60   1.44    0.10    38.25  143.20 131624.00     0.00   0.00    0.44   919.16    0.00      0.00     0.00   0.00    0.00     0.00    0.00  92.72
nvme8n1       4220.20 163815.20    68.40   1.59    0.10    38.82  223.60 131145.60     0.00   0.00    0.26   586.52    0.00      0.00     0.00   0.00    0.00     0.00    0.00  93.44
nvme9n1       4233.00 165825.60    63.80   1.48    0.10    39.17  163.40 131786.40     2.00   1.21    0.41   806.53    0.00      0.00     0.00   0.00    0.00     0.00    0.00  93.84


Device            r/s     rkB/s   rrqm/s  %rrqm r_await rareq-sz     w/s     wkB/s   wrqm/s  %wrqm w_await wareq-sz     d/s     dkB/s   drqm/s  %drqm d_await dareq-sz  aqu-sz  %util
dm-0             0.20      0.80     0.00   0.00    0.00     4.00   20.40    112.00     0.00   0.00    0.00     5.49    0.00      0.00     0.00   0.00    0.00     0.00    0.00   0.16
loop0            0.00      0.00     0.00   0.00    0.00     0.00    0.00      0.00     0.00   0.00    0.00     0.00    0.00      0.00     0.00   0.00    0.00     0.00    0.00   0.00
loop1            0.00      0.00     0.00   0.00    0.00     0.00    0.00      0.00     0.00   0.00    0.00     0.00    0.00      0.00     0.00   0.00    0.00     0.00    0.00   0.00
loop2            0.00      0.00     0.00   0.00    0.00     0.00    0.00      0.00     0.00   0.00    0.00     0.00    0.00      0.00     0.00   0.00    0.00     0.00    0.00   0.00
loop3            0.00      0.00     0.00   0.00    0.00     0.00    0.00      0.00     0.00   0.00    0.00     0.00    0.00      0.00     0.00   0.00    0.00     0.00    0.00   0.00
loop4            0.00      0.00     0.00   0.00    0.00     0.00    0.00      0.00     0.00   0.00    0.00     0.00    0.00      0.00     0.00   0.00    0.00     0.00    0.00   0.00
loop5            0.00      0.00     0.00   0.00    0.00     0.00    0.00      0.00     0.00   0.00    0.00     0.00    0.00      0.00     0.00   0.00    0.00     0.00    0.00   0.00
loop6            0.00      0.00     0.00   0.00    0.00     0.00    0.00      0.00     0.00   0.00    0.00     0.00    0.00      0.00     0.00   0.00    0.00     0.00    0.00   0.00
loop7            0.00      0.00     0.00   0.00    0.00     0.00    0.00      0.00     0.00   0.00    0.00     0.00    0.00      0.00     0.00   0.00    0.00     0.00    0.00   0.00
md0           192298.00 4891328.80     0.00   0.00    0.00    25.44 4124.60 3308319.20     0.00   0.00    0.00   802.09    0.00      0.00     0.00   0.00    0.00     0.00    0.00   0.00
nvme0n1          0.20      0.80     0.00   0.00    0.00     4.00   16.00    112.00     4.40  21.57    0.05     7.00    0.00      0.00     0.00   0.00    0.00     0.00    0.00   0.16
nvme10n1      6092.80 150385.60    51.00   0.83    0.09    24.68  124.40 101832.00     9.00   6.75    0.39   818.59    0.00      0.00     0.00   0.00    0.00     0.00    0.00 100.00
nvme11n1      6118.20 149871.20    46.20   0.75    0.09    24.50  127.40 102212.00     5.20   3.92    0.32   802.29    0.00      0.00     0.00   0.00    0.00     0.00    0.00 100.00
nvme12n1      6125.60 148424.80    50.40   0.82    0.08    24.23  122.60 101813.60     4.00   3.16    0.18   830.45    0.00      0.00     0.00   0.00    0.00     0.00    0.00 100.00
nvme13n1      6134.60 149071.20    47.00   0.76    0.09    24.30  116.80 102560.80     3.40   2.83    0.40   878.09    0.00      0.00     0.00   0.00    0.00     0.00    0.00  99.92
nvme14n1      6088.80 144075.20    47.60   0.78    0.08    23.66  117.00 102330.40     1.60   1.35    0.19   874.62    0.00      0.00     0.00   0.00    0.00     0.00    0.00 100.00
nvme15n1      6114.80 145773.60    45.60   0.74    0.09    23.84  117.80 102756.00     1.80   1.51    0.36   872.29    0.00      0.00     0.00   0.00    0.00     0.00    0.00 100.00
nvme16n1      6122.00 145653.60    47.40   0.77    0.08    23.79  117.00 101836.80     5.40   4.41    0.18   870.40    0.00      0.00     0.00   0.00    0.00     0.00    0.00 100.00
nvme17n1      6067.40 144580.80    45.20   0.74    0.09    23.83  117.60 101151.20     6.00   4.85    0.34   860.13    0.00      0.00     0.00   0.00    0.00     0.00    0.00 100.00
nvme18n1      6153.60 146609.60    48.80   0.79    0.09    23.83  118.40 101156.00     4.80   3.90    0.40   854.36    0.00      0.00     0.00   0.00    0.00     0.00    0.00  99.92
nvme19n1      6140.80 146253.60    44.20   0.71    0.09    23.82  119.00 101028.80     5.60   4.49    0.35   848.98    0.00      0.00     0.00   0.00    0.00     0.00    0.00  99.92
nvme1n1       6316.20 147445.60    46.20   0.73    0.09    23.34  120.00 103984.80     4.20   3.38    0.40   866.54    0.00      0.00     0.00   0.00    0.00     0.00    0.00  99.92
nvme20n1      6118.20 145271.20    49.60   0.80    0.09    23.74  117.00 101712.80     4.00   3.31    0.39   869.34    0.00      0.00     0.00   0.00    0.00     0.00    0.00 100.00
nvme21n1      6291.00 147376.80    43.80   0.69    0.09    23.43  117.00 101585.60     3.80   3.15    0.19   868.25    0.00      0.00     0.00   0.00    0.00     0.00    0.00 100.00
nvme22n1      6256.40 148197.60    48.00   0.76    0.09    23.69  114.00 102124.00     3.80   3.23    0.38   895.82    0.00      0.00     0.00   0.00    0.00     0.00    0.00  99.92
nvme23n1      6145.40 146973.60    45.80   0.74    0.08    23.92  117.40 102908.80     4.60   3.77    0.19   876.57    0.00      0.00     0.00   0.00    0.00     0.00    0.00 100.00
nvme24n1      6076.40 143622.40    47.80   0.78    0.08    23.64  115.40 102246.40     4.80   3.99    0.19   886.02    0.00      0.00     0.00   0.00    0.00     0.00    0.00 100.00
nvme25n1      6054.80 142625.60    46.00   0.75    0.09    23.56  115.80 101188.00     3.60   3.02    0.36   873.82    0.00      0.00     0.00   0.00    0.00     0.00    0.00  99.84
nvme26n1      6058.40 144333.60    44.60   0.73    0.09    23.82  119.80 101500.00     5.20   4.16    0.40   847.25    0.00      0.00     0.00   0.00    0.00     0.00    0.00 100.00
nvme27n1      6008.40 144334.40    47.60   0.79    0.09    24.02  117.20 102599.20     3.20   2.66    0.45   875.42    0.00      0.00     0.00   0.00    0.00     0.00    0.00 100.00
nvme28n1      6087.20 145226.40    47.00   0.77    0.09    23.86  136.60 103735.20     3.60   2.57    0.35   759.41    0.00      0.00     0.00   0.00    0.00     0.00    0.00 100.00
nvme29n1      6106.00 144666.40    44.40   0.72    0.09    23.69  115.60 101441.60     4.60   3.83    0.36   877.52    0.00      0.00     0.00   0.00    0.00     0.00    0.00 100.00
nvme2n1       6303.60 148408.00    50.80   0.80    0.09    23.54  121.00 104532.80     7.40   5.76    0.40   863.91    0.00      0.00     0.00   0.00    0.00     0.00    0.00 100.00
nvme30n1      6036.40 143832.80    46.20   0.76    0.09    23.83  116.60 102916.80     4.20   3.48    0.20   882.65    0.00      0.00     0.00   0.00    0.00     0.00    0.00 100.00
nvme31n1      6220.40 147952.00    47.60   0.76    0.09    23.78  120.20 103979.20     3.20   2.59    0.36   865.05    0.00      0.00     0.00   0.00    0.00     0.00    0.00  99.92
nvme3n1       6233.60 145323.20    43.60   0.69    0.09    23.31  120.60 101608.80     3.20   2.58    0.39   842.53    0.00      0.00     0.00   0.00    0.00     0.00    0.00 100.00
nvme4n1       6198.00 148558.40    50.60   0.81    0.09    23.97  119.80 102232.80     3.20   2.60    0.36   853.36    0.00      0.00     0.00   0.00    0.00     0.00    0.00 100.00
nvme5n1       6185.20 148395.20    44.60   0.72    0.09    23.99  180.40 101785.60    20.00   9.98    0.26   564.22    0.00      0.00     0.00   0.00    0.00     0.00    0.00 100.00
nvme6n1       6260.00 149088.00    50.20   0.80    0.09    23.82  133.60 101225.60    12.20   8.37    0.32   757.68    0.00      0.00     0.00   0.00    0.00     0.00    0.00 100.00
nvme7n1       6229.60 149689.60    44.80   0.71    0.09    24.03  115.20 100809.60     4.20   3.52    0.39   875.08    0.00      0.00     0.00   0.00    0.00     0.00    0.00 100.00
nvme8n1       6238.20 151221.60    51.20   0.81    0.09    24.24  191.20 102690.40    15.40   7.45    0.23   537.08    0.00      0.00     0.00   0.00    0.00     0.00    0.00  99.92
nvme9n1       6260.20 152459.20    46.00   0.73    0.09    24.35  139.40 101881.60     6.00   4.13    0.33   730.86    0.00      0.00     0.00   0.00    0.00     0.00    0.00 100.00


Device            r/s     rkB/s   rrqm/s  %rrqm r_await rareq-sz     w/s     wkB/s   wrqm/s  %wrqm w_await wareq-sz     d/s     dkB/s   drqm/s  %drqm d_await dareq-sz  aqu-sz  %util
dm-0             0.20      0.80     0.00   0.00    0.00     4.00    5.40     24.80     0.00   0.00    0.00     4.59    0.00      0.00     0.00   0.00    0.00     0.00    0.00   0.16
loop0            0.00      0.00     0.00   0.00    0.00     0.00    0.00      0.00     0.00   0.00    0.00     0.00    0.00      0.00     0.00   0.00    0.00     0.00    0.00   0.00
loop1            0.00      0.00     0.00   0.00    0.00     0.00    0.00      0.00     0.00   0.00    0.00     0.00    0.00      0.00     0.00   0.00    0.00     0.00    0.00   0.00
loop2            0.00      0.00     0.00   0.00    0.00     0.00    0.00      0.00     0.00   0.00    0.00     0.00    0.00      0.00     0.00   0.00    0.00     0.00    0.00   0.00
loop3            0.00      0.00     0.00   0.00    0.00     0.00    0.00      0.00     0.00   0.00    0.00     0.00    0.00      0.00     0.00   0.00    0.00     0.00    0.00   0.00
loop4            0.00      0.00     0.00   0.00    0.00     0.00    0.00      0.00     0.00   0.00    0.00     0.00    0.00      0.00     0.00   0.00    0.00     0.00    0.00   0.00
loop5            0.00      0.00     0.00   0.00    0.00     0.00    0.00      0.00     0.00   0.00    0.00     0.00    0.00      0.00     0.00   0.00    0.00     0.00    0.00   0.00
loop6            0.00      0.00     0.00   0.00    0.00     0.00    0.00      0.00     0.00   0.00    0.00     0.00    0.00      0.00     0.00   0.00    0.00     0.00    0.00   0.00
loop7            0.00      0.00     0.00   0.00    0.00     0.00    0.00      0.00     0.00   0.00    0.00     0.00    0.00      0.00     0.00   0.00    0.00     0.00    0.00   0.00
md0           201739.60 4254203.20     0.00   0.00    0.00    21.09 2996.20 2642992.00     0.00   0.00    0.00   882.11    0.00      0.00     0.00   0.00    0.00     0.00    0.00   0.00
nvme0n1          0.20      0.80     0.00   0.00    0.00     4.00    1.40     24.80     4.00  74.07    0.14    17.71    0.00      0.00     0.00   0.00    0.00     0.00    0.00   0.16
nvme10n1      6279.60 123182.40    35.40   0.56    0.09    19.62   87.00  80169.60     0.00   0.00    0.42   921.49    0.00      0.00     0.00   0.00    0.00     0.00    0.00  99.92
nvme11n1      6344.60 124628.00    35.20   0.55    0.08    19.64   86.00  81169.60     0.00   0.00    0.35   943.83    0.00      0.00     0.00   0.00    0.00     0.00    0.00 100.00
nvme12n1      6320.60 123334.40    34.80   0.55    0.08    19.51   87.80  80739.20     0.00   0.00    0.19   919.58    0.00      0.00     0.00   0.00    0.00     0.00    0.00 100.00
nvme13n1      6298.20 123512.80    35.80   0.57    0.09    19.61   89.80  79946.40     0.00   0.00    0.38   890.27    0.00      0.00     0.00   0.00    0.00     0.00    0.00 100.00
nvme14n1      6411.20 126528.00    33.20   0.52    0.08    19.74   85.80  79389.60     0.00   0.00    0.19   925.29    0.00      0.00     0.00   0.00    0.00     0.00    0.00 100.00
nvme15n1      6508.80 127216.00    37.60   0.57    0.08    19.55   88.40  81238.40     0.00   0.00    0.36   918.99    0.00      0.00     0.00   0.00    0.00     0.00    0.00 100.00
nvme16n1      6437.80 127288.80    34.00   0.53    0.08    19.77   90.20  82799.20     0.00   0.00    0.19   917.95    0.00      0.00     0.00   0.00    0.00     0.00    0.00 100.08
nvme17n1      6542.80 126845.60    38.80   0.59    0.08    19.39   90.60  81588.80     0.00   0.00    0.34   900.54    0.00      0.00     0.00   0.00    0.00     0.00    0.00  99.92
nvme18n1      6602.00 129425.60    33.80   0.51    0.08    19.60   91.00  82115.20     0.00   0.00    0.41   902.36    0.00      0.00     0.00   0.00    0.00     0.00    0.00 100.00
nvme19n1      6623.80 131044.00    39.40   0.59    0.08    19.78   91.20  83640.00     0.00   0.00    0.37   917.11    0.00      0.00     0.00   0.00    0.00     0.00    0.00 100.08
nvme1n1       6582.20 131936.00    41.40   0.63    0.09    20.04   88.60  81660.00     0.00   0.00    0.39   921.67    0.00      0.00     0.00   0.00    0.00     0.00    0.00 100.08
nvme20n1      6697.80 134171.20    37.80   0.56    0.09    20.03   89.40  83235.20     0.00   0.00    0.43   931.04    0.00      0.00     0.00   0.00    0.00     0.00    0.00 100.00
nvme21n1      6551.20 131184.00    39.80   0.60    0.08    20.02   91.60  82785.60     0.00   0.00    0.20   903.77    0.00      0.00     0.00   0.00    0.00     0.00    0.00  99.92
nvme22n1      6467.00 127961.60    37.60   0.58    0.09    19.79   88.20  82896.00     0.00   0.00    0.38   939.86    0.00      0.00     0.00   0.00    0.00     0.00    0.00  99.92
nvme23n1      6398.00 127503.20    38.20   0.59    0.08    19.93   90.40  81680.80     0.00   0.00    0.19   903.55    0.00      0.00     0.00   0.00    0.00     0.00    0.00  99.92
nvme24n1      6455.00 129089.60    35.60   0.55    0.08    20.00   87.80  81612.80     0.00   0.00    0.20   929.53    0.00      0.00     0.00   0.00    0.00     0.00    0.00  99.84
nvme25n1      6474.40 128824.00    37.60   0.58    0.08    19.90   88.40  82084.00     0.00   0.00    0.38   928.55    0.00      0.00     0.00   0.00    0.00     0.00    0.00  99.92
nvme26n1      6410.40 126380.00    38.40   0.60    0.09    19.71   91.60  81556.80     0.00   0.00    0.40   890.36    0.00      0.00     0.00   0.00    0.00     0.00    0.00 100.00
nvme27n1      6404.00 125604.80    36.60   0.57    0.09    19.61   92.00  82512.00     0.00   0.00    0.44   896.87    0.00      0.00     0.00   0.00    0.00     0.00    0.00  99.92
nvme28n1      6481.80 125562.40    37.20   0.57    0.09    19.37   98.40  81081.60     0.00   0.00    0.35   824.00    0.00      0.00     0.00   0.00    0.00     0.00    0.00  99.92
nvme29n1      6437.80 125465.60    34.60   0.53    0.08    19.49   89.00  81951.20     0.00   0.00    0.36   920.80    0.00      0.00     0.00   0.00    0.00     0.00    0.00 100.00
nvme2n1       6699.40 134620.00    38.80   0.58    0.09    20.09   91.40  83264.00     0.00   0.00    0.40   910.98    0.00      0.00     0.00   0.00    0.00     0.00    0.00 100.00
nvme30n1      6497.00 128711.20    36.60   0.56    0.08    19.81   90.00  81452.80     0.00   0.00    0.20   905.03    0.00      0.00     0.00   0.00    0.00     0.00    0.00 100.00
nvme31n1      6646.00 132157.60    36.00   0.54    0.08    19.89   91.00  82014.40     0.00   0.00    0.35   901.26    0.00      0.00     0.00   0.00    0.00     0.00    0.00 100.00
nvme3n1       6585.00 132303.20    38.20   0.58    0.09    20.09   91.20  81243.20     0.00   0.00    0.39   890.82    0.00      0.00     0.00   0.00    0.00     0.00    0.00 100.00
nvme4n1       6538.60 131432.00    39.60   0.60    0.09    20.10   88.80  81998.40     0.00   0.00    0.38   923.41    0.00      0.00     0.00   0.00    0.00     0.00    0.00  99.84
nvme5n1       6542.20 131252.80    39.20   0.60    0.09    20.06  138.40  82028.00     3.00   2.12    0.26   592.69    0.00      0.00     0.00   0.00    0.00     0.00    0.00  99.92
nvme6n1       6434.60 129772.80    40.80   0.63    0.08    20.17  103.60  82280.00     1.40   1.33    0.33   794.21    0.00      0.00     0.00   0.00    0.00     0.00    0.00  99.92
nvme7n1       6311.20 125983.20    35.80   0.56    0.09    19.96   88.00  80944.80     0.00   0.00    0.40   919.83    0.00      0.00     0.00   0.00    0.00     0.00    0.00 100.00
nvme8n1       6338.40 125335.20    36.80   0.58    0.08    19.77  148.20  80488.80     0.00   0.00    0.23   543.11    0.00      0.00     0.00   0.00    0.00     0.00    0.00 100.00
nvme9n1       6271.00 124918.40    36.20   0.57    0.09    19.92  102.80  80390.40     1.40   1.34    0.34   782.01    0.00      0.00     0.00   0.00    0.00     0.00    0.00  99.92


Device            r/s     rkB/s   rrqm/s  %rrqm r_await rareq-sz     w/s     wkB/s   wrqm/s  %wrqm w_await wareq-sz     d/s     dkB/s   drqm/s  %drqm d_await dareq-sz  aqu-sz  %util
dm-0            38.40    738.40     0.00   0.00    0.04    19.23    1.80      7.20     0.00   0.00    0.00     4.00    0.00      0.00     0.00   0.00    0.00     0.00    0.00   0.48
loop0            0.00      0.00     0.00   0.00    0.00     0.00    0.00      0.00     0.00   0.00    0.00     0.00    0.00      0.00     0.00   0.00    0.00     0.00    0.00   0.00
loop1            0.00      0.00     0.00   0.00    0.00     0.00    0.00      0.00     0.00   0.00    0.00     0.00    0.00      0.00     0.00   0.00    0.00     0.00    0.00   0.00
loop2            0.00      0.00     0.00   0.00    0.00     0.00    0.00      0.00     0.00   0.00    0.00     0.00    0.00      0.00     0.00   0.00    0.00     0.00    0.00   0.00
loop3            0.00      0.00     0.00   0.00    0.00     0.00    0.00      0.00     0.00   0.00    0.00     0.00    0.00      0.00     0.00   0.00    0.00     0.00    0.00   0.00
loop4            0.00      0.00     0.00   0.00    0.00     0.00    0.00      0.00     0.00   0.00    0.00     0.00    0.00      0.00     0.00   0.00    0.00     0.00    0.00   0.00
loop5            0.00      0.00     0.00   0.00    0.00     0.00    0.00      0.00     0.00   0.00    0.00     0.00    0.00      0.00     0.00   0.00    0.00     0.00    0.00   0.00
loop6            0.00      0.00     0.00   0.00    0.00     0.00    0.00      0.00     0.00   0.00    0.00     0.00    0.00      0.00     0.00   0.00    0.00     0.00    0.00   0.00
loop7            0.00      0.00     0.00   0.00    0.00     0.00    0.00      0.00     0.00   0.00    0.00     0.00    0.00      0.00     0.00   0.00    0.00     0.00    0.00   0.00
md0           140663.00 6074549.60     0.00   0.00    0.00    43.19 5556.40 4631275.20     0.00   0.00    0.00   833.50    0.00      0.00     0.00   0.00    0.00     0.00    0.00   0.00
nvme0n1         15.80    738.40    22.60  58.85    0.13    46.73    0.40      7.20     1.40  77.78    0.00    18.00    0.00      0.00     0.00   0.00    0.00     0.00    0.00   0.48
nvme10n1      4447.60 179087.20    73.40   1.62    0.10    40.27  165.00 141501.60     7.80   4.51    0.44   857.59    0.00      0.00     0.00   0.00    0.00     0.00    0.00  96.64
nvme11n1      4379.00 179442.40    68.40   1.54    0.10    40.98  162.60 140324.80     6.00   3.56    0.36   863.01    0.00      0.00     0.00   0.00    0.00     0.00    0.00  96.80
nvme12n1      4414.60 179922.40    73.40   1.64    0.09    40.76  166.80 141786.40    10.40   5.87    0.19   850.04    0.00      0.00     0.00   0.00    0.00     0.00    0.00  96.72
nvme13n1      4384.60 180821.60    69.20   1.55    0.11    41.24  153.60 142284.80     2.40   1.54    0.46   926.33    0.00      0.00     0.00   0.00    0.00     0.00    0.00  96.24
nvme14n1      4416.00 180905.60    70.00   1.56    0.09    40.97  158.80 141430.40     1.80   1.12    0.19   890.62    0.00      0.00     0.00   0.00    0.00     0.00    0.00  96.32
nvme15n1      4419.00 180119.20    69.20   1.54    0.10    40.76  157.20 142365.60     4.00   2.48    0.38   905.63    0.00      0.00     0.00   0.00    0.00     0.00    0.00  96.16
nvme16n1      4541.20 180553.60    72.80   1.58    0.09    39.76  157.60 142050.40     6.20   3.79    0.19   901.34    0.00      0.00     0.00   0.00    0.00     0.00    0.00  96.40
nvme17n1      4537.80 181393.60    66.60   1.45    0.10    39.97  158.80 144061.60     0.80   0.50    0.38   907.19    0.00      0.00     0.00   0.00    0.00     0.00    0.00  96.00
nvme18n1      4505.40 182474.40    72.20   1.58    0.10    40.50  162.40 143504.80     4.40   2.64    0.44   883.65    0.00      0.00     0.00   0.00    0.00     0.00    0.00  96.96
nvme19n1      4566.00 183936.80    70.40   1.52    0.10    40.28  160.20 148274.40     0.20   0.12    0.39   925.56    0.00      0.00     0.00   0.00    0.00     0.00    0.00  96.48
nvme1n1       4547.60 178364.00    70.60   1.53    0.10    39.22  158.60 144680.80     1.80   1.12    0.44   912.24    0.00      0.00     0.00   0.00    0.00     0.00    0.00  96.40
nvme20n1      4514.60 181956.80    74.20   1.62    0.11    40.30  167.40 148081.60     5.20   3.01    0.45   884.60    0.00      0.00     0.00   0.00    0.00     0.00    0.00  95.92
nvme21n1      4488.60 182692.00    67.80   1.49    0.10    40.70  165.60 146964.00     2.80   1.66    0.27   887.46    0.00      0.00     0.00   0.00    0.00     0.00    0.00  96.48
nvme22n1      4476.00 180657.60    72.80   1.60    0.10    40.36  162.20 145200.00     3.80   2.29    0.41   895.19    0.00      0.00     0.00   0.00    0.00     0.00    0.00  96.00
nvme23n1      4476.60 179762.40    70.20   1.54    0.10    40.16  164.00 145962.40     4.00   2.38    0.20   890.01    0.00      0.00     0.00   0.00    0.00     0.00    0.00  97.12
nvme24n1      4457.00 178875.20    71.60   1.58    0.09    40.13  162.40 146711.20     4.00   2.40    0.19   903.39    0.00      0.00     0.00   0.00    0.00     0.00    0.00  96.56
nvme25n1      4538.80 179810.40    68.80   1.49    0.10    39.62  159.20 146427.20     4.20   2.57    0.41   919.77    0.00      0.00     0.00   0.00    0.00     0.00    0.00  96.56
nvme26n1      4470.20 178372.80    72.80   1.60    0.11    39.90  170.80 147461.60     3.60   2.06    0.45   863.36    0.00      0.00     0.00   0.00    0.00     0.00    0.00  96.56
nvme27n1      4427.20 176105.60    67.40   1.50    0.11    39.78  167.40 148865.60     3.60   2.11    0.49   889.28    0.00      0.00     0.00   0.00    0.00     0.00    0.00  97.04
nvme28n1      4363.00 174184.80    71.40   1.61    0.10    39.92  183.00 148058.40     1.40   0.76    0.37   809.06    0.00      0.00     0.00   0.00    0.00     0.00    0.00  96.16
nvme29n1      4433.60 174798.40    64.60   1.44    0.10    39.43  172.60 148290.40     5.20   2.92    0.36   859.16    0.00      0.00     0.00   0.00    0.00     0.00    0.00  96.64
nvme2n1       4473.40 180627.20    66.40   1.46    0.10    40.38  162.40 146548.00     7.20   4.25    0.45   902.39    0.00      0.00     0.00   0.00    0.00     0.00    0.00  96.24
nvme30n1      4456.00 177523.20    69.20   1.53    0.10    39.84  162.80 146937.60     1.20   0.73    0.20   902.57    0.00      0.00     0.00   0.00    0.00     0.00    0.00  96.64
nvme31n1      4488.00 178088.00    65.80   1.44    0.10    39.68  162.40 145601.60     5.20   3.10    0.37   896.56    0.00      0.00     0.00   0.00    0.00     0.00    0.00  96.80
nvme3n1       4492.60 180495.20    72.00   1.58    0.10    40.18  162.20 146575.20     3.00   1.82    0.45   903.67    0.00      0.00     0.00   0.00    0.00     0.00    0.00  96.72
nvme4n1       4455.80 180788.80    67.40   1.49    0.10    40.57  163.00 145864.00     5.20   3.09    0.40   894.87    0.00      0.00     0.00   0.00    0.00     0.00    0.00  97.12
nvme5n1       4497.40 183364.80    72.80   1.59    0.10    40.77  246.00 142292.00    15.40   5.89    0.17   578.42    0.00      0.00     0.00   0.00    0.00     0.00    0.00  97.12
nvme6n1       4507.20 183725.60    71.40   1.56    0.10    40.76  187.00 142186.40    17.80   8.69    0.35   760.36    0.00      0.00     0.00   0.00    0.00     0.00    0.00  96.32
nvme7n1       4451.60 179677.60    67.80   1.50    0.10    40.36  156.60 141057.60     3.20   2.00    0.43   900.75    0.00      0.00     0.00   0.00    0.00     0.00    0.00  97.04
nvme8n1       4440.60 181404.00    74.60   1.65    0.10    40.85  256.40 142716.00    15.80   5.80    0.25   556.61    0.00      0.00     0.00   0.00    0.00     0.00    0.00  96.88
nvme9n1       4420.40 180891.20    66.60   1.48    0.10    40.92  183.20 141936.00     6.40   3.38    0.37   774.76    0.00      0.00     0.00   0.00    0.00     0.00    0.00  96.64


Device            r/s     rkB/s   rrqm/s  %rrqm r_await rareq-sz     w/s     wkB/s   wrqm/s  %wrqm w_await wareq-sz     d/s     dkB/s   drqm/s  %drqm d_await dareq-sz  aqu-sz  %util
dm-0             0.00      0.00     0.00   0.00    0.00     0.00    3.20     12.80     0.00   0.00    0.00     4.00    0.00      0.00     0.00   0.00    0.00     0.00    0.00   0.16
loop0            0.00      0.00     0.00   0.00    0.00     0.00    0.00      0.00     0.00   0.00    0.00     0.00    0.00      0.00     0.00   0.00    0.00     0.00    0.00   0.00
loop1            0.00      0.00     0.00   0.00    0.00     0.00    0.00      0.00     0.00   0.00    0.00     0.00    0.00      0.00     0.00   0.00    0.00     0.00    0.00   0.00
loop2            0.00      0.00     0.00   0.00    0.00     0.00    0.00      0.00     0.00   0.00    0.00     0.00    0.00      0.00     0.00   0.00    0.00     0.00    0.00   0.00
loop3            0.00      0.00     0.00   0.00    0.00     0.00    0.00      0.00     0.00   0.00    0.00     0.00    0.00      0.00     0.00   0.00    0.00     0.00    0.00   0.00
loop4            0.00      0.00     0.00   0.00    0.00     0.00    0.00      0.00     0.00   0.00    0.00     0.00    0.00      0.00     0.00   0.00    0.00     0.00    0.00   0.00
loop5            0.00      0.00     0.00   0.00    0.00     0.00    0.00      0.00     0.00   0.00    0.00     0.00    0.00      0.00     0.00   0.00    0.00     0.00    0.00   0.00
loop6            0.00      0.00     0.00   0.00    0.00     0.00    0.00      0.00     0.00   0.00    0.00     0.00    0.00      0.00     0.00   0.00    0.00     0.00    0.00   0.00
loop7            0.00      0.00     0.00   0.00    0.00     0.00    0.00      0.00     0.00   0.00    0.00     0.00    0.00      0.00     0.00   0.00    0.00     0.00    0.00   0.00
md0           206255.60 3551280.00     0.00   0.00    0.00    17.22 2318.00 2046068.80     0.00   0.00    0.00   882.69    0.00      0.00     0.00   0.00    0.00     0.00    0.00   0.00
nvme0n1          0.00      0.00     0.00   0.00    0.00     0.00    0.80     12.80     2.40  75.00    0.00    16.00    0.00      0.00     0.00   0.00    0.00     0.00    0.00   0.16
nvme10n1      6469.40 103872.00    24.40   0.38    0.08    16.06   71.80  66112.00     0.00   0.00    0.41   920.78    0.00      0.00     0.00   0.00    0.00     0.00    0.00  99.36
nvme11n1      6598.80 105003.20    24.20   0.37    0.08    15.91   69.40  64360.00     0.00   0.00    0.37   927.38    0.00      0.00     0.00   0.00    0.00     0.00    0.00  99.36
nvme12n1      6598.20 106739.20    24.80   0.37    0.08    16.18   70.00  65065.60     0.00   0.00    0.19   929.51    0.00      0.00     0.00   0.00    0.00     0.00    0.00  99.52
nvme13n1      6638.80 106963.20    25.00   0.38    0.08    16.11   70.40  64086.40     0.00   0.00    0.39   910.32    0.00      0.00     0.00   0.00    0.00     0.00    0.00  99.36
nvme14n1      6646.40 107959.20    25.80   0.39    0.08    16.24   68.80  63486.40     0.00   0.00    0.19   922.77    0.00      0.00     0.00   0.00    0.00     0.00    0.00  99.44
nvme15n1      6535.00 107325.60    23.40   0.36    0.08    16.42   67.20  61008.80     0.00   0.00    0.35   907.87    0.00      0.00     0.00   0.00    0.00     0.00    0.00  99.44
nvme16n1      6561.00 108400.80    26.00   0.39    0.08    16.52   67.20  59490.40     0.00   0.00    0.18   885.27    0.00      0.00     0.00   0.00    0.00     0.00    0.00  99.60
nvme17n1      6578.40 109992.00    25.00   0.38    0.08    16.72   66.00  60593.60     0.00   0.00    0.36   918.08    0.00      0.00     0.00   0.00    0.00     0.00    0.00  99.44
nvme18n1      6615.40 110454.40    26.20   0.39    0.08    16.70   66.80  59374.40     0.00   0.00    0.40   888.84    0.00      0.00     0.00   0.00    0.00     0.00    0.00  99.44
nvme19n1      6634.80 110050.40    27.40   0.41    0.08    16.59   66.00  59992.80     0.00   0.00    0.36   908.98    0.00      0.00     0.00   0.00    0.00     0.00    0.00  99.44
nvme1n1       6647.80 105582.40    25.40   0.38    0.08    15.88   70.60  63308.80     0.00   0.00    0.39   896.73    0.00      0.00     0.00   0.00    0.00     0.00    0.00  99.36
nvme20n1      6683.80 111976.00    26.20   0.39    0.08    16.75   65.60  61048.00     0.00   0.00    0.40   930.61    0.00      0.00     0.00   0.00    0.00     0.00    0.00  99.52
nvme21n1      6566.00 110953.60    27.00   0.41    0.08    16.90   67.20  62176.80     0.00   0.00    0.36   925.25    0.00      0.00     0.00   0.00    0.00     0.00    0.00  99.44
nvme22n1      6713.60 112549.60    27.60   0.41    0.08    16.76   69.00  62278.40     0.00   0.00    0.37   902.59    0.00      0.00     0.00   0.00    0.00     0.00    0.00  99.52
nvme23n1      6646.80 111043.20    26.40   0.40    0.08    16.71   66.40  61861.60     0.00   0.00    0.20   931.65    0.00      0.00     0.00   0.00    0.00     0.00    0.00  99.36
nvme24n1      6648.80 110489.60    26.00   0.39    0.08    16.62   66.80  61433.60     0.00   0.00    0.19   919.66    0.00      0.00     0.00   0.00    0.00     0.00    0.00  99.60
nvme25n1      6571.20 109292.80    25.40   0.39    0.08    16.63   66.40  61265.60     0.00   0.00    0.36   922.67    0.00      0.00     0.00   0.00    0.00     0.00    0.00  99.52
nvme26n1      6605.60 107981.60    25.40   0.38    0.08    16.35   66.80  61106.40     0.00   0.00    0.45   914.77    0.00      0.00     0.00   0.00    0.00     0.00    0.00  99.36
nvme27n1      6606.40 107937.60    26.80   0.40    0.09    16.34   69.80  61743.20     0.00   0.00    0.41   884.57    0.00      0.00     0.00   0.00    0.00     0.00    0.00  99.36
nvme28n1      6678.00 106676.00    25.60   0.38    0.08    15.97   74.40  62588.80     0.00   0.00    0.36   841.25    0.00      0.00     0.00   0.00    0.00     0.00    0.00  99.60
nvme29n1      6729.60 107492.00    25.80   0.38    0.08    15.97   68.80  63864.80     0.00   0.00    0.37   928.27    0.00      0.00     0.00   0.00    0.00     0.00    0.00  99.44
nvme2n1       6648.00 106198.40    23.60   0.35    0.08    15.97   70.60  63864.80     0.00   0.00    0.40   904.60    0.00      0.00     0.00   0.00    0.00     0.00    0.00  99.28
nvme30n1      6631.00 106801.60    24.80   0.37    0.08    16.11   70.20  63440.00     0.00   0.00    0.19   903.70    0.00      0.00     0.00   0.00    0.00     0.00    0.00  99.44
nvme31n1      6714.60 107264.80    25.20   0.37    0.08    15.97   68.80  62878.40     0.00   0.00    0.36   913.93    0.00      0.00     0.00   0.00    0.00     0.00    0.00  99.36
nvme3n1       6614.20 106783.20    22.80   0.34    0.08    16.14   72.40  63788.80     0.00   0.00    0.40   881.06    0.00      0.00     0.00   0.00    0.00     0.00    0.00  99.52
nvme4n1       6598.00 106758.40    26.20   0.40    0.08    16.18   68.80  63647.20     0.00   0.00    0.39   925.10    0.00      0.00     0.00   0.00    0.00     0.00    0.00  99.36
nvme5n1       6626.40 106897.60    24.20   0.36    0.08    16.13  113.20  64919.20     2.00   1.74    0.13   573.49    0.00      0.00     0.00   0.00    0.00     0.00    0.00  99.20
nvme6n1       6695.60 107756.00    25.80   0.38    0.08    16.09   84.60  65490.40     1.00   1.17    0.32   774.12    0.00      0.00     0.00   0.00    0.00     0.00    0.00  99.52
nvme7n1       6697.20 107585.60    24.60   0.37    0.08    16.06   72.00  65655.20     0.00   0.00    0.40   911.88    0.00      0.00     0.00   0.00    0.00     0.00    0.00  99.52
nvme8n1       6600.00 106659.20    26.00   0.39    0.08    16.16  116.00  66060.00     0.00   0.00    0.23   569.48    0.00      0.00     0.00   0.00    0.00     0.00    0.00  99.36
nvme9n1       6667.00 106704.00    25.60   0.38    0.08    16.00   85.20  65780.00     1.00   1.16    0.32   772.07    0.00      0.00     0.00   0.00    0.00     0.00    0.00  99.52


Device            r/s     rkB/s   rrqm/s  %rrqm r_await rareq-sz     w/s     wkB/s   wrqm/s  %wrqm w_await wareq-sz     d/s     dkB/s   drqm/s  %drqm d_await dareq-sz  aqu-sz  %util
dm-0             0.00      0.00     0.00   0.00    0.00     0.00    3.00     13.60     0.00   0.00    0.00     4.53    0.00      0.00     0.00   0.00    0.00     0.00    0.00   0.16
loop0            0.00      0.00     0.00   0.00    0.00     0.00    0.00      0.00     0.00   0.00    0.00     0.00    0.00      0.00     0.00   0.00    0.00     0.00    0.00   0.00
loop1            0.00      0.00     0.00   0.00    0.00     0.00    0.00      0.00     0.00   0.00    0.00     0.00    0.00      0.00     0.00   0.00    0.00     0.00    0.00   0.00
loop2            0.00      0.00     0.00   0.00    0.00     0.00    0.00      0.00     0.00   0.00    0.00     0.00    0.00      0.00     0.00   0.00    0.00     0.00    0.00   0.00
loop3            0.00      0.00     0.00   0.00    0.00     0.00    0.00      0.00     0.00   0.00    0.00     0.00    0.00      0.00     0.00   0.00    0.00     0.00    0.00   0.00
loop4            0.00      0.00     0.00   0.00    0.00     0.00    0.00      0.00     0.00   0.00    0.00     0.00    0.00      0.00     0.00   0.00    0.00     0.00    0.00   0.00
loop5            0.00      0.00     0.00   0.00    0.00     0.00    0.00      0.00     0.00   0.00    0.00     0.00    0.00      0.00     0.00   0.00    0.00     0.00    0.00   0.00
loop6            0.00      0.00     0.00   0.00    0.00     0.00    0.00      0.00     0.00   0.00    0.00     0.00    0.00      0.00     0.00   0.00    0.00     0.00    0.00   0.00
loop7            0.00      0.00     0.00   0.00    0.00     0.00    0.00      0.00     0.00   0.00    0.00     0.00    0.00      0.00     0.00   0.00    0.00     0.00    0.00   0.00
md0           120137.20 4709741.60     0.00   0.00    0.00    39.20 4412.40 3448994.40     0.00   0.00    0.00   781.66    0.00      0.00     0.00   0.00    0.00     0.00    0.00   0.00
nvme0n1          0.00      0.00     0.00   0.00    0.00     0.00    0.60     13.60     2.40  80.00    0.00    22.67    0.00      0.00     0.00   0.00    0.00     0.00    0.00   0.16
nvme10n1      3748.40 134949.60    52.20   1.37    0.09    36.00  133.40 104612.00     7.80   5.52    0.27   784.20    0.00      0.00     0.00   0.00    0.00     0.00    0.00  89.84
nvme11n1      3722.60 134550.40    48.40   1.28    0.09    36.14  131.40 104082.40     7.20   5.19    0.33   792.10    0.00      0.00     0.00   0.00    0.00     0.00    0.00  88.88
nvme12n1      3793.60 135790.40    52.80   1.37    0.08    35.79  131.40 105976.00    10.60   7.46    0.18   806.51    0.00      0.00     0.00   0.00    0.00     0.00    0.00  90.08
nvme13n1      3819.60 135820.00    47.20   1.22    0.10    35.56  124.80 106162.40     6.60   5.02    0.42   850.66    0.00      0.00     0.00   0.00    0.00     0.00    0.00  88.64
nvme14n1      3708.60 132873.60    53.20   1.41    0.08    35.83  121.00 104412.00     4.20   3.35    0.18   862.91    0.00      0.00     0.00   0.00    0.00     0.00    0.00  88.88
nvme15n1      3765.20 133249.60    44.40   1.17    0.09    35.39  126.40 107481.60     6.00   4.53    0.37   850.33    0.00      0.00     0.00   0.00    0.00     0.00    0.00  89.52
nvme16n1      3742.40 132960.00    52.00   1.37    0.08    35.53  129.40 107068.00     7.40   5.41    0.18   827.42    0.00      0.00     0.00   0.00    0.00     0.00    0.00  89.36
nvme17n1      3767.60 134544.00    47.40   1.24    0.09    35.71  124.80 106111.20     4.60   3.55    0.36   850.25    0.00      0.00     0.00   0.00    0.00     0.00    0.00  87.68
nvme18n1      3721.00 132753.60    50.60   1.34    0.09    35.68  129.00 106936.80     7.00   5.15    0.41   828.97    0.00      0.00     0.00   0.00    0.00     0.00    0.00  88.88
nvme19n1      3799.60 134566.40    48.40   1.26    0.09    35.42  125.80 106430.40     4.00   3.08    0.36   846.03    0.00      0.00     0.00   0.00    0.00     0.00    0.00  88.72
nvme1n1       3899.00 138572.00    49.80   1.26    0.10    35.54  125.80 105968.80     7.00   5.27    0.40   842.36    0.00      0.00     0.00   0.00    0.00     0.00    0.00  90.80
nvme20n1      3759.20 136065.60    49.80   1.31    0.10    36.20  125.60 106497.60     7.40   5.56    0.41   847.91    0.00      0.00     0.00   0.00    0.00     0.00    0.00  89.12
nvme21n1      3795.60 137662.40    49.80   1.30    0.09    36.27  128.20 108865.60     5.60   4.19    0.36   849.19    0.00      0.00     0.00   0.00    0.00     0.00    0.00  90.00
nvme22n1      3808.60 136705.60    49.80   1.29    0.10    35.89  127.40 107439.20     4.80   3.63    0.39   843.32    0.00      0.00     0.00   0.00    0.00     0.00    0.00  90.16
nvme23n1      3801.40 135538.40    51.00   1.32    0.09    35.65  129.00 107840.00     3.00   2.27    0.19   835.97    0.00      0.00     0.00   0.00    0.00     0.00    0.00  90.40
nvme24n1      3906.00 137062.40    50.40   1.27    0.09    35.09  129.40 109515.20     3.40   2.56    0.19   846.33    0.00      0.00     0.00   0.00    0.00     0.00    0.00  88.96
nvme25n1      3857.80 135536.00    51.40   1.31    0.09    35.13  128.60 107900.00     4.60   3.45    0.38   839.04    0.00      0.00     0.00   0.00    0.00     0.00    0.00  90.00
nvme26n1      3898.20 137448.00    47.80   1.21    0.10    35.26  128.20 108454.40     1.80   1.38    0.46   845.98    0.00      0.00     0.00   0.00    0.00     0.00    0.00  90.08
nvme27n1      3856.20 138175.20    54.80   1.40    0.10    35.83  132.80 106832.80     5.40   3.91    0.47   804.46    0.00      0.00     0.00   0.00    0.00     0.00    0.00  90.00
nvme28n1      3835.20 137692.80    50.80   1.31    0.09    35.90  127.60 104509.60     1.60   1.24    0.39   819.04    0.00      0.00     0.00   0.00    0.00     0.00    0.00  90.00
nvme29n1      3831.80 137043.20    51.60   1.33    0.09    35.76  141.60 105213.60     5.00   3.41    0.33   743.03    0.00      0.00     0.00   0.00    0.00     0.00    0.00  89.76
nvme2n1       3909.60 140012.80    53.80   1.36    0.10    35.81  124.80 107296.00     2.40   1.89    0.43   859.74    0.00      0.00     0.00   0.00    0.00     0.00    0.00  90.40
nvme30n1      3905.40 137888.00    48.60   1.23    0.09    35.31  124.80 106116.80     4.20   3.26    0.20   850.29    0.00      0.00     0.00   0.00    0.00     0.00    0.00  89.68
nvme31n1      3877.80 138516.00    51.20   1.30    0.09    35.72  121.00 104784.80     2.20   1.79    0.38   865.99    0.00      0.00     0.00   0.00    0.00     0.00    0.00  89.92
nvme3n1       3964.60 138941.60    50.20   1.25    0.09    35.05  123.60 107377.60     3.20   2.52    0.42   868.75    0.00      0.00     0.00   0.00    0.00     0.00    0.00  90.96
nvme4n1       3842.60 138441.60    53.00   1.36    0.09    36.03  126.20 108032.80     5.00   3.81    0.39   856.04    0.00      0.00     0.00   0.00    0.00     0.00    0.00  91.52
nvme5n1       3827.20 137818.40    48.80   1.26    0.09    36.01  186.20 107738.40    10.20   5.19    0.15   578.62    0.00      0.00     0.00   0.00    0.00     0.00    0.00  91.92
nvme6n1       3949.60 137125.60    52.60   1.31    0.09    34.72  146.00 108269.60    25.20  14.72    0.34   741.57    0.00      0.00     0.00   0.00    0.00     0.00    0.00  89.44
nvme7n1       3915.60 136470.40    44.60   1.13    0.10    34.85  125.60 107872.00     4.40   3.38    0.42   858.85    0.00      0.00     0.00   0.00    0.00     0.00    0.00  89.68
nvme8n1       3779.20 134365.60    52.40   1.37    0.09    35.55  199.80 107223.20    19.00   8.68    0.25   536.65    0.00      0.00     0.00   0.00    0.00     0.00    0.00  88.80
nvme9n1       3777.00 135320.80    47.20   1.23    0.10    35.83  149.20 106780.80     8.00   5.09    0.35   715.69    0.00      0.00     0.00   0.00    0.00     0.00    0.00  90.16


Device            r/s     rkB/s   rrqm/s  %rrqm r_await rareq-sz     w/s     wkB/s   wrqm/s  %wrqm w_await wareq-sz     d/s     dkB/s   drqm/s  %drqm d_await dareq-sz  aqu-sz  %util
dm-0             0.00      0.00     0.00   0.00    0.00     0.00    1.60      6.40     0.00   0.00    0.00     4.00    0.00      0.00     0.00   0.00    0.00     0.00    0.00   0.08
loop0            0.00      0.00     0.00   0.00    0.00     0.00    0.00      0.00     0.00   0.00    0.00     0.00    0.00      0.00     0.00   0.00    0.00     0.00    0.00   0.00
loop1            0.00      0.00     0.00   0.00    0.00     0.00    0.00      0.00     0.00   0.00    0.00     0.00    0.00      0.00     0.00   0.00    0.00     0.00    0.00   0.00
loop2            0.00      0.00     0.00   0.00    0.00     0.00    0.00      0.00     0.00   0.00    0.00     0.00    0.00      0.00     0.00   0.00    0.00     0.00    0.00   0.00
loop3            0.00      0.00     0.00   0.00    0.00     0.00    0.00      0.00     0.00   0.00    0.00     0.00    0.00      0.00     0.00   0.00    0.00     0.00    0.00   0.00
loop4            0.00      0.00     0.00   0.00    0.00     0.00    0.00      0.00     0.00   0.00    0.00     0.00    0.00      0.00     0.00   0.00    0.00     0.00    0.00   0.00
loop5            0.00      0.00     0.00   0.00    0.00     0.00    0.00      0.00     0.00   0.00    0.00     0.00    0.00      0.00     0.00   0.00    0.00     0.00    0.00   0.00
loop6            0.00      0.00     0.00   0.00    0.00     0.00    0.00      0.00     0.00   0.00    0.00     0.00    0.00      0.00     0.00   0.00    0.00     0.00    0.00   0.00
loop7            0.00      0.00     0.00   0.00    0.00     0.00    0.00      0.00     0.00   0.00    0.00     0.00    0.00      0.00     0.00   0.00    0.00     0.00    0.00   0.00
md0           140612.40 6014848.00     0.00   0.00    0.00    42.78 5844.80 4301326.40     0.00   0.00    0.00   735.92    0.00      0.00     0.00   0.00    0.00     0.00    0.00   0.00
nvme0n1          0.00      0.00     0.00   0.00    0.00     0.00    0.40      6.40     1.20  75.00    0.00    16.00    0.00      0.00     0.00   0.00    0.00     0.00    0.00   0.08
nvme10n1      4551.80 173204.00    65.20   1.41    0.10    38.05  175.00 137488.80     0.40   0.23    0.20   785.65    0.00      0.00     0.00   0.00    0.00     0.00    0.00 100.00
nvme11n1      4567.80 171896.00    61.40   1.33    0.10    37.63  179.40 138604.80     0.60   0.33    0.36   772.60    0.00      0.00     0.00   0.00    0.00     0.00    0.00  99.92
nvme12n1      4561.00 171619.20    62.00   1.34    0.09    37.63  178.20 136855.20     0.40   0.22    0.19   767.99    0.00      0.00     0.00   0.00    0.00     0.00    0.00  99.92
nvme13n1      4600.60 172536.00    64.60   1.38    0.10    37.50  176.40 137287.20     0.40   0.23    0.41   778.27    0.00      0.00     0.00   0.00    0.00     0.00    0.00 100.00
nvme14n1      4547.80 171470.40    62.00   1.34    0.09    37.70  174.20 137187.20     0.40   0.23    0.19   787.53    0.00      0.00     0.00   0.00    0.00     0.00    0.00  99.92
nvme15n1      4543.60 170740.00    64.60   1.40    0.10    37.58  174.80 135158.40     0.60   0.34    0.37   773.22    0.00      0.00     0.00   0.00    0.00     0.00    0.00  99.84
nvme16n1      4523.00 171631.20    59.40   1.30    0.09    37.95  172.20 134452.00     0.40   0.23    0.19   780.79    0.00      0.00     0.00   0.00    0.00     0.00    0.00  99.92
nvme17n1      4469.20 171757.60    66.00   1.46    0.10    38.43  172.40 135025.60     0.40   0.23    0.37   783.21    0.00      0.00     0.00   0.00    0.00     0.00    0.00 100.08
nvme18n1      4530.20 173507.20    61.00   1.33    0.10    38.30  174.60 135897.60     0.40   0.23    0.43   778.34    0.00      0.00     0.00   0.00    0.00     0.00    0.00  99.84
nvme19n1      4484.20 171739.20    65.60   1.44    0.10    38.30  174.80 136493.60     0.40   0.23    0.38   780.86    0.00      0.00     0.00   0.00    0.00     0.00    0.00 100.00
nvme1n1       4246.40 169131.20    60.00   1.39    0.10    39.83  170.80 132308.80     0.60   0.35    0.40   774.64    0.00      0.00     0.00   0.00    0.00     0.00    0.00 100.00
nvme20n1      4462.80 170086.40    59.20   1.31    0.10    38.11  177.20 137875.20     0.40   0.23    0.44   778.08    0.00      0.00     0.00   0.00    0.00     0.00    0.00 100.00
nvme21n1      4514.00 171450.40    64.40   1.41    0.10    37.98  179.80 137620.00     0.40   0.22    0.35   765.41    0.00      0.00     0.00   0.00    0.00     0.00    0.00 100.00
nvme22n1      4535.60 170496.00    59.00   1.28    0.10    37.59  181.20 137392.80     0.60   0.33    0.39   758.24    0.00      0.00     0.00   0.00    0.00     0.00    0.00  99.92
nvme23n1      4558.00 171742.40    63.60   1.38    0.09    37.68  178.40 138014.40     0.60   0.34    0.20   773.62    0.00      0.00     0.00   0.00    0.00     0.00    0.00 100.00
nvme24n1      4581.20 172852.00    62.00   1.34    0.09    37.73  181.80 137724.80     0.60   0.33    0.19   757.56    0.00      0.00     0.00   0.00    0.00     0.00    0.00  99.92
nvme25n1      4501.00 169033.60    64.40   1.41    0.10    37.55  179.40 135720.80     0.60   0.33    0.39   756.53    0.00      0.00     0.00   0.00    0.00     0.00    0.00 100.00
nvme26n1      4446.40 167537.60    59.40   1.32    0.11    37.68  182.40 133839.20     0.80   0.44    0.44   733.77    0.00      0.00     0.00   0.00    0.00     0.00    0.00 100.00
nvme27n1      4447.20 169391.20    59.60   1.32    0.11    38.09  179.00 135005.60     0.80   0.44    0.46   754.22    0.00      0.00     0.00   0.00    0.00     0.00    0.00 100.00
nvme28n1      4456.60 170752.80    60.00   1.33    0.10    38.31  183.00 135237.60     0.80   0.44    0.38   739.00    0.00      0.00     0.00   0.00    0.00     0.00    0.00 100.00
nvme29n1      4419.80 170040.00    59.80   1.33    0.10    38.47  192.40 133757.60     0.80   0.41    0.34   695.21    0.00      0.00     0.00   0.00    0.00     0.00    0.00  99.92
nvme2n1       4324.80 170334.40    61.60   1.40    0.10    39.39  174.80 132191.20     0.40   0.23    0.40   756.24    0.00      0.00     0.00   0.00    0.00     0.00    0.00  99.92
nvme30n1      4310.80 168234.40    61.60   1.41    0.10    39.03  170.80 132219.20     0.80   0.47    0.20   774.12    0.00      0.00     0.00   0.00    0.00     0.00    0.00  99.92
nvme31n1      4326.80 170172.00    62.00   1.41    0.10    39.33  171.00 131376.00     0.60   0.35    0.36   768.28    0.00      0.00     0.00   0.00    0.00     0.00    0.00  99.84
nvme3n1       4366.40 171552.00    58.40   1.32    0.10    39.29  174.40 135175.20     0.40   0.23    0.41   775.09    0.00      0.00     0.00   0.00    0.00     0.00    0.00 100.00
nvme4n1       4331.80 172582.40    64.60   1.47    0.10    39.84  176.40 136088.80     0.40   0.23    0.40   771.48    0.00      0.00     0.00   0.00    0.00     0.00    0.00 100.00
nvme5n1       4386.80 171486.40    60.80   1.37    0.10    39.09  253.60 136433.60     5.40   2.08    0.15   537.99    0.00      0.00     0.00   0.00    0.00     0.00    0.00 100.00
nvme6n1       4436.80 169589.60    63.20   1.40    0.10    38.22  201.40 136209.60     3.00   1.47    0.35   676.31    0.00      0.00     0.00   0.00    0.00     0.00    0.00  99.92
nvme7n1       4500.00 174160.80    62.60   1.37    0.10    38.70  182.00 135213.60     0.40   0.22    0.40   742.93    0.00      0.00     0.00   0.00    0.00     0.00    0.00  99.92
nvme8n1       4586.20 171921.60    64.80   1.39    0.10    37.49  268.00 138546.40     0.40   0.15    0.26   516.96    0.00      0.00     0.00   0.00    0.00     0.00    0.00 100.00
nvme9n1       4560.40 172760.80    63.40   1.37    0.10    37.88  199.40 138237.60     2.80   1.38    0.36   693.27    0.00      0.00     0.00   0.00    0.00     0.00    0.00  99.84


Device            r/s     rkB/s   rrqm/s  %rrqm r_await rareq-sz     w/s     wkB/s   wrqm/s  %wrqm w_await wareq-sz     d/s     dkB/s   drqm/s  %drqm d_await dareq-sz  aqu-sz  %util
dm-0             7.40     29.60     0.00   0.00    0.00     4.00    9.20     37.60     0.00   0.00    0.00     4.09    0.00      0.00     0.00   0.00    0.00     0.00    0.00   0.16
loop0            0.00      0.00     0.00   0.00    0.00     0.00    0.00      0.00     0.00   0.00    0.00     0.00    0.00      0.00     0.00   0.00    0.00     0.00    0.00   0.00
loop1            0.00      0.00     0.00   0.00    0.00     0.00    0.00      0.00     0.00   0.00    0.00     0.00    0.00      0.00     0.00   0.00    0.00     0.00    0.00   0.00
loop2            0.00      0.00     0.00   0.00    0.00     0.00    0.00      0.00     0.00   0.00    0.00     0.00    0.00      0.00     0.00   0.00    0.00     0.00    0.00   0.00
loop3            0.00      0.00     0.00   0.00    0.00     0.00    0.00      0.00     0.00   0.00    0.00     0.00    0.00      0.00     0.00   0.00    0.00     0.00    0.00   0.00
loop4            0.00      0.00     0.00   0.00    0.00     0.00    0.00      0.00     0.00   0.00    0.00     0.00    0.00      0.00     0.00   0.00    0.00     0.00    0.00   0.00
loop5            0.00      0.00     0.00   0.00    0.00     0.00    0.00      0.00     0.00   0.00    0.00     0.00    0.00      0.00     0.00   0.00    0.00     0.00    0.00   0.00
loop6            0.00      0.00     0.00   0.00    0.00     0.00    0.00      0.00     0.00   0.00    0.00     0.00    0.00      0.00     0.00   0.00    0.00     0.00    0.00   0.00
loop7            0.00      0.00     0.00   0.00    0.00     0.00    0.00      0.00     0.00   0.00    0.00     0.00    0.00      0.00     0.00   0.00    0.00     0.00    0.00   0.00
md0           167413.20 4131974.40     0.00   0.00    0.00    24.68 5706.20 2607844.80     0.00   0.00    0.00   457.02    0.00      0.00     0.00   0.00    0.00     0.00    0.00   0.00
nvme0n1          1.40     29.60     6.00  81.08    0.14    21.14    8.40     37.60     0.80   8.70    0.05     4.48    0.00      0.00     0.00   0.00    0.00     0.00    0.00   0.16
nvme10n1      5286.40 119428.80    39.40   0.74    0.08    22.59  173.20  82519.20     8.40   4.63    0.17   476.44    0.00      0.00     0.00   0.00    0.00     0.00    0.00  99.92
nvme11n1      5405.40 122896.80    46.40   0.85    0.09    22.74  168.00  81554.40    11.20   6.25    0.31   485.44    0.00      0.00     0.00   0.00    0.00     0.00    0.00 100.00
nvme12n1      5286.20 120473.60    42.20   0.79    0.08    22.79  166.00  81456.80    10.20   5.79    0.17   490.70    0.00      0.00     0.00   0.00    0.00     0.00    0.00 100.00
nvme13n1      5267.60 119780.00    44.20   0.83    0.09    22.74  161.40  81092.00     6.20   3.70    0.35   502.43    0.00      0.00     0.00   0.00    0.00     0.00    0.00  99.92
nvme14n1      5197.00 118571.20    42.80   0.82    0.08    22.82  158.60  81039.20     8.60   5.14    0.18   510.97    0.00      0.00     0.00   0.00    0.00     0.00    0.00 100.00
nvme15n1      5269.00 119374.40    43.80   0.82    0.09    22.66  161.60  80343.20     7.60   4.49    0.32   497.17    0.00      0.00     0.00   0.00    0.00     0.00    0.00 100.00
nvme16n1      5261.20 119004.00    42.80   0.81    0.08    22.62  161.80  80381.60    10.60   6.15    0.17   496.80    0.00      0.00     0.00   0.00    0.00     0.00    0.00 100.00
nvme17n1      5378.40 120472.80    43.00   0.79    0.09    22.40  161.40  80358.40     7.40   4.38    0.32   497.88    0.00      0.00     0.00   0.00    0.00     0.00    0.00  99.92
nvme18n1      5351.40 118684.00    41.20   0.76    0.09    22.18  164.60  80406.40     9.40   5.40    0.34   488.50    0.00      0.00     0.00   0.00    0.00     0.00    0.00 100.00
nvme19n1      5225.00 117920.80    42.60   0.81    0.09    22.57  160.20  79948.00     8.20   4.87    0.33   499.05    0.00      0.00     0.00   0.00    0.00     0.00    0.00 100.00
nvme1n1       5457.60 123118.40    44.00   0.80    0.09    22.56  168.00  83862.40     9.40   5.30    0.35   499.18    0.00      0.00     0.00   0.00    0.00     0.00    0.00  99.92
nvme20n1      5270.40 119684.80    42.00   0.79    0.09    22.71  161.40  79840.00     8.20   4.83    0.36   494.67    0.00      0.00     0.00   0.00    0.00     0.00    0.00 100.00
nvme21n1      5325.20 121729.60    42.80   0.80    0.09    22.86  160.40  79353.60     7.80   4.64    0.32   494.72    0.00      0.00     0.00   0.00    0.00     0.00    0.00 100.00
nvme22n1      5441.60 123969.60    44.60   0.81    0.09    22.78  165.80  80855.20     7.00   4.05    0.33   487.67    0.00      0.00     0.00   0.00    0.00     0.00    0.00  99.92
nvme23n1      5461.40 123104.00    42.80   0.78    0.08    22.54  162.80  81622.40     8.40   4.91    0.18   501.37    0.00      0.00     0.00   0.00    0.00     0.00    0.00 100.00
nvme24n1      5388.40 121801.60    45.00   0.83    0.08    22.60  167.60  82962.40     6.80   3.90    0.17   495.00    0.00      0.00     0.00   0.00    0.00     0.00    0.00 100.00
nvme25n1      5458.00 123380.00    42.00   0.76    0.09    22.61  168.40  83667.20     8.80   4.97    0.33   496.84    0.00      0.00     0.00   0.00    0.00     0.00    0.00  99.92
nvme26n1      5622.00 126597.60    47.00   0.83    0.09    22.52  174.20  84247.20     7.60   4.18    0.37   483.62    0.00      0.00     0.00   0.00    0.00     0.00    0.00 100.00
nvme27n1      5602.40 127389.60    43.80   0.78    0.09    22.74  175.60  84791.20     9.60   5.18    0.42   482.87    0.00      0.00     0.00   0.00    0.00     0.00    0.00 100.00
nvme28n1      5652.60 127563.20    45.40   0.80    0.09    22.57  179.60  84523.20     7.60   4.06    0.33   470.62    0.00      0.00     0.00   0.00    0.00     0.00    0.00  99.92
nvme29n1      5623.80 127816.00    44.00   0.78    0.09    22.73  187.20  85748.00     9.40   4.78    0.31   458.06    0.00      0.00     0.00   0.00    0.00     0.00    0.00  99.92
nvme2n1       5286.20 121167.20    43.80   0.82    0.09    22.92  167.40  83077.60     9.00   5.10    0.35   496.28    0.00      0.00     0.00   0.00    0.00     0.00    0.00 100.00
nvme30n1      5521.20 123387.20    43.60   0.78    0.08    22.35  169.20  83765.60     7.00   3.97    0.18   495.07    0.00      0.00     0.00   0.00    0.00     0.00    0.00 100.00
nvme31n1      5444.80 123305.60    42.60   0.78    0.09    22.65  170.20  83081.60    10.00   5.55    0.32   488.14    0.00      0.00     0.00   0.00    0.00     0.00    0.00 100.00
nvme3n1       5227.00 120087.20    44.60   0.85    0.09    22.97  166.60  82598.40    10.80   6.09    0.36   495.79    0.00      0.00     0.00   0.00    0.00     0.00    0.00 100.00
nvme4n1       5335.20 120139.20    40.00   0.74    0.09    22.52  164.20  82584.80     6.00   3.53    0.33   502.95    0.00      0.00     0.00   0.00    0.00     0.00    0.00  99.92
nvme5n1       5224.20 116660.80    43.40   0.82    0.08    22.33  216.20  82814.40    13.60   5.92    0.14   383.05    0.00      0.00     0.00   0.00    0.00     0.00    0.00  99.92
nvme6n1       5070.60 113370.40    37.40   0.73    0.09    22.36  181.60  82150.40    30.40  14.34    0.31   452.37    0.00      0.00     0.00   0.00    0.00     0.00    0.00 100.00
nvme7n1       5198.60 117426.40    44.00   0.84    0.09    22.59  162.40  83497.60     7.20   4.25    0.37   514.15    0.00      0.00     0.00   0.00    0.00     0.00    0.00 100.00
nvme8n1       5224.80 117816.00    38.00   0.72    0.09    22.55  230.60  83132.00    22.40   8.85    0.24   360.50    0.00      0.00     0.00   0.00    0.00     0.00    0.00  99.92
nvme9n1       5315.20 118835.20    44.40   0.83    0.09    22.36  186.00  83309.60    13.80   6.91    0.31   447.90    0.00      0.00     0.00   0.00    0.00     0.00    0.00 100.00


Device            r/s     rkB/s   rrqm/s  %rrqm r_await rareq-sz     w/s     wkB/s   wrqm/s  %wrqm w_await wareq-sz     d/s     dkB/s   drqm/s  %drqm d_await dareq-sz  aqu-sz  %util
dm-0             0.80     12.00     0.00   0.00    0.00    15.00   14.80     73.60     0.00   0.00    0.00     4.97    0.00      0.00     0.00   0.00    0.00     0.00    0.00   0.32
loop0            0.00      0.00     0.00   0.00    0.00     0.00    0.00      0.00     0.00   0.00    0.00     0.00    0.00      0.00     0.00   0.00    0.00     0.00    0.00   0.00
loop1            0.00      0.00     0.00   0.00    0.00     0.00    0.00      0.00     0.00   0.00    0.00     0.00    0.00      0.00     0.00   0.00    0.00     0.00    0.00   0.00
loop2            0.00      0.00     0.00   0.00    0.00     0.00    0.00      0.00     0.00   0.00    0.00     0.00    0.00      0.00     0.00   0.00    0.00     0.00    0.00   0.00
loop3            0.00      0.00     0.00   0.00    0.00     0.00    0.00      0.00     0.00   0.00    0.00     0.00    0.00      0.00     0.00   0.00    0.00     0.00    0.00   0.00
loop4            0.00      0.00     0.00   0.00    0.00     0.00    0.00      0.00     0.00   0.00    0.00     0.00    0.00      0.00     0.00   0.00    0.00     0.00    0.00   0.00
loop5            0.00      0.00     0.00   0.00    0.00     0.00    0.00      0.00     0.00   0.00    0.00     0.00    0.00      0.00     0.00   0.00    0.00     0.00    0.00   0.00
loop6            0.00      0.00     0.00   0.00    0.00     0.00    0.00      0.00     0.00   0.00    0.00     0.00    0.00      0.00     0.00   0.00    0.00     0.00    0.00   0.00
loop7            0.00      0.00     0.00   0.00    0.00     0.00    0.00      0.00     0.00   0.00    0.00     0.00    0.00      0.00     0.00   0.00    0.00     0.00    0.00   0.00
md0           204990.80 4385769.60     0.00   0.00    0.00    21.39 5080.40 2599364.80     0.00   0.00    0.00   511.65    0.00      0.00     0.00   0.00    0.00     0.00    0.00   0.00
nvme0n1          0.80     12.00     0.00   0.00    0.00    15.00   12.60     73.60     2.20  14.86    0.03     5.84    0.00      0.00     0.00   0.00    0.00     0.00    0.00   0.32
nvme10n1      6548.40 126627.20    40.00   0.61    0.08    19.34  152.60  80568.80     3.80   2.43    0.18   527.97    0.00      0.00     0.00   0.00    0.00     0.00    0.00 100.00
nvme11n1      6506.20 125140.00    44.00   0.67    0.08    19.23  151.80  79330.40     4.00   2.57    0.31   522.60    0.00      0.00     0.00   0.00    0.00     0.00    0.00 100.00
nvme12n1      6480.60 125010.40    38.40   0.59    0.08    19.29  150.40  80606.40     4.20   2.72    0.18   535.95    0.00      0.00     0.00   0.00    0.00     0.00    0.00 100.00
nvme13n1      6615.20 127626.40    41.20   0.62    0.09    19.29  152.00  80981.60     4.00   2.56    0.34   532.77    0.00      0.00     0.00   0.00    0.00     0.00    0.00 100.08
nvme14n1      6661.60 127281.60    39.80   0.59    0.08    19.11  154.00  82076.80     4.00   2.53    0.18   532.97    0.00      0.00     0.00   0.00    0.00     0.00    0.00 100.00
nvme15n1      6591.00 128287.20    42.20   0.64    0.08    19.46  156.20  83048.80     4.00   2.50    0.33   531.68    0.00      0.00     0.00   0.00    0.00     0.00    0.00 100.00
nvme16n1      6531.40 127236.00    42.40   0.64    0.08    19.48  156.80  82559.20     4.00   2.49    0.17   526.53    0.00      0.00     0.00   0.00    0.00     0.00    0.00 100.08
nvme17n1      6525.00 127237.60    42.60   0.65    0.08    19.50  152.60  81606.40     4.00   2.55    0.31   534.77    0.00      0.00     0.00   0.00    0.00     0.00    0.00 100.00
nvme18n1      6509.40 125829.60    39.40   0.60    0.08    19.33  151.20  81614.40     4.20   2.70    0.35   539.78    0.00      0.00     0.00   0.00    0.00     0.00    0.00 100.00
nvme19n1      6554.20 128168.00    41.60   0.63    0.08    19.56  154.20  82360.80     4.20   2.65    0.32   534.12    0.00      0.00     0.00   0.00    0.00     0.00    0.00 100.00
nvme1n1       6649.00 126608.80    41.40   0.62    0.09    19.04  149.40  80788.80     3.80   2.48    0.35   540.76    0.00      0.00     0.00   0.00    0.00     0.00    0.00 100.00
nvme20n1      6376.60 126925.60    41.00   0.64    0.09    19.90  156.80  82256.80     4.20   2.61    0.36   524.60    0.00      0.00     0.00   0.00    0.00     0.00    0.00 100.00
nvme21n1      6343.80 125432.80    39.00   0.61    0.08    19.77  155.80  82368.00     4.20   2.62    0.32   528.68    0.00      0.00     0.00   0.00    0.00     0.00    0.00 100.00
nvme22n1      6372.80 125670.40    38.80   0.61    0.08    19.72  155.60  81765.60     4.20   2.63    0.33   525.49    0.00      0.00     0.00   0.00    0.00     0.00    0.00 100.08
nvme23n1      6445.60 126869.60    40.00   0.62    0.08    19.68  152.80  81349.60     3.80   2.43    0.18   532.39    0.00      0.00     0.00   0.00    0.00     0.00    0.00 100.00
nvme24n1      6565.60 129301.60    40.20   0.61    0.08    19.69  154.80  81042.40     3.60   2.27    0.17   523.53    0.00      0.00     0.00   0.00    0.00     0.00    0.00 100.00
nvme25n1      6543.40 127808.80    42.40   0.64    0.08    19.53  150.00  79443.20     3.40   2.22    0.33   529.62    0.00      0.00     0.00   0.00    0.00     0.00    0.00 100.08
nvme26n1      6576.20 129168.00    40.60   0.61    0.09    19.64  154.40  78794.40     3.40   2.15    0.37   510.33    0.00      0.00     0.00   0.00    0.00     0.00    0.00 100.00
nvme27n1      6495.00 127170.40    40.20   0.62    0.09    19.58  147.00  78762.40     3.40   2.26    0.39   535.80    0.00      0.00     0.00   0.00    0.00     0.00    0.00 100.00
nvme28n1      6559.00 128494.40    42.40   0.64    0.09    19.59  149.20  78944.00     3.40   2.23    0.33   529.12    0.00      0.00     0.00   0.00    0.00     0.00    0.00 100.08
nvme29n1      6651.00 127967.20    39.40   0.59    0.08    19.24  155.00  78930.40     3.60   2.27    0.31   509.23    0.00      0.00     0.00   0.00    0.00     0.00    0.00 100.00
nvme2n1       6628.40 127052.80    41.60   0.62    0.09    19.17  148.80  81236.00     3.80   2.49    0.38   545.94    0.00      0.00     0.00   0.00    0.00     0.00    0.00 100.00
nvme30n1      6538.60 125194.40    41.20   0.63    0.08    19.15  145.60  78006.40     3.60   2.41    0.18   535.76    0.00      0.00     0.00   0.00    0.00     0.00    0.00 100.00
nvme31n1      6457.00 123793.60    38.60   0.59    0.08    19.17  143.60  77136.80     3.80   2.58    0.32   537.16    0.00      0.00     0.00   0.00    0.00     0.00    0.00 100.08
nvme3n1       6635.00 126915.20    41.80   0.63    0.09    19.13  153.60  82864.00     4.00   2.54    0.36   539.48    0.00      0.00     0.00   0.00    0.00     0.00    0.00 100.00
nvme4n1       6807.80 129188.00    39.60   0.58    0.08    18.98  153.20  82708.80     4.00   2.54    0.34   539.87    0.00      0.00     0.00   0.00    0.00     0.00    0.00 100.08
nvme5n1       6797.20 130412.80    42.00   0.61    0.08    19.19  215.60  81976.80     6.80   3.06    0.14   380.23    0.00      0.00     0.00   0.00    0.00     0.00    0.00 100.00
nvme6n1       6810.40 130601.60    40.80   0.60    0.08    19.18  171.80  81439.20     4.40   2.50    0.30   474.03    0.00      0.00     0.00   0.00    0.00     0.00    0.00 100.00
nvme7n1       6632.60 126845.60    45.00   0.67    0.09    19.12  152.00  81056.80     4.20   2.69    0.35   533.27    0.00      0.00     0.00   0.00    0.00     0.00    0.00 100.00
nvme8n1       6725.60 127322.40    38.20   0.56    0.09    18.93  211.00  82043.20     4.20   1.95    0.24   388.83    0.00      0.00     0.00   0.00    0.00     0.00    0.00 100.08
nvme9n1       6590.80 127204.80    43.20   0.65    0.09    19.30  170.40  81501.60     5.60   3.18    0.31   478.30    0.00      0.00     0.00   0.00    0.00     0.00    0.00 100.00


Device            r/s     rkB/s   rrqm/s  %rrqm r_await rareq-sz     w/s     wkB/s   wrqm/s  %wrqm w_await wareq-sz     d/s     dkB/s   drqm/s  %drqm d_await dareq-sz  aqu-sz  %util
dm-0           132.20    543.20     0.00   0.00    0.34     4.11    7.00     28.00     0.00   0.00    0.00     4.00    0.00      0.00     0.00   0.00    0.00     0.00    0.05   0.56
loop0            0.00      0.00     0.00   0.00    0.00     0.00    0.00      0.00     0.00   0.00    0.00     0.00    0.00      0.00     0.00   0.00    0.00     0.00    0.00   0.00
loop1            0.00      0.00     0.00   0.00    0.00     0.00    0.00      0.00     0.00   0.00    0.00     0.00    0.00      0.00     0.00   0.00    0.00     0.00    0.00   0.00
loop2            0.00      0.00     0.00   0.00    0.00     0.00    0.00      0.00     0.00   0.00    0.00     0.00    0.00      0.00     0.00   0.00    0.00     0.00    0.00   0.00
loop3            0.00      0.00     0.00   0.00    0.00     0.00    0.00      0.00     0.00   0.00    0.00     0.00    0.00      0.00     0.00   0.00    0.00     0.00    0.00   0.00
loop4            0.00      0.00     0.00   0.00    0.00     0.00    0.00      0.00     0.00   0.00    0.00     0.00    0.00      0.00     0.00   0.00    0.00     0.00    0.00   0.00
loop5            0.00      0.00     0.00   0.00    0.00     0.00    0.00      0.00     0.00   0.00    0.00     0.00    0.00      0.00     0.00   0.00    0.00     0.00    0.00   0.00
loop6            0.00      0.00     0.00   0.00    0.00     0.00    0.00      0.00     0.00   0.00    0.00     0.00    0.00      0.00     0.00   0.00    0.00     0.00    0.00   0.00
loop7            0.00      0.00     0.00   0.00    0.00     0.00    0.00      0.00     0.00   0.00    0.00     0.00    0.00      0.00     0.00   0.00    0.00     0.00    0.00   0.00
md0           163270.40 2907547.20     0.00   0.00    0.00    17.81 3202.60 1532721.60     0.00   0.00    0.00   478.59    0.00      0.00     0.00   0.00    0.00     0.00    0.00   0.00
nvme0n1         24.00    543.20   108.20  81.85    0.11    22.63    1.40     28.00     5.60  80.00    0.00    20.00    0.00      0.00     0.00   0.00    0.00     0.00    0.00   0.56
nvme10n1      5247.40  83892.00    24.00   0.46    0.08    15.99  105.40  47592.00     8.00   7.05    0.16   451.54    0.00      0.00     0.00   0.00    0.00     0.00    0.00  93.92
nvme11n1      5155.80  82481.60    25.60   0.49    0.08    16.00   98.20  47683.20     8.80   8.22    0.29   485.57    0.00      0.00     0.00   0.00    0.00     0.00    0.00  94.00
nvme12n1      5166.20  82975.20    22.00   0.42    0.08    16.06   93.40  46397.60     5.60   5.66    0.17   496.76    0.00      0.00     0.00   0.00    0.00     0.00    0.00  93.52
nvme13n1      5076.40  82012.00    24.00   0.47    0.08    16.16   86.40  45813.60     3.20   3.57    0.35   530.25    0.00      0.00     0.00   0.00    0.00     0.00    0.00  93.60
nvme14n1      5144.00  82747.20    22.40   0.43    0.08    16.09   86.80  46040.00     3.20   3.56    0.18   530.41    0.00      0.00     0.00   0.00    0.00     0.00    0.00  93.20
nvme15n1      5144.20  81907.20    25.00   0.48    0.08    15.92   88.20  45180.00     7.00   7.35    0.30   512.24    0.00      0.00     0.00   0.00    0.00     0.00    0.00  93.44
nvme16n1      5028.20  80405.60    20.80   0.41    0.08    15.99   85.20  45892.00     5.40   5.96    0.18   538.64    0.00      0.00     0.00   0.00    0.00     0.00    0.00  92.96
nvme17n1      5126.40  82802.40    22.60   0.44    0.08    16.15   90.00  47866.40     4.20   4.46    0.32   531.85    0.00      0.00     0.00   0.00    0.00     0.00    0.00  94.32
nvme18n1      5167.40  83468.80    21.20   0.41    0.08    16.15   90.60  48651.20     4.00   4.23    0.36   536.99    0.00      0.00     0.00   0.00    0.00     0.00    0.00  94.00
nvme19n1      5189.80  82744.80    24.00   0.46    0.08    15.94   91.80  48672.00     6.60   6.71    0.32   530.20    0.00      0.00     0.00   0.00    0.00     0.00    0.00  94.32
nvme1n1       5361.00  85823.20    23.00   0.43    0.08    16.01   88.40  46380.80     6.60   6.95    0.33   524.67    0.00      0.00     0.00   0.00    0.00     0.00    0.00  93.44
nvme20n1      5237.80  82812.80    22.20   0.42    0.08    15.81   97.40  50700.00     9.00   8.46    0.34   520.53    0.00      0.00     0.00   0.00    0.00     0.00    0.00  94.08
nvme21n1      5281.40  82492.00    24.20   0.46    0.08    15.62   97.80  50718.40     6.60   6.32    0.30   518.59    0.00      0.00     0.00   0.00    0.00     0.00    0.00  93.92
nvme22n1      5157.00  81083.20    20.40   0.39    0.08    15.72   94.00  48874.40     6.00   6.00    0.33   519.94    0.00      0.00     0.00   0.00    0.00     0.00    0.00  93.20
nvme23n1      5215.00  83524.00    22.80   0.44    0.08    16.02   95.20  49314.40     6.60   6.48    0.17   518.01    0.00      0.00     0.00   0.00    0.00     0.00    0.00  94.16
nvme24n1      5166.40  82233.60    23.40   0.45    0.08    15.92   90.40  48780.00     5.80   6.03    0.18   539.60    0.00      0.00     0.00   0.00    0.00     0.00    0.00  93.28
nvme25n1      5084.20  80266.40    23.40   0.46    0.08    15.79   91.40  47449.60     7.20   7.30    0.32   519.14    0.00      0.00     0.00   0.00    0.00     0.00    0.00  93.60
nvme26n1      5242.60  83233.60    21.80   0.41    0.08    15.88   92.80  48743.20     5.80   5.88    0.38   525.25    0.00      0.00     0.00   0.00    0.00     0.00    0.00  93.84
nvme27n1      5267.80  83579.20    24.40   0.46    0.08    15.87   97.00  49020.00     9.80   9.18    0.38   505.36    0.00      0.00     0.00   0.00    0.00     0.00    0.00  94.32
nvme28n1      5274.20  84557.60    24.60   0.46    0.08    16.03   93.40  47051.20     5.40   5.47    0.31   503.76    0.00      0.00     0.00   0.00    0.00     0.00    0.00  93.60
nvme29n1      5261.20  84452.00    25.80   0.49    0.08    16.05  100.20  46508.00     9.80   8.91    0.29   464.15    0.00      0.00     0.00   0.00    0.00     0.00    0.00  93.52
nvme2n1       5378.80  85889.60    24.60   0.46    0.08    15.97   88.20  45174.40     8.00   8.32    0.34   512.18    0.00      0.00     0.00   0.00    0.00     0.00    0.00  93.60
nvme30n1      5291.00  85120.80    23.80   0.45    0.08    16.09   87.20  45501.60     9.00   9.36    0.17   521.81    0.00      0.00     0.00   0.00    0.00     0.00    0.00  94.00
nvme31n1      5329.20  83982.40    23.00   0.43    0.08    15.76   90.00  45538.40     7.40   7.60    0.30   505.98    0.00      0.00     0.00   0.00    0.00     0.00    0.00  93.68
nvme3n1       5334.80  85592.00    24.00   0.45    0.08    16.04   89.40  45062.40     7.20   7.45    0.33   504.05    0.00      0.00     0.00   0.00    0.00     0.00    0.00  93.44
nvme4n1       5496.00  87771.20    23.60   0.43    0.08    15.97   88.00  45003.20     6.40   6.78    0.32   511.40    0.00      0.00     0.00   0.00    0.00     0.00    0.00  93.20
nvme5n1       5400.60  87075.20    24.40   0.45    0.08    16.12  108.20  45989.60     9.60   8.15    0.16   425.04    0.00      0.00     0.00   0.00    0.00     0.00    0.00  94.96
nvme6n1       5387.20  87330.40    25.20   0.47    0.08    16.21   99.40  45699.20    19.40  16.33    0.30   459.75    0.00      0.00     0.00   0.00    0.00     0.00    0.00  94.24
nvme7n1       5350.20  85835.20    25.00   0.47    0.08    16.04   87.40  46294.40    10.40  10.63    0.34   529.68    0.00      0.00     0.00   0.00    0.00     0.00    0.00  94.00
nvme8n1       5345.60  85742.40    24.20   0.45    0.08    16.04  129.80  46806.40    21.60  14.27    0.24   360.60    0.00      0.00     0.00   0.00    0.00     0.00    0.00  94.72
nvme9n1       5224.80  83785.60    26.20   0.50    0.08    16.04   98.20  46445.60     7.40   7.01    0.31   472.97    0.00      0.00     0.00   0.00    0.00     0.00    0.00  94.00


Device            r/s     rkB/s   rrqm/s  %rrqm r_await rareq-sz     w/s     wkB/s   wrqm/s  %wrqm w_await wareq-sz     d/s     dkB/s   drqm/s  %drqm d_await dareq-sz  aqu-sz  %util
dm-0             0.00      0.00     0.00   0.00    0.00     0.00    2.00      8.00     0.00   0.00    0.00     4.00    0.00      0.00     0.00   0.00    0.00     0.00    0.00   0.08
loop0            0.00      0.00     0.00   0.00    0.00     0.00    0.00      0.00     0.00   0.00    0.00     0.00    0.00      0.00     0.00   0.00    0.00     0.00    0.00   0.00
loop1            0.00      0.00     0.00   0.00    0.00     0.00    0.00      0.00     0.00   0.00    0.00     0.00    0.00      0.00     0.00   0.00    0.00     0.00    0.00   0.00
loop2            0.00      0.00     0.00   0.00    0.00     0.00    0.00      0.00     0.00   0.00    0.00     0.00    0.00      0.00     0.00   0.00    0.00     0.00    0.00   0.00
loop3            0.00      0.00     0.00   0.00    0.00     0.00    0.00      0.00     0.00   0.00    0.00     0.00    0.00      0.00     0.00   0.00    0.00     0.00    0.00   0.00
loop4            0.00      0.00     0.00   0.00    0.00     0.00    0.00      0.00     0.00   0.00    0.00     0.00    0.00      0.00     0.00   0.00    0.00     0.00    0.00   0.00
loop5            0.00      0.00     0.00   0.00    0.00     0.00    0.00      0.00     0.00   0.00    0.00     0.00    0.00      0.00     0.00   0.00    0.00     0.00    0.00   0.00
loop6            0.00      0.00     0.00   0.00    0.00     0.00    0.00      0.00     0.00   0.00    0.00     0.00    0.00      0.00     0.00   0.00    0.00     0.00    0.00   0.00
loop7            0.00      0.00     0.00   0.00    0.00     0.00    0.00      0.00     0.00   0.00    0.00     0.00    0.00      0.00     0.00   0.00    0.00     0.00    0.00   0.00
md0           154474.80 5955315.20     0.00   0.00    0.00    38.55 8471.20 4197628.00     0.00   0.00    0.00   495.52    0.00      0.00     0.00   0.00    0.00     0.00    0.00   0.00
nvme0n1          0.00      0.00     0.00   0.00    0.00     0.00    0.40      8.00     1.60  80.00    0.00    20.00    0.00      0.00     0.00   0.00    0.00     0.00    0.00   0.08
nvme10n1      4962.80 172146.40    78.80   1.56    0.09    34.69  279.40 133076.00     5.40   1.90    0.17   476.29    0.00      0.00     0.00   0.00    0.00     0.00    0.00  99.76
nvme11n1      4957.60 172388.80    77.40   1.54    0.10    34.77  261.80 135548.00     3.40   1.28    0.34   517.75    0.00      0.00     0.00   0.00    0.00     0.00    0.00  99.52
nvme12n1      4915.20 171873.60    79.00   1.58    0.09    34.97  263.60 134400.00     3.40   1.27    0.18   509.86    0.00      0.00     0.00   0.00    0.00     0.00    0.00  99.76
nvme13n1      4884.60 171502.40    76.20   1.54    0.10    35.11  268.00 133011.20     3.80   1.40    0.38   496.31    0.00      0.00     0.00   0.00    0.00     0.00    0.00  99.68
nvme14n1      4897.40 167994.40    78.40   1.58    0.09    34.30  263.00 132400.80     4.00   1.50    0.18   503.43    0.00      0.00     0.00   0.00    0.00     0.00    0.00  99.36
nvme15n1      5038.20 167306.40    73.80   1.44    0.09    33.21  261.80 134080.00     3.80   1.43    0.35   512.15    0.00      0.00     0.00   0.00    0.00     0.00    0.00  99.84
nvme16n1      4969.40 164690.40    77.20   1.53    0.09    33.14  263.40 134104.00     3.80   1.42    0.18   509.13    0.00      0.00     0.00   0.00    0.00     0.00    0.00  99.92
nvme17n1      4959.00 163627.20    73.40   1.46    0.09    33.00  262.40 134009.60     3.80   1.43    0.35   510.71    0.00      0.00     0.00   0.00    0.00     0.00    0.00  99.52
nvme18n1      4927.20 161757.60    74.00   1.48    0.09    32.83  264.20 134795.20     3.60   1.34    0.39   510.20    0.00      0.00     0.00   0.00    0.00     0.00    0.00  99.68
nvme19n1      4970.40 164608.00    70.80   1.40    0.09    33.12  264.60 134332.00     3.40   1.27    0.36   507.68    0.00      0.00     0.00   0.00    0.00     0.00    0.00  99.76
nvme1n1       4963.80 171840.00    77.40   1.54    0.10    34.62  257.40 130431.20     3.20   1.23    0.39   506.73    0.00      0.00     0.00   0.00    0.00     0.00    0.00  99.36
nvme20n1      4957.40 165876.80    75.60   1.50    0.10    33.46  261.20 132580.00     3.20   1.21    0.41   507.58    0.00      0.00     0.00   0.00    0.00     0.00    0.00  99.68
nvme21n1      4916.00 166656.80    72.20   1.45    0.09    33.90  262.40 132612.80     3.00   1.13    0.33   505.38    0.00      0.00     0.00   0.00    0.00     0.00    0.00  99.68
nvme22n1      4909.80 165928.00    79.00   1.58    0.10    33.80  262.00 133408.80     2.60   0.98    0.37   509.19    0.00      0.00     0.00   0.00    0.00     0.00    0.00  99.68
nvme23n1      4805.60 168076.00    71.00   1.46    0.09    34.98  257.80 131992.80     2.80   1.07    0.19   512.00    0.00      0.00     0.00   0.00    0.00     0.00    0.00  99.76
nvme24n1      4837.40 173369.60    79.60   1.62    0.09    35.84  257.60 131968.00     2.60   1.00    0.18   512.30    0.00      0.00     0.00   0.00    0.00     0.00    0.00  99.52
nvme25n1      4825.80 172496.80    75.80   1.55    0.10    35.74  257.20 132579.20     2.60   1.00    0.37   515.47    0.00      0.00     0.00   0.00    0.00     0.00    0.00  99.44
nvme26n1      4772.80 171936.00    80.20   1.65    0.10    36.02  260.00 130118.40     2.80   1.07    0.43   500.46    0.00      0.00     0.00   0.00    0.00     0.00    0.00  99.52
nvme27n1      4787.00 174324.00    79.80   1.64    0.10    36.42  262.20 131856.00     3.00   1.13    0.43   502.88    0.00      0.00     0.00   0.00    0.00     0.00    0.00  99.68
nvme28n1      4837.20 175525.60    83.00   1.69    0.10    36.29  259.80 129641.60     3.00   1.14    0.36   499.01    0.00      0.00     0.00   0.00    0.00     0.00    0.00  99.68
nvme29n1      4867.40 176172.00    82.80   1.67    0.10    36.19  259.60 127769.60     3.00   1.14    0.33   492.18    0.00      0.00     0.00   0.00    0.00     0.00    0.00  99.76
nvme2n1       4886.00 169709.60    75.80   1.53    0.10    34.73  260.60 131844.80     3.60   1.36    0.40   505.93    0.00      0.00     0.00   0.00    0.00     0.00    0.00  99.60
nvme30n1      4857.40 175398.40    78.20   1.58    0.09    36.11  255.00 129792.80     3.00   1.16    0.19   508.99    0.00      0.00     0.00   0.00    0.00     0.00    0.00  99.84
nvme31n1      4829.20 172492.80    78.20   1.59    0.10    35.72  251.60 130040.00     3.20   1.26    0.35   516.85    0.00      0.00     0.00   0.00    0.00     0.00    0.00  99.44
nvme3n1       4916.20 169532.80    74.00   1.48    0.10    34.48  261.00 130845.60     3.40   1.29    0.38   501.32    0.00      0.00     0.00   0.00    0.00     0.00    0.00  99.60
nvme4n1       4923.00 168511.20    74.20   1.48    0.10    34.23  257.00 129895.20     3.20   1.23    0.37   505.43    0.00      0.00     0.00   0.00    0.00     0.00    0.00  99.60
nvme5n1       5017.00 167676.80    73.20   1.44    0.10    33.42  334.80 131124.00     8.00   2.33    0.30   391.65    0.00      0.00     0.00   0.00    0.00     0.00    0.00  99.76
nvme6n1       4931.40 163740.00    72.80   1.45    0.09    33.20  280.40 130548.00     4.80   1.68    0.34   465.58    0.00      0.00     0.00   0.00    0.00     0.00    0.00  99.44
nvme7n1       4853.60 164672.00    70.40   1.43    0.10    33.93  252.40 128708.00     3.20   1.25    0.38   509.94    0.00      0.00     0.00   0.00    0.00     0.00    0.00  99.84
nvme8n1       4900.80 167556.80    75.60   1.52    0.10    34.19  339.40 130144.00     3.00   0.88    0.26   383.45    0.00      0.00     0.00   0.00    0.00     0.00    0.00  99.76
nvme9n1       5048.40 170550.40    74.00   1.44    0.10    33.78  255.40 130800.80     3.00   1.16    0.39   512.14    0.00      0.00     0.00   0.00    0.00     0.00    0.00  99.84


Device            r/s     rkB/s   rrqm/s  %rrqm r_await rareq-sz     w/s     wkB/s   wrqm/s  %wrqm w_await wareq-sz     d/s     dkB/s   drqm/s  %drqm d_await dareq-sz  aqu-sz  %util
dm-0             0.00      0.00     0.00   0.00    0.00     0.00    1.60      6.40     0.00   0.00    0.00     4.00    0.00      0.00     0.00   0.00    0.00     0.00    0.00   0.08
loop0            0.00      0.00     0.00   0.00    0.00     0.00    0.00      0.00     0.00   0.00    0.00     0.00    0.00      0.00     0.00   0.00    0.00     0.00    0.00   0.00
loop1            0.00      0.00     0.00   0.00    0.00     0.00    0.00      0.00     0.00   0.00    0.00     0.00    0.00      0.00     0.00   0.00    0.00     0.00    0.00   0.00
loop2            0.00      0.00     0.00   0.00    0.00     0.00    0.00      0.00     0.00   0.00    0.00     0.00    0.00      0.00     0.00   0.00    0.00     0.00    0.00   0.00
loop3            0.00      0.00     0.00   0.00    0.00     0.00    0.00      0.00     0.00   0.00    0.00     0.00    0.00      0.00     0.00   0.00    0.00     0.00    0.00   0.00
loop4            0.00      0.00     0.00   0.00    0.00     0.00    0.00      0.00     0.00   0.00    0.00     0.00    0.00      0.00     0.00   0.00    0.00     0.00    0.00   0.00
loop5            0.00      0.00     0.00   0.00    0.00     0.00    0.00      0.00     0.00   0.00    0.00     0.00    0.00      0.00     0.00   0.00    0.00     0.00    0.00   0.00
loop6            0.00      0.00     0.00   0.00    0.00     0.00    0.00      0.00     0.00   0.00    0.00     0.00    0.00      0.00     0.00   0.00    0.00     0.00    0.00   0.00
loop7            0.00      0.00     0.00   0.00    0.00     0.00    0.00      0.00     0.00   0.00    0.00     0.00    0.00      0.00     0.00   0.00    0.00     0.00    0.00   0.00
md0           214784.40 3670237.60     0.00   0.00    0.00    17.09 4753.20 1966932.00     0.00   0.00    0.00   413.81    0.00      0.00     0.00   0.00    0.00     0.00    0.00   0.00
nvme0n1          0.00      0.00     0.00   0.00    0.00     0.00    0.40      6.40     1.20  75.00    0.00    16.00    0.00      0.00     0.00   0.00    0.00     0.00    0.00   0.08
nvme10n1      6926.20 111794.40    33.60   0.48    0.08    16.14  160.20  62263.20     8.00   4.76    0.15   388.66    0.00      0.00     0.00   0.00    0.00     0.00    0.00  98.88
nvme11n1      6999.80 110930.40    30.60   0.44    0.08    15.85  140.40  60925.60     4.40   3.04    0.29   433.94    0.00      0.00     0.00   0.00    0.00     0.00    0.00  99.04
nvme12n1      7031.40 111230.40    34.20   0.48    0.08    15.82  139.00  61027.20     2.20   1.56    0.17   439.04    0.00      0.00     0.00   0.00    0.00     0.00    0.00  98.96
nvme13n1      6898.20 110096.00    32.00   0.46    0.08    15.96  133.80  60504.00     4.80   3.46    0.33   452.20    0.00      0.00     0.00   0.00    0.00     0.00    0.00  98.72
nvme14n1      6934.20 110592.00    34.40   0.49    0.08    15.95  137.40  62569.60     3.40   2.41    0.17   455.38    0.00      0.00     0.00   0.00    0.00     0.00    0.00  98.32
nvme15n1      6899.00 109885.60    32.20   0.46    0.08    15.93  139.80  61890.40     4.20   2.92    0.31   442.71    0.00      0.00     0.00   0.00    0.00     0.00    0.00  98.24
nvme16n1      6812.80 108541.60    34.00   0.50    0.08    15.93  138.60  62189.60     7.40   5.07    0.17   448.70    0.00      0.00     0.00   0.00    0.00     0.00    0.00  98.56
nvme17n1      6917.80 109293.60    32.40   0.47    0.08    15.80  141.60  62556.00     6.20   4.19    0.30   441.78    0.00      0.00     0.00   0.00    0.00     0.00    0.00  98.56
nvme18n1      6927.80 110620.00    33.80   0.49    0.08    15.97  137.20  61562.40     4.40   3.11    0.36   448.71    0.00      0.00     0.00   0.00    0.00     0.00    0.00  98.32
nvme19n1      6873.40 108992.00    31.00   0.45    0.08    15.86  137.80  61033.60     5.40   3.77    0.32   442.91    0.00      0.00     0.00   0.00    0.00     0.00    0.00  98.32
nvme1n1       6954.20 109778.40    28.80   0.41    0.08    15.79  144.40  64574.40     3.80   2.56    0.34   447.19    0.00      0.00     0.00   0.00    0.00     0.00    0.00  98.96
nvme20n1      6748.20 108004.80    33.40   0.49    0.08    16.00  134.60  59927.20     5.00   3.58    0.36   445.22    0.00      0.00     0.00   0.00    0.00     0.00    0.00  98.64
nvme21n1      6783.00 109814.40    32.00   0.47    0.08    16.19  138.20  61052.00     3.80   2.68    0.29   441.77    0.00      0.00     0.00   0.00    0.00     0.00    0.00  98.56
nvme22n1      6862.60 109321.60    32.00   0.46    0.08    15.93  136.20  60874.40     6.40   4.49    0.32   446.95    0.00      0.00     0.00   0.00    0.00     0.00    0.00  98.32
nvme23n1      6792.60 108753.60    32.40   0.47    0.08    16.01  138.80  62144.00     4.80   3.34    0.17   447.72    0.00      0.00     0.00   0.00    0.00     0.00    0.00  98.32
nvme24n1      6944.40 111348.80    32.40   0.46    0.08    16.03  135.80  61718.40     6.60   4.63    0.17   454.48    0.00      0.00     0.00   0.00    0.00     0.00    0.00  98.56
nvme25n1      6940.60 110301.60    33.80   0.48    0.08    15.89  138.20  62659.20     3.40   2.40    0.33   453.40    0.00      0.00     0.00   0.00    0.00     0.00    0.00  98.40
nvme26n1      6863.80 109687.20    31.40   0.46    0.08    15.98  138.80  61939.20     5.80   4.01    0.34   446.25    0.00      0.00     0.00   0.00    0.00     0.00    0.00  98.48
nvme27n1      6802.00 107831.20    33.80   0.49    0.08    15.85  138.00  61430.40     3.20   2.27    0.37   445.15    0.00      0.00     0.00   0.00    0.00     0.00    0.00  98.08
nvme28n1      6753.80 107554.40    30.80   0.45    0.08    15.93  138.00  60839.20     4.20   2.95    0.32   440.86    0.00      0.00     0.00   0.00    0.00     0.00    0.00  99.04
nvme29n1      6746.80 107088.80    31.80   0.47    0.08    15.87  145.00  62744.00     5.80   3.85    0.30   432.72    0.00      0.00     0.00   0.00    0.00     0.00    0.00  98.56
nvme2n1       6840.20 109018.40    32.60   0.47    0.08    15.94  144.60  63905.60     9.00   5.86    0.35   441.95    0.00      0.00     0.00   0.00    0.00     0.00    0.00  98.88
nvme30n1      6754.60 107217.60    31.60   0.47    0.08    15.87  143.80  63883.20     6.80   4.52    0.18   444.25    0.00      0.00     0.00   0.00    0.00     0.00    0.00  98.80
nvme31n1      6859.40 107834.40    31.80   0.46    0.08    15.72  145.80  63716.00     5.40   3.57    0.31   437.01    0.00      0.00     0.00   0.00    0.00     0.00    0.00  98.80
nvme3n1       6921.20 110436.00    30.60   0.44    0.08    15.96  151.40  65464.80     6.20   3.93    0.34   432.40    0.00      0.00     0.00   0.00    0.00     0.00    0.00  99.12
nvme4n1       6980.40 111181.60    34.60   0.49    0.08    15.93  147.80  64753.60     4.20   2.76    0.33   438.12    0.00      0.00     0.00   0.00    0.00     0.00    0.00  98.72
nvme5n1       7021.80 111491.20    30.20   0.43    0.08    15.88  185.00  63868.00    14.20   7.13    0.26   345.23    0.00      0.00     0.00   0.00    0.00     0.00    0.00  98.72
nvme6n1       7083.00 112409.60    33.80   0.47    0.08    15.87  162.20  63733.60    19.60  10.78    0.30   392.93    0.00      0.00     0.00   0.00    0.00     0.00    0.00  98.40
nvme7n1       7009.60 111882.40    31.20   0.44    0.08    15.96  139.60  62390.40     8.40   5.68    0.34   446.92    0.00      0.00     0.00   0.00    0.00     0.00    0.00  98.72
nvme8n1       6974.20 112629.60    34.00   0.49    0.08    16.15  193.60  63192.00    22.20  10.29    0.23   326.40    0.00      0.00     0.00   0.00    0.00     0.00    0.00  98.56
nvme9n1       6920.60 112289.60    33.00   0.47    0.08    16.23  141.40  61308.00     5.40   3.68    0.32   433.58    0.00      0.00     0.00   0.00    0.00     0.00    0.00  98.88


Device            r/s     rkB/s   rrqm/s  %rrqm r_await rareq-sz     w/s     wkB/s   wrqm/s  %wrqm w_await wareq-sz     d/s     dkB/s   drqm/s  %drqm d_await dareq-sz  aqu-sz  %util
dm-0             0.00      0.00     0.00   0.00    0.00     0.00    1.60      6.40     0.00   0.00    0.00     4.00    0.00      0.00     0.00   0.00    0.00     0.00    0.00   0.08
loop0            0.00      0.00     0.00   0.00    0.00     0.00    0.00      0.00     0.00   0.00    0.00     0.00    0.00      0.00     0.00   0.00    0.00     0.00    0.00   0.00
loop1            0.00      0.00     0.00   0.00    0.00     0.00    0.00      0.00     0.00   0.00    0.00     0.00    0.00      0.00     0.00   0.00    0.00     0.00    0.00   0.00
loop2            0.00      0.00     0.00   0.00    0.00     0.00    0.00      0.00     0.00   0.00    0.00     0.00    0.00      0.00     0.00   0.00    0.00     0.00    0.00   0.00
loop3            0.00      0.00     0.00   0.00    0.00     0.00    0.00      0.00     0.00   0.00    0.00     0.00    0.00      0.00     0.00   0.00    0.00     0.00    0.00   0.00
loop4            0.00      0.00     0.00   0.00    0.00     0.00    0.00      0.00     0.00   0.00    0.00     0.00    0.00      0.00     0.00   0.00    0.00     0.00    0.00   0.00
loop5            0.00      0.00     0.00   0.00    0.00     0.00    0.00      0.00     0.00   0.00    0.00     0.00    0.00      0.00     0.00   0.00    0.00     0.00    0.00   0.00
loop6            0.00      0.00     0.00   0.00    0.00     0.00    0.00      0.00     0.00   0.00    0.00     0.00    0.00      0.00     0.00   0.00    0.00     0.00    0.00   0.00
loop7            0.00      0.00     0.00   0.00    0.00     0.00    0.00      0.00     0.00   0.00    0.00     0.00    0.00      0.00     0.00   0.00    0.00     0.00    0.00   0.00
md0           96930.00 6155858.40     0.00   0.00    0.00    63.51 9888.80 4756374.40     0.00   0.00    0.00   480.99    0.00      0.00     0.00   0.00    0.00     0.00    0.00   0.00
nvme0n1          0.00      0.00     0.00   0.00    0.00     0.00    0.60      6.40     1.00  62.50    0.00    10.67    0.00      0.00     0.00   0.00    0.00     0.00    0.00   0.08
nvme10n1      3073.60 180010.40    76.00   2.41    0.11    58.57  316.40 148872.80     6.20   1.92    0.18   470.52    0.00      0.00     0.00   0.00    0.00     0.00    0.00  86.24
nvme11n1      3068.00 177418.40    85.60   2.71    0.11    57.83  295.80 147356.80     3.60   1.20    0.33   498.16    0.00      0.00     0.00   0.00    0.00     0.00    0.00  86.48
nvme12n1      3076.80 175112.80    75.60   2.40    0.10    56.91  293.80 148118.40     3.80   1.28    0.18   504.15    0.00      0.00     0.00   0.00    0.00     0.00    0.00  87.52
nvme13n1      3023.00 175829.60    83.20   2.68    0.13    58.16  313.20 146516.80     3.80   1.20    0.36   467.81    0.00      0.00     0.00   0.00    0.00     0.00    0.00  86.64
nvme14n1      3060.80 176458.40    77.20   2.46    0.10    57.65  296.60 147613.60     3.80   1.26    0.17   497.69    0.00      0.00     0.00   0.00    0.00     0.00    0.00  87.20
nvme15n1      3100.60 178304.00    82.60   2.59    0.12    57.51  296.60 148340.00     3.80   1.26    0.35   500.13    0.00      0.00     0.00   0.00    0.00     0.00    0.00  85.60
nvme16n1      3075.20 180835.20    80.00   2.54    0.10    58.80  298.80 148124.00     4.00   1.32    0.17   495.73    0.00      0.00     0.00   0.00    0.00     0.00    0.00  86.24
nvme17n1      3109.80 181172.00    84.00   2.63    0.12    58.26  296.60 146680.00     4.00   1.33    0.33   494.54    0.00      0.00     0.00   0.00    0.00     0.00    0.00  86.08
nvme18n1      2965.40 178441.60    81.20   2.67    0.12    60.17  296.00 147376.80     4.00   1.33    0.40   497.89    0.00      0.00     0.00   0.00    0.00     0.00    0.00  86.00
nvme19n1      3008.80 180152.80    84.40   2.73    0.12    59.88  300.00 150660.80     4.00   1.32    0.36   502.20    0.00      0.00     0.00   0.00    0.00     0.00    0.00  86.56
nvme1n1       3009.40 175890.40    81.40   2.63    0.12    58.45  298.40 149639.20     3.20   1.06    0.38   501.47    0.00      0.00     0.00   0.00    0.00     0.00    0.00  86.96
nvme20n1      2969.00 180021.60    81.60   2.67    0.13    60.63  306.60 152372.80     4.00   1.29    0.41   496.98    0.00      0.00     0.00   0.00    0.00     0.00    0.00  85.76
nvme21n1      2979.40 180363.20    80.80   2.64    0.12    60.54  313.00 155056.00     3.80   1.20    0.33   495.39    0.00      0.00     0.00   0.00    0.00     0.00    0.00  85.60
nvme22n1      3064.60 177689.60    80.40   2.56    0.12    57.98  308.80 155544.80     4.20   1.34    0.37   503.71    0.00      0.00     0.00   0.00    0.00     0.00    0.00  85.12
nvme23n1      3074.20 177181.60    81.60   2.59    0.11    57.64  313.20 156505.60     3.80   1.20    0.18   499.70    0.00      0.00     0.00   0.00    0.00     0.00    0.00  86.88
nvme24n1      3047.60 172488.80    79.20   2.53    0.10    56.60  311.80 156972.80     3.80   1.20    0.18   503.44    0.00      0.00     0.00   0.00    0.00     0.00    0.00  86.40
nvme25n1      3023.00 172480.00    78.40   2.53    0.12    57.06  312.60 157853.60     3.60   1.14    0.36   504.97    0.00      0.00     0.00   0.00    0.00     0.00    0.00  86.48
nvme26n1      3051.40 173203.20    79.20   2.53    0.13    56.76  318.60 158814.40     3.40   1.06    0.41   498.48    0.00      0.00     0.00   0.00    0.00     0.00    0.00  86.88
nvme27n1      3041.80 174335.20    76.40   2.45    0.14    57.31  314.60 157183.20     3.40   1.07    0.45   499.63    0.00      0.00     0.00   0.00    0.00     0.00    0.00  85.36
nvme28n1      3052.40 174076.80    80.60   2.57    0.12    57.03  313.20 154648.80     3.60   1.14    0.36   493.77    0.00      0.00     0.00   0.00    0.00     0.00    0.00  85.20
nvme29n1      3024.60 174260.80    76.00   2.45    0.12    57.61  308.60 151507.20     3.40   1.09    0.34   490.95    0.00      0.00     0.00   0.00    0.00     0.00    0.00  87.04
nvme2n1       3023.60 178635.20    78.60   2.53    0.12    59.08  299.20 150522.40     3.20   1.06    0.40   503.08    0.00      0.00     0.00   0.00    0.00     0.00    0.00  86.72
nvme30n1      3088.20 173720.80    82.00   2.59    0.11    56.25  301.40 149876.00     3.20   1.05    0.19   497.27    0.00      0.00     0.00   0.00    0.00     0.00    0.00  86.56
nvme31n1      2987.20 172960.80    75.60   2.47    0.11    57.90  298.00 149821.60     3.40   1.13    0.35   502.76    0.00      0.00     0.00   0.00    0.00     0.00    0.00  85.84
nvme3n1       3073.40 178945.60    84.20   2.67    0.12    58.22  303.40 151115.20     3.60   1.17    0.39   498.07    0.00      0.00     0.00   0.00    0.00     0.00    0.00  86.96
nvme4n1       3036.80 175788.80    75.20   2.42    0.12    57.89  303.60 151898.40     3.40   1.11    0.38   500.32    0.00      0.00     0.00   0.00    0.00     0.00    0.00  87.04
nvme5n1       3036.40 176978.40    82.40   2.64    0.12    58.29  386.40 155687.20     7.40   1.88    0.32   402.92    0.00      0.00     0.00   0.00    0.00     0.00    0.00  86.72
nvme6n1       3066.60 178191.20    78.00   2.48    0.12    58.11  338.20 153815.20     5.20   1.51    0.35   454.81    0.00      0.00     0.00   0.00    0.00     0.00    0.00  87.28
nvme7n1       3105.20 176160.80    81.00   2.54    0.12    56.73  304.60 151097.60     3.40   1.10    0.38   496.05    0.00      0.00     0.00   0.00    0.00     0.00    0.00  86.00
nvme8n1       3121.00 177710.40    77.20   2.41    0.12    56.94  394.80 150456.00     3.40   0.85    0.28   381.09    0.00      0.00     0.00   0.00    0.00     0.00    0.00  87.12
nvme9n1       3009.00 177818.40    84.20   2.72    0.12    59.10  300.00 149197.60     3.60   1.19    0.38   497.33    0.00      0.00     0.00   0.00    0.00     0.00    0.00  87.60


Device            r/s     rkB/s   rrqm/s  %rrqm r_await rareq-sz     w/s     wkB/s   wrqm/s  %wrqm w_await wareq-sz     d/s     dkB/s   drqm/s  %drqm d_await dareq-sz  aqu-sz  %util
dm-0             0.00      0.00     0.00   0.00    0.00     0.00    2.60     16.80     0.00   0.00    0.00     6.46    0.00      0.00     0.00   0.00    0.00     0.00    0.00   0.16
loop0            0.00      0.00     0.00   0.00    0.00     0.00    0.00      0.00     0.00   0.00    0.00     0.00    0.00      0.00     0.00   0.00    0.00     0.00    0.00   0.00
loop1            0.00      0.00     0.00   0.00    0.00     0.00    0.00      0.00     0.00   0.00    0.00     0.00    0.00      0.00     0.00   0.00    0.00     0.00    0.00   0.00
loop2            0.00      0.00     0.00   0.00    0.00     0.00    0.00      0.00     0.00   0.00    0.00     0.00    0.00      0.00     0.00   0.00    0.00     0.00    0.00   0.00
loop3            0.00      0.00     0.00   0.00    0.00     0.00    0.00      0.00     0.00   0.00    0.00     0.00    0.00      0.00     0.00   0.00    0.00     0.00    0.00   0.00
loop4            0.00      0.00     0.00   0.00    0.00     0.00    0.00      0.00     0.00   0.00    0.00     0.00    0.00      0.00     0.00   0.00    0.00     0.00    0.00   0.00
loop5            0.00      0.00     0.00   0.00    0.00     0.00    0.00      0.00     0.00   0.00    0.00     0.00    0.00      0.00     0.00   0.00    0.00     0.00    0.00   0.00
loop6            0.00      0.00     0.00   0.00    0.00     0.00    0.00      0.00     0.00   0.00    0.00     0.00    0.00      0.00     0.00   0.00    0.00     0.00    0.00   0.00
loop7            0.00      0.00     0.00   0.00    0.00     0.00    0.00      0.00     0.00   0.00    0.00     0.00    0.00      0.00     0.00   0.00    0.00     0.00    0.00   0.00
md0           208577.40 5119696.80     0.00   0.00    0.00    24.55 6347.40 3150328.00     0.00   0.00    0.00   496.32    0.00      0.00     0.00   0.00    0.00     0.00    0.00   0.00
nvme0n1          0.00      0.00     0.00   0.00    0.00     0.00    1.20     16.80     1.40  53.85    0.00    14.00    0.00      0.00     0.00   0.00    0.00     0.00    0.00   0.16
nvme10n1      6610.80 149070.40    47.60   0.71    0.08    22.55  210.20  98365.60    16.60   7.32    0.16   467.96    0.00      0.00     0.00   0.00    0.00     0.00    0.00 100.00
nvme11n1      6560.20 150135.20    52.80   0.80    0.09    22.89  190.60  97528.80     5.20   2.66    0.30   511.69    0.00      0.00     0.00   0.00    0.00     0.00    0.00 100.00
nvme12n1      6590.80 150784.80    49.80   0.75    0.08    22.88  186.20  97555.20     8.00   4.12    0.16   523.93    0.00      0.00     0.00   0.00    0.00     0.00    0.00 100.00
nvme13n1      6659.80 150143.20    52.40   0.78    0.09    22.54  187.80  98392.00     3.80   1.98    0.33   523.92    0.00      0.00     0.00   0.00    0.00     0.00    0.00 100.08
nvme14n1      6655.40 147403.20    50.60   0.75    0.08    22.15  182.20  97479.20     4.60   2.46    0.17   535.01    0.00      0.00     0.00   0.00    0.00     0.00    0.00 100.00
nvme15n1      6600.60 147331.20    50.00   0.75    0.09    22.32  184.00  97390.40     3.40   1.81    0.32   529.30    0.00      0.00     0.00   0.00    0.00     0.00    0.00 100.00
nvme16n1      6582.80 146395.20    50.00   0.75    0.08    22.24  176.40  95282.40     9.00   4.85    0.17   540.15    0.00      0.00     0.00   0.00    0.00     0.00    0.00 100.00
nvme17n1      6553.20 143738.40    47.60   0.72    0.09    21.93  178.40  95876.00     4.60   2.51    0.31   537.42    0.00      0.00     0.00   0.00    0.00     0.00    0.00 100.00
nvme18n1      6728.60 146388.80    48.40   0.71    0.09    21.76  177.80  96654.40     6.80   3.68    0.34   543.61    0.00      0.00     0.00   0.00    0.00     0.00    0.00 100.00
nvme19n1      6747.40 148218.40    48.20   0.71    0.09    21.97  183.20  99270.40     6.80   3.58    0.33   541.87    0.00      0.00     0.00   0.00    0.00     0.00    0.00 100.00
nvme1n1       6617.80 146029.60    48.60   0.73    0.09    22.07  187.20  99907.20     7.20   3.70    0.34   533.69    0.00      0.00     0.00   0.00    0.00     0.00    0.00 100.00
nvme20n1      6650.60 149895.20    49.80   0.74    0.09    22.54  179.40  98070.40    10.20   5.38    0.35   546.66    0.00      0.00     0.00   0.00    0.00     0.00    0.00 100.00
nvme21n1      6698.80 150536.80    49.40   0.73    0.09    22.47  181.80  98356.00     5.40   2.88    0.30   541.01    0.00      0.00     0.00   0.00    0.00     0.00    0.00 100.00
nvme22n1      6718.20 150072.80    51.80   0.77    0.09    22.34  180.40  98821.60     5.80   3.11    0.34   547.79    0.00      0.00     0.00   0.00    0.00     0.00    0.00 100.00
nvme23n1      6640.20 149340.00    51.00   0.76    0.08    22.49  181.60  97711.20     7.00   3.71    0.17   538.06    0.00      0.00     0.00   0.00    0.00     0.00    0.00 100.00
nvme24n1      6792.00 151253.60    48.20   0.70    0.08    22.27  185.20  99923.20     8.20   4.24    0.17   539.54    0.00      0.00     0.00   0.00    0.00     0.00    0.00 100.00
nvme25n1      6820.40 151236.80    52.20   0.76    0.09    22.17  185.60 100404.80    10.00   5.11    0.32   540.97    0.00      0.00     0.00   0.00    0.00     0.00    0.00 100.00
nvme26n1      6795.20 149164.00    50.80   0.74    0.09    21.95  188.60 100072.80     7.60   3.87    0.32   530.61    0.00      0.00     0.00   0.00    0.00     0.00    0.00 100.00
nvme27n1      6829.20 149596.80    51.80   0.75    0.09    21.91  191.20 100168.00     7.40   3.73    0.38   523.89    0.00      0.00     0.00   0.00    0.00     0.00    0.00 100.00
nvme28n1      6861.80 148444.00    49.00   0.71    0.09    21.63  197.20 101253.60     8.00   3.90    0.32   513.46    0.00      0.00     0.00   0.00    0.00     0.00    0.00 100.08
nvme29n1      6775.40 148756.00    47.80   0.70    0.09    21.96  195.40 101861.60     8.60   4.22    0.31   521.30    0.00      0.00     0.00   0.00    0.00     0.00    0.00 100.00
nvme2n1       6644.40 147832.80    49.40   0.74    0.09    22.25  192.00 100868.80     6.80   3.42    0.34   525.36    0.00      0.00     0.00   0.00    0.00     0.00    0.00 100.00
nvme30n1      6722.80 148650.40    52.20   0.77    0.08    22.11  190.00 100632.80     9.40   4.71    0.17   529.65    0.00      0.00     0.00   0.00    0.00     0.00    0.00 100.00
nvme31n1      6700.00 146589.60    49.60   0.73    0.09    21.88  188.40  99298.40     7.80   3.98    0.32   527.06    0.00      0.00     0.00   0.00    0.00     0.00    0.00  99.92
nvme3n1       6680.00 147668.80    49.20   0.73    0.09    22.11  188.40  99960.80     7.00   3.58    0.34   530.58    0.00      0.00     0.00   0.00    0.00     0.00    0.00 100.00
nvme4n1       6662.80 147712.80    49.60   0.74    0.09    22.17  189.40  99396.00    15.80   7.70    0.33   524.79    0.00      0.00     0.00   0.00    0.00     0.00    0.00 100.00
nvme5n1       6665.80 147949.60    48.80   0.73    0.09    22.20  249.00  99555.20    11.00   4.23    0.26   399.82    0.00      0.00     0.00   0.00    0.00     0.00    0.00 100.00
nvme6n1       6644.40 145640.00    48.40   0.72    0.09    21.92  214.80  98640.80    32.40  13.11    0.30   459.22    0.00      0.00     0.00   0.00    0.00     0.00    0.00 100.00
nvme7n1       6620.60 146736.80    47.00   0.70    0.09    22.16  188.80  99297.60     6.20   3.18    0.35   525.94    0.00      0.00     0.00   0.00    0.00     0.00    0.00 100.00
nvme8n1       6552.40 146998.40    50.00   0.76    0.09    22.43  262.20  98598.40    34.80  11.72    0.23   376.04    0.00      0.00     0.00   0.00    0.00     0.00    0.00 100.08
nvme9n1       6654.00 148934.40    49.60   0.74    0.09    22.38  193.40  98664.80     5.80   2.91    0.33   510.16    0.00      0.00     0.00   0.00    0.00     0.00    0.00 100.00


Device            r/s     rkB/s   rrqm/s  %rrqm r_await rareq-sz     w/s     wkB/s   wrqm/s  %wrqm w_await wareq-sz     d/s     dkB/s   drqm/s  %drqm d_await dareq-sz  aqu-sz  %util
dm-0             0.00      0.00     0.00   0.00    0.00     0.00   18.00    100.80     0.00   0.00    0.00     5.60    0.00      0.00     0.00   0.00    0.00     0.00    0.00   0.16
loop0            0.00      0.00     0.00   0.00    0.00     0.00    0.00      0.00     0.00   0.00    0.00     0.00    0.00      0.00     0.00   0.00    0.00     0.00    0.00   0.00
loop1            0.00      0.00     0.00   0.00    0.00     0.00    0.00      0.00     0.00   0.00    0.00     0.00    0.00      0.00     0.00   0.00    0.00     0.00    0.00   0.00
loop2            0.00      0.00     0.00   0.00    0.00     0.00    0.00      0.00     0.00   0.00    0.00     0.00    0.00      0.00     0.00   0.00    0.00     0.00    0.00   0.00
loop3            0.00      0.00     0.00   0.00    0.00     0.00    0.00      0.00     0.00   0.00    0.00     0.00    0.00      0.00     0.00   0.00    0.00     0.00    0.00   0.00
loop4            0.00      0.00     0.00   0.00    0.00     0.00    0.00      0.00     0.00   0.00    0.00     0.00    0.00      0.00     0.00   0.00    0.00     0.00    0.00   0.00
loop5            0.00      0.00     0.00   0.00    0.00     0.00    0.00      0.00     0.00   0.00    0.00     0.00    0.00      0.00     0.00   0.00    0.00     0.00    0.00   0.00
loop6            0.00      0.00     0.00   0.00    0.00     0.00    0.00      0.00     0.00   0.00    0.00     0.00    0.00      0.00     0.00   0.00    0.00     0.00    0.00   0.00
loop7            0.00      0.00     0.00   0.00    0.00     0.00    0.00      0.00     0.00   0.00    0.00     0.00    0.00      0.00     0.00   0.00    0.00     0.00    0.00   0.00
md0           212644.20 3579459.20     0.00   0.00    0.00    16.83 3881.00 1889195.20     0.00   0.00    0.00   486.78    0.00      0.00     0.00   0.00    0.00     0.00    0.00   0.00
nvme0n1          0.00      0.00     0.00   0.00    0.00     0.00   14.20    100.80     3.80  21.11    0.04     7.10    0.00      0.00     0.00   0.00    0.00     0.00    0.00   0.16
nvme10n1      6813.00 103864.00    26.00   0.38    0.08    15.24  127.80  57640.80     5.20   3.91    0.15   451.02    0.00      0.00     0.00   0.00    0.00     0.00    0.00  97.44
nvme11n1      6791.40 104364.80    25.40   0.37    0.08    15.37  117.40  60252.80     4.40   3.61    0.28   513.23    0.00      0.00     0.00   0.00    0.00     0.00    0.00  97.36
nvme12n1      6642.60 102757.60    25.80   0.39    0.08    15.47  114.40  60407.20     3.80   3.21    0.16   528.03    0.00      0.00     0.00   0.00    0.00     0.00    0.00  97.04
nvme13n1      6709.80 103721.60    25.40   0.38    0.08    15.46  119.80  59630.40     4.20   3.39    0.31   497.75    0.00      0.00     0.00   0.00    0.00     0.00    0.00  96.96
nvme14n1      6660.80 103965.60    25.80   0.39    0.08    15.61  114.00  58464.80     4.00   3.39    0.16   512.85    0.00      0.00     0.00   0.00    0.00     0.00    0.00  97.44
nvme15n1      6777.20 106440.80    26.20   0.39    0.08    15.71  112.20  59597.60     2.40   2.09    0.31   531.17    0.00      0.00     0.00   0.00    0.00     0.00    0.00  97.68
nvme16n1      6691.60 105588.80    28.00   0.42    0.08    15.78  114.40  59576.80     2.60   2.22    0.16   520.78    0.00      0.00     0.00   0.00    0.00     0.00    0.00  97.36
nvme17n1      6660.40 105360.00    26.20   0.39    0.08    15.82  111.60  58582.40     3.80   3.29    0.30   524.93    0.00      0.00     0.00   0.00    0.00     0.00    0.00  97.44
nvme18n1      6870.40 107240.80    27.00   0.39    0.08    15.61  112.60  59052.00     2.20   1.92    0.33   524.44    0.00      0.00     0.00   0.00    0.00     0.00    0.00  96.96
nvme19n1      6877.80 108087.20    27.00   0.39    0.08    15.72  114.20  59509.60     5.00   4.19    0.30   521.10    0.00      0.00     0.00   0.00    0.00     0.00    0.00  96.24
nvme1n1       6899.80 109111.20    28.80   0.42    0.08    15.81  114.60  60491.20     3.20   2.72    0.33   527.85    0.00      0.00     0.00   0.00    0.00     0.00    0.00  97.60
nvme20n1      6861.40 107828.00    27.60   0.40    0.08    15.72  112.80  59045.60     2.60   2.25    0.32   523.45    0.00      0.00     0.00   0.00    0.00     0.00    0.00  97.12
nvme21n1      6915.40 107305.60    28.40   0.41    0.08    15.52  112.60  59061.60     3.60   3.10    0.29   524.53    0.00      0.00     0.00   0.00    0.00     0.00    0.00  96.80
nvme22n1      6889.40 107408.80    25.60   0.37    0.08    15.59  113.00  59444.00     5.20   4.40    0.30   526.05    0.00      0.00     0.00   0.00    0.00     0.00    0.00  97.28
nvme23n1      6797.60 105100.00    28.20   0.41    0.08    15.46  113.20  57104.80     6.00   5.03    0.16   504.46    0.00      0.00     0.00   0.00    0.00     0.00    0.00  97.36
nvme24n1      6800.60 106090.40    25.00   0.37    0.08    15.60  107.80  56868.00     3.40   3.06    0.17   527.53    0.00      0.00     0.00   0.00    0.00     0.00    0.00  96.96
nvme25n1      6874.60 108680.80    28.20   0.41    0.08    15.81  115.40  59226.40     5.00   4.15    0.31   513.23    0.00      0.00     0.00   0.00    0.00     0.00    0.00  97.12
nvme26n1      6777.80 108448.80    26.20   0.39    0.08    16.00  117.80  60160.80     3.60   2.97    0.30   510.70    0.00      0.00     0.00   0.00    0.00     0.00    0.00  97.84
nvme27n1      6870.40 109259.20    29.00   0.42    0.08    15.90  115.60  59301.60     3.20   2.69    0.37   512.99    0.00      0.00     0.00   0.00    0.00     0.00    0.00  97.36
nvme28n1      6772.00 107584.00    27.20   0.40    0.08    15.89  115.00  58280.00     4.00   3.36    0.32   506.78    0.00      0.00     0.00   0.00    0.00     0.00    0.00  97.52
nvme29n1      6878.60 110226.40    28.80   0.42    0.08    16.02  122.40  60721.60     2.60   2.08    0.29   496.09    0.00      0.00     0.00   0.00    0.00     0.00    0.00  97.44
nvme2n1       6870.80 108604.00    27.40   0.40    0.08    15.81  116.60  61158.40     3.20   2.67    0.33   524.51    0.00      0.00     0.00   0.00    0.00     0.00    0.00  96.88
nvme30n1      6798.80 107652.00    28.40   0.42    0.08    15.83  113.00  59758.40     5.80   4.88    0.17   528.84    0.00      0.00     0.00   0.00    0.00     0.00    0.00  96.96
nvme31n1      6852.80 107924.00    25.60   0.37    0.08    15.75  114.60  59448.80     4.00   3.37    0.29   518.75    0.00      0.00     0.00   0.00    0.00     0.00    0.00  97.04
nvme3n1       6921.80 108021.60    28.80   0.41    0.08    15.61  117.60  60554.40     4.00   3.29    0.32   514.92    0.00      0.00     0.00   0.00    0.00     0.00    0.00  97.12
nvme4n1       6956.60 106682.40    24.80   0.36    0.08    15.34  113.00  60008.00     2.60   2.25    0.32   531.04    0.00      0.00     0.00   0.00    0.00     0.00    0.00  97.60
nvme5n1       6937.60 107518.40    26.40   0.38    0.08    15.50  155.60  60643.20     6.60   4.07    0.24   389.74    0.00      0.00     0.00   0.00    0.00     0.00    0.00  97.92
nvme6n1       6965.40 107100.80    26.40   0.38    0.08    15.38  131.60  59920.80    15.60  10.60    0.28   455.33    0.00      0.00     0.00   0.00    0.00     0.00    0.00  98.00
nvme7n1       6870.00 106332.00    26.80   0.39    0.08    15.48  113.80  60377.60     3.40   2.90    0.33   530.56    0.00      0.00     0.00   0.00    0.00     0.00    0.00  97.28
nvme8n1       6878.00 106802.40    28.00   0.41    0.08    15.53  166.60  60842.40    19.00  10.24    0.22   365.20    0.00      0.00     0.00   0.00    0.00     0.00    0.00  97.60
nvme9n1       6914.20 106579.20    27.20   0.39    0.08    15.41  114.80  59304.00     4.60   3.85    0.30   516.59    0.00      0.00     0.00   0.00    0.00     0.00    0.00  97.28


Device            r/s     rkB/s   rrqm/s  %rrqm r_await rareq-sz     w/s     wkB/s   wrqm/s  %wrqm w_await wareq-sz     d/s     dkB/s   drqm/s  %drqm d_await dareq-sz  aqu-sz  %util
dm-0             0.00      0.00     0.00   0.00    0.00     0.00    4.80     29.60     0.00   0.00    0.00     6.17    0.00      0.00     0.00   0.00    0.00     0.00    0.00   0.16
loop0            0.00      0.00     0.00   0.00    0.00     0.00    0.00      0.00     0.00   0.00    0.00     0.00    0.00      0.00     0.00   0.00    0.00     0.00    0.00   0.00
loop1            0.00      0.00     0.00   0.00    0.00     0.00    0.00      0.00     0.00   0.00    0.00     0.00    0.00      0.00     0.00   0.00    0.00     0.00    0.00   0.00
loop2            0.00      0.00     0.00   0.00    0.00     0.00    0.00      0.00     0.00   0.00    0.00     0.00    0.00      0.00     0.00   0.00    0.00     0.00    0.00   0.00
loop3            0.00      0.00     0.00   0.00    0.00     0.00    0.00      0.00     0.00   0.00    0.00     0.00    0.00      0.00     0.00   0.00    0.00     0.00    0.00   0.00
loop4            0.00      0.00     0.00   0.00    0.00     0.00    0.00      0.00     0.00   0.00    0.00     0.00    0.00      0.00     0.00   0.00    0.00     0.00    0.00   0.00
loop5            0.00      0.00     0.00   0.00    0.00     0.00    0.00      0.00     0.00   0.00    0.00     0.00    0.00      0.00     0.00   0.00    0.00     0.00    0.00   0.00
loop6            0.00      0.00     0.00   0.00    0.00     0.00    0.00      0.00     0.00   0.00    0.00     0.00    0.00      0.00     0.00   0.00    0.00     0.00    0.00   0.00
loop7            0.00      0.00     0.00   0.00    0.00     0.00    0.00      0.00     0.00   0.00    0.00     0.00    0.00      0.00     0.00   0.00    0.00     0.00    0.00   0.00
md0           131380.60 6126068.80     0.00   0.00    0.00    46.63 9061.40 4535370.40     0.00   0.00    0.00   500.52    0.00      0.00     0.00   0.00    0.00     0.00    0.00   0.00
nvme0n1          0.00      0.00     0.00   0.00    0.00     0.00    1.60     29.60     3.20  66.67    0.12    18.50    0.00      0.00     0.00   0.00    0.00     0.00    0.00   0.16
nvme10n1      4128.80 175033.60    79.20   1.88    0.10    42.39  299.60 140884.80     3.00   0.99    0.17   470.24    0.00      0.00     0.00   0.00    0.00     0.00    0.00  91.60
nvme11n1      4249.60 175580.80    72.40   1.68    0.10    41.32  283.60 143048.80     0.60   0.21    0.32   504.40    0.00      0.00     0.00   0.00    0.00     0.00    0.00  90.88
nvme12n1      4250.20 174060.00    76.00   1.76    0.09    40.95  283.40 143537.60     0.80   0.28    0.17   506.48    0.00      0.00     0.00   0.00    0.00     0.00    0.00  90.64
nvme13n1      4161.40 170613.60    71.80   1.70    0.11    41.00  297.60 142067.20     0.80   0.27    0.35   477.38    0.00      0.00     0.00   0.00    0.00     0.00    0.00  91.52
nvme14n1      4103.40 171178.40    73.00   1.75    0.09    41.72  288.00 142144.80     0.80   0.28    0.16   493.56    0.00      0.00     0.00   0.00    0.00     0.00    0.00  91.04
nvme15n1      4032.60 170258.40    75.00   1.83    0.10    42.22  273.00 138679.20     1.00   0.36    0.33   507.98    0.00      0.00     0.00   0.00    0.00     0.00    0.00  91.28
nvme16n1      3991.40 170876.00    70.00   1.72    0.09    42.81  273.40 138482.40     1.20   0.44    0.17   506.52    0.00      0.00     0.00   0.00    0.00     0.00    0.00  90.96
nvme17n1      4032.00 172665.60    75.80   1.85    0.10    42.82  273.20 140784.80     1.20   0.44    0.31   515.32    0.00      0.00     0.00   0.00    0.00     0.00    0.00  91.44
nvme18n1      4122.20 178382.40    71.80   1.71    0.10    43.27  279.20 143328.80     1.00   0.36    0.39   513.36    0.00      0.00     0.00   0.00    0.00     0.00    0.00  90.72
nvme19n1      4112.20 180311.20    80.00   1.91    0.10    43.85  284.20 144864.00     1.00   0.35    0.34   509.73    0.00      0.00     0.00   0.00    0.00     0.00    0.00  90.72
nvme1n1       4108.20 173422.40    69.40   1.66    0.11    42.21  285.20 144928.00     0.80   0.28    0.38   508.16    0.00      0.00     0.00   0.00    0.00     0.00    0.00  90.88
nvme20n1      4175.60 180908.80    75.40   1.77    0.11    43.33  281.80 144209.60     1.00   0.35    0.38   511.74    0.00      0.00     0.00   0.00    0.00     0.00    0.00  91.28
nvme21n1      4145.00 180029.60    80.40   1.90    0.10    43.43  278.60 142042.40     1.00   0.36    0.32   509.84    0.00      0.00     0.00   0.00    0.00     0.00    0.00  91.52
nvme22n1      4142.00 179331.20    73.40   1.74    0.11    43.30  274.60 141161.60     1.00   0.36    0.35   514.06    0.00      0.00     0.00   0.00    0.00     0.00    0.00  91.04
nvme23n1      4141.60 178428.00    80.00   1.90    0.10    43.08  274.80 141548.80     1.00   0.36    0.18   515.10    0.00      0.00     0.00   0.00    0.00     0.00    0.00  91.44
nvme24n1      4209.80 177968.80    72.60   1.70    0.09    42.27  279.20 144469.60     1.00   0.36    0.17   517.44    0.00      0.00     0.00   0.00    0.00     0.00    0.00  92.08
nvme25n1      4174.00 178945.60    80.60   1.89    0.11    42.87  280.00 144024.80     1.00   0.36    0.35   514.37    0.00      0.00     0.00   0.00    0.00     0.00    0.00  92.56
nvme26n1      4177.00 178084.00    73.40   1.73    0.10    42.63  282.60 144168.80     1.00   0.35    0.34   510.15    0.00      0.00     0.00   0.00    0.00     0.00    0.00  92.24
nvme27n1      4194.60 176139.20    80.40   1.88    0.11    41.99  283.40 144442.40     1.20   0.42    0.42   509.68    0.00      0.00     0.00   0.00    0.00     0.00    0.00  92.32
nvme28n1      4186.80 175375.20    71.40   1.68    0.10    41.89  284.20 144432.80     1.00   0.35    0.36   508.21    0.00      0.00     0.00   0.00    0.00     0.00    0.00  91.60
nvme29n1      4164.80 175584.80    79.80   1.88    0.11    42.16  284.00 144068.00     1.00   0.35    0.34   507.28    0.00      0.00     0.00   0.00    0.00     0.00    0.00  91.52
nvme2n1       4164.60 176683.20    81.00   1.91    0.11    42.43  286.00 144028.80     0.80   0.28    0.37   503.60    0.00      0.00     0.00   0.00    0.00     0.00    0.00  90.80
nvme30n1      4154.60 174123.20    69.40   1.64    0.10    41.91  281.80 145612.80     1.00   0.35    0.18   516.72    0.00      0.00     0.00   0.00    0.00     0.00    0.00  90.88
nvme31n1      4203.60 174672.00    80.60   1.88    0.10    41.55  285.00 145278.40     1.00   0.35    0.34   509.75    0.00      0.00     0.00   0.00    0.00     0.00    0.00  91.52
nvme3n1       4184.40 174801.60    71.40   1.68    0.11    41.77  275.60 140231.20     0.80   0.29    0.38   508.82    0.00      0.00     0.00   0.00    0.00     0.00    0.00  92.08
nvme4n1       4216.00 178312.80    80.00   1.86    0.11    42.29  277.80 140316.00     0.80   0.29    0.35   505.10    0.00      0.00     0.00   0.00    0.00     0.00    0.00  90.64
nvme5n1       4191.60 178396.80    74.00   1.73    0.11    42.56  348.00 141379.20     4.00   1.14    0.30   406.26    0.00      0.00     0.00   0.00    0.00     0.00    0.00  91.60
nvme6n1       4351.80 180470.40    79.80   1.80    0.10    41.47  303.40 143898.40     1.00   0.33    0.33   474.29    0.00      0.00     0.00   0.00    0.00     0.00    0.00  91.44
nvme7n1       4256.40 178010.40    74.00   1.71    0.11    41.82  282.80 143474.40     0.80   0.28    0.37   507.34    0.00      0.00     0.00   0.00    0.00     0.00    0.00  91.92
nvme8n1       4215.80 177970.40    77.20   1.80    0.11    42.22  370.60 142731.20     0.80   0.22    0.25   385.14    0.00      0.00     0.00   0.00    0.00     0.00    0.00  93.04
nvme9n1       4104.00 177120.00    75.80   1.81    0.11    43.16  280.20 141652.80     0.60   0.21    0.36   505.54    0.00      0.00     0.00   0.00    0.00     0.00    0.00  92.56


Device            r/s     rkB/s   rrqm/s  %rrqm r_await rareq-sz     w/s     wkB/s   wrqm/s  %wrqm w_await wareq-sz     d/s     dkB/s   drqm/s  %drqm d_await dareq-sz  aqu-sz  %util
dm-0             0.00      0.00     0.00   0.00    0.00     0.00    4.40     17.60     0.00   0.00    0.00     4.00    0.00      0.00     0.00   0.00    0.00     0.00    0.00   0.16
loop0            0.00      0.00     0.00   0.00    0.00     0.00    0.00      0.00     0.00   0.00    0.00     0.00    0.00      0.00     0.00   0.00    0.00     0.00    0.00   0.00
loop1            0.00      0.00     0.00   0.00    0.00     0.00    0.00      0.00     0.00   0.00    0.00     0.00    0.00      0.00     0.00   0.00    0.00     0.00    0.00   0.00
loop2            0.00      0.00     0.00   0.00    0.00     0.00    0.00      0.00     0.00   0.00    0.00     0.00    0.00      0.00     0.00   0.00    0.00     0.00    0.00   0.00
loop3            0.00      0.00     0.00   0.00    0.00     0.00    0.00      0.00     0.00   0.00    0.00     0.00    0.00      0.00     0.00   0.00    0.00     0.00    0.00   0.00
loop4            0.00      0.00     0.00   0.00    0.00     0.00    0.00      0.00     0.00   0.00    0.00     0.00    0.00      0.00     0.00   0.00    0.00     0.00    0.00   0.00
loop5            0.00      0.00     0.00   0.00    0.00     0.00    0.00      0.00     0.00   0.00    0.00     0.00    0.00      0.00     0.00   0.00    0.00     0.00    0.00   0.00
loop6            0.00      0.00     0.00   0.00    0.00     0.00    0.00      0.00     0.00   0.00    0.00     0.00    0.00      0.00     0.00   0.00    0.00     0.00    0.00   0.00
loop7            0.00      0.00     0.00   0.00    0.00     0.00    0.00      0.00     0.00   0.00    0.00     0.00    0.00      0.00     0.00   0.00    0.00     0.00    0.00   0.00
md0           204722.20 4661132.80     0.00   0.00    0.00    22.77 6055.00 2855346.40     0.00   0.00    0.00   471.57    0.00      0.00     0.00   0.00    0.00     0.00    0.00   0.00
nvme0n1          0.00      0.00     0.00   0.00    0.00     0.00    1.00     17.60     3.40  77.27    0.00    17.60    0.00      0.00     0.00   0.00    0.00     0.00    0.00   0.16
nvme10n1      6493.40 136671.20    45.80   0.70    0.08    21.05  206.80  92869.60     8.20   3.81    0.15   449.08    0.00      0.00     0.00   0.00    0.00     0.00    0.00 100.08
nvme11n1      6631.60 136116.00    37.00   0.55    0.08    20.53  182.00  91829.60     6.00   3.19    0.23   504.56    0.00      0.00     0.00   0.00    0.00     0.00    0.00 100.00
nvme12n1      6598.60 136716.80    42.40   0.64    0.08    20.72  179.00  91714.40     4.40   2.40    0.17   512.37    0.00      0.00     0.00   0.00    0.00     0.00    0.00 100.00
nvme13n1      6610.20 137645.60    39.80   0.60    0.09    20.82  181.40  91060.80     2.20   1.20    0.33   501.99    0.00      0.00     0.00   0.00    0.00     0.00    0.00  99.92
nvme14n1      6556.40 137348.00    43.80   0.66    0.08    20.95  183.00  91324.80     4.80   2.56    0.16   499.04    0.00      0.00     0.00   0.00    0.00     0.00    0.00  99.92
nvme15n1      6567.80 138665.60    38.00   0.58    0.09    21.11  183.40  93066.40     5.40   2.86    0.31   507.45    0.00      0.00     0.00   0.00    0.00     0.00    0.00 100.00
nvme16n1      6548.00 139990.40    44.00   0.67    0.08    21.38  180.20  92264.00     4.80   2.59    0.17   512.01    0.00      0.00     0.00   0.00    0.00     0.00    0.00  99.92
nvme17n1      6558.20 140615.20    40.40   0.61    0.09    21.44  179.00  92353.60     2.80   1.54    0.31   515.94    0.00      0.00     0.00   0.00    0.00     0.00    0.00 100.00
nvme18n1      6653.60 144576.80    44.60   0.67    0.09    21.73  181.60  93212.00     3.60   1.94    0.35   513.28    0.00      0.00     0.00   0.00    0.00     0.00    0.00 100.00
nvme19n1      6546.80 140461.60    44.00   0.67    0.09    21.46  182.00  94090.40     6.80   3.60    0.32   516.98    0.00      0.00     0.00   0.00    0.00     0.00    0.00  99.92
nvme1n1       6655.80 135480.80    37.80   0.56    0.09    20.36  168.80  85912.80     7.60   4.31    0.33   508.96    0.00      0.00     0.00   0.00    0.00     0.00    0.00 100.00
nvme20n1      6460.80 138319.20    41.80   0.64    0.09    21.41  182.40  93552.00     8.00   4.20    0.34   512.89    0.00      0.00     0.00   0.00    0.00     0.00    0.00 100.00
nvme21n1      6507.80 138997.60    42.60   0.65    0.09    21.36  180.80  93355.20     8.40   4.44    0.30   516.35    0.00      0.00     0.00   0.00    0.00     0.00    0.00 100.00
nvme22n1      6342.40 137068.00    40.80   0.64    0.09    21.61  177.80  91192.80     6.40   3.47    0.31   512.90    0.00      0.00     0.00   0.00    0.00     0.00    0.00 100.00
nvme23n1      6372.40 136703.20    42.00   0.65    0.08    21.45  179.20  90104.80     7.00   3.76    0.17   502.82    0.00      0.00     0.00   0.00    0.00     0.00    0.00 100.00
nvme24n1      6374.60 137475.20    40.80   0.64    0.08    21.57  173.20  89095.20     7.20   3.99    0.17   514.41    0.00      0.00     0.00   0.00    0.00     0.00    0.00 100.00
nvme25n1      6502.80 137308.80    43.20   0.66    0.09    21.12  174.00  90006.40     4.40   2.47    0.32   517.28    0.00      0.00     0.00   0.00    0.00     0.00    0.00 100.00
nvme26n1      6585.80 138386.40    40.60   0.61    0.09    21.01  177.00  89476.80     5.60   3.07    0.31   505.52    0.00      0.00     0.00   0.00    0.00     0.00    0.00 100.00
nvme27n1      6529.80 137413.60    46.60   0.71    0.09    21.04  179.00  91464.00     6.40   3.45    0.37   510.97    0.00      0.00     0.00   0.00    0.00     0.00    0.00 100.00
nvme28n1      6569.80 136521.60    41.20   0.62    0.09    20.78  186.40  92472.80     6.20   3.22    0.32   496.10    0.00      0.00     0.00   0.00    0.00     0.00    0.00 100.00
nvme29n1      6473.00 135180.00    44.80   0.69    0.09    20.88  179.20  89927.20     5.60   3.03    0.31   501.83    0.00      0.00     0.00   0.00    0.00     0.00    0.00 100.00
nvme2n1       6621.00 134353.60    43.40   0.65    0.09    20.29  170.80  86188.00     7.20   4.04    0.33   504.61    0.00      0.00     0.00   0.00    0.00     0.00    0.00 100.08
nvme30n1      6586.80 135143.20    38.60   0.58    0.08    20.52  171.60  87716.80     9.40   5.19    0.17   511.17    0.00      0.00     0.00   0.00    0.00     0.00    0.00 100.00
nvme31n1      6695.20 136148.00    44.40   0.66    0.08    20.34  167.60  87203.20     9.20   5.20    0.31   520.31    0.00      0.00     0.00   0.00    0.00     0.00    0.00 100.00
nvme3n1       6628.20 135845.60    37.20   0.56    0.09    20.50  172.00  87419.20    11.20   6.11    0.35   508.25    0.00      0.00     0.00   0.00    0.00     0.00    0.00 100.00
nvme4n1       6595.20 135907.20    45.60   0.69    0.09    20.61  170.80  87960.80     5.60   3.17    0.32   514.99    0.00      0.00     0.00   0.00    0.00     0.00    0.00 100.00
nvme5n1       6624.80 137049.60    37.00   0.56    0.09    20.69  246.80  89120.80    17.20   6.52    0.24   361.11    0.00      0.00     0.00   0.00    0.00     0.00    0.00 100.08
nvme6n1       6689.40 138944.00    47.00   0.70    0.08    20.77  204.80  89688.00    28.40  12.18    0.28   437.93    0.00      0.00     0.00   0.00    0.00     0.00    0.00 100.00
nvme7n1       6597.00 138418.40    38.40   0.58    0.09    20.98  174.60  89698.40    11.80   6.33    0.33   513.74    0.00      0.00     0.00   0.00    0.00     0.00    0.00 100.00
nvme8n1       6585.80 139861.60    44.60   0.67    0.09    21.24  249.60  90340.80    35.40  12.42    0.23   361.94    0.00      0.00     0.00   0.00    0.00     0.00    0.00 100.00
nvme9n1       6662.00 138948.80    39.40   0.59    0.09    20.86  182.60  91710.40     6.80   3.59    0.33   502.25    0.00      0.00     0.00   0.00    0.00     0.00    0.00 100.00


Device            r/s     rkB/s   rrqm/s  %rrqm r_await rareq-sz     w/s     wkB/s   wrqm/s  %wrqm w_await wareq-sz     d/s     dkB/s   drqm/s  %drqm d_await dareq-sz  aqu-sz  %util
dm-0             0.00      0.00     0.00   0.00    0.00     0.00    1.60      6.40     0.00   0.00    0.00     4.00    0.00      0.00     0.00   0.00    0.00     0.00    0.00   0.08
loop0            0.00      0.00     0.00   0.00    0.00     0.00    0.00      0.00     0.00   0.00    0.00     0.00    0.00      0.00     0.00   0.00    0.00     0.00    0.00   0.00
loop1            0.00      0.00     0.00   0.00    0.00     0.00    0.00      0.00     0.00   0.00    0.00     0.00    0.00      0.00     0.00   0.00    0.00     0.00    0.00   0.00
loop2            0.00      0.00     0.00   0.00    0.00     0.00    0.00      0.00     0.00   0.00    0.00     0.00    0.00      0.00     0.00   0.00    0.00     0.00    0.00   0.00
loop3            0.00      0.00     0.00   0.00    0.00     0.00    0.00      0.00     0.00   0.00    0.00     0.00    0.00      0.00     0.00   0.00    0.00     0.00    0.00   0.00
loop4            0.00      0.00     0.00   0.00    0.00     0.00    0.00      0.00     0.00   0.00    0.00     0.00    0.00      0.00     0.00   0.00    0.00     0.00    0.00   0.00
loop5            0.00      0.00     0.00   0.00    0.00     0.00    0.00      0.00     0.00   0.00    0.00     0.00    0.00      0.00     0.00   0.00    0.00     0.00    0.00   0.00
loop6            0.00      0.00     0.00   0.00    0.00     0.00    0.00      0.00     0.00   0.00    0.00     0.00    0.00      0.00     0.00   0.00    0.00     0.00    0.00   0.00
loop7            0.00      0.00     0.00   0.00    0.00     0.00    0.00      0.00     0.00   0.00    0.00     0.00    0.00      0.00     0.00   0.00    0.00     0.00    0.00   0.00
md0           192130.40 3816062.40     0.00   0.00    0.00    19.86 4321.60 2228332.00     0.00   0.00    0.00   515.63    0.00      0.00     0.00   0.00    0.00     0.00    0.00   0.00
nvme0n1          0.00      0.00     0.00   0.00    0.00     0.00    0.40      6.40     1.20  75.00    0.00    16.00    0.00      0.00     0.00   0.00    0.00     0.00    0.00   0.08
nvme10n1      6330.00 116826.40    33.00   0.52    0.08    18.46  153.40  73209.60     1.40   0.90    0.16   477.25    0.00      0.00     0.00   0.00    0.00     0.00    0.00  95.68
nvme11n1      6333.60 117596.00    29.60   0.47    0.08    18.57  139.20  72938.40     0.80   0.57    0.17   523.98    0.00      0.00     0.00   0.00    0.00     0.00    0.00  94.64
nvme12n1      6240.40 116714.40    34.00   0.54    0.08    18.70  139.00  72291.20     0.80   0.57    0.16   520.08    0.00      0.00     0.00   0.00    0.00     0.00    0.00  93.92
nvme13n1      6003.20 114390.40    30.20   0.50    0.09    19.05  139.40  71240.00     0.60   0.43    0.33   511.05    0.00      0.00     0.00   0.00    0.00     0.00    0.00  94.16
nvme14n1      6073.60 114343.20    33.80   0.55    0.08    18.83  139.00  70939.20     0.80   0.57    0.16   510.35    0.00      0.00     0.00   0.00    0.00     0.00    0.00  95.20
nvme15n1      6057.80 113116.80    31.20   0.51    0.08    18.67  133.00  69977.60     0.60   0.45    0.30   526.15    0.00      0.00     0.00   0.00    0.00     0.00    0.00  93.76
nvme16n1      6028.60 112835.20    31.40   0.52    0.08    18.72  131.40  69484.80     0.60   0.45    0.17   528.80    0.00      0.00     0.00   0.00    0.00     0.00    0.00  94.56
nvme17n1      6088.40 113256.00    32.20   0.53    0.08    18.60  133.20  70816.00     0.60   0.45    0.30   531.65    0.00      0.00     0.00   0.00    0.00     0.00    0.00  94.96
nvme18n1      6104.60 113228.00    32.60   0.53    0.08    18.55  135.80  71702.40     0.60   0.44    0.35   528.00    0.00      0.00     0.00   0.00    0.00     0.00    0.00  94.40
nvme19n1      6170.80 115270.40    33.60   0.54    0.08    18.68  139.60  73030.40     0.60   0.43    0.31   523.14    0.00      0.00     0.00   0.00    0.00     0.00    0.00  95.04
nvme1n1       6032.20 109815.20    32.80   0.54    0.08    18.20  128.00  66502.40     0.60   0.47    0.33   519.55    0.00      0.00     0.00   0.00    0.00     0.00    0.00  94.64
nvme20n1      6142.20 114348.00    31.20   0.51    0.09    18.62  136.60  72416.00     0.60   0.44    0.35   530.13    0.00      0.00     0.00   0.00    0.00     0.00    0.00  94.24
nvme21n1      6274.60 116364.80    32.60   0.52    0.08    18.55  138.80  72272.80     0.40   0.29    0.29   520.70    0.00      0.00     0.00   0.00    0.00     0.00    0.00  93.76
nvme22n1      6332.00 117932.00    33.40   0.52    0.08    18.62  135.60  71628.00     0.40   0.29    0.32   528.23    0.00      0.00     0.00   0.00    0.00     0.00    0.00  94.80
nvme23n1      6310.60 118396.00    33.00   0.52    0.08    18.76  136.40  71564.00     0.60   0.44    0.17   524.66    0.00      0.00     0.00   0.00    0.00     0.00    0.00  94.16
nvme24n1      6226.40 115412.80    33.40   0.53    0.08    18.54  131.20  69536.00     0.40   0.30    0.16   530.00    0.00      0.00     0.00   0.00    0.00     0.00    0.00  94.48
nvme25n1      6208.00 115133.60    31.20   0.50    0.08    18.55  127.40  67416.00     0.40   0.31    0.33   529.17    0.00      0.00     0.00   0.00    0.00     0.00    0.00  95.04
nvme26n1      6116.60 113992.00    34.00   0.55    0.08    18.64  127.80  66615.20     0.40   0.31    0.31   521.25    0.00      0.00     0.00   0.00    0.00     0.00    0.00  94.56
nvme27n1      6173.60 113160.00    31.00   0.50    0.08    18.33  128.20  66228.00     0.40   0.31    0.37   516.60    0.00      0.00     0.00   0.00    0.00     0.00    0.00  95.12
nvme28n1      6207.20 114152.00    33.60   0.54    0.08    18.39  133.20  66898.40     0.60   0.45    0.31   502.24    0.00      0.00     0.00   0.00    0.00     0.00    0.00  95.04
nvme29n1      6132.20 112175.20    30.60   0.50    0.08    18.29  131.40  68170.40     0.60   0.45    0.30   518.80    0.00      0.00     0.00   0.00    0.00     0.00    0.00  94.88
nvme2n1       5977.60 107576.80    32.00   0.53    0.08    18.00  126.80  66168.80     0.60   0.47    0.34   521.84    0.00      0.00     0.00   0.00    0.00     0.00    0.00  95.12
nvme30n1      6108.00 112072.00    33.40   0.54    0.08    18.35  129.60  68232.00     0.60   0.46    0.17   526.48    0.00      0.00     0.00   0.00    0.00     0.00    0.00  94.64
nvme31n1      6081.00 110630.40    29.20   0.48    0.08    18.19  132.00  67240.00     0.60   0.45    0.30   509.39    0.00      0.00     0.00   0.00    0.00     0.00    0.00  94.80
nvme3n1       6108.00 109440.00    29.00   0.47    0.08    17.92  128.20  66385.60     0.60   0.47    0.32   517.83    0.00      0.00     0.00   0.00    0.00     0.00    0.00  95.28
nvme4n1       6086.20 109704.00    31.00   0.51    0.08    18.03  125.00  66604.00     0.80   0.64    0.33   532.83    0.00      0.00     0.00   0.00    0.00     0.00    0.00  94.40
nvme5n1       6171.80 110100.80    29.40   0.47    0.08    17.84  165.40  68749.60     2.20   1.31    0.26   415.66    0.00      0.00     0.00   0.00    0.00     0.00    0.00  94.72
nvme6n1       6165.20 111195.20    31.20   0.50    0.08    18.04  142.80  68966.40     1.20   0.83    0.29   482.96    0.00      0.00     0.00   0.00    0.00     0.00    0.00  94.56
nvme7n1       6243.00 113746.40    29.60   0.47    0.09    18.22  131.80  70393.60     0.40   0.30    0.34   534.09    0.00      0.00     0.00   0.00    0.00     0.00    0.00  94.32
nvme8n1       6321.60 115948.00    32.40   0.51    0.08    18.34  185.20  72586.40     0.40   0.22    0.24   391.94    0.00      0.00     0.00   0.00    0.00     0.00    0.00  96.00
nvme9n1       6285.60 114427.20    29.60   0.47    0.08    18.20  137.80  72313.60     0.40   0.29    0.33   524.77    0.00      0.00     0.00   0.00    0.00     0.00    0.00  94.48


Device            r/s     rkB/s   rrqm/s  %rrqm r_await rareq-sz     w/s     wkB/s   wrqm/s  %wrqm w_await wareq-sz     d/s     dkB/s   drqm/s  %drqm d_await dareq-sz  aqu-sz  %util
dm-0             0.00      0.00     0.00   0.00    0.00     0.00    6.80     28.00     0.00   0.00    0.00     4.12    0.00      0.00     0.00   0.00    0.00     0.00    0.00   0.16
loop0            0.00      0.00     0.00   0.00    0.00     0.00    0.00      0.00     0.00   0.00    0.00     0.00    0.00      0.00     0.00   0.00    0.00     0.00    0.00   0.00
loop1            0.00      0.00     0.00   0.00    0.00     0.00    0.00      0.00     0.00   0.00    0.00     0.00    0.00      0.00     0.00   0.00    0.00     0.00    0.00   0.00
loop2            0.00      0.00     0.00   0.00    0.00     0.00    0.00      0.00     0.00   0.00    0.00     0.00    0.00      0.00     0.00   0.00    0.00     0.00    0.00   0.00
loop3            0.00      0.00     0.00   0.00    0.00     0.00    0.00      0.00     0.00   0.00    0.00     0.00    0.00      0.00     0.00   0.00    0.00     0.00    0.00   0.00
loop4            0.00      0.00     0.00   0.00    0.00     0.00    0.00      0.00     0.00   0.00    0.00     0.00    0.00      0.00     0.00   0.00    0.00     0.00    0.00   0.00
loop5            0.00      0.00     0.00   0.00    0.00     0.00    0.00      0.00     0.00   0.00    0.00     0.00    0.00      0.00     0.00   0.00    0.00     0.00    0.00   0.00
loop6            0.00      0.00     0.00   0.00    0.00     0.00    0.00      0.00     0.00   0.00    0.00     0.00    0.00      0.00     0.00   0.00    0.00     0.00    0.00   0.00
loop7            0.00      0.00     0.00   0.00    0.00     0.00    0.00      0.00     0.00   0.00    0.00     0.00    0.00      0.00     0.00   0.00    0.00     0.00    0.00   0.00
md0           167144.00 5312304.80     0.00   0.00    0.00    31.78 7859.00 3625795.20     0.00   0.00    0.00   461.36    0.00      0.00     0.00   0.00    0.00     0.00    0.00   0.00
nvme0n1          0.00      0.00     0.00   0.00    0.00     0.00    6.00     28.00     0.80  11.76    0.03     4.67    0.00      0.00     0.00   0.00    0.00     0.00    0.00   0.16
nvme10n1      5143.20 150321.60    58.80   1.13    0.09    29.23  257.20 113639.20    14.60   5.37    0.24   441.83    0.00      0.00     0.00   0.00    0.00     0.00    0.00 100.00
nvme11n1      5213.00 153162.40    58.80   1.12    0.09    29.38  236.80 115411.20     4.60   1.91    0.18   487.38    0.00      0.00     0.00   0.00    0.00     0.00    0.00 100.00
nvme12n1      5246.20 151552.80    58.80   1.11    0.08    28.89  240.60 115388.80     8.40   3.37    0.17   479.59    0.00      0.00     0.00   0.00    0.00     0.00    0.00 100.00
nvme13n1      5253.20 151715.20    56.40   1.06    0.10    28.88  241.40 114832.80     4.60   1.87    0.36   475.70    0.00      0.00     0.00   0.00    0.00     0.00    0.00 100.00
nvme14n1      5305.80 151301.60    58.80   1.10    0.08    28.52  256.00 115802.40     7.40   2.81    0.16   452.35    0.00      0.00     0.00   0.00    0.00     0.00    0.00  99.92
nvme15n1      5299.60 152651.20    57.20   1.07    0.09    28.80  240.80 115656.80     5.80   2.35    0.32   480.30    0.00      0.00     0.00   0.00    0.00     0.00    0.00 100.00
nvme16n1      5292.00 154439.20    60.80   1.14    0.08    29.18  235.80 114198.40     6.60   2.72    0.17   484.30    0.00      0.00     0.00   0.00    0.00     0.00    0.00 100.00
nvme17n1      5325.00 156352.80    58.40   1.08    0.09    29.36  238.60 113613.60     2.60   1.08    0.32   476.17    0.00      0.00     0.00   0.00    0.00     0.00    0.00  99.92
nvme18n1      5388.20 157937.60    61.20   1.12    0.09    29.31  238.00 112390.40     6.00   2.46    0.36   472.23    0.00      0.00     0.00   0.00    0.00     0.00    0.00 100.00
nvme19n1      5449.20 158557.60    60.80   1.10    0.09    29.10  233.60 112120.00     6.00   2.50    0.33   479.97    0.00      0.00     0.00   0.00    0.00     0.00    0.00 100.00
nvme1n1       5285.20 150285.60    60.60   1.13    0.09    28.44  227.40 112002.40     4.20   1.81    0.34   492.53    0.00      0.00     0.00   0.00    0.00     0.00    0.00 100.00
nvme20n1      5488.80 158048.00    62.40   1.12    0.09    28.79  233.80 113964.00    10.80   4.42    0.37   487.44    0.00      0.00     0.00   0.00    0.00     0.00    0.00 100.00
nvme21n1      5507.00 159677.60    61.00   1.10    0.09    29.00  237.20 115224.00     7.60   3.10    0.31   485.77    0.00      0.00     0.00   0.00    0.00     0.00    0.00 100.00
nvme22n1      5510.60 158856.80    62.20   1.12    0.09    28.83  242.00 116500.80     9.20   3.66    0.34   481.41    0.00      0.00     0.00   0.00    0.00     0.00    0.00 100.00
nvme23n1      5384.40 156392.80    59.20   1.09    0.09    29.05  233.20 113981.60     4.20   1.77    0.18   488.77    0.00      0.00     0.00   0.00    0.00     0.00    0.00 100.00
nvme24n1      5417.40 156938.40    62.20   1.14    0.08    28.97  237.40 114652.80    11.60   4.66    0.17   482.95    0.00      0.00     0.00   0.00    0.00     0.00    0.00 100.00
nvme25n1      5354.60 153088.00    58.60   1.08    0.09    28.59  225.40 112168.00     3.00   1.31    0.35   497.64    0.00      0.00     0.00   0.00    0.00     0.00    0.00 100.00
nvme26n1      5313.40 152408.80    60.00   1.12    0.09    28.68  238.80 113516.00     7.20   2.93    0.33   475.36    0.00      0.00     0.00   0.00    0.00     0.00    0.00 100.00
nvme27n1      5303.40 152092.80    57.00   1.06    0.09    28.68  231.80 112715.20     3.00   1.28    0.35   486.26    0.00      0.00     0.00   0.00    0.00     0.00    0.00 100.00
nvme28n1      5296.60 152100.80    61.80   1.15    0.09    28.72  232.80 112618.40     4.40   1.85    0.36   483.76    0.00      0.00     0.00   0.00    0.00     0.00    0.00 100.00
nvme29n1      5337.00 153012.80    57.80   1.07    0.09    28.67  234.20 113124.00     5.80   2.42    0.33   483.02    0.00      0.00     0.00   0.00    0.00     0.00    0.00  99.92
nvme2n1       5381.00 153835.20    59.20   1.09    0.09    28.59  234.60 114565.60     6.80   2.82    0.36   488.34    0.00      0.00     0.00   0.00    0.00     0.00    0.00  99.92
nvme30n1      5336.40 151746.40    59.60   1.10    0.09    28.44  233.00 111874.40     6.60   2.75    0.18   480.15    0.00      0.00     0.00   0.00    0.00     0.00    0.00 100.00
nvme31n1      5315.00 152096.00    57.80   1.08    0.09    28.62  228.20 111703.20     4.00   1.72    0.32   489.50    0.00      0.00     0.00   0.00    0.00     0.00    0.00 100.00
nvme3n1       5299.40 153511.20    61.00   1.14    0.09    28.97  234.40 115647.20     4.40   1.84    0.36   493.38    0.00      0.00     0.00   0.00    0.00     0.00    0.00  99.92
nvme4n1       5359.80 152639.20    59.80   1.10    0.09    28.48  237.40 116882.40     3.20   1.33    0.35   492.34    0.00      0.00     0.00   0.00    0.00     0.00    0.00 100.08
nvme5n1       5379.60 154687.20    58.20   1.07    0.09    28.75  301.00 117580.80    12.40   3.96    0.28   390.63    0.00      0.00     0.00   0.00    0.00     0.00    0.00  99.92
nvme6n1       5353.60 154208.80    60.60   1.12    0.09    28.80  267.60 116510.40    23.00   7.91    0.31   435.39    0.00      0.00     0.00   0.00    0.00     0.00    0.00 100.00
nvme7n1       5174.40 151509.60    56.60   1.08    0.09    29.28  233.60 113876.00     5.80   2.42    0.36   487.48    0.00      0.00     0.00   0.00    0.00     0.00    0.00 100.00
nvme8n1       5274.20 153582.40    60.00   1.12    0.09    29.12  321.20 114653.60    31.80   9.01    0.25   356.95    0.00      0.00     0.00   0.00    0.00     0.00    0.00 100.08
nvme9n1       5325.80 153390.40    57.80   1.07    0.09    28.80  238.00 114066.40     3.40   1.41    0.36   479.27    0.00      0.00     0.00   0.00    0.00     0.00    0.00 100.00


Device            r/s     rkB/s   rrqm/s  %rrqm r_await rareq-sz     w/s     wkB/s   wrqm/s  %wrqm w_await wareq-sz     d/s     dkB/s   drqm/s  %drqm d_await dareq-sz  aqu-sz  %util
dm-0           343.40   4475.20     0.00   0.00    0.06    13.03    3.80     16.80     0.00   0.00    0.00     4.42    0.00      0.00     0.00   0.00    0.00     0.00    0.02   2.88
loop0            0.00      0.00     0.00   0.00    0.00     0.00    0.00      0.00     0.00   0.00    0.00     0.00    0.00      0.00     0.00   0.00    0.00     0.00    0.00   0.00
loop1            0.00      0.00     0.00   0.00    0.00     0.00    0.00      0.00     0.00   0.00    0.00     0.00    0.00      0.00     0.00   0.00    0.00     0.00    0.00   0.00
loop2            0.00      0.00     0.00   0.00    0.00     0.00    0.00      0.00     0.00   0.00    0.00     0.00    0.00      0.00     0.00   0.00    0.00     0.00    0.00   0.00
loop3            0.00      0.00     0.00   0.00    0.00     0.00    0.00      0.00     0.00   0.00    0.00     0.00    0.00      0.00     0.00   0.00    0.00     0.00    0.00   0.00
loop4            0.00      0.00     0.00   0.00    0.00     0.00    0.00      0.00     0.00   0.00    0.00     0.00    0.00      0.00     0.00   0.00    0.00     0.00    0.00   0.00
loop5            0.00      0.00     0.00   0.00    0.00     0.00    0.00      0.00     0.00   0.00    0.00     0.00    0.00      0.00     0.00   0.00    0.00     0.00    0.00   0.00
loop6            0.00      0.00     0.00   0.00    0.00     0.00    0.00      0.00     0.00   0.00    0.00     0.00    0.00      0.00     0.00   0.00    0.00     0.00    0.00   0.00
loop7            0.00      0.00     0.00   0.00    0.00     0.00    0.00      0.00     0.00   0.00    0.00     0.00    0.00      0.00     0.00   0.00    0.00     0.00    0.00   0.00
md0           199122.40 3726905.60     0.00   0.00    0.00    18.72 4534.60 2114839.20     0.00   0.00    0.00   466.38    0.00      0.00     0.00   0.00    0.00     0.00    0.00   0.00
nvme0n1        202.00   4475.20   141.40  41.18    0.09    22.15    1.00     16.80     2.80  73.68    0.20    16.80    0.00      0.00     0.00   0.00    0.00     0.00    0.00   2.88
nvme10n1      6337.40 109475.20    38.80   0.61    0.08    17.27  149.80  63332.80     3.80   2.47    0.27   422.78    0.00      0.00     0.00   0.00    0.00     0.00    0.00  97.20
nvme11n1      6336.60 110376.80    41.20   0.65    0.08    17.42  136.60  63792.00     2.40   1.73    0.17   467.00    0.00      0.00     0.00   0.00    0.00     0.00    0.00  97.44
nvme12n1      6372.60 112623.20    41.40   0.65    0.08    17.67  139.40  66156.00     2.40   1.69    0.16   474.58    0.00      0.00     0.00   0.00    0.00     0.00    0.00  96.72
nvme13n1      6329.20 111463.20    43.00   0.67    0.08    17.61  142.80  66492.00     2.60   1.79    0.32   465.63    0.00      0.00     0.00   0.00    0.00     0.00    0.00  97.36
nvme14n1      6366.80 112616.80    41.80   0.65    0.08    17.69  140.20  65997.60     2.40   1.68    0.17   470.74    0.00      0.00     0.00   0.00    0.00     0.00    0.00  97.44
nvme15n1      6243.20 110525.60    42.60   0.68    0.08    17.70  139.60  66551.20     2.60   1.83    0.31   476.73    0.00      0.00     0.00   0.00    0.00     0.00    0.00  97.28
nvme16n1      6232.60 109084.00    39.40   0.63    0.08    17.50  140.00  67069.60     2.20   1.55    0.17   479.07    0.00      0.00     0.00   0.00    0.00     0.00    0.00  97.12
nvme17n1      6193.60 108836.80    42.20   0.68    0.08    17.57  134.20  65663.20     2.00   1.47    0.30   489.29    0.00      0.00     0.00   0.00    0.00     0.00    0.00  97.20
nvme18n1      6322.00 110960.80    40.40   0.63    0.08    17.55  137.60  66863.20     2.20   1.57    0.34   485.92    0.00      0.00     0.00   0.00    0.00     0.00    0.00  96.56
nvme19n1      6295.60 109604.80    41.00   0.65    0.08    17.41  138.20  66736.00     2.00   1.43    0.31   482.89    0.00      0.00     0.00   0.00    0.00     0.00    0.00  96.40
nvme1n1       6667.40 114386.40    39.20   0.58    0.08    17.16  138.20  65612.80     2.40   1.71    0.33   474.77    0.00      0.00     0.00   0.00    0.00     0.00    0.00  97.12
nvme20n1      6336.40 109246.40    38.20   0.60    0.08    17.24  137.00  66886.40     2.00   1.44    0.34   488.22    0.00      0.00     0.00   0.00    0.00     0.00    0.00  96.96
nvme21n1      6396.60 109195.20    39.60   0.62    0.08    17.07  138.40  66977.60     2.00   1.42    0.29   483.94    0.00      0.00     0.00   0.00    0.00     0.00    0.00  96.56
nvme22n1      6328.00 108169.60    38.60   0.61    0.08    17.09  136.40  66096.00     2.00   1.45    0.32   484.57    0.00      0.00     0.00   0.00    0.00     0.00    0.00  96.96
nvme23n1      6327.80 108745.60    39.60   0.62    0.08    17.19  133.60  65297.60     2.00   1.47    0.18   488.75    0.00      0.00     0.00   0.00    0.00     0.00    0.00  96.80
nvme24n1      6385.40 110824.00    39.80   0.62    0.08    17.36  135.20  64874.40     2.00   1.46    0.17   479.84    0.00      0.00     0.00   0.00    0.00     0.00    0.00  96.80
nvme25n1      6516.80 112716.00    42.00   0.64    0.08    17.30  138.00  66852.80     2.20   1.57    0.33   484.44    0.00      0.00     0.00   0.00    0.00     0.00    0.00  97.04
nvme26n1      6503.20 112840.00    40.60   0.62    0.08    17.35  142.60  67609.60     2.20   1.52    0.33   474.12    0.00      0.00     0.00   0.00    0.00     0.00    0.00  96.96
nvme27n1      6442.80 110920.00    41.80   0.64    0.08    17.22  137.40  66364.80     2.20   1.58    0.17   483.00    0.00      0.00     0.00   0.00    0.00     0.00    0.00  97.52
nvme28n1      6478.00 112176.00    38.80   0.60    0.08    17.32  143.60  66542.40     2.20   1.51    0.33   463.39    0.00      0.00     0.00   0.00    0.00     0.00    0.00  96.88
nvme29n1      6381.40 111477.60    43.80   0.68    0.08    17.47  142.00  65858.40     2.20   1.53    0.31   463.79    0.00      0.00     0.00   0.00    0.00     0.00    0.00  96.96
nvme2n1       6653.40 114620.00    45.60   0.68    0.08    17.23  140.60  66062.40     2.40   1.68    0.33   469.86    0.00      0.00     0.00   0.00    0.00     0.00    0.00  96.80
nvme30n1      6527.80 113397.60    37.80   0.58    0.08    17.37  137.40  66404.00     2.40   1.72    0.30   483.29    0.00      0.00     0.00   0.00    0.00     0.00    0.00  97.12
nvme31n1      6435.80 111716.80    43.20   0.67    0.08    17.36  135.80  64616.00     2.40   1.74    0.30   475.82    0.00      0.00     0.00   0.00    0.00     0.00    0.00  97.04
nvme3n1       6487.20 111916.80    41.20   0.63    0.08    17.25  141.60  66471.20     2.20   1.53    0.34   469.43    0.00      0.00     0.00   0.00    0.00     0.00    0.00  97.12
nvme4n1       6555.80 112923.20    43.20   0.65    0.08    17.22  142.40  67247.20     2.20   1.52    0.33   472.24    0.00      0.00     0.00   0.00    0.00     0.00    0.00  96.80
nvme5n1       6456.40 110878.40    39.40   0.61    0.08    17.17  175.60  65247.20     4.40   2.44    0.27   371.57    0.00      0.00     0.00   0.00    0.00     0.00    0.00  97.04
nvme6n1       6246.20 107948.80    38.80   0.62    0.08    17.28  143.60  63628.80     3.40   2.31    0.30   443.10    0.00      0.00     0.00   0.00    0.00     0.00    0.00  96.80
nvme7n1       6272.20 106937.60    39.20   0.62    0.08    17.05  138.60  64855.20     2.20   1.56    0.33   467.93    0.00      0.00     0.00   0.00    0.00     0.00    0.00  97.44
nvme8n1       6217.20 106865.60    37.00   0.59    0.08    17.19  187.20  64961.60     2.40   1.27    0.23   347.02    0.00      0.00     0.00   0.00    0.00     0.00    0.00  97.20
nvme9n1       6219.20 106844.80    38.40   0.61    0.08    17.18  135.40  62452.80     2.40   1.74    0.32   461.25    0.00      0.00     0.00   0.00    0.00     0.00    0.00  97.44


Device            r/s     rkB/s   rrqm/s  %rrqm r_await rareq-sz     w/s     wkB/s   wrqm/s  %wrqm w_await wareq-sz     d/s     dkB/s   drqm/s  %drqm d_await dareq-sz  aqu-sz  %util
dm-0             0.00      0.00     0.00   0.00    0.00     0.00    3.00     12.00     0.00   0.00    0.00     4.00    0.00      0.00     0.00   0.00    0.00     0.00    0.00   0.08
loop0            0.00      0.00     0.00   0.00    0.00     0.00    0.00      0.00     0.00   0.00    0.00     0.00    0.00      0.00     0.00   0.00    0.00     0.00    0.00   0.00
loop1            0.00      0.00     0.00   0.00    0.00     0.00    0.00      0.00     0.00   0.00    0.00     0.00    0.00      0.00     0.00   0.00    0.00     0.00    0.00   0.00
loop2            0.00      0.00     0.00   0.00    0.00     0.00    0.00      0.00     0.00   0.00    0.00     0.00    0.00      0.00     0.00   0.00    0.00     0.00    0.00   0.00
loop3            0.00      0.00     0.00   0.00    0.00     0.00    0.00      0.00     0.00   0.00    0.00     0.00    0.00      0.00     0.00   0.00    0.00     0.00    0.00   0.00
loop4            0.00      0.00     0.00   0.00    0.00     0.00    0.00      0.00     0.00   0.00    0.00     0.00    0.00      0.00     0.00   0.00    0.00     0.00    0.00   0.00
loop5            0.00      0.00     0.00   0.00    0.00     0.00    0.00      0.00     0.00   0.00    0.00     0.00    0.00      0.00     0.00   0.00    0.00     0.00    0.00   0.00
loop6            0.00      0.00     0.00   0.00    0.00     0.00    0.00      0.00     0.00   0.00    0.00     0.00    0.00      0.00     0.00   0.00    0.00     0.00    0.00   0.00
loop7            0.00      0.00     0.00   0.00    0.00     0.00    0.00      0.00     0.00   0.00    0.00     0.00    0.00      0.00     0.00   0.00    0.00     0.00    0.00   0.00
md0           126944.00 4952330.40     0.00   0.00    0.00    39.01 8112.60 3555001.60     0.00   0.00    0.00   438.21    0.00      0.00     0.00   0.00    0.00     0.00    0.00   0.00
nvme0n1          0.00      0.00     0.00   0.00    0.00     0.00    0.40     12.00     2.60  86.67    0.00    30.00    0.00      0.00     0.00   0.00    0.00     0.00    0.00   0.08
nvme10n1      4108.60 145111.20    73.20   1.75    0.10    35.32  267.80 115003.20    11.00   3.95    0.29   429.44    0.00      0.00     0.00   0.00    0.00     0.00    0.00  89.84
nvme11n1      4105.80 143474.40    66.20   1.59    0.09    34.94  253.20 115601.60     9.20   3.51    0.18   456.56    0.00      0.00     0.00   0.00    0.00     0.00    0.00  89.92
nvme12n1      4034.40 144603.20    73.20   1.78    0.09    35.84  250.00 114488.00     7.00   2.72    0.17   457.95    0.00      0.00     0.00   0.00    0.00     0.00    0.00  90.16
nvme13n1      4150.40 144703.20    64.60   1.53    0.10    34.86  248.80 114232.80    10.20   3.94    0.37   459.14    0.00      0.00     0.00   0.00    0.00     0.00    0.00  89.36
nvme14n1      4183.80 146242.40    70.80   1.66    0.09    34.95  251.00 114245.60     5.60   2.18    0.17   455.16    0.00      0.00     0.00   0.00    0.00     0.00    0.00  90.24
nvme15n1      4121.80 145281.60    68.20   1.63    0.10    35.25  260.40 113266.40     8.80   3.27    0.31   434.97    0.00      0.00     0.00   0.00    0.00     0.00    0.00  89.84
nvme16n1      4086.00 144341.60    70.00   1.68    0.09    35.33  242.20 112712.80     6.20   2.50    0.17   465.37    0.00      0.00     0.00   0.00    0.00     0.00    0.00  89.12
nvme17n1      4058.40 142624.00    66.00   1.60    0.10    35.14  240.00 111869.60     8.60   3.46    0.33   466.12    0.00      0.00     0.00   0.00    0.00     0.00    0.00  89.36
nvme18n1      4047.80 142352.80    68.20   1.66    0.10    35.17  239.40 111774.40     8.20   3.31    0.37   466.89    0.00      0.00     0.00   0.00    0.00     0.00    0.00  89.44
nvme19n1      4136.20 146487.20    65.20   1.55    0.10    35.42  244.00 113604.80     7.80   3.10    0.33   465.59    0.00      0.00     0.00   0.00    0.00     0.00    0.00  90.08
nvme1n1       3997.40 142603.20    67.60   1.66    0.10    35.67  238.00 110605.60     8.20   3.33    0.37   464.73    0.00      0.00     0.00   0.00    0.00     0.00    0.00  90.08
nvme20n1      4035.40 144248.00    70.00   1.71    0.10    35.75  240.00 110849.60     6.60   2.68    0.37   461.87    0.00      0.00     0.00   0.00    0.00     0.00    0.00  90.56
nvme21n1      4069.00 145116.00    67.40   1.63    0.09    35.66  239.80 111418.40     9.00   3.62    0.31   464.63    0.00      0.00     0.00   0.00    0.00     0.00    0.00  89.44
nvme22n1      4065.00 143727.20    71.60   1.73    0.10    35.36  238.00 110276.80     6.80   2.78    0.34   463.35    0.00      0.00     0.00   0.00    0.00     0.00    0.00  90.24
nvme23n1      4069.60 142065.60    63.80   1.54    0.09    34.91  238.80 110761.60    11.20   4.48    0.18   463.83    0.00      0.00     0.00   0.00    0.00     0.00    0.00  89.60
nvme24n1      4041.40 141354.40    69.40   1.69    0.09    34.98  235.80 111844.00     5.40   2.24    0.17   474.32    0.00      0.00     0.00   0.00    0.00     0.00    0.00  89.68
nvme25n1      4094.40 140671.20    64.00   1.54    0.10    34.36  243.00 111715.20    11.00   4.33    0.35   459.73    0.00      0.00     0.00   0.00    0.00     0.00    0.00  89.44
nvme26n1      4052.60 139853.60    67.80   1.65    0.10    34.51  236.40 111345.60     8.80   3.59    0.36   471.01    0.00      0.00     0.00   0.00    0.00     0.00    0.00  91.04
nvme27n1      4001.40 138126.40    62.20   1.53    0.09    34.52  246.00 111876.80    11.80   4.58    0.17   454.78    0.00      0.00     0.00   0.00    0.00     0.00    0.00  90.00
nvme28n1      4023.00 139454.40    66.80   1.63    0.10    34.66  247.00 113147.20     8.40   3.29    0.36   458.09    0.00      0.00     0.00   0.00    0.00     0.00    0.00  90.24
nvme29n1      3961.60 140060.00    64.40   1.60    0.10    35.35  252.80 114121.60     9.20   3.51    0.32   451.43    0.00      0.00     0.00   0.00    0.00     0.00    0.00  89.92
nvme2n1       3923.20 144277.60    69.20   1.73    0.10    36.78  243.00 110953.60    11.40   4.48    0.37   456.60    0.00      0.00     0.00   0.00    0.00     0.00    0.00  88.64
nvme30n1      3978.40 138824.80    66.60   1.65    0.10    34.89  241.80 111996.80     5.80   2.34    0.31   463.18    0.00      0.00     0.00   0.00    0.00     0.00    0.00  90.16
nvme31n1      3908.60 139444.80    65.60   1.65    0.10    35.68  241.00 110072.80     9.80   3.91    0.33   456.73    0.00      0.00     0.00   0.00    0.00     0.00    0.00  88.48
nvme3n1       3910.80 143904.00    69.20   1.74    0.10    36.80  236.20 109900.80     7.40   3.04    0.37   465.29    0.00      0.00     0.00   0.00    0.00     0.00    0.00  90.72
nvme4n1       3864.80 142588.00    68.00   1.73    0.10    36.89  239.80 110990.40     7.80   3.15    0.35   462.85    0.00      0.00     0.00   0.00    0.00     0.00    0.00  89.92
nvme5n1       3884.60 145004.80    69.20   1.75    0.10    37.33  296.80 111056.80    10.00   3.26    0.30   374.18    0.00      0.00     0.00   0.00    0.00     0.00    0.00  90.48
nvme6n1       3929.40 146252.80    71.00   1.77    0.10    37.22  267.00 112622.40    24.60   8.44    0.32   421.81    0.00      0.00     0.00   0.00    0.00     0.00    0.00  89.44
nvme7n1       4027.80 148647.20    70.40   1.72    0.10    36.91  240.40 111951.20     5.20   2.12    0.39   465.69    0.00      0.00     0.00   0.00    0.00     0.00    0.00  90.08
nvme8n1       3965.00 146759.20    71.80   1.78    0.10    37.01  298.00 111744.00    29.20   8.92    0.27   374.98    0.00      0.00     0.00   0.00    0.00     0.00    0.00  89.84
nvme9n1       3983.80 145856.80    68.80   1.70    0.10    36.61  272.20 113592.00     8.60   3.06    0.33   417.31    0.00      0.00     0.00   0.00    0.00     0.00    0.00  91.76


Device            r/s     rkB/s   rrqm/s  %rrqm r_await rareq-sz     w/s     wkB/s   wrqm/s  %wrqm w_await wareq-sz     d/s     dkB/s   drqm/s  %drqm d_await dareq-sz  aqu-sz  %util
dm-0             0.00      0.00     0.00   0.00    0.00     0.00   17.00     72.00     0.00   0.00    0.00     4.24    0.00      0.00     0.00   0.00    0.00     0.00    0.00   0.16
loop0            0.00      0.00     0.00   0.00    0.00     0.00    0.00      0.00     0.00   0.00    0.00     0.00    0.00      0.00     0.00   0.00    0.00     0.00    0.00   0.00
loop1            0.00      0.00     0.00   0.00    0.00     0.00    0.00      0.00     0.00   0.00    0.00     0.00    0.00      0.00     0.00   0.00    0.00     0.00    0.00   0.00
loop2            0.00      0.00     0.00   0.00    0.00     0.00    0.00      0.00     0.00   0.00    0.00     0.00    0.00      0.00     0.00   0.00    0.00     0.00    0.00   0.00
loop3            0.00      0.00     0.00   0.00    0.00     0.00    0.00      0.00     0.00   0.00    0.00     0.00    0.00      0.00     0.00   0.00    0.00     0.00    0.00   0.00
loop4            0.00      0.00     0.00   0.00    0.00     0.00    0.00      0.00     0.00   0.00    0.00     0.00    0.00      0.00     0.00   0.00    0.00     0.00    0.00   0.00
loop5            0.00      0.00     0.00   0.00    0.00     0.00    0.00      0.00     0.00   0.00    0.00     0.00    0.00      0.00     0.00   0.00    0.00     0.00    0.00   0.00
loop6            0.00      0.00     0.00   0.00    0.00     0.00    0.00      0.00     0.00   0.00    0.00     0.00    0.00      0.00     0.00   0.00    0.00     0.00    0.00   0.00
loop7            0.00      0.00     0.00   0.00    0.00     0.00    0.00      0.00     0.00   0.00    0.00     0.00    0.00      0.00     0.00   0.00    0.00     0.00    0.00   0.00
md0           214511.20 4426072.80     0.00   0.00    0.00    20.63 6515.80 2645867.20     0.00   0.00    0.00   406.07    0.00      0.00     0.00   0.00    0.00     0.00    0.00   0.00
nvme0n1          0.00      0.00     0.00   0.00    0.00     0.00   15.20     72.00     1.80  10.59    0.05     4.74    0.00      0.00     0.00   0.00    0.00     0.00    0.00   0.16
nvme10n1      6823.20 127654.40    42.40   0.62    0.08    18.71  209.40  80469.60     9.20   4.21    0.26   384.29    0.00      0.00     0.00   0.00    0.00     0.00    0.00 100.00
nvme11n1      6801.20 128183.20    45.40   0.66    0.08    18.85  194.60  80572.80     4.00   2.01    0.17   414.04    0.00      0.00     0.00   0.00    0.00     0.00    0.00 100.00
nvme12n1      6932.60 131000.00    43.80   0.63    0.08    18.90  192.40  81528.80     8.40   4.18    0.19   423.75    0.00      0.00     0.00   0.00    0.00     0.00    0.00 100.08
nvme13n1      6926.80 133330.40    47.20   0.68    0.09    19.25  199.60  83468.00     3.80   1.87    0.31   418.18    0.00      0.00     0.00   0.00    0.00     0.00    0.00 100.00
nvme14n1      6945.60 134083.20    47.00   0.67    0.08    19.30  200.00  85230.40     5.20   2.53    0.19   426.15    0.00      0.00     0.00   0.00    0.00     0.00    0.00 100.00
nvme15n1      6892.20 133863.20    47.00   0.68    0.09    19.42  198.60  84021.60     3.20   1.59    0.30   423.07    0.00      0.00     0.00   0.00    0.00     0.00    0.00 100.00
nvme16n1      6893.60 134827.20    47.20   0.68    0.08    19.56  197.40  84092.00     5.40   2.66    0.19   426.00    0.00      0.00     0.00   0.00    0.00     0.00    0.00 100.00
nvme17n1      6885.40 135581.60    49.20   0.71    0.08    19.69  193.20  83901.60     3.40   1.73    0.29   434.27    0.00      0.00     0.00   0.00    0.00     0.00    0.00  99.92
nvme18n1      6878.80 135724.80    49.00   0.71    0.08    19.73  195.40  85291.20     5.20   2.59    0.32   436.50    0.00      0.00     0.00   0.00    0.00     0.00    0.00  99.92
nvme19n1      6818.80 134795.20    48.00   0.70    0.09    19.77  195.20  84930.40     4.20   2.11    0.30   435.09    0.00      0.00     0.00   0.00    0.00     0.00    0.00 100.00
nvme1n1       6938.80 133635.20    47.80   0.68    0.09    19.26  201.20  85333.60     5.20   2.52    0.32   424.12    0.00      0.00     0.00   0.00    0.00     0.00    0.00 100.08
nvme20n1      6822.60 134231.20    48.80   0.71    0.09    19.67  194.00  84676.00     5.20   2.61    0.32   436.47    0.00      0.00     0.00   0.00    0.00     0.00    0.00 100.00
nvme21n1      6846.40 132821.60    49.80   0.72    0.08    19.40  194.60  84675.20     6.20   3.09    0.29   435.12    0.00      0.00     0.00   0.00    0.00     0.00    0.00  99.92
nvme22n1      6758.80 130391.20    46.40   0.68    0.08    19.29  193.40  83524.80     5.60   2.81    0.30   431.88    0.00      0.00     0.00   0.00    0.00     0.00    0.00 100.00
nvme23n1      6705.00 130513.60    46.40   0.69    0.08    19.47  193.40  83686.40     5.20   2.62    0.17   432.71    0.00      0.00     0.00   0.00    0.00     0.00    0.00 100.00
nvme24n1      6799.00 130252.00    48.00   0.70    0.08    19.16  193.20  83723.20     4.60   2.33    0.23   433.35    0.00      0.00     0.00   0.00    0.00     0.00    0.00 100.00
nvme25n1      6702.40 128999.20    47.20   0.70    0.08    19.25  194.40  84080.80     4.40   2.21    0.31   432.51    0.00      0.00     0.00   0.00    0.00     0.00    0.00 100.00
nvme26n1      6796.60 130407.20    46.20   0.68    0.08    19.19  198.60  83784.00     5.60   2.74    0.29   421.87    0.00      0.00     0.00   0.00    0.00     0.00    0.00 100.00
nvme27n1      6914.00 132883.20    45.00   0.65    0.08    19.22  198.40  84097.60     4.40   2.17    0.16   423.88    0.00      0.00     0.00   0.00    0.00     0.00    0.00 100.00
nvme28n1      6863.40 132256.80    48.40   0.70    0.09    19.27  200.40  83540.80     6.80   3.28    0.31   416.87    0.00      0.00     0.00   0.00    0.00     0.00    0.00 100.08
nvme29n1      6961.80 133597.60    45.20   0.65    0.09    19.19  200.00  85256.80     3.40   1.67    0.30   426.28    0.00      0.00     0.00   0.00    0.00     0.00    0.00 100.00
nvme2n1       6967.40 132845.60    45.20   0.64    0.09    19.07  196.80  84586.40     4.20   2.09    0.33   429.81    0.00      0.00     0.00   0.00    0.00     0.00    0.00 100.08
nvme30n1      6905.80 132815.20    49.20   0.71    0.09    19.23  198.20  86458.40     6.40   3.13    0.29   436.22    0.00      0.00     0.00   0.00    0.00     0.00    0.00 100.00
nvme31n1      6905.80 130607.20    43.80   0.63    0.08    18.91  199.80  85365.60     4.80   2.35    0.30   427.26    0.00      0.00     0.00   0.00    0.00     0.00    0.00 100.00
nvme3n1       6841.40 131324.80    47.00   0.68    0.09    19.20  196.80  83884.00     6.20   3.05    0.33   426.24    0.00      0.00     0.00   0.00    0.00     0.00    0.00 100.00
nvme4n1       6901.00 131789.60    44.20   0.64    0.08    19.10  198.00  84766.40     5.80   2.85    0.31   428.11    0.00      0.00     0.00   0.00    0.00     0.00    0.00 100.00
nvme5n1       6878.40 131376.00    45.80   0.66    0.09    19.10  251.80  83910.40    10.60   4.04    0.25   333.24    0.00      0.00     0.00   0.00    0.00     0.00    0.00 100.08
nvme6n1       7012.80 133163.20    44.00   0.62    0.08    18.99  214.40  81755.20    19.00   8.14    0.27   381.32    0.00      0.00     0.00   0.00    0.00     0.00    0.00 100.00
nvme7n1       6987.80 132103.20    46.60   0.66    0.09    18.90  191.00  80874.40     5.40   2.75    0.31   423.43    0.00      0.00     0.00   0.00    0.00     0.00    0.00 100.00
nvme8n1       6912.80 131190.40    45.60   0.66    0.09    18.98  241.60  81439.20    28.20  10.45    0.24   337.08    0.00      0.00     0.00   0.00    0.00     0.00    0.00 100.00
nvme9n1       6860.60 128487.20    46.20   0.67    0.09    18.73  207.40  80428.80     6.20   2.90    0.30   387.80    0.00      0.00     0.00   0.00    0.00     0.00    0.00  99.92


Device            r/s     rkB/s   rrqm/s  %rrqm r_await rareq-sz     w/s     wkB/s   wrqm/s  %wrqm w_await wareq-sz     d/s     dkB/s   drqm/s  %drqm d_await dareq-sz  aqu-sz  %util
dm-0             0.00      0.00     0.00   0.00    0.00     0.00    2.80     20.80     0.00   0.00    0.00     7.43    0.00      0.00     0.00   0.00    0.00     0.00    0.00   0.16
loop0            0.00      0.00     0.00   0.00    0.00     0.00    0.00      0.00     0.00   0.00    0.00     0.00    0.00      0.00     0.00   0.00    0.00     0.00    0.00   0.00
loop1            0.00      0.00     0.00   0.00    0.00     0.00    0.00      0.00     0.00   0.00    0.00     0.00    0.00      0.00     0.00   0.00    0.00     0.00    0.00   0.00
loop2            0.00      0.00     0.00   0.00    0.00     0.00    0.00      0.00     0.00   0.00    0.00     0.00    0.00      0.00     0.00   0.00    0.00     0.00    0.00   0.00
loop3            0.00      0.00     0.00   0.00    0.00     0.00    0.00      0.00     0.00   0.00    0.00     0.00    0.00      0.00     0.00   0.00    0.00     0.00    0.00   0.00
loop4            0.00      0.00     0.00   0.00    0.00     0.00    0.00      0.00     0.00   0.00    0.00     0.00    0.00      0.00     0.00   0.00    0.00     0.00    0.00   0.00
loop5            0.00      0.00     0.00   0.00    0.00     0.00    0.00      0.00     0.00   0.00    0.00     0.00    0.00      0.00     0.00   0.00    0.00     0.00    0.00   0.00
loop6            0.00      0.00     0.00   0.00    0.00     0.00    0.00      0.00     0.00   0.00    0.00     0.00    0.00      0.00     0.00   0.00    0.00     0.00    0.00   0.00
loop7            0.00      0.00     0.00   0.00    0.00     0.00    0.00      0.00     0.00   0.00    0.00     0.00    0.00      0.00     0.00   0.00    0.00     0.00    0.00   0.00
md0           117552.60 3462105.60     0.00   0.00    0.00    29.45 5353.60 2353664.80     0.00   0.00    0.00   439.64    0.00      0.00     0.00   0.00    0.00     0.00    0.00   0.00
nvme0n1          0.00      0.00     0.00   0.00    0.00     0.00    0.60     20.80     2.20  78.57    0.00    34.67    0.00      0.00     0.00   0.00    0.00     0.00    0.00   0.16
nvme10n1      3789.20 104071.20    50.80   1.32    0.09    27.47  167.80  71399.20     9.20   5.20    0.28   425.50    0.00      0.00     0.00   0.00    0.00     0.00    0.00  82.88
nvme11n1      3715.00 102585.60    51.80   1.38    0.09    27.61  157.80  71990.40     5.60   3.43    0.17   456.21    0.00      0.00     0.00   0.00    0.00     0.00    0.00  81.68
nvme12n1      3723.20 102544.80    50.00   1.33    0.09    27.54  158.40  72555.20     6.40   3.88    0.32   458.05    0.00      0.00     0.00   0.00    0.00     0.00    0.00  81.92
nvme13n1      3758.40 101482.40    51.60   1.35    0.09    27.00  167.80  74689.60     6.20   3.56    0.35   445.11    0.00      0.00     0.00   0.00    0.00     0.00    0.00  82.80
nvme14n1      3729.00 100235.20    49.00   1.30    0.09    26.88  166.60  73912.00     5.40   3.14    0.32   443.65    0.00      0.00     0.00   0.00    0.00     0.00    0.00  82.40
nvme15n1      3775.20  98988.00    48.80   1.28    0.09    26.22  166.60  73798.40     5.20   3.03    0.31   442.97    0.00      0.00     0.00   0.00    0.00     0.00    0.00  83.28
nvme16n1      3741.80  98722.40    48.00   1.27    0.09    26.38  162.60  72757.60     6.20   3.67    0.35   447.46    0.00      0.00     0.00   0.00    0.00     0.00    0.00  81.44
nvme17n1      3724.00 100555.20    49.40   1.31    0.09    27.00  160.00  73276.80     4.80   2.91    0.31   457.98    0.00      0.00     0.00   0.00    0.00     0.00    0.00  81.68
nvme18n1      3672.60  98848.80    47.80   1.28    0.09    26.92  158.20  72512.80     4.80   2.94    0.35   458.36    0.00      0.00     0.00   0.00    0.00     0.00    0.00  81.44
nvme19n1      3673.80  97804.00    47.00   1.26    0.09    26.62  158.40  72344.80     4.20   2.58    0.34   456.72    0.00      0.00     0.00   0.00    0.00     0.00    0.00  81.84
nvme1n1       3797.20 104042.40    50.40   1.31    0.09    27.40  156.80  72557.60     6.40   3.92    0.36   462.74    0.00      0.00     0.00   0.00    0.00     0.00    0.00  83.12
nvme20n1      3687.20  97409.60    47.00   1.26    0.09    26.42  161.20  72970.40     5.60   3.36    0.37   452.67    0.00      0.00     0.00   0.00    0.00     0.00    0.00  82.48
nvme21n1      3721.60  97894.40    46.00   1.22    0.09    26.30  165.20  73446.40     4.20   2.48    0.30   444.59    0.00      0.00     0.00   0.00    0.00     0.00    0.00  82.08
nvme22n1      3701.40  97900.00    45.00   1.20    0.09    26.45  165.80  73167.20     5.80   3.38    0.33   441.30    0.00      0.00     0.00   0.00    0.00     0.00    0.00  82.32
nvme23n1      3620.40  96779.20    45.20   1.23    0.09    26.73  162.40  72760.80     3.60   2.17    0.18   448.03    0.00      0.00     0.00   0.00    0.00     0.00    0.00  82.88
nvme24n1      3762.60  98648.00    43.80   1.15    0.09    26.22  160.40  73772.00     7.60   4.52    0.34   459.93    0.00      0.00     0.00   0.00    0.00     0.00    0.00  81.84
nvme25n1      3767.20 101516.80    48.60   1.27    0.09    26.95  163.20  75451.20     3.60   2.16    0.35   462.32    0.00      0.00     0.00   0.00    0.00     0.00    0.00  82.16
nvme26n1      3807.00 102554.40    46.40   1.20    0.09    26.94  165.80  75386.40     5.40   3.15    0.34   454.68    0.00      0.00     0.00   0.00    0.00     0.00    0.00  81.60
nvme27n1      3872.20 103637.60    47.60   1.21    0.08    26.76  161.00  74249.60     4.80   2.90    0.17   461.18    0.00      0.00     0.00   0.00    0.00     0.00    0.00  81.36
nvme28n1      3876.20 103861.60    47.80   1.22    0.09    26.79  167.40  74709.60     4.60   2.67    0.34   446.29    0.00      0.00     0.00   0.00    0.00     0.00    0.00  82.00
nvme29n1      3857.20 105219.20    49.40   1.26    0.09    27.28  159.80  73128.80     4.60   2.80    0.32   457.63    0.00      0.00     0.00   0.00    0.00     0.00    0.00  82.96
nvme2n1       3665.00 102382.40    50.20   1.35    0.09    27.94  156.00  71689.60     3.80   2.38    0.37   459.55    0.00      0.00     0.00   0.00    0.00     0.00    0.00  81.84
nvme30n1      3729.00 103509.60    50.40   1.33    0.09    27.76  155.00  72390.40     6.40   3.97    0.31   467.03    0.00      0.00     0.00   0.00    0.00     0.00    0.00  81.60
nvme31n1      3735.00 103245.60    49.20   1.30    0.09    27.64  156.60  72484.00     5.80   3.57    0.32   462.86    0.00      0.00     0.00   0.00    0.00     0.00    0.00  82.32
nvme3n1       3681.40 103085.60    51.00   1.37    0.09    28.00  155.40  72470.40     5.40   3.36    0.38   466.35    0.00      0.00     0.00   0.00    0.00     0.00    0.00  82.72
nvme4n1       3707.80 103915.20    49.00   1.30    0.09    28.03  157.20  73307.20     4.40   2.72    0.34   466.33    0.00      0.00     0.00   0.00    0.00     0.00    0.00  82.16
nvme5n1       3697.40 104740.80    51.60   1.38    0.09    28.33  203.20  73364.00     7.60   3.61    0.28   361.04    0.00      0.00     0.00   0.00    0.00     0.00    0.00  82.08
nvme6n1       3748.40 106074.40    49.40   1.30    0.09    28.30  172.80  72663.20    11.80   6.39    0.31   420.50    0.00      0.00     0.00   0.00    0.00     0.00    0.00  81.52
nvme7n1       3761.80 105762.40    53.00   1.39    0.09    28.11  156.60  73064.00     6.00   3.69    0.35   466.56    0.00      0.00     0.00   0.00    0.00     0.00    0.00  81.36
nvme8n1       3813.60 106357.60    51.00   1.32    0.09    27.89  197.80  74867.20    21.00   9.60    0.27   378.50    0.00      0.00     0.00   0.00    0.00     0.00    0.00  83.04
nvme9n1       3710.60 104620.00    52.80   1.40    0.09    28.19  175.00  72452.80     7.20   3.95    0.32   414.02    0.00      0.00     0.00   0.00    0.00     0.00    0.00  82.88


Device            r/s     rkB/s   rrqm/s  %rrqm r_await rareq-sz     w/s     wkB/s   wrqm/s  %wrqm w_await wareq-sz     d/s     dkB/s   drqm/s  %drqm d_await dareq-sz  aqu-sz  %util
dm-0             0.00      0.00     0.00   0.00    0.00     0.00    2.20      8.80     0.00   0.00    0.00     4.00    0.00      0.00     0.00   0.00    0.00     0.00    0.00   0.08
loop0            0.00      0.00     0.00   0.00    0.00     0.00    0.00      0.00     0.00   0.00    0.00     0.00    0.00      0.00     0.00   0.00    0.00     0.00    0.00   0.00
loop1            0.00      0.00     0.00   0.00    0.00     0.00    0.00      0.00     0.00   0.00    0.00     0.00    0.00      0.00     0.00   0.00    0.00     0.00    0.00   0.00
loop2            0.00      0.00     0.00   0.00    0.00     0.00    0.00      0.00     0.00   0.00    0.00     0.00    0.00      0.00     0.00   0.00    0.00     0.00    0.00   0.00
loop3            0.00      0.00     0.00   0.00    0.00     0.00    0.00      0.00     0.00   0.00    0.00     0.00    0.00      0.00     0.00   0.00    0.00     0.00    0.00   0.00
loop4            0.00      0.00     0.00   0.00    0.00     0.00    0.00      0.00     0.00   0.00    0.00     0.00    0.00      0.00     0.00   0.00    0.00     0.00    0.00   0.00
loop5            0.00      0.00     0.00   0.00    0.00     0.00    0.00      0.00     0.00   0.00    0.00     0.00    0.00      0.00     0.00   0.00    0.00     0.00    0.00   0.00
loop6            0.00      0.00     0.00   0.00    0.00     0.00    0.00      0.00     0.00   0.00    0.00     0.00    0.00      0.00     0.00   0.00    0.00     0.00    0.00   0.00
loop7            0.00      0.00     0.00   0.00    0.00     0.00    0.00      0.00     0.00   0.00    0.00     0.00    0.00      0.00     0.00   0.00    0.00     0.00    0.00   0.00
md0           217917.20 4797327.20     0.00   0.00    0.00    22.01 6538.40 2917660.80     0.00   0.00    0.00   446.23    0.00      0.00     0.00   0.00    0.00     0.00    0.00   0.00
nvme0n1          0.00      0.00     0.00   0.00    0.00     0.00    0.40      8.80     1.80  81.82    0.00    22.00    0.00      0.00     0.00   0.00    0.00     0.00    0.00   0.08
nvme10n1      6896.00 138187.20    52.00   0.75    0.08    20.04  218.20  92449.60     8.00   3.54    0.28   423.69    0.00      0.00     0.00   0.00    0.00     0.00    0.00 100.00
nvme11n1      6864.60 137743.20    50.60   0.73    0.08    20.07  197.60  91140.80     4.20   2.08    0.17   461.24    0.00      0.00     0.00   0.00    0.00     0.00    0.00 100.00
nvme12n1      6959.80 138618.40    50.60   0.72    0.08    19.92  194.80  90619.20     6.40   3.18    0.32   465.19    0.00      0.00     0.00   0.00    0.00     0.00    0.00 100.00
nvme13n1      7037.00 141802.40    48.80   0.69    0.09    20.15  198.20  91686.40     4.40   2.17    0.35   462.60    0.00      0.00     0.00   0.00    0.00     0.00    0.00 100.00
nvme14n1      7082.80 141717.60    53.20   0.75    0.08    20.01  191.60  90098.40     8.20   4.10    0.33   470.24    0.00      0.00     0.00   0.00    0.00     0.00    0.00  99.84
nvme15n1      6947.00 140295.20    48.00   0.69    0.09    20.20  200.40  87960.00     4.60   2.24    0.29   438.92    0.00      0.00     0.00   0.00    0.00     0.00    0.00 100.00
nvme16n1      6766.80 137676.80    51.80   0.76    0.09    20.35  190.80  89218.40     8.40   4.22    0.35   467.60    0.00      0.00     0.00   0.00    0.00     0.00    0.00 100.00
nvme17n1      6778.80 137582.40    48.20   0.71    0.09    20.30  189.00  89767.20     3.00   1.56    0.30   474.96    0.00      0.00     0.00   0.00    0.00     0.00    0.00 100.00
nvme18n1      6955.20 140216.00    52.00   0.74    0.09    20.16  191.60  90897.60     6.40   3.23    0.36   474.41    0.00      0.00     0.00   0.00    0.00     0.00    0.00 100.00
nvme19n1      7018.00 142203.20    51.80   0.73    0.08    20.26  193.20  91758.40     4.00   2.03    0.33   474.94    0.00      0.00     0.00   0.00    0.00     0.00    0.00 100.08
nvme1n1       6848.40 140460.80    50.80   0.74    0.09    20.51  193.40  90654.40     4.80   2.42    0.35   468.74    0.00      0.00     0.00   0.00    0.00     0.00    0.00 100.00
nvme20n1      7016.60 142377.60    52.20   0.74    0.09    20.29  192.80  91427.20     6.60   3.31    0.36   474.21    0.00      0.00     0.00   0.00    0.00     0.00    0.00 100.00
nvme21n1      7081.20 144453.60    52.80   0.74    0.08    20.40  191.00  91192.00     2.80   1.44    0.30   477.45    0.00      0.00     0.00   0.00    0.00     0.00    0.00 100.00
nvme22n1      7157.20 145252.80    52.00   0.72    0.08    20.29  196.40  92653.60     8.20   4.01    0.33   471.76    0.00      0.00     0.00   0.00    0.00     0.00    0.00 100.00
nvme23n1      7171.00 145616.00    51.60   0.71    0.08    20.31  198.20  94472.00     3.20   1.59    0.17   476.65    0.00      0.00     0.00   0.00    0.00     0.00    0.00  99.92
nvme24n1      7190.20 146572.80    53.60   0.74    0.09    20.39  198.20  92500.80    12.00   5.71    0.32   466.70    0.00      0.00     0.00   0.00    0.00     0.00    0.00  99.92
nvme25n1      7137.20 146897.60    53.40   0.74    0.09    20.58  193.00  91356.00     5.20   2.62    0.33   473.35    0.00      0.00     0.00   0.00    0.00     0.00    0.00 100.08
nvme26n1      7050.00 145620.80    52.80   0.74    0.09    20.66  194.40  90261.60     8.80   4.33    0.32   464.31    0.00      0.00     0.00   0.00    0.00     0.00    0.00  99.92
nvme27n1      6986.00 144032.80    53.20   0.76    0.08    20.62  193.00  91027.20     8.00   3.98    0.17   471.64    0.00      0.00     0.00   0.00    0.00     0.00    0.00  99.92
nvme28n1      7012.40 143991.20    53.20   0.75    0.09    20.53  198.60  93042.40     7.00   3.40    0.35   468.49    0.00      0.00     0.00   0.00    0.00     0.00    0.00 100.08
nvme29n1      6875.00 141230.40    52.80   0.76    0.09    20.54  199.40  93187.20     5.20   2.54    0.32   467.34    0.00      0.00     0.00   0.00    0.00     0.00    0.00 100.00
nvme2n1       6839.60 139792.80    53.40   0.77    0.09    20.44  195.80  91392.00     4.80   2.39    0.36   466.76    0.00      0.00     0.00   0.00    0.00     0.00    0.00  99.92
nvme30n1      6848.00 140757.60    51.00   0.74    0.09    20.55  196.20  92286.40     8.00   3.92    0.31   470.37    0.00      0.00     0.00   0.00    0.00     0.00    0.00 100.00
nvme31n1      6825.40 140557.60    53.80   0.78    0.08    20.59  198.60  92681.60     6.20   3.03    0.32   466.67    0.00      0.00     0.00   0.00    0.00     0.00    0.00 100.08
nvme3n1       6978.00 140571.20    50.80   0.72    0.09    20.14  191.80  91389.60     5.60   2.84    0.36   476.48    0.00      0.00     0.00   0.00    0.00     0.00    0.00  99.92
nvme4n1       7083.00 142538.40    53.80   0.75    0.09    20.12  195.60  93188.00     4.60   2.30    0.34   476.42    0.00      0.00     0.00   0.00    0.00     0.00    0.00 100.00
nvme5n1       7002.00 141198.40    49.40   0.70    0.09    20.17  252.40  93651.20    11.80   4.47    0.28   371.04    0.00      0.00     0.00   0.00    0.00     0.00    0.00 100.00
nvme6n1       6987.20 141123.20    52.80   0.75    0.09    20.20  223.40  92500.00    16.20   6.76    0.30   414.06    0.00      0.00     0.00   0.00    0.00     0.00    0.00 100.00
nvme7n1       7058.40 141688.80    52.00   0.73    0.09    20.07  195.40  92514.40    10.40   5.05    0.36   473.46    0.00      0.00     0.00   0.00    0.00     0.00    0.00 100.00
nvme8n1       6955.00 140484.00    53.20   0.76    0.09    20.20  235.40  91993.60    28.20  10.70    0.27   390.80    0.00      0.00     0.00   0.00    0.00     0.00    0.00 100.08
nvme9n1       6904.80 139080.80    51.80   0.74    0.09    20.14  225.20  91180.80     6.80   2.93    0.30   404.89    0.00      0.00     0.00   0.00    0.00     0.00    0.00 100.00


Device            r/s     rkB/s   rrqm/s  %rrqm r_await rareq-sz     w/s     wkB/s   wrqm/s  %wrqm w_await wareq-sz     d/s     dkB/s   drqm/s  %drqm d_await dareq-sz  aqu-sz  %util
dm-0             2.20      8.80     0.00   0.00    0.00     4.00    1.60      6.40     0.00   0.00    0.00     4.00    0.00      0.00     0.00   0.00    0.00     0.00    0.00   0.16
loop0            0.00      0.00     0.00   0.00    0.00     0.00    0.00      0.00     0.00   0.00    0.00     0.00    0.00      0.00     0.00   0.00    0.00     0.00    0.00   0.00
loop1            0.00      0.00     0.00   0.00    0.00     0.00    0.00      0.00     0.00   0.00    0.00     0.00    0.00      0.00     0.00   0.00    0.00     0.00    0.00   0.00
loop2            0.00      0.00     0.00   0.00    0.00     0.00    0.00      0.00     0.00   0.00    0.00     0.00    0.00      0.00     0.00   0.00    0.00     0.00    0.00   0.00
loop3            0.00      0.00     0.00   0.00    0.00     0.00    0.00      0.00     0.00   0.00    0.00     0.00    0.00      0.00     0.00   0.00    0.00     0.00    0.00   0.00
loop4            0.00      0.00     0.00   0.00    0.00     0.00    0.00      0.00     0.00   0.00    0.00     0.00    0.00      0.00     0.00   0.00    0.00     0.00    0.00   0.00
loop5            0.00      0.00     0.00   0.00    0.00     0.00    0.00      0.00     0.00   0.00    0.00     0.00    0.00      0.00     0.00   0.00    0.00     0.00    0.00   0.00
loop6            0.00      0.00     0.00   0.00    0.00     0.00    0.00      0.00     0.00   0.00    0.00     0.00    0.00      0.00     0.00   0.00    0.00     0.00    0.00   0.00
loop7            0.00      0.00     0.00   0.00    0.00     0.00    0.00      0.00     0.00   0.00    0.00     0.00    0.00      0.00     0.00   0.00    0.00     0.00    0.00   0.00
md0           133025.80 3178395.20     0.00   0.00    0.00    23.89 4328.40 2007313.60     0.00   0.00    0.00   463.75    0.00      0.00     0.00   0.00    0.00     0.00    0.00   0.00
nvme0n1          2.20      8.80     0.00   0.00    0.09     4.00    0.40      6.40     1.20  75.00    0.00    16.00    0.00      0.00     0.00   0.00    0.00     0.00    0.00   0.16
nvme10n1      4311.00  96576.00    37.20   0.86    0.09    22.40  146.00  62257.60     7.20   4.70    0.26   426.42    0.00      0.00     0.00   0.00    0.00     0.00    0.00  85.52
nvme11n1      4204.20  94440.80    33.60   0.79    0.08    22.46  130.80  60007.20     3.40   2.53    0.17   458.77    0.00      0.00     0.00   0.00    0.00     0.00    0.00  83.92
nvme12n1      4321.40  95408.00    35.40   0.81    0.08    22.08  125.40  60051.20     3.60   2.79    0.30   478.88    0.00      0.00     0.00   0.00    0.00     0.00    0.00  84.32
nvme13n1      4319.40  95850.40    35.60   0.82    0.09    22.19  133.00  62903.20     3.20   2.35    0.34   472.96    0.00      0.00     0.00   0.00    0.00     0.00    0.00  84.24
nvme14n1      4409.60  97252.00    35.40   0.80    0.08    22.05  130.80  62210.40     3.60   2.68    0.30   475.61    0.00      0.00     0.00   0.00    0.00     0.00    0.00  83.60
nvme15n1      4354.80  93665.60    35.80   0.82    0.09    21.51  131.80  62347.20     3.40   2.51    0.30   473.04    0.00      0.00     0.00   0.00    0.00     0.00    0.00  83.44
nvme16n1      4390.60  94557.60    34.20   0.77    0.09    21.54  128.00  61542.40     4.40   3.32    0.32   480.80    0.00      0.00     0.00   0.00    0.00     0.00    0.00  84.96
nvme17n1      4445.00  95682.40    36.60   0.82    0.09    21.53  127.40  61936.00     3.00   2.30    0.31   486.15    0.00      0.00     0.00   0.00    0.00     0.00    0.00  82.32
nvme18n1      4445.80  95596.80    35.40   0.79    0.09    21.50  129.40  63259.20     3.40   2.56    0.34   488.87    0.00      0.00     0.00   0.00    0.00     0.00    0.00  84.80
nvme19n1      4505.00  96820.80    36.00   0.79    0.08    21.49  129.20  63192.80     3.00   2.27    0.31   489.11    0.00      0.00     0.00   0.00    0.00     0.00    0.00  85.52
nvme1n1       4052.00  90839.20    32.60   0.80    0.09    22.42  126.60  62045.60     4.60   3.51    0.33   490.09    0.00      0.00     0.00   0.00    0.00     0.00    0.00  82.40
nvme20n1      4431.20  94907.20    35.20   0.79    0.09    21.42  132.20  62740.00     5.20   3.78    0.33   474.58    0.00      0.00     0.00   0.00    0.00     0.00    0.00  84.88
nvme21n1      4369.00  94992.80    33.80   0.77    0.08    21.74  128.00  62814.40     3.00   2.29    0.30   490.74    0.00      0.00     0.00   0.00    0.00     0.00    0.00  83.84
nvme22n1      4389.40  94532.80    33.20   0.75    0.09    21.54  132.20  63612.00     4.20   3.08    0.32   481.18    0.00      0.00     0.00   0.00    0.00     0.00    0.00  84.56
nvme23n1      4372.00  93377.60    32.20   0.73    0.08    21.36  127.80  62364.80     5.00   3.77    0.17   487.99    0.00      0.00     0.00   0.00    0.00     0.00    0.00  83.84
nvme24n1      4280.40  91364.80    33.40   0.77    0.08    21.34  129.40  61675.20     5.40   4.01    0.30   476.62    0.00      0.00     0.00   0.00    0.00     0.00    0.00  83.84
nvme25n1      4255.80  91096.80    31.40   0.73    0.08    21.41  124.80  60803.20     4.00   3.11    0.30   487.21    0.00      0.00     0.00   0.00    0.00     0.00    0.00  85.20
nvme26n1      4151.80  89114.40    32.20   0.77    0.08    21.46  130.80  61449.60     7.00   5.08    0.30   469.80    0.00      0.00     0.00   0.00    0.00     0.00    0.00  83.76
nvme27n1      4025.80  87798.40    31.40   0.77    0.08    21.81  127.20  60680.00     5.80   4.36    0.16   477.04    0.00      0.00     0.00   0.00    0.00     0.00    0.00  82.56
nvme28n1      4037.80  89003.20    32.00   0.79    0.08    22.04  128.40  60644.00     5.20   3.89    0.32   472.31    0.00      0.00     0.00   0.00    0.00     0.00    0.00  83.12
nvme29n1      4002.80  88594.40    31.80   0.79    0.09    22.13  127.40  60320.00     5.40   4.07    0.30   473.47    0.00      0.00     0.00   0.00    0.00     0.00    0.00  84.08
nvme2n1       4056.20  91292.80    34.80   0.85    0.09    22.51  127.00  61203.20     6.80   5.08    0.33   481.91    0.00      0.00     0.00   0.00    0.00     0.00    0.00  83.60
nvme30n1      4020.80  89516.00    31.40   0.77    0.09    22.26  124.40  61035.20     5.00   3.86    0.30   490.64    0.00      0.00     0.00   0.00    0.00     0.00    0.00  83.04
nvme31n1      4024.60  91044.00    35.20   0.87    0.09    22.62  129.20  62691.20     6.20   4.58    0.30   485.23    0.00      0.00     0.00   0.00    0.00     0.00    0.00  83.84
nvme3n1       4124.80  91752.80    32.20   0.77    0.09    22.24  129.80  62197.60     4.80   3.57    0.33   479.18    0.00      0.00     0.00   0.00    0.00     0.00    0.00  83.68
nvme4n1       4197.60  92891.20    35.40   0.84    0.09    22.13  123.20  60634.40     5.60   4.35    0.32   492.16    0.00      0.00     0.00   0.00    0.00     0.00    0.00  83.60
nvme5n1       4235.60  94318.40    32.40   0.76    0.09    22.27  154.60  63304.80     6.00   3.74    0.28   409.47    0.00      0.00     0.00   0.00    0.00     0.00    0.00  84.72
nvme6n1       4217.20  92909.60    34.60   0.81    0.08    22.03  141.20  62344.00    12.00   7.83    0.31   441.53    0.00      0.00     0.00   0.00    0.00     0.00    0.00  84.16
nvme7n1       4344.00  95266.40    32.40   0.74    0.09    21.93  132.00  61611.20    12.80   8.84    0.32   466.75    0.00      0.00     0.00   0.00    0.00     0.00    0.00  83.52
nvme8n1       4370.40  95392.00    35.20   0.80    0.09    21.83  163.40  62051.20    26.40  13.91    0.25   379.75    0.00      0.00     0.00   0.00    0.00     0.00    0.00  85.52
nvme9n1       4304.60  95907.20    33.20   0.77    0.09    22.28  141.40  61759.20     7.80   5.23    0.30   436.77    0.00      0.00     0.00   0.00    0.00     0.00    0.00  83.44


Device            r/s     rkB/s   rrqm/s  %rrqm r_await rareq-sz     w/s     wkB/s   wrqm/s  %wrqm w_await wareq-sz     d/s     dkB/s   drqm/s  %drqm d_await dareq-sz  aqu-sz  %util
dm-0             0.00      0.00     0.00   0.00    0.00     0.00    3.00     28.80     0.00   0.00    0.00     9.60    0.00      0.00     0.00   0.00    0.00     0.00    0.00   0.16
loop0            0.00      0.00     0.00   0.00    0.00     0.00    0.00      0.00     0.00   0.00    0.00     0.00    0.00      0.00     0.00   0.00    0.00     0.00    0.00   0.00
loop1            0.00      0.00     0.00   0.00    0.00     0.00    0.00      0.00     0.00   0.00    0.00     0.00    0.00      0.00     0.00   0.00    0.00     0.00    0.00   0.00
loop2            0.00      0.00     0.00   0.00    0.00     0.00    0.00      0.00     0.00   0.00    0.00     0.00    0.00      0.00     0.00   0.00    0.00     0.00    0.00   0.00
loop3            0.00      0.00     0.00   0.00    0.00     0.00    0.00      0.00     0.00   0.00    0.00     0.00    0.00      0.00     0.00   0.00    0.00     0.00    0.00   0.00
loop4            0.00      0.00     0.00   0.00    0.00     0.00    0.00      0.00     0.00   0.00    0.00     0.00    0.00      0.00     0.00   0.00    0.00     0.00    0.00   0.00
loop5            0.00      0.00     0.00   0.00    0.00     0.00    0.00      0.00     0.00   0.00    0.00     0.00    0.00      0.00     0.00   0.00    0.00     0.00    0.00   0.00
loop6            0.00      0.00     0.00   0.00    0.00     0.00    0.00      0.00     0.00   0.00    0.00     0.00    0.00      0.00     0.00   0.00    0.00     0.00    0.00   0.00
loop7            0.00      0.00     0.00   0.00    0.00     0.00    0.00      0.00     0.00   0.00    0.00     0.00    0.00      0.00     0.00   0.00    0.00     0.00    0.00   0.00
md0           110633.80 5950878.40     0.00   0.00    0.00    53.79 9854.20 4507980.00     0.00   0.00    0.00   457.47    0.00      0.00     0.00   0.00    0.00     0.00    0.00   0.00
nvme0n1          0.00      0.00     0.00   0.00    0.00     0.00    1.80     28.80     1.20  40.00    0.00    16.00    0.00      0.00     0.00   0.00    0.00     0.00    0.00   0.16
nvme10n1      3502.00 169680.80    85.80   2.39    0.11    48.45  325.60 144445.60     3.80   1.15    0.31   443.63    0.00      0.00     0.00   0.00    0.00     0.00    0.00  87.12
nvme11n1      3433.60 166632.00    90.00   2.55    0.11    48.53  302.80 142484.00     1.00   0.33    0.18   470.55    0.00      0.00     0.00   0.00    0.00     0.00    0.00  86.40
nvme12n1      3432.00 170667.20    84.40   2.40    0.11    49.73  301.00 142872.00     1.00   0.33    0.34   474.66    0.00      0.00     0.00   0.00    0.00     0.00    0.00  85.28
nvme13n1      3503.00 175120.80    95.40   2.65    0.12    49.99  303.20 143513.60     1.00   0.33    0.40   473.33    0.00      0.00     0.00   0.00    0.00     0.00    0.00  88.16
nvme14n1      3475.80 172684.00    85.40   2.40    0.11    49.68  303.60 142964.00     1.00   0.33    0.35   470.90    0.00      0.00     0.00   0.00    0.00     0.00    0.00  87.04
nvme15n1      3495.40 172599.20    94.80   2.64    0.11    49.38  327.60 144193.60     1.00   0.30    0.32   440.15    0.00      0.00     0.00   0.00    0.00     0.00    0.00  86.24
nvme16n1      3499.20 172665.60    85.40   2.38    0.12    49.34  305.40 145424.00     1.00   0.33    0.38   476.18    0.00      0.00     0.00   0.00    0.00     0.00    0.00  84.72
nvme17n1      3417.40 172000.80    94.80   2.70    0.11    50.33  306.80 142975.20     1.00   0.32    0.34   466.02    0.00      0.00     0.00   0.00    0.00     0.00    0.00  84.80
nvme18n1      3503.00 173536.80    84.40   2.35    0.11    49.54  299.20 141437.60     1.00   0.33    0.40   472.72    0.00      0.00     0.00   0.00    0.00     0.00    0.00  85.92
nvme19n1      3484.00 175993.60    93.00   2.60    0.11    50.51  301.20 143371.20     0.80   0.26    0.35   476.00    0.00      0.00     0.00   0.00    0.00     0.00    0.00  86.80
nvme1n1       3391.80 172695.20    94.00   2.70    0.11    50.92  300.20 142060.80     1.00   0.33    0.37   473.22    0.00      0.00     0.00   0.00    0.00     0.00    0.00  86.00
nvme20n1      3551.80 175721.60    91.00   2.50    0.12    49.47  307.20 144776.80     0.80   0.26    0.40   471.28    0.00      0.00     0.00   0.00    0.00     0.00    0.00  86.64
nvme21n1      3594.40 177319.20    93.60   2.54    0.11    49.33  310.60 144824.00     0.80   0.26    0.33   466.27    0.00      0.00     0.00   0.00    0.00     0.00    0.00  86.56
nvme22n1      3566.80 177000.00    95.20   2.60    0.11    49.62  306.80 142499.20     0.80   0.26    0.36   464.47    0.00      0.00     0.00   0.00    0.00     0.00    0.00  84.48
nvme23n1      3577.00 177890.40    89.00   2.43    0.10    49.73  308.40 143797.60     0.80   0.26    0.18   466.27    0.00      0.00     0.00   0.00    0.00     0.00    0.00  86.00
nvme24n1      3498.20 178511.20    96.60   2.69    0.11    51.03  314.00 146228.80     0.80   0.25    0.35   465.70    0.00      0.00     0.00   0.00    0.00     0.00    0.00  86.40
nvme25n1      3520.20 176289.60    91.80   2.54    0.11    50.08  315.60 146851.20     0.80   0.25    0.36   465.31    0.00      0.00     0.00   0.00    0.00     0.00    0.00  85.84
nvme26n1      3608.20 177564.00    95.60   2.58    0.11    49.21  319.80 146732.00     0.80   0.25    0.35   458.82    0.00      0.00     0.00   0.00    0.00     0.00    0.00  84.96
nvme27n1      3487.80 175092.80    89.40   2.50    0.10    50.20  313.00 145251.20     1.00   0.32    0.17   464.06    0.00      0.00     0.00   0.00    0.00     0.00    0.00  86.08
nvme28n1      3447.80 173656.00    92.60   2.62    0.11    50.37  316.00 144958.40     0.80   0.25    0.37   458.73    0.00      0.00     0.00   0.00    0.00     0.00    0.00  85.60
nvme29n1      3376.00 171394.40    88.00   2.54    0.12    50.77  308.00 143165.60     0.80   0.26    0.36   464.82    0.00      0.00     0.00   0.00    0.00     0.00    0.00  85.92
nvme2n1       3467.20 174770.40    90.40   2.54    0.12    50.41  305.20 143124.00     1.40   0.46    0.40   468.95    0.00      0.00     0.00   0.00    0.00     0.00    0.00  84.32
nvme30n1      3372.60 172904.80    92.80   2.68    0.11    51.27  304.80 143703.20     0.80   0.26    0.33   471.47    0.00      0.00     0.00   0.00    0.00     0.00    0.00  85.84
nvme31n1      3408.60 173225.60    89.80   2.57    0.11    50.82  300.40 143509.60     0.80   0.27    0.35   477.73    0.00      0.00     0.00   0.00    0.00     0.00    0.00  85.28
nvme3n1       3444.60 174129.60    96.00   2.71    0.12    50.55  302.60 143730.40     1.00   0.33    0.40   474.98    0.00      0.00     0.00   0.00    0.00     0.00    0.00  86.56
nvme4n1       3445.40 172889.60    89.80   2.54    0.12    50.18  301.20 142963.20     1.20   0.40    0.37   474.65    0.00      0.00     0.00   0.00    0.00     0.00    0.00  85.36
nvme5n1       3475.80 172509.60    92.00   2.58    0.11    49.63  375.00 144464.80     5.20   1.37    0.31   385.24    0.00      0.00     0.00   0.00    0.00     0.00    0.00  86.48
nvme6n1       3450.20 169637.60    87.00   2.46    0.11    49.17  328.20 143328.80     3.00   0.91    0.35   436.71    0.00      0.00     0.00   0.00    0.00     0.00    0.00  85.60
nvme7n1       3434.20 168176.80    89.20   2.53    0.12    48.97  298.00 140624.80     1.20   0.40    0.39   471.90    0.00      0.00     0.00   0.00    0.00     0.00    0.00  85.92
nvme8n1       3477.40 165928.00    86.80   2.44    0.11    47.72  353.20 141090.40     1.20   0.34    0.30   399.46    0.00      0.00     0.00   0.00    0.00     0.00    0.00  87.60
nvme9n1       3492.20 167697.60    90.20   2.52    0.11    48.02  333.40 143150.40     1.20   0.36    0.35   429.37    0.00      0.00     0.00   0.00    0.00     0.00    0.00  85.68


Device            r/s     rkB/s   rrqm/s  %rrqm r_await rareq-sz     w/s     wkB/s   wrqm/s  %wrqm w_await wareq-sz     d/s     dkB/s   drqm/s  %drqm d_await dareq-sz  aqu-sz  %util
dm-0             7.80    528.80     0.00   0.00    0.00    67.79    4.80     31.20     0.00   0.00    0.00     6.50    0.00      0.00     0.00   0.00    0.00     0.00    0.00   0.40
loop0            0.00      0.00     0.00   0.00    0.00     0.00    0.00      0.00     0.00   0.00    0.00     0.00    0.00      0.00     0.00   0.00    0.00     0.00    0.00   0.00
loop1            0.00      0.00     0.00   0.00    0.00     0.00    0.00      0.00     0.00   0.00    0.00     0.00    0.00      0.00     0.00   0.00    0.00     0.00    0.00   0.00
loop2            0.00      0.00     0.00   0.00    0.00     0.00    0.00      0.00     0.00   0.00    0.00     0.00    0.00      0.00     0.00   0.00    0.00     0.00    0.00   0.00
loop3            0.00      0.00     0.00   0.00    0.00     0.00    0.00      0.00     0.00   0.00    0.00     0.00    0.00      0.00     0.00   0.00    0.00     0.00    0.00   0.00
loop4            0.00      0.00     0.00   0.00    0.00     0.00    0.00      0.00     0.00   0.00    0.00     0.00    0.00      0.00     0.00   0.00    0.00     0.00    0.00   0.00
loop5            0.00      0.00     0.00   0.00    0.00     0.00    0.00      0.00     0.00   0.00    0.00     0.00    0.00      0.00     0.00   0.00    0.00     0.00    0.00   0.00
loop6            0.00      0.00     0.00   0.00    0.00     0.00    0.00      0.00     0.00   0.00    0.00     0.00    0.00      0.00     0.00   0.00    0.00     0.00    0.00   0.00
loop7            0.00      0.00     0.00   0.00    0.00     0.00    0.00      0.00     0.00   0.00    0.00     0.00    0.00      0.00     0.00   0.00    0.00     0.00    0.00   0.00
md0           216988.40 4429094.40     0.00   0.00    0.00    20.41 5257.60 2577957.60     0.00   0.00    0.00   490.33    0.00      0.00     0.00   0.00    0.00     0.00    0.00   0.00
nvme0n1          3.00    528.80     5.00  62.50    0.13   176.27    1.40     31.20     3.40  70.83    0.14    22.29    0.00      0.00     0.00   0.00    0.00     0.00    0.00   0.40
nvme10n1      7073.80 133688.00    41.40   0.58    0.08    18.90  171.40  81902.40     9.80   5.41    0.27   477.84    0.00      0.00     0.00   0.00    0.00     0.00    0.00 100.00
nvme11n1      7047.00 132997.60    40.60   0.57    0.08    18.87  157.40  80604.00     9.40   5.64    0.17   512.10    0.00      0.00     0.00   0.00    0.00     0.00    0.00 100.00
nvme12n1      6915.20 131932.80    42.40   0.61    0.08    19.08  149.00  79588.00     3.80   2.49    0.31   534.15    0.00      0.00     0.00   0.00    0.00     0.00    0.00 100.00
nvme13n1      6807.40 131070.40    41.00   0.60    0.09    19.25  150.40  79185.60     9.80   6.12    0.35   526.50    0.00      0.00     0.00   0.00    0.00     0.00    0.00 100.00
nvme14n1      6876.60 131175.20    41.20   0.60    0.08    19.08  145.80  79048.00     5.40   3.57    0.31   542.17    0.00      0.00     0.00   0.00    0.00     0.00    0.00 100.00
nvme15n1      6828.80 130624.00    39.80   0.58    0.08    19.13  149.00  79220.00    12.40   7.68    0.30   531.68    0.00      0.00     0.00   0.00    0.00     0.00    0.00 100.00
nvme16n1      6828.60 130748.80    41.60   0.61    0.09    19.15  145.40  79902.40     5.20   3.45    0.34   549.54    0.00      0.00     0.00   0.00    0.00     0.00    0.00 100.00
nvme17n1      6767.00 128248.00    41.00   0.60    0.09    18.95  141.40  78320.80     9.60   6.36    0.30   553.90    0.00      0.00     0.00   0.00    0.00     0.00    0.00 100.00
nvme18n1      6895.80 128092.00    41.00   0.59    0.08    18.58  144.80  78660.80     7.20   4.74    0.34   543.24    0.00      0.00     0.00   0.00    0.00     0.00    0.00 100.00
nvme19n1      6891.40 128620.00    39.00   0.56    0.08    18.66  148.40  80110.40     9.00   5.72    0.31   539.83    0.00      0.00     0.00   0.00    0.00     0.00    0.00 100.00
nvme1n1       6950.80 129211.20    41.00   0.59    0.08    18.59  154.20  83036.80    10.40   6.32    0.31   538.50    0.00      0.00     0.00   0.00    0.00     0.00    0.00 100.00
nvme20n1      6866.00 127772.80    38.80   0.56    0.09    18.61  143.00  78816.00     8.60   5.67    0.35   551.16    0.00      0.00     0.00   0.00    0.00     0.00    0.00 100.00
nvme21n1      6842.00 128713.60    38.20   0.56    0.08    18.81  145.20  79581.60    11.40   7.28    0.30   548.08    0.00      0.00     0.00   0.00    0.00     0.00    0.00 100.00
nvme22n1      6974.00 131578.40    40.00   0.57    0.08    18.87  148.60  81986.40     6.80   4.38    0.33   551.73    0.00      0.00     0.00   0.00    0.00     0.00    0.00  99.92
nvme23n1      6982.80 131604.80    39.40   0.56    0.08    18.85  150.20  82636.00     8.80   5.53    0.17   550.17    0.00      0.00     0.00   0.00    0.00     0.00    0.00 100.00
nvme24n1      6948.60 131837.60    42.20   0.60    0.08    18.97  149.00  81932.00     5.60   3.62    0.32   549.88    0.00      0.00     0.00   0.00    0.00     0.00    0.00 100.00
nvme25n1      7008.80 132417.60    42.60   0.60    0.08    18.89  149.20  82070.40     6.00   3.87    0.32   550.07    0.00      0.00     0.00   0.00    0.00     0.00    0.00 100.00
nvme26n1      6965.00 131711.20    42.20   0.60    0.08    18.91  155.40  82338.40     7.00   4.31    0.31   529.85    0.00      0.00     0.00   0.00    0.00     0.00    0.00 100.00
nvme27n1      6950.60 130157.60    40.40   0.58    0.08    18.73  149.80  81278.40     4.40   2.85    0.17   542.58    0.00      0.00     0.00   0.00    0.00     0.00    0.00 100.00
nvme28n1      7105.20 132378.40    40.60   0.57    0.08    18.63  156.80  80876.80     6.40   3.92    0.33   515.80    0.00      0.00     0.00   0.00    0.00     0.00    0.00 100.00
nvme29n1      7120.80 132027.20    41.40   0.58    0.08    18.54  152.00  80712.00     3.20   2.06    0.31   531.00    0.00      0.00     0.00   0.00    0.00     0.00    0.00 100.00
nvme2n1       7017.20 130768.00    40.40   0.57    0.09    18.64  159.00  84356.00     7.20   4.33    0.35   530.54    0.00      0.00     0.00   0.00    0.00     0.00    0.00 100.00
nvme30n1      6925.40 128344.00    40.60   0.58    0.08    18.53  153.40  82509.60     5.80   3.64    0.29   537.87    0.00      0.00     0.00   0.00    0.00     0.00    0.00 100.00
nvme31n1      6976.20 130272.00    39.40   0.56    0.08    18.67  153.00  83441.60     6.20   3.89    0.31   545.37    0.00      0.00     0.00   0.00    0.00     0.00    0.00 100.00
nvme3n1       6987.60 131768.00    39.00   0.56    0.09    18.86  158.80  85374.40     9.60   5.70    0.34   537.62    0.00      0.00     0.00   0.00    0.00     0.00    0.00 100.00
nvme4n1       7102.00 132438.40    41.20   0.58    0.09    18.65  157.20  85667.20     8.20   4.96    0.33   544.96    0.00      0.00     0.00   0.00    0.00     0.00    0.00 100.00
nvme5n1       7078.80 131450.40    41.00   0.58    0.08    18.57  217.60  84780.80    17.00   7.25    0.24   389.62    0.00      0.00     0.00   0.00    0.00     0.00    0.00 100.00
nvme6n1       7051.80 131608.80    38.80   0.55    0.08    18.66  183.20  82760.00    19.80   9.75    0.27   451.75    0.00      0.00     0.00   0.00    0.00     0.00    0.00 100.00
nvme7n1       6965.20 130272.00    40.20   0.57    0.09    18.70  156.80  81556.80    26.20  14.32    0.33   520.13    0.00      0.00     0.00   0.00    0.00     0.00    0.00 100.00
nvme8n1       6972.00 131398.40    40.40   0.58    0.09    18.85  191.80  81279.20    37.40  16.32    0.25   423.77    0.00      0.00     0.00   0.00    0.00     0.00    0.00  99.92
nvme9n1       7006.20 131054.40    40.00   0.57    0.08    18.71  184.00  80622.40    16.20   8.09    0.28   438.17    0.00      0.00     0.00   0.00    0.00     0.00    0.00 100.00


Device            r/s     rkB/s   rrqm/s  %rrqm r_await rareq-sz     w/s     wkB/s   wrqm/s  %wrqm w_await wareq-sz     d/s     dkB/s   drqm/s  %drqm d_await dareq-sz  aqu-sz  %util
dm-0             0.00      0.00     0.00   0.00    0.00     0.00   15.40     65.60     0.00   0.00    0.00     4.26    0.00      0.00     0.00   0.00    0.00     0.00    0.00   0.16
loop0            0.00      0.00     0.00   0.00    0.00     0.00    0.00      0.00     0.00   0.00    0.00     0.00    0.00      0.00     0.00   0.00    0.00     0.00    0.00   0.00
loop1            0.00      0.00     0.00   0.00    0.00     0.00    0.00      0.00     0.00   0.00    0.00     0.00    0.00      0.00     0.00   0.00    0.00     0.00    0.00   0.00
loop2            0.00      0.00     0.00   0.00    0.00     0.00    0.00      0.00     0.00   0.00    0.00     0.00    0.00      0.00     0.00   0.00    0.00     0.00    0.00   0.00
loop3            0.00      0.00     0.00   0.00    0.00     0.00    0.00      0.00     0.00   0.00    0.00     0.00    0.00      0.00     0.00   0.00    0.00     0.00    0.00   0.00
loop4            0.00      0.00     0.00   0.00    0.00     0.00    0.00      0.00     0.00   0.00    0.00     0.00    0.00      0.00     0.00   0.00    0.00     0.00    0.00   0.00
loop5            0.00      0.00     0.00   0.00    0.00     0.00    0.00      0.00     0.00   0.00    0.00     0.00    0.00      0.00     0.00   0.00    0.00     0.00    0.00   0.00
loop6            0.00      0.00     0.00   0.00    0.00     0.00    0.00      0.00     0.00   0.00    0.00     0.00    0.00      0.00     0.00   0.00    0.00     0.00    0.00   0.00
loop7            0.00      0.00     0.00   0.00    0.00     0.00    0.00      0.00     0.00   0.00    0.00     0.00    0.00      0.00     0.00   0.00    0.00     0.00    0.00   0.00
md0           192164.40 3668500.00     0.00   0.00    0.00    19.09 4765.80 2077278.40     0.00   0.00    0.00   435.87    0.00      0.00     0.00   0.00    0.00     0.00    0.00   0.00
nvme0n1          0.00      0.00     0.00   0.00    0.00     0.00   12.00     65.60     3.40  22.08    0.05     5.47    0.00      0.00     0.00   0.00    0.00     0.00    0.00   0.16
nvme10n1      6194.20 108564.00    32.00   0.51    0.08    17.53  157.60  64668.80     5.80   3.55    0.27   410.34    0.00      0.00     0.00   0.00    0.00     0.00    0.00  97.60
nvme11n1      6212.40 107016.00    33.80   0.54    0.08    17.23  148.40  65299.20     2.00   1.33    0.16   440.02    0.00      0.00     0.00   0.00    0.00     0.00    0.00  96.88
nvme12n1      6182.40 106688.00    30.40   0.49    0.08    17.26  140.20  64446.40     3.40   2.37    0.30   459.67    0.00      0.00     0.00   0.00    0.00     0.00    0.00  97.04
nvme13n1      6228.20 107008.00    34.80   0.56    0.08    17.18  143.80  64897.60     1.60   1.10    0.34   451.30    0.00      0.00     0.00   0.00    0.00     0.00    0.00  96.48
nvme14n1      6166.00 107934.40    30.20   0.49    0.08    17.50  142.80  63938.40     4.60   3.12    0.30   447.75    0.00      0.00     0.00   0.00    0.00     0.00    0.00  96.56
nvme15n1      6330.00 111311.20    35.60   0.56    0.08    17.58  147.80  64468.00     1.20   0.81    0.28   436.18    0.00      0.00     0.00   0.00    0.00     0.00    0.00  97.44
nvme16n1      6328.40 110904.80    32.40   0.51    0.08    17.52  138.20  63792.80     3.00   2.12    0.33   461.60    0.00      0.00     0.00   0.00    0.00     0.00    0.00  97.04
nvme17n1      6270.40 110861.60    34.40   0.55    0.08    17.68  142.20  64991.20     2.00   1.39    0.30   457.04    0.00      0.00     0.00   0.00    0.00     0.00    0.00  96.88
nvme18n1      6358.80 112114.40    33.40   0.52    0.08    17.63  144.20  66356.00     2.80   1.90    0.34   460.17    0.00      0.00     0.00   0.00    0.00     0.00    0.00  96.80
nvme19n1      6250.60 111884.00    35.20   0.56    0.08    17.90  144.60  66913.60     2.80   1.90    0.31   462.75    0.00      0.00     0.00   0.00    0.00     0.00    0.00  97.28
nvme1n1       6117.40 108364.80    31.80   0.52    0.08    17.71  142.20  64760.00     3.00   2.07    0.30   455.41    0.00      0.00     0.00   0.00    0.00     0.00    0.00  97.04
nvme20n1      6137.00 109364.00    34.80   0.56    0.08    17.82  144.00  65729.60     2.80   1.91    0.35   456.46    0.00      0.00     0.00   0.00    0.00     0.00    0.00  96.64
nvme21n1      6129.60 108988.00    34.60   0.56    0.08    17.78  143.20  65352.00     2.00   1.38    0.29   456.37    0.00      0.00     0.00   0.00    0.00     0.00    0.00  96.56
nvme22n1      6068.00 108136.80    33.40   0.55    0.08    17.82  141.20  65112.80     2.40   1.67    0.32   461.14    0.00      0.00     0.00   0.00    0.00     0.00    0.00  96.80
nvme23n1      6121.60 108520.00    32.60   0.53    0.08    17.73  141.40  64816.00     3.60   2.48    0.17   458.39    0.00      0.00     0.00   0.00    0.00     0.00    0.00  96.88
nvme24n1      6141.40 109669.60    34.00   0.55    0.08    17.86  141.40  65246.40     2.40   1.67    0.30   461.43    0.00      0.00     0.00   0.00    0.00     0.00    0.00  97.76
nvme25n1      6168.40 108355.20    34.40   0.55    0.08    17.57  141.00  64630.40     4.00   2.76    0.31   458.37    0.00      0.00     0.00   0.00    0.00     0.00    0.00  96.80
nvme26n1      6110.80 105572.00    31.60   0.51    0.08    17.28  142.60  64494.40     4.00   2.73    0.30   452.27    0.00      0.00     0.00   0.00    0.00     0.00    0.00  96.64
nvme27n1      6069.40 105978.40    32.40   0.53    0.08    17.46  143.80  65075.20     5.60   3.75    0.16   452.54    0.00      0.00     0.00   0.00    0.00     0.00    0.00  97.12
nvme28n1      6114.60 107397.60    32.80   0.53    0.08    17.56  145.20  64554.40     2.40   1.63    0.31   444.59    0.00      0.00     0.00   0.00    0.00     0.00    0.00  97.28
nvme29n1      6124.60 107879.20    32.60   0.53    0.08    17.61  146.80  64954.40     2.40   1.61    0.29   442.47    0.00      0.00     0.00   0.00    0.00     0.00    0.00  97.52
nvme2n1       6121.20 109836.80    33.00   0.54    0.08    17.94  142.60  65567.20     1.60   1.11    0.33   459.80    0.00      0.00     0.00   0.00    0.00     0.00    0.00  97.36
nvme30n1      6107.00 107666.40    32.00   0.52    0.08    17.63  140.20  64651.20     3.20   2.23    0.29   461.14    0.00      0.00     0.00   0.00    0.00     0.00    0.00  96.48
nvme31n1      6055.00 106480.00    31.80   0.52    0.08    17.59  139.80  64048.00     3.40   2.37    0.29   458.14    0.00      0.00     0.00   0.00    0.00     0.00    0.00  97.44
nvme3n1       6154.20 111283.20    34.60   0.56    0.08    18.08  146.60  65446.40     4.20   2.79    0.33   446.43    0.00      0.00     0.00   0.00    0.00     0.00    0.00  97.12
nvme4n1       6093.60 110221.60    34.80   0.57    0.08    18.09  144.00  65416.00     1.80   1.23    0.31   454.28    0.00      0.00     0.00   0.00    0.00     0.00    0.00  96.64
nvme5n1       6091.80 107859.20    34.60   0.56    0.08    17.71  181.80  66148.80     4.40   2.36    0.26   363.85    0.00      0.00     0.00   0.00    0.00     0.00    0.00  97.12
nvme6n1       6152.40 108231.20    31.00   0.50    0.08    17.59  162.40  66054.40     4.80   2.87    0.28   406.74    0.00      0.00     0.00   0.00    0.00     0.00    0.00  97.20
nvme7n1       6187.60 110266.40    34.20   0.55    0.08    17.82  149.20  66187.20    10.60   6.63    0.32   443.61    0.00      0.00     0.00   0.00    0.00     0.00    0.00  97.12
nvme8n1       6191.60 110646.40    34.00   0.55    0.08    17.87  199.80  66764.80    25.80  11.44    0.23   334.16    0.00      0.00     0.00   0.00    0.00     0.00    0.00  97.92
nvme9n1       6146.20 107726.40    33.20   0.54    0.08    17.53  147.60  64131.20     5.20   3.40    0.31   434.49    0.00      0.00     0.00   0.00    0.00     0.00    0.00  97.20


Device            r/s     rkB/s   rrqm/s  %rrqm r_await rareq-sz     w/s     wkB/s   wrqm/s  %wrqm w_await wareq-sz     d/s     dkB/s   drqm/s  %drqm d_await dareq-sz  aqu-sz  %util
dm-0             8.20     32.80     0.00   0.00    0.00     4.00   22.40     93.60     0.00   0.00    0.00     4.18    0.00      0.00     0.00   0.00    0.00     0.00    0.00   0.48
loop0            0.00      0.00     0.00   0.00    0.00     0.00    0.00      0.00     0.00   0.00    0.00     0.00    0.00      0.00     0.00   0.00    0.00     0.00    0.00   0.00
loop1            0.00      0.00     0.00   0.00    0.00     0.00    0.00      0.00     0.00   0.00    0.00     0.00    0.00      0.00     0.00   0.00    0.00     0.00    0.00   0.00
loop2            0.00      0.00     0.00   0.00    0.00     0.00    0.00      0.00     0.00   0.00    0.00     0.00    0.00      0.00     0.00   0.00    0.00     0.00    0.00   0.00
loop3            0.00      0.00     0.00   0.00    0.00     0.00    0.00      0.00     0.00   0.00    0.00     0.00    0.00      0.00     0.00   0.00    0.00     0.00    0.00   0.00
loop4            0.00      0.00     0.00   0.00    0.00     0.00    0.00      0.00     0.00   0.00    0.00     0.00    0.00      0.00     0.00   0.00    0.00     0.00    0.00   0.00
loop5            0.00      0.00     0.00   0.00    0.00     0.00    0.00      0.00     0.00   0.00    0.00     0.00    0.00      0.00     0.00   0.00    0.00     0.00    0.00   0.00
loop6            0.00      0.00     0.00   0.00    0.00     0.00    0.00      0.00     0.00   0.00    0.00     0.00    0.00      0.00     0.00   0.00    0.00     0.00    0.00   0.00
loop7            0.00      0.00     0.00   0.00    0.00     0.00    0.00      0.00     0.00   0.00    0.00     0.00    0.00      0.00     0.00   0.00    0.00     0.00    0.00   0.00
md0           121362.20 6155547.20     0.00   0.00    0.00    50.72 10415.40 4578626.40     0.00   0.00    0.00   439.60    0.00      0.00     0.00   0.00    0.00     0.00    0.00   0.00
nvme0n1          2.20     32.80     6.00  73.17    0.09    14.91   14.20     93.60     8.20  36.61    0.06     6.59    0.00      0.00     0.00   0.00    0.00     0.00    0.00   0.48
nvme10n1      3919.60 180061.60    95.80   2.39    0.11    45.94  348.60 149088.00     8.20   2.30    0.31   427.68    0.00      0.00     0.00   0.00    0.00     0.00    0.00  89.92
nvme11n1      3858.20 178546.40    92.60   2.34    0.10    46.28  332.00 149036.80     1.40   0.42    0.18   448.91    0.00      0.00     0.00   0.00    0.00     0.00    0.00  89.52
nvme12n1      3750.60 174808.00    94.20   2.45    0.11    46.61  325.80 146150.40     5.80   1.75    0.34   448.59    0.00      0.00     0.00   0.00    0.00     0.00    0.00  88.72
nvme13n1      3822.80 175627.20    92.80   2.37    0.11    45.94  321.80 147135.20     0.60   0.19    0.39   457.23    0.00      0.00     0.00   0.00    0.00     0.00    0.00  90.80
nvme14n1      3707.80 172880.00    94.60   2.49    0.11    46.63  321.40 146554.40     5.80   1.77    0.35   455.99    0.00      0.00     0.00   0.00    0.00     0.00    0.00  90.48
nvme15n1      3814.80 175603.20    90.80   2.32    0.11    46.03  327.60 146854.40     1.40   0.43    0.34   448.27    0.00      0.00     0.00   0.00    0.00     0.00    0.00  90.48
nvme16n1      3786.40 174841.60    96.40   2.48    0.11    46.18  332.40 146248.80     8.40   2.46    0.37   439.98    0.00      0.00     0.00   0.00    0.00     0.00    0.00  90.64
nvme17n1      3792.80 175451.20    90.60   2.33    0.11    46.26  318.20 145632.00     2.00   0.62    0.34   457.67    0.00      0.00     0.00   0.00    0.00     0.00    0.00  89.52
nvme18n1      3865.00 177595.20    96.80   2.44    0.11    45.95  319.60 145128.00     5.80   1.78    0.39   454.09    0.00      0.00     0.00   0.00    0.00     0.00    0.00  89.12
nvme19n1      3897.60 177687.20    90.60   2.27    0.11    45.59  317.60 146368.00     1.00   0.31    0.36   460.86    0.00      0.00     0.00   0.00    0.00     0.00    0.00  89.60
nvme1n1       3782.40 175724.80    91.80   2.37    0.11    46.46  308.20 140341.60     5.40   1.72    0.33   455.36    0.00      0.00     0.00   0.00    0.00     0.00    0.00  89.52
nvme20n1      3907.40 177122.40    95.40   2.38    0.11    45.33  320.60 145878.40     7.40   2.26    0.39   455.02    0.00      0.00     0.00   0.00    0.00     0.00    0.00  90.96
nvme21n1      3856.20 175044.80    90.80   2.30    0.10    45.39  317.40 145098.40     1.20   0.38    0.32   457.15    0.00      0.00     0.00   0.00    0.00     0.00    0.00  89.84
nvme22n1      3834.60 174200.00    91.80   2.34    0.11    45.43  318.20 144035.20     5.80   1.79    0.36   452.66    0.00      0.00     0.00   0.00    0.00     0.00    0.00  90.72
nvme23n1      3776.80 172857.60    87.80   2.27    0.10    45.77  316.40 143808.80     1.00   0.32    0.19   454.52    0.00      0.00     0.00   0.00    0.00     0.00    0.00  91.36
nvme24n1      3828.80 175360.00    91.20   2.33    0.11    45.80  326.20 147800.00     6.20   1.87    0.36   453.10    0.00      0.00     0.00   0.00    0.00     0.00    0.00  91.52
nvme25n1      3915.80 178199.20    92.20   2.30    0.11    45.51  331.40 149661.60     1.20   0.36    0.38   451.60    0.00      0.00     0.00   0.00    0.00     0.00    0.00  90.56
nvme26n1      3910.60 178672.00    94.00   2.35    0.11    45.69  330.40 148993.60     6.60   1.96    0.36   450.95    0.00      0.00     0.00   0.00    0.00     0.00    0.00  90.16
nvme27n1      3857.00 177961.60    92.00   2.33    0.09    46.14  323.00 145015.20     3.60   1.10    0.17   448.96    0.00      0.00     0.00   0.00    0.00     0.00    0.00  90.24
nvme28n1      3789.60 176253.60    93.80   2.42    0.11    46.51  316.20 143566.40     3.60   1.13    0.38   454.04    0.00      0.00     0.00   0.00    0.00     0.00    0.00  89.68
nvme29n1      3721.00 175820.80    92.40   2.42    0.11    47.25  313.60 142487.20     0.60   0.19    0.35   454.36    0.00      0.00     0.00   0.00    0.00     0.00    0.00  89.52
nvme2n1       3768.80 173690.40    93.40   2.42    0.11    46.09  306.00 138729.60     4.60   1.48    0.38   453.36    0.00      0.00     0.00   0.00    0.00     0.00    0.00  90.64
nvme30n1      3748.20 176720.80    94.40   2.46    0.11    47.15  309.80 142272.80     4.80   1.53    0.32   459.24    0.00      0.00     0.00   0.00    0.00     0.00    0.00  90.24
nvme31n1      3726.80 176051.20    93.20   2.44    0.10    47.24  311.80 142180.80     0.80   0.26    0.35   456.00    0.00      0.00     0.00   0.00    0.00     0.00    0.00  90.16
nvme3n1       3740.40 174002.40    88.40   2.31    0.11    46.52  303.00 138357.60     4.00   1.30    0.39   456.63    0.00      0.00     0.00   0.00    0.00     0.00    0.00  90.08
nvme4n1       3762.60 175684.00    95.40   2.47    0.11    46.69  311.00 141330.40     7.20   2.26    0.36   454.44    0.00      0.00     0.00   0.00    0.00     0.00    0.00  89.92
nvme5n1       3792.00 179186.40    91.00   2.34    0.11    47.25  387.20 143147.20     6.80   1.73    0.31   369.70    0.00      0.00     0.00   0.00    0.00     0.00    0.00  90.80
nvme6n1       3870.00 181386.40    98.40   2.48    0.11    46.87  345.00 146338.40     7.20   2.04    0.35   424.17    0.00      0.00     0.00   0.00    0.00     0.00    0.00  89.36
nvme7n1       3908.20 180411.20    92.60   2.31    0.11    46.16  327.60 147172.80    14.40   4.21    0.39   449.25    0.00      0.00     0.00   0.00    0.00     0.00    0.00  88.80
nvme8n1       3937.00 180972.80    96.60   2.39    0.11    45.97  412.60 146992.80    25.60   5.84    0.28   356.26    0.00      0.00     0.00   0.00    0.00     0.00    0.00  90.48
nvme9n1       3837.80 178587.20    95.00   2.42    0.11    46.53  340.20 147178.40     3.00   0.87    0.37   432.62    0.00      0.00     0.00   0.00    0.00     0.00    0.00  89.44


Device            r/s     rkB/s   rrqm/s  %rrqm r_await rareq-sz     w/s     wkB/s   wrqm/s  %wrqm w_await wareq-sz     d/s     dkB/s   drqm/s  %drqm d_await dareq-sz  aqu-sz  %util
dm-0             0.20     24.80     0.00   0.00    0.00   124.00    3.00     20.80     0.00   0.00    0.00     6.93    0.00      0.00     0.00   0.00    0.00     0.00    0.00   0.24
loop0            0.00      0.00     0.00   0.00    0.00     0.00    0.00      0.00     0.00   0.00    0.00     0.00    0.00      0.00     0.00   0.00    0.00     0.00    0.00   0.00
loop1            0.00      0.00     0.00   0.00    0.00     0.00    0.00      0.00     0.00   0.00    0.00     0.00    0.00      0.00     0.00   0.00    0.00     0.00    0.00   0.00
loop2            0.00      0.00     0.00   0.00    0.00     0.00    0.00      0.00     0.00   0.00    0.00     0.00    0.00      0.00     0.00   0.00    0.00     0.00    0.00   0.00
loop3            0.00      0.00     0.00   0.00    0.00     0.00    0.00      0.00     0.00   0.00    0.00     0.00    0.00      0.00     0.00   0.00    0.00     0.00    0.00   0.00
loop4            0.00      0.00     0.00   0.00    0.00     0.00    0.00      0.00     0.00   0.00    0.00     0.00    0.00      0.00     0.00   0.00    0.00     0.00    0.00   0.00
loop5            0.00      0.00     0.00   0.00    0.00     0.00    0.00      0.00     0.00   0.00    0.00     0.00    0.00      0.00     0.00   0.00    0.00     0.00    0.00   0.00
loop6            0.00      0.00     0.00   0.00    0.00     0.00    0.00      0.00     0.00   0.00    0.00     0.00    0.00      0.00     0.00   0.00    0.00     0.00    0.00   0.00
loop7            0.00      0.00     0.00   0.00    0.00     0.00    0.00      0.00     0.00   0.00    0.00     0.00    0.00      0.00     0.00   0.00    0.00     0.00    0.00   0.00
md0           209837.60 4940504.80     0.00   0.00    0.00    23.54 6066.40 3083190.40     0.00   0.00    0.00   508.24    0.00      0.00     0.00   0.00    0.00     0.00    0.00   0.00
nvme0n1          0.20     24.80     0.00   0.00    0.00   124.00    0.80     20.80     2.20  73.33    0.00    26.00    0.00      0.00     0.00   0.00    0.00     0.00    0.00   0.24
nvme10n1      6772.40 146066.40    58.60   0.86    0.09    21.57  206.20  98872.80     4.40   2.09    0.29   479.50    0.00      0.00     0.00   0.00    0.00     0.00    0.00  99.76
nvme11n1      6764.40 145542.40    57.00   0.84    0.08    21.52  183.60  97920.80     2.40   1.29    0.18   533.34    0.00      0.00     0.00   0.00    0.00     0.00    0.00  99.76
nvme12n1      6731.60 144476.80    58.20   0.86    0.09    21.46  182.60  96020.80     2.60   1.40    0.33   525.85    0.00      0.00     0.00   0.00    0.00     0.00    0.00  99.92
nvme13n1      6627.20 142720.80    57.20   0.86    0.09    21.54  180.40  95488.80     3.20   1.74    0.38   529.32    0.00      0.00     0.00   0.00    0.00     0.00    0.00  99.92
nvme14n1      6687.80 143736.00    56.80   0.84    0.09    21.49  180.60  95716.80     3.00   1.63    0.34   529.99    0.00      0.00     0.00   0.00    0.00     0.00    0.00  99.92
nvme15n1      6640.00 142667.20    55.60   0.83    0.09    21.49  181.00  96495.20     3.40   1.84    0.33   533.12    0.00      0.00     0.00   0.00    0.00     0.00    0.00  99.92
nvme16n1      6572.80 141246.40    56.00   0.84    0.09    21.49  183.00  97012.00     3.20   1.72    0.35   530.12    0.00      0.00     0.00   0.00    0.00     0.00    0.00 100.00
nvme17n1      6732.20 143908.80    58.00   0.85    0.09    21.38  184.40  97009.60     3.20   1.71    0.32   526.08    0.00      0.00     0.00   0.00    0.00     0.00    0.00 100.00
nvme18n1      6548.00 141586.40    54.60   0.83    0.09    21.62  181.00  95318.40     3.20   1.74    0.35   526.62    0.00      0.00     0.00   0.00    0.00     0.00    0.00  99.92
nvme19n1      6644.60 142396.80    58.00   0.87    0.09    21.43  183.60  95720.80     3.40   1.82    0.33   521.36    0.00      0.00     0.00   0.00    0.00     0.00    0.00  99.92
nvme1n1       6786.60 150106.40    59.20   0.86    0.08    22.12  184.60  99269.60     2.80   1.49    0.19   537.76    0.00      0.00     0.00   0.00    0.00     0.00    0.00  99.92
nvme20n1      6526.80 141082.40    55.20   0.84    0.09    21.62  179.60  94870.40     3.60   1.97    0.37   528.23    0.00      0.00     0.00   0.00    0.00     0.00    0.00  99.92
nvme21n1      6519.60 142328.00    58.40   0.89    0.09    21.83  179.60  94114.40     3.60   1.97    0.31   524.02    0.00      0.00     0.00   0.00    0.00     0.00    0.00  99.84
nvme22n1      6623.40 141612.80    54.60   0.82    0.09    21.38  179.60  93964.00     3.00   1.64    0.34   523.18    0.00      0.00     0.00   0.00    0.00     0.00    0.00  99.92
nvme23n1      6485.80 139481.60    56.80   0.87    0.08    21.51  177.20  93718.40     3.00   1.66    0.18   528.88    0.00      0.00     0.00   0.00    0.00     0.00    0.00  99.84
nvme24n1      6637.80 143364.80    51.60   0.77    0.09    21.60  179.60  94092.00     3.00   1.64    0.33   523.90    0.00      0.00     0.00   0.00    0.00     0.00    0.00  99.84
nvme25n1      6710.20 145624.80    59.80   0.88    0.09    21.70  180.20  94699.20     3.00   1.64    0.35   525.52    0.00      0.00     0.00   0.00    0.00     0.00    0.00  99.76
nvme26n1      6699.40 146266.40    55.40   0.82    0.09    21.83  182.80  94239.20     3.00   1.61    0.34   515.53    0.00      0.00     0.00   0.00    0.00     0.00    0.00  99.84
nvme27n1      6755.20 146615.20    59.00   0.87    0.08    21.70  177.80  93736.80     3.40   1.88    0.18   527.20    0.00      0.00     0.00   0.00    0.00     0.00    0.00  99.84
nvme28n1      6763.40 147224.80    56.40   0.83    0.09    21.77  177.20  94328.80     2.80   1.56    0.37   532.33    0.00      0.00     0.00   0.00    0.00     0.00    0.00  99.92
nvme29n1      6751.00 147940.80    58.40   0.86    0.09    21.91  179.20  94512.80     3.00   1.65    0.33   527.42    0.00      0.00     0.00   0.00    0.00     0.00    0.00  99.92
nvme2n1       6809.20 150363.20    59.20   0.86    0.09    22.08  187.60 100729.60     2.80   1.47    0.36   536.94    0.00      0.00     0.00   0.00    0.00     0.00    0.00  99.92
nvme30n1      6815.40 150501.60    59.80   0.87    0.09    22.08  181.00  96946.40     2.80   1.52    0.33   535.62    0.00      0.00     0.00   0.00    0.00     0.00    0.00  99.84
nvme31n1      6774.20 151242.40    62.00   0.91    0.09    22.33  186.00  98347.20     3.00   1.59    0.33   528.75    0.00      0.00     0.00   0.00    0.00     0.00    0.00  99.92
nvme3n1       6877.20 149960.00    57.80   0.83    0.09    21.81  190.00 102108.00     2.80   1.45    0.36   537.41    0.00      0.00     0.00   0.00    0.00     0.00    0.00  99.84
nvme4n1       6858.80 149755.20    58.20   0.84    0.09    21.83  194.80 102276.80     3.00   1.52    0.35   525.03    0.00      0.00     0.00   0.00    0.00     0.00    0.00  99.92
nvme5n1       6786.00 147641.60    58.00   0.85    0.09    21.76  270.80 102196.00     9.00   3.22    0.26   377.39    0.00      0.00     0.00   0.00    0.00     0.00    0.00  99.76
nvme6n1       6785.80 147621.60    59.20   0.86    0.09    21.75  213.80 102218.40     4.40   2.02    0.31   478.10    0.00      0.00     0.00   0.00    0.00     0.00    0.00  99.76
nvme7n1       6730.00 146132.00    58.00   0.85    0.09    21.71  189.40 100255.20     2.80   1.46    0.36   529.33    0.00      0.00     0.00   0.00    0.00     0.00    0.00  99.84
nvme8n1       6888.60 147353.60    59.00   0.85    0.09    21.39  234.00 100346.40     2.80   1.18    0.27   428.83    0.00      0.00     0.00   0.00    0.00     0.00    0.00  99.76
nvme9n1       6742.80 144668.00    57.20   0.84    0.09    21.46  207.80  98659.20     2.60   1.24    0.31   474.78    0.00      0.00     0.00   0.00    0.00     0.00    0.00  99.84


Device            r/s     rkB/s   rrqm/s  %rrqm r_await rareq-sz     w/s     wkB/s   wrqm/s  %wrqm w_await wareq-sz     d/s     dkB/s   drqm/s  %drqm d_await dareq-sz  aqu-sz  %util
dm-0             0.00      0.00     0.00   0.00    0.00     0.00    2.00      8.00     0.00   0.00    0.00     4.00    0.00      0.00     0.00   0.00    0.00     0.00    0.00   0.08
loop0            0.00      0.00     0.00   0.00    0.00     0.00    0.00      0.00     0.00   0.00    0.00     0.00    0.00      0.00     0.00   0.00    0.00     0.00    0.00   0.00
loop1            0.00      0.00     0.00   0.00    0.00     0.00    0.00      0.00     0.00   0.00    0.00     0.00    0.00      0.00     0.00   0.00    0.00     0.00    0.00   0.00
loop2            0.00      0.00     0.00   0.00    0.00     0.00    0.00      0.00     0.00   0.00    0.00     0.00    0.00      0.00     0.00   0.00    0.00     0.00    0.00   0.00
loop3            0.00      0.00     0.00   0.00    0.00     0.00    0.00      0.00     0.00   0.00    0.00     0.00    0.00      0.00     0.00   0.00    0.00     0.00    0.00   0.00
loop4            0.00      0.00     0.00   0.00    0.00     0.00    0.00      0.00     0.00   0.00    0.00     0.00    0.00      0.00     0.00   0.00    0.00     0.00    0.00   0.00
loop5            0.00      0.00     0.00   0.00    0.00     0.00    0.00      0.00     0.00   0.00    0.00     0.00    0.00      0.00     0.00   0.00    0.00     0.00    0.00   0.00
loop6            0.00      0.00     0.00   0.00    0.00     0.00    0.00      0.00     0.00   0.00    0.00     0.00    0.00      0.00     0.00   0.00    0.00     0.00    0.00   0.00
loop7            0.00      0.00     0.00   0.00    0.00     0.00    0.00      0.00     0.00   0.00    0.00     0.00    0.00      0.00     0.00   0.00    0.00     0.00    0.00   0.00
md0           218477.80 4124576.80     0.00   0.00    0.00    18.88 5729.20 2322897.60     0.00   0.00    0.00   405.45    0.00      0.00     0.00   0.00    0.00     0.00    0.00   0.00
nvme0n1          0.00      0.00     0.00   0.00    0.00     0.00    0.40      8.00     1.60  80.00    0.00    20.00    0.00      0.00     0.00   0.00    0.00     0.00    0.00   0.08
nvme10n1      7148.20 127390.40    43.20   0.60    0.08    17.82  196.40  75930.40     9.40   4.57    0.27   386.61    0.00      0.00     0.00   0.00    0.00     0.00    0.00  98.80
nvme11n1      7026.20 125733.60    42.00   0.59    0.08    17.89  179.60  75384.80     5.80   3.13    0.17   419.74    0.00      0.00     0.00   0.00    0.00     0.00    0.00  98.16
nvme12n1      7042.00 124603.20    43.00   0.61    0.08    17.69  176.20  75361.60     7.00   3.82    0.31   427.70    0.00      0.00     0.00   0.00    0.00     0.00    0.00  98.08
nvme13n1      6912.60 122792.00    40.20   0.58    0.08    17.76  173.00  74772.80     3.20   1.82    0.34   432.21    0.00      0.00     0.00   0.00    0.00     0.00    0.00  98.48
nvme14n1      6925.40 122953.60    42.40   0.61    0.08    17.75  173.00  74385.60     6.40   3.57    0.32   429.97    0.00      0.00     0.00   0.00    0.00     0.00    0.00  98.16
nvme15n1      6927.20 122520.00    40.00   0.57    0.08    17.69  169.60  73629.60     0.40   0.24    0.31   434.14    0.00      0.00     0.00   0.00    0.00     0.00    0.00  98.24
nvme16n1      6907.80 122314.40    39.20   0.56    0.08    17.71  172.60  74137.60     9.60   5.27    0.33   429.53    0.00      0.00     0.00   0.00    0.00     0.00    0.00  98.40
nvme17n1      6961.20 123334.40    39.00   0.56    0.08    17.72  170.00  73996.00     1.40   0.82    0.31   435.27    0.00      0.00     0.00   0.00    0.00     0.00    0.00  98.48
nvme18n1      6929.60 122646.40    38.80   0.56    0.08    17.70  170.20  72626.40     6.40   3.62    0.34   426.71    0.00      0.00     0.00   0.00    0.00     0.00    0.00  98.64
nvme19n1      7007.20 123139.20    39.00   0.55    0.08    17.57  170.40  72565.60     0.60   0.35    0.31   425.85    0.00      0.00     0.00   0.00    0.00     0.00    0.00  98.72
nvme1n1       6980.80 120336.80    37.00   0.53    0.08    17.24  169.20  73138.40     6.80   3.86    0.17   432.26    0.00      0.00     0.00   0.00    0.00     0.00    0.00  98.72
nvme20n1      6986.00 123318.40    40.00   0.57    0.09    17.65  170.20  72126.40     7.60   4.27    0.34   423.77    0.00      0.00     0.00   0.00    0.00     0.00    0.00  97.92
nvme21n1      6903.60 120830.40    41.20   0.59    0.08    17.50  168.60  71220.80     0.80   0.47    0.30   422.42    0.00      0.00     0.00   0.00    0.00     0.00    0.00  98.24
nvme22n1      7005.60 119099.20    38.00   0.54    0.08    17.00  167.80  70942.40     7.80   4.44    0.31   422.78    0.00      0.00     0.00   0.00    0.00     0.00    0.00  98.48
nvme23n1      6949.40 120319.20    40.00   0.57    0.08    17.31  169.20  71728.80     3.00   1.74    0.17   423.93    0.00      0.00     0.00   0.00    0.00     0.00    0.00  97.68
nvme24n1      6949.60 121191.20    39.40   0.56    0.08    17.44  168.00  71691.20     8.20   4.65    0.31   426.73    0.00      0.00     0.00   0.00    0.00     0.00    0.00  98.24
nvme25n1      7113.40 122844.80    40.40   0.56    0.08    17.27  168.80  72844.00     1.00   0.59    0.32   431.54    0.00      0.00     0.00   0.00    0.00     0.00    0.00  98.08
nvme26n1      7027.80 122012.00    39.40   0.56    0.08    17.36  170.80  73262.40     8.80   4.90    0.31   428.94    0.00      0.00     0.00   0.00    0.00     0.00    0.00  98.32
nvme27n1      7021.00 121522.40    40.00   0.57    0.08    17.31  171.60  73014.40     2.60   1.49    0.17   425.49    0.00      0.00     0.00   0.00    0.00     0.00    0.00  98.40
nvme28n1      6987.20 120488.00    40.20   0.57    0.08    17.24  168.80  73188.00     7.40   4.20    0.34   433.58    0.00      0.00     0.00   0.00    0.00     0.00    0.00  98.08
nvme29n1      6957.80 118197.60    40.20   0.57    0.08    16.99  167.40  73011.20     2.00   1.18    0.32   436.15    0.00      0.00     0.00   0.00    0.00     0.00    0.00  98.24
nvme2n1       6915.60 117999.20    40.00   0.58    0.08    17.06  168.20  72222.40     3.00   1.75    0.33   429.38    0.00      0.00     0.00   0.00    0.00     0.00    0.00  98.08
nvme30n1      7031.20 120534.40    37.40   0.53    0.08    17.14  168.20  74117.60     6.00   3.44    0.30   440.65    0.00      0.00     0.00   0.00    0.00     0.00    0.00  98.32
nvme31n1      6905.40 119676.00    39.60   0.57    0.08    17.33  172.60  73936.00     1.60   0.92    0.30   428.37    0.00      0.00     0.00   0.00    0.00     0.00    0.00  98.64
nvme3n1       6991.00 119469.60    36.00   0.51    0.08    17.09  167.80  72792.80     5.00   2.89    0.34   433.81    0.00      0.00     0.00   0.00    0.00     0.00    0.00  98.24
nvme4n1       7047.00 121299.20    40.40   0.57    0.08    17.21  171.20  72448.00     2.60   1.50    0.33   423.18    0.00      0.00     0.00   0.00    0.00     0.00    0.00  98.16
nvme5n1       7205.00 124131.20    37.00   0.51    0.08    17.23  214.40  73824.80     5.20   2.37    0.27   344.33    0.00      0.00     0.00   0.00    0.00     0.00    0.00  98.16
nvme6n1       7141.60 125730.40    42.40   0.59    0.08    17.61  191.80  74420.00    10.80   5.33    0.31   388.01    0.00      0.00     0.00   0.00    0.00     0.00    0.00  98.32
nvme7n1       7110.80 126622.40    40.00   0.56    0.09    17.81  177.00  74800.80    12.60   6.65    0.35   422.60    0.00      0.00     0.00   0.00    0.00     0.00    0.00  98.00
nvme8n1       7122.20 126910.40    43.00   0.60    0.08    17.82  212.20  75892.00    41.40  16.32    0.27   357.64    0.00      0.00     0.00   0.00    0.00     0.00    0.00  98.16
nvme9n1       7104.40 126715.20    40.60   0.57    0.08    17.84  203.20  75622.40     9.00   4.24    0.29   372.16    0.00      0.00     0.00   0.00    0.00     0.00    0.00  98.96


Device            r/s     rkB/s   rrqm/s  %rrqm r_await rareq-sz     w/s     wkB/s   wrqm/s  %wrqm w_await wareq-sz     d/s     dkB/s   drqm/s  %drqm d_await dareq-sz  aqu-sz  %util
dm-0             0.00      0.00     0.00   0.00    0.00     0.00    2.40     10.40     0.00   0.00    0.00     4.33    0.00      0.00     0.00   0.00    0.00     0.00    0.00   0.16
loop0            0.00      0.00     0.00   0.00    0.00     0.00    0.00      0.00     0.00   0.00    0.00     0.00    0.00      0.00     0.00   0.00    0.00     0.00    0.00   0.00
loop1            0.00      0.00     0.00   0.00    0.00     0.00    0.00      0.00     0.00   0.00    0.00     0.00    0.00      0.00     0.00   0.00    0.00     0.00    0.00   0.00
loop2            0.00      0.00     0.00   0.00    0.00     0.00    0.00      0.00     0.00   0.00    0.00     0.00    0.00      0.00     0.00   0.00    0.00     0.00    0.00   0.00
loop3            0.00      0.00     0.00   0.00    0.00     0.00    0.00      0.00     0.00   0.00    0.00     0.00    0.00      0.00     0.00   0.00    0.00     0.00    0.00   0.00
loop4            0.00      0.00     0.00   0.00    0.00     0.00    0.00      0.00     0.00   0.00    0.00     0.00    0.00      0.00     0.00   0.00    0.00     0.00    0.00   0.00
loop5            0.00      0.00     0.00   0.00    0.00     0.00    0.00      0.00     0.00   0.00    0.00     0.00    0.00      0.00     0.00   0.00    0.00     0.00    0.00   0.00
loop6            0.00      0.00     0.00   0.00    0.00     0.00    0.00      0.00     0.00   0.00    0.00     0.00    0.00      0.00     0.00   0.00    0.00     0.00    0.00   0.00
loop7            0.00      0.00     0.00   0.00    0.00     0.00    0.00      0.00     0.00   0.00    0.00     0.00    0.00      0.00     0.00   0.00    0.00     0.00    0.00   0.00
md0           154189.80 2759957.60     0.00   0.00    0.00    17.90 3458.80 1584516.00     0.00   0.00    0.00   458.11    0.00      0.00     0.00   0.00    0.00     0.00    0.00   0.00
nvme0n1          0.00      0.00     0.00   0.00    0.00     0.00    1.00     10.40     1.40  58.33    0.00    10.40    0.00      0.00     0.00   0.00    0.00     0.00    0.00   0.16
nvme10n1      4951.00  81640.00    25.60   0.51    0.08    16.49  115.60  46714.40     0.60   0.52    0.25   404.10    0.00      0.00     0.00   0.00    0.00     0.00    0.00  85.84
nvme11n1      4877.20  81102.40    27.60   0.56    0.08    16.63  105.40  46168.80     0.00   0.00    0.17   438.03    0.00      0.00     0.00   0.00    0.00     0.00    0.00  86.00
nvme12n1      4955.60  82056.80    26.40   0.53    0.08    16.56  104.60  45640.00     0.00   0.00    0.29   436.33    0.00      0.00     0.00   0.00    0.00     0.00    0.00  85.76
nvme13n1      4940.40  81935.20    27.20   0.55    0.08    16.58  104.20  46355.20     0.00   0.00    0.33   444.87    0.00      0.00     0.00   0.00    0.00     0.00    0.00  85.04
nvme14n1      4938.80  82914.40    27.40   0.55    0.08    16.79  104.80  46178.40     0.00   0.00    0.30   440.63    0.00      0.00     0.00   0.00    0.00     0.00    0.00  86.56
nvme15n1      4984.20  82619.20    26.80   0.53    0.08    16.58  108.60  47922.40     0.00   0.00    0.30   441.27    0.00      0.00     0.00   0.00    0.00     0.00    0.00  86.24
nvme16n1      5046.20  84344.80    26.40   0.52    0.08    16.71  107.60  47261.60     0.00   0.00    0.31   439.23    0.00      0.00     0.00   0.00    0.00     0.00    0.00  85.76
nvme17n1      5068.80  83568.80    27.80   0.55    0.08    16.49  106.40  46924.00     0.00   0.00    0.29   441.02    0.00      0.00     0.00   0.00    0.00     0.00    0.00  85.68
nvme18n1      4989.00  83288.80    27.40   0.55    0.08    16.69  109.00  48275.20     0.00   0.00    0.33   442.89    0.00      0.00     0.00   0.00    0.00     0.00    0.00  87.04
nvme19n1      4981.40  83796.00    26.80   0.54    0.08    16.82  109.20  47790.40     0.00   0.00    0.30   437.64    0.00      0.00     0.00   0.00    0.00     0.00    0.00  85.60
nvme1n1       4879.60  82067.20    29.20   0.59    0.08    16.82  110.60  47968.00     0.00   0.00    0.17   433.71    0.00      0.00     0.00   0.00    0.00     0.00    0.00  86.56
nvme20n1      5089.60  85282.40    28.20   0.55    0.08    16.76  107.40  47395.20     0.20   0.19    0.34   441.30    0.00      0.00     0.00   0.00    0.00     0.00    0.00  87.20
nvme21n1      4991.60  83872.00    28.80   0.57    0.08    16.80  107.40  47022.40     0.00   0.00    0.28   437.82    0.00      0.00     0.00   0.00    0.00     0.00    0.00  88.56
nvme22n1      5023.60  84946.40    27.40   0.54    0.08    16.91  107.80  47320.80     0.00   0.00    0.29   438.97    0.00      0.00     0.00   0.00    0.00     0.00    0.00  87.12
nvme23n1      4978.20  84700.00    30.20   0.60    0.08    17.01  106.20  46860.00     0.00   0.00    0.16   441.24    0.00      0.00     0.00   0.00    0.00     0.00    0.00  86.96
nvme24n1      4995.60  84287.20    28.00   0.56    0.08    16.87  105.60  46451.20     0.00   0.00    0.28   439.88    0.00      0.00     0.00   0.00    0.00     0.00    0.00  86.00
nvme25n1      4987.60  85139.20    28.40   0.57    0.08    17.07  105.40  46427.20     0.00   0.00    0.30   440.49    0.00      0.00     0.00   0.00    0.00     0.00    0.00  86.80
nvme26n1      4919.20  83480.80    27.80   0.56    0.08    16.97  108.00  47089.60     0.00   0.00    0.30   436.01    0.00      0.00     0.00   0.00    0.00     0.00    0.00  84.96
nvme27n1      4900.00  83644.80    27.60   0.56    0.08    17.07  105.60  46764.00     0.00   0.00    0.16   442.84    0.00      0.00     0.00   0.00    0.00     0.00    0.00  85.20
nvme28n1      4904.40  84103.20    28.80   0.58    0.08    17.15  109.40  47927.20     0.00   0.00    0.31   438.09    0.00      0.00     0.00   0.00    0.00     0.00    0.00  86.08
nvme29n1      4938.00  83780.80    29.40   0.59    0.08    16.97  109.80  47576.80     0.00   0.00    0.30   433.30    0.00      0.00     0.00   0.00    0.00     0.00    0.00  86.80
nvme2n1       4912.40  81672.80    26.80   0.54    0.08    16.63  111.60  48620.80     0.00   0.00    0.33   435.67    0.00      0.00     0.00   0.00    0.00     0.00    0.00  84.96
nvme30n1      4854.00  82963.20    29.40   0.60    0.08    17.09  110.80  47753.60     0.00   0.00    0.28   430.99    0.00      0.00     0.00   0.00    0.00     0.00    0.00  86.00
nvme31n1      4928.80  83217.60    27.40   0.55    0.08    16.88  110.20  47712.00     0.00   0.00    0.30   432.96    0.00      0.00     0.00   0.00    0.00     0.00    0.00  85.76
nvme3n1       4922.80  81583.20    26.40   0.53    0.08    16.57  113.80  49043.20     0.00   0.00    0.33   430.96    0.00      0.00     0.00   0.00    0.00     0.00    0.00  85.92
nvme4n1       4888.80  80444.00    25.40   0.52    0.08    16.45  113.00  48696.80     0.00   0.00    0.31   430.95    0.00      0.00     0.00   0.00    0.00     0.00    0.00  86.32
nvme5n1       4935.20  82277.60    26.60   0.54    0.08    16.67  130.60  48500.00     0.00   0.00    0.26   371.36    0.00      0.00     0.00   0.00    0.00     0.00    0.00  86.00
nvme6n1       4939.20  81214.40    26.80   0.54    0.08    16.44  114.20  48148.00     0.00   0.00    0.31   421.61    0.00      0.00     0.00   0.00    0.00     0.00    0.00  86.80
nvme7n1       4936.60  81224.00    27.00   0.54    0.08    16.45  109.80  48085.60     0.20   0.18    0.34   437.94    0.00      0.00     0.00   0.00    0.00     0.00    0.00  85.36
nvme8n1       4798.60  80332.00    26.60   0.55    0.08    16.74  134.60  47354.40     0.20   0.15    0.23   351.82    0.00      0.00     0.00   0.00    0.00     0.00    0.00  86.08
nvme9n1       4867.80  80600.00    27.20   0.56    0.08    16.56  111.20  46830.40     0.00   0.00    0.30   421.14    0.00      0.00     0.00   0.00    0.00     0.00    0.00  86.96


Device            r/s     rkB/s   rrqm/s  %rrqm r_await rareq-sz     w/s     wkB/s   wrqm/s  %wrqm w_await wareq-sz     d/s     dkB/s   drqm/s  %drqm d_await dareq-sz  aqu-sz  %util
dm-0             0.00      0.00     0.00   0.00    0.00     0.00    3.80     16.80     0.00   0.00    0.00     4.42    0.00      0.00     0.00   0.00    0.00     0.00    0.00   0.16
loop0            0.00      0.00     0.00   0.00    0.00     0.00    0.00      0.00     0.00   0.00    0.00     0.00    0.00      0.00     0.00   0.00    0.00     0.00    0.00   0.00
loop1            0.00      0.00     0.00   0.00    0.00     0.00    0.00      0.00     0.00   0.00    0.00     0.00    0.00      0.00     0.00   0.00    0.00     0.00    0.00   0.00
loop2            0.00      0.00     0.00   0.00    0.00     0.00    0.00      0.00     0.00   0.00    0.00     0.00    0.00      0.00     0.00   0.00    0.00     0.00    0.00   0.00
loop3            0.00      0.00     0.00   0.00    0.00     0.00    0.00      0.00     0.00   0.00    0.00     0.00    0.00      0.00     0.00   0.00    0.00     0.00    0.00   0.00
loop4            0.00      0.00     0.00   0.00    0.00     0.00    0.00      0.00     0.00   0.00    0.00     0.00    0.00      0.00     0.00   0.00    0.00     0.00    0.00   0.00
loop5            0.00      0.00     0.00   0.00    0.00     0.00    0.00      0.00     0.00   0.00    0.00     0.00    0.00      0.00     0.00   0.00    0.00     0.00    0.00   0.00
loop6            0.00      0.00     0.00   0.00    0.00     0.00    0.00      0.00     0.00   0.00    0.00     0.00    0.00      0.00     0.00   0.00    0.00     0.00    0.00   0.00
loop7            0.00      0.00     0.00   0.00    0.00     0.00    0.00      0.00     0.00   0.00    0.00     0.00    0.00      0.00     0.00   0.00    0.00     0.00    0.00   0.00
md0           174720.20 5314751.20     0.00   0.00    0.00    30.42 8382.00 3651869.60     0.00   0.00    0.00   435.68    0.00      0.00     0.00   0.00    0.00     0.00    0.00   0.00
nvme0n1          0.00      0.00     0.00   0.00    0.00     0.00    0.60     16.80     3.20  84.21    0.00    28.00    0.00      0.00     0.00   0.00    0.00     0.00    0.00   0.16
nvme10n1      5549.40 161932.00    79.20   1.41    0.09    29.18  274.20 114801.60     6.40   2.28    0.29   418.68    0.00      0.00     0.00   0.00    0.00     0.00    0.00  99.04
nvme11n1      5544.00 160749.60    79.40   1.41    0.09    29.00  254.00 115464.80     4.00   1.55    0.18   454.59    0.00      0.00     0.00   0.00    0.00     0.00    0.00  98.88
nvme12n1      5539.60 158353.60    79.80   1.42    0.09    28.59  251.80 114247.20     4.60   1.79    0.33   453.72    0.00      0.00     0.00   0.00    0.00     0.00    0.00  98.96
nvme13n1      5558.20 158010.40    77.80   1.38    0.09    28.43  248.20 114045.60     3.60   1.43    0.37   459.49    0.00      0.00     0.00   0.00    0.00     0.00    0.00  99.12
nvme14n1      5557.60 155880.00    79.20   1.41    0.09    28.05  251.20 115097.60     3.00   1.18    0.34   458.19    0.00      0.00     0.00   0.00    0.00     0.00    0.00  98.96
nvme15n1      5486.40 158101.60    76.60   1.38    0.09    28.82  251.80 116320.00     2.60   1.02    0.34   461.95    0.00      0.00     0.00   0.00    0.00     0.00    0.00  98.72
nvme16n1      5493.80 156623.20    81.80   1.47    0.09    28.51  252.80 116252.80     3.80   1.48    0.38   459.86    0.00      0.00     0.00   0.00    0.00     0.00    0.00  99.12
nvme17n1      5479.60 155254.40    78.80   1.42    0.09    28.33  253.40 116596.80     3.40   1.32    0.32   460.13    0.00      0.00     0.00   0.00    0.00     0.00    0.00  99.12
nvme18n1      5512.60 153902.40    77.20   1.38    0.09    27.92  253.40 115566.40     5.20   2.01    0.37   456.06    0.00      0.00     0.00   0.00    0.00     0.00    0.00  98.80
nvme19n1      5670.60 158848.80    76.00   1.32    0.09    28.01  256.00 116148.00     2.20   0.85    0.34   453.70    0.00      0.00     0.00   0.00    0.00     0.00    0.00  98.56
nvme1n1       5660.40 158748.80    78.80   1.37    0.09    28.05  262.00 120252.80     5.60   2.09    0.18   458.98    0.00      0.00     0.00   0.00    0.00     0.00    0.00  98.80
nvme20n1      5587.00 156520.80    79.20   1.40    0.09    28.02  258.40 116213.60     3.20   1.22    0.37   449.74    0.00      0.00     0.00   0.00    0.00     0.00    0.00  98.80
nvme21n1      5561.80 156328.80    72.80   1.29    0.09    28.11  255.60 116667.20     3.80   1.46    0.32   456.44    0.00      0.00     0.00   0.00    0.00     0.00    0.00  99.20
nvme22n1      5556.00 157452.00    79.60   1.41    0.09    28.34  259.20 115909.60     4.60   1.74    0.34   447.18    0.00      0.00     0.00   0.00    0.00     0.00    0.00  98.80
nvme23n1      5561.80 155571.20    75.20   1.33    0.09    27.97  257.00 115060.00     3.80   1.46    0.18   447.70    0.00      0.00     0.00   0.00    0.00     0.00    0.00  98.88
nvme24n1      5638.60 156098.40    78.00   1.36    0.09    27.68  255.80 115876.80     4.00   1.54    0.34   453.00    0.00      0.00     0.00   0.00    0.00     0.00    0.00  98.48
nvme25n1      5624.60 157046.40    74.80   1.31    0.09    27.92  260.20 117452.80     2.20   0.84    0.34   451.39    0.00      0.00     0.00   0.00    0.00     0.00    0.00  98.80
nvme26n1      5435.40 155682.40    78.20   1.42    0.09    28.64  262.40 116692.80     6.00   2.24    0.33   444.71    0.00      0.00     0.00   0.00    0.00     0.00    0.00  99.04
nvme27n1      5370.40 154192.80    73.20   1.34    0.08    28.71  259.00 116576.00     3.60   1.37    0.17   450.10    0.00      0.00     0.00   0.00    0.00     0.00    0.00  98.80
nvme28n1      5447.60 156086.40    78.00   1.41    0.09    28.65  256.00 116474.40     4.20   1.61    0.36   454.98    0.00      0.00     0.00   0.00    0.00     0.00    0.00  98.80
nvme29n1      5639.80 158176.80    77.20   1.35    0.09    28.05  259.00 116991.20     4.40   1.67    0.33   451.70    0.00      0.00     0.00   0.00    0.00     0.00    0.00  98.88
nvme2n1       5630.20 156343.20    76.60   1.34    0.10    27.77  257.40 118056.00     4.00   1.53    0.37   458.65    0.00      0.00     0.00   0.00    0.00     0.00    0.00  98.24
nvme30n1      5563.00 159216.00    80.80   1.43    0.09    28.62  258.20 117904.80     5.80   2.20    0.31   456.64    0.00      0.00     0.00   0.00    0.00     0.00    0.00  98.88
nvme31n1      5585.80 157784.80    78.60   1.39    0.09    28.25  257.60 119024.80     4.00   1.53    0.33   462.05    0.00      0.00     0.00   0.00    0.00     0.00    0.00  98.32
nvme3n1       5685.20 159518.40    78.00   1.35    0.10    28.06  261.00 118955.20     6.20   2.32    0.38   455.77    0.00      0.00     0.00   0.00    0.00     0.00    0.00  98.80
nvme4n1       5666.40 159924.00    78.80   1.37    0.10    28.22  260.60 118532.00     3.40   1.29    0.35   454.84    0.00      0.00     0.00   0.00    0.00     0.00    0.00  99.04
nvme5n1       5693.20 159720.00    77.40   1.34    0.09    28.05  313.40 116424.80     9.80   3.03    0.29   371.49    0.00      0.00     0.00   0.00    0.00     0.00    0.00  98.96
nvme6n1       5559.00 159008.80    81.60   1.45    0.09    28.60  268.20 116562.40     4.00   1.47    0.34   434.61    0.00      0.00     0.00   0.00    0.00     0.00    0.00  98.80
nvme7n1       5491.20 158392.80    75.40   1.35    0.10    28.84  257.40 115122.40    12.80   4.74    0.36   447.25    0.00      0.00     0.00   0.00    0.00     0.00    0.00  99.04
nvme8n1       5524.40 160896.80    78.40   1.40    0.09    29.12  288.00 114089.60    34.40  10.67    0.29   396.14    0.00      0.00     0.00   0.00    0.00     0.00    0.00  98.80
nvme9n1       5435.60 161056.00    79.80   1.45    0.09    29.63  294.20 114873.60    10.20   3.35    0.30   390.46    0.00      0.00     0.00   0.00    0.00     0.00    0.00  99.20


Device            r/s     rkB/s   rrqm/s  %rrqm r_await rareq-sz     w/s     wkB/s   wrqm/s  %wrqm w_await wareq-sz     d/s     dkB/s   drqm/s  %drqm d_await dareq-sz  aqu-sz  %util
dm-0             0.00      0.00     0.00   0.00    0.00     0.00    3.60     14.40     0.00   0.00    0.00     4.00    0.00      0.00     0.00   0.00    0.00     0.00    0.00   0.08
loop0            0.00      0.00     0.00   0.00    0.00     0.00    0.00      0.00     0.00   0.00    0.00     0.00    0.00      0.00     0.00   0.00    0.00     0.00    0.00   0.00
loop1            0.00      0.00     0.00   0.00    0.00     0.00    0.00      0.00     0.00   0.00    0.00     0.00    0.00      0.00     0.00   0.00    0.00     0.00    0.00   0.00
loop2            0.00      0.00     0.00   0.00    0.00     0.00    0.00      0.00     0.00   0.00    0.00     0.00    0.00      0.00     0.00   0.00    0.00     0.00    0.00   0.00
loop3            0.00      0.00     0.00   0.00    0.00     0.00    0.00      0.00     0.00   0.00    0.00     0.00    0.00      0.00     0.00   0.00    0.00     0.00    0.00   0.00
loop4            0.00      0.00     0.00   0.00    0.00     0.00    0.00      0.00     0.00   0.00    0.00     0.00    0.00      0.00     0.00   0.00    0.00     0.00    0.00   0.00
loop5            0.00      0.00     0.00   0.00    0.00     0.00    0.00      0.00     0.00   0.00    0.00     0.00    0.00      0.00     0.00   0.00    0.00     0.00    0.00   0.00
loop6            0.00      0.00     0.00   0.00    0.00     0.00    0.00      0.00     0.00   0.00    0.00     0.00    0.00      0.00     0.00   0.00    0.00     0.00    0.00   0.00
loop7            0.00      0.00     0.00   0.00    0.00     0.00    0.00      0.00     0.00   0.00    0.00     0.00    0.00      0.00     0.00   0.00    0.00     0.00    0.00   0.00
md0           196363.20 4062841.60     0.00   0.00    0.00    20.69 5083.60 2438033.60     0.00   0.00    0.00   479.59    0.00      0.00     0.00   0.00    0.00     0.00    0.00   0.00
nvme0n1          0.00      0.00     0.00   0.00    0.00     0.00    0.40     14.40     3.20  88.89    0.00    36.00    0.00      0.00     0.00   0.00    0.00     0.00    0.00   0.08
nvme10n1      6169.80 119868.00    43.00   0.69    0.08    19.43  170.60  77374.40     2.80   1.61    0.28   453.54    0.00      0.00     0.00   0.00    0.00     0.00    0.00  96.40
nvme11n1      6142.20 120036.80    47.80   0.77    0.08    19.54  155.00  76882.40     4.20   2.64    0.18   496.02    0.00      0.00     0.00   0.00    0.00     0.00    0.00  96.24
nvme12n1      6124.20 119686.40    42.60   0.69    0.08    19.54  155.60  77604.00     3.40   2.14    0.32   498.74    0.00      0.00     0.00   0.00    0.00     0.00    0.00  96.16
nvme13n1      6123.60 120720.00    46.80   0.76    0.09    19.71  155.00  77756.00     2.40   1.52    0.36   501.65    0.00      0.00     0.00   0.00    0.00     0.00    0.00  96.16
nvme14n1      6282.60 123384.80    44.80   0.71    0.09    19.64  155.00  77873.60     5.20   3.25    0.33   502.41    0.00      0.00     0.00   0.00    0.00     0.00    0.00  96.48
nvme15n1      6194.40 122492.80    48.20   0.77    0.09    19.77  156.60  77584.00     1.80   1.14    0.32   495.43    0.00      0.00     0.00   0.00    0.00     0.00    0.00  95.68
nvme16n1      6220.20 122590.40    46.80   0.75    0.09    19.71  151.40  76506.40     2.40   1.56    0.34   505.33    0.00      0.00     0.00   0.00    0.00     0.00    0.00  96.00
nvme17n1      6328.00 124135.20    45.40   0.71    0.08    19.62  156.20  78329.60     1.60   1.01    0.31   501.47    0.00      0.00     0.00   0.00    0.00     0.00    0.00  96.32
nvme18n1      6351.60 124728.00    47.60   0.74    0.08    19.64  155.00  78257.60     1.20   0.77    0.36   504.89    0.00      0.00     0.00   0.00    0.00     0.00    0.00  95.44
nvme19n1      6393.20 124706.40    46.80   0.73    0.08    19.51  154.60  78824.00     1.40   0.90    0.32   509.86    0.00      0.00     0.00   0.00    0.00     0.00    0.00  95.68
nvme1n1       6137.80 119440.00    45.60   0.74    0.08    19.46  148.40  73740.80     3.60   2.37    0.18   496.91    0.00      0.00     0.00   0.00    0.00     0.00    0.00  96.64
nvme20n1      6401.60 124421.60    49.20   0.76    0.09    19.44  155.00  78043.20     1.20   0.77    0.37   503.50    0.00      0.00     0.00   0.00    0.00     0.00    0.00  96.48
nvme21n1      6459.00 123869.60    44.60   0.69    0.08    19.18  152.80  77647.20     1.40   0.91    0.31   508.16    0.00      0.00     0.00   0.00    0.00     0.00    0.00  96.48
nvme22n1      6431.60 123258.40    47.00   0.73    0.08    19.16  152.40  77124.80     1.80   1.17    0.33   506.07    0.00      0.00     0.00   0.00    0.00     0.00    0.00  96.24
nvme23n1      6470.40 124649.60    45.20   0.69    0.08    19.26  154.00  78078.40     1.60   1.03    0.18   507.00    0.00      0.00     0.00   0.00    0.00     0.00    0.00  96.96
nvme24n1      6441.80 124830.40    47.20   0.73    0.08    19.38  155.20  78940.80     0.60   0.39    0.33   508.64    0.00      0.00     0.00   0.00    0.00     0.00    0.00  96.64
nvme25n1      6442.60 124100.00    44.40   0.68    0.08    19.26  154.00  77638.40     1.80   1.16    0.33   504.15    0.00      0.00     0.00   0.00    0.00     0.00    0.00  96.96
nvme26n1      6392.00 123618.40    47.60   0.74    0.08    19.34  153.80  76811.20     4.00   2.53    0.32   499.42    0.00      0.00     0.00   0.00    0.00     0.00    0.00  96.08
nvme27n1      6432.00 123369.60    42.20   0.65    0.08    19.18  153.00  76194.40     2.60   1.67    0.17   498.00    0.00      0.00     0.00   0.00    0.00     0.00    0.00  96.56
nvme28n1      6447.60 123237.60    47.80   0.74    0.08    19.11  152.00  75786.40     2.00   1.30    0.34   498.59    0.00      0.00     0.00   0.00    0.00     0.00    0.00  96.56
nvme29n1      6307.80 121663.20    45.20   0.71    0.08    19.29  151.00  74688.80     3.20   2.08    0.31   494.63    0.00      0.00     0.00   0.00    0.00     0.00    0.00  96.08
nvme2n1       6178.40 119860.80    43.20   0.69    0.09    19.40  149.40  75076.00     1.40   0.93    0.37   502.52    0.00      0.00     0.00   0.00    0.00     0.00    0.00  96.24
nvme30n1      6174.60 119073.60    44.40   0.71    0.08    19.28  148.60  73487.20     1.20   0.80    0.31   494.53    0.00      0.00     0.00   0.00    0.00     0.00    0.00  96.40
nvme31n1      6178.20 120064.00    41.40   0.67    0.08    19.43  149.00  73550.40     3.60   2.36    0.31   493.63    0.00      0.00     0.00   0.00    0.00     0.00    0.00  96.24
nvme3n1       6247.00 121484.80    45.00   0.72    0.09    19.45  152.20  76561.60     1.60   1.04    0.36   503.03    0.00      0.00     0.00   0.00    0.00     0.00    0.00  96.56
nvme4n1       6285.80 123595.20    44.40   0.70    0.09    19.66  153.60  77608.80     1.00   0.65    0.35   505.27    0.00      0.00     0.00   0.00    0.00     0.00    0.00  96.48
nvme5n1       6259.00 122033.60    49.60   0.79    0.08    19.50  204.00  77556.80     4.80   2.30    0.27   380.18    0.00      0.00     0.00   0.00    0.00     0.00    0.00  96.16
nvme6n1       6245.40 122208.80    44.20   0.70    0.08    19.57  169.20  76717.60     5.20   2.98    0.31   453.41    0.00      0.00     0.00   0.00    0.00     0.00    0.00  95.76
nvme7n1       6241.60 121344.80    48.60   0.77    0.09    19.44  156.20  77392.80     8.80   5.33    0.35   495.47    0.00      0.00     0.00   0.00    0.00     0.00    0.00  96.08
nvme8n1       6217.00 121170.40    44.40   0.71    0.08    19.49  208.60  77802.40    29.80  12.50    0.25   372.97    0.00      0.00     0.00   0.00    0.00     0.00    0.00  96.24
nvme9n1       6219.80 119636.80    47.40   0.76    0.08    19.23  162.40  76698.40     6.80   4.02    0.32   472.28    0.00      0.00     0.00   0.00    0.00     0.00    0.00  95.92


Device            r/s     rkB/s   rrqm/s  %rrqm r_await rareq-sz     w/s     wkB/s   wrqm/s  %wrqm w_await wareq-sz     d/s     dkB/s   drqm/s  %drqm d_await dareq-sz  aqu-sz  %util
dm-0             0.00      0.00     0.00   0.00    0.00     0.00   13.00     93.60     0.00   0.00    0.00     7.20    0.00      0.00     0.00   0.00    0.00     0.00    0.00   0.16
loop0            0.00      0.00     0.00   0.00    0.00     0.00    0.00      0.00     0.00   0.00    0.00     0.00    0.00      0.00     0.00   0.00    0.00     0.00    0.00   0.00
loop1            0.00      0.00     0.00   0.00    0.00     0.00    0.00      0.00     0.00   0.00    0.00     0.00    0.00      0.00     0.00   0.00    0.00     0.00    0.00   0.00
loop2            0.00      0.00     0.00   0.00    0.00     0.00    0.00      0.00     0.00   0.00    0.00     0.00    0.00      0.00     0.00   0.00    0.00     0.00    0.00   0.00
loop3            0.00      0.00     0.00   0.00    0.00     0.00    0.00      0.00     0.00   0.00    0.00     0.00    0.00      0.00     0.00   0.00    0.00     0.00    0.00   0.00
loop4            0.00      0.00     0.00   0.00    0.00     0.00    0.00      0.00     0.00   0.00    0.00     0.00    0.00      0.00     0.00   0.00    0.00     0.00    0.00   0.00
loop5            0.00      0.00     0.00   0.00    0.00     0.00    0.00      0.00     0.00   0.00    0.00     0.00    0.00      0.00     0.00   0.00    0.00     0.00    0.00   0.00
loop6            0.00      0.00     0.00   0.00    0.00     0.00    0.00      0.00     0.00   0.00    0.00     0.00    0.00      0.00     0.00   0.00    0.00     0.00    0.00   0.00
loop7            0.00      0.00     0.00   0.00    0.00     0.00    0.00      0.00     0.00   0.00    0.00     0.00    0.00      0.00     0.00   0.00    0.00     0.00    0.00   0.00
md0           97843.00 4784773.60     0.00   0.00    0.00    48.90 8578.60 3634992.80     0.00   0.00    0.00   423.73    0.00      0.00     0.00   0.00    0.00     0.00    0.00   0.00
nvme0n1          0.00      0.00     0.00   0.00    0.00     0.00   10.80     93.60     2.20  16.92    0.06     8.67    0.00      0.00     0.00   0.00    0.00     0.00    0.00   0.16
nvme10n1      2981.40 139404.80    73.60   2.41    0.11    46.76  279.40 115859.20     4.40   1.55    0.32   414.67    0.00      0.00     0.00   0.00    0.00     0.00    0.00  82.40
nvme11n1      3011.80 142408.00    79.60   2.57    0.10    47.28  265.80 115725.60     2.20   0.82    0.19   435.39    0.00      0.00     0.00   0.00    0.00     0.00    0.00  81.84
nvme12n1      3090.80 142268.00    78.40   2.47    0.10    46.03  263.60 115254.40     1.00   0.38    0.35   437.23    0.00      0.00     0.00   0.00    0.00     0.00    0.00  80.96
nvme13n1      3124.00 140484.80    79.60   2.48    0.11    44.97  262.40 114403.20     2.60   0.98    0.39   435.99    0.00      0.00     0.00   0.00    0.00     0.00    0.00  82.08
nvme14n1      3052.80 138664.80    75.00   2.40    0.11    45.42  259.00 112914.40     4.00   1.52    0.35   435.96    0.00      0.00     0.00   0.00    0.00     0.00    0.00  82.24
nvme15n1      3085.80 137793.60    78.80   2.49    0.11    44.65  258.20 112215.20     2.20   0.84    0.34   434.61    0.00      0.00     0.00   0.00    0.00     0.00    0.00  82.32
nvme16n1      3155.80 137934.40    73.80   2.29    0.11    43.71  256.20 112509.60     3.00   1.16    0.38   439.15    0.00      0.00     0.00   0.00    0.00     0.00    0.00  81.60
nvme17n1      3212.00 141006.40    80.80   2.45    0.11    43.90  262.20 113425.60     2.80   1.06    0.34   432.59    0.00      0.00     0.00   0.00    0.00     0.00    0.00  82.96
nvme18n1      3223.60 138465.60    74.40   2.26    0.10    42.95  256.20 112639.20     0.60   0.23    0.38   439.65    0.00      0.00     0.00   0.00    0.00     0.00    0.00  80.56
nvme19n1      3223.20 139923.20    77.20   2.34    0.10    43.41  258.20 113544.00     3.80   1.45    0.36   439.75    0.00      0.00     0.00   0.00    0.00     0.00    0.00  83.20
nvme1n1       3061.80 140908.80    77.20   2.46    0.10    46.02  266.40 115060.80     3.80   1.41    0.18   431.91    0.00      0.00     0.00   0.00    0.00     0.00    0.00  83.28
nvme20n1      3202.60 140312.00    74.20   2.26    0.11    43.81  259.40 112346.40     3.80   1.44    0.39   433.10    0.00      0.00     0.00   0.00    0.00     0.00    0.00  82.32
nvme21n1      3172.40 139340.80    81.60   2.51    0.10    43.92  262.20 113676.00     3.60   1.35    0.32   433.55    0.00      0.00     0.00   0.00    0.00     0.00    0.00  81.36
nvme22n1      3044.80 138339.20    73.60   2.36    0.11    45.43  259.60 112938.40     2.80   1.07    0.37   435.05    0.00      0.00     0.00   0.00    0.00     0.00    0.00  81.28
nvme23n1      3121.80 138954.40    77.20   2.41    0.10    44.51  259.00 114829.60     4.00   1.52    0.19   443.36    0.00      0.00     0.00   0.00    0.00     0.00    0.00  81.12
nvme24n1      3157.20 141062.40    75.40   2.33    0.11    44.68  264.40 116678.40     3.00   1.12    0.36   441.30    0.00      0.00     0.00   0.00    0.00     0.00    0.00  82.56
nvme25n1      3179.20 139045.60    78.60   2.41    0.11    43.74  264.80 116928.80     0.80   0.30    0.37   441.57    0.00      0.00     0.00   0.00    0.00     0.00    0.00  82.48
nvme26n1      3165.40 137971.20    72.40   2.24    0.10    43.59  268.20 116435.20     3.00   1.11    0.35   434.14    0.00      0.00     0.00   0.00    0.00     0.00    0.00  81.28
nvme27n1      3051.40 138584.00    77.20   2.47    0.09    45.42  265.60 115116.80     1.60   0.60    0.17   433.42    0.00      0.00     0.00   0.00    0.00     0.00    0.00  81.44
nvme28n1      3055.00 140436.00    74.40   2.38    0.10    45.97  272.20 116009.60     3.20   1.16    0.37   426.19    0.00      0.00     0.00   0.00    0.00     0.00    0.00  83.92
nvme29n1      3102.40 139734.40    78.80   2.48    0.11    45.04  261.00 114161.60     1.60   0.61    0.35   437.40    0.00      0.00     0.00   0.00    0.00     0.00    0.00  83.52
nvme2n1       3030.80 140610.40    79.20   2.55    0.11    46.39  263.80 115902.40     1.80   0.68    0.40   439.36    0.00      0.00     0.00   0.00    0.00     0.00    0.00  82.40
nvme30n1      3112.80 140035.20    75.20   2.36    0.10    44.99  261.20 114216.00     3.60   1.36    0.33   437.27    0.00      0.00     0.00   0.00    0.00     0.00    0.00  82.96
nvme31n1      3057.40 141171.20    77.80   2.48    0.10    46.17  263.80 114468.80     1.60   0.60    0.35   433.92    0.00      0.00     0.00   0.00    0.00     0.00    0.00  82.08
nvme3n1       3003.00 140886.40    76.60   2.49    0.11    46.92  268.00 116364.80     3.40   1.25    0.40   434.20    0.00      0.00     0.00   0.00    0.00     0.00    0.00  82.24
nvme4n1       3021.40 141535.20    77.20   2.49    0.11    46.84  270.60 117193.60     4.00   1.46    0.37   433.09    0.00      0.00     0.00   0.00    0.00     0.00    0.00  82.48
nvme5n1       2958.00 140964.00    79.40   2.61    0.11    47.66  333.40 118202.40     6.60   1.94    0.31   354.54    0.00      0.00     0.00   0.00    0.00     0.00    0.00  82.80
nvme6n1       2990.60 140361.60    76.80   2.50    0.10    46.93  288.40 118261.60     3.80   1.30    0.35   410.06    0.00      0.00     0.00   0.00    0.00     0.00    0.00  83.28
nvme7n1       2979.80 138981.60    77.40   2.53    0.11    46.64  270.60 118261.60    11.00   3.91    0.40   437.03    0.00      0.00     0.00   0.00    0.00     0.00    0.00  82.80
nvme8n1       2936.00 137686.40    74.80   2.48    0.11    46.90  335.40 117360.80    27.20   7.50    0.29   349.91    0.00      0.00     0.00   0.00    0.00     0.00    0.00  83.04
nvme9n1       2905.00 140144.80    76.20   2.56    0.11    48.24  282.00 117024.00     8.80   3.03    0.36   414.98    0.00      0.00     0.00   0.00    0.00     0.00    0.00  81.52


Device            r/s     rkB/s   rrqm/s  %rrqm r_await rareq-sz     w/s     wkB/s   wrqm/s  %wrqm w_await wareq-sz     d/s     dkB/s   drqm/s  %drqm d_await dareq-sz  aqu-sz  %util
dm-0             0.00      0.00     0.00   0.00    0.00     0.00    7.80     31.20     0.00   0.00    0.00     4.00    0.00      0.00     0.00   0.00    0.00     0.00    0.00   0.16
loop0            0.00      0.00     0.00   0.00    0.00     0.00    0.00      0.00     0.00   0.00    0.00     0.00    0.00      0.00     0.00   0.00    0.00     0.00    0.00   0.00
loop1            0.00      0.00     0.00   0.00    0.00     0.00    0.00      0.00     0.00   0.00    0.00     0.00    0.00      0.00     0.00   0.00    0.00     0.00    0.00   0.00
loop2            0.00      0.00     0.00   0.00    0.00     0.00    0.00      0.00     0.00   0.00    0.00     0.00    0.00      0.00     0.00   0.00    0.00     0.00    0.00   0.00
loop3            0.00      0.00     0.00   0.00    0.00     0.00    0.00      0.00     0.00   0.00    0.00     0.00    0.00      0.00     0.00   0.00    0.00     0.00    0.00   0.00
loop4            0.00      0.00     0.00   0.00    0.00     0.00    0.00      0.00     0.00   0.00    0.00     0.00    0.00      0.00     0.00   0.00    0.00     0.00    0.00   0.00
loop5            0.00      0.00     0.00   0.00    0.00     0.00    0.00      0.00     0.00   0.00    0.00     0.00    0.00      0.00     0.00   0.00    0.00     0.00    0.00   0.00
loop6            0.00      0.00     0.00   0.00    0.00     0.00    0.00      0.00     0.00   0.00    0.00     0.00    0.00      0.00     0.00   0.00    0.00     0.00    0.00   0.00
loop7            0.00      0.00     0.00   0.00    0.00     0.00    0.00      0.00     0.00   0.00    0.00     0.00    0.00      0.00     0.00   0.00    0.00     0.00    0.00   0.00
md0           223754.80 4403913.60     0.00   0.00    0.00    19.68 5643.20 2589988.00     0.00   0.00    0.00   458.96    0.00      0.00     0.00   0.00    0.00     0.00    0.00   0.00
nvme0n1          0.00      0.00     0.00   0.00    0.00     0.00    4.80     31.20     3.00  38.46    0.04     6.50    0.00      0.00     0.00   0.00    0.00     0.00    0.00   0.16
nvme10n1      7107.60 131369.60    45.40   0.63    0.08    18.48  186.80  81265.60     4.20   2.20    0.27   435.04    0.00      0.00     0.00   0.00    0.00     0.00    0.00 100.00
nvme11n1      7153.00 131963.20    45.20   0.63    0.08    18.45  173.60  81291.20     4.00   2.25    0.17   468.27    0.00      0.00     0.00   0.00    0.00     0.00    0.00  99.92
nvme12n1      7057.20 132652.80    47.80   0.67    0.08    18.80  170.40  81120.80     1.20   0.70    0.31   476.06    0.00      0.00     0.00   0.00    0.00     0.00    0.00  99.92
nvme13n1      7203.20 133795.20    46.20   0.64    0.08    18.57  167.80  79806.40     2.60   1.53    0.34   475.60    0.00      0.00     0.00   0.00    0.00     0.00    0.00  99.92
nvme14n1      7222.60 134081.60    47.00   0.65    0.08    18.56  168.20  80516.80     1.80   1.06    0.32   478.70    0.00      0.00     0.00   0.00    0.00     0.00    0.00  99.92
nvme15n1      7199.40 134836.80    44.20   0.61    0.08    18.73  167.80  80801.60     3.80   2.21    0.31   481.54    0.00      0.00     0.00   0.00    0.00     0.00    0.00 100.00
nvme16n1      7176.00 134096.80    50.80   0.70    0.09    18.69  169.00  80000.00     2.00   1.17    0.34   473.37    0.00      0.00     0.00   0.00    0.00     0.00    0.00  99.84
nvme17n1      7132.40 133488.80    47.20   0.66    0.08    18.72  165.60  79826.40     3.40   2.01    0.30   482.04    0.00      0.00     0.00   0.00    0.00     0.00    0.00  99.84
nvme18n1      7100.40 132387.20    49.00   0.69    0.08    18.65  166.00  79703.20     1.60   0.95    0.33   480.14    0.00      0.00     0.00   0.00    0.00     0.00    0.00 100.00
nvme19n1      7263.80 133544.00    46.00   0.63    0.08    18.38  169.40  80420.80     3.40   1.97    0.31   474.74    0.00      0.00     0.00   0.00    0.00     0.00    0.00  99.92
nvme1n1       7147.60 132336.80    47.60   0.66    0.08    18.51  168.40  80286.40     4.40   2.55    0.18   476.76    0.00      0.00     0.00   0.00    0.00     0.00    0.00  99.92
nvme20n1      7275.00 131799.20    47.40   0.65    0.09    18.12  169.60  80373.60     3.40   1.97    0.34   473.90    0.00      0.00     0.00   0.00    0.00     0.00    0.00  99.92
nvme21n1      7320.80 132559.20    45.60   0.62    0.08    18.11  170.60  80850.40     5.20   2.96    0.29   473.92    0.00      0.00     0.00   0.00    0.00     0.00    0.00  99.92
nvme22n1      7145.60 129659.20    46.00   0.64    0.08    18.15  166.20  80030.40     2.20   1.31    0.32   481.53    0.00      0.00     0.00   0.00    0.00     0.00    0.00  99.84
nvme23n1      7244.80 129816.80    43.40   0.60    0.08    17.92  169.80  79752.80     4.80   2.75    0.17   469.69    0.00      0.00     0.00   0.00    0.00     0.00    0.00  99.92
nvme24n1      7284.20 131710.40    45.60   0.62    0.08    18.08  169.40  80653.60     3.60   2.08    0.31   476.11    0.00      0.00     0.00   0.00    0.00     0.00    0.00  99.92
nvme25n1      7315.20 131924.00    44.20   0.60    0.08    18.03  171.40  81526.40     3.60   2.06    0.32   475.65    0.00      0.00     0.00   0.00    0.00     0.00    0.00  99.84
nvme26n1      7271.60 132888.80    48.20   0.66    0.08    18.28  176.00  82960.80     3.80   2.11    0.32   471.37    0.00      0.00     0.00   0.00    0.00     0.00    0.00 100.00
nvme27n1      7190.80 131521.60    43.60   0.60    0.08    18.29  178.00  82494.40     2.20   1.22    0.16   463.45    0.00      0.00     0.00   0.00    0.00     0.00    0.00  99.92
nvme28n1      7266.40 131916.80    47.80   0.65    0.08    18.15  175.60  81824.00     4.20   2.34    0.33   465.97    0.00      0.00     0.00   0.00    0.00     0.00    0.00 100.00
nvme29n1      7173.60 131288.00    44.20   0.61    0.08    18.30  171.60  80212.00     3.00   1.72    0.31   467.44    0.00      0.00     0.00   0.00    0.00     0.00    0.00 100.00
nvme2n1       7124.20 131714.40    44.20   0.62    0.08    18.49  168.20  80433.60     0.80   0.47    0.33   478.20    0.00      0.00     0.00   0.00    0.00     0.00    0.00 100.00
nvme30n1      7058.20 130763.20    46.60   0.66    0.08    18.53  168.80  79388.80     4.40   2.54    0.30   470.31    0.00      0.00     0.00   0.00    0.00     0.00    0.00 100.00
nvme31n1      7134.80 132590.40    42.40   0.59    0.08    18.58  171.00  80543.20     1.20   0.70    0.31   471.01    0.00      0.00     0.00   0.00    0.00     0.00    0.00  99.92
nvme3n1       7143.20 131505.60    47.40   0.66    0.08    18.41  170.00  81570.40     4.60   2.63    0.35   479.83    0.00      0.00     0.00   0.00    0.00     0.00    0.00 100.00
nvme4n1       7119.40 131042.40    44.80   0.63    0.08    18.41  172.40  81830.40     2.00   1.15    0.34   474.65    0.00      0.00     0.00   0.00    0.00     0.00    0.00  99.92
nvme5n1       7138.20 131396.00    45.40   0.63    0.08    18.41  223.60  82191.20     7.60   3.29    0.26   367.58    0.00      0.00     0.00   0.00    0.00     0.00    0.00  99.92
nvme6n1       7076.20 130667.20    46.80   0.66    0.08    18.47  187.80  81022.40     3.60   1.88    0.30   431.43    0.00      0.00     0.00   0.00    0.00     0.00    0.00 100.00
nvme7n1       7142.00 131317.60    46.80   0.65    0.08    18.39  169.60  80284.00    13.40   7.32    0.34   473.37    0.00      0.00     0.00   0.00    0.00     0.00    0.00 100.00
nvme8n1       7114.00 130612.80    45.40   0.63    0.08    18.36  227.40  80601.60    30.00  11.66    0.24   354.45    0.00      0.00     0.00   0.00    0.00     0.00    0.00  99.84
nvme9n1       7014.00 129655.20    45.20   0.64    0.08    18.49  175.60  80695.20     9.40   5.08    0.31   459.54    0.00      0.00     0.00   0.00    0.00     0.00    0.00 100.00


Device            r/s     rkB/s   rrqm/s  %rrqm r_await rareq-sz     w/s     wkB/s   wrqm/s  %wrqm w_await wareq-sz     d/s     dkB/s   drqm/s  %drqm d_await dareq-sz  aqu-sz  %util
dm-0             0.00      0.00     0.00   0.00    0.00     0.00    2.20     19.20     0.00   0.00    0.00     8.73    0.00      0.00     0.00   0.00    0.00     0.00    0.00   0.16
loop0            0.00      0.00     0.00   0.00    0.00     0.00    0.00      0.00     0.00   0.00    0.00     0.00    0.00      0.00     0.00   0.00    0.00     0.00    0.00   0.00
loop1            0.00      0.00     0.00   0.00    0.00     0.00    0.00      0.00     0.00   0.00    0.00     0.00    0.00      0.00     0.00   0.00    0.00     0.00    0.00   0.00
loop2            0.00      0.00     0.00   0.00    0.00     0.00    0.00      0.00     0.00   0.00    0.00     0.00    0.00      0.00     0.00   0.00    0.00     0.00    0.00   0.00
loop3            0.00      0.00     0.00   0.00    0.00     0.00    0.00      0.00     0.00   0.00    0.00     0.00    0.00      0.00     0.00   0.00    0.00     0.00    0.00   0.00
loop4            0.00      0.00     0.00   0.00    0.00     0.00    0.00      0.00     0.00   0.00    0.00     0.00    0.00      0.00     0.00   0.00    0.00     0.00    0.00   0.00
loop5            0.00      0.00     0.00   0.00    0.00     0.00    0.00      0.00     0.00   0.00    0.00     0.00    0.00      0.00     0.00   0.00    0.00     0.00    0.00   0.00
loop6            0.00      0.00     0.00   0.00    0.00     0.00    0.00      0.00     0.00   0.00    0.00     0.00    0.00      0.00     0.00   0.00    0.00     0.00    0.00   0.00
loop7            0.00      0.00     0.00   0.00    0.00     0.00    0.00      0.00     0.00   0.00    0.00     0.00    0.00      0.00     0.00   0.00    0.00     0.00    0.00   0.00
md0           128856.60 4241340.00     0.00   0.00    0.00    32.92 6452.40 2944274.40     0.00   0.00    0.00   456.31    0.00      0.00     0.00   0.00    0.00     0.00    0.00   0.00
nvme0n1          0.00      0.00     0.00   0.00    0.00     0.00    0.60     19.20     1.60  72.73    0.00    32.00    0.00      0.00     0.00   0.00    0.00     0.00    0.00   0.16
nvme10n1      4118.40 124864.00    59.60   1.43    0.09    30.32  210.80  90893.60     2.00   0.94    0.29   431.18    0.00      0.00     0.00   0.00    0.00     0.00    0.00  87.20
nvme11n1      4083.40 122460.00    58.60   1.41    0.09    29.99  191.40  89644.80     0.40   0.21    0.18   468.36    0.00      0.00     0.00   0.00    0.00     0.00    0.00  87.04
nvme12n1      4089.40 122307.20    55.20   1.33    0.09    29.91  189.00  88708.80     0.40   0.21    0.32   469.36    0.00      0.00     0.00   0.00    0.00     0.00    0.00  88.32
nvme13n1      4081.40 124052.80    58.80   1.42    0.09    30.39  188.20  88319.20     0.40   0.21    0.37   469.28    0.00      0.00     0.00   0.00    0.00     0.00    0.00  88.00
nvme14n1      4135.40 123329.60    57.60   1.37    0.09    29.82  191.60  88249.60     0.40   0.21    0.32   460.59    0.00      0.00     0.00   0.00    0.00     0.00    0.00  88.88
nvme15n1      4052.40 123651.20    57.60   1.40    0.09    30.51  191.40  89994.40     0.40   0.21    0.32   470.19    0.00      0.00     0.00   0.00    0.00     0.00    0.00  88.32
nvme16n1      4005.00 123652.00    58.80   1.45    0.09    30.87  195.40  90421.60     0.20   0.10    0.34   462.75    0.00      0.00     0.00   0.00    0.00     0.00    0.00  86.88
nvme17n1      4001.80 124026.40    62.40   1.54    0.09    30.99  196.20  90795.20     0.20   0.10    0.32   462.77    0.00      0.00     0.00   0.00    0.00     0.00    0.00  86.32
nvme18n1      3975.60 123208.00    59.20   1.47    0.09    30.99  196.00  90635.20     0.40   0.20    0.35   462.42    0.00      0.00     0.00   0.00    0.00     0.00    0.00  88.24
nvme19n1      4066.60 124412.00    61.60   1.49    0.09    30.59  199.40  92330.40     0.20   0.10    0.33   463.04    0.00      0.00     0.00   0.00    0.00     0.00    0.00  87.84
nvme1n1       4013.00 124159.20    57.60   1.42    0.09    30.94  203.00  93490.40     0.40   0.20    0.18   460.54    0.00      0.00     0.00   0.00    0.00     0.00    0.00  86.80
nvme20n1      4039.00 121616.80    57.00   1.39    0.09    30.11  202.00  93986.40     0.20   0.10    0.36   465.28    0.00      0.00     0.00   0.00    0.00     0.00    0.00  88.00
nvme21n1      4145.60 123576.80    60.00   1.43    0.09    29.81  206.20  96279.20     0.20   0.10    0.31   466.92    0.00      0.00     0.00   0.00    0.00     0.00    0.00  87.92
nvme22n1      4174.60 126260.00    58.80   1.39    0.09    30.24  207.80  96621.60     0.20   0.10    0.33   464.97    0.00      0.00     0.00   0.00    0.00     0.00    0.00  87.68
nvme23n1      4138.00 125384.80    61.60   1.47    0.09    30.30  206.60  95616.80     0.40   0.19    0.18   462.81    0.00      0.00     0.00   0.00    0.00     0.00    0.00  87.36
nvme24n1      4181.60 124683.20    59.20   1.40    0.09    29.82  207.80  97141.60     0.20   0.10    0.34   467.48    0.00      0.00     0.00   0.00    0.00     0.00    0.00  88.40
nvme25n1      4184.40 124678.40    61.20   1.44    0.09    29.80  209.80  97732.80     0.40   0.19    0.33   465.84    0.00      0.00     0.00   0.00    0.00     0.00    0.00  87.44
nvme26n1      4113.60 124149.60    59.60   1.43    0.09    30.18  209.60  96264.80     0.20   0.10    0.34   459.28    0.00      0.00     0.00   0.00    0.00     0.00    0.00  86.96
nvme27n1      4115.40 124674.40    61.80   1.48    0.08    30.29  211.00  96600.00     0.20   0.09    0.17   457.82    0.00      0.00     0.00   0.00    0.00     0.00    0.00  86.96
nvme28n1      4134.80 125250.40    57.20   1.36    0.09    30.29  211.20  96712.00     0.20   0.09    0.34   457.92    0.00      0.00     0.00   0.00    0.00     0.00    0.00  87.36
nvme29n1      4143.40 125066.40    59.80   1.42    0.09    30.18  208.00  95814.40     0.20   0.10    0.32   460.65    0.00      0.00     0.00   0.00    0.00     0.00    0.00  87.44
nvme2n1       4078.20 126773.60    58.80   1.42    0.09    31.09  202.80  93650.40     0.20   0.10    0.36   461.79    0.00      0.00     0.00   0.00    0.00     0.00    0.00  88.40
nvme30n1      4060.40 124140.00    56.40   1.37    0.09    30.57  208.20  95114.40     0.40   0.19    0.31   456.84    0.00      0.00     0.00   0.00    0.00     0.00    0.00  88.48
nvme31n1      4088.80 124630.40    58.40   1.41    0.09    30.48  206.60  94319.20     0.60   0.29    0.32   456.53    0.00      0.00     0.00   0.00    0.00     0.00    0.00  87.04
nvme3n1       4123.20 128028.00    58.60   1.40    0.09    31.05  202.40  92751.20     0.20   0.10    0.37   458.26    0.00      0.00     0.00   0.00    0.00     0.00    0.00  88.00
nvme4n1       4211.80 130224.80    61.40   1.44    0.09    30.92  198.00  92304.00     0.20   0.10    0.35   466.18    0.00      0.00     0.00   0.00    0.00     0.00    0.00  88.96
nvme5n1       4071.60 127548.80    61.80   1.50    0.09    31.33  251.40  91997.60     4.20   1.64    0.28   365.94    0.00      0.00     0.00   0.00    0.00     0.00    0.00  88.80
nvme6n1       4054.80 126946.40    60.40   1.47    0.09    31.31  210.60  91969.60     1.00   0.47    0.32   436.70    0.00      0.00     0.00   0.00    0.00     0.00    0.00  87.44
nvme7n1       4126.80 127237.60    61.80   1.48    0.09    30.83  197.20  92557.60     0.20   0.10    0.37   469.36    0.00      0.00     0.00   0.00    0.00     0.00    0.00  87.52
nvme8n1       4114.20 126978.40    60.40   1.45    0.09    30.86  252.60  91838.40     0.20   0.08    0.26   363.57    0.00      0.00     0.00   0.00    0.00     0.00    0.00  87.52
nvme9n1       4096.00 127717.60    63.00   1.51    0.09    31.18  199.60  92002.40     0.20   0.10    0.35   460.93    0.00      0.00     0.00   0.00    0.00     0.00    0.00  88.00


Device            r/s     rkB/s   rrqm/s  %rrqm r_await rareq-sz     w/s     wkB/s   wrqm/s  %wrqm w_await wareq-sz     d/s     dkB/s   drqm/s  %drqm d_await dareq-sz  aqu-sz  %util
dm-0             0.00      0.00     0.00   0.00    0.00     0.00    3.40     20.00     0.00   0.00    0.00     5.88    0.00      0.00     0.00   0.00    0.00     0.00    0.00   0.16
loop0            0.00      0.00     0.00   0.00    0.00     0.00    0.00      0.00     0.00   0.00    0.00     0.00    0.00      0.00     0.00   0.00    0.00     0.00    0.00   0.00
loop1            0.00      0.00     0.00   0.00    0.00     0.00    0.00      0.00     0.00   0.00    0.00     0.00    0.00      0.00     0.00   0.00    0.00     0.00    0.00   0.00
loop2            0.00      0.00     0.00   0.00    0.00     0.00    0.00      0.00     0.00   0.00    0.00     0.00    0.00      0.00     0.00   0.00    0.00     0.00    0.00   0.00
loop3            0.00      0.00     0.00   0.00    0.00     0.00    0.00      0.00     0.00   0.00    0.00     0.00    0.00      0.00     0.00   0.00    0.00     0.00    0.00   0.00
loop4            0.00      0.00     0.00   0.00    0.00     0.00    0.00      0.00     0.00   0.00    0.00     0.00    0.00      0.00     0.00   0.00    0.00     0.00    0.00   0.00
loop5            0.00      0.00     0.00   0.00    0.00     0.00    0.00      0.00     0.00   0.00    0.00     0.00    0.00      0.00     0.00   0.00    0.00     0.00    0.00   0.00
loop6            0.00      0.00     0.00   0.00    0.00     0.00    0.00      0.00     0.00   0.00    0.00     0.00    0.00      0.00     0.00   0.00    0.00     0.00    0.00   0.00
loop7            0.00      0.00     0.00   0.00    0.00     0.00    0.00      0.00     0.00   0.00    0.00     0.00    0.00      0.00     0.00   0.00    0.00     0.00    0.00   0.00
md0           205708.40 4601866.40     0.00   0.00    0.00    22.37 7266.40 2907842.40     0.00   0.00    0.00   400.18    0.00      0.00     0.00   0.00    0.00     0.00    0.00   0.00
nvme0n1          0.00      0.00     0.00   0.00    0.00     0.00    1.40     20.00     2.00  58.82    0.00    14.29    0.00      0.00     0.00   0.00    0.00     0.00    0.00   0.16
nvme10n1      6562.20 137302.40    58.80   0.89    0.08    20.92  243.60  92760.00     9.60   3.79    0.27   380.79    0.00      0.00     0.00   0.00    0.00     0.00    0.00 100.08
nvme11n1      6552.80 135044.80    60.40   0.91    0.08    20.61  219.60  90683.20    11.60   5.02    0.18   412.95    0.00      0.00     0.00   0.00    0.00     0.00    0.00 100.00
nvme12n1      6560.00 136457.60    58.20   0.88    0.08    20.80  217.20  90736.00     7.80   3.47    0.31   417.75    0.00      0.00     0.00   0.00    0.00     0.00    0.00 100.00
nvme13n1      6511.80 134489.60    62.00   0.94    0.08    20.65  211.20  89767.20    11.40   5.12    0.36   425.03    0.00      0.00     0.00   0.00    0.00     0.00    0.00 100.00
nvme14n1      6503.40 134312.80    58.00   0.88    0.09    20.65  210.60  88960.00     8.00   3.66    0.33   422.41    0.00      0.00     0.00   0.00    0.00     0.00    0.00  99.92
nvme15n1      6470.80 133993.60    59.80   0.92    0.09    20.71  209.80  89078.40     9.00   4.11    0.31   424.59    0.00      0.00     0.00   0.00    0.00     0.00    0.00 100.00
nvme16n1      6465.20 133121.60    55.40   0.85    0.09    20.59  211.40  88707.20     8.20   3.73    0.34   419.62    0.00      0.00     0.00   0.00    0.00     0.00    0.00 100.00
nvme17n1      6454.80 133712.80    58.00   0.89    0.08    20.72  212.40  90150.40     9.40   4.24    0.30   424.44    0.00      0.00     0.00   0.00    0.00     0.00    0.00 100.08
nvme18n1      6473.20 134916.80    56.40   0.86    0.09    20.84  212.60  90003.20     9.00   4.06    0.35   423.35    0.00      0.00     0.00   0.00    0.00     0.00    0.00  99.92
nvme19n1      6513.80 137112.00    59.00   0.90    0.09    21.05  208.20  88326.40    10.60   4.84    0.33   424.24    0.00      0.00     0.00   0.00    0.00     0.00    0.00 100.00
nvme1n1       6514.40 138119.20    61.00   0.93    0.08    21.20  214.60  90480.00     8.80   3.94    0.18   421.62    0.00      0.00     0.00   0.00    0.00     0.00    0.00 100.00
nvme20n1      6588.00 139037.60    59.40   0.89    0.09    21.10  208.80  88758.40     9.00   4.13    0.35   425.09    0.00      0.00     0.00   0.00    0.00     0.00    0.00  99.92
nvme21n1      6636.60 139547.20    61.00   0.91    0.09    21.03  208.80  89430.40    12.40   5.61    0.31   428.31    0.00      0.00     0.00   0.00    0.00     0.00    0.00 100.00
nvme22n1      6579.40 139747.20    60.80   0.92    0.08    21.24  207.60  88860.80     8.80   4.07    0.33   428.04    0.00      0.00     0.00   0.00    0.00     0.00    0.00 100.00
nvme23n1      6619.20 139263.20    61.00   0.91    0.08    21.04  210.00  90021.60    13.40   6.00    0.18   428.67    0.00      0.00     0.00   0.00    0.00     0.00    0.00 100.08
nvme24n1      6651.00 140288.80    60.80   0.91    0.08    21.09  212.40  90517.60     9.20   4.15    0.31   426.17    0.00      0.00     0.00   0.00    0.00     0.00    0.00 100.00
nvme25n1      6588.60 141006.40    59.80   0.90    0.09    21.40  210.60  90315.20    10.40   4.71    0.33   428.85    0.00      0.00     0.00   0.00    0.00     0.00    0.00 100.00
nvme26n1      6543.80 140584.00    62.20   0.94    0.08    21.48  210.80  89729.60     8.40   3.83    0.32   425.66    0.00      0.00     0.00   0.00    0.00     0.00    0.00  99.92
nvme27n1      6585.40 139055.20    60.20   0.91    0.08    21.12  210.80  90380.80     9.80   4.44    0.17   428.75    0.00      0.00     0.00   0.00    0.00     0.00    0.00 100.00
nvme28n1      6635.00 139417.60    60.40   0.90    0.08    21.01  219.00  91067.20    10.40   4.53    0.32   415.83    0.00      0.00     0.00   0.00    0.00     0.00    0.00 100.00
nvme29n1      6588.20 140962.40    61.20   0.92    0.09    21.40  217.20  92316.00    10.00   4.40    0.31   425.03    0.00      0.00     0.00   0.00    0.00     0.00    0.00 100.00
nvme2n1       6565.00 138880.00    61.00   0.92    0.09    21.15  216.40  90075.20     9.80   4.33    0.33   416.24    0.00      0.00     0.00   0.00    0.00     0.00    0.00 100.00
nvme30n1      6714.40 141787.20    62.20   0.92    0.08    21.12  218.00  93111.20    10.20   4.47    0.30   427.12    0.00      0.00     0.00   0.00    0.00     0.00    0.00 100.00
nvme31n1      6604.60 140572.80    60.00   0.90    0.08    21.28  222.00  93277.60     9.40   4.06    0.31   420.17    0.00      0.00     0.00   0.00    0.00     0.00    0.00 100.00
nvme3n1       6624.20 140916.00    62.40   0.93    0.09    21.27  217.00  91259.20    11.00   4.82    0.34   420.55    0.00      0.00     0.00   0.00    0.00     0.00    0.00  99.92
nvme4n1       6641.80 139678.40    61.00   0.91    0.09    21.03  217.80  91932.80    11.80   5.14    0.33   422.10    0.00      0.00     0.00   0.00    0.00     0.00    0.00  99.92
nvme5n1       6631.00 139726.40    62.80   0.94    0.09    21.07  268.60  91920.80    13.40   4.75    0.28   342.22    0.00      0.00     0.00   0.00    0.00     0.00    0.00 100.00
nvme6n1       6630.40 138786.40    61.20   0.91    0.08    20.93  241.80  93932.00    11.60   4.58    0.31   388.47    0.00      0.00     0.00   0.00    0.00     0.00    0.00  99.92
nvme7n1       6662.00 138278.40    62.20   0.93    0.09    20.76  222.20  93266.40    20.20   8.33    0.34   419.74    0.00      0.00     0.00   0.00    0.00     0.00    0.00 100.00
nvme8n1       6532.40 136823.20    59.20   0.90    0.09    20.95  259.60  92927.20    36.60  12.36    0.27   357.96    0.00      0.00     0.00   0.00    0.00     0.00    0.00 100.00
nvme9n1       6644.20 136974.40    60.20   0.90    0.09    20.62  253.60  92775.20    22.00   7.98    0.30   365.83    0.00      0.00     0.00   0.00    0.00     0.00    0.00  99.92


Device            r/s     rkB/s   rrqm/s  %rrqm r_await rareq-sz     w/s     wkB/s   wrqm/s  %wrqm w_await wareq-sz     d/s     dkB/s   drqm/s  %drqm d_await dareq-sz  aqu-sz  %util
dm-0             0.00      0.00     0.00   0.00    0.00     0.00    4.20     16.80     0.00   0.00    0.00     4.00    0.00      0.00     0.00   0.00    0.00     0.00    0.00   0.16
loop0            0.00      0.00     0.00   0.00    0.00     0.00    0.00      0.00     0.00   0.00    0.00     0.00    0.00      0.00     0.00   0.00    0.00     0.00    0.00   0.00
loop1            0.00      0.00     0.00   0.00    0.00     0.00    0.00      0.00     0.00   0.00    0.00     0.00    0.00      0.00     0.00   0.00    0.00     0.00    0.00   0.00
loop2            0.00      0.00     0.00   0.00    0.00     0.00    0.00      0.00     0.00   0.00    0.00     0.00    0.00      0.00     0.00   0.00    0.00     0.00    0.00   0.00
loop3            0.00      0.00     0.00   0.00    0.00     0.00    0.00      0.00     0.00   0.00    0.00     0.00    0.00      0.00     0.00   0.00    0.00     0.00    0.00   0.00
loop4            0.00      0.00     0.00   0.00    0.00     0.00    0.00      0.00     0.00   0.00    0.00     0.00    0.00      0.00     0.00   0.00    0.00     0.00    0.00   0.00
loop5            0.00      0.00     0.00   0.00    0.00     0.00    0.00      0.00     0.00   0.00    0.00     0.00    0.00      0.00     0.00   0.00    0.00     0.00    0.00   0.00
loop6            0.00      0.00     0.00   0.00    0.00     0.00    0.00      0.00     0.00   0.00    0.00     0.00    0.00      0.00     0.00   0.00    0.00     0.00    0.00   0.00
loop7            0.00      0.00     0.00   0.00    0.00     0.00    0.00      0.00     0.00   0.00    0.00     0.00    0.00      0.00     0.00   0.00    0.00     0.00    0.00   0.00
md0           143139.20 3878062.40     0.00   0.00    0.00    27.09 6459.80 2586177.60     0.00   0.00    0.00   400.35    0.00      0.00     0.00   0.00    0.00     0.00    0.00   0.00
nvme0n1          0.00      0.00     0.00   0.00    0.00     0.00    0.80     16.80     3.40  80.95    0.00    21.00    0.00      0.00     0.00   0.00    0.00     0.00    0.00   0.16
nvme10n1      4643.20 116307.20    57.20   1.22    0.09    25.05  221.20  84021.60     5.00   2.21    0.28   379.84    0.00      0.00     0.00   0.00    0.00     0.00    0.00  89.04
nvme11n1      4694.80 116417.60    56.00   1.18    0.08    24.80  205.20  84327.20     3.60   1.72    0.18   410.95    0.00      0.00     0.00   0.00    0.00     0.00    0.00  89.92
nvme12n1      4687.20 115788.80    55.60   1.17    0.09    24.70  208.00  85043.20     3.40   1.61    0.33   408.86    0.00      0.00     0.00   0.00    0.00     0.00    0.00  89.68
nvme13n1      4644.60 114831.20    57.20   1.22    0.09    24.72  206.00  83510.40     3.40   1.62    0.37   405.39    0.00      0.00     0.00   0.00    0.00     0.00    0.00  89.12
nvme14n1      4686.60 115949.60    56.00   1.18    0.09    24.74  201.80  82867.20     3.60   1.75    0.33   410.64    0.00      0.00     0.00   0.00    0.00     0.00    0.00  89.36
nvme15n1      4574.60 115516.80    58.60   1.26    0.09    25.25  200.40  81514.40     3.60   1.76    0.32   406.76    0.00      0.00     0.00   0.00    0.00     0.00    0.00  89.60
nvme16n1      4635.00 116408.80    55.60   1.19    0.09    25.12  197.40  80548.00     3.60   1.79    0.35   408.04    0.00      0.00     0.00   0.00    0.00     0.00    0.00  90.88
nvme17n1      4588.60 115987.20    57.20   1.23    0.09    25.28  199.20  82068.80     3.40   1.68    0.32   411.99    0.00      0.00     0.00   0.00    0.00     0.00    0.00  91.04
nvme18n1      4670.00 117497.60    56.40   1.19    0.09    25.16  199.20  81865.60     3.20   1.58    0.36   410.97    0.00      0.00     0.00   0.00    0.00     0.00    0.00  90.96
nvme19n1      4607.60 116323.20    58.60   1.26    0.09    25.25  195.60  80860.80     3.40   1.71    0.32   413.40    0.00      0.00     0.00   0.00    0.00     0.00    0.00  90.56
nvme1n1       4350.00 111938.40    56.80   1.29    0.09    25.73  195.20  80524.80     4.20   2.11    0.17   412.52    0.00      0.00     0.00   0.00    0.00     0.00    0.00  89.44
nvme20n1      4563.80 115996.80    57.00   1.23    0.09    25.42  192.60  78605.60     3.40   1.73    0.37   408.13    0.00      0.00     0.00   0.00    0.00     0.00    0.00  91.04
nvme21n1      4646.40 119767.20    56.60   1.20    0.09    25.78  200.80  81508.80     3.40   1.67    0.30   405.92    0.00      0.00     0.00   0.00    0.00     0.00    0.00  91.44
nvme22n1      4524.40 117372.80    57.20   1.25    0.09    25.94  194.80  80092.00     3.60   1.81    0.33   411.15    0.00      0.00     0.00   0.00    0.00     0.00    0.00  90.80
nvme23n1      4534.20 118815.20    59.00   1.28    0.09    26.20  197.80  80754.40     3.40   1.69    0.17   408.26    0.00      0.00     0.00   0.00    0.00     0.00    0.00  90.00
nvme24n1      4556.40 118872.00    60.80   1.32    0.09    26.09  194.40  79570.40     3.40   1.72    0.32   409.31    0.00      0.00     0.00   0.00    0.00     0.00    0.00  90.08
nvme25n1      4536.40 117220.80    59.60   1.30    0.09    25.84  188.80  77679.20     3.40   1.77    0.31   411.44    0.00      0.00     0.00   0.00    0.00     0.00    0.00  90.56
nvme26n1      4441.00 116845.60    60.60   1.35    0.09    26.31  191.00  78168.80     3.80   1.95    0.33   409.26    0.00      0.00     0.00   0.00    0.00     0.00    0.00  89.60
nvme27n1      4456.20 116144.80    57.20   1.27    0.08    26.06  194.40  79162.40     4.00   2.02    0.16   407.21    0.00      0.00     0.00   0.00    0.00     0.00    0.00  91.12
nvme28n1      4440.60 115431.20    59.80   1.33    0.09    25.99  202.80  79322.40     4.00   1.93    0.32   391.14    0.00      0.00     0.00   0.00    0.00     0.00    0.00  90.16
nvme29n1      4392.40 113193.60    56.40   1.27    0.09    25.77  201.60  79241.60     3.80   1.85    0.31   393.06    0.00      0.00     0.00   0.00    0.00     0.00    0.00  88.96
nvme2n1       4378.00 111533.60    53.60   1.21    0.09    25.48  193.60  80460.00     4.20   2.12    0.35   415.60    0.00      0.00     0.00   0.00    0.00     0.00    0.00  89.92
nvme30n1      4379.80 112037.60    56.80   1.28    0.09    25.58  191.80  79401.60     3.80   1.94    0.30   413.98    0.00      0.00     0.00   0.00    0.00     0.00    0.00  89.84
nvme31n1      4430.40 112447.20    53.80   1.20    0.09    25.38  190.00  79069.60     4.00   2.06    0.31   416.16    0.00      0.00     0.00   0.00    0.00     0.00    0.00  89.04
nvme3n1       4490.40 114852.00    56.60   1.24    0.09    25.58  196.20  80740.00     4.40   2.19    0.34   411.52    0.00      0.00     0.00   0.00    0.00     0.00    0.00  90.24
nvme4n1       4510.20 114976.00    55.60   1.22    0.09    25.49  197.60  82120.00     4.00   1.98    0.32   415.59    0.00      0.00     0.00   0.00    0.00     0.00    0.00  89.60
nvme5n1       4594.40 116788.80    55.80   1.20    0.09    25.42  242.40  82252.00     7.40   2.96    0.30   339.32    0.00      0.00     0.00   0.00    0.00     0.00    0.00  89.52
nvme6n1       4635.40 116967.20    56.00   1.19    0.09    25.23  212.60  81688.00     5.00   2.30    0.31   384.23    0.00      0.00     0.00   0.00    0.00     0.00    0.00  88.80
nvme7n1       4695.80 117964.80    57.20   1.20    0.09    25.12  202.40  82713.60     4.20   2.03    0.35   408.66    0.00      0.00     0.00   0.00    0.00     0.00    0.00  89.84
nvme8n1       4655.80 116723.20    56.80   1.21    0.09    25.07  253.60  82661.60     4.20   1.63    0.27   325.95    0.00      0.00     0.00   0.00    0.00     0.00    0.00  89.84
nvme9n1       4715.80 116938.40    58.00   1.21    0.09    24.80  204.40  83535.20     3.80   1.83    0.36   408.68    0.00      0.00     0.00   0.00    0.00     0.00    0.00  90.00


Device            r/s     rkB/s   rrqm/s  %rrqm r_await rareq-sz     w/s     wkB/s   wrqm/s  %wrqm w_await wareq-sz     d/s     dkB/s   drqm/s  %drqm d_await dareq-sz  aqu-sz  %util
dm-0             0.00      0.00     0.00   0.00    0.00     0.00    3.40     13.60     0.00   0.00    0.00     4.00    0.00      0.00     0.00   0.00    0.00     0.00    0.00   0.08
loop0            0.00      0.00     0.00   0.00    0.00     0.00    0.00      0.00     0.00   0.00    0.00     0.00    0.00      0.00     0.00   0.00    0.00     0.00    0.00   0.00
loop1            0.00      0.00     0.00   0.00    0.00     0.00    0.00      0.00     0.00   0.00    0.00     0.00    0.00      0.00     0.00   0.00    0.00     0.00    0.00   0.00
loop2            0.00      0.00     0.00   0.00    0.00     0.00    0.00      0.00     0.00   0.00    0.00     0.00    0.00      0.00     0.00   0.00    0.00     0.00    0.00   0.00
loop3            0.00      0.00     0.00   0.00    0.00     0.00    0.00      0.00     0.00   0.00    0.00     0.00    0.00      0.00     0.00   0.00    0.00     0.00    0.00   0.00
loop4            0.00      0.00     0.00   0.00    0.00     0.00    0.00      0.00     0.00   0.00    0.00     0.00    0.00      0.00     0.00   0.00    0.00     0.00    0.00   0.00
loop5            0.00      0.00     0.00   0.00    0.00     0.00    0.00      0.00     0.00   0.00    0.00     0.00    0.00      0.00     0.00   0.00    0.00     0.00    0.00   0.00
loop6            0.00      0.00     0.00   0.00    0.00     0.00    0.00      0.00     0.00   0.00    0.00     0.00    0.00      0.00     0.00   0.00    0.00     0.00    0.00   0.00
loop7            0.00      0.00     0.00   0.00    0.00     0.00    0.00      0.00     0.00   0.00    0.00     0.00    0.00      0.00     0.00   0.00    0.00     0.00    0.00   0.00
md0           184387.80 6642637.60     0.00   0.00    0.00    36.03 10763.80 4733279.20     0.00   0.00    0.00   439.74    0.00      0.00     0.00   0.00    0.00     0.00    0.00   0.00
nvme0n1          0.00      0.00     0.00   0.00    0.00     0.00    0.40     13.60     3.00  88.24    0.00    34.00    0.00      0.00     0.00   0.00    0.00     0.00    0.00   0.08
nvme10n1      5771.20 195916.80   102.00   1.74    0.10    33.95  348.60 148020.80     4.00   1.13    0.30   424.62    0.00      0.00     0.00   0.00    0.00     0.00    0.00 100.00
nvme11n1      5739.20 195636.00    95.60   1.64    0.09    34.09  322.40 145844.80     1.20   0.37    0.18   452.37    0.00      0.00     0.00   0.00    0.00     0.00    0.00  99.92
nvme12n1      5737.60 195092.80   103.00   1.76    0.10    34.00  325.80 146829.60     1.00   0.31    0.34   450.67    0.00      0.00     0.00   0.00    0.00     0.00    0.00 100.00
nvme13n1      5692.20 195265.60    95.80   1.66    0.10    34.30  336.80 147391.20     1.00   0.30    0.36   437.62    0.00      0.00     0.00   0.00    0.00     0.00    0.00 100.00
nvme14n1      5653.80 196353.60   102.20   1.78    0.10    34.73  333.20 147106.40     1.00   0.30    0.34   441.50    0.00      0.00     0.00   0.00    0.00     0.00    0.00 100.08
nvme15n1      5726.00 195965.60   100.80   1.73    0.10    34.22  336.20 147148.00     1.00   0.30    0.33   437.68    0.00      0.00     0.00   0.00    0.00     0.00    0.00  99.92
nvme16n1      5801.20 195031.20   101.60   1.72    0.10    33.62  330.80 148254.40     0.80   0.24    0.37   448.17    0.00      0.00     0.00   0.00    0.00     0.00    0.00  99.84
nvme17n1      5825.80 196860.00    99.60   1.68    0.10    33.79  329.60 149003.20     1.00   0.30    0.33   452.07    0.00      0.00     0.00   0.00    0.00     0.00    0.00  99.92
nvme18n1      5820.80 196360.80    98.60   1.67    0.10    33.73  334.00 149831.20     1.20   0.36    0.38   448.60    0.00      0.00     0.00   0.00    0.00     0.00    0.00  99.92
nvme19n1      5818.20 196034.40    99.00   1.67    0.10    33.69  333.80 151224.00     1.00   0.30    0.35   453.04    0.00      0.00     0.00   0.00    0.00     0.00    0.00  99.92
nvme1n1       5927.20 195424.00    99.40   1.65    0.09    32.97  336.60 150632.80     1.80   0.53    0.18   447.51    0.00      0.00     0.00   0.00    0.00     0.00    0.00  99.92
nvme20n1      5888.00 196200.80    98.60   1.65    0.10    33.32  334.40 152372.80     1.20   0.36    0.39   455.66    0.00      0.00     0.00   0.00    0.00     0.00    0.00  99.92
nvme21n1      5944.40 193628.80    97.20   1.61    0.10    32.57  337.60 152387.20     1.40   0.41    0.33   451.38    0.00      0.00     0.00   0.00    0.00     0.00    0.00 100.00
nvme22n1      5928.60 192228.80    96.40   1.60    0.10    32.42  334.40 151495.20     1.40   0.42    0.36   453.04    0.00      0.00     0.00   0.00    0.00     0.00    0.00  99.92
nvme23n1      5914.20 191457.60    94.40   1.57    0.09    32.37  333.00 151102.40     1.20   0.36    0.18   453.76    0.00      0.00     0.00   0.00    0.00     0.00    0.00  99.92
nvme24n1      5768.00 189997.60    96.80   1.65    0.10    32.94  327.60 151494.40     1.20   0.36    0.35   462.44    0.00      0.00     0.00   0.00    0.00     0.00    0.00 100.00
nvme25n1      5811.20 192976.00    96.20   1.63    0.10    33.21  337.80 153869.60     1.20   0.35    0.35   455.51    0.00      0.00     0.00   0.00    0.00     0.00    0.00 100.00
nvme26n1      5925.40 196369.60    98.80   1.64    0.10    33.14  346.00 154844.80     1.40   0.40    0.35   447.53    0.00      0.00     0.00   0.00    0.00     0.00    0.00 100.00
nvme27n1      5924.20 195019.20    98.40   1.63    0.09    32.92  342.60 154825.60     1.60   0.46    0.17   451.91    0.00      0.00     0.00   0.00    0.00     0.00    0.00  99.84
nvme28n1      5978.60 196029.60    96.40   1.59    0.10    32.79  343.80 154052.80     1.60   0.46    0.37   448.09    0.00      0.00     0.00   0.00    0.00     0.00    0.00  99.92
nvme29n1      5831.20 195618.40    99.00   1.67    0.10    33.55  348.60 153790.40     1.60   0.46    0.34   441.17    0.00      0.00     0.00   0.00    0.00     0.00    0.00 100.00
nvme2n1       5902.40 196240.80    99.20   1.65    0.10    33.25  335.00 150826.40     1.80   0.53    0.39   450.23    0.00      0.00     0.00   0.00    0.00     0.00    0.00 100.00
nvme30n1      5867.60 195017.60    95.20   1.60    0.10    33.24  343.00 153534.40     1.60   0.46    0.33   447.62    0.00      0.00     0.00   0.00    0.00     0.00    0.00 100.00
nvme31n1      5836.60 195960.00    99.20   1.67    0.10    33.57  339.60 151220.00     2.00   0.59    0.34   445.29    0.00      0.00     0.00   0.00    0.00     0.00    0.00  99.92
nvme3n1       5868.20 195256.00    96.40   1.62    0.10    33.27  335.00 151488.80     2.00   0.59    0.39   452.21    0.00      0.00     0.00   0.00    0.00     0.00    0.00  99.92
nvme4n1       5935.00 196728.80   100.80   1.67    0.10    33.15  333.80 151120.80     1.20   0.36    0.37   452.73    0.00      0.00     0.00   0.00    0.00     0.00    0.00 100.00
nvme5n1       5930.20 196280.00    96.00   1.59    0.10    33.10  418.40 150892.00     7.60   1.78    0.30   360.64    0.00      0.00     0.00   0.00    0.00     0.00    0.00  99.92
nvme6n1       6016.20 196301.60   101.00   1.65    0.10    32.63  362.00 150992.80     3.00   0.82    0.33   417.11    0.00      0.00     0.00   0.00    0.00     0.00    0.00  99.92
nvme7n1       5858.60 195052.00    98.20   1.65    0.10    33.29  324.20 147249.60     1.40   0.43    0.38   454.19    0.00      0.00     0.00   0.00    0.00     0.00    0.00  99.92
nvme8n1       5944.80 196072.80   105.00   1.74    0.10    32.98  375.00 146949.60     1.20   0.32    0.29   391.87    0.00      0.00     0.00   0.00    0.00     0.00    0.00 100.00
nvme9n1       5737.00 193672.80    98.40   1.69    0.10    33.76  366.00 146459.20     1.20   0.33    0.32   400.16    0.00      0.00     0.00   0.00    0.00     0.00    0.00  99.92


Device            r/s     rkB/s   rrqm/s  %rrqm r_await rareq-sz     w/s     wkB/s   wrqm/s  %wrqm w_await wareq-sz     d/s     dkB/s   drqm/s  %drqm d_await dareq-sz  aqu-sz  %util
dm-0             0.00      0.00     0.00   0.00    0.00     0.00    3.80     15.20     0.00   0.00    0.00     4.00    0.00      0.00     0.00   0.00    0.00     0.00    0.00   0.16
loop0            0.00      0.00     0.00   0.00    0.00     0.00    0.00      0.00     0.00   0.00    0.00     0.00    0.00      0.00     0.00   0.00    0.00     0.00    0.00   0.00
loop1            0.00      0.00     0.00   0.00    0.00     0.00    0.00      0.00     0.00   0.00    0.00     0.00    0.00      0.00     0.00   0.00    0.00     0.00    0.00   0.00
loop2            0.00      0.00     0.00   0.00    0.00     0.00    0.00      0.00     0.00   0.00    0.00     0.00    0.00      0.00     0.00   0.00    0.00     0.00    0.00   0.00
loop3            0.00      0.00     0.00   0.00    0.00     0.00    0.00      0.00     0.00   0.00    0.00     0.00    0.00      0.00     0.00   0.00    0.00     0.00    0.00   0.00
loop4            0.00      0.00     0.00   0.00    0.00     0.00    0.00      0.00     0.00   0.00    0.00     0.00    0.00      0.00     0.00   0.00    0.00     0.00    0.00   0.00
loop5            0.00      0.00     0.00   0.00    0.00     0.00    0.00      0.00     0.00   0.00    0.00     0.00    0.00      0.00     0.00   0.00    0.00     0.00    0.00   0.00
loop6            0.00      0.00     0.00   0.00    0.00     0.00    0.00      0.00     0.00   0.00    0.00     0.00    0.00      0.00     0.00   0.00    0.00     0.00    0.00   0.00
loop7            0.00      0.00     0.00   0.00    0.00     0.00    0.00      0.00     0.00   0.00    0.00     0.00    0.00      0.00     0.00   0.00    0.00     0.00    0.00   0.00
md0           214007.60 4144940.80     0.00   0.00    0.00    19.37 7062.60 2473389.60     0.00   0.00    0.00   350.21    0.00      0.00     0.00   0.00    0.00     0.00    0.00   0.00
nvme0n1          0.00      0.00     0.00   0.00    0.00     0.00    0.80     15.20     3.00  78.95    0.00    19.00    0.00      0.00     0.00   0.00    0.00     0.00    0.00   0.16
nvme10n1      6768.20 126065.60    59.40   0.87    0.08    18.63  219.40  75314.40    12.80   5.51    0.27   343.27    0.00      0.00     0.00   0.00    0.00     0.00    0.00 100.00
nvme11n1      6920.80 126989.60    56.00   0.80    0.08    18.35  214.00  75735.20     7.80   3.52    0.17   353.90    0.00      0.00     0.00   0.00    0.00     0.00    0.00 100.00
nvme12n1      6898.40 129013.60    59.60   0.86    0.08    18.70  208.00  76160.80    10.80   4.94    0.30   366.16    0.00      0.00     0.00   0.00    0.00     0.00    0.00  99.92
nvme13n1      6871.00 127983.20    56.00   0.81    0.09    18.63  204.80  76146.40     4.80   2.29    0.34   371.81    0.00      0.00     0.00   0.00    0.00     0.00    0.00 100.00
nvme14n1      6896.60 128992.80    58.80   0.85    0.08    18.70  208.40  76334.40    11.40   5.19    0.31   366.29    0.00      0.00     0.00   0.00    0.00     0.00    0.00 100.00
nvme15n1      6925.80 129998.40    57.80   0.83    0.08    18.77  211.20  77882.40     6.00   2.76    0.29   368.76    0.00      0.00     0.00   0.00    0.00     0.00    0.00 100.00
nvme16n1      6951.40 130865.60    59.60   0.85    0.09    18.83  215.60  78915.20    13.40   5.85    0.31   366.03    0.00      0.00     0.00   0.00    0.00     0.00    0.00 100.00
nvme17n1      6798.80 128462.40    58.80   0.86    0.08    18.89  214.00  79236.00     6.00   2.73    0.29   370.26    0.00      0.00     0.00   0.00    0.00     0.00    0.00  99.92
nvme18n1      6823.40 126469.60    57.80   0.84    0.08    18.53  211.00  78180.80    14.20   6.31    0.33   370.53    0.00      0.00     0.00   0.00    0.00     0.00    0.00 100.00
nvme19n1      6854.40 126344.00    57.60   0.83    0.08    18.43  211.20  78275.20     4.80   2.22    0.31   370.62    0.00      0.00     0.00   0.00    0.00     0.00    0.00 100.08
nvme1n1       6814.40 124570.40    52.60   0.77    0.08    18.28  202.20  74771.20     8.40   3.99    0.17   369.79    0.00      0.00     0.00   0.00    0.00     0.00    0.00  99.92
nvme20n1      6791.80 125867.20    55.40   0.81    0.08    18.53  214.60  78580.80    12.00   5.30    0.34   366.17    0.00      0.00     0.00   0.00    0.00     0.00    0.00 100.00
nvme21n1      6834.80 127208.00    57.80   0.84    0.08    18.61  211.80  77979.20     6.60   3.02    0.29   368.17    0.00      0.00     0.00   0.00    0.00     0.00    0.00 100.00
nvme22n1      6892.80 126284.00    55.00   0.79    0.08    18.32  211.60  78129.60    12.60   5.62    0.32   369.23    0.00      0.00     0.00   0.00    0.00     0.00    0.00 100.08
nvme23n1      6846.00 124604.80    56.20   0.81    0.08    18.20  210.80  78612.80     5.00   2.32    0.17   372.93    0.00      0.00     0.00   0.00    0.00     0.00    0.00 100.00
nvme24n1      6896.00 126308.80    53.20   0.77    0.08    18.32  214.00  78641.60    13.20   5.81    0.30   367.48    0.00      0.00     0.00   0.00    0.00     0.00    0.00  99.92
nvme25n1      6949.80 127213.60    58.80   0.84    0.08    18.30  213.40  78920.00     4.20   1.93    0.31   369.82    0.00      0.00     0.00   0.00    0.00     0.00    0.00  99.84
nvme26n1      6862.40 125458.40    53.80   0.78    0.08    18.28  213.40  76992.00    14.20   6.24    0.30   360.79    0.00      0.00     0.00   0.00    0.00     0.00    0.00  99.92
nvme27n1      6887.80 125362.40    56.00   0.81    0.08    18.20  207.40  76644.00     5.40   2.54    0.16   369.55    0.00      0.00     0.00   0.00    0.00     0.00    0.00  99.92
nvme28n1      6916.40 124113.60    52.00   0.75    0.08    17.94  207.80  77004.00    10.20   4.68    0.32   370.57    0.00      0.00     0.00   0.00    0.00     0.00    0.00 100.08
nvme29n1      6868.40 123568.80    55.60   0.80    0.08    17.99  205.60  76468.00     5.00   2.37    0.31   371.93    0.00      0.00     0.00   0.00    0.00     0.00    0.00 100.00
nvme2n1       6766.60 122634.40    59.20   0.87    0.08    18.12  204.80  75204.80     6.20   2.94    0.33   367.21    0.00      0.00     0.00   0.00    0.00     0.00    0.00  99.92
nvme30n1      6765.40 123862.40    51.80   0.76    0.08    18.31  204.00  74986.40    11.80   5.47    0.29   367.58    0.00      0.00     0.00   0.00    0.00     0.00    0.00 100.00
nvme31n1      6806.80 124232.00    58.60   0.85    0.08    18.25  202.60  74740.80    10.00   4.70    0.30   368.91    0.00      0.00     0.00   0.00    0.00     0.00    0.00  99.92
nvme3n1       6714.40 121886.40    51.00   0.75    0.08    18.15  204.40  75612.80    10.00   4.66    0.34   369.93    0.00      0.00     0.00   0.00    0.00     0.00    0.00 100.00
nvme4n1       6829.20 124104.00    55.60   0.81    0.08    18.17  205.40  76412.80     8.60   4.02    0.33   372.02    0.00      0.00     0.00   0.00    0.00     0.00    0.00 100.00
nvme5n1       6818.20 125230.40    53.80   0.78    0.08    18.37  254.20  77225.60    10.20   3.86    0.27   303.80    0.00      0.00     0.00   0.00    0.00     0.00    0.00 100.00
nvme6n1       6800.00 124464.80    58.40   0.85    0.08    18.30  227.40  77672.00    15.20   6.27    0.31   341.57    0.00      0.00     0.00   0.00    0.00     0.00    0.00 100.00
nvme7n1       6849.00 125008.00    52.00   0.75    0.09    18.25  212.60  77444.00    29.40  12.15    0.32   364.27    0.00      0.00     0.00   0.00    0.00     0.00    0.00 100.00
nvme8n1       6808.00 124419.20    58.20   0.85    0.08    18.28  265.60  76852.00    45.20  14.54    0.24   289.35    0.00      0.00     0.00   0.00    0.00     0.00    0.00 100.00
nvme9n1       6858.40 125620.00    51.60   0.75    0.08    18.32  224.80  77151.20    20.80   8.47    0.31   343.20    0.00      0.00     0.00   0.00    0.00     0.00    0.00 100.00


Device            r/s     rkB/s   rrqm/s  %rrqm r_await rareq-sz     w/s     wkB/s   wrqm/s  %wrqm w_await wareq-sz     d/s     dkB/s   drqm/s  %drqm d_await dareq-sz  aqu-sz  %util
dm-0             0.00      0.00     0.00   0.00    0.00     0.00   12.00     51.20     0.00   0.00    0.00     4.27    0.00      0.00     0.00   0.00    0.00     0.00    0.00   0.16
loop0            0.00      0.00     0.00   0.00    0.00     0.00    0.00      0.00     0.00   0.00    0.00     0.00    0.00      0.00     0.00   0.00    0.00     0.00    0.00   0.00
loop1            0.00      0.00     0.00   0.00    0.00     0.00    0.00      0.00     0.00   0.00    0.00     0.00    0.00      0.00     0.00   0.00    0.00     0.00    0.00   0.00
loop2            0.00      0.00     0.00   0.00    0.00     0.00    0.00      0.00     0.00   0.00    0.00     0.00    0.00      0.00     0.00   0.00    0.00     0.00    0.00   0.00
loop3            0.00      0.00     0.00   0.00    0.00     0.00    0.00      0.00     0.00   0.00    0.00     0.00    0.00      0.00     0.00   0.00    0.00     0.00    0.00   0.00
loop4            0.00      0.00     0.00   0.00    0.00     0.00    0.00      0.00     0.00   0.00    0.00     0.00    0.00      0.00     0.00   0.00    0.00     0.00    0.00   0.00
loop5            0.00      0.00     0.00   0.00    0.00     0.00    0.00      0.00     0.00   0.00    0.00     0.00    0.00      0.00     0.00   0.00    0.00     0.00    0.00   0.00
loop6            0.00      0.00     0.00   0.00    0.00     0.00    0.00      0.00     0.00   0.00    0.00     0.00    0.00      0.00     0.00   0.00    0.00     0.00    0.00   0.00
loop7            0.00      0.00     0.00   0.00    0.00     0.00    0.00      0.00     0.00   0.00    0.00     0.00    0.00      0.00     0.00   0.00    0.00     0.00    0.00   0.00
md0           160160.00 4853365.60     0.00   0.00    0.00    30.30 7975.20 3294385.60     0.00   0.00    0.00   413.08    0.00      0.00     0.00   0.00    0.00     0.00    0.00   0.00
nvme0n1          0.00      0.00     0.00   0.00    0.00     0.00   10.20     51.20     1.80  15.00    0.04     5.02    0.00      0.00     0.00   0.00    0.00     0.00    0.00   0.16
nvme10n1      5224.60 142961.60    73.80   1.39    0.09    27.36  247.60 105029.60     5.60   2.21    0.32   424.19    0.00      0.00     0.00   0.00    0.00     0.00    0.00  95.60
nvme11n1      5220.40 141971.20    73.60   1.39    0.09    27.20  264.20 104940.80     7.20   2.65    0.17   397.20    0.00      0.00     0.00   0.00    0.00     0.00    0.00  95.20
nvme12n1      5061.40 141248.00    71.80   1.40    0.09    27.91  245.40 103799.20     5.60   2.23    0.33   422.98    0.00      0.00     0.00   0.00    0.00     0.00    0.00  95.36
nvme13n1      5074.20 141182.40    72.20   1.40    0.09    27.82  244.80 104096.80     5.60   2.24    0.38   425.23    0.00      0.00     0.00   0.00    0.00     0.00    0.00  94.96
nvme14n1      5008.00 139621.60    72.20   1.42    0.09    27.88  243.20 103420.80     6.00   2.41    0.34   425.25    0.00      0.00     0.00   0.00    0.00     0.00    0.00  94.88
nvme15n1      5033.80 139532.80    71.60   1.40    0.09    27.72  239.80 102119.20     5.80   2.36    0.33   425.85    0.00      0.00     0.00   0.00    0.00     0.00    0.00  95.44
nvme16n1      5030.20 141029.60    73.80   1.45    0.09    28.04  240.20 102536.80     6.00   2.44    0.37   426.88    0.00      0.00     0.00   0.00    0.00     0.00    0.00  95.28
nvme17n1      5023.80 141298.40    72.20   1.42    0.09    28.13  241.40 103515.20     6.00   2.43    0.33   428.81    0.00      0.00     0.00   0.00    0.00     0.00    0.00  94.40
nvme18n1      5099.60 142847.20    73.00   1.41    0.09    28.01  248.40 105376.80     6.00   2.36    0.37   424.22    0.00      0.00     0.00   0.00    0.00     0.00    0.00  95.36
nvme19n1      5048.20 143613.60    75.60   1.48    0.09    28.45  252.00 105797.60     5.80   2.25    0.34   419.83    0.00      0.00     0.00   0.00    0.00     0.00    0.00  94.64
nvme1n1       4963.80 136889.60    71.80   1.43    0.09    27.58  240.60 101873.60     5.60   2.27    0.18   423.41    0.00      0.00     0.00   0.00    0.00     0.00    0.00  95.36
nvme20n1      5081.40 143396.00    75.60   1.47    0.09    28.22  246.60 104260.00     5.80   2.30    0.38   422.79    0.00      0.00     0.00   0.00    0.00     0.00    0.00  95.12
nvme21n1      5068.40 143440.00    75.00   1.46    0.09    28.30  246.60 103868.00     6.00   2.38    0.31   421.20    0.00      0.00     0.00   0.00    0.00     0.00    0.00  95.04
nvme22n1      5081.80 143636.00    75.80   1.47    0.09    28.26  243.40 102252.80     5.80   2.33    0.34   420.10    0.00      0.00     0.00   0.00    0.00     0.00    0.00  95.60
nvme23n1      5024.60 144658.40    75.20   1.47    0.09    28.79  240.60 101896.80     5.20   2.12    0.18   423.51    0.00      0.00     0.00   0.00    0.00     0.00    0.00  95.84
nvme24n1      5083.00 145441.60    77.60   1.50    0.09    28.61  240.40 102495.20     5.20   2.12    0.33   426.35    0.00      0.00     0.00   0.00    0.00     0.00    0.00  95.52
nvme25n1      5109.40 146211.20    75.60   1.46    0.09    28.62  245.40 102889.60     5.40   2.15    0.35   419.27    0.00      0.00     0.00   0.00    0.00     0.00    0.00  94.96
nvme26n1      5120.60 144338.40    77.80   1.50    0.09    28.19  240.80 102050.40     5.20   2.11    0.34   423.80    0.00      0.00     0.00   0.00    0.00     0.00    0.00  94.88
nvme27n1      5013.40 141937.60    76.00   1.49    0.08    28.31  244.00 102226.40     5.20   2.09    0.17   418.96    0.00      0.00     0.00   0.00    0.00     0.00    0.00  94.64
nvme28n1      5016.80 140688.80    76.20   1.50    0.09    28.04  242.60 101892.00     5.00   2.02    0.37   420.00    0.00      0.00     0.00   0.00    0.00     0.00    0.00  95.20
nvme29n1      5038.40 138586.40    74.80   1.46    0.09    27.51  240.60 102438.40     5.60   2.27    0.34   425.76    0.00      0.00     0.00   0.00    0.00     0.00    0.00  94.64
nvme2n1       5005.40 136470.40    70.60   1.39    0.09    27.26  237.00 101028.80     5.60   2.31    0.38   426.28    0.00      0.00     0.00   0.00    0.00     0.00    0.00  95.28
nvme30n1      4986.20 137686.40    73.20   1.45    0.09    27.61  242.60 102303.20     5.80   2.33    0.31   421.69    0.00      0.00     0.00   0.00    0.00     0.00    0.00  95.04
nvme31n1      5008.60 136517.60    72.60   1.43    0.09    27.26  245.80 102550.40     5.80   2.31    0.32   417.21    0.00      0.00     0.00   0.00    0.00     0.00    0.00  94.88
nvme3n1       5109.60 137144.80    71.20   1.37    0.09    26.84  242.00 102172.00     5.60   2.26    0.36   422.20    0.00      0.00     0.00   0.00    0.00     0.00    0.00  95.20
nvme4n1       5154.40 139200.00    70.60   1.35    0.09    27.01  244.40 103858.40     5.80   2.32    0.36   424.95    0.00      0.00     0.00   0.00    0.00     0.00    0.00  95.76
nvme5n1       5139.60 139692.80    72.60   1.39    0.09    27.18  295.80 104523.20     8.00   2.63    0.31   353.36    0.00      0.00     0.00   0.00    0.00     0.00    0.00  95.04
nvme6n1       5242.80 141597.60    72.20   1.36    0.09    27.01  259.60 103891.20     6.00   2.26    0.34   400.20    0.00      0.00     0.00   0.00    0.00     0.00    0.00  95.84
nvme7n1       5246.60 142110.40    71.80   1.35    0.09    27.09  247.00 105156.00     5.20   2.06    0.36   425.73    0.00      0.00     0.00   0.00    0.00     0.00    0.00  95.20
nvme8n1       5300.20 143610.40    74.00   1.38    0.09    27.10  285.40 105474.40     5.40   1.86    0.30   369.57    0.00      0.00     0.00   0.00    0.00     0.00    0.00  95.04
nvme9n1       5253.60 143513.60    73.00   1.37    0.09    27.32  276.80 104930.40     5.60   1.98    0.32   379.08    0.00      0.00     0.00   0.00    0.00     0.00    0.00  95.60


Device            r/s     rkB/s   rrqm/s  %rrqm r_await rareq-sz     w/s     wkB/s   wrqm/s  %wrqm w_await wareq-sz     d/s     dkB/s   drqm/s  %drqm d_await dareq-sz  aqu-sz  %util
dm-0            55.00    779.20     0.00   0.00    0.89    14.17    5.00     67.20     0.00   0.00    0.00    13.44    0.00      0.00     0.00   0.00    0.00     0.00    0.05   1.52
loop0            0.00      0.00     0.00   0.00    0.00     0.00    0.00      0.00     0.00   0.00    0.00     0.00    0.00      0.00     0.00   0.00    0.00     0.00    0.00   0.00
loop1            0.00      0.00     0.00   0.00    0.00     0.00    0.00      0.00     0.00   0.00    0.00     0.00    0.00      0.00     0.00   0.00    0.00     0.00    0.00   0.00
loop2            0.00      0.00     0.00   0.00    0.00     0.00    0.00      0.00     0.00   0.00    0.00     0.00    0.00      0.00     0.00   0.00    0.00     0.00    0.00   0.00
loop3            0.00      0.00     0.00   0.00    0.00     0.00    0.00      0.00     0.00   0.00    0.00     0.00    0.00      0.00     0.00   0.00    0.00     0.00    0.00   0.00
loop4            0.00      0.00     0.00   0.00    0.00     0.00    0.00      0.00     0.00   0.00    0.00     0.00    0.00      0.00     0.00   0.00    0.00     0.00    0.00   0.00
loop5            0.00      0.00     0.00   0.00    0.00     0.00    0.00      0.00     0.00   0.00    0.00     0.00    0.00      0.00     0.00   0.00    0.00     0.00    0.00   0.00
loop6            0.00      0.00     0.00   0.00    0.00     0.00    0.00      0.00     0.00   0.00    0.00     0.00    0.00      0.00     0.00   0.00    0.00     0.00    0.00   0.00
loop7            0.00      0.00     0.00   0.00    0.00     0.00    0.00      0.00     0.00   0.00    0.00     0.00    0.00      0.00     0.00   0.00    0.00     0.00    0.00   0.00
md0           231258.00 4423228.80     0.00   0.00    0.00    19.13 6409.60 2592639.20     0.00   0.00    0.00   404.49    0.00      0.00     0.00   0.00    0.00     0.00    0.00   0.00
nvme0n1         25.80    779.20    29.60  53.43    0.10    30.20    0.60     67.20     4.40  88.00    0.00   112.00    0.00      0.00     0.00   0.00    0.00     0.00    0.00   1.52
nvme10n1      7479.20 133505.60    50.00   0.66    0.08    17.85  186.80  78689.60    11.00   5.56    0.29   421.25    0.00      0.00     0.00   0.00    0.00     0.00    0.00 100.00
nvme11n1      7400.40 132528.00    49.80   0.67    0.08    17.91  204.00  78628.00     9.80   4.58    0.16   385.43    0.00      0.00     0.00   0.00    0.00     0.00    0.00  99.92
nvme12n1      7350.40 131390.40    50.80   0.69    0.08    17.88  186.60  78938.40    10.60   5.38    0.32   423.04    0.00      0.00     0.00   0.00    0.00     0.00    0.00 100.00
nvme13n1      7370.40 130576.00    50.20   0.68    0.09    17.72  181.80  77926.40     7.60   4.01    0.34   428.64    0.00      0.00     0.00   0.00    0.00     0.00    0.00 100.00
nvme14n1      7240.60 129590.40    50.40   0.69    0.08    17.90  182.60  77692.80     9.00   4.70    0.31   425.48    0.00      0.00     0.00   0.00    0.00     0.00    0.00 100.00
nvme15n1      7335.80 131222.40    49.40   0.67    0.08    17.89  183.20  77715.20     5.80   3.07    0.32   424.21    0.00      0.00     0.00   0.00    0.00     0.00    0.00 100.00
nvme16n1      7316.00 130377.60    50.40   0.68    0.08    17.82  184.60  77856.00     7.80   4.05    0.33   421.76    0.00      0.00     0.00   0.00    0.00     0.00    0.00  99.92
nvme17n1      7384.40 130637.60    49.20   0.66    0.08    17.69  184.60  78856.00     6.40   3.35    0.30   427.17    0.00      0.00     0.00   0.00    0.00     0.00    0.00 100.08
nvme18n1      7330.60 131425.60    48.20   0.65    0.08    17.93  184.20  78860.00     7.60   3.96    0.34   428.12    0.00      0.00     0.00   0.00    0.00     0.00    0.00 100.00
nvme19n1      7439.20 133130.40    50.80   0.68    0.08    17.90  187.40  80088.80     7.20   3.70    0.31   427.37    0.00      0.00     0.00   0.00    0.00     0.00    0.00 100.00
nvme1n1       7371.60 131956.80    51.00   0.69    0.08    17.90  191.20  82316.00    10.20   5.06    0.17   430.52    0.00      0.00     0.00   0.00    0.00     0.00    0.00 100.00
nvme20n1      7463.60 133860.80    51.40   0.68    0.08    17.94  191.60  81265.60     9.00   4.49    0.35   424.14    0.00      0.00     0.00   0.00    0.00     0.00    0.00 100.00
nvme21n1      7389.00 133218.40    50.40   0.68    0.08    18.03  188.60  80586.40     6.40   3.28    0.31   427.29    0.00      0.00     0.00   0.00    0.00     0.00    0.00 100.00
nvme22n1      7393.20 134506.40    53.40   0.72    0.08    18.19  190.80  81224.00     7.20   3.64    0.33   425.70    0.00      0.00     0.00   0.00    0.00     0.00    0.00 100.00
nvme23n1      7323.80 133780.00    52.00   0.71    0.08    18.27  191.00  82409.60     7.00   3.54    0.18   431.46    0.00      0.00     0.00   0.00    0.00     0.00    0.00 100.00
nvme24n1      7523.80 135944.00    52.40   0.69    0.08    18.07  191.80  82298.40     7.60   3.81    0.33   429.08    0.00      0.00     0.00   0.00    0.00     0.00    0.00 100.00
nvme25n1      7482.00 135399.20    53.00   0.70    0.08    18.10  192.60  82844.80     6.40   3.22    0.32   430.14    0.00      0.00     0.00   0.00    0.00     0.00    0.00 100.08
nvme26n1      7479.60 134976.00    52.40   0.70    0.08    18.05  197.60  82660.80     9.40   4.54    0.32   418.32    0.00      0.00     0.00   0.00    0.00     0.00    0.00 100.08
nvme27n1      7456.40 134768.00    51.20   0.68    0.08    18.07  189.80  82619.20     7.00   3.56    0.16   435.30    0.00      0.00     0.00   0.00    0.00     0.00    0.00 100.00
nvme28n1      7455.80 135830.40    52.40   0.70    0.08    18.22  189.40  82604.00     8.80   4.44    0.33   436.14    0.00      0.00     0.00   0.00    0.00     0.00    0.00 100.00
nvme29n1      7568.80 138052.00    55.40   0.73    0.08    18.24  193.60  83156.80     8.00   3.97    0.32   429.53    0.00      0.00     0.00   0.00    0.00     0.00    0.00 100.00
nvme2n1       7300.20 132145.60    53.00   0.72    0.08    18.10  190.80  82316.80     8.00   4.02    0.36   431.43    0.00      0.00     0.00   0.00    0.00     0.00    0.00 100.00
nvme30n1      7431.00 134898.40    54.20   0.72    0.08    18.15  191.80  82229.60    10.20   5.05    0.30   428.73    0.00      0.00     0.00   0.00    0.00     0.00    0.00 100.00
nvme31n1      7487.60 134274.40    53.80   0.71    0.08    17.93  188.80  81388.00     9.20   4.65    0.31   431.08    0.00      0.00     0.00   0.00    0.00     0.00    0.00 100.00
nvme3n1       7372.60 132455.20    50.40   0.68    0.08    17.97  190.20  82057.60    11.00   5.47    0.35   431.43    0.00      0.00     0.00   0.00    0.00     0.00    0.00 100.00
nvme4n1       7378.80 131764.80    53.00   0.71    0.08    17.86  185.80  81096.00     7.60   3.93    0.34   436.47    0.00      0.00     0.00   0.00    0.00     0.00    0.00 100.00
nvme5n1       7384.60 133948.80    55.20   0.74    0.08    18.14  243.80  81229.60    13.60   5.28    0.27   333.18    0.00      0.00     0.00   0.00    0.00     0.00    0.00 100.08
nvme6n1       7423.20 133774.40    52.60   0.70    0.08    18.02  209.00  80348.00     9.20   4.22    0.29   384.44    0.00      0.00     0.00   0.00    0.00     0.00    0.00 100.00
nvme7n1       7427.40 133678.40    53.40   0.71    0.08    18.00  190.60  80061.60    19.80   9.41    0.34   420.05    0.00      0.00     0.00   0.00    0.00     0.00    0.00 100.00
nvme8n1       7463.60 134036.00    52.60   0.70    0.08    17.96  244.80  80423.20    43.20  15.00    0.25   328.53    0.00      0.00     0.00   0.00    0.00     0.00    0.00 100.00
nvme9n1       7431.40 134696.00    53.40   0.71    0.08    18.13  200.80  79740.00    23.40  10.44    0.32   397.11    0.00      0.00     0.00   0.00    0.00     0.00    0.00 100.00


Device            r/s     rkB/s   rrqm/s  %rrqm r_await rareq-sz     w/s     wkB/s   wrqm/s  %wrqm w_await wareq-sz     d/s     dkB/s   drqm/s  %drqm d_await dareq-sz  aqu-sz  %util
dm-0             0.00      0.00     0.00   0.00    0.00     0.00   11.20     54.40     0.00   0.00    0.00     4.86    0.00      0.00     0.00   0.00    0.00     0.00    0.00   0.16
loop0            0.00      0.00     0.00   0.00    0.00     0.00    0.00      0.00     0.00   0.00    0.00     0.00    0.00      0.00     0.00   0.00    0.00     0.00    0.00   0.00
loop1            0.00      0.00     0.00   0.00    0.00     0.00    0.00      0.00     0.00   0.00    0.00     0.00    0.00      0.00     0.00   0.00    0.00     0.00    0.00   0.00
loop2            0.00      0.00     0.00   0.00    0.00     0.00    0.00      0.00     0.00   0.00    0.00     0.00    0.00      0.00     0.00   0.00    0.00     0.00    0.00   0.00
loop3            0.00      0.00     0.00   0.00    0.00     0.00    0.00      0.00     0.00   0.00    0.00     0.00    0.00      0.00     0.00   0.00    0.00     0.00    0.00   0.00
loop4            0.00      0.00     0.00   0.00    0.00     0.00    0.00      0.00     0.00   0.00    0.00     0.00    0.00      0.00     0.00   0.00    0.00     0.00    0.00   0.00
loop5            0.00      0.00     0.00   0.00    0.00     0.00    0.00      0.00     0.00   0.00    0.00     0.00    0.00      0.00     0.00   0.00    0.00     0.00    0.00   0.00
loop6            0.00      0.00     0.00   0.00    0.00     0.00    0.00      0.00     0.00   0.00    0.00     0.00    0.00      0.00     0.00   0.00    0.00     0.00    0.00   0.00
loop7            0.00      0.00     0.00   0.00    0.00     0.00    0.00      0.00     0.00   0.00    0.00     0.00    0.00      0.00     0.00   0.00    0.00     0.00    0.00   0.00
md0           155141.00 2976168.00     0.00   0.00    0.00    19.18 4621.00 1754042.40     0.00   0.00    0.00   379.58    0.00      0.00     0.00   0.00    0.00     0.00    0.00   0.00
nvme0n1          0.00      0.00     0.00   0.00    0.00     0.00    7.60     54.40     3.60  32.14    0.05     7.16    0.00      0.00     0.00   0.00    0.00     0.00    0.00   0.16
nvme10n1      4903.80  86267.20    38.20   0.77    0.08    17.59  142.80  54570.40     5.60   3.77    0.28   382.15    0.00      0.00     0.00   0.00    0.00     0.00    0.00  87.20
nvme11n1      4989.00  87154.40    38.60   0.77    0.08    17.47  152.00  54526.40     6.40   4.04    0.16   358.73    0.00      0.00     0.00   0.00    0.00     0.00    0.00  86.88
nvme12n1      4967.40  86637.60    37.40   0.75    0.08    17.44  140.20  54260.00     5.80   3.97    0.31   387.02    0.00      0.00     0.00   0.00    0.00     0.00    0.00  86.80
nvme13n1      4970.40  87495.20    38.60   0.77    0.08    17.60  140.60  54182.40     5.80   3.96    0.34   385.37    0.00      0.00     0.00   0.00    0.00     0.00    0.00  87.36
nvme14n1      4906.80  86797.60    38.40   0.78    0.08    17.69  139.00  53627.20     5.80   4.01    0.31   385.81    0.00      0.00     0.00   0.00    0.00     0.00    0.00  86.96
nvme15n1      4949.60  87940.80    37.20   0.75    0.08    17.77  141.00  53689.60     5.60   3.82    0.30   380.78    0.00      0.00     0.00   0.00    0.00     0.00    0.00  86.24
nvme16n1      4932.60  89705.60    39.20   0.79    0.08    18.19  138.20  52643.20     5.80   4.03    0.32   380.92    0.00      0.00     0.00   0.00    0.00     0.00    0.00  87.12
nvme17n1      4997.00  90504.80    38.60   0.77    0.08    18.11  138.00  52528.80     5.40   3.77    0.29   380.64    0.00      0.00     0.00   0.00    0.00     0.00    0.00  87.76
nvme18n1      5033.20  91447.20    40.00   0.79    0.08    18.17  139.80  53734.40     5.20   3.59    0.32   384.37    0.00      0.00     0.00   0.00    0.00     0.00    0.00  86.48
nvme19n1      4983.40  90792.00    39.60   0.79    0.08    18.22  141.00  54439.20     5.20   3.56    0.31   386.09    0.00      0.00     0.00   0.00    0.00     0.00    0.00  87.44
nvme1n1       4943.60  90632.00    37.60   0.75    0.08    18.33  137.80  52894.40     5.20   3.64    0.17   383.85    0.00      0.00     0.00   0.00    0.00     0.00    0.00  86.48
nvme20n1      4974.40  90388.00    40.60   0.81    0.08    18.17  142.60  55019.20     5.20   3.52    0.34   385.83    0.00      0.00     0.00   0.00    0.00     0.00    0.00  86.56
nvme21n1      4949.80  90251.20    38.00   0.76    0.08    18.23  144.00  55237.60     5.40   3.61    0.29   383.59    0.00      0.00     0.00   0.00    0.00     0.00    0.00  86.00
nvme22n1      5014.00  90392.00    39.80   0.79    0.08    18.03  142.20  54695.20     5.20   3.53    0.32   384.64    0.00      0.00     0.00   0.00    0.00     0.00    0.00  87.68
nvme23n1      5074.60  91699.20    36.60   0.72    0.08    18.07  139.40  53926.40     5.40   3.73    0.17   386.85    0.00      0.00     0.00   0.00    0.00     0.00    0.00  87.76
nvme24n1      5006.80  92088.80    40.00   0.79    0.08    18.39  141.20  54267.20     5.20   3.55    0.31   384.33    0.00      0.00     0.00   0.00    0.00     0.00    0.00  86.72
nvme25n1      5033.00  91708.80    39.80   0.78    0.08    18.22  141.00  53966.40     5.20   3.56    0.31   382.74    0.00      0.00     0.00   0.00    0.00     0.00    0.00  85.52
nvme26n1      5048.60  91868.80    39.80   0.78    0.08    18.20  140.20  54133.60     5.20   3.58    0.32   386.12    0.00      0.00     0.00   0.00    0.00     0.00    0.00  86.72
nvme27n1      5021.60  91605.60    37.80   0.75    0.08    18.24  142.00  54055.20     5.40   3.66    0.16   380.67    0.00      0.00     0.00   0.00    0.00     0.00    0.00  87.92
nvme28n1      5022.80  92328.80    39.20   0.77    0.08    18.38  141.20  53558.40     5.20   3.55    0.30   379.31    0.00      0.00     0.00   0.00    0.00     0.00    0.00  86.72
nvme29n1      4949.80  91718.40    39.40   0.79    0.08    18.53  139.60  53497.60     5.20   3.59    0.31   383.22    0.00      0.00     0.00   0.00    0.00     0.00    0.00  87.12
nvme2n1       4883.00  89791.20    38.60   0.78    0.08    18.39  135.80  51864.80     5.20   3.69    0.33   381.92    0.00      0.00     0.00   0.00    0.00     0.00    0.00  86.88
nvme30n1      4923.40  90501.60    38.80   0.78    0.08    18.38  138.60  52759.20     5.40   3.75    0.28   380.66    0.00      0.00     0.00   0.00    0.00     0.00    0.00  88.00
nvme31n1      4961.80  90976.00    36.60   0.73    0.08    18.34  140.40  53659.20     5.60   3.84    0.31   382.19    0.00      0.00     0.00   0.00    0.00     0.00    0.00  88.24
nvme3n1       4936.20  90140.80    38.80   0.78    0.08    18.26  137.40  52952.00     5.20   3.65    0.34   385.39    0.00      0.00     0.00   0.00    0.00     0.00    0.00  87.04
nvme4n1       4934.60  88908.80    38.80   0.78    0.08    18.02  134.60  51911.20     5.00   3.58    0.31   385.67    0.00      0.00     0.00   0.00    0.00     0.00    0.00  86.64
nvme5n1       4874.60  88474.40    38.80   0.79    0.08    18.15  157.40  52583.20     5.60   3.44    0.28   334.07    0.00      0.00     0.00   0.00    0.00     0.00    0.00  87.28
nvme6n1       4892.20  88456.80    39.00   0.79    0.08    18.08  143.80  53075.20     5.20   3.49    0.30   369.09    0.00      0.00     0.00   0.00    0.00     0.00    0.00  86.88
nvme7n1       4969.60  89504.80    38.60   0.77    0.08    18.01  139.60  53737.60     5.00   3.46    0.33   384.94    0.00      0.00     0.00   0.00    0.00     0.00    0.00  85.92
nvme8n1       4974.80  88452.80    39.00   0.78    0.08    17.78  161.20  54587.20     5.20   3.12    0.27   338.63    0.00      0.00     0.00   0.00    0.00     0.00    0.00  88.24
nvme9n1       4921.20  87347.20    38.60   0.78    0.08    17.75  157.60  54828.00     5.40   3.31    0.29   347.89    0.00      0.00     0.00   0.00    0.00     0.00    0.00  86.64


Device            r/s     rkB/s   rrqm/s  %rrqm r_await rareq-sz     w/s     wkB/s   wrqm/s  %wrqm w_await wareq-sz     d/s     dkB/s   drqm/s  %drqm d_await dareq-sz  aqu-sz  %util
dm-0             0.00      0.00     0.00   0.00    0.00     0.00    3.40     14.40     0.00   0.00    0.00     4.24    0.00      0.00     0.00   0.00    0.00     0.00    0.00   0.16
loop0            0.00      0.00     0.00   0.00    0.00     0.00    0.00      0.00     0.00   0.00    0.00     0.00    0.00      0.00     0.00   0.00    0.00     0.00    0.00   0.00
loop1            0.00      0.00     0.00   0.00    0.00     0.00    0.00      0.00     0.00   0.00    0.00     0.00    0.00      0.00     0.00   0.00    0.00     0.00    0.00   0.00
loop2            0.00      0.00     0.00   0.00    0.00     0.00    0.00      0.00     0.00   0.00    0.00     0.00    0.00      0.00     0.00   0.00    0.00     0.00    0.00   0.00
loop3            0.00      0.00     0.00   0.00    0.00     0.00    0.00      0.00     0.00   0.00    0.00     0.00    0.00      0.00     0.00   0.00    0.00     0.00    0.00   0.00
loop4            0.00      0.00     0.00   0.00    0.00     0.00    0.00      0.00     0.00   0.00    0.00     0.00    0.00      0.00     0.00   0.00    0.00     0.00    0.00   0.00
loop5            0.00      0.00     0.00   0.00    0.00     0.00    0.00      0.00     0.00   0.00    0.00     0.00    0.00      0.00     0.00   0.00    0.00     0.00    0.00   0.00
loop6            0.00      0.00     0.00   0.00    0.00     0.00    0.00      0.00     0.00   0.00    0.00     0.00    0.00      0.00     0.00   0.00    0.00     0.00    0.00   0.00
loop7            0.00      0.00     0.00   0.00    0.00     0.00    0.00      0.00     0.00   0.00    0.00     0.00    0.00      0.00     0.00   0.00    0.00     0.00    0.00   0.00
md0           182286.00 4958336.00     0.00   0.00    0.00    27.20 8866.00 3339500.00     0.00   0.00    0.00   376.66    0.00      0.00     0.00   0.00    0.00     0.00    0.00   0.00
nvme0n1          0.00      0.00     0.00   0.00    0.00     0.00    0.80     14.40     2.60  76.47    0.00    18.00    0.00      0.00     0.00   0.00    0.00     0.00    0.00   0.16
nvme10n1      5771.40 149043.20    85.20   1.45    0.09    25.82  272.60 105588.00     1.20   0.44    0.31   387.34    0.00      0.00     0.00   0.00    0.00     0.00    0.00  96.88
nvme11n1      5899.00 151319.20    87.40   1.46    0.09    25.65  299.60 109220.80     3.20   1.06    0.17   364.56    0.00      0.00     0.00   0.00    0.00     0.00    0.00  97.12
nvme12n1      5826.00 151555.20    86.40   1.46    0.09    26.01  281.80 108264.00     1.40   0.49    0.32   384.19    0.00      0.00     0.00   0.00    0.00     0.00    0.00  96.48
nvme13n1      5685.60 148864.00    88.60   1.53    0.09    26.18  275.00 106599.20     1.20   0.43    0.37   387.63    0.00      0.00     0.00   0.00    0.00     0.00    0.00  96.40
nvme14n1      5738.80 149536.80    86.20   1.48    0.09    26.06  274.40 106471.20     1.20   0.44    0.33   388.01    0.00      0.00     0.00   0.00    0.00     0.00    0.00  96.80
nvme15n1      5904.20 151868.80    86.60   1.45    0.09    25.72  282.40 108051.20     1.20   0.42    0.33   382.62    0.00      0.00     0.00   0.00    0.00     0.00    0.00  96.80
nvme16n1      5917.00 150496.00    86.60   1.44    0.09    25.43  280.20 108183.20     1.20   0.43    0.36   386.09    0.00      0.00     0.00   0.00    0.00     0.00    0.00  96.40
nvme17n1      5956.60 152085.60    86.20   1.43    0.09    25.53  280.00 108868.80     1.20   0.43    0.33   388.82    0.00      0.00     0.00   0.00    0.00     0.00    0.00  96.80
nvme18n1      5982.80 153319.20    84.80   1.40    0.09    25.63  282.60 109150.40     1.40   0.49    0.37   386.24    0.00      0.00     0.00   0.00    0.00     0.00    0.00  96.96
nvme19n1      5889.60 151570.40    87.40   1.46    0.09    25.74  278.00 108253.60     2.00   0.71    0.33   389.40    0.00      0.00     0.00   0.00    0.00     0.00    0.00  96.64
nvme1n1       5717.80 146348.00    85.40   1.47    0.09    25.60  270.00 105212.80     1.40   0.52    0.18   389.68    0.00      0.00     0.00   0.00    0.00     0.00    0.00  97.20
nvme20n1      5777.20 150947.20    84.00   1.43    0.09    26.13  278.20 108656.00     1.60   0.57    0.37   390.57    0.00      0.00     0.00   0.00    0.00     0.00    0.00  95.52
nvme21n1      5895.60 150922.40    87.40   1.46    0.09    25.60  282.20 109357.60     1.40   0.49    0.31   387.52    0.00      0.00     0.00   0.00    0.00     0.00    0.00  96.32
nvme22n1      5988.60 152942.40    83.60   1.38    0.09    25.54  282.00 109676.80     1.60   0.56    0.34   388.92    0.00      0.00     0.00   0.00    0.00     0.00    0.00  96.24
nvme23n1      5791.80 150991.20    86.20   1.47    0.09    26.07  276.80 107304.00     1.80   0.65    0.18   387.66    0.00      0.00     0.00   0.00    0.00     0.00    0.00  96.48
nvme24n1      5810.20 150702.40    86.20   1.46    0.09    25.94  275.60 107608.80     1.60   0.58    0.34   390.45    0.00      0.00     0.00   0.00    0.00     0.00    0.00  97.12
nvme25n1      5815.20 151968.80    87.60   1.48    0.09    26.13  279.00 109210.40     1.80   0.64    0.34   391.44    0.00      0.00     0.00   0.00    0.00     0.00    0.00  96.56
nvme26n1      5756.60 151936.80    88.00   1.51    0.09    26.39  281.00 107107.20     1.80   0.64    0.33   381.16    0.00      0.00     0.00   0.00    0.00     0.00    0.00  97.04
nvme27n1      5754.40 151367.20    85.20   1.46    0.08    26.30  272.80 105627.20     1.40   0.51    0.17   387.20    0.00      0.00     0.00   0.00    0.00     0.00    0.00  96.88
nvme28n1      5776.80 150424.80    88.00   1.50    0.09    26.04  279.80 105811.20     1.40   0.50    0.35   378.17    0.00      0.00     0.00   0.00    0.00     0.00    0.00  96.96
nvme29n1      5682.00 147819.20    85.80   1.49    0.09    26.02  273.20 105242.40     1.40   0.51    0.34   385.22    0.00      0.00     0.00   0.00    0.00     0.00    0.00  96.08
nvme2n1       5755.60 145103.20    85.00   1.46    0.09    25.21  274.80 105948.80     1.40   0.51    0.37   385.55    0.00      0.00     0.00   0.00    0.00     0.00    0.00  96.24
nvme30n1      5744.20 147753.60    85.60   1.47    0.09    25.72  272.00 105809.60     1.40   0.51    0.32   389.01    0.00      0.00     0.00   0.00    0.00     0.00    0.00  96.40
nvme31n1      5676.40 145671.20    86.60   1.50    0.09    25.66  272.40 105944.80     1.20   0.44    0.33   388.93    0.00      0.00     0.00   0.00    0.00     0.00    0.00  96.64
nvme3n1       5792.00 147276.00    83.40   1.42    0.09    25.43  273.60 105908.00     1.40   0.51    0.38   387.09    0.00      0.00     0.00   0.00    0.00     0.00    0.00  96.88
nvme4n1       5738.00 146822.40    85.40   1.47    0.09    25.59  272.60 104444.00     1.40   0.51    0.34   383.14    0.00      0.00     0.00   0.00    0.00     0.00    0.00  97.12
nvme5n1       5718.80 146176.00    83.60   1.44    0.09    25.56  321.40 103941.60     4.00   1.23    0.29   323.40    0.00      0.00     0.00   0.00    0.00     0.00    0.00  96.32
nvme6n1       5749.60 147641.60    83.20   1.43    0.09    25.68  287.60 103548.00     2.60   0.90    0.32   360.04    0.00      0.00     0.00   0.00    0.00     0.00    0.00  96.72
nvme7n1       5731.20 146448.80    84.00   1.44    0.09    25.55  274.00 105570.40     1.40   0.51    0.37   385.29    0.00      0.00     0.00   0.00    0.00     0.00    0.00  96.80
nvme8n1       5642.40 146269.60    83.00   1.45    0.09    25.92  309.60 106382.40     1.40   0.45    0.30   343.61    0.00      0.00     0.00   0.00    0.00     0.00    0.00  97.12
nvme9n1       5739.20 147639.20    85.40   1.47    0.09    25.72  310.00 104624.80     1.60   0.51    0.31   337.50    0.00      0.00     0.00   0.00    0.00     0.00    0.00  96.32


Device            r/s     rkB/s   rrqm/s  %rrqm r_await rareq-sz     w/s     wkB/s   wrqm/s  %wrqm w_await wareq-sz     d/s     dkB/s   drqm/s  %drqm d_await dareq-sz  aqu-sz  %util
dm-0             0.00      0.00     0.00   0.00    0.00     0.00    1.60      6.40     0.00   0.00    0.00     4.00    0.00      0.00     0.00   0.00    0.00     0.00    0.00   0.08
loop0            0.00      0.00     0.00   0.00    0.00     0.00    0.00      0.00     0.00   0.00    0.00     0.00    0.00      0.00     0.00   0.00    0.00     0.00    0.00   0.00
loop1            0.00      0.00     0.00   0.00    0.00     0.00    0.00      0.00     0.00   0.00    0.00     0.00    0.00      0.00     0.00   0.00    0.00     0.00    0.00   0.00
loop2            0.00      0.00     0.00   0.00    0.00     0.00    0.00      0.00     0.00   0.00    0.00     0.00    0.00      0.00     0.00   0.00    0.00     0.00    0.00   0.00
loop3            0.00      0.00     0.00   0.00    0.00     0.00    0.00      0.00     0.00   0.00    0.00     0.00    0.00      0.00     0.00   0.00    0.00     0.00    0.00   0.00
loop4            0.00      0.00     0.00   0.00    0.00     0.00    0.00      0.00     0.00   0.00    0.00     0.00    0.00      0.00     0.00   0.00    0.00     0.00    0.00   0.00
loop5            0.00      0.00     0.00   0.00    0.00     0.00    0.00      0.00     0.00   0.00    0.00     0.00    0.00      0.00     0.00   0.00    0.00     0.00    0.00   0.00
loop6            0.00      0.00     0.00   0.00    0.00     0.00    0.00      0.00     0.00   0.00    0.00     0.00    0.00      0.00     0.00   0.00    0.00     0.00    0.00   0.00
loop7            0.00      0.00     0.00   0.00    0.00     0.00    0.00      0.00     0.00   0.00    0.00     0.00    0.00      0.00     0.00   0.00    0.00     0.00    0.00   0.00
md0           158540.40 6382041.60     0.00   0.00    0.00    40.25 12578.20 4705358.40     0.00   0.00    0.00   374.09    0.00      0.00     0.00   0.00    0.00     0.00    0.00   0.00
nvme0n1          0.00      0.00     0.00   0.00    0.00     0.00    0.40      6.40     1.20  75.00    0.00    16.00    0.00      0.00     0.00   0.00    0.00     0.00    0.00   0.08
nvme10n1      5020.00 189296.80   110.40   2.15    0.10    37.71  373.60 144083.20     7.20   1.89    0.31   385.66    0.00      0.00     0.00   0.00    0.00     0.00    0.00  98.16
nvme11n1      5071.20 189451.20   114.20   2.20    0.09    37.36  394.60 143743.20    10.40   2.57    0.17   364.28    0.00      0.00     0.00   0.00    0.00     0.00    0.00  97.52
nvme12n1      4970.20 187164.80   112.20   2.21    0.10    37.66  375.40 145586.40     8.00   2.09    0.32   387.82    0.00      0.00     0.00   0.00    0.00     0.00    0.00  97.76
nvme13n1      4965.40 186480.80   109.80   2.16    0.10    37.56  375.00 145551.20     7.20   1.88    0.36   388.14    0.00      0.00     0.00   0.00    0.00     0.00    0.00  97.84
nvme14n1      4864.80 182944.80   114.60   2.30    0.10    37.61  374.00 144490.40    12.20   3.16    0.33   386.34    0.00      0.00     0.00   0.00    0.00     0.00    0.00  98.08
nvme15n1      4886.20 183572.80   110.20   2.21    0.10    37.57  374.80 146301.60     8.60   2.24    0.33   390.35    0.00      0.00     0.00   0.00    0.00     0.00    0.00  97.68
nvme16n1      4920.40 183213.60   112.40   2.23    0.10    37.24  377.60 147349.60    12.40   3.18    0.35   390.23    0.00      0.00     0.00   0.00    0.00     0.00    0.00  98.24
nvme17n1      4880.60 183623.20   107.80   2.16    0.10    37.62  379.80 148644.80     9.00   2.31    0.31   391.38    0.00      0.00     0.00   0.00    0.00     0.00    0.00  97.44
nvme18n1      4928.40 186349.60   112.60   2.23    0.10    37.81  380.40 149309.60    13.80   3.50    0.38   392.51    0.00      0.00     0.00   0.00    0.00     0.00    0.00  97.92
nvme19n1      4983.60 187746.40   107.40   2.11    0.10    37.67  389.20 151182.40     8.40   2.11    0.33   388.44    0.00      0.00     0.00   0.00    0.00     0.00    0.00  98.08
nvme1n1       5091.00 188186.40   115.00   2.21    0.09    36.96  375.80 145787.20    13.20   3.39    0.18   387.94    0.00      0.00     0.00   0.00    0.00     0.00    0.00  97.92
nvme20n1      4908.80 187745.60   112.60   2.24    0.10    38.25  383.40 149824.00    14.20   3.57    0.37   390.78    0.00      0.00     0.00   0.00    0.00     0.00    0.00  98.32
nvme21n1      4970.80 189224.00   109.40   2.15    0.10    38.07  385.40 150596.00     9.20   2.33    0.31   390.75    0.00      0.00     0.00   0.00    0.00     0.00    0.00  98.16
nvme22n1      5030.00 190632.00   114.20   2.22    0.10    37.90  387.60 151306.40    10.60   2.66    0.34   390.37    0.00      0.00     0.00   0.00    0.00     0.00    0.00  97.52
nvme23n1      4956.60 190355.20   109.40   2.16    0.10    38.40  392.40 154571.20    10.60   2.63    0.18   393.91    0.00      0.00     0.00   0.00    0.00     0.00    0.00  97.92
nvme24n1      5071.40 192247.20   116.00   2.24    0.10    37.91  398.80 154003.20    11.00   2.68    0.33   386.17    0.00      0.00     0.00   0.00    0.00     0.00    0.00  97.84
nvme25n1      5048.00 190979.20   111.00   2.15    0.10    37.83  390.00 150913.60     9.00   2.26    0.33   386.96    0.00      0.00     0.00   0.00    0.00     0.00    0.00  97.76
nvme26n1      5059.80 192612.80   117.60   2.27    0.10    38.07  390.60 150638.40    11.40   2.84    0.34   385.66    0.00      0.00     0.00   0.00    0.00     0.00    0.00  97.68
nvme27n1      5056.60 193158.40   111.40   2.16    0.09    38.20  392.20 151618.40     8.20   2.05    0.17   386.58    0.00      0.00     0.00   0.00    0.00     0.00    0.00  98.32
nvme28n1      5006.20 189490.40   119.20   2.33    0.10    37.85  389.40 150026.40    10.00   2.50    0.37   385.28    0.00      0.00     0.00   0.00    0.00     0.00    0.00  97.76
nvme29n1      5095.00 190843.20   107.40   2.06    0.10    37.46  397.80 150928.80     9.80   2.40    0.34   379.41    0.00      0.00     0.00   0.00    0.00     0.00    0.00  97.84
nvme2n1       4990.20 186560.00   106.80   2.10    0.10    37.39  377.00 146079.20     9.40   2.43    0.37   387.48    0.00      0.00     0.00   0.00    0.00     0.00    0.00  97.92
nvme30n1      5040.40 189215.20   114.20   2.22    0.10    37.54  386.00 149506.40    13.00   3.26    0.31   387.32    0.00      0.00     0.00   0.00    0.00     0.00    0.00  97.84
nvme31n1      5049.20 188114.40   107.80   2.09    0.10    37.26  382.40 148133.60     8.00   2.05    0.31   387.38    0.00      0.00     0.00   0.00    0.00     0.00    0.00  98.56
nvme3n1       5078.60 187997.60   112.80   2.17    0.10    37.02  378.60 146171.20     9.00   2.32    0.37   386.08    0.00      0.00     0.00   0.00    0.00     0.00    0.00  97.44
nvme4n1       5017.00 186565.60   107.40   2.10    0.10    37.19  378.40 145440.00     9.40   2.42    0.33   384.36    0.00      0.00     0.00   0.00    0.00     0.00    0.00  98.16
nvme5n1       5053.20 187860.80   111.60   2.16    0.10    37.18  473.40 145872.00    15.80   3.23    0.28   308.14    0.00      0.00     0.00   0.00    0.00     0.00    0.00  98.24
nvme6n1       5036.60 187354.40   108.20   2.10    0.10    37.20  403.20 143220.00    10.80   2.61    0.31   355.21    0.00      0.00     0.00   0.00    0.00     0.00    0.00  97.60
nvme7n1       5048.80 190867.20   111.40   2.16    0.10    37.80  375.40 144138.40    17.80   4.53    0.35   383.96    0.00      0.00     0.00   0.00    0.00     0.00    0.00  97.68
nvme8n1       4995.40 189840.00   108.80   2.13    0.10    38.00  440.20 145268.80    38.20   7.98    0.28   330.01    0.00      0.00     0.00   0.00    0.00     0.00    0.00  98.48
nvme9n1       4993.40 189437.60   113.80   2.23    0.10    37.94  420.20 145557.60    21.80   4.93    0.31   346.40    0.00      0.00     0.00   0.00    0.00     0.00    0.00  98.08


Device            r/s     rkB/s   rrqm/s  %rrqm r_await rareq-sz     w/s     wkB/s   wrqm/s  %wrqm w_await wareq-sz     d/s     dkB/s   drqm/s  %drqm d_await dareq-sz  aqu-sz  %util
dm-0             0.00      0.00     0.00   0.00    0.00     0.00    4.00     18.40     0.00   0.00    0.00     4.60    0.00      0.00     0.00   0.00    0.00     0.00    0.00   0.16
loop0            0.00      0.00     0.00   0.00    0.00     0.00    0.00      0.00     0.00   0.00    0.00     0.00    0.00      0.00     0.00   0.00    0.00     0.00    0.00   0.00
loop1            0.00      0.00     0.00   0.00    0.00     0.00    0.00      0.00     0.00   0.00    0.00     0.00    0.00      0.00     0.00   0.00    0.00     0.00    0.00   0.00
loop2            0.00      0.00     0.00   0.00    0.00     0.00    0.00      0.00     0.00   0.00    0.00     0.00    0.00      0.00     0.00   0.00    0.00     0.00    0.00   0.00
loop3            0.00      0.00     0.00   0.00    0.00     0.00    0.00      0.00     0.00   0.00    0.00     0.00    0.00      0.00     0.00   0.00    0.00     0.00    0.00   0.00
loop4            0.00      0.00     0.00   0.00    0.00     0.00    0.00      0.00     0.00   0.00    0.00     0.00    0.00      0.00     0.00   0.00    0.00     0.00    0.00   0.00
loop5            0.00      0.00     0.00   0.00    0.00     0.00    0.00      0.00     0.00   0.00    0.00     0.00    0.00      0.00     0.00   0.00    0.00     0.00    0.00   0.00
loop6            0.00      0.00     0.00   0.00    0.00     0.00    0.00      0.00     0.00   0.00    0.00     0.00    0.00      0.00     0.00   0.00    0.00     0.00    0.00   0.00
loop7            0.00      0.00     0.00   0.00    0.00     0.00    0.00      0.00     0.00   0.00    0.00     0.00    0.00      0.00     0.00   0.00    0.00     0.00    0.00   0.00
md0           234128.00 2806307.20     0.00   0.00    0.00    11.99 3143.60 1174401.60     0.00   0.00    0.00   373.58    0.00      0.00     0.00   0.00    0.00     0.00    0.00   0.00
nvme0n1          0.00      0.00     0.00   0.00    0.00     0.00    0.80     18.40     3.20  80.00    0.00    23.00    0.00      0.00     0.00   0.00    0.00     0.00    0.00   0.16
nvme10n1      7331.40  83460.80    17.60   0.24    0.08    11.38   93.20  34583.20     5.20   5.28    0.25   371.06    0.00      0.00     0.00   0.00    0.00     0.00    0.00  95.44
nvme11n1      7301.80  83003.20    16.20   0.22    0.08    11.37   97.60  33976.00     9.80   9.12    0.14   348.11    0.00      0.00     0.00   0.00    0.00     0.00    0.00  94.24
nvme12n1      7344.00  82537.60    17.20   0.23    0.07    11.24   85.40  33368.00     5.60   6.15    0.27   390.73    0.00      0.00     0.00   0.00    0.00     0.00    0.00  95.36
nvme13n1      7327.60  82344.00    16.20   0.22    0.08    11.24   85.20  34311.20     4.40   4.91    0.31   402.71    0.00      0.00     0.00   0.00    0.00     0.00    0.00  95.44
nvme14n1      7437.40  84619.20    16.20   0.22    0.07    11.38   88.60  35952.00     5.60   5.94    0.29   405.78    0.00      0.00     0.00   0.00    0.00     0.00    0.00  95.52
nvme15n1      7511.80  86194.40    17.40   0.23    0.08    11.47   92.00  36528.00     4.20   4.37    0.29   397.04    0.00      0.00     0.00   0.00    0.00     0.00    0.00  94.64
nvme16n1      7542.60  86519.20    18.40   0.24    0.08    11.47   93.00  36988.00     7.40   7.37    0.31   397.72    0.00      0.00     0.00   0.00    0.00     0.00    0.00  95.68
nvme17n1      7542.20  86381.60    17.80   0.24    0.08    11.45   91.80  36640.80     3.60   3.77    0.27   399.14    0.00      0.00     0.00   0.00    0.00     0.00    0.00  95.12
nvme18n1      7615.20  87949.60    17.60   0.23    0.08    11.55   89.60  36693.60     7.20   7.44    0.33   409.53    0.00      0.00     0.00   0.00    0.00     0.00    0.00  95.76
nvme19n1      7642.40  88058.40    18.60   0.24    0.08    11.52   90.80  36062.40     4.00   4.22    0.28   397.16    0.00      0.00     0.00   0.00    0.00     0.00    0.00  95.52
nvme1n1       7455.40  85632.00    18.00   0.24    0.07    11.49   89.60  35953.60     9.20   9.31    0.16   401.27    0.00      0.00     0.00   0.00    0.00     0.00    0.00  95.84
nvme20n1      7613.20  88043.20    17.00   0.22    0.08    11.56   91.60  36613.60     7.20   7.29    0.33   399.71    0.00      0.00     0.00   0.00    0.00     0.00    0.00  95.60
nvme21n1      7593.20  88095.20    18.80   0.25    0.08    11.60   90.40  36082.40     5.00   5.24    0.27   399.14    0.00      0.00     0.00   0.00    0.00     0.00    0.00  95.04
nvme22n1      7644.40  88929.60    18.20   0.24    0.08    11.63   90.00  36079.20     6.20   6.44    0.29   400.88    0.00      0.00     0.00   0.00    0.00     0.00    0.00  96.80
nvme23n1      7539.20  86874.40    19.80   0.26    0.07    11.52   86.80  35635.20     2.80   3.12    0.16   410.54    0.00      0.00     0.00   0.00    0.00     0.00    0.00  96.16
nvme24n1      7585.60  86962.40    16.80   0.22    0.08    11.46   88.80  35594.40     4.20   4.52    0.28   400.84    0.00      0.00     0.00   0.00    0.00     0.00    0.00  96.24
nvme25n1      7757.00  89127.20    20.40   0.26    0.08    11.49   90.20  36419.20     2.40   2.59    0.29   403.76    0.00      0.00     0.00   0.00    0.00     0.00    0.00  95.60
nvme26n1      7685.40  87759.20    17.00   0.22    0.07    11.42   93.00  36782.40     7.60   7.55    0.29   395.51    0.00      0.00     0.00   0.00    0.00     0.00    0.00  95.60
nvme27n1      7664.40  87500.00    19.20   0.25    0.07    11.42   90.60  36504.80     2.40   2.58    0.16   402.92    0.00      0.00     0.00   0.00    0.00     0.00    0.00  95.28
nvme28n1      7569.80  86960.00    17.40   0.23    0.08    11.49   90.20  36411.20     7.40   7.58    0.30   403.67    0.00      0.00     0.00   0.00    0.00     0.00    0.00  96.00
nvme29n1      7659.40  87580.00    19.20   0.25    0.08    11.43   90.40  36155.20     4.60   4.84    0.29   399.95    0.00      0.00     0.00   0.00    0.00     0.00    0.00  96.24
nvme2n1       7541.80  86660.00    18.60   0.25    0.08    11.49   88.20  35815.20     5.20   5.57    0.32   406.07    0.00      0.00     0.00   0.00    0.00     0.00    0.00  96.08
nvme30n1      7584.40  87116.00    18.00   0.24    0.08    11.49   91.20  36305.60     7.40   7.51    0.27   398.09    0.00      0.00     0.00   0.00    0.00     0.00    0.00  95.68
nvme31n1      7544.40  86464.80    18.40   0.24    0.08    11.46   91.40  36552.80     2.40   2.56    0.29   399.92    0.00      0.00     0.00   0.00    0.00     0.00    0.00  95.04
nvme3n1       7401.80  85561.60    17.80   0.24    0.08    11.56   86.40  34788.00     9.80  10.19    0.32   402.64    0.00      0.00     0.00   0.00    0.00     0.00    0.00  95.04
nvme4n1       7531.60  86644.00    19.20   0.25    0.08    11.50   86.20  34904.00     6.80   7.31    0.30   404.92    0.00      0.00     0.00   0.00    0.00     0.00    0.00  95.60
nvme5n1       7549.20  86788.00    17.60   0.23    0.08    11.50  111.40  35425.60    10.40   8.54    0.24   318.00    0.00      0.00     0.00   0.00    0.00     0.00    0.00  95.04
nvme6n1       7530.20  86768.80    18.80   0.25    0.07    11.52   93.80  35210.40     8.40   8.22    0.28   375.38    0.00      0.00     0.00   0.00    0.00     0.00    0.00  95.36
nvme7n1       7549.80  87187.20    17.40   0.23    0.08    11.55   90.20  36113.60    19.80  18.00    0.32   400.37    0.00      0.00     0.00   0.00    0.00     0.00    0.00  95.68
nvme8n1       7531.60  86328.80    19.60   0.26    0.08    11.46  120.60  36058.40    41.40  25.56    0.22   298.99    0.00      0.00     0.00   0.00    0.00     0.00    0.00  95.92
nvme9n1       7434.60  84951.20    17.40   0.23    0.08    11.43   96.60  35011.20    23.00  19.23    0.28   362.43    0.00      0.00     0.00   0.00    0.00     0.00    0.00  95.92


Device            r/s     rkB/s   rrqm/s  %rrqm r_await rareq-sz     w/s     wkB/s   wrqm/s  %wrqm w_await wareq-sz     d/s     dkB/s   drqm/s  %drqm d_await dareq-sz  aqu-sz  %util
dm-0             0.00      0.00     0.00   0.00    0.00     0.00   10.60     44.80     0.00   0.00    0.00     4.23    0.00      0.00     0.00   0.00    0.00     0.00    0.00   0.16
loop0            0.00      0.00     0.00   0.00    0.00     0.00    0.00      0.00     0.00   0.00    0.00     0.00    0.00      0.00     0.00   0.00    0.00     0.00    0.00   0.00
loop1            0.00      0.00     0.00   0.00    0.00     0.00    0.00      0.00     0.00   0.00    0.00     0.00    0.00      0.00     0.00   0.00    0.00     0.00    0.00   0.00
loop2            0.00      0.00     0.00   0.00    0.00     0.00    0.00      0.00     0.00   0.00    0.00     0.00    0.00      0.00     0.00   0.00    0.00     0.00    0.00   0.00
loop3            0.00      0.00     0.00   0.00    0.00     0.00    0.00      0.00     0.00   0.00    0.00     0.00    0.00      0.00     0.00   0.00    0.00     0.00    0.00   0.00
loop4            0.00      0.00     0.00   0.00    0.00     0.00    0.00      0.00     0.00   0.00    0.00     0.00    0.00      0.00     0.00   0.00    0.00     0.00    0.00   0.00
loop5            0.00      0.00     0.00   0.00    0.00     0.00    0.00      0.00     0.00   0.00    0.00     0.00    0.00      0.00     0.00   0.00    0.00     0.00    0.00   0.00
loop6            0.00      0.00     0.00   0.00    0.00     0.00    0.00      0.00     0.00   0.00    0.00     0.00    0.00      0.00     0.00   0.00    0.00     0.00    0.00   0.00
loop7            0.00      0.00     0.00   0.00    0.00     0.00    0.00      0.00     0.00   0.00    0.00     0.00    0.00      0.00     0.00   0.00    0.00     0.00    0.00   0.00
md0           101291.80 2835964.00     0.00   0.00    0.00    28.00 4656.00 1888297.60     0.00   0.00    0.00   405.56    0.00      0.00     0.00   0.00    0.00     0.00    0.00   0.00
nvme0n1          0.00      0.00     0.00   0.00    0.00     0.00    9.20     44.80     1.40  13.21    0.04     4.87    0.00      0.00     0.00   0.00    0.00     0.00    0.00   0.16
nvme10n1      3290.00  85273.60    42.40   1.27    0.09    25.92  146.00  59722.40     0.20   0.14    0.29   409.06    0.00      0.00     0.00   0.00    0.00     0.00    0.00  79.68
nvme11n1      3251.20  84174.40    43.60   1.32    0.08    25.89  152.60  58695.20     0.80   0.52    0.16   384.63    0.00      0.00     0.00   0.00    0.00     0.00    0.00  78.80
nvme12n1      3259.40  83627.20    41.20   1.25    0.09    25.66  140.80  58572.80     0.00   0.00    0.30   416.00    0.00      0.00     0.00   0.00    0.00     0.00    0.00  79.20
nvme13n1      3249.00  83648.80    43.80   1.33    0.09    25.75  142.40  58313.60     0.00   0.00    0.32   409.51    0.00      0.00     0.00   0.00    0.00     0.00    0.00  78.88
nvme14n1      3200.00  84017.60    41.80   1.29    0.09    26.26  141.40  57201.60     0.00   0.00    0.30   404.54    0.00      0.00     0.00   0.00    0.00     0.00    0.00  80.72
nvme15n1      3230.80  83896.80    43.20   1.32    0.09    25.97  140.20  57972.00     0.20   0.14    0.31   413.50    0.00      0.00     0.00   0.00    0.00     0.00    0.00  79.44
nvme16n1      3239.40  84793.60    42.60   1.30    0.09    26.18  144.60  59590.40     0.00   0.00    0.32   412.11    0.00      0.00     0.00   0.00    0.00     0.00    0.00  77.44
nvme17n1      3195.60  83409.60    43.60   1.35    0.09    26.10  144.20  59853.60     0.00   0.00    0.30   415.07    0.00      0.00     0.00   0.00    0.00     0.00    0.00  79.36
nvme18n1      3162.60  84260.80    40.40   1.26    0.09    26.64  146.80  60849.60     0.00   0.00    0.34   414.51    0.00      0.00     0.00   0.00    0.00     0.00    0.00  79.12
nvme19n1      3241.40  85526.40    43.40   1.32    0.09    26.39  149.80  61363.20     0.20   0.13    0.31   409.63    0.00      0.00     0.00   0.00    0.00     0.00    0.00  79.60
nvme1n1       3229.00  86782.40    42.80   1.31    0.09    26.88  146.20  60289.60     0.20   0.14    0.17   412.38    0.00      0.00     0.00   0.00    0.00     0.00    0.00  79.04
nvme20n1      3216.80  85020.80    43.20   1.33    0.09    26.43  148.20  61370.40     0.20   0.13    0.32   414.11    0.00      0.00     0.00   0.00    0.00     0.00    0.00  77.76
nvme21n1      3187.20  84808.00    44.60   1.38    0.09    26.61  148.80  61302.40     0.20   0.13    0.30   411.98    0.00      0.00     0.00   0.00    0.00     0.00    0.00  79.84
nvme22n1      3188.00  84420.80    42.00   1.30    0.09    26.48  146.40  60670.40     0.20   0.14    0.32   414.42    0.00      0.00     0.00   0.00    0.00     0.00    0.00  78.80
nvme23n1      3194.20  86264.00    42.20   1.30    0.08    27.01  148.00  60435.20     0.20   0.13    0.17   408.35    0.00      0.00     0.00   0.00    0.00     0.00    0.00  79.12
nvme24n1      3192.00  85278.40    42.80   1.32    0.09    26.72  144.20  58800.80     0.20   0.14    0.31   407.77    0.00      0.00     0.00   0.00    0.00     0.00    0.00  78.08
nvme25n1      3212.00  85188.80    44.00   1.35    0.09    26.52  146.20  59809.60     0.20   0.14    0.31   409.09    0.00      0.00     0.00   0.00    0.00     0.00    0.00  80.24
nvme26n1      3235.20  85049.60    39.60   1.21    0.09    26.29  146.40  59553.60     0.20   0.14    0.30   406.79    0.00      0.00     0.00   0.00    0.00     0.00    0.00  79.36
nvme27n1      3306.20  85741.60    43.40   1.30    0.08    25.93  148.80  59824.00     0.40   0.27    0.16   402.04    0.00      0.00     0.00   0.00    0.00     0.00    0.00  78.16
nvme28n1      3258.60  84910.40    41.20   1.25    0.09    26.06  144.60  58297.60     0.00   0.00    0.32   403.16    0.00      0.00     0.00   0.00    0.00     0.00    0.00  79.76
nvme29n1      3245.40  85452.00    43.20   1.31    0.09    26.33  141.00  58061.60     0.60   0.42    0.30   411.78    0.00      0.00     0.00   0.00    0.00     0.00    0.00  79.04
nvme2n1       3197.80  85904.00    44.80   1.38    0.09    26.86  145.60  60511.20     0.20   0.14    0.34   415.60    0.00      0.00     0.00   0.00    0.00     0.00    0.00  81.28
nvme30n1      3256.40  86303.20    42.20   1.28    0.09    26.50  142.80  58947.20     0.40   0.28    0.29   412.80    0.00      0.00     0.00   0.00    0.00     0.00    0.00  78.64
nvme31n1      3241.60  86366.40    44.40   1.35    0.09    26.64  147.40  59906.40     0.20   0.14    0.30   406.42    0.00      0.00     0.00   0.00    0.00     0.00    0.00  78.00
nvme3n1       3205.00  83798.40    42.40   1.31    0.09    26.15  148.60  61259.20     0.20   0.13    0.34   412.24    0.00      0.00     0.00   0.00    0.00     0.00    0.00  78.40
nvme4n1       3199.80  83794.40    43.00   1.33    0.09    26.19  148.20  60779.20     0.20   0.13    0.32   410.12    0.00      0.00     0.00   0.00    0.00     0.00    0.00  79.36
nvme5n1       3184.80  84712.80    42.00   1.30    0.09    26.60  173.60  60837.60     0.40   0.23    0.29   350.45    0.00      0.00     0.00   0.00    0.00     0.00    0.00  79.12
nvme6n1       3150.60  83311.20    42.20   1.32    0.09    26.44  156.40  61195.20     0.40   0.26    0.30   391.27    0.00      0.00     0.00   0.00    0.00     0.00    0.00  79.28
nvme7n1       3199.80  83514.40    41.80   1.29    0.09    26.10  148.20  61116.80     0.00   0.00    0.34   412.39    0.00      0.00     0.00   0.00    0.00     0.00    0.00  80.96
nvme8n1       3236.00  84432.80    41.60   1.27    0.09    26.09  181.00  61229.60     0.00   0.00    0.26   338.29    0.00      0.00     0.00   0.00    0.00     0.00    0.00  81.44
nvme9n1       3306.00  85250.40    45.40   1.35    0.09    25.79  153.80  60908.00     0.00   0.00    0.32   396.02    0.00      0.00     0.00   0.00    0.00     0.00    0.00  81.52


Device            r/s     rkB/s   rrqm/s  %rrqm r_await rareq-sz     w/s     wkB/s   wrqm/s  %wrqm w_await wareq-sz     d/s     dkB/s   drqm/s  %drqm d_await dareq-sz  aqu-sz  %util
dm-0             0.00      0.00     0.00   0.00    0.00     0.00    3.20     44.80     0.00   0.00    0.00    14.00    0.00      0.00     0.00   0.00    0.00     0.00    0.00   0.16
loop0            0.00      0.00     0.00   0.00    0.00     0.00    0.00      0.00     0.00   0.00    0.00     0.00    0.00      0.00     0.00   0.00    0.00     0.00    0.00   0.00
loop1            0.00      0.00     0.00   0.00    0.00     0.00    0.00      0.00     0.00   0.00    0.00     0.00    0.00      0.00     0.00   0.00    0.00     0.00    0.00   0.00
loop2            0.00      0.00     0.00   0.00    0.00     0.00    0.00      0.00     0.00   0.00    0.00     0.00    0.00      0.00     0.00   0.00    0.00     0.00    0.00   0.00
loop3            0.00      0.00     0.00   0.00    0.00     0.00    0.00      0.00     0.00   0.00    0.00     0.00    0.00      0.00     0.00   0.00    0.00     0.00    0.00   0.00
loop4            0.00      0.00     0.00   0.00    0.00     0.00    0.00      0.00     0.00   0.00    0.00     0.00    0.00      0.00     0.00   0.00    0.00     0.00    0.00   0.00
loop5            0.00      0.00     0.00   0.00    0.00     0.00    0.00      0.00     0.00   0.00    0.00     0.00    0.00      0.00     0.00   0.00    0.00     0.00    0.00   0.00
loop6            0.00      0.00     0.00   0.00    0.00     0.00    0.00      0.00     0.00   0.00    0.00     0.00    0.00      0.00     0.00   0.00    0.00     0.00    0.00   0.00
loop7            0.00      0.00     0.00   0.00    0.00     0.00    0.00      0.00     0.00   0.00    0.00     0.00    0.00      0.00     0.00   0.00    0.00     0.00    0.00   0.00
md0           105944.20 6388459.20     0.00   0.00    0.00    60.30 12036.80 4920920.80     0.00   0.00    0.00   408.82    0.00      0.00     0.00   0.00    0.00     0.00    0.00   0.00
nvme0n1          0.00      0.00     0.00   0.00    0.00     0.00    1.00     44.80     2.20  68.75    0.00    44.80    0.00      0.00     0.00   0.00    0.00     0.00    0.00   0.16
nvme10n1      3245.20 185774.40   106.80   3.19    0.12    57.25  379.40 159241.60     0.20   0.05    0.34   419.72    0.00      0.00     0.00   0.00    0.00     0.00    0.00  86.64
nvme11n1      3203.00 187400.80   110.40   3.33    0.12    58.51  399.00 158903.20     3.20   0.80    0.18   398.25    0.00      0.00     0.00   0.00    0.00     0.00    0.00  85.52
nvme12n1      3159.40 186588.80   108.00   3.31    0.12    59.06  377.80 157841.60     0.20   0.05    0.35   417.79    0.00      0.00     0.00   0.00    0.00     0.00    0.00  85.36
nvme13n1      3198.40 185868.00   108.00   3.27    0.13    58.11  383.20 158306.40     0.20   0.05    0.40   413.12    0.00      0.00     0.00   0.00    0.00     0.00    0.00  85.68
nvme14n1      3208.20 183922.40   107.20   3.23    0.11    57.33  378.00 156433.60     0.20   0.05    0.35   413.85    0.00      0.00     0.00   0.00    0.00     0.00    0.00  85.84
nvme15n1      3295.60 184558.40   110.20   3.24    0.12    56.00  377.60 156205.60     0.20   0.05    0.35   413.68    0.00      0.00     0.00   0.00    0.00     0.00    0.00  86.40
nvme16n1      3309.80 186488.00   106.80   3.13    0.12    56.34  372.00 155900.80     0.20   0.05    0.39   419.09    0.00      0.00     0.00   0.00    0.00     0.00    0.00  84.72
nvme17n1      3340.40 186680.80   109.00   3.16    0.12    55.89  369.60 155774.40     0.20   0.05    0.34   421.47    0.00      0.00     0.00   0.00    0.00     0.00    0.00  85.92
nvme18n1      3361.00 185938.40   108.00   3.11    0.12    55.32  372.00 157164.00     0.40   0.11    0.40   422.48    0.00      0.00     0.00   0.00    0.00     0.00    0.00  85.52
nvme19n1      3317.40 188024.00   112.60   3.28    0.12    56.68  377.80 159360.00     0.40   0.11    0.36   421.81    0.00      0.00     0.00   0.00    0.00     0.00    0.00  84.72
nvme1n1       3325.60 186937.60   109.00   3.17    0.11    56.21  376.80 157992.00     0.40   0.11    0.19   419.30    0.00      0.00     0.00   0.00    0.00     0.00    0.00  85.52
nvme20n1      3349.00 185957.60   107.40   3.11    0.12    55.53  374.80 158317.60     0.40   0.11    0.39   422.41    0.00      0.00     0.00   0.00    0.00     0.00    0.00  84.88
nvme21n1      3321.40 187232.80   106.40   3.10    0.12    56.37  377.40 158129.60     0.40   0.11    0.33   419.00    0.00      0.00     0.00   0.00    0.00     0.00    0.00  86.24
nvme22n1      3259.20 185880.80   110.40   3.28    0.12    57.03  372.00 157491.20     0.40   0.11    0.36   423.36    0.00      0.00     0.00   0.00    0.00     0.00    0.00  83.52
nvme23n1      3275.20 186394.40   109.60   3.24    0.11    56.91  376.40 158832.00     0.60   0.16    0.19   421.98    0.00      0.00     0.00   0.00    0.00     0.00    0.00  87.12
nvme24n1      3335.00 186869.60   110.20   3.20    0.12    56.03  379.40 160954.40     0.40   0.11    0.36   424.23    0.00      0.00     0.00   0.00    0.00     0.00    0.00  84.48
nvme25n1      3377.20 189080.80   108.80   3.12    0.12    55.99  382.40 161216.00     0.40   0.10    0.36   421.59    0.00      0.00     0.00   0.00    0.00     0.00    0.00  86.32
nvme26n1      3408.80 188947.20   111.80   3.18    0.12    55.43  383.60 160254.40     0.40   0.10    0.36   417.76    0.00      0.00     0.00   0.00    0.00     0.00    0.00  85.60
nvme27n1      3400.80 187844.00   110.00   3.13    0.10    55.24  378.60 159685.60     0.40   0.11    0.17   421.78    0.00      0.00     0.00   0.00    0.00     0.00    0.00  87.12
nvme28n1      3344.00 186746.40   110.40   3.20    0.12    55.85  379.20 158612.80     0.40   0.11    0.39   418.28    0.00      0.00     0.00   0.00    0.00     0.00    0.00  86.48
nvme29n1      3365.80 187637.60   108.60   3.13    0.12    55.75  383.40 159192.00     0.40   0.10    0.36   415.21    0.00      0.00     0.00   0.00    0.00     0.00    0.00  86.64
nvme2n1       3330.60 187595.20   109.40   3.18    0.12    56.32  372.60 155827.20     0.40   0.11    0.41   418.22    0.00      0.00     0.00   0.00    0.00     0.00    0.00  86.40
nvme30n1      3382.80 190601.60   110.60   3.17    0.12    56.34  382.00 160562.40     0.40   0.10    0.34   420.32    0.00      0.00     0.00   0.00    0.00     0.00    0.00  86.24
nvme31n1      3314.00 190136.00   112.40   3.28    0.12    57.37  384.20 159672.80     0.40   0.10    0.36   415.60    0.00      0.00     0.00   0.00    0.00     0.00    0.00  86.80
nvme3n1       3288.80 186812.00   110.00   3.24    0.12    56.80  371.40 155115.20     0.40   0.11    0.41   417.65    0.00      0.00     0.00   0.00    0.00     0.00    0.00  86.24
nvme4n1       3311.80 185704.00   109.00   3.19    0.12    56.07  368.80 154609.60     0.40   0.11    0.37   419.22    0.00      0.00     0.00   0.00    0.00     0.00    0.00  85.44
nvme5n1       3292.20 186527.20   108.00   3.18    0.12    56.66  446.40 156204.80     3.40   0.76    0.32   349.92    0.00      0.00     0.00   0.00    0.00     0.00    0.00  85.52
nvme6n1       3374.40 188730.40   110.20   3.16    0.12    55.93  398.80 156764.00     2.00   0.50    0.34   393.09    0.00      0.00     0.00   0.00    0.00     0.00    0.00  86.40
nvme7n1       3296.00 187932.80   110.00   3.23    0.12    57.02  372.60 156639.20     0.40   0.11    0.38   420.40    0.00      0.00     0.00   0.00    0.00     0.00    0.00  86.56
nvme8n1       3319.60 188105.60   109.60   3.20    0.12    56.67  420.20 157312.00     0.40   0.10    0.31   374.37    0.00      0.00     0.00   0.00    0.00     0.00    0.00  86.48
nvme9n1       3259.60 186588.80   108.60   3.22    0.12    57.24  426.00 157272.00     0.40   0.09    0.33   369.18    0.00      0.00     0.00   0.00    0.00     0.00    0.00  87.12


Device            r/s     rkB/s   rrqm/s  %rrqm r_await rareq-sz     w/s     wkB/s   wrqm/s  %wrqm w_await wareq-sz     d/s     dkB/s   drqm/s  %drqm d_await dareq-sz  aqu-sz  %util
dm-0             0.00      0.00     0.00   0.00    0.00     0.00    3.20     14.40     0.00   0.00    0.00     4.50    0.00      0.00     0.00   0.00    0.00     0.00    0.00   0.16
loop0            0.00      0.00     0.00   0.00    0.00     0.00    0.00      0.00     0.00   0.00    0.00     0.00    0.00      0.00     0.00   0.00    0.00     0.00    0.00   0.00
loop1            0.00      0.00     0.00   0.00    0.00     0.00    0.00      0.00     0.00   0.00    0.00     0.00    0.00      0.00     0.00   0.00    0.00     0.00    0.00   0.00
loop2            0.00      0.00     0.00   0.00    0.00     0.00    0.00      0.00     0.00   0.00    0.00     0.00    0.00      0.00     0.00   0.00    0.00     0.00    0.00   0.00
loop3            0.00      0.00     0.00   0.00    0.00     0.00    0.00      0.00     0.00   0.00    0.00     0.00    0.00      0.00     0.00   0.00    0.00     0.00    0.00   0.00
loop4            0.00      0.00     0.00   0.00    0.00     0.00    0.00      0.00     0.00   0.00    0.00     0.00    0.00      0.00     0.00   0.00    0.00     0.00    0.00   0.00
loop5            0.00      0.00     0.00   0.00    0.00     0.00    0.00      0.00     0.00   0.00    0.00     0.00    0.00      0.00     0.00   0.00    0.00     0.00    0.00   0.00
loop6            0.00      0.00     0.00   0.00    0.00     0.00    0.00      0.00     0.00   0.00    0.00     0.00    0.00      0.00     0.00   0.00    0.00     0.00    0.00   0.00
loop7            0.00      0.00     0.00   0.00    0.00     0.00    0.00      0.00     0.00   0.00    0.00     0.00    0.00      0.00     0.00   0.00    0.00     0.00    0.00   0.00
md0           219945.20 5077440.00     0.00   0.00    0.00    23.09 7810.60 3152504.00     0.00   0.00    0.00   403.62    0.00      0.00     0.00   0.00    0.00     0.00    0.00   0.00
nvme0n1          0.00      0.00     0.00   0.00    0.00     0.00    0.80     14.40     2.40  75.00    0.00    18.00    0.00      0.00     0.00   0.00    0.00     0.00    0.00   0.16
nvme10n1      7204.20 152016.80    58.20   0.80    0.09    21.10  237.60 102421.60     9.60   3.88    0.30   431.07    0.00      0.00     0.00   0.00    0.00     0.00    0.00  99.84
nvme11n1      7169.20 151656.00    52.40   0.73    0.09    21.15  255.60 101499.20    10.80   4.05    0.16   397.10    0.00      0.00     0.00   0.00    0.00     0.00    0.00  99.92
nvme12n1      7155.20 151473.60    57.40   0.80    0.09    21.17  233.40 100469.60     7.80   3.23    0.31   430.46    0.00      0.00     0.00   0.00    0.00     0.00    0.00 100.00
nvme13n1      7120.40 152208.00    53.00   0.74    0.09    21.38  232.40 100157.60     8.40   3.49    0.34   430.97    0.00      0.00     0.00   0.00    0.00     0.00    0.00  99.84
nvme14n1      7238.80 150856.00    56.40   0.77    0.09    20.84  230.00 100452.80     9.00   3.77    0.31   436.75    0.00      0.00     0.00   0.00    0.00     0.00    0.00  99.92
nvme15n1      7123.80 149726.40    54.20   0.76    0.09    21.02  231.00 101954.40    11.00   4.55    0.31   441.36    0.00      0.00     0.00   0.00    0.00     0.00    0.00 100.00
nvme16n1      6861.20 146777.60    53.80   0.78    0.09    21.39  226.20  98684.80     9.40   3.99    0.33   436.27    0.00      0.00     0.00   0.00    0.00     0.00    0.00 100.00
nvme17n1      7064.60 149130.40    54.60   0.77    0.09    21.11  226.20  99132.00     9.60   4.07    0.31   438.25    0.00      0.00     0.00   0.00    0.00     0.00    0.00 100.00
nvme18n1      7039.20 150505.60    55.40   0.78    0.09    21.38  227.80  99979.20    14.60   6.02    0.35   438.89    0.00      0.00     0.00   0.00    0.00     0.00    0.00 100.00
nvme19n1      7112.00 152902.40    57.20   0.80    0.09    21.50  231.00 101560.00     8.60   3.59    0.34   439.65    0.00      0.00     0.00   0.00    0.00     0.00    0.00 100.00
nvme1n1       6884.20 149160.80    55.20   0.80    0.09    21.67  225.60  99756.00     4.60   2.00    0.18   442.18    0.00      0.00     0.00   0.00    0.00     0.00    0.00  99.92
nvme20n1      7077.00 153104.80    58.20   0.82    0.09    21.63  230.40 100652.00    15.00   6.11    0.37   436.86    0.00      0.00     0.00   0.00    0.00     0.00    0.00  99.92
nvme21n1      7118.00 154896.80    56.60   0.79    0.09    21.76  232.20 101589.60    11.80   4.84    0.31   437.51    0.00      0.00     0.00   0.00    0.00     0.00    0.00 100.00
nvme22n1      7043.20 151232.80    57.20   0.81    0.09    21.47  224.40  98229.60    14.20   5.95    0.34   437.74    0.00      0.00     0.00   0.00    0.00     0.00    0.00 100.00
nvme23n1      6975.40 150254.40    55.00   0.78    0.08    21.54  219.20  97348.00    13.00   5.60    0.18   444.11    0.00      0.00     0.00   0.00    0.00     0.00    0.00 100.00
nvme24n1      6939.20 149925.60    57.00   0.81    0.09    21.61  223.60  97863.20    15.80   6.60    0.33   437.67    0.00      0.00     0.00   0.00    0.00     0.00    0.00 100.00
nvme25n1      6937.40 149771.20    53.80   0.77    0.09    21.59  221.60  97083.20    13.00   5.54    0.32   438.10    0.00      0.00     0.00   0.00    0.00     0.00    0.00 100.00
nvme26n1      6961.80 149720.00    55.20   0.79    0.09    21.51  226.20  96973.60    14.80   6.14    0.33   428.71    0.00      0.00     0.00   0.00    0.00     0.00    0.00  99.84
nvme27n1      7061.20 149820.80    51.60   0.73    0.08    21.22  221.20  96534.40     9.40   4.08    0.18   436.41    0.00      0.00     0.00   0.00    0.00     0.00    0.00  99.76
nvme28n1      7007.80 150402.40    57.00   0.81    0.09    21.46  237.20 100685.60    11.80   4.74    0.33   424.48    0.00      0.00     0.00   0.00    0.00     0.00    0.00  99.76
nvme29n1      6883.80 148567.20    52.00   0.75    0.09    21.58  230.00  98096.00     8.00   3.36    0.31   426.50    0.00      0.00     0.00   0.00    0.00     0.00    0.00 100.00
nvme2n1       6830.80 148242.40    54.60   0.79    0.09    21.70  231.80  99553.60     7.20   3.01    0.33   429.48    0.00      0.00     0.00   0.00    0.00     0.00    0.00  99.92
nvme30n1      6942.20 149931.20    56.80   0.81    0.09    21.60  224.40  99698.40     9.00   3.86    0.30   444.29    0.00      0.00     0.00   0.00    0.00     0.00    0.00 100.00
nvme31n1      6924.80 149868.80    54.40   0.78    0.09    21.64  225.40  99422.40     7.40   3.18    0.30   441.09    0.00      0.00     0.00   0.00    0.00     0.00    0.00 100.00
nvme3n1       6886.40 148329.60    54.60   0.79    0.09    21.54  228.20  99766.40     6.00   2.56    0.34   437.19    0.00      0.00     0.00   0.00    0.00     0.00    0.00  99.84
nvme4n1       7061.40 147861.60    53.00   0.74    0.09    20.94  230.40 100952.00     8.60   3.60    0.34   438.16    0.00      0.00     0.00   0.00    0.00     0.00    0.00  99.92
nvme5n1       7002.20 149324.80    53.20   0.75    0.09    21.33  309.80 102928.00    12.40   3.85    0.28   332.24    0.00      0.00     0.00   0.00    0.00     0.00    0.00 100.00
nvme6n1       7020.20 150712.00    55.40   0.78    0.09    21.47  262.80 102192.80    14.60   5.26    0.31   388.86    0.00      0.00     0.00   0.00    0.00     0.00    0.00  99.92
nvme7n1       7007.80 151580.00    53.80   0.76    0.09    21.63  241.00 102902.40    18.20   7.02    0.34   426.98    0.00      0.00     0.00   0.00    0.00     0.00    0.00  99.92
nvme8n1       7286.80 155342.40    57.20   0.78    0.09    21.32  309.20 103574.40    51.80  14.35    0.26   334.98    0.00      0.00     0.00   0.00    0.00     0.00    0.00  99.84
nvme9n1       7291.00 153240.80    53.40   0.73    0.09    21.02  246.40 100920.00    24.80   9.14    0.32   409.58    0.00      0.00     0.00   0.00    0.00     0.00    0.00  99.84


Device            r/s     rkB/s   rrqm/s  %rrqm r_await rareq-sz     w/s     wkB/s   wrqm/s  %wrqm w_await wareq-sz     d/s     dkB/s   drqm/s  %drqm d_await dareq-sz  aqu-sz  %util
dm-0             0.00      0.00     0.00   0.00    0.00     0.00    7.00     39.20     0.00   0.00    0.00     5.60    0.00      0.00     0.00   0.00    0.00     0.00    0.00   0.16
loop0            0.00      0.00     0.00   0.00    0.00     0.00    0.00      0.00     0.00   0.00    0.00     0.00    0.00      0.00     0.00   0.00    0.00     0.00    0.00   0.00
loop1            0.00      0.00     0.00   0.00    0.00     0.00    0.00      0.00     0.00   0.00    0.00     0.00    0.00      0.00     0.00   0.00    0.00     0.00    0.00   0.00
loop2            0.00      0.00     0.00   0.00    0.00     0.00    0.00      0.00     0.00   0.00    0.00     0.00    0.00      0.00     0.00   0.00    0.00     0.00    0.00   0.00
loop3            0.00      0.00     0.00   0.00    0.00     0.00    0.00      0.00     0.00   0.00    0.00     0.00    0.00      0.00     0.00   0.00    0.00     0.00    0.00   0.00
loop4            0.00      0.00     0.00   0.00    0.00     0.00    0.00      0.00     0.00   0.00    0.00     0.00    0.00      0.00     0.00   0.00    0.00     0.00    0.00   0.00
loop5            0.00      0.00     0.00   0.00    0.00     0.00    0.00      0.00     0.00   0.00    0.00     0.00    0.00      0.00     0.00   0.00    0.00     0.00    0.00   0.00
loop6            0.00      0.00     0.00   0.00    0.00     0.00    0.00      0.00     0.00   0.00    0.00     0.00    0.00      0.00     0.00   0.00    0.00     0.00    0.00   0.00
loop7            0.00      0.00     0.00   0.00    0.00     0.00    0.00      0.00     0.00   0.00    0.00     0.00    0.00      0.00     0.00   0.00    0.00     0.00    0.00   0.00
md0           212440.00 3835824.00     0.00   0.00    0.00    18.06 5378.20 2156231.20     0.00   0.00    0.00   400.92    0.00      0.00     0.00   0.00    0.00     0.00    0.00   0.00
nvme0n1          0.00      0.00     0.00   0.00    0.00     0.00    5.00     39.20     2.00  28.57    0.04     7.84    0.00      0.00     0.00   0.00    0.00     0.00    0.00   0.16
nvme10n1      6966.80 119993.60    40.20   0.57    0.08    17.22  164.80  67620.80     2.80   1.67    0.29   410.32    0.00      0.00     0.00   0.00    0.00     0.00    0.00  98.96
nvme11n1      6960.20 120207.20    36.80   0.53    0.08    17.27  182.20  68630.40     4.00   2.15    0.16   376.68    0.00      0.00     0.00   0.00    0.00     0.00    0.00  98.72
nvme12n1      6890.40 118974.40    40.20   0.58    0.08    17.27  165.00  67460.00     2.40   1.43    0.31   408.85    0.00      0.00     0.00   0.00    0.00     0.00    0.00  98.48
nvme13n1      6743.40 116941.60    35.80   0.53    0.08    17.34  165.80  68150.40     2.80   1.66    0.35   411.04    0.00      0.00     0.00   0.00    0.00     0.00    0.00  98.64
nvme14n1      6770.40 116402.40    40.20   0.59    0.08    17.19  166.60  67483.20     2.60   1.54    0.30   405.06    0.00      0.00     0.00   0.00    0.00     0.00    0.00  98.80
nvme15n1      6776.80 114271.20    35.80   0.53    0.08    16.86  168.60  67422.40     2.60   1.52    0.30   399.90    0.00      0.00     0.00   0.00    0.00     0.00    0.00  98.16
nvme16n1      6756.80 116192.80    39.60   0.58    0.08    17.20  165.00  68102.40     2.40   1.43    0.34   412.74    0.00      0.00     0.00   0.00    0.00     0.00    0.00  98.24
nvme17n1      6798.00 116438.40    37.20   0.54    0.08    17.13  165.00  67336.80     2.40   1.43    0.30   408.10    0.00      0.00     0.00   0.00    0.00     0.00    0.00  98.16
nvme18n1      6672.60 114973.60    38.80   0.58    0.08    17.23  161.80  66343.20     2.40   1.46    0.34   410.03    0.00      0.00     0.00   0.00    0.00     0.00    0.00  98.56
nvme19n1      6679.80 113216.80    38.20   0.57    0.08    16.95  160.20  65986.40     2.00   1.23    0.31   411.90    0.00      0.00     0.00   0.00    0.00     0.00    0.00  98.72
nvme1n1       6835.40 113964.80    35.00   0.51    0.08    16.67  162.00  65980.80     2.20   1.34    0.17   407.29    0.00      0.00     0.00   0.00    0.00     0.00    0.00  97.92
nvme20n1      6788.80 115140.00    39.00   0.57    0.08    16.96  163.40  67303.20     1.80   1.09    0.35   411.89    0.00      0.00     0.00   0.00    0.00     0.00    0.00  98.48
nvme21n1      6795.60 114178.40    38.40   0.56    0.08    16.80  163.40  67478.40     1.80   1.09    0.29   412.96    0.00      0.00     0.00   0.00    0.00     0.00    0.00  98.16
nvme22n1      6731.60 114384.00    37.20   0.55    0.08    16.99  167.20  68464.00     1.80   1.07    0.31   409.47    0.00      0.00     0.00   0.00    0.00     0.00    0.00  98.40
nvme23n1      6780.00 113890.40    37.00   0.54    0.08    16.80  167.40  68614.40     2.00   1.18    0.17   409.88    0.00      0.00     0.00   0.00    0.00     0.00    0.00  98.16
nvme24n1      6827.40 114470.40    38.20   0.56    0.08    16.77  170.60  70431.20     1.80   1.04    0.32   412.84    0.00      0.00     0.00   0.00    0.00     0.00    0.00  98.08
nvme25n1      6703.20 114473.60    37.60   0.56    0.08    17.08  170.00  69371.20     1.80   1.05    0.31   408.07    0.00      0.00     0.00   0.00    0.00     0.00    0.00  98.48
nvme26n1      6722.60 113768.00    38.20   0.57    0.08    16.92  171.40  68841.60     1.60   0.92    0.30   401.64    0.00      0.00     0.00   0.00    0.00     0.00    0.00  98.32
nvme27n1      6672.80 113139.20    36.80   0.55    0.08    16.96  166.40  67975.20     1.80   1.07    0.17   408.50    0.00      0.00     0.00   0.00    0.00     0.00    0.00  98.08
nvme28n1      6756.60 114320.00    36.60   0.54    0.08    16.92  169.80  68698.40     2.00   1.16    0.33   404.58    0.00      0.00     0.00   0.00    0.00     0.00    0.00  97.84
nvme29n1      6736.40 112338.40    36.00   0.53    0.08    16.68  166.20  67235.20     1.80   1.07    0.32   404.54    0.00      0.00     0.00   0.00    0.00     0.00    0.00  98.24
nvme2n1       6805.60 114324.00    38.00   0.56    0.08    16.80  164.60  66666.40     2.00   1.20    0.34   405.02    0.00      0.00     0.00   0.00    0.00     0.00    0.00  98.24
nvme30n1      6789.60 112919.20    34.40   0.50    0.08    16.63  163.60  66841.60     1.80   1.09    0.29   408.57    0.00      0.00     0.00   0.00    0.00     0.00    0.00  97.92
nvme31n1      6800.00 112616.80    37.60   0.55    0.08    16.56  164.40  66628.80     1.80   1.08    0.30   405.28    0.00      0.00     0.00   0.00    0.00     0.00    0.00  98.00
nvme3n1       6922.80 116041.60    34.20   0.49    0.08    16.76  163.80  66728.80     2.40   1.44    0.33   407.38    0.00      0.00     0.00   0.00    0.00     0.00    0.00  98.80
nvme4n1       6929.80 119059.20    40.20   0.58    0.08    17.18  165.40  66526.40     2.40   1.43    0.32   402.22    0.00      0.00     0.00   0.00    0.00     0.00    0.00  98.32
nvme5n1       6965.80 118896.00    35.00   0.50    0.08    17.07  200.20  66167.20     4.40   2.15    0.27   330.51    0.00      0.00     0.00   0.00    0.00     0.00    0.00  98.88
nvme6n1       6835.20 118666.40    40.40   0.59    0.08    17.36  174.80  66550.40     2.80   1.58    0.31   380.72    0.00      0.00     0.00   0.00    0.00     0.00    0.00  98.64
nvme7n1       6873.80 119617.60    38.80   0.56    0.08    17.40  165.20  67348.80     2.20   1.31    0.36   407.68    0.00      0.00     0.00   0.00    0.00     0.00    0.00  98.64
nvme8n1       7009.20 120632.00    39.60   0.56    0.08    17.21  197.20  67780.80     2.20   1.10    0.26   343.72    0.00      0.00     0.00   0.00    0.00     0.00    0.00  98.48
nvme9n1       6976.80 119875.20    37.20   0.53    0.08    17.18  182.60  67706.40     2.20   1.19    0.29   370.79    0.00      0.00     0.00   0.00    0.00     0.00    0.00  98.72


Device            r/s     rkB/s   rrqm/s  %rrqm r_await rareq-sz     w/s     wkB/s   wrqm/s  %wrqm w_await wareq-sz     d/s     dkB/s   drqm/s  %drqm d_await dareq-sz  aqu-sz  %util
dm-0             6.80     27.20     0.00   0.00    0.00     4.00    2.60     11.20     0.00   0.00    0.00     4.31    0.00      0.00     0.00   0.00    0.00     0.00    0.00   0.24
loop0            0.00      0.00     0.00   0.00    0.00     0.00    0.00      0.00     0.00   0.00    0.00     0.00    0.00      0.00     0.00   0.00    0.00     0.00    0.00   0.00
loop1            0.00      0.00     0.00   0.00    0.00     0.00    0.00      0.00     0.00   0.00    0.00     0.00    0.00      0.00     0.00   0.00    0.00     0.00    0.00   0.00
loop2            0.00      0.00     0.00   0.00    0.00     0.00    0.00      0.00     0.00   0.00    0.00     0.00    0.00      0.00     0.00   0.00    0.00     0.00    0.00   0.00
loop3            0.00      0.00     0.00   0.00    0.00     0.00    0.00      0.00     0.00   0.00    0.00     0.00    0.00      0.00     0.00   0.00    0.00     0.00    0.00   0.00
loop4            0.00      0.00     0.00   0.00    0.00     0.00    0.00      0.00     0.00   0.00    0.00     0.00    0.00      0.00     0.00   0.00    0.00     0.00    0.00   0.00
loop5            0.00      0.00     0.00   0.00    0.00     0.00    0.00      0.00     0.00   0.00    0.00     0.00    0.00      0.00     0.00   0.00    0.00     0.00    0.00   0.00
loop6            0.00      0.00     0.00   0.00    0.00     0.00    0.00      0.00     0.00   0.00    0.00     0.00    0.00      0.00     0.00   0.00    0.00     0.00    0.00   0.00
loop7            0.00      0.00     0.00   0.00    0.00     0.00    0.00      0.00     0.00   0.00    0.00     0.00    0.00      0.00     0.00   0.00    0.00     0.00    0.00   0.00
md0           157572.80 4750380.80     0.00   0.00    0.00    30.15 7822.40 3226064.00     0.00   0.00    0.00   412.41    0.00      0.00     0.00   0.00    0.00     0.00    0.00   0.00
nvme0n1          1.00     27.20     5.80  85.29    0.20    27.20    0.60     11.20     2.00  76.92    0.00    18.67    0.00      0.00     0.00   0.00    0.00     0.00    0.00   0.24
nvme10n1      4909.20 137665.60    59.00   1.19    0.09    28.04  237.80 101239.20     8.40   3.41    0.30   425.73    0.00      0.00     0.00   0.00    0.00     0.00    0.00  93.28
nvme11n1      4923.60 135901.60    55.80   1.12    0.09    27.60  250.80 100821.60     5.80   2.26    0.17   402.00    0.00      0.00     0.00   0.00    0.00     0.00    0.00  92.96
nvme12n1      4988.80 137320.00    58.00   1.15    0.09    27.53  238.60 101948.80     6.00   2.45    0.33   427.28    0.00      0.00     0.00   0.00    0.00     0.00    0.00  92.48
nvme13n1      5041.40 137405.60    54.60   1.07    0.09    27.26  237.40 101205.60     3.00   1.25    0.37   426.31    0.00      0.00     0.00   0.00    0.00     0.00    0.00  92.88
nvme14n1      5100.20 138973.60    58.40   1.13    0.09    27.25  237.40 102035.20     7.80   3.18    0.33   429.80    0.00      0.00     0.00   0.00    0.00     0.00    0.00  92.64
nvme15n1      5178.40 142526.40    57.00   1.09    0.09    27.52  243.60 102115.20     3.20   1.30    0.32   419.19    0.00      0.00     0.00   0.00    0.00     0.00    0.00  92.72
nvme16n1      5184.40 141469.60    60.20   1.15    0.09    27.29  237.60 101559.20     6.00   2.46    0.34   427.44    0.00      0.00     0.00   0.00    0.00     0.00    0.00  92.08
nvme17n1      5155.80 141790.40    58.40   1.12    0.09    27.50  235.20 102393.60     2.80   1.18    0.31   435.35    0.00      0.00     0.00   0.00    0.00     0.00    0.00  92.88
nvme18n1      5180.60 143902.40    62.40   1.19    0.09    27.78  246.40 103808.00     5.20   2.07    0.36   421.30    0.00      0.00     0.00   0.00    0.00     0.00    0.00  92.40
nvme19n1      5112.40 143580.80    59.80   1.16    0.09    28.08  238.00 102663.20     2.80   1.16    0.33   431.36    0.00      0.00     0.00   0.00    0.00     0.00    0.00  91.68
nvme1n1       4983.80 137176.00    58.20   1.15    0.09    27.52  231.00 101325.60     3.40   1.45    0.18   438.64    0.00      0.00     0.00   0.00    0.00     0.00    0.00  92.48
nvme20n1      5120.60 143433.60    64.00   1.23    0.09    28.01  239.20 102202.40     5.80   2.37    0.37   427.27    0.00      0.00     0.00   0.00    0.00     0.00    0.00  92.32
nvme21n1      5096.00 143428.00    60.00   1.16    0.09    28.15  234.20 101688.80     5.20   2.17    0.31   434.20    0.00      0.00     0.00   0.00    0.00     0.00    0.00  92.56
nvme22n1      4984.40 142487.20    63.00   1.25    0.09    28.59  234.20 101654.40    10.60   4.33    0.35   434.05    0.00      0.00     0.00   0.00    0.00     0.00    0.00  92.72
nvme23n1      4965.20 140434.40    60.80   1.21    0.09    28.28  234.20 100659.20     7.80   3.22    0.18   429.80    0.00      0.00     0.00   0.00    0.00     0.00    0.00  91.28
nvme24n1      5023.60 141676.00    62.00   1.22    0.09    28.20  233.20 101700.80     5.00   2.10    0.35   436.11    0.00      0.00     0.00   0.00    0.00     0.00    0.00  91.84
nvme25n1      5094.00 141542.40    60.60   1.18    0.09    27.79  238.80 103318.40     4.60   1.89    0.34   432.66    0.00      0.00     0.00   0.00    0.00     0.00    0.00  92.00
nvme26n1      5163.40 142184.80    63.00   1.21    0.09    27.54  239.60 103398.40     6.80   2.76    0.34   431.55    0.00      0.00     0.00   0.00    0.00     0.00    0.00  91.92
nvme27n1      5060.40 141180.00    60.80   1.19    0.09    27.90  234.60 102593.60     6.20   2.57    0.18   437.31    0.00      0.00     0.00   0.00    0.00     0.00    0.00  91.68
nvme28n1      5077.80 140433.60    61.00   1.19    0.09    27.66  237.40 102088.80    11.40   4.58    0.35   430.03    0.00      0.00     0.00   0.00    0.00     0.00    0.00  91.92
nvme29n1      5030.20 139206.40    60.00   1.18    0.09    27.67  240.60 103312.00     4.80   1.96    0.34   429.39    0.00      0.00     0.00   0.00    0.00     0.00    0.00  91.60
nvme2n1       4961.80 137747.20    57.40   1.14    0.09    27.76  234.60 102071.20     4.20   1.76    0.38   435.09    0.00      0.00     0.00   0.00    0.00     0.00    0.00  92.56
nvme30n1      5002.40 138904.00    61.20   1.21    0.09    27.77  235.20 102036.80     5.60   2.33    0.31   433.83    0.00      0.00     0.00   0.00    0.00     0.00    0.00  92.08
nvme31n1      4927.40 138489.60    59.20   1.19    0.09    28.11  236.40 101946.40     6.00   2.48    0.33   431.25    0.00      0.00     0.00   0.00    0.00     0.00    0.00  92.72
nvme3n1       5048.20 139400.00    59.00   1.16    0.09    27.61  238.80 102568.80     4.80   1.97    0.37   429.52    0.00      0.00     0.00   0.00    0.00     0.00    0.00  91.60
nvme4n1       4905.00 137744.80    60.40   1.22    0.09    28.08  234.60 101024.00     3.00   1.26    0.35   430.62    0.00      0.00     0.00   0.00    0.00     0.00    0.00  92.08
nvme5n1       5023.00 139509.60    60.20   1.18    0.09    27.77  282.00 101468.00     4.20   1.47    0.30   359.82    0.00      0.00     0.00   0.00    0.00     0.00    0.00  92.24
nvme6n1       4908.00 138416.80    61.40   1.24    0.09    28.20  253.80 101756.00     8.00   3.06    0.32   400.93    0.00      0.00     0.00   0.00    0.00     0.00    0.00  92.08
nvme7n1       4865.80 137310.40    58.20   1.18    0.09    28.22  238.80 100780.00    14.20   5.61    0.36   422.03    0.00      0.00     0.00   0.00    0.00     0.00    0.00  92.64
nvme8n1       4865.00 137310.40    60.60   1.23    0.09    28.22  289.60 100272.00    41.80  12.61    0.26   346.24    0.00      0.00     0.00   0.00    0.00     0.00    0.00  93.12
nvme9n1       4833.80 135988.80    57.20   1.17    0.09    28.13  261.60 101192.80    21.40   7.56    0.32   386.82    0.00      0.00     0.00   0.00    0.00     0.00    0.00  92.88


Device            r/s     rkB/s   rrqm/s  %rrqm r_await rareq-sz     w/s     wkB/s   wrqm/s  %wrqm w_await wareq-sz     d/s     dkB/s   drqm/s  %drqm d_await dareq-sz  aqu-sz  %util
dm-0             7.00     28.80     0.00   0.00    0.00     4.11    4.60     18.40     0.00   0.00    0.00     4.00    0.00      0.00     0.00   0.00    0.00     0.00    0.00   0.16
loop0            0.00      0.00     0.00   0.00    0.00     0.00    0.00      0.00     0.00   0.00    0.00     0.00    0.00      0.00     0.00   0.00    0.00     0.00    0.00   0.00
loop1            0.00      0.00     0.00   0.00    0.00     0.00    0.00      0.00     0.00   0.00    0.00     0.00    0.00      0.00     0.00   0.00    0.00     0.00    0.00   0.00
loop2            0.00      0.00     0.00   0.00    0.00     0.00    0.00      0.00     0.00   0.00    0.00     0.00    0.00      0.00     0.00   0.00    0.00     0.00    0.00   0.00
loop3            0.00      0.00     0.00   0.00    0.00     0.00    0.00      0.00     0.00   0.00    0.00     0.00    0.00      0.00     0.00   0.00    0.00     0.00    0.00   0.00
loop4            0.00      0.00     0.00   0.00    0.00     0.00    0.00      0.00     0.00   0.00    0.00     0.00    0.00      0.00     0.00   0.00    0.00     0.00    0.00   0.00
loop5            0.00      0.00     0.00   0.00    0.00     0.00    0.00      0.00     0.00   0.00    0.00     0.00    0.00      0.00     0.00   0.00    0.00     0.00    0.00   0.00
loop6            0.00      0.00     0.00   0.00    0.00     0.00    0.00      0.00     0.00   0.00    0.00     0.00    0.00      0.00     0.00   0.00    0.00     0.00    0.00   0.00
loop7            0.00      0.00     0.00   0.00    0.00     0.00    0.00      0.00     0.00   0.00    0.00     0.00    0.00      0.00     0.00   0.00    0.00     0.00    0.00   0.00
md0           227495.80 4706217.60     0.00   0.00    0.00    20.69 6997.20 2824574.40     0.00   0.00    0.00   403.67    0.00      0.00     0.00   0.00    0.00     0.00    0.00   0.00
nvme0n1          0.80     28.80     6.20  88.57    0.00    36.00    0.40     18.40     4.20  91.30    0.00    46.00    0.00      0.00     0.00   0.00    0.00     0.00    0.00   0.16
nvme10n1      7234.80 140798.40    47.40   0.65    0.08    19.46  205.00  87652.80     5.60   2.66    0.30   427.57    0.00      0.00     0.00   0.00    0.00     0.00    0.00  99.92
nvme11n1      7307.60 144101.60    50.20   0.68    0.08    19.72  227.40  89238.40     5.20   2.24    0.16   392.43    0.00      0.00     0.00   0.00    0.00     0.00    0.00 100.00
nvme12n1      7319.00 145477.60    50.00   0.68    0.08    19.88  209.60  89249.60     6.40   2.96    0.32   425.81    0.00      0.00     0.00   0.00    0.00     0.00    0.00  99.84
nvme13n1      7229.60 143496.80    51.60   0.71    0.09    19.85  208.80  88568.80     4.60   2.16    0.35   424.18    0.00      0.00     0.00   0.00    0.00     0.00    0.00  99.92
nvme14n1      7481.60 148587.20    50.00   0.66    0.08    19.86  211.40  89247.20     7.80   3.56    0.31   422.17    0.00      0.00     0.00   0.00    0.00     0.00    0.00  99.92
nvme15n1      7356.60 146824.80    55.60   0.75    0.08    19.96  211.00  89105.60     4.00   1.86    0.30   422.30    0.00      0.00     0.00   0.00    0.00     0.00    0.00  99.84
nvme16n1      7271.40 144089.60    49.40   0.67    0.08    19.82  204.00  87819.20     6.00   2.86    0.33   430.49    0.00      0.00     0.00   0.00    0.00     0.00    0.00  99.76
nvme17n1      7390.80 145464.00    52.20   0.70    0.08    19.68  206.60  88170.40     2.80   1.34    0.30   426.77    0.00      0.00     0.00   0.00    0.00     0.00    0.00  99.92
nvme18n1      7343.00 144536.00    51.20   0.69    0.08    19.68  207.00  88330.40     6.80   3.18    0.34   426.72    0.00      0.00     0.00   0.00    0.00     0.00    0.00  99.92
nvme19n1      7298.40 142893.60    51.00   0.69    0.08    19.58  209.60  89578.40     2.60   1.23    0.31   427.38    0.00      0.00     0.00   0.00    0.00     0.00    0.00  99.92
nvme1n1       7349.40 140265.60    49.20   0.66    0.08    19.09  213.60  91059.20     6.60   3.00    0.17   426.31    0.00      0.00     0.00   0.00    0.00     0.00    0.00  99.92
nvme20n1      7292.40 140612.80    50.60   0.69    0.08    19.28  212.40  89480.00     8.00   3.63    0.34   421.28    0.00      0.00     0.00   0.00    0.00     0.00    0.00  99.84
nvme21n1      7354.20 143098.40    48.20   0.65    0.08    19.46  213.60  90653.60     2.40   1.11    0.30   424.41    0.00      0.00     0.00   0.00    0.00     0.00    0.00  99.92
nvme22n1      7346.80 141968.00    49.80   0.67    0.08    19.32  215.60  90710.40     6.00   2.71    0.32   420.73    0.00      0.00     0.00   0.00    0.00     0.00    0.00  99.92
nvme23n1      7220.40 139344.80    47.20   0.65    0.08    19.30  214.80  90347.20     3.60   1.65    0.17   420.61    0.00      0.00     0.00   0.00    0.00     0.00    0.00  99.92
nvme24n1      7285.40 138794.40    48.80   0.67    0.08    19.05  213.20  90232.80     6.20   2.83    0.31   423.23    0.00      0.00     0.00   0.00    0.00     0.00    0.00  99.92
nvme25n1      7178.80 139767.20    46.40   0.64    0.08    19.47  213.20  89480.80     3.20   1.48    0.32   419.70    0.00      0.00     0.00   0.00    0.00     0.00    0.00  99.92
nvme26n1      7304.40 141428.00    50.00   0.68    0.08    19.36  213.60  89676.00     5.20   2.38    0.32   419.83    0.00      0.00     0.00   0.00    0.00     0.00    0.00  99.92
nvme27n1      7282.20 139403.20    47.60   0.65    0.08    19.14  207.80  89325.60     5.60   2.62    0.18   429.86    0.00      0.00     0.00   0.00    0.00     0.00    0.00  99.92
nvme28n1      7338.40 138976.00    50.20   0.68    0.08    18.94  211.20  89889.60     5.00   2.31    0.34   425.61    0.00      0.00     0.00   0.00    0.00     0.00    0.00  99.92
nvme29n1      7337.40 139209.60    44.00   0.60    0.08    18.97  210.80  90528.00     3.40   1.59    0.32   429.45    0.00      0.00     0.00   0.00    0.00     0.00    0.00  99.92
nvme2n1       7239.20 138760.80    45.60   0.63    0.09    19.17  212.00  90068.80     5.20   2.39    0.36   424.85    0.00      0.00     0.00   0.00    0.00     0.00    0.00  99.92
nvme30n1      7283.00 138225.60    48.40   0.66    0.08    18.98  211.60  89740.00     6.00   2.76    0.30   424.10    0.00      0.00     0.00   0.00    0.00     0.00    0.00  99.92
nvme31n1      7382.80 138641.60    45.20   0.61    0.08    18.78  214.80  91069.60     3.20   1.47    0.31   423.97    0.00      0.00     0.00   0.00    0.00     0.00    0.00  99.84
nvme3n1       7199.40 137859.20    50.00   0.69    0.08    19.15  208.80  88712.80     5.00   2.34    0.35   424.87    0.00      0.00     0.00   0.00    0.00     0.00    0.00  99.92
nvme4n1       7199.60 139294.40    45.20   0.62    0.08    19.35  207.40  88362.40     2.60   1.24    0.33   426.05    0.00      0.00     0.00   0.00    0.00     0.00    0.00  99.92
nvme5n1       7312.00 141952.80    52.40   0.71    0.09    19.41  274.00  89123.20    11.00   3.86    0.27   325.27    0.00      0.00     0.00   0.00    0.00     0.00    0.00  99.92
nvme6n1       7256.60 142250.40    46.80   0.64    0.09    19.60  231.00  89331.20     4.20   1.79    0.30   386.72    0.00      0.00     0.00   0.00    0.00     0.00    0.00 100.00
nvme7n1       7259.20 142842.40    52.40   0.72    0.09    19.68  213.20  88650.40    16.20   7.06    0.35   415.81    0.00      0.00     0.00   0.00    0.00     0.00    0.00  99.92
nvme8n1       7159.20 140956.80    48.00   0.67    0.09    19.69  264.40  86528.00    35.40  11.81    0.24   327.26    0.00      0.00     0.00   0.00    0.00     0.00    0.00 100.00
nvme9n1       7162.00 139364.00    50.40   0.70    0.08    19.46  220.20  87000.00    22.20   9.16    0.32   395.10    0.00      0.00     0.00   0.00    0.00     0.00    0.00  99.92


Device            r/s     rkB/s   rrqm/s  %rrqm r_await rareq-sz     w/s     wkB/s   wrqm/s  %wrqm w_await wareq-sz     d/s     dkB/s   drqm/s  %drqm d_await dareq-sz  aqu-sz  %util
dm-0           306.60   3974.40     0.00   0.00    0.27    12.96    4.00     20.00     0.00   0.00    0.00     5.00    0.00      0.00     0.00   0.00    0.00     0.00    0.08   6.08
loop0            0.00      0.00     0.00   0.00    0.00     0.00    0.00      0.00     0.00   0.00    0.00     0.00    0.00      0.00     0.00   0.00    0.00     0.00    0.00   0.00
loop1            0.00      0.00     0.00   0.00    0.00     0.00    0.00      0.00     0.00   0.00    0.00     0.00    0.00      0.00     0.00   0.00    0.00     0.00    0.00   0.00
loop2            0.00      0.00     0.00   0.00    0.00     0.00    0.00      0.00     0.00   0.00    0.00     0.00    0.00      0.00     0.00   0.00    0.00     0.00    0.00   0.00
loop3            0.00      0.00     0.00   0.00    0.00     0.00    0.00      0.00     0.00   0.00    0.00     0.00    0.00      0.00     0.00   0.00    0.00     0.00    0.00   0.00
loop4            0.00      0.00     0.00   0.00    0.00     0.00    0.00      0.00     0.00   0.00    0.00     0.00    0.00      0.00     0.00   0.00    0.00     0.00    0.00   0.00
loop5            0.00      0.00     0.00   0.00    0.00     0.00    0.00      0.00     0.00   0.00    0.00     0.00    0.00      0.00     0.00   0.00    0.00     0.00    0.00   0.00
loop6            0.00      0.00     0.00   0.00    0.00     0.00    0.00      0.00     0.00   0.00    0.00     0.00    0.00      0.00     0.00   0.00    0.00     0.00    0.00   0.00
loop7            0.00      0.00     0.00   0.00    0.00     0.00    0.00      0.00     0.00   0.00    0.00     0.00    0.00      0.00     0.00   0.00    0.00     0.00    0.00   0.00
md0           17865.80 3093301.60     0.00   0.00    0.00   173.14 5986.40 2514368.80     0.00   0.00    0.00   420.01    0.00      0.00     0.00   0.00    0.00     0.00    0.00   0.00
nvme0n1        119.40   3974.40   188.40  61.21    0.11    33.29    0.80     20.00     3.20  80.00    0.25    25.00    0.00      0.00     0.00   0.00    0.00     0.00    0.00   6.08
nvme10n1       515.20  86739.20    51.40   9.07    0.17   168.36  184.20  79824.80     0.40   0.22    0.32   433.36    0.00      0.00     0.00   0.00    0.00     0.00    0.00  45.28
nvme11n1       526.00  88351.20    51.60   8.93    0.16   167.97  193.40  79881.60     1.60   0.82    0.18   413.04    0.00      0.00     0.00   0.00    0.00     0.00    0.00  46.48
nvme12n1       506.20  86875.20    50.60   9.09    0.17   171.62  185.20  80398.40     0.40   0.22    0.35   434.12    0.00      0.00     0.00   0.00    0.00     0.00    0.00  44.96
nvme13n1       510.00  87375.20    52.40   9.32    0.18   171.32  185.00  80205.60     0.40   0.22    0.39   433.54    0.00      0.00     0.00   0.00    0.00     0.00    0.00  46.24
nvme14n1       506.20  87749.60    52.00   9.32    0.17   173.35  184.00  80896.00     0.40   0.22    0.35   439.65    0.00      0.00     0.00   0.00    0.00     0.00    0.00  45.76
nvme15n1       513.20  88180.00    54.40   9.58    0.18   171.82  190.80  82305.60     0.40   0.21    0.35   431.37    0.00      0.00     0.00   0.00    0.00     0.00    0.00  45.84
nvme16n1       481.00  86800.80    52.60   9.86    0.17   180.46  188.80  81380.80     0.40   0.21    0.38   431.04    0.00      0.00     0.00   0.00    0.00     0.00    0.00  45.28
nvme17n1       485.60  86886.40    53.60   9.94    0.17   178.93  187.20  81699.20     0.40   0.21    0.34   436.43    0.00      0.00     0.00   0.00    0.00     0.00    0.00  46.24
nvme18n1       492.20  88743.20    53.00   9.72    0.18   180.30  191.40  82696.00     0.40   0.21    0.38   432.06    0.00      0.00     0.00   0.00    0.00     0.00    0.00  47.60
nvme19n1       502.80  88544.00    54.00   9.70    0.18   176.10  192.00  83089.60     0.40   0.21    0.35   432.76    0.00      0.00     0.00   0.00    0.00     0.00    0.00  46.72
nvme1n1        534.80  89482.40    55.20   9.36    0.16   167.32  185.40  79472.00     0.40   0.22    0.19   428.65    0.00      0.00     0.00   0.00    0.00     0.00    0.00  46.08
nvme20n1       513.00  88278.40    53.40   9.43    0.17   172.08  188.80  82706.40     0.20   0.11    0.39   438.06    0.00      0.00     0.00   0.00    0.00     0.00    0.00  46.40
nvme21n1       497.40  88157.60    54.60   9.89    0.17   177.24  188.80  82923.20     0.20   0.11    0.33   439.21    0.00      0.00     0.00   0.00    0.00     0.00    0.00  45.44
nvme22n1       517.60  89043.20    53.00   9.29    0.17   172.03  189.60  82977.60     0.20   0.11    0.38   437.65    0.00      0.00     0.00   0.00    0.00     0.00    0.00  45.68
nvme23n1       514.20  90073.60    53.00   9.34    0.16   175.17  191.60  82007.20     0.20   0.10    0.18   428.01    0.00      0.00     0.00   0.00    0.00     0.00    0.00  45.20
nvme24n1       524.40  92348.00    54.40   9.40    0.17   176.10  188.60  81558.40     0.20   0.11    0.36   432.44    0.00      0.00     0.00   0.00    0.00     0.00    0.00  46.80
nvme25n1       542.00  92404.80    57.20   9.55    0.18   170.49  189.00  81213.60     0.20   0.11    0.36   429.70    0.00      0.00     0.00   0.00    0.00     0.00    0.00  46.80
nvme26n1       543.80  91546.40    54.80   9.15    0.17   168.35  188.40  79552.00     0.20   0.11    0.36   422.25    0.00      0.00     0.00   0.00    0.00     0.00    0.00  46.80
nvme27n1       544.40  91692.80    57.80   9.60    0.16   168.43  183.80  78391.20     0.20   0.11    0.18   426.50    0.00      0.00     0.00   0.00    0.00     0.00    0.00  46.32
nvme28n1       518.40  90905.60    54.40   9.50    0.17   175.36  187.20  79830.40     0.20   0.11    0.38   426.44    0.00      0.00     0.00   0.00    0.00     0.00    0.00  46.56
nvme29n1       528.00  91973.60    57.80   9.87    0.17   174.19  183.80  79233.60     0.40   0.22    0.35   431.09    0.00      0.00     0.00   0.00    0.00     0.00    0.00  47.04
nvme2n1        537.20  88776.00    54.60   9.23    0.17   165.26  184.20  79591.20     0.40   0.22    0.37   432.09    0.00      0.00     0.00   0.00    0.00     0.00    0.00  45.68
nvme30n1       536.40  92053.60    52.40   8.90    0.17   171.61  184.60  80402.40     0.40   0.22    0.33   435.55    0.00      0.00     0.00   0.00    0.00     0.00    0.00  46.56
nvme31n1       551.40  91661.60    58.20   9.55    0.17   166.23  186.20  80298.40     0.40   0.21    0.34   431.25    0.00      0.00     0.00   0.00    0.00     0.00    0.00  46.48
nvme3n1        552.20  89472.00    52.40   8.67    0.17   162.03  186.80  79720.00     0.40   0.21    0.39   426.77    0.00      0.00     0.00   0.00    0.00     0.00    0.00  46.64
nvme4n1        548.20  88502.40    54.20   9.00    0.16   161.44  186.00  79779.20     0.40   0.21    0.37   428.92    0.00      0.00     0.00   0.00    0.00     0.00    0.00  46.80
nvme5n1        541.00  87405.60    51.60   8.71    0.17   161.56  230.60  80336.80     2.60   1.11    0.32   348.38    0.00      0.00     0.00   0.00    0.00     0.00    0.00  49.36
nvme6n1        533.60  87181.60    52.80   9.00    0.16   163.38  197.60  80221.60     1.00   0.50    0.35   405.98    0.00      0.00     0.00   0.00    0.00     0.00    0.00  47.04
nvme7n1        537.00  86838.40    52.60   8.92    0.17   161.71  185.40  79921.60     0.40   0.22    0.40   431.08    0.00      0.00     0.00   0.00    0.00     0.00    0.00  46.32
nvme8n1        525.40  86463.20    50.80   8.82    0.18   164.57  232.40  81259.20     0.40   0.17    0.29   349.65    0.00      0.00     0.00   0.00    0.00     0.00    0.00  49.12
nvme9n1        514.20  87593.60    51.60   9.12    0.17   170.35  191.80  80549.60     0.60   0.31    0.37   419.97    0.00      0.00     0.00   0.00    0.00     0.00    0.00  47.52


Device            r/s     rkB/s   rrqm/s  %rrqm r_await rareq-sz     w/s     wkB/s   wrqm/s  %wrqm w_await wareq-sz     d/s     dkB/s   drqm/s  %drqm d_await dareq-sz  aqu-sz  %util
dm-0             0.00      0.00     0.00   0.00    0.00     0.00   36.80    781.60     0.00   0.00    0.00    21.24    0.00      0.00     0.00   0.00    0.00     0.00    0.00   0.16
loop0            0.00      0.00     0.00   0.00    0.00     0.00    0.00      0.00     0.00   0.00    0.00     0.00    0.00      0.00     0.00   0.00    0.00     0.00    0.00   0.00
loop1            0.00      0.00     0.00   0.00    0.00     0.00    0.00      0.00     0.00   0.00    0.00     0.00    0.00      0.00     0.00   0.00    0.00     0.00    0.00   0.00
loop2            0.00      0.00     0.00   0.00    0.00     0.00    0.00      0.00     0.00   0.00    0.00     0.00    0.00      0.00     0.00   0.00    0.00     0.00    0.00   0.00
loop3            0.00      0.00     0.00   0.00    0.00     0.00    0.00      0.00     0.00   0.00    0.00     0.00    0.00      0.00     0.00   0.00    0.00     0.00    0.00   0.00
loop4            0.00      0.00     0.00   0.00    0.00     0.00    0.00      0.00     0.00   0.00    0.00     0.00    0.00      0.00     0.00   0.00    0.00     0.00    0.00   0.00
loop5            0.00      0.00     0.00   0.00    0.00     0.00    0.00      0.00     0.00   0.00    0.00     0.00    0.00      0.00     0.00   0.00    0.00     0.00    0.00   0.00
loop6            0.00      0.00     0.00   0.00    0.00     0.00    0.00      0.00     0.00   0.00    0.00     0.00    0.00      0.00     0.00   0.00    0.00     0.00    0.00   0.00
loop7            0.00      0.00     0.00   0.00    0.00     0.00    0.00      0.00     0.00   0.00    0.00     0.00    0.00      0.00     0.00   0.00    0.00     0.00    0.00   0.00
md0           5708.40 1816256.00     0.00   0.00    0.00   318.17 4041.20 1582214.40     0.00   0.00    0.00   391.52    0.00      0.00     0.00   0.00    0.00     0.00    0.00   0.00
nvme0n1          0.00      0.00     0.00   0.00    0.00     0.00   21.00    781.60    15.80  42.93    0.09    37.22    0.00      0.00     0.00   0.00    0.00     0.00    0.00   0.16
nvme10n1       153.80  53276.80    33.80  18.02    0.25   346.40  122.00  50487.20     2.40   1.93    0.29   413.83    0.00      0.00     0.00   0.00    0.00     0.00    0.00  30.56
nvme11n1       147.80  52022.40    32.60  18.07    0.24   351.98  128.80  50348.80     6.60   4.87    0.16   390.91    0.00      0.00     0.00   0.00    0.00     0.00    0.00  31.76
nvme12n1       146.00  51570.40    32.60  18.25    0.26   353.22  117.60  49907.20     2.60   2.16    0.32   424.38    0.00      0.00     0.00   0.00    0.00     0.00    0.00  30.16
nvme13n1       145.80  51536.00    31.60  17.81    0.28   353.47  113.00  49194.40     5.00   4.24    0.36   435.35    0.00      0.00     0.00   0.00    0.00     0.00    0.00  31.20
nvme14n1       145.40  51035.20    32.00  18.04    0.25   351.00  114.20  49304.80     2.00   1.72    0.33   431.74    0.00      0.00     0.00   0.00    0.00     0.00    0.00  30.32
nvme15n1       146.40  51691.20    31.60  17.75    0.25   353.08  114.60  49693.60     5.20   4.34    0.33   433.63    0.00      0.00     0.00   0.00    0.00     0.00    0.00  30.72
nvme16n1       144.60  50764.00    30.60  17.47    0.26   351.07  113.60  48557.60     3.60   3.07    0.34   427.44    0.00      0.00     0.00   0.00    0.00     0.00    0.00  29.60
nvme17n1       142.60  50524.80    29.60  17.19    0.25   354.31  112.40  49122.40     6.00   5.07    0.32   437.03    0.00      0.00     0.00   0.00    0.00     0.00    0.00  30.08
nvme18n1       148.20  52140.00    31.60  17.58    0.26   351.82  115.20  50150.40     3.60   3.03    0.36   435.33    0.00      0.00     0.00   0.00    0.00     0.00    0.00  30.16
nvme19n1       152.40  53244.00    31.20  16.99    0.25   349.37  116.80  50819.20     6.40   5.19    0.34   435.10    0.00      0.00     0.00   0.00    0.00     0.00    0.00  31.52
nvme1n1        145.80  51780.00    33.00  18.46    0.24   355.14  120.20  52134.40     4.20   3.38    0.18   433.73    0.00      0.00     0.00   0.00    0.00     0.00    0.00  30.56
nvme20n1       153.20  53581.60    33.20  17.81    0.26   349.75  119.00  50910.40     4.40   3.57    0.38   427.82    0.00      0.00     0.00   0.00    0.00     0.00    0.00  31.36
nvme21n1       158.00  54071.20    32.00  16.84    0.25   342.22  120.40  50032.00     6.00   4.75    0.30   415.55    0.00      0.00     0.00   0.00    0.00     0.00    0.00  32.00
nvme22n1       154.40  54032.00    33.80  17.96    0.25   349.95  114.80  49482.40     6.40   5.28    0.34   431.03    0.00      0.00     0.00   0.00    0.00     0.00    0.00  30.96
nvme23n1       154.60  54020.00    32.80  17.50    0.24   349.42  113.20  49365.60     6.00   5.03    0.18   436.09    0.00      0.00     0.00   0.00    0.00     0.00    0.00  31.20
nvme24n1       156.20  54581.60    32.80  17.35    0.26   349.43  117.20  50329.60     3.80   3.14    0.33   429.43    0.00      0.00     0.00   0.00    0.00     0.00    0.00  31.60
nvme25n1       159.20  56088.80    34.40  17.77    0.26   352.32  118.60  50628.80     3.40   2.79    0.33   426.89    0.00      0.00     0.00   0.00    0.00     0.00    0.00  31.76
nvme26n1       160.60  56383.20    34.00  17.47    0.27   351.08  122.40  51374.40     4.40   3.47    0.33   419.73    0.00      0.00     0.00   0.00    0.00     0.00    0.00  32.88
nvme27n1       161.40  56248.80    33.20  17.06    0.24   348.51  119.40  50857.60     5.80   4.63    0.17   425.94    0.00      0.00     0.00   0.00    0.00     0.00    0.00  32.32
nvme28n1       155.40  54460.00    34.00  17.95    0.26   350.45  120.00  51652.00     4.20   3.38    0.34   430.43    0.00      0.00     0.00   0.00    0.00     0.00    0.00  31.44
nvme29n1       153.60  53739.20    31.60  17.06    0.26   349.86  121.00  52440.80     4.00   3.20    0.33   433.40    0.00      0.00     0.00   0.00    0.00     0.00    0.00  32.16
nvme2n1        144.60  51225.60    29.60  16.99    0.25   354.26  121.00  52967.20     4.20   3.35    0.36   437.75    0.00      0.00     0.00   0.00    0.00     0.00    0.00  32.56
nvme30n1       149.60  52061.60    33.20  18.16    0.26   348.01  121.20  51760.00     3.40   2.73    0.30   427.06    0.00      0.00     0.00   0.00    0.00     0.00    0.00  31.84
nvme31n1       151.00  52946.40    30.40  16.76    0.25   350.64  121.40  51836.00     2.00   1.62    0.31   426.99    0.00      0.00     0.00   0.00    0.00     0.00    0.00  31.44
nvme3n1        144.20  51668.80    33.00  18.62    0.28   358.31  121.80  53336.80     3.80   3.03    0.38   437.90    0.00      0.00     0.00   0.00    0.00     0.00    0.00  30.80
nvme4n1        148.60  52878.40    30.00  16.80    0.26   355.84  123.60  53356.80     2.00   1.59    0.33   431.69    0.00      0.00     0.00   0.00    0.00     0.00    0.00  31.28
nvme5n1        151.20  54228.00    34.00  18.36    0.28   358.65  164.60  53374.40     8.00   4.63    0.26   324.27    0.00      0.00     0.00   0.00    0.00     0.00    0.00  33.12
nvme6n1        154.60  54874.40    33.00  17.59    0.26   354.94  135.00  52551.20     3.20   2.32    0.32   389.27    0.00      0.00     0.00   0.00    0.00     0.00    0.00  33.20
nvme7n1        158.00  55936.80    35.80  18.47    0.28   354.03  127.00  52280.00    13.80   9.80    0.35   411.65    0.00      0.00     0.00   0.00    0.00     0.00    0.00  31.92
nvme8n1        157.80  55633.60    35.40  18.32    0.29   352.56  149.00  52203.20    40.20  21.25    0.28   350.36    0.00      0.00     0.00   0.00    0.00     0.00    0.00  35.12
nvme9n1        154.20  54822.40    34.60  18.33    0.27   355.53  140.20  51488.00    22.20  13.67    0.31   367.25    0.00      0.00     0.00   0.00    0.00     0.00    0.00  31.68


Device            r/s     rkB/s   rrqm/s  %rrqm r_await rareq-sz     w/s     wkB/s   wrqm/s  %wrqm w_await wareq-sz     d/s     dkB/s   drqm/s  %drqm d_await dareq-sz  aqu-sz  %util
dm-0             0.00      0.00     0.00   0.00    0.00     0.00    2.80     11.20     0.00   0.00    0.00     4.00    0.00      0.00     0.00   0.00    0.00     0.00    0.00   0.08
loop0            0.00      0.00     0.00   0.00    0.00     0.00    0.00      0.00     0.00   0.00    0.00     0.00    0.00      0.00     0.00   0.00    0.00     0.00    0.00   0.00
loop1            0.00      0.00     0.00   0.00    0.00     0.00    0.00      0.00     0.00   0.00    0.00     0.00    0.00      0.00     0.00   0.00    0.00     0.00    0.00   0.00
loop2            0.00      0.00     0.00   0.00    0.00     0.00    0.00      0.00     0.00   0.00    0.00     0.00    0.00      0.00     0.00   0.00    0.00     0.00    0.00   0.00
loop3            0.00      0.00     0.00   0.00    0.00     0.00    0.00      0.00     0.00   0.00    0.00     0.00    0.00      0.00     0.00   0.00    0.00     0.00    0.00   0.00
loop4            0.00      0.00     0.00   0.00    0.00     0.00    0.00      0.00     0.00   0.00    0.00     0.00    0.00      0.00     0.00   0.00    0.00     0.00    0.00   0.00
loop5            0.00      0.00     0.00   0.00    0.00     0.00    0.00      0.00     0.00   0.00    0.00     0.00    0.00      0.00     0.00   0.00    0.00     0.00    0.00   0.00
loop6            0.00      0.00     0.00   0.00    0.00     0.00    0.00      0.00     0.00   0.00    0.00     0.00    0.00      0.00     0.00   0.00    0.00     0.00    0.00   0.00
loop7            0.00      0.00     0.00   0.00    0.00     0.00    0.00      0.00     0.00   0.00    0.00     0.00    0.00      0.00     0.00   0.00    0.00     0.00    0.00   0.00
md0           1992.40 601405.60     0.00   0.00    0.00   301.85 1330.20 538934.40     0.00   0.00    0.00   405.15    0.00      0.00     0.00   0.00    0.00     0.00    0.00   0.00
nvme0n1          0.00      0.00     0.00   0.00    0.00     0.00    0.40     11.20     2.40  85.71    0.00    28.00    0.00      0.00     0.00   0.00    0.00     0.00    0.00   0.08
nvme10n1        51.40  17377.60    10.40  16.83    0.22   338.09   39.20  16220.80     0.00   0.00    0.27   413.80    0.00      0.00     0.00   0.00    0.00     0.00    0.00  16.40
nvme11n1        49.80  17202.40     9.20  15.59    0.22   345.43   39.40  16391.20     0.40   1.01    0.17   416.02    0.00      0.00     0.00   0.00    0.00     0.00    0.00  16.96
nvme12n1        52.60  17834.40    10.40  16.51    0.22   339.06   39.20  16728.00     0.00   0.00    0.30   426.73    0.00      0.00     0.00   0.00    0.00     0.00    0.00  16.56
nvme13n1        51.60  17566.40     9.60  15.69    0.22   340.43   39.00  16793.60     0.00   0.00    0.33   430.61    0.00      0.00     0.00   0.00    0.00     0.00    0.00  17.12
nvme14n1        51.80  17623.20    10.20  16.45    0.22   340.22   39.80  16940.00     0.00   0.00    0.29   425.63    0.00      0.00     0.00   0.00    0.00     0.00    0.00  16.88
nvme15n1        53.40  18096.80     9.80  15.51    0.22   338.89   40.60  17262.40     0.00   0.00    0.30   425.18    0.00      0.00     0.00   0.00    0.00     0.00    0.00  18.16
nvme16n1        54.80  18856.80    11.00  16.72    0.22   344.10   41.20  17612.80     0.00   0.00    0.31   427.50    0.00      0.00     0.00   0.00    0.00     0.00    0.00  17.60
nvme17n1        56.60  19095.20    10.80  16.02    0.23   337.37   42.00  17669.60     0.00   0.00    0.30   420.70    0.00      0.00     0.00   0.00    0.00     0.00    0.00  18.56
nvme18n1        56.80  19252.00    11.60  16.96    0.22   338.94   42.40  17516.00     0.00   0.00    0.32   413.11    0.00      0.00     0.00   0.00    0.00     0.00    0.00  17.76
nvme19n1        55.40  19046.40    10.80  16.31    0.23   343.80   42.60  18022.40     0.00   0.00    0.31   423.06    0.00      0.00     0.00   0.00    0.00     0.00    0.00  18.24
nvme1n1         51.20  17428.80     9.40  15.51    0.22   340.41   42.00  17175.20     0.00   0.00    0.17   408.93    0.00      0.00     0.00   0.00    0.00     0.00    0.00  16.88
nvme20n1        56.40  19259.20    11.00  16.32    0.23   341.48   42.60  18022.40     0.00   0.00    0.34   423.06    0.00      0.00     0.00   0.00    0.00     0.00    0.00  17.84
nvme21n1        55.60  18896.00    11.40  17.01    0.22   339.86   42.60  18022.40     0.00   0.00    0.30   423.06    0.00      0.00     0.00   0.00    0.00     0.00    0.00  18.32
nvme22n1        54.40  18519.20    10.80  16.56    0.22   340.43   43.20  18049.60     0.00   0.00    0.31   417.81    0.00      0.00     0.00   0.00    0.00     0.00    0.00  18.40
nvme23n1        58.00  19496.00    11.20  16.18    0.22   336.14   44.80  18136.00     0.00   0.00    0.17   404.82    0.00      0.00     0.00   0.00    0.00     0.00    0.00  18.88
nvme24n1        56.00  19092.80    11.40  16.91    0.22   340.94   42.80  17864.80     0.00   0.00    0.31   417.40    0.00      0.00     0.00   0.00    0.00     0.00    0.00  18.08
nvme25n1        54.00  18247.20    11.20  17.18    0.21   337.91   42.60  18022.40     0.00   0.00    0.31   423.06    0.00      0.00     0.00   0.00    0.00     0.00    0.00  18.08
nvme26n1        51.40  17669.60    11.00  17.63    0.22   343.77   44.60  18436.00     0.00   0.00    0.29   413.36    0.00      0.00     0.00   0.00    0.00     0.00    0.00  17.76
nvme27n1        53.40  18084.80    10.20  16.04    0.22   338.67   44.80  18497.60     0.00   0.00    0.17   412.89    0.00      0.00     0.00   0.00    0.00     0.00    0.00  17.60
nvme28n1        56.20  19358.40    10.60  15.87    0.22   344.46   44.00  18268.00     0.00   0.00    0.30   415.18    0.00      0.00     0.00   0.00    0.00     0.00    0.00  18.32
nvme29n1        56.00  18808.80    10.40  15.66    0.22   335.87   44.00  18112.80     0.00   0.00    0.30   411.65    0.00      0.00     0.00   0.00    0.00     0.00    0.00  18.48
nvme2n1         53.60  17667.20    10.80  16.77    0.22   329.61   39.80  16793.60     0.00   0.00    0.34   421.95    0.00      0.00     0.00   0.00    0.00     0.00    0.00  17.12
nvme30n1        55.80  18688.00    10.60  15.96    0.22   334.91   44.60  18204.80     0.00   0.00    0.29   408.18    0.00      0.00     0.00   0.00    0.00     0.00    0.00  18.32
nvme31n1        54.20  18057.60    11.60  17.63    0.23   333.17   44.60  17864.80     0.00   0.00    0.29   400.56    0.00      0.00     0.00   0.00    0.00     0.00    0.00  17.52
nvme3n1         52.80  17898.40     9.80  15.65    0.21   338.98   41.00  16768.80     0.00   0.00    0.33   409.00    0.00      0.00     0.00   0.00    0.00     0.00    0.00  17.68
nvme4n1         54.20  17520.80    11.20  17.13    0.21   323.26   38.80  16384.00     0.00   0.00    0.32   422.27    0.00      0.00     0.00   0.00    0.00     0.00    0.00  17.84
nvme5n1         51.20  17442.40     9.00  14.95    0.22   340.67   51.80  16520.00     0.60   1.15    0.24   318.92    0.00      0.00     0.00   0.00    0.00     0.00    0.00  20.08
nvme6n1         52.80  17642.40    10.80  16.98    0.22   334.14   43.80  16811.20     0.20   0.45    0.29   383.82    0.00      0.00     0.00   0.00    0.00     0.00    0.00  18.24
nvme7n1         51.60  17432.80     9.60  15.69    0.22   337.84   40.40  16800.80     0.00   0.00    0.32   415.86    0.00      0.00     0.00   0.00    0.00     0.00    0.00  18.24
nvme8n1         52.40  17630.40    11.00  17.35    0.23   336.46   51.00  16806.40     0.00   0.00    0.23   329.54    0.00      0.00     0.00   0.00    0.00     0.00    0.00  20.00
nvme9n1         50.80  17108.80     9.40  15.61    0.22   336.79   39.00  16420.80     0.00   0.00    0.32   421.05    0.00      0.00     0.00   0.00    0.00     0.00    0.00  17.20


Device            r/s     rkB/s   rrqm/s  %rrqm r_await rareq-sz     w/s     wkB/s   wrqm/s  %wrqm w_await wareq-sz     d/s     dkB/s   drqm/s  %drqm d_await dareq-sz  aqu-sz  %util
dm-0             0.20     13.60     0.00   0.00    0.00    68.00    2.40      9.60     0.00   0.00    0.00     4.00    0.00      0.00     0.00   0.00    0.00     0.00    0.00   0.16
loop0            0.00      0.00     0.00   0.00    0.00     0.00    0.00      0.00     0.00   0.00    0.00     0.00    0.00      0.00     0.00   0.00    0.00     0.00    0.00   0.00
loop1            0.00      0.00     0.00   0.00    0.00     0.00    0.00      0.00     0.00   0.00    0.00     0.00    0.00      0.00     0.00   0.00    0.00     0.00    0.00   0.00
loop2            0.00      0.00     0.00   0.00    0.00     0.00    0.00      0.00     0.00   0.00    0.00     0.00    0.00      0.00     0.00   0.00    0.00     0.00    0.00   0.00
loop3            0.00      0.00     0.00   0.00    0.00     0.00    0.00      0.00     0.00   0.00    0.00     0.00    0.00      0.00     0.00   0.00    0.00     0.00    0.00   0.00
loop4            0.00      0.00     0.00   0.00    0.00     0.00    0.00      0.00     0.00   0.00    0.00     0.00    0.00      0.00     0.00   0.00    0.00     0.00    0.00   0.00
loop5            0.00      0.00     0.00   0.00    0.00     0.00    0.00      0.00     0.00   0.00    0.00     0.00    0.00      0.00     0.00   0.00    0.00     0.00    0.00   0.00
loop6            0.00      0.00     0.00   0.00    0.00     0.00    0.00      0.00     0.00   0.00    0.00     0.00    0.00      0.00     0.00   0.00    0.00     0.00    0.00   0.00
loop7            0.00      0.00     0.00   0.00    0.00     0.00    0.00      0.00     0.00   0.00    0.00     0.00    0.00      0.00     0.00   0.00    0.00     0.00    0.00   0.00
md0           1946.00 617517.60     0.00   0.00    0.00   317.33 1310.40 508132.00     0.00   0.00    0.00   387.77    0.00      0.00     0.00   0.00    0.00     0.00    0.00   0.00
nvme0n1          0.20     13.60     0.00   0.00    0.00    68.00    0.40      9.60     2.00  83.33    0.00    24.00    0.00      0.00     0.00   0.00    0.00     0.00    0.00   0.16
nvme10n1        50.80  17069.60     9.80  16.17    0.23   336.02   36.80  14745.60     1.20   3.16    0.26   400.70    0.00      0.00     0.00   0.00    0.00     0.00    0.00  16.16
nvme11n1        50.60  17470.40    10.20  16.78    0.24   345.26   40.20  14963.20     1.40   3.37    0.15   372.22    0.00      0.00     0.00   0.00    0.00     0.00    0.00  17.68
nvme12n1        53.00  18056.00     9.80  15.61    0.23   340.68   39.20  15310.40     1.20   2.97    0.27   390.57    0.00      0.00     0.00   0.00    0.00     0.00    0.00  17.28
nvme13n1        52.20  17596.00    11.00  17.41    0.25   337.09   38.80  15120.80     1.20   3.00    0.28   389.71    0.00      0.00     0.00   0.00    0.00     0.00    0.00  17.52
nvme14n1        51.40  17598.40     9.40  15.46    0.23   342.38   38.40  15360.00     1.20   3.03    0.28   400.00    0.00      0.00     0.00   0.00    0.00     0.00    0.00  17.44
nvme15n1        53.00  17973.60    10.20  16.14    0.24   339.12   39.40  15647.20     1.20   2.96    0.27   397.14    0.00      0.00     0.00   0.00    0.00     0.00    0.00  17.92
nvme16n1        53.00  18128.80    10.00  15.87    0.23   342.05   39.20  15608.00     1.20   2.97    0.29   398.16    0.00      0.00     0.00   0.00    0.00     0.00    0.00  17.60
nvme17n1        52.80  17740.00     9.80  15.65    0.23   335.98   41.20  16240.00     1.20   2.83    0.27   394.17    0.00      0.00     0.00   0.00    0.00     0.00    0.00  17.76
nvme18n1        52.40  17696.00    10.80  17.09    0.23   337.71   41.60  16420.80     1.40   3.26    0.30   394.73    0.00      0.00     0.00   0.00    0.00     0.00    0.00  17.84
nvme19n1        53.60  18118.40     9.80  15.46    0.24   338.03   42.00  16256.00     1.40   3.23    0.27   387.05    0.00      0.00     0.00   0.00    0.00     0.00    0.00  18.16
nvme1n1         54.80  18912.00    11.20  16.97    0.24   345.11   38.80  15260.00     1.40   3.48    0.15   393.30    0.00      0.00     0.00   0.00    0.00     0.00    0.00  17.20
nvme20n1        51.00  17408.00    10.60  17.21    0.24   341.33   40.20  16179.20     1.20   2.90    0.32   402.47    0.00      0.00     0.00   0.00    0.00     0.00    0.00  18.16
nvme21n1        53.20  18001.60     9.80  15.56    0.23   338.38   40.80  16261.60     1.20   2.86    0.27   398.57    0.00      0.00     0.00   0.00    0.00     0.00    0.00  18.08
nvme22n1        52.00  17726.40    10.80  17.20    0.24   340.89   41.20  16588.80     1.20   2.83    0.30   402.64    0.00      0.00     0.00   0.00    0.00     0.00    0.00  17.84
nvme23n1        50.60  17066.40     9.80  16.23    0.24   337.28   41.60  16394.40     1.20   2.80    0.15   394.10    0.00      0.00     0.00   0.00    0.00     0.00    0.00  17.52
nvme24n1        50.60  17354.40    10.20  16.78    0.24   342.97   42.20  16656.80     1.20   2.76    0.28   394.71    0.00      0.00     0.00   0.00    0.00     0.00    0.00  17.28
nvme25n1        51.00  17352.00    10.40  16.94    0.24   340.24   41.00  16384.00     1.20   2.84    0.29   399.61    0.00      0.00     0.00   0.00    0.00     0.00    0.00  16.96
nvme26n1        53.20  17967.20     9.80  15.56    0.24   337.73   42.00  16265.60     1.20   2.78    0.27   387.28    0.00      0.00     0.00   0.00    0.00     0.00    0.00  18.08
nvme27n1        53.80  18301.60    10.80  16.72    0.24   340.18   40.80  15966.40     1.20   2.86    0.16   391.33    0.00      0.00     0.00   0.00    0.00     0.00    0.00  16.72
nvme28n1        54.00  18451.20    10.00  15.62    0.24   341.69   39.00  15300.80     1.20   2.99    0.28   392.33    0.00      0.00     0.00   0.00    0.00     0.00    0.00  17.20
nvme29n1        53.20  18096.80    11.00  17.13    0.24   340.17   39.60  15756.00     1.20   2.94    0.29   397.88    0.00      0.00     0.00   0.00    0.00     0.00    0.00  16.96
nvme2n1         56.00  18865.60    10.80  16.17    0.24   336.89   39.80  15385.60     1.40   3.40    0.29   386.57    0.00      0.00     0.00   0.00    0.00     0.00    0.00  18.24
nvme30n1        51.80  17688.00    10.60  16.99    0.24   341.47   39.60  15196.00     1.20   2.94    0.25   383.74    0.00      0.00     0.00   0.00    0.00     0.00    0.00  16.48
nvme31n1        52.80  18227.20     9.60  15.38    0.24   345.21   39.00  15497.60     1.20   2.99    0.28   397.37    0.00      0.00     0.00   0.00    0.00     0.00    0.00  17.52
nvme3n1         54.20  18424.00    11.80  17.88    0.24   339.93   40.00  15145.60     1.20   2.91    0.29   378.64    0.00      0.00     0.00   0.00    0.00     0.00    0.00  17.76
nvme4n1         53.80  18420.80    10.20  15.94    0.23   342.39   38.20  15037.60     1.40   3.54    0.28   393.65    0.00      0.00     0.00   0.00    0.00     0.00    0.00  17.52
nvme5n1         53.20  18126.40    11.20  17.39    0.24   340.72   50.80  15146.40     1.80   3.42    0.22   298.16    0.00      0.00     0.00   0.00    0.00     0.00    0.00  19.36
nvme6n1         52.80  17937.60     9.80  15.65    0.24   339.73   42.20  15370.40     1.20   2.76    0.26   364.23    0.00      0.00     0.00   0.00    0.00     0.00    0.00  18.00
nvme7n1         49.60  16849.60    10.20  17.06    0.24   339.71   38.00  14990.40     1.20   3.06    0.28   394.48    0.00      0.00     0.00   0.00    0.00     0.00    0.00  16.00
nvme8n1         51.00  17133.60     9.40  15.56    0.24   335.95   48.60  14703.20     1.20   2.41    0.21   302.53    0.00      0.00     0.00   0.00    0.00     0.00    0.00  20.32
nvme9n1         51.60  17586.40    10.20  16.50    0.24   340.82   37.00  14572.00     1.20   3.14    0.29   393.84    0.00      0.00     0.00   0.00    0.00     0.00    0.00  16.24

