system	arm	workload	throughput_ops_s	operations	measured_sec	process_elapsed_sec	nvme_read_await_us	nvme_read_iops	nvme_read_MiB_s	nvme_write_MiB_s	nvme_member_max_read_await_us	nvme_member_mean_util_pct	queue_timing_counters_usable	nvme_aqu_sz	device_read_p99_us	process_user_cpu_seconds	process_kernel_cpu_seconds	process_user_cpu_us_per_ycsb_op	process_kernel_cpu_us_per_ycsb_op	voluntary_context_switches	voluntary_context_switches_per_ycsb_op	involuntary_context_switches	involuntary_context_switches_per_ycsb_op	engine_sst_read_count	engine_sst_read_mean_us	engine_sst_read_p50_us	engine_sst_read_p95_us	engine_sst_read_p99_us	engine_get_block_read_count	engine_get_block_read_mean_us	engine_get_block_read_p50_us	engine_get_block_read_p95_us	engine_get_block_read_p99_us	engine_get_count	engine_get_mean_us	engine_get_p50_us	engine_get_p95_us	engine_get_p99_us	ycsb_read_p99_us	filter_checks_per_engine_get	data_cache_misses_per_ycsb_op	get_found_fraction	host_cpu_user_pct	host_cpu_system_pct	host_cpu_iowait_pct	host_cpu_snapshot_rows	qps_mean_20_to_280_sec	iostat_sample_count	mean_member_util_ge99_intervals	longest_mean_member_util_ge99_sec	start_utc	end_utc	binary_sha256	source_result	raw_dir
baseline	b01	A	690630.0	207205522	300.024	304.8362064361572	90.99516090404687	161768.61199172467	3819.4922990966857	2634.85248976885	93.28463069083777	91.04747781247633	False			5534.7	2189.09	26.71116071896964	10.564824618911459	137042068	0.6613823158631844	81947806	0.3954904541588424	47463954	95.48152136671968	75.283574	189.63783	546.050494	47069883	97.03993430363955	87.090332	168.237012	475.263136	103598329	75.71739801903561	45.444573	220.593876	395.12578	397.89	8.950149562740535	1.0780244408737332	0.8675859144407628	37.56834418506278	14.930915208038753	21.61283522529507	48	674885.4980842912	60	21	10	2026-09-10T19:42:15.012748+00:00	2026-09-10T19:47:19.848954+00:00	20d67c38612cee9a34d9ef7114c81bc8366b2d4cf99c598b642e63f21ab74266	/home/smrc/virtual_compaction/vcomp/experiments/results/ycsb_band_b01_260910/results.json	/home/smrc/virtual_compaction/vcomp/experiments/artifacts/log_runs/ycsb_band_b01_260910/full/workloada/baseline/raw
baseline	b02	A	697434.0	209244517	300.02	304.6515049934387	85.79736672678077	163805.01058438813	3899.344607375515	2698.6374768367104	88.87307372084095	92.40993510620584	False			5650.25	2295.7	27.003097051283785	10.97137470034639	140684367	0.6723443415246096	90660274	0.43327431131684085	47999458	90.59767687376804	74.610549	157.454341	489.658206	47595766	92.1801923305531	85.835806	152.457559	362.772882	104618774	74.20020233653283	46.497943	213.838245	359.796665	360.8	8.99853654373736	1.0913419681147487	0.8677657606654806	38.426295922991635	15.684788493852652	20.94447740369226	48	681523.2183908046	60	22	10	2026-09-10T20:24:03.227789+00:00	2026-09-10T20:29:07.879295+00:00	20d67c38612cee9a34d9ef7114c81bc8366b2d4cf99c598b642e63f21ab74266	/home/smrc/virtual_compaction/vcomp/experiments/results/ycsb_band_b02_260910/results.json	/home/smrc/virtual_compaction/vcomp/experiments/artifacts/log_runs/ycsb_band_b02_260910/full/workloada/baseline/raw
baseline	b03	A	689211.0	206781828	300.027	304.57432985305786	91.83095755353976	161611.96520976542	3830.3396782908076	2646.332350899722	93.98416134697896	91.10025790218914	False			5500.6	2174.27	26.600983525496254	10.5148021034034	138316703	0.6689016357859067	79791244	0.38587164438840343	47352132	96.34790724945606	75.349058	199.375994	557.573425	46956354	97.5004448386261	86.750309	172.772463	496.981954	103386319	76.27093551904096	45.846704	221.406296	417.092781	419.65	8.93327589117473	1.0833214512447389	0.8675468849993586	37.33498650718401	14.830666561940722	21.76466958029207	48	686271.9233716475	60	15	10	2026-09-10T21:06:03.569184+00:00	2026-09-10T21:11:08.143515+00:00	20d67c38612cee9a34d9ef7114c81bc8366b2d4cf99c598b642e63f21ab74266	/home/smrc/virtual_compaction/vcomp/experiments/results/ycsb_band_b03_260910/results.json	/home/smrc/virtual_compaction/vcomp/experiments/artifacts/log_runs/ycsb_band_b03_260910/full/workloada/baseline/raw
baseline	n01	A	695604.0	208699627	300.026	304.6407718658447	88.97072967247381	163552.1591375871	3894.695678419381	2696.3696417759284	92.69364510289473	91.86074753179021	False			5592.35	2238.5	26.796166722425433	10.725941546603723	139102289	0.6665191069076516	86563346	0.4147747997652147	47897061	93.42961471059779	74.893436	171.292095	528.3385	47493734	94.81005584863047	86.291825	162.068541	431.1223	104345755	75.05081182267548	45.887947	216.889476	374.72673	375.43	8.977920146344237	1.0931194764425718	0.8677166215338612	38.0271689657587	15.292346474336533	21.51004831594426	48	687786.3218390804	60	20	10	2026-09-10T15:04:11.195071+00:00	2026-09-10T15:09:15.835844+00:00	20d67c38612cee9a34d9ef7114c81bc8366b2d4cf99c598b642e63f21ab74266	/home/smrc/virtual_compaction/vcomp/experiments/results/ycsb_band_n01_260910/results.json	/home/smrc/virtual_compaction/vcomp/experiments/artifacts/log_runs/ycsb_band_n01_260910/full/workloada/baseline/raw
baseline	n02	A	706024.0	211829248	300.031	304.6751534938812	87.54910072425119	165964.27513087474	3956.5897001934536	2740.330671518042	88.97177163089124	92.63331992810083	False			5699.62	2289.05	26.9066715470755	10.806109267781567	141063710	0.6659312221133882	91681765	0.43280975533652466	48635725	92.28509888564425	74.898167	166.558473	510.486023	48226084	93.7700621306926	86.264829	159.050385	389.846202	105910964	74.43500833398136	45.711681	215.178738	368.640613	369.47	8.911300391902769	1.0945339805011252	0.8679907587282465	38.73266785368795	15.624097466597503	21.42085044933896	48	700574.5593869732	60	27	10	2026-09-10T15:46:06.072459+00:00	2026-09-10T15:51:10.747613+00:00	20d67c38612cee9a34d9ef7114c81bc8366b2d4cf99c598b642e63f21ab74266	/home/smrc/virtual_compaction/vcomp/experiments/results/ycsb_band_n02_260910/results.json	/home/smrc/virtual_compaction/vcomp/experiments/artifacts/log_runs/ycsb_band_n02_260910/full/workloada/baseline/raw
baseline	n03	A	695695.0	208730594	300.031	304.8862645626068	87.07443431159925	162889.62400863421	3813.1767609074077	2620.0683097014885	89.9118551855487	91.43746060992854	False			5547.63	2217.89	26.57794381594104	10.62561054178766	138571066	0.6638752055676131	86283444	0.41337229174943085	47821434	91.81782380260701	74.742251	163.939423	506.519278	47429522	93.23029167361206	85.708757	156.936288	383.26158	104361188	74.17130540905686	45.757662	214.596357	366.783523	367.65	9.001943490716108	1.0655401862172633	0.8677205552700301	37.624141261366326	15.110996480240427	21.105381125061502	48	673186.9157088123	60	19	10	2026-09-10T16:28:02.411891+00:00	2026-09-10T16:33:07.298157+00:00	20d67c38612cee9a34d9ef7114c81bc8366b2d4cf99c598b642e63f21ab74266	/home/smrc/virtual_compaction/vcomp/experiments/results/ycsb_band_n03_260910/results.json	/home/smrc/virtual_compaction/vcomp/experiments/artifacts/log_runs/ycsb_band_n03_260910/full/workloada/baseline/raw
baseline	n04	A	724412.0	217344971	300.029	304.5283453464508	89.2385343072755	170719.69750748167	4076.6174235157077	2827.723687413508	92.79670886422814	93.53976440193908	False			5802.78	2326.59	26.69847833746289	10.704595506835997	144965965	0.6669855959078068	88310883	0.40631666145153184	49982351	93.70152666488217	75.005493	176.471502	529.17543	49560172	94.90520406184224	86.116975	163.365279	434.871575	108668343	75.19893132998264	46.025183	218.174437	375.817763	376.5	8.858696428268903	1.100033540688641	0.8684692744417756	39.487786216178115	15.904954733503098	22.356368553232407	48	722366.0268199234	60	23	10	2026-09-10T21:48:54.012785+00:00	2026-09-10T21:53:58.541131+00:00	20d67c38612cee9a34d9ef7114c81bc8366b2d4cf99c598b642e63f21ab74266	/home/smrc/virtual_compaction/vcomp/experiments/results/ycsb_band_n04_260910/results.json	/home/smrc/virtual_compaction/vcomp/experiments/artifacts/log_runs/ycsb_band_n04_260910/full/workloada/baseline/raw
baseline	r01	A	689933.0	206999313	300.028	304.84807872772217	88.51685945539417	161543.49145163782	3846.5431501368535	2662.4915370138756	90.8184877613016	91.41733848646267	False			5556.32	2254.04	26.842214688896092	10.88911826485144	140239123	0.6774859344581496	85255786	0.4118650673975908	47368011	93.12371731209065	74.96891	168.908658	523.357217	46969401	94.72221097731266	86.653003	161.282267	420.207512	103495270	75.28467800509144	46.150542	218.323193	373.515542	374.26	8.870283492182782	1.089281151382372	0.8675669332521186	37.724871061778224	15.37658369772396	21.131292745823522	48	679247.0842911877	60	24	10	2026-09-10T17:36:10.363968+00:00	2026-09-10T17:41:15.212047+00:00	20d67c38612cee9a34d9ef7114c81bc8366b2d4cf99c598b642e63f21ab74266	/home/smrc/virtual_compaction/vcomp/experiments/results/ycsb_band_r01_260910/results.json	/home/smrc/virtual_compaction/vcomp/experiments/artifacts/log_runs/ycsb_band_r01_260910/full/workloada/baseline/raw
baseline	r02	A	704052.0	211231939	300.023	304.4745283126831	89.23370424706114	165374.19494181886	3913.502334487777	2702.660347107669	92.63349556283487	92.10970198372385	False			5639.63	2195.47	26.698756005833	10.393646010132965	137883860	0.6527604710384257	83530969	0.3954466800591174	48453446	93.91383830574198	75.124415	177.80292	530.612688	48049784	95.16632359887403	86.203871	163.968413	442.021806	105611847	74.49821468419164	45.095053	215.485333	376.238294	376.92	8.940495122673122	1.083115716700399	0.8679401942473367	38.31896104333288	14.992650214742772	21.773247903768308	48	688827.5785440613	60	25	10	2026-09-10T18:18:33.650603+00:00	2026-09-10T18:23:38.125132+00:00	20d67c38612cee9a34d9ef7114c81bc8366b2d4cf99c598b642e63f21ab74266	/home/smrc/virtual_compaction/vcomp/experiments/results/ycsb_band_r02_260910/results.json	/home/smrc/virtual_compaction/vcomp/experiments/artifacts/log_runs/ycsb_band_r02_260910/full/workloada/baseline/raw
baseline	run3	A	704837.0	211468685	300.025	304.6007134914398	87.97986973554833	165539.92740866332	3948.7808773305856	2734.7935494237126	90.38051625129806	92.42661509398269	False			5636.85	2320.78	26.65571973457914	10.97457999514207	140653649	0.6651275530464476	87884018	0.41558880455515196	48509927	92.61604353682083	74.909379	166.863055	516.95761	48101056	93.8747500886467	86.02724	159.063172	402.14536	105730710	75.01976073933486	46.015537	218.410325	370.856899	371.61	8.872128334331624	1.093911337274358	0.867959186124826	38.33311953544874	15.851325652030976	21.58938048382812	48	702624.6551724138	60	21	10	2026-09-10T19:00:15.485089+00:00	2026-09-10T19:05:20.085803+00:00	20d67c38612cee9a34d9ef7114c81bc8366b2d4cf99c598b642e63f21ab74266	/home/smrc/virtual_compaction/vcomp/experiments/results/ycsb_band_run3_260910/results.json	/home/smrc/virtual_compaction/vcomp/experiments/artifacts/log_runs/ycsb_band_run3_260910/full/workloada/baseline/raw
f2load	f01	A	694449.0	208354192	300.028	304.4754149913788	87.19954805877074	163005.71263333465	3919.6112749038925	2724.6281835217783	90.85500780824768	92.82122382840508	False			5665.76	2288.62	27.192925400800192	10.984276236688341	139474902	0.6694125069487443	90384118	0.43380033361651776	47736959	92.20251296275492	75.123398	164.69489	505.897883	47335275	93.40540780633471	86.399971	157.377946	376.689273	104172919	75.59504218174015	46.450296	215.774393	367.008057	367.86	8.946024590133641	1.1025914947753968	0.8675013320880449	38.55568563057587	15.653308998627317	21.013654603825703	48	684635.3409961686	60	24	10	2026-09-11T02:43:36.728701+00:00	2026-09-11T02:48:41.204117+00:00	20d67c38612cee9a34d9ef7114c81bc8366b2d4cf99c598b642e63f21ab74266	/home/smrc/virtual_compaction/vcomp/experiments/results/ycsb_f2band_f01_260911/results.json	/home/smrc/virtual_compaction/vcomp/experiments/artifacts/log_runs/ycsb_f2band_f01_260911/full/workloada/f2load/raw
f2load	f02	A	702653.0	210814666	300.027	304.4750998020172	90.92403190762067	165265.20241793062	4004.256374881801	2793.124289730065	94.00169936116608	92.55179207546338	False			5697.96	2205.02	27.028290337257655	10.459518978627417	137764348	0.6534855976291517	85873453	0.4073409816753451	48384022	95.63460482884204	75.457528	191.680362	548.122796	47972577	96.56230867063906	86.989288	167.736572	472.464608	105403228	75.99081886752083	45.001097	217.913795	395.896763	398.64	8.805843877950304	1.1158032050768232	0.8676792137713277	38.76988400529493	15.080994368535594	21.927584640236926	48	695159.9578544061	60	26	10	2026-09-11T03:15:45.655174+00:00	2026-09-11T03:20:50.130275+00:00	20d67c38612cee9a34d9ef7114c81bc8366b2d4cf99c598b642e63f21ab74266	/home/smrc/virtual_compaction/vcomp/experiments/results/ycsb_f2band_f02_260911/results.json	/home/smrc/virtual_compaction/vcomp/experiments/artifacts/log_runs/ycsb_f2band_f02_260911/full/workloada/f2load/raw
f2load	f03	A	681749.0	204547263	300.033	304.67168974876404	89.30110384590884	159876.912226951	3853.278267335347	2681.7489125097304	90.58524983204434	91.7055255195997	False			5585.74	2207.52	27.307820784676057	10.792224582345058	135562076	0.6627420675875776	83707074	0.4092309658526206	46843283	94.26290507862142	75.490699	177.615733	531.401222	46447780	95.62277217554855	87.402524	163.714829	438.929437	102267984	76.07539958937687	45.809938	217.642354	377.293707	377.97	8.884536435176036	1.103941791682639	0.8670676445523753	37.98014937396283	15.082171103506637	20.95659349403689	48	680219.264367816	60	25	20	2026-09-11T03:47:56.630983+00:00	2026-09-11T03:53:01.302673+00:00	20d67c38612cee9a34d9ef7114c81bc8366b2d4cf99c598b642e63f21ab74266	/home/smrc/virtual_compaction/vcomp/experiments/results/ycsb_f2band_f03_260911/results.json	/home/smrc/virtual_compaction/vcomp/experiments/artifacts/log_runs/ycsb_f2band_f03_260911/full/workloada/f2load/raw
f2load	f04	A	695677.0	208726440	300.033	304.5153567790985	92.0273959611366	163369.4324194249	3911.1221272954476	2715.070365707412	94.56679830656046	92.00641976903593	False			5631.4	2177.09	26.97981146997956	10.430350845824803	138738590	0.6646910185408231	80288637	0.38465963871179903	47842511	96.7700321164163	75.667635	201.383442	559.413113	47442632	97.69167050006838	87.177063	173.59402	497.729353	104359082	76.83974708593163	45.598546	220.073206	422.212761	424.67	8.861616001949884	1.097270355399153	0.8675175486882876	38.36317673582015	14.895919161603164	21.920753407126654	48	680528.8582375479	60	23	10	2026-09-11T04:20:20.668248+00:00	2026-09-11T04:25:25.183606+00:00	20d67c38612cee9a34d9ef7114c81bc8366b2d4cf99c598b642e63f21ab74266	/home/smrc/virtual_compaction/vcomp/experiments/results/ycsb_f2band_f04_260911/results.json	/home/smrc/virtual_compaction/vcomp/experiments/artifacts/log_runs/ycsb_f2band_f04_260911/full/workloada/f2load/raw
f2load	f05	A	693314.0	208011797	300.025	304.39677834510803	87.6101910533931	163075.24432378	3959.644391266339	2763.9301383592356	89.80915772809915	93.06117737070464	False			5684.85	2301.34	27.32945958829441	11.063507133684347	137479477	0.660921538983676	93091786	0.44753128112248364	47715648	92.65257766173478	75.307738	166.329225	513.456238	47308387	93.7935335017869	86.507614	157.918672	388.011847	104001483	75.57351589880695	45.685715	217.019232	370.494387	371.28	8.878331331102268	1.1182511057293545	0.8674414575415237	38.72868158351056	15.750192999026064	21.165805270468592	48	695843.3601532567	60	29	20	2026-09-11T04:52:31.080393+00:00	2026-09-11T04:57:35.477172+00:00	20d67c38612cee9a34d9ef7114c81bc8366b2d4cf99c598b642e63f21ab74266	/home/smrc/virtual_compaction/vcomp/experiments/results/ycsb_f2band_f05_260911/results.json	/home/smrc/virtual_compaction/vcomp/experiments/artifacts/log_runs/ycsb_f2band_f05_260911/full/workloada/f2load/raw
f2load	f06	A	706421.0	211942980	300.023	304.4805836677551	88.51693058658375	166464.052943707	4038.4561329221124	2817.9308902131606	90.48656464013666	93.57910120774692	False			5809.32	2347.5	27.409825038791094	11.076092258398933	142428994	0.6720156242023209	91652749	0.4324405979381813	48693042	93.54665730270045	75.55293	172.322834	519.639739	48277447	94.80383272959732	87.199582	161.928916	410.025614	105967622	76.30100032819459	46.415816	218.70392	373.933127	374.66	8.759180422110445	1.1195263839359058	0.8678759442200185	39.52788012773274	16.04765413903218	21.517282520967118	48	707277.4559386973	60	18	15	2026-09-11T21:24:49.431499+00:00	2026-09-11T21:29:53.912083+00:00	20d67c38612cee9a34d9ef7114c81bc8366b2d4cf99c598b642e63f21ab74266	/home/smrc/virtual_compaction/vcomp/experiments/results/ycsb_f2band_f06_260912/results.json	/home/smrc/virtual_compaction/vcomp/experiments/artifacts/log_runs/ycsb_f2band_f06_260912/full/workloada/f2load/raw
f2load	f07	A	681932.0	204597360	300.026	304.6616654396057	87.41232674854301	159647.75853837054	3809.3681130480595	2639.9363026669894	89.41946220223898	91.99975966637084	False			5598.33	2265.09	27.36266978224939	11.070963965517443	136938921	0.6693093253989201	83461244	0.4079292323224503	46822696	92.49033092840276	75.049525	165.584968	512.517662	46433586	94.12780143665837	87.022749	158.641208	392.461963	102292981	76.00066704478971	46.162727	218.945581	370.966841	371.75	8.955619320547516	1.0894760079015682	0.8672243992967611	38.00778116251802	15.453068986990257	20.806054383986623	48	672369.275862069	60	25	10	2026-09-11T21:56:54.184524+00:00	2026-09-11T22:01:58.846190+00:00	20d67c38612cee9a34d9ef7114c81bc8366b2d4cf99c598b642e63f21ab74266	/home/smrc/virtual_compaction/vcomp/experiments/results/ycsb_f2band_f07_260912/results.json	/home/smrc/virtual_compaction/vcomp/experiments/artifacts/log_runs/ycsb_f2band_f07_260912/full/workloada/f2load/raw
f2load	f08	A	699867.0	209985782	300.037	304.47374749183655	88.73751010212328	164508.37030323266	3950.9286327132463	2744.972906153127	90.34318150503593	92.52991190320417	False			5668.06	2273.02	26.992589431602564	10.82463764141898	140173721	0.6675391050999825	91143683	0.43404692513896015	48167605	93.52646433220004	75.225292	172.077502	525.153732	47762932	94.61858547544779	86.368144	161.597656	422.307918	104989389	75.8207658680631	45.912067	217.865492	374.808292	375.5	8.942627525911213	1.1021585499536344	0.8678072314526947	38.5336634017377	15.530812109892869	21.53191560961349	48	690981.2950191571	60	22	10	2026-09-11T22:28:59.943732+00:00	2026-09-11T22:34:04.417480+00:00	20d67c38612cee9a34d9ef7114c81bc8366b2d4cf99c598b642e63f21ab74266	/home/smrc/virtual_compaction/vcomp/experiments/results/ycsb_f2band_f08_260912/results.json	/home/smrc/virtual_compaction/vcomp/experiments/artifacts/log_runs/ycsb_f2band_f08_260912/full/workloada/f2load/raw
f2load	f09	A	699255.0	209792149	300.022	304.4801881313324	88.4735229649746	164260.09950580867	3957.956397721162	2753.1913195479137	90.35579249193407	92.94952980774355	False			5693.04	2317.11	27.13657316127688	11.044788906757422	141680302	0.675336530348426	87747061	0.4182571245790518	48078702	93.35247808894674	75.348668	169.205197	522.528174	47673234	94.65482996181883	86.932924	160.67535	413.867233	104892233	76.43044471176431	46.563282	219.333919	373.899681	374.61	8.829429696667818	1.1066718421383823	0.8675099518569692	38.70441348941704	15.825900079380064	21.488274420599232	48	699882.7624521073	60	23	10	2026-09-11T23:01:03.561252+00:00	2026-09-11T23:06:08.041440+00:00	20d67c38612cee9a34d9ef7114c81bc8366b2d4cf99c598b642e63f21ab74266	/home/smrc/virtual_compaction/vcomp/experiments/results/ycsb_f2band_f09_260912/results.json	/home/smrc/virtual_compaction/vcomp/experiments/artifacts/log_runs/ycsb_f2band_f09_260912/full/workloada/f2load/raw
f2load	f10	A	695346.0	208624239	300.029	304.38010120391846	90.42561819695402	163042.66541639852	3887.9015754291545	2693.964218814524	93.41424306162212	91.94026477448955	False			5609.54	2199.61	26.888246672046577	10.54340574490963	137184667	0.6575682080738471	84209111	0.40364011106111214	47751517	95.18599582920056	75.312898	187.657799	544.74819	47354828	96.11769262470978	86.650895	166.531437	467.774692	104307730	76.22105070257017	45.43027	219.433782	394.117848	396.94	8.92002764320535	1.0890534392794118	0.8675504873895732	38.1383912201203	15.03462549982086	21.631594778234838	48	688954.7126436782	60	24	10	2026-09-11T23:33:09.418302+00:00	2026-09-11T23:38:13.798404+00:00	20d67c38612cee9a34d9ef7114c81bc8366b2d4cf99c598b642e63f21ab74266	/home/smrc/virtual_compaction/vcomp/experiments/results/ycsb_f2band_f10_260912/results.json	/home/smrc/virtual_compaction/vcomp/experiments/artifacts/log_runs/ycsb_f2band_f10_260912/full/workloada/f2load/raw
baseline	b01	B	1061213.0	318395530	300.03	304.9702694416046	72.4288582356582	273670.2077642394	2688.42339462287	541.5710541716436	73.86153420824606	98.42266641837892	False			4663.46	3665.3	14.646750851056233	11.51178221628928	274600722	0.8624515614273857	187555	0.0005890629180629514	82781759	78.16058238143985	71.22275	108.516344	174.450327	82690274	83.23257399050341	78.886643	109.735466	169.665275	302477684	46.40437133537428	24.036	156.633375	215.61239	217.32	4.082953666757115	0.35176476566740744	0.8355008563210237	31.54095287893789	24.822740630576188	38.23680680264528	48	1057913.2911877395	60	58	265	2026-09-10T19:47:21.710743+00:00	2026-09-10T19:52:26.681013+00:00	20d67c38612cee9a34d9ef7114c81bc8366b2d4cf99c598b642e63f21ab74266	/home/smrc/virtual_compaction/vcomp/experiments/results/ycsb_band_b01_260910/results.json	/home/smrc/virtual_compaction/vcomp/experiments/artifacts/log_runs/ycsb_band_b01_260910/full/workloadb/baseline/raw
baseline	b02	B	1030912.0	309303353	300.029	304.9078712463379	71.33432576846714	266539.95735761477	2622.888008596647	531.584123857533	71.82150485217234	98.45046786736799	False			4587.3	3960.52	14.831071035948323	12.804646188235793	275038544	0.8892194065545743	196320	0.0006347166886354446	80600707	77.11404267210708	70.875896	107.14546	165.598646	80510668	82.2766268191937	78.39687	108.764222	166.624582	293838766	47.794734762805255	25.266806	158.386105	221.319288	222.78	4.188225977643808	0.35296879242043006	0.835020931172846	31.080571428571428	26.861357142857145	36.647999999999996	48	1025135.356321839	60	59	295	2026-09-10T20:29:09.706855+00:00	2026-09-10T20:34:14.614726+00:00	20d67c38612cee9a34d9ef7114c81bc8366b2d4cf99c598b642e63f21ab74266	/home/smrc/virtual_compaction/vcomp/experiments/results/ycsb_band_b02_260910/results.json	/home/smrc/virtual_compaction/vcomp/experiments/artifacts/log_runs/ycsb_band_b02_260910/full/workloadb/baseline/raw
baseline	b03	B	1019138.0	305770547	300.028	305.0104122161865	71.87530648057455	263526.2790406944	2601.6800736504097	533.5827192708969	72.18150826744734	98.43061117875286	False			4554.85	4003.73	14.896300656452697	13.093903383702944	278604872	0.9111566654586911	189562	0.0006199485263045953	79707807	77.7692148273506	70.968183	107.341222	180.875082	79617371	82.94806869470735	79.095137	108.909093	171.676691	290482278	48.36078596505636	26.291528	158.655801	221.091461	222.63	4.2049804635586066	0.3551902597080418	0.8348359069257919	30.826985994165547	27.12363697174392	36.534945979129176	48	1019906.1034482758	60	59	295	2026-09-10T21:11:10.049670+00:00	2026-09-10T21:16:15.060083+00:00	20d67c38612cee9a34d9ef7114c81bc8366b2d4cf99c598b642e63f21ab74266	/home/smrc/virtual_compaction/vcomp/experiments/results/ycsb_band_b03_260910/results.json	/home/smrc/virtual_compaction/vcomp/experiments/artifacts/log_runs/ycsb_band_b03_260910/full/workloadb/baseline/raw
baseline	n01	B	1037150.0	311167813	300.022	304.9788818359375	71.96079350271837	267343.2222886206	2625.440763180404	527.8610239326414	72.96775473704618	98.42720641551477	False			4599.47	3884.51	14.781316729568042	12.483649779034183	274133672	0.8809833811442445	181563	0.0005834890127276757	80865840	77.74735355497451	70.947056	107.445439	179.546124	80776330	82.82086175492252	78.448421	108.926903	171.358287	295610290	47.49326855976495	25.530971	157.637462	217.843189	219.55	4.109104507153658	0.35153391330998623	0.8351226170103889	31.13479242090098	26.317245065824736	37.108185249713785	48	1037960.5057471264	60	58	265	2026-09-10T15:09:17.759456+00:00	2026-09-10T15:14:22.738339+00:00	20d67c38612cee9a34d9ef7114c81bc8366b2d4cf99c598b642e63f21ab74266	/home/smrc/virtual_compaction/vcomp/experiments/results/ycsb_band_n01_260910/results.json	/home/smrc/virtual_compaction/vcomp/experiments/artifacts/log_runs/ycsb_band_n01_260910/full/workloadb/baseline/raw
baseline	n02	B	1028822.0	308668054	300.021	304.91923570632935	71.2843131568066	265844.04165984003	2620.41724966653	534.3347300559235	71.62646233188963	98.44798345185093	False			4585.62	3978.99	14.856153529901738	12.890838389125944	273963375	0.8875663401175944	187525	0.0006075296668051045	80391563	77.18348057245758	70.911653	107.169891	165.568424	80301089	82.27491521316729	78.625114	108.764317	166.45031	293234915	47.8703132572054	25.617669	158.197877	219.456867	221.06	4.153361999883268	0.35421986688651624	0.8349875934794463	31.086556801381754	26.996062350407918	36.53442512317665	48	1033704.3256704981	60	59	295	2026-09-10T15:51:12.599909+00:00	2026-09-10T15:56:17.519145+00:00	20d67c38612cee9a34d9ef7114c81bc8366b2d4cf99c598b642e63f21ab74266	/home/smrc/virtual_compaction/vcomp/experiments/results/ycsb_band_n02_260910/results.json	/home/smrc/virtual_compaction/vcomp/experiments/artifacts/log_runs/ycsb_band_n02_260910/full/workloadb/baseline/raw
baseline	n03	B	1057433.0	317259774	300.028	305.0225706100464	71.70849242157252	272617.8126218348	2678.9038817791234	540.547613661805	72.46102609979434	98.41277014024207	False			4682.06	3720.52	14.757811685259538	11.72704611458243	276932832	0.8728898356965986	183154	0.0005772997871454072	82470828	77.40980963596	70.903973	107.243047	170.318263	82379408	82.57141835736425	78.533598	108.798094	168.76501	301398656	46.57454911477774	24.462732	156.514859	214.3266	216.11	4.114636582851915	0.3520738213726396	0.835441781133888	31.669006311683578	25.192083069900022	37.686001778844606	48	1062637.0459770116	61	58	265	2026-09-10T16:33:09.144042+00:00	2026-09-10T16:38:14.166614+00:00	20d67c38612cee9a34d9ef7114c81bc8366b2d4cf99c598b642e63f21ab74266	/home/smrc/virtual_compaction/vcomp/experiments/results/ycsb_band_n03_260910/results.json	/home/smrc/virtual_compaction/vcomp/experiments/artifacts/log_runs/ycsb_band_n03_260910/full/workloadb/baseline/raw
baseline	n04	B	1065193.0	319588943	300.029	305.000497341156	71.65353110135248	274540.5621628834	2702.372911573712	549.0775882659591	72.16195251580147	98.42501137228166	False			4708.45	3659.8	14.732831354556593	11.451585169515704	279483401	0.8745089813698592	193857	0.0006065823122047123	83037957	77.3868116360329	70.89168	107.251421	169.065887	82945269	82.4976006045625	78.453154	108.798516	168.168916	303611736	46.226841451873256	24.334353	155.971449	210.313178	212.31	4.082125975525531	0.3529137958943717	0.8355617452152772	31.84202986465235	24.77798712614704	37.89048293739341	48	1064736.2490421457	60	59	295	2026-09-10T21:54:00.376907+00:00	2026-09-10T21:59:05.377405+00:00	20d67c38612cee9a34d9ef7114c81bc8366b2d4cf99c598b642e63f21ab74266	/home/smrc/virtual_compaction/vcomp/experiments/results/ycsb_band_n04_260910/results.json	/home/smrc/virtual_compaction/vcomp/experiments/artifacts/log_runs/ycsb_band_n04_260910/full/workloadb/baseline/raw
baseline	r01	B	1032260.0	309701640	300.023	305.00527596473694	71.65477316120742	266897.7175641107	2624.499759571529	530.2533019336962	72.33760083080207	98.41627747592864	False			4576.01	3939.8	14.775543326150936	12.721275870544309	276358504	0.8923378771904469	179518	0.0005796482059313603	80734749	77.44817369779648	70.875403	107.24379	170.277101	80644859	82.54808098802677	78.441862	108.807286	168.726269	294217346	47.72045510532204	25.8169	157.799162	217.627812	219.31	4.179629269716817	0.3528153548040624	0.8350425878697172	30.952241396317643	26.676025772805318	36.94204549840814	48	1029332.1954022988	60	58	265	2026-09-10T17:41:17.079854+00:00	2026-09-10T17:46:22.085131+00:00	20d67c38612cee9a34d9ef7114c81bc8366b2d4cf99c598b642e63f21ab74266	/home/smrc/virtual_compaction/vcomp/experiments/results/ycsb_band_r01_260910/results.json	/home/smrc/virtual_compaction/vcomp/experiments/artifacts/log_runs/ycsb_band_r01_260910/full/workloadb/baseline/raw
baseline	r02	B	1031433.0	309451373	300.021	304.95471811294556	71.94119798538699	266466.0297857856	2628.119551619515	537.106649947243	72.40106399891074	98.42133874376383	False			4608.33	3903.8	14.891935864831337	12.615229210826607	274332099	0.8865111708520356	184637	0.0005966591720373462	80581766	77.81284351598846	71.011368	107.365364	180.710297	80490793	82.94359465436003	78.987138	108.920376	172.270506	293979609	47.758769816582756	25.451177	158.051965	219.445996	221.06	4.170089766327977	0.3545563683764945	0.8350302860631399	31.19888447274398	26.455749489514773	36.91853463401944	48	1025824.3716475096	60	58	265	2026-09-10T18:23:39.967780+00:00	2026-09-10T18:28:44.922499+00:00	20d67c38612cee9a34d9ef7114c81bc8366b2d4cf99c598b642e63f21ab74266	/home/smrc/virtual_compaction/vcomp/experiments/results/ycsb_band_r02_260910/results.json	/home/smrc/virtual_compaction/vcomp/experiments/artifacts/log_runs/ycsb_band_r02_260910/full/workloadb/baseline/raw
baseline	run3	B	1046564.0	313997005	300.026	304.9084677696228	71.60851747904822	270660.6333490024	2660.031705052746	536.6217501989004	72.24525925194924	98.4487941162142	False			4633.16	3812.92	14.755427364665469	12.143173149055992	274974031	0.875721827346729	178752	0.0005692793152597108	81853196	77.39392950520832	70.923289	107.229332	169.029849	81762475	82.44970972319514	78.385454	108.765551	168.204821	298298353	47.04924868291177	24.670774	157.162479	217.294717	218.96	4.116326190376251	0.3524322310016938	0.8352733144322791	31.369150160219622	25.845095048387684	37.3835538364394	48	1041301.540229885	60	59	295	2026-09-10T19:05:21.926605+00:00	2026-09-10T19:10:26.835073+00:00	20d67c38612cee9a34d9ef7114c81bc8366b2d4cf99c598b642e63f21ab74266	/home/smrc/virtual_compaction/vcomp/experiments/results/ycsb_band_run3_260910/results.json	/home/smrc/virtual_compaction/vcomp/experiments/artifacts/log_runs/ycsb_band_run3_260910/full/workloadb/baseline/raw
f2load	f01	B	1057056.0	317141064	300.023	304.7675654888153	72.07494232777601	273402.912368173	2713.3367740180274	568.3904081448499	72.60943077212099	98.50878922373234	False			4711.92	3655.36	14.85748941045364	11.525975078396028	274292142	0.8648900225673708	204588	0.0006451009447329091	82608324	78.02921089404985	71.197271	108.259321	170.150907	82514966	83.08071190382603	79.356618	109.573337	168.977632	301285951	46.58388221693085	24.287713	156.606191	214.629268	216.44	4.097602881589391	0.3584037007582216	0.8351999725337342	31.948797282304092	24.786536195912017	37.79882073043797	48	1058697.7969348659	60	58	265	2026-09-11T02:48:43.056314+00:00	2026-09-11T02:53:47.823880+00:00	20d67c38612cee9a34d9ef7114c81bc8366b2d4cf99c598b642e63f21ab74266	/home/smrc/virtual_compaction/vcomp/experiments/results/ycsb_f2band_f01_260911/results.json	/home/smrc/virtual_compaction/vcomp/experiments/artifacts/log_runs/ycsb_f2band_f01_260911/full/workloadb/f2load/raw
f2load	f02	B	1038428.0	311560247	300.031	304.7855553627014	72.33585191341706	268194.1173449825	2661.149645661676	556.2109473930334	72.84770476945089	98.51419366011363	False			4664.19	3791.67	14.97042721242932	12.169941565106026	273091784	0.8765296170791648	201249	0.00064593927478816	81044389	78.33227350261102	71.096554	107.525741	199.011749	80952619	83.43330983522596	79.494539	109.037299	188.778825	295983072	47.428597882787024	24.718468	157.840944	220.396166	221.91	4.157687440314154	0.3580050056899589	0.8348328684148532	31.60206276815021	25.714107998624442	37.2359964910349	48	1036227.6551724138	60	59	295	2026-09-11T03:20:52.042218+00:00	2026-09-11T03:25:56.827775+00:00	20d67c38612cee9a34d9ef7114c81bc8366b2d4cf99c598b642e63f21ab74266	/home/smrc/virtual_compaction/vcomp/experiments/results/ycsb_f2band_f02_260911/results.json	/home/smrc/virtual_compaction/vcomp/experiments/artifacts/log_runs/ycsb_f2band_f02_260911/full/workloadb/f2load/raw
f2load	f03	B	1044963.0	313516547	300.026	304.84193539619446	72.09266976070842	269720.49594534375	2684.692505679508	569.1753895941051	72.407265609301	98.48183619937048	False			4691.17	3753.08	14.963069875862086	11.970915206590355	274906667	0.8768489881333121	208711	0.0006657096794320077	81518983	78.20159255421525	71.181911	107.475295	188.209025	81425481	83.28732958912457	79.924859	109.019792	177.687943	297841912	47.10614216712388	24.767473	157.298488	216.435693	218.2	4.122458510808915	0.3598176302956029	0.8348955468698441	31.839035672537612	25.46387882990931	37.20253522033038	48	1045790.4674329502	60	58	270	2026-09-11T03:53:03.387599+00:00	2026-09-11T03:58:08.229535+00:00	20d67c38612cee9a34d9ef7114c81bc8366b2d4cf99c598b642e63f21ab74266	/home/smrc/virtual_compaction/vcomp/experiments/results/ycsb_f2band_f03_260911/results.json	/home/smrc/virtual_compaction/vcomp/experiments/artifacts/log_runs/ycsb_f2band_f03_260911/full/workloadb/f2load/raw
f2load	f04	B	1036490.0	310984323	300.036	304.8901889324188	72.62382384929701	266949.8788563537	2640.135918709157	545.9642026826482	73.07742332406863	98.48245884529439	False			4639.07	3810.84	14.917375754661434	12.254122533372849	272342481	0.8757434406106702	227414	0.0007312715888897074	80688522	78.67455035302295	71.167704	107.625487	209.203474	80598366	83.719014849507	79.638848	109.081249	199.235671	295436096	47.50241449169434	24.549134	158.139434	222.521976	223.96	4.158984824928096	0.3553296447036657	0.8349081555694535	31.492546588731273	25.893041458952844	37.152767608858234	48	1035073.9463601533	60	59	295	2026-09-11T04:25:27.317286+00:00	2026-09-11T04:30:32.207476+00:00	20d67c38612cee9a34d9ef7114c81bc8366b2d4cf99c598b642e63f21ab74266	/home/smrc/virtual_compaction/vcomp/experiments/results/ycsb_f2band_f04_260911/results.json	/home/smrc/virtual_compaction/vcomp/experiments/artifacts/log_runs/ycsb_f2band_f04_260911/full/workloadb/f2load/raw
f2load	f05	B	1052770.0	315856825	300.024	304.8324565887451	71.67194409205989	271963.92053437565	2700.0797954453747	566.5880839356031	72.51851782661898	98.49217907832957	False			4733.92	3692.34	14.987550134463614	11.689916784289844	279521230	0.8849618177476456	186600	0.0005907740002135462	82185722	77.60801520974653	70.975138	107.277989	173.830497	82092583	82.58705653103887	78.712705	108.809939	168.823826	300065444	46.76522640507715	24.860801	156.594418	212.4409	214.37	4.1872090942934435	0.35843484781435386	0.8350982727621246	32.05250900518138	25.026679369766054	37.39925498038744	48	1050747.4406130267	60	59	295	2026-09-11T04:57:37.386621+00:00	2026-09-11T05:02:42.219078+00:00	20d67c38612cee9a34d9ef7114c81bc8366b2d4cf99c598b642e63f21ab74266	/home/smrc/virtual_compaction/vcomp/experiments/results/ycsb_f2band_f05_260911/results.json	/home/smrc/virtual_compaction/vcomp/experiments/artifacts/log_runs/ycsb_f2band_f05_260911/full/workloadb/f2load/raw
f2load	f06	B	1039271.0	311803698	300.021	304.79766821861267	71.72121534949889	268361.2885822106	2660.5408281646437	554.2833655229168	72.00940538424939	98.50261623524482	False			4648.53	3841.73	14.908514651420202	12.320989214181802	275727769	0.8842992266243103	192899	0.0006186552668788424	81102164	77.73080702260916	71.075441	107.310762	173.85201	81010747	82.80296735197368	79.361424	108.868049	168.923171	296214241	47.39084740020991	25.058733	157.612878	217.655124	219.31	4.144824147735693	0.35741682576195744	0.835014998485505	31.497849506205423	26.060065047698544	37.0934250610314	48	1038775.2911877395	60	59	295	2026-09-11T21:29:55.906800+00:00	2026-09-11T21:35:00.704468+00:00	20d67c38612cee9a34d9ef7114c81bc8366b2d4cf99c598b642e63f21ab74266	/home/smrc/virtual_compaction/vcomp/experiments/results/ycsb_f2band_f06_260912/results.json	/home/smrc/virtual_compaction/vcomp/experiments/artifacts/log_runs/ycsb_f2band_f06_260912/full/workloadb/f2load/raw
f2load	f07	B	1031087.0	309346964	300.02	304.8138918876648	71.62027254655887	266457.05186538055	2641.71784260987	550.6933280598715	71.98075479986089	98.5068557032234	False			4610.51	3939.82	14.904009208249414	12.735925864783985	271961616	0.8791475192884065	177467	0.0005736826950077971	80521111	77.61873476882354	71.010674	107.27432	170.112784	80430255	82.64271272048062	79.123424	108.834122	168.33701	293880283	47.76996856914011	25.159095	158.317795	221.119223	222.6	4.182421278667409	0.3575947136174254	0.8348577675760575	31.229565803029537	26.716436797962672	36.734403519847405	48	1031224.061302682	60	59	295	2026-09-11T22:02:00.805992+00:00	2026-09-11T22:07:05.619885+00:00	20d67c38612cee9a34d9ef7114c81bc8366b2d4cf99c598b642e63f21ab74266	/home/smrc/virtual_compaction/vcomp/experiments/results/ycsb_f2band_f07_260912/results.json	/home/smrc/virtual_compaction/vcomp/experiments/artifacts/log_runs/ycsb_f2band_f07_260912/full/workloadb/f2load/raw
f2load	f08	B	1050345.0	315128076	300.023	304.8390908241272	72.01999040303102	271506.2388365099	2698.2971603191045	567.9615381287795	72.39766726796746	98.49282923314858	False			4763.45	3641.05	15.115917503967498	11.55419106484184	281399115	0.892967451748095	170107	0.0005398027435676661	82053125	77.96784999961915	71.036449	107.382832	186.546871	81959628	82.97662128237087	79.023233	108.913859	175.670528	299372873	46.867992164406964	24.986147	156.665207	212.736495	214.68	4.254895198871275	0.3591955545084469	0.8353810767617545	32.21268864527601	24.66358467901848	37.68245314381352	48	1049771.9885057472	60	59	295	2026-09-11T22:34:06.363382+00:00	2026-09-11T22:39:11.202475+00:00	20d67c38612cee9a34d9ef7114c81bc8366b2d4cf99c598b642e63f21ab74266	/home/smrc/virtual_compaction/vcomp/experiments/results/ycsb_f2band_f08_260912/results.json	/home/smrc/virtual_compaction/vcomp/experiments/artifacts/log_runs/ycsb_f2band_f08_260912/full/workloadb/f2load/raw
f2load	f09	B	1045066.0	313547846	300.027	304.77655029296875	71.98258363291067	270110.9482368835	2673.04161544132	553.939703920669	72.45213578168436	98.50199021327442	False			4658.19	3788.93	14.856392921927457	12.08405686193105	273696751	0.872902666982442	188194	0.0006002082374375489	81614231	77.89166155348569	71.013421	107.3766	185.176187	81523110	82.97869926699313	79.007212	108.929393	174.856757	297871531	47.13095010748107	24.805782	157.231529	217.117156	218.81	4.108158359047747	0.3566338612321387	0.8348452004297114	31.516494112362253	25.67091602802261	37.46106977469467	48	1043114.9042145594	60	58	270	2026-09-11T23:06:10.014838+00:00	2026-09-11T23:11:14.791389+00:00	20d67c38612cee9a34d9ef7114c81bc8366b2d4cf99c598b642e63f21ab74266	/home/smrc/virtual_compaction/vcomp/experiments/results/ycsb_f2band_f09_260912/results.json	/home/smrc/virtual_compaction/vcomp/experiments/artifacts/log_runs/ycsb_f2band_f09_260912/full/workloadb/f2load/raw
f2load	f10	B	1043452.0	313069629	300.032	304.83595752716064	71.73962631964409	268957.2013258802	2654.274755781257	543.363300112789	72.66768792135711	98.49371461953095	False			4645.06	3831.28	14.837146659154216	12.237788801928149	278312443	0.8889793746170122	172926	0.000552356357760912	81295049	77.7186920079229	70.990593	107.290463	176.405345	81204976	82.79439252589644	79.099303	108.836962	169.34249	297417274	47.19646011549417	25.207058	157.309419	216.040286	217.77	4.1002380682165755	0.3540831423159223	0.8350310110098044	31.412784640571513	25.94379314687396	37.2533544369011	48	1042143.2068965518	60	59	295	2026-09-11T23:38:15.690653+00:00	2026-09-11T23:43:20.526612+00:00	20d67c38612cee9a34d9ef7114c81bc8366b2d4cf99c598b642e63f21ab74266	/home/smrc/virtual_compaction/vcomp/experiments/results/ycsb_f2band_f10_260912/results.json	/home/smrc/virtual_compaction/vcomp/experiments/artifacts/log_runs/ycsb_f2band_f10_260912/full/workloadb/f2load/raw
baseline	b01	C	1596912.0	479123996	300.032	304.61002111434937	68.41994965649847	370576.45571556827	2928.081914334577	0.005950231031038847	69.7446496743292	98.5329242263014	False			5421.27	1242.24	11.31496240067258	2.5927317570627375	186540271	0.38933610622165543	43454	9.069468522298767e-05	112433110	73.76885700306609	69.487848	106.079021	128.266924	112419650	78.61060913283399	73.099783	107.895695	146.021179	479123996	29.170931689257326	10.338809	104.437631	134.014153	136.84	3.6243810380977037	0.23457918396556368	0.6029214637790756	36.87238985017661	8.520574319480573	51.04610814433842	48	1611745.0076628353	60	58	275	2026-09-10T19:52:28.375935+00:00	2026-09-10T19:57:32.985957+00:00	20d67c38612cee9a34d9ef7114c81bc8366b2d4cf99c598b642e63f21ab74266	/home/smrc/virtual_compaction/vcomp/experiments/results/ycsb_band_b01_260910/results.json	/home/smrc/virtual_compaction/vcomp/experiments/artifacts/log_runs/ycsb_band_b01_260910/full/workloadc/baseline/raw
baseline	b02	C	1642937.0	492920647	300.024	304.52192282676697	67.66666514059906	380873.6524561481	3008.5822057626892	0.005913469983651746	67.70882590043163	98.55350625406098	False			5387.95	1178.14	10.93066405879322	2.390121020838472	179728633	0.3646198107014982	41536	8.426508455832648e-05	115523571	72.98729135545854	69.205653	104.805653	109.180086	115510075	77.80006299883365	72.643285	106.450375	109.720621	492920647	28.335852821356863	9.689814	103.809681	109.996322	115.5	3.3778345056826153	0.23428292708542192	0.6029258234743816	36.70949174753443	8.10030897321479	51.73239643466374	48	1659473.9578544062	60	58	275	2026-09-10T20:34:16.343111+00:00	2026-09-10T20:39:20.865034+00:00	20d67c38612cee9a34d9ef7114c81bc8366b2d4cf99c598b642e63f21ab74266	/home/smrc/virtual_compaction/vcomp/experiments/results/ycsb_band_b02_260910/results.json	/home/smrc/virtual_compaction/vcomp/experiments/artifacts/log_runs/ycsb_band_b02_260910/full/workloadc/baseline/raw
baseline	b03	C	1585459.0	475682943	300.028	304.4891369342804	67.67972877288919	368075.30517645285	2908.5272277008926	0.005875620122323587	67.71980759147587	98.57983974337735	False			5497.62	1286.41	11.557320019355833	2.704343342409904	192481140	0.4046416690623275	48604	0.00010217730258198474	111625878	73.05917520308329	69.268274	104.846338	109.188155	111612358	77.83844848972727	72.731378	106.462292	109.713381	475682943	29.370373757547156	10.845755	103.933119	116.495782	122.59	3.7314591685916305	0.23457872442569377	0.6029214631730027	37.402828529755865	8.824690289148343	50.09895751546609	48	1600692.6666666667	60	58	275	2026-09-10T21:16:16.793473+00:00	2026-09-10T21:21:21.282610+00:00	20d67c38612cee9a34d9ef7114c81bc8366b2d4cf99c598b642e63f21ab74266	/home/smrc/virtual_compaction/vcomp/experiments/results/ycsb_band_b03_260910/results.json	/home/smrc/virtual_compaction/vcomp/experiments/artifacts/log_runs/ycsb_band_b03_260910/full/workloadc/baseline/raw
baseline	n01	C	1594123.0	478276874	300.025	304.37564873695374	67.82372024322069	370196.28694862756	2925.1636062448392	0.005877810880811087	69.17320097948145	98.60837166613402	False			5469.07	1262.72	11.434945524880218	2.6401443779612896	191381496	0.40014791934096317	47814	9.997138184858171e-05	112231014	73.18835897713622	69.289092	105.114401	109.483759	112217531	78.03037366772934	72.788465	106.781708	113.776727	478276874	29.21240759593992	10.584616	104.011957	120.381305	125.51	3.6498245114816066	0.23457198978012891	0.6029206296100363	37.21888872455323	8.665151790712173	50.43178210696081	48	1611273.766283525	60	58	275	2026-09-10T15:14:24.471478+00:00	2026-09-10T15:19:28.847127+00:00	20d67c38612cee9a34d9ef7114c81bc8366b2d4cf99c598b642e63f21ab74266	/home/smrc/virtual_compaction/vcomp/experiments/results/ycsb_band_n01_260910/results.json	/home/smrc/virtual_compaction/vcomp/experiments/artifacts/log_runs/ycsb_band_n01_260910/full/workloadc/baseline/raw
baseline	n02	C	1619969.0	486042790	300.032	304.37467527389526	67.70088115227198	376154.1228650944	2971.712898333483	0.0059163307472264075	67.74762631246861	98.60576195173236	False			5446.49	1205.83	11.205782931169496	2.4809132545716808	183662696	0.37787351191857	44356	9.125945474882983e-05	114037048	72.97737320418886	69.188626	104.798084	109.182066	114023568	77.7400126612421	72.590565	106.412796	109.69142	486042790	28.736881067611353	10.012098	103.821462	110.192849	116.26	3.5871865458594705	0.23453989308225312	0.6029260098683904	37.11343338635357	8.28931664668103	51.02760561708274	48	1636323.7739463602	60	58	275	2026-09-10T15:56:19.247705+00:00	2026-09-10T16:01:23.622380+00:00	20d67c38612cee9a34d9ef7114c81bc8366b2d4cf99c598b642e63f21ab74266	/home/smrc/virtual_compaction/vcomp/experiments/results/ycsb_band_n02_260910/results.json	/home/smrc/virtual_compaction/vcomp/experiments/artifacts/log_runs/ycsb_band_n02_260910/full/workloadc/baseline/raw
baseline	n03	C	1627399.0	488270131	300.031	304.70342111587524	67.7118389997117	376820.7674843789	2976.942173874694	0.005858668220601059	67.75511368360944	98.49641148916999	False			5414.77	1218.12	11.08970149148853	2.4947665701058415	181278777	0.371267389690073	44236	9.059739105769712e-05	114363647	73.05176972888945	69.259116	104.837904	109.184063	114350098	77.89243460027467	72.80246	106.536682	109.779485	488270131	28.599596930904628	9.874039	103.872282	113.531214	118.94	3.4637041130005146	0.23413834421094254	0.6029272800223776	36.851449321418436	8.362958160845512	51.25088097669419	48	1642623.6781609196	60	58	275	2026-09-10T16:38:15.926148+00:00	2026-09-10T16:43:20.629570+00:00	20d67c38612cee9a34d9ef7114c81bc8366b2d4cf99c598b642e63f21ab74266	/home/smrc/virtual_compaction/vcomp/experiments/results/ycsb_band_n03_260910/results.json	/home/smrc/virtual_compaction/vcomp/experiments/artifacts/log_runs/ycsb_band_n03_260910/full/workloadc/baseline/raw
baseline	n04	C	1635289.0	490623562	300.023	304.56580090522766	67.69905222130878	378981.60481884493	2993.8306628112928	0.005951094950952813	67.94996193083365	98.54490019039348	False			5399.82	1197.38	11.006034805968001	2.4405268982984554	180543042	0.36798689664235895	43628	8.892357273293777e-05	114966605	73.09319664610432	69.289703	104.902695	109.23991	114953096	77.92385329056296	72.777285	106.536513	109.785014	490623562	28.45601294419692	9.770091	103.845411	111.958387	117.65	3.3177394505158317	0.23424448783403518	0.6029259454930133	36.78976008858094	8.233211355647105	51.440146429716414	48	1650843.490421456	60	58	275	2026-09-10T21:59:07.112666+00:00	2026-09-10T22:04:11.678469+00:00	20d67c38612cee9a34d9ef7114c81bc8366b2d4cf99c598b642e63f21ab74266	/home/smrc/virtual_compaction/vcomp/experiments/results/ycsb_band_n04_260910/results.json	/home/smrc/virtual_compaction/vcomp/experiments/artifacts/log_runs/ycsb_band_n04_260910/full/workloadc/baseline/raw
baseline	r01	C	1599628.0	479933669	300.028	304.46877670288086	67.7115358588845	371351.9107751918	2934.1164546669825	0.005876013032843351	68.68426966014684	98.57189574948313	False			5490.95	1242.32	11.441060202008874	2.5885243737713264	186229655	0.38803206990672706	43621	9.088964333527515e-05	112615088	73.09216121200384	69.279615	104.924132	109.270714	112601591	77.89750482300023	72.701731	106.549983	109.817282	479933669	29.1031650709215	10.47292	103.934858	116.626349	122.33	3.6460333917518923	0.23456245992193558	0.6029208111256724	37.39996761344311	8.534635584057611	50.57549780188619	48	1617401.8735632184	60	58	275	2026-09-10T17:46:23.775950+00:00	2026-09-10T17:51:28.244729+00:00	20d67c38612cee9a34d9ef7114c81bc8366b2d4cf99c598b642e63f21ab74266	/home/smrc/virtual_compaction/vcomp/experiments/results/ycsb_band_r01_260910/results.json	/home/smrc/virtual_compaction/vcomp/experiments/artifacts/log_runs/ycsb_band_r01_260910/full/workloadc/baseline/raw
baseline	r02	C	1595775.0	478767704	300.022	304.579621553421	67.6760731545223	370429.17521719786	2926.9687404009014	0.00589952469845341	67.71574151932207	98.54635956976317	False			5491.21	1261.98	11.469466202757904	2.635892081810096	186283892	0.38909034682924226	43825	9.153708496594833e-05	112377664	73.13100232266797	69.350412	104.89507	109.194669	112364142	77.96042980508854	72.867457	106.505878	109.73082	478767704	29.18313723391835	10.53664	103.931884	116.414798	122.28	3.6740854287030187	0.23463754146624727	0.6029200102436316	37.359259144092064	8.662541377740967	50.41886570573253	48	1611005.103448276	60	58	275	2026-09-10T18:28:46.615294+00:00	2026-09-10T18:33:51.194917+00:00	20d67c38612cee9a34d9ef7114c81bc8366b2d4cf99c598b642e63f21ab74266	/home/smrc/virtual_compaction/vcomp/experiments/results/ycsb_band_r02_260910/results.json	/home/smrc/virtual_compaction/vcomp/experiments/artifacts/log_runs/ycsb_band_r02_260910/full/workloadc/baseline/raw
baseline	run3	C	1511066.0	453369970	300.033	304.50946068763733	67.62033848420768	350447.89005576033	2770.763846818484	0.005862399959491554	67.66476371857168	98.56109898523313	False			5487.21	1570.09	12.103161574640685	3.4631539446690747	220379324	0.48609157770198147	61502	0.00013565521333492822	106291096	72.97092944643265	69.181137	104.791547	109.179261	106277635	77.84892071600953	72.775416	106.52291	109.770389	453369970	30.85506432638227	12.398939	104.436741	134.043602	138.88	4.025320327237377	0.23435728881646042	0.6029204603030942	37.232648413496214	10.724944485145873	47.86438189676225	48	1526202.2567049807	60	58	275	2026-09-10T19:10:28.561091+00:00	2026-09-10T19:15:33.070554+00:00	20d67c38612cee9a34d9ef7114c81bc8366b2d4cf99c598b642e63f21ab74266	/home/smrc/virtual_compaction/vcomp/experiments/results/ycsb_band_run3_260910/results.json	/home/smrc/virtual_compaction/vcomp/experiments/artifacts/log_runs/ycsb_band_run3_260910/full/workloadc/baseline/raw
f2load	f01	C	1143040.0	342940990	300.025	304.07096552848816	68.36248463614893	266701.57033589634	2115.8232096636143	0.005010138002989537	68.52623321659308	98.72300680805242	False			4376.31	4145.35	12.761116715735847	12.087648081963025	245636685	0.7162651656193096	121483	0.0003542387860955321	80763930	74.00760476861392	69.631979	106.256615	131.930708	80750656	78.94230720552908	73.354926	108.086032	148.306967	342940990	41.04255626018925	22.053214	128.633851	165.852803	166.39	4.246834066117322	0.23538736212314545	0.6189993182208986	29.89619283423291	28.261270965860767	36.85756795658649	48	1147811.3754789273	60	58	270	2026-09-11T02:53:49.538048+00:00	2026-09-11T02:58:53.609014+00:00	20d67c38612cee9a34d9ef7114c81bc8366b2d4cf99c598b642e63f21ab74266	/home/smrc/virtual_compaction/vcomp/experiments/results/ycsb_f2band_f01_260911/results.json	/home/smrc/virtual_compaction/vcomp/experiments/artifacts/log_runs/ycsb_f2band_f01_260911/full/workloadc/f2load/raw
f2load	f02	C	1510456.0	453174009	300.025	304.3985047340393	67.6690529766923	351288.7196782684	2777.1839847977303	0.004953416250573944	67.71172193581462	98.62101769786935	False			5570.42	1494.76	12.292011212849587	3.298423939401167	211233173	0.46611934666359034	63643	0.0001404383277417836	106498454	73.33587421841823	69.508461	104.999546	109.223295	106485172	78.2745088489879	73.301749	106.658296	109.806726	453174009	30.836174344676508	12.367134	104.345238	132.092719	137.35	4.120698934435139	0.234917411161592	0.6229199830390096	37.897930290568326	10.245008462638427	47.77647280068978	48	1526690.632183908	60	58	275	2026-09-11T03:25:58.511927+00:00	2026-09-11T03:31:02.910433+00:00	20d67c38612cee9a34d9ef7114c81bc8366b2d4cf99c598b642e63f21ab74266	/home/smrc/virtual_compaction/vcomp/experiments/results/ycsb_f2band_f02_260911/results.json	/home/smrc/virtual_compaction/vcomp/experiments/artifacts/log_runs/ycsb_f2band_f02_260911/full/workloadc/f2load/raw
f2load	f03	C	1547810.0	464385742	300.027	304.2814693450928	67.69864145839396	359316.7215713764	2839.956589937626	0.004929646235863331	67.73937024041673	98.6442354436786	False			5500.43	1427.15	11.844528163829802	3.073199435136835	204463466	0.4402879923044666	56904	0.00012253606184145076	108891088	73.36259440258326	69.550673	105.020476	109.223753	108877873	78.1313793299397	73.0753	106.557199	109.742263	464385742	30.09845251019787	11.578677	104.134405	125.389008	131.26	3.861276587169638	0.2343984927943804	0.6222414080921546	37.44387716742301	9.787680142766556	48.92307997849423	48	1562656.3218390804	60	58	275	2026-09-11T03:58:09.893030+00:00	2026-09-11T04:03:14.174500+00:00	20d67c38612cee9a34d9ef7114c81bc8366b2d4cf99c598b642e63f21ab74266	/home/smrc/virtual_compaction/vcomp/experiments/results/ycsb_f2band_f03_260911/results.json	/home/smrc/virtual_compaction/vcomp/experiments/artifacts/log_runs/ycsb_f2band_f03_260911/full/workloadc/f2load/raw
f2load	f04	C	1644652.0	493448768	300.032	304.2473247051239	67.70444468681889	381330.67599672504	3012.0346249574322	0.004955877595510067	67.74318229931806	98.66989509931966	False			5377.36	1190.2	10.897504155892431	2.4120031848980115	176687819	0.35806720060551456	43790	8.874274866970587e-05	115548255	73.26806066435188	69.448002	104.963229	109.215963	115535033	77.93111079130432	72.836048	106.482249	109.71171	493448768	28.286819455591385	9.625258	103.748002	109.919887	111.67	3.248503279270524	0.23408394648175512	0.6257827600858454	36.715447177446705	8.200678791852237	51.55667148961183	48	1660871.9310344828	60	58	275	2026-09-11T04:30:34.232232+00:00	2026-09-11T04:35:38.479557+00:00	20d67c38612cee9a34d9ef7114c81bc8366b2d4cf99c598b642e63f21ab74266	/home/smrc/virtual_compaction/vcomp/experiments/results/ycsb_f2band_f04_260911/results.json	/home/smrc/virtual_compaction/vcomp/experiments/artifacts/log_runs/ycsb_f2band_f04_260911/full/workloadc/f2load/raw
f2load	f05	C	1544004.0	463246231	300.029	304.24605441093445	67.68881617408594	358636.21374239423	2834.5756743287957	0.004930220057920629	67.72889831573458	98.67336062348076	False			5549.09	1400.31	11.978705121941942	3.0228200604615387	199685707	0.43105738079928385	63066	0.0001361392619727542	108669993	73.36932801679669	69.523994	105.02496	109.243712	108656786	78.22213500774816	73.24152	106.618088	109.774689	463246231	30.135403273254045	11.674136	104.122425	124.931721	130.98	3.951583694590275	0.23449773517963063	0.6184518444576401	37.897461815949576	9.648459347020308	48.47359493256342	48	1560186.0229885057	60	58	275	2026-09-11T05:02:44.170211+00:00	2026-09-11T05:07:48.416266+00:00	20d67c38612cee9a34d9ef7114c81bc8366b2d4cf99c598b642e63f21ab74266	/home/smrc/virtual_compaction/vcomp/experiments/results/ycsb_f2band_f05_260911/results.json	/home/smrc/virtual_compaction/vcomp/experiments/artifacts/log_runs/ycsb_f2band_f05_260911/full/workloadc/f2load/raw
f2load	f06	C	1451516.0	435483685	300.02	304.15937519073486	67.62661636610838	336787.3633214919	2663.726740066567	0.004918782296491162	67.67574477821448	98.69112940950998	False			5397.99	1884.55	12.39538973773495	4.327487033182425	238238450	0.5470663039879439	68559	0.0001574318450070064	102021002	73.19223099769202	69.404572	104.928414	109.201114	102007835	78.0243120148565	72.863553	106.504949	109.730663	435483685	32.1187299037391	13.489101	104.975556	143.142132	146.88	3.853737363318215	0.2341795697811274	0.6693848978521434	36.72748340147097	12.859450703954359	46.22069469752089	48	1464793.2413793104	60	58	270	2026-09-11T21:35:02.535455+00:00	2026-09-11T21:40:06.694831+00:00	20d67c38612cee9a34d9ef7114c81bc8366b2d4cf99c598b642e63f21ab74266	/home/smrc/virtual_compaction/vcomp/experiments/results/ycsb_f2band_f06_260912/results.json	/home/smrc/virtual_compaction/vcomp/experiments/artifacts/log_runs/ycsb_f2band_f06_260912/full/workloadc/f2load/raw
f2load	f07	C	1497025.0	449155374	300.032	304.2096321582794	67.64070815501377	347748.0520569403	2749.4452062864643	0.004917969688815069	67.68010883749989	98.68759222394392	False			5499.59	1618.45	12.24429299603571	3.6033187927525496	221243216	0.4925761302368387	52370	0.00011659662342145326	105358582	73.23774346165744	69.461985	104.948994	109.191646	105345388	78.11236629552306	72.918264	106.508104	109.722026	449155374	31.10811417342632	12.632311	104.408477	133.449777	138.73	3.9179193523353013	0.23448199464268238	0.6502863951038912	37.35444710692633	11.060136153842326	47.773052287084575	48	1511171.7279693487	60	58	275	2026-09-11T22:07:07.385670+00:00	2026-09-11T22:12:11.595303+00:00	20d67c38612cee9a34d9ef7114c81bc8366b2d4cf99c598b642e63f21ab74266	/home/smrc/virtual_compaction/vcomp/experiments/results/ycsb_f2band_f07_260912/results.json	/home/smrc/virtual_compaction/vcomp/experiments/artifacts/log_runs/ycsb_f2band_f07_260912/full/workloadc/f2load/raw
f2load	f08	C	1413181.0	423991216	300.026	304.24494981765747	67.64259999240399	328855.41751790565	2601.8025335323373	0.0049302379576028855	67.67977615073212	98.6631586158652	False			5389.84	2038.78	12.712150149827632	4.808543014721324	240327471	0.5668218159500739	68380	0.00016127692607669495	99645200	73.27314683497048	69.476012	104.963193	109.199946	99632001	78.18976822517095	73.100666	106.6061	109.790866	423991216	33.011919070040356	14.082363	105.524541	148.908799	151.7	4.170999884582515	0.23492337633711732	0.6457209858800471	36.55670213334759	13.89010675649183	45.226184747544956	48	1424519.049808429	60	58	270	2026-09-11T22:39:12.945217+00:00	2026-09-11T22:44:17.190168+00:00	20d67c38612cee9a34d9ef7114c81bc8366b2d4cf99c598b642e63f21ab74266	/home/smrc/virtual_compaction/vcomp/experiments/results/ycsb_f2band_f08_260912/results.json	/home/smrc/virtual_compaction/vcomp/experiments/artifacts/log_runs/ycsb_f2band_f08_260912/full/workloadc/f2load/raw
f2load	f09	C	1311868.0	393600129	300.03	304.01381611824036	67.58877582212969	305047.39614837465	2415.5871742170434	0.004844043829334514	67.63660458053201	98.73829694614291	False			5018.77	2803.24	12.750935861608928	7.122050511319827	266836626	0.6779383601269094	78289	0.00019890491448492387	92360077	73.08010938535705	69.302384	104.859541	109.182601	92346971	77.89008907503853	72.751314	106.509325	109.76086	393600129	35.65261295176049	16.962707	107.161912	156.795939	158.34	4.108470617396571	0.23455434893925048	0.6168585300438253	33.996898954005445	19.039076615593423	42.13456764317641	48	1320932.938697318	60	58	270	2026-09-11T23:11:16.573732+00:00	2026-09-11T23:16:20.587549+00:00	20d67c38612cee9a34d9ef7114c81bc8366b2d4cf99c598b642e63f21ab74266	/home/smrc/virtual_compaction/vcomp/experiments/results/ycsb_f2band_f09_260912/results.json	/home/smrc/virtual_compaction/vcomp/experiments/artifacts/log_runs/ycsb_f2band_f09_260912/full/workloadc/f2load/raw
f2load	f10	C	1636981.0	491140282	300.028	304.351300239563	67.6514729500147	379139.36923933704	2994.903984827835	0.005069696593329775	67.69024591237398	98.63292202427697	False			5405.09	1201.32	11.005185683384854	2.4459814110706564	180193925	0.3668889146421103	37246	7.58357670202258e-05	114925197	73.1144689358244	69.339795	104.879746	109.183378	114912004	77.85228762523366	72.653593	106.448767	109.716428	491140282	28.396167235983302	9.739539	103.758244	109.937996	112.6	3.2447348922603747	0.23391577561540758	0.6647344251026024	36.81221377928255	8.250149931444774	51.75329725560115	48	1653336.5632183908	60	58	275	2026-09-11T23:43:22.267511+00:00	2026-09-11T23:48:26.618812+00:00	20d67c38612cee9a34d9ef7114c81bc8366b2d4cf99c598b642e63f21ab74266	/home/smrc/virtual_compaction/vcomp/experiments/results/ycsb_f2band_f10_260912/results.json	/home/smrc/virtual_compaction/vcomp/experiments/artifacts/log_runs/ycsb_f2band_f10_260912/full/workloadc/f2load/raw
baseline	b01	D	2660567.0	798227074	300.021	304.7847535610199	67.28758013073957	399262.42234304233	3152.9343291366713	130.02317723650833	68.26314653745645	98.47939899929904	False			5242.34	1052.42	6.567479569103165	1.3184468859546603	163632892	0.2049954171311408	47498	5.950437105820342e-05	121205036	72.77661988401208	69.167614	106.144521	130.481862	121192240	77.44486568611984	72.870606	107.587748	143.676989	758311520	17.94684936871327	3.905988	100.002947	109.680015	109.82	1.0692332552194381	0.15179052170310123	0.9206845796039074	35.718744759615184	7.249381018075541	53.54323995642818	48	2695791.049808429	60	58	275	2026-09-10T19:57:34.634348+00:00	2026-09-10T20:02:39.419102+00:00	20d67c38612cee9a34d9ef7114c81bc8366b2d4cf99c598b642e63f21ab74266	/home/smrc/virtual_compaction/vcomp/experiments/results/ycsb_band_b01_260910/results.json	/home/smrc/virtual_compaction/vcomp/experiments/artifacts/log_runs/ycsb_band_b01_260910/full/workloadd/baseline/raw
baseline	b02	D	2675412.0	802696614	300.027	304.8279330730438	66.81268400376591	401141.3447818744	3167.623745909712	130.73617847531884	67.08588566318957	98.46815827766625	False			5270.29	1044.17	6.565730947508395	1.3008277122245344	162880597	0.20291676102672584	45856	5.7127436693036804e-05	121793203	72.28779665150937	69.033016	105.175559	109.445942	121780372	76.88400359788686	72.575275	106.659686	109.91063	762558061	17.841667521235475	3.995399	99.68285	109.205886	109.34	1.054929633744964	0.1516778106155061	0.9207747015082698	35.95580579120822	7.203715210410705	53.22763131383581	48	2711780.61302682	60	58	275	2026-09-10T20:39:22.517087+00:00	2026-09-10T20:44:27.345021+00:00	20d67c38612cee9a34d9ef7114c81bc8366b2d4cf99c598b642e63f21ab74266	/home/smrc/virtual_compaction/vcomp/experiments/results/ycsb_band_b02_260910/results.json	/home/smrc/virtual_compaction/vcomp/experiments/artifacts/log_runs/ycsb_band_b02_260910/full/workloadd/baseline/raw
baseline	b03	D	2674435.0	802390319	300.022	304.8782434463501	66.85021447592689	400837.02798394294	3166.226232726796	131.4938476031486	67.0904043416168	98.44771933428304	False			5277.79	1035.75	6.577584343960661	1.290830628777813	162836957	0.20293983257791523	46687	5.8184899411778674e-05	121716674	72.35356887914962	68.999953	105.206327	109.486722	121703672	76.98103399871123	72.639442	106.709661	109.949626	762266913	17.851071456646054	3.979355	99.681586	109.240902	109.38	1.079094566446176	0.15173748750076832	0.920754655659572	35.96688593370706	7.135712162346838	53.2924573359125	48	2709801.2835249044	60	58	275	2026-09-10T21:21:22.969206+00:00	2026-09-10T21:26:27.847450+00:00	20d67c38612cee9a34d9ef7114c81bc8366b2d4cf99c598b642e63f21ab74266	/home/smrc/virtual_compaction/vcomp/experiments/results/ycsb_band_b03_260910/results.json	/home/smrc/virtual_compaction/vcomp/experiments/artifacts/log_runs/ycsb_band_b03_260910/full/workloadd/baseline/raw
baseline	n01	D	2658994.0	797763397	300.024	304.839067697525	67.0210876542671	399143.42646110867	3151.990648319389	129.92861021852406	68.35491097044515	98.46790551765206	False			5295.32	1032.25	6.63770739534193	1.2939300096767914	163315480	0.20471668744661645	48671	6.100931702686279e-05	121190025	72.43623369167553	69.015521	105.503506	109.813763	121177246	77.05185415750412	72.626932	106.99927	127.205659	757871564	17.96277849923394	4.055418	99.831775	109.448668	109.6	1.1095117325183084	0.1518597073462873	0.9206610989827295	36.07550871417015	7.111498532839863	53.1216967756302	48	2694461.3716475097	60	58	275	2026-09-10T15:19:30.530413+00:00	2026-09-10T15:24:35.369482+00:00	20d67c38612cee9a34d9ef7114c81bc8366b2d4cf99c598b642e63f21ab74266	/home/smrc/virtual_compaction/vcomp/experiments/results/ycsb_band_n01_260910/results.json	/home/smrc/virtual_compaction/vcomp/experiments/artifacts/log_runs/ycsb_band_n01_260910/full/workloadd/baseline/raw
baseline	n02	D	2684119.0	805314184	300.029	304.88743329048157	66.71812618014175	402786.7979819223	3181.454139484313	131.94022965985548	66.8248387244707	98.4473758658932	False			5270.03	1030.1	6.54406702962033	1.2791280974134684	160509977	0.1993134855799336	47128	5.852125907669347e-05	122316511	72.11469832555966	68.923784	105.104915	109.411542	122303571	76.7204401169938	72.537659	106.673357	109.930706	765045243	17.781604291342546	4.007546	99.686876	109.248914	109.38	1.0553533132680364	0.1519293121006298	0.9208372321060233	35.94315471077453	7.102915208029989	53.36096646004016	48	2719811.325670498	60	58	275	2026-09-10T16:01:25.245658+00:00	2026-09-10T16:06:30.133092+00:00	20d67c38612cee9a34d9ef7114c81bc8366b2d4cf99c598b642e63f21ab74266	/home/smrc/virtual_compaction/vcomp/experiments/results/ycsb_band_n02_260910/results.json	/home/smrc/virtual_compaction/vcomp/experiments/artifacts/log_runs/ycsb_band_n02_260910/full/workloadd/baseline/raw
baseline	n03	D	2693518.0	808139703	300.031	304.8768081665039	66.8268828964797	403725.60228581936	3190.164223335496	134.1228207744422	67.09233789286728	98.44471233452408	False			5261.53	1006.76	6.510668861420857	1.2457747048717887	158829762	0.1965375063375645	46697	5.778332610890174e-05	122596420	72.24213554523044	68.933676	105.152452	109.46342	122583228	76.88973381415605	72.590435	106.729495	109.982234	767729093	17.732213899571473	3.993333	99.654747	109.194729	109.32	1.010052396177723	0.15186008253822916	0.9208976023525528	35.88289245197888	6.944787590704996	53.63837100199412	48	2727308.8812260535	60	58	275	2026-09-10T16:43:22.286019+00:00	2026-09-10T16:48:27.162828+00:00	20d67c38612cee9a34d9ef7114c81bc8366b2d4cf99c598b642e63f21ab74266	/home/smrc/virtual_compaction/vcomp/experiments/results/ycsb_band_n03_260910/results.json	/home/smrc/virtual_compaction/vcomp/experiments/artifacts/log_runs/ycsb_band_n03_260910/full/workloadd/baseline/raw
baseline	n04	D	2703271.0	811072452	300.034	304.8252627849579	66.75570797309483	405270.451901981	3199.8907638336436	132.10314208244523	67.24037222447481	98.46669271977453	False			5241.47	1007.65	6.462394311476381	1.2423674327925516	158579243	0.19551797451505604	44868	5.531934895503022e-05	123044868	72.22835335968665	68.932362	105.163238	109.484672	123032031	76.815572929947	72.447384	106.660027	109.937702	770515555	17.658599432168504	3.709923	99.624003	109.131624	109.25	0.9909158342689136	0.1516546958248805	0.9209637059176566	35.79286900951272	6.958383674055289	53.642721488035384	48	2738730.846743295	60	58	275	2026-09-10T22:04:13.309430+00:00	2026-09-10T22:09:18.134694+00:00	20d67c38612cee9a34d9ef7114c81bc8366b2d4cf99c598b642e63f21ab74266	/home/smrc/virtual_compaction/vcomp/experiments/results/ycsb_band_n04_260910/results.json	/home/smrc/virtual_compaction/vcomp/experiments/artifacts/log_runs/ycsb_band_n04_260910/full/workloadd/baseline/raw
baseline	r01	D	2666014.0	799877256	300.027	304.81994581222534	66.84155713820265	399879.16694627056	3158.242848896568	130.66890414640488	67.70807324920281	98.4690452335034	False			5286.4	1048.83	6.609014021021245	1.3112386833511864	163375255	0.20425040688992913	47407	5.926784346522287e-05	121407361	72.2859750653834	68.966923	105.259015	109.558882	121394498	76.98989449258235	72.66017	106.785288	112.35949	759879302	17.905426625240544	4.045246	99.727195	109.303519	109.45	1.1096399912206056	0.15177559192906967	0.9207248140047378	36.02151446506858	7.22506790186068	53.269784517248766	48	2702938.2796934866	60	58	275	2026-09-10T17:51:29.893002+00:00	2026-09-10T17:56:34.712949+00:00	20d67c38612cee9a34d9ef7114c81bc8366b2d4cf99c598b642e63f21ab74266	/home/smrc/virtual_compaction/vcomp/experiments/results/ycsb_band_r01_260910/results.json	/home/smrc/virtual_compaction/vcomp/experiments/artifacts/log_runs/ycsb_band_r01_260910/full/workloadd/baseline/raw
baseline	r02	D	2658741.0	797699700	300.029	304.84551215171814	66.84668100279303	398495.5630232175	3147.0551682380833	130.29332679738496	67.05197891680587	98.46074464791194	False			5297.58	1059.2	6.641070568285283	1.3278179746087406	162850889	0.20415062084140184	49588	6.216374407562144e-05	120996274	72.36379022712715	69.018379	105.212266	109.47981	120983440	76.99460604691022	72.735022	106.769447	109.995407	757810635	17.96415409767903	4.062455	99.768692	109.357825	109.51	1.1236573857267125	0.15162905414155226	0.9206536432416259	36.137706770439635	7.303018156277981	52.92717411442971	48	2696586.478927203	60	58	275	2026-09-10T18:33:52.833351+00:00	2026-09-10T18:38:57.678864+00:00	20d67c38612cee9a34d9ef7114c81bc8366b2d4cf99c598b642e63f21ab74266	/home/smrc/virtual_compaction/vcomp/experiments/results/ycsb_band_r02_260910/results.json	/home/smrc/virtual_compaction/vcomp/experiments/artifacts/log_runs/ycsb_band_r02_260910/full/workloadd/baseline/raw
baseline	run3	D	2624828.0	787546034	300.037	304.81724286079407	66.83884894544593	393449.7467217448	3107.9654423089746	128.64917979446042	67.03691853170868	98.47275458132498	False			5291.3	1149.71	6.7187183625636795	1.4598638687322754	170394778	0.21636167365932035	54011	6.858138784049797e-05	119454077	72.26778582031989	68.949604	105.144879	109.453474	119441205	76.89364855285912	72.569685	106.709645	109.966352	748164895	18.201018095081835	4.030505	100.003224	109.674806	109.88	1.1760335788008338	0.15167129646163643	0.9204273838590088	36.085952586152175	7.920104267020618	52.28655375774562	48	2663477.0766283525	60	58	275	2026-09-10T19:15:34.704761+00:00	2026-09-10T19:20:39.522004+00:00	20d67c38612cee9a34d9ef7114c81bc8366b2d4cf99c598b642e63f21ab74266	/home/smrc/virtual_compaction/vcomp/experiments/results/ycsb_band_run3_260910/results.json	/home/smrc/virtual_compaction/vcomp/experiments/artifacts/log_runs/ycsb_band_run3_260910/full/workloadd/baseline/raw
f2load	f01	D	2643045.0	792991361	300.029	304.66102409362793	67.3325455942821	395733.12785474106	3125.2729689132707	129.6112369640193	67.6424927921934	98.54285703677384	False			5271.99	1082.2	6.6482313166082525	1.3647059138643	163752641	0.20649990536277735	52108	6.571067802591106e-05	120074909	72.97079469783317	69.294047	106.440807	136.853492	120062276	77.64474285828132	73.249715	107.864852	147.062937	753338235	18.070256076939994	3.724234	100.12447	109.886784	111.95	1.1378056325522892	0.15136894410631543	0.9199413726823517	35.990830738735966	7.469127404657798	52.855701852390965	48	2677227.7088122605	60	58	275	2026-09-11T02:58:55.171830+00:00	2026-09-11T03:03:59.832855+00:00	20d67c38612cee9a34d9ef7114c81bc8366b2d4cf99c598b642e63f21ab74266	/home/smrc/virtual_compaction/vcomp/experiments/results/ycsb_f2band_f01_260911/results.json	/home/smrc/virtual_compaction/vcomp/experiments/artifacts/log_runs/ycsb_f2band_f01_260911/full/workloadd/f2load/raw
f2load	f02	D	2649383.0	794879160	300.024	304.69302892684937	66.91179317186977	397598.8896978822	3139.803626992164	129.51398314391378	67.11522395076175	98.528483048069	False			5282.9	1082.37	6.646167450156827	1.361678673271545	163548662	0.2057528618563858	52062	6.549674795851988e-05	120655462	72.49101219304933	69.047654	105.2508	109.511094	120642837	77.09184234452312	72.861789	106.809397	111.319079	755131929	18.03151411970027	3.727227	99.858399	109.498617	109.67	1.144621044093078	0.15173966317094034	0.919836578649027	36.07769917482173	7.478781785016489	52.67567737172648	48	2682405.5670498083	60	58	275	2026-09-11T03:31:04.472653+00:00	2026-09-11T03:36:09.165683+00:00	20d67c38612cee9a34d9ef7114c81bc8366b2d4cf99c598b642e63f21ab74266	/home/smrc/virtual_compaction/vcomp/experiments/results/ycsb_f2band_f02_260911/results.json	/home/smrc/virtual_compaction/vcomp/experiments/artifacts/log_runs/ycsb_f2band_f02_260911/full/workloadd/f2load/raw
f2load	f03	D	2646143.0	793906341	300.024	304.64547061920166	66.77472323596649	395921.97039675154	3126.685956983706	129.37439752063656	66.98371335170111	98.54509265479304	False			5296.47	1113.15	6.671404076869566	1.4021175326523811	165424295	0.2083675195132369	114970	0.0001448155708835685	120127407	72.55035762987875	69.158313	105.297752	109.502704	120114861	77.18279449201543	73.104673	106.818489	109.976853	754207876	18.049515702750366	3.836359	99.832482	109.454569	109.64	1.0841882312482367	0.15126070267777342	0.9199692922330843	36.24575703998133	7.752036938171441	52.39527567162716	48	2681055.0459770113	60	58	275	2026-09-11T04:03:15.742339+00:00	2026-09-11T04:08:20.387810+00:00	20d67c38612cee9a34d9ef7114c81bc8366b2d4cf99c598b642e63f21ab74266	/home/smrc/virtual_compaction/vcomp/experiments/results/ycsb_f2band_f03_260911/results.json	/home/smrc/virtual_compaction/vcomp/experiments/artifacts/log_runs/ycsb_f2band_f03_260911/full/workloadd/f2load/raw
f2load	f04	D	2699250.0	809853130	300.029	304.5982940196991	66.98424805238173	404267.6909806865	3191.9193333724716	131.9915032621617	67.25173740622891	98.56421034531145	False			5220.7	1021.38	6.446477523646788	1.2611916434773796	160232445	0.1978537083631448	46850	5.7849995591175895e-05	122639695	72.53545090763639	69.026361	105.271925	109.545437	122627143	77.10895627732272	72.748876	106.76364	109.986323	769357211	17.678881851670848	3.475312	99.601288	109.160259	109.29	0.9745547897386251	0.1513843824990835	0.9203870125290864	35.6325435568062	7.059433731569004	53.70846837476013	48	2732905.877394636	60	58	275	2026-09-11T04:35:40.029443+00:00	2026-09-11T04:40:44.627737+00:00	20d67c38612cee9a34d9ef7114c81bc8366b2d4cf99c598b642e63f21ab74266	/home/smrc/virtual_compaction/vcomp/experiments/results/ycsb_f2band_f04_260911/results.json	/home/smrc/virtual_compaction/vcomp/experiments/artifacts/log_runs/ycsb_f2band_f04_260911/full/workloadd/f2load/raw
f2load	f05	D	2653919.0	796242383	300.025	304.60911202430725	67.01736991370556	397665.7500328941	3142.8264885953463	132.5324432203082	67.3154443104894	98.5457568369642	False			5276.01	1080.5	6.626135599717253	1.3569988524461654	162911635	0.20460055691358495	73185	9.191296715990061e-05	120641852	72.65523321044508	69.321936	105.385026	109.534075	120628935	77.30074889577695	73.318997	106.871412	109.99808	756426626	17.992581174687523	3.773896	99.823571	109.408632	109.58	1.1082789515661498	0.15167047444144907	0.9197467898228109	36.06805378371361	7.51718843492103	52.662372850740034	48	2686715.421455939	60	58	275	2026-09-11T05:07:50.381283+00:00	2026-09-11T05:12:54.990395+00:00	20d67c38612cee9a34d9ef7114c81bc8366b2d4cf99c598b642e63f21ab74266	/home/smrc/virtual_compaction/vcomp/experiments/results/ycsb_f2band_f05_260911/results.json	/home/smrc/virtual_compaction/vcomp/experiments/artifacts/log_runs/ycsb_f2band_f05_260911/full/workloadd/f2load/raw
f2load	f06	D	2659436.0	797897972	300.025	304.5988965034485	66.74206110722685	397476.2232883838	3138.8104750419734	130.04970322767247	66.95241114480163	98.56291399391127	False			5271.59	1109.72	6.606847222316289	1.390804387205536	168322163	0.21095700065271003	49155	6.160562092517764e-05	120582026	72.34242824880053	69.045455	105.196333	109.453351	120569517	76.95510093152318	72.676631	106.71239	109.945578	757999202	17.95205428065873	3.714412	99.784899	109.409059	109.59	1.0817732087797105	0.15107402228113445	0.919860810090932	35.968265289189084	7.648884447943846	52.945135105552865	48	2695372.570881226	60	58	275	2026-09-11T21:40:08.414534+00:00	2026-09-11T21:45:13.013431+00:00	20d67c38612cee9a34d9ef7114c81bc8366b2d4cf99c598b642e63f21ab74266	/home/smrc/virtual_compaction/vcomp/experiments/results/ycsb_f2band_f06_260912/results.json	/home/smrc/virtual_compaction/vcomp/experiments/artifacts/log_runs/ycsb_f2band_f06_260912/full/workloadd/f2load/raw
f2load	f07	D	2644866.0	793518750	300.022	304.69571685791016	66.74619545472392	395398.698880241	3122.4953177219254	129.2890004944528	66.89440805481003	98.52613168363047	False			5260.6	1146.46	6.629458976237172	1.4447799752683852	170047293	0.21429524255097943	50820	6.404385529642495e-05	119987110	72.30976554064848	69.027504	105.173194	109.434166	119974572	76.9304936799441	72.746991	106.733343	109.953874	753839429	18.065332549751787	3.8884	99.915984	109.598856	109.8	1.1111431530069251	0.15115788505312572	0.9198789534263005	35.86606040803191	7.890983537720969	52.72946943430367	48	2683321.8812260535	60	58	275	2026-09-11T22:12:13.279631+00:00	2026-09-11T22:17:17.975349+00:00	20d67c38612cee9a34d9ef7114c81bc8366b2d4cf99c598b642e63f21ab74266	/home/smrc/virtual_compaction/vcomp/experiments/results/ycsb_f2band_f07_260912/results.json	/home/smrc/virtual_compaction/vcomp/experiments/artifacts/log_runs/ycsb_f2band_f07_260912/full/workloadd/f2load/raw
f2load	f08	D	2633056.0	789988316	300.027	304.7211208343506	66.7381163348546	394266.8912185778	3116.0987172470395	131.06378131714945	66.92252164105214	98.52172875546519	False			5275.12	1154.09	6.67746584748223	1.460895024174003	170455367	0.21576947854504724	52822	6.686428005347866e-05	119654274	72.33728664803064	69.005433	105.192963	109.465834	119641387	76.95354503036646	72.697898	106.716676	109.9448	750485551	18.148863665464493	3.884745	99.945859	109.627056	109.83	1.1399340291895905	0.15163926044698617	0.9200318621457377	35.90534725362959	7.930815271497284	52.56849786249557	48	2670876.5555555555	60	58	275	2026-09-11T22:44:18.841850+00:00	2026-09-11T22:49:23.562972+00:00	20d67c38612cee9a34d9ef7114c81bc8366b2d4cf99c598b642e63f21ab74266	/home/smrc/virtual_compaction/vcomp/experiments/results/ycsb_f2band_f08_260912/results.json	/home/smrc/virtual_compaction/vcomp/experiments/artifacts/log_runs/ycsb_f2band_f08_260912/full/workloadd/f2load/raw
f2load	f09	D	2611562.0	783541045	300.028	304.64836716651917	66.85628765196078	390404.8595638463	3083.602353140206	128.0865919508478	67.02355538185172	98.54491808481335	False			5300.46	1181.69	6.764750913591259	1.5081405212154522	175549368	0.22404616723046078	51801	6.61114058166538e-05	118454354	72.37978182718383	69.049809	105.205399	109.468559	118441875	77.02490814165176	72.651466	106.7013	109.940095	744360629	18.31582883059765	4.00501	100.117916	109.871046	113.32	1.1790010820145083	0.15112696361681985	0.9194241760467963	36.067596096507714	8.113976209384548	52.22623693960779	48	2647488.0842911876	60	58	275	2026-09-11T23:16:22.232405+00:00	2026-09-11T23:21:26.880773+00:00	20d67c38612cee9a34d9ef7114c81bc8366b2d4cf99c598b642e63f21ab74266	/home/smrc/virtual_compaction/vcomp/experiments/results/ycsb_f2band_f09_260912/results.json	/home/smrc/virtual_compaction/vcomp/experiments/artifacts/log_runs/ycsb_f2band_f09_260912/full/workloadd/f2load/raw
f2load	f10	D	2731411.0	819480067	300.021	304.6562650203705	66.81885467184973	408569.42492772057	3227.169973725999	135.13308391096857	67.02380331047289	98.54117752926187	False			5194.58	989.96	6.3388729136714925	1.208034264486875	157059098	0.19165700829670088	39718	4.8467316777334136e-05	123969060	72.29998251983197	68.991801	105.185598	109.462506	123956358	76.8709821403433	72.588356	106.696809	109.945107	778503190	17.469017791693314	3.375272	99.507241	109.050497	109.16	0.9042785553646864	0.15137532076176785	0.9202171477293497	35.41006365642147	6.8236698821067865	54.48791147519286	48	2764561.643678161	60	58	275	2026-09-11T23:48:28.294390+00:00	2026-09-11T23:53:32.950656+00:00	20d67c38612cee9a34d9ef7114c81bc8366b2d4cf99c598b642e63f21ab74266	/home/smrc/virtual_compaction/vcomp/experiments/results/ycsb_f2band_f10_260912/results.json	/home/smrc/virtual_compaction/vcomp/experiments/artifacts/log_runs/ycsb_f2band_f10_260912/full/workloadd/f2load/raw
baseline	b01	E	105414.0	31627456	300.03	304.6965079307556	73.13522980401895	467257.1371653361	6340.013983792556	5.163949894554008	75.78685190161697	98.5230385813079	False			3372.12	873.76	106.62002027605382	27.62662921734837	154177720	4.874806244296095	18914	0.0005980247035993031	140995398	77.69920599110618	75.184521	109.039245	154.385393	284642290	42.26332038362957	19.714263	106.951375	145.867198	0							8.999353188571348		22.792071759340786	5.977456161235924	67.5287433239835	48	106351.11111111111	60	59	295	2026-09-10T20:02:41.098002+00:00	2026-09-10T20:07:45.794511+00:00	20d67c38612cee9a34d9ef7114c81bc8366b2d4cf99c598b642e63f21ab74266	/home/smrc/virtual_compaction/vcomp/experiments/results/ycsb_band_b01_260910/results.json	/home/smrc/virtual_compaction/vcomp/experiments/artifacts/log_runs/ycsb_band_b01_260910/full/workloade/baseline/raw
baseline	b02	E	107067.0	32122695	300.023	304.5214433670044	71.53039780265432	475900.01018530113	6450.045790499735	5.248488664963346	71.59958882720444	98.5786186151353	False			3412.21	880.78	106.2242753915884	27.419243621993733	157396028	4.899838821120084	18891	0.0005880888885568288	143525363	76.06632292579535	74.568449	106.752722	109.684131	289369294	41.47212164121325	21.532106	105.016921	109.566211	0							9.007758066376436		23.12224003947206	6.038238559269766	67.04682020828561	48	107998.11877394636	60	59	295	2026-09-10T20:44:29.068456+00:00	2026-09-10T20:49:33.589900+00:00	20d67c38612cee9a34d9ef7114c81bc8366b2d4cf99c598b642e63f21ab74266	/home/smrc/virtual_compaction/vcomp/experiments/results/ycsb_band_b02_260910/results.json	/home/smrc/virtual_compaction/vcomp/experiments/artifacts/log_runs/ycsb_band_b02_260910/full/workloade/baseline/raw
baseline	b03	E	106714.0	32016641	300.022	304.68252205848694	71.6143475506644	473462.71464927885	6422.008383408013	5.227431558887593	71.6885693891897	98.52794224186336	False			3425.15	901.66	106.98030439857823	28.162229760454885	157153159	4.908483653859879	19836	0.000619552813176123	142860545	76.20107870231071	74.66656	106.791638	109.711459	288281958	41.60132931732065	20.975095	105.116273	109.626209	0							9.003630049760686		23.205588757669503	6.177659764086906	66.99520438263208	48	107705.45593869731	60	59	295	2026-09-10T21:26:29.585719+00:00	2026-09-10T21:31:34.268242+00:00	20d67c38612cee9a34d9ef7114c81bc8366b2d4cf99c598b642e63f21ab74266	/home/smrc/virtual_compaction/vcomp/experiments/results/ycsb_band_b03_260910/results.json	/home/smrc/virtual_compaction/vcomp/experiments/artifacts/log_runs/ycsb_band_b03_260910/full/workloade/baseline/raw
baseline	n01	E	106037.0	31813670	300.023	304.5908513069153	72.04415418243111	470579.13717694714	6382.414475853346	5.196135424649464	74.94000452747345	98.55073284081175	False			3427.46	902.06	107.73544831514252	28.35447780781029	156188146	4.909466465201908	20503	0.0006444713860425408	141951563	76.68023912494715	74.954325	107.37355	128.215937	286424626	41.80758057793536	20.893658	105.613015	117.93728	0							9.002694282049195		23.221791243854327	6.178805734033239	66.60075094573197	48	107012.92720306513	60	59	295	2026-09-10T15:24:37.092366+00:00	2026-09-10T15:29:41.683218+00:00	20d67c38612cee9a34d9ef7114c81bc8366b2d4cf99c598b642e63f21ab74266	/home/smrc/virtual_compaction/vcomp/experiments/results/ycsb_band_n01_260910/results.json	/home/smrc/virtual_compaction/vcomp/experiments/artifacts/log_runs/ycsb_band_n01_260910/full/workloade/baseline/raw
baseline	n02	E	107057.0	32120692	300.031	304.6403317451477	71.54523054479606	475382.2193220045	6445.621350639749	5.245350487068106	71.60833880358162	98.54395950843168	False			3402.51	895.41	105.92891336214052	27.8764230857791	157605369	4.906661693340853	19345	0.0006022597520626268	143423192	76.09462167736443	74.588948	106.764647	109.693975	289298587	41.545706277507676	21.339289	105.085944	109.602452	0							9.00611895285444		23.059066470027282	6.138078596592054	66.83597937258514	48	108050.91187739464	60	59	295	2026-09-10T16:06:31.794780+00:00	2026-09-10T16:11:36.435113+00:00	20d67c38612cee9a34d9ef7114c81bc8366b2d4cf99c598b642e63f21ab74266	/home/smrc/virtual_compaction/vcomp/experiments/results/ycsb_band_n02_260910/results.json	/home/smrc/virtual_compaction/vcomp/experiments/artifacts/log_runs/ycsb_band_n02_260910/full/workloade/baseline/raw
baseline	n03	E	106797.0	32042260	300.028	304.71721029281616	71.54330682627393	473650.96924229304	6426.584762268407	7.379844488727966	71.58031709247396	98.51155999062117	False			3429.74	906.9	107.03801791758758	28.303247024398402	156435881	4.882173760527503	20024	0.0006249247088064325	142931175	76.16292288228932	74.722075	106.779117	109.689223	288452972	41.571308587522545	20.822523	105.12129	109.61236	0							9.00673922501097		23.267665771840456	6.221578698908594	66.73818230498779	48	107743.7816091954	60	59	295	2026-09-10T16:48:28.848375+00:00	2026-09-10T16:53:33.565587+00:00	20d67c38612cee9a34d9ef7114c81bc8366b2d4cf99c598b642e63f21ab74266	/home/smrc/virtual_compaction/vcomp/experiments/results/ycsb_band_n03_260910/results.json	/home/smrc/virtual_compaction/vcomp/experiments/artifacts/log_runs/ycsb_band_n03_260910/full/workloade/baseline/raw
baseline	n04	E	106682.0	32007520	300.026	304.6471915245056	71.6469216121424	474918.95879946696	6431.640396186415	5.22687097337614	72.2879283534323	98.5379710175911	False			3392.33	904.3	105.98540592960654	28.252735607132323	156893637	4.901774239303764	20276	0.0006334761331087195	143289924	76.24842188484935	74.712079	106.870971	109.791296	288621654	41.68558139785312	24.796844	105.189445	109.690093	0							9.016811299344655		22.98181136902129	6.198178883044511	66.7736309927961	48	107595.20689655172	60	59	295	2026-09-10T22:09:19.860400+00:00	2026-09-10T22:14:24.507593+00:00	20d67c38612cee9a34d9ef7114c81bc8366b2d4cf99c598b642e63f21ab74266	/home/smrc/virtual_compaction/vcomp/experiments/results/ycsb_band_n04_260910/results.json	/home/smrc/virtual_compaction/vcomp/experiments/artifacts/log_runs/ycsb_band_n04_260910/full/workloade/baseline/raw
baseline	r01	E	106573.0	31974851	300.028	304.64517307281494	71.79306760731396	472087.7752611723	6406.888603593541	5.221545885513812	74.59168595099433	98.53879330876642	False			3424.3	907.12	107.09354048280007	28.369795999987616	156692620	4.900495705202817	20272	0.0006339982631975361	142425671	76.40483649889211	74.805427	107.026908	109.947705	287612650	41.59999565735374	19.464828	105.292223	109.839994	0							8.99446236668937		23.18064732103529	6.207586729390208	66.80874605775499	48	107467.21072796934	60	59	295	2026-09-10T17:56:36.388942+00:00	2026-09-10T18:01:41.034117+00:00	20d67c38612cee9a34d9ef7114c81bc8366b2d4cf99c598b642e63f21ab74266	/home/smrc/virtual_compaction/vcomp/experiments/results/ycsb_band_r01_260910/results.json	/home/smrc/virtual_compaction/vcomp/experiments/artifacts/log_runs/ycsb_band_r01_260910/full/workloade/baseline/raw
baseline	r02	E	106856.0	32059713	300.025	304.64472341537476	71.5637312298225	474088.33273332514	6430.600221196482	5.235722248421198	71.62647307145492	98.53775281275037	False			3417.74	901.16	106.60544590651826	28.108798104337367	157511911	4.913079259318385	18813	0.0005868112418847916	143036042	76.13204527149877	74.626618	106.771876	109.696012	288691794	41.540644830382675	20.132925	105.076785	109.591848	0							9.004324212135025		23.142027335333434	6.173631084324106	67.0673209033991	48	107800.36015325671	60	59	295	2026-09-10T18:38:59.370740+00:00	2026-09-10T18:44:04.015464+00:00	20d67c38612cee9a34d9ef7114c81bc8366b2d4cf99c598b642e63f21ab74266	/home/smrc/virtual_compaction/vcomp/experiments/results/ycsb_band_r02_260910/results.json	/home/smrc/virtual_compaction/vcomp/experiments/artifacts/log_runs/ycsb_band_r02_260910/full/workloade/baseline/raw
baseline	run3	E	106557.0	31969538	300.022	304.63919830322266	71.52594814652642	472383.40568623296	6407.792946943788	5.220866118374285	71.59218560480758	98.5364903352862	False			3442.99	920.97	107.69595732037166	28.807735663868524	156483211	4.894759849203951	20002	0.0006256580873955701	142516321	76.16564226352713	74.711866	106.776819	109.688268	287668478	41.52567326128795	20.4279	105.094345	109.598946	0							8.997716857841361		23.341206755212706	6.3124825103598585	66.73137392973976	48	107454.03831417624	60	59	295	2026-09-10T19:20:41.242217+00:00	2026-09-10T19:25:45.881418+00:00	20d67c38612cee9a34d9ef7114c81bc8366b2d4cf99c598b642e63f21ab74266	/home/smrc/virtual_compaction/vcomp/experiments/results/ycsb_band_run3_260910/results.json	/home/smrc/virtual_compaction/vcomp/experiments/artifacts/log_runs/ycsb_band_run3_260910/full/workloade/baseline/raw
f2load	f01	E	103732.0	31122429	300.026	304.5223753452301	73.35061712706391	463174.39183277835	6257.316393917807	5.08410147035933	73.75609254690059	98.598104649023	False			3378.36	926.6	108.55065329251775	29.772740424598606	153600343	4.935358451617	20727	0.0006659827226210397	139688238	78.10529139897949	75.75196	109.194958	155.291672	280562696	42.69418399800378	34.397106	107.342014	148.441092	0							9.014358647906306		22.935370573428308	6.368371946183488	66.52668979961157	48	104712.22222222222	60	59	295	2026-09-11T03:04:01.434824+00:00	2026-09-11T03:09:05.957200+00:00	20d67c38612cee9a34d9ef7114c81bc8366b2d4cf99c598b642e63f21ab74266	/home/smrc/virtual_compaction/vcomp/experiments/results/ycsb_f2band_f01_260911/results.json	/home/smrc/virtual_compaction/vcomp/experiments/artifacts/log_runs/ycsb_f2band_f01_260911/full/workloade/f2load/raw
f2load	f02	E	105622.0	31689781	300.027	304.5051021575928	71.51118208359722	473273.06497943535	6387.043918662972	5.176868306410718	71.59578180176682	98.60365529603845	False			3445.89	906.59	108.73820806776797	28.60827596126335	156576112	4.940902305383555	22065	0.0006962812396841745	142727992	76.14853239860615	74.612728	106.762859	109.688301	286259990	41.751401734486194	40.516812	105.103614	109.617705	0							9.032744467372622		23.444893102262025	6.226631099882134	66.05016946858487	48	106638.52873563218	60	59	295	2026-09-11T03:36:10.813144+00:00	2026-09-11T03:41:15.318247+00:00	20d67c38612cee9a34d9ef7114c81bc8366b2d4cf99c598b642e63f21ab74266	/home/smrc/virtual_compaction/vcomp/experiments/results/ycsb_f2band_f02_260911/results.json	/home/smrc/virtual_compaction/vcomp/experiments/artifacts/log_runs/ycsb_f2band_f02_260911/full/workloade/f2load/raw
f2load	f03	E	105963.0	31792536	300.034	304.45235896110535	71.53387915174105	471152.7166006466	6379.208699009841	5.194200906001279	71.60117770554896	98.62230547611873	False			3488.01	906.98	109.71160023220544	28.528079672536975	157011513	4.938628142152611	20392	0.0006414084110811418	142059107	76.21490056952139	74.819573	106.784368	109.680207	286136814	41.66144685597848	24.57108	105.117604	109.589788	0							8.999685712394884		23.724810316791242	6.236424114370774	66.25363757896852	48	106884.45210727969	60	59	295	2026-09-11T04:08:21.991416+00:00	2026-09-11T04:13:26.443776+00:00	20d67c38612cee9a34d9ef7114c81bc8366b2d4cf99c598b642e63f21ab74266	/home/smrc/virtual_compaction/vcomp/experiments/results/ycsb_f2band_f03_260911/results.json	/home/smrc/virtual_compaction/vcomp/experiments/artifacts/log_runs/ycsb_f2band_f03_260911/full/workloade/f2load/raw
f2load	f04	E	106747.0	32027543	300.031	304.4600930213928	71.53732973690437	473769.23053710273	6418.1254716613985	5.232443755405616	71.57811802512853	98.61950355410526	False			3434.21	905.17	107.22677040820771	28.26223666298723	156743595	4.8940249646999145	20726	0.0006471305026426786	142850577	76.19682665334982	74.788825	106.784201	109.68465	287974124	41.63388389367928	23.230772	105.136616	109.615752	0							8.991014015655212		23.323337939538096	6.215907559889479	66.45060533148803	48	107679.75095785441	60	59	295	2026-09-11T04:40:46.210900+00:00	2026-09-11T04:45:50.670994+00:00	20d67c38612cee9a34d9ef7114c81bc8366b2d4cf99c598b642e63f21ab74266	/home/smrc/virtual_compaction/vcomp/experiments/results/ycsb_f2band_f04_260911/results.json	/home/smrc/virtual_compaction/vcomp/experiments/artifacts/log_runs/ycsb_f2band_f04_260911/full/workloade/f2load/raw
f2load	f05	E	105864.0	31761800	300.023	304.5415163040161	71.49556515133341	471230.27015055116	6374.82365129965	7.960711619626322	71.56260913194447	98.59474633472534	False			3486.28	910.13	109.76330056860758	28.65486212998004	156280466	4.920390720928915	20145	0.0006342524667997405	142126474	76.19381739534325	74.744094	106.776972	109.683517	285894779	41.7071384538995	29.144267	105.116627	109.60365	0							9.006933076840733		23.693590924239725	6.263788063157167	65.94201315762588	48	106794.36015325671	60	59	295	2026-09-11T05:12:56.630900+00:00	2026-09-11T05:18:01.172417+00:00	20d67c38612cee9a34d9ef7114c81bc8366b2d4cf99c598b642e63f21ab74266	/home/smrc/virtual_compaction/vcomp/experiments/results/ycsb_f2band_f05_260911/results.json	/home/smrc/virtual_compaction/vcomp/experiments/artifacts/log_runs/ycsb_f2band_f05_260911/full/workloade/f2load/raw
f2load	f06	E	107058.0	32119981	300.022	304.48439264297485	71.50583416283641	470511.7518715796	6399.35943316882	5.247369737513748	71.5525585983648	98.60387809987996	False			3499.28	909.3	108.94402459328977	28.3094812540518	156735866	4.879699835438881	18995	0.0005913764394817045	141872558	76.19528667411495	74.825505	106.783771	109.678665	287490790	41.40997122377381	14.124799	105.076749	109.580413	0							8.950092156032097		23.75022648168371	6.239332448321639	66.52858040223147	48	107916.29118773947	60	59	295	2026-09-11T21:45:14.746671+00:00	2026-09-11T21:50:19.231065+00:00	20d67c38612cee9a34d9ef7114c81bc8366b2d4cf99c598b642e63f21ab74266	/home/smrc/virtual_compaction/vcomp/experiments/results/ycsb_f2band_f06_260912/results.json	/home/smrc/virtual_compaction/vcomp/experiments/artifacts/log_runs/ycsb_f2band_f06_260912/full/workloade/f2load/raw
f2load	f07	E	106373.0	31914453	300.023	304.4729166030884	71.58455409820276	472021.91447244876	6392.186592575106	5.213505067904942	71.68709542830611	98.61259533723822	False			3448.02	917.04	108.03945159266868	28.734316705976443	157394531	4.931763392592065	19308	0.000604992352524419	142332459	76.23273572474427	74.719249	106.791153	109.702829	286679704	41.646559862500766	25.432794	105.11674	109.618607	0							8.982314971840502		23.377913452996996	6.287347894135728	66.87744109643124	48	107361.57471264368	60	59	295	2026-09-11T22:17:19.707833+00:00	2026-09-11T22:22:24.180750+00:00	20d67c38612cee9a34d9ef7114c81bc8366b2d4cf99c598b642e63f21ab74266	/home/smrc/virtual_compaction/vcomp/experiments/results/ycsb_f2band_f07_260912/results.json	/home/smrc/virtual_compaction/vcomp/experiments/artifacts/log_runs/ycsb_f2band_f07_260912/full/workloade/f2load/raw
f2load	f08	E	106195.0	31861491	300.026	304.52659940719604	71.54110814046378	472231.4578757346	6395.554274479011	7.567663028405862	71.60665223427435	98.60118600286121	False			3444.27	922.44	108.10134403314647	28.951564131132468	156691515	4.917896497687443	19304	0.0006058724621518811	142417374	76.24296987107766	74.730522	106.790746	109.700657	286630300	41.67047720007271	27.482959	105.121528	109.614643	0							8.999683944483326		23.336005115158027	6.319151740993663	66.82556366489511	48	107125.58237547893	60	59	295	2026-09-11T22:49:25.274769+00:00	2026-09-11T22:54:29.801369+00:00	20d67c38612cee9a34d9ef7114c81bc8366b2d4cf99c598b642e63f21ab74266	/home/smrc/virtual_compaction/vcomp/experiments/results/ycsb_f2band_f08_260912/results.json	/home/smrc/virtual_compaction/vcomp/experiments/artifacts/log_runs/ycsb_f2band_f08_260912/full/workloade/f2load/raw
f2load	f09	E	105954.0	31788840	300.024	304.5155408382416	71.57204252541813	471674.4984660646	6384.543018595079	5.192905124471122	71.68485978238768	98.59968197754577	False			3451.0	923.18	108.56011103267687	29.041009360517716	156894708	4.935527939994036	18680	0.0005876276076761531	142243603	76.22352674095298	74.819004	106.795404	109.692367	285774484	41.823894700829904	32.598179	105.17431	109.615736	0							8.989334558920678		23.38798615674915	6.3246563867084475	67.06572723606014	48	106896.30268199234	60	59	295	2026-09-11T23:21:28.563084+00:00	2026-09-11T23:26:33.078626+00:00	20d67c38612cee9a34d9ef7114c81bc8366b2d4cf99c598b642e63f21ab74266	/home/smrc/virtual_compaction/vcomp/experiments/results/ycsb_f2band_f09_260912/results.json	/home/smrc/virtual_compaction/vcomp/experiments/artifacts/log_runs/ycsb_f2band_f09_260912/full/workloade/f2load/raw
f2load	f10	E	106840.0	32055698	300.032	304.515145778656	71.58383669489339	474579.7770763277	6428.063184348352	6.829594102559646	71.65260086222804	98.60421668871697	False			3414.38	901.68	106.51398075936453	28.128540517196036	156913851	4.895037724650388	17612	0.0005494187024097869	143121202	76.19185006565274	74.801824	106.790219	109.689271	288118469	41.60478017464406	25.705698	105.089426	109.581201	0							8.989977538470695		23.151625892464388	6.181972501381698	67.50273519890818	48	107727.09578544062	60	59	295	2026-09-11T23:53:34.670287+00:00	2026-09-11T23:58:39.185433+00:00	20d67c38612cee9a34d9ef7114c81bc8366b2d4cf99c598b642e63f21ab74266	/home/smrc/virtual_compaction/vcomp/experiments/results/ycsb_f2band_f10_260912/results.json	/home/smrc/virtual_compaction/vcomp/experiments/artifacts/log_runs/ycsb_f2band_f10_260912/full/workloade/f2load/raw
baseline	b01	F	600723.0	180228954	300.02	304.8589916229248	86.57784587317825	263992.71863873745	4558.777041400182	2565.7328662376285	89.37350284469174	98.47332125432823	False			5918.78	2648.16	32.840339294206856	14.69331059869548	222435756	1.2341843586352945	11629187	0.06452452140403589	78475154	92.43196563844909	75.201637	169.991826	489.483789	78089710	95.55202251359366	86.488181	166.865547	425.862547	180228954	71.19398422519835	42.306377	209.012513	362.556147	363.55	6.993566266827471	1.332089520976746	0.8650869659932665	40.13951640931433	18.019533715874513	35.24019945101322	48	599830.2030651341	60	59	295	2026-09-10T20:07:47.464348+00:00	2026-09-10T20:12:52.323341+00:00	20d67c38612cee9a34d9ef7114c81bc8366b2d4cf99c598b642e63f21ab74266	/home/smrc/virtual_compaction/vcomp/experiments/results/ycsb_band_b01_260910/results.json	/home/smrc/virtual_compaction/vcomp/experiments/artifacts/log_runs/ycsb_band_b01_260910/full/workloadf/baseline/raw
baseline	b02	F	603846.0	181167125	300.022	304.83475732803345	85.88509481400563	265384.215727556	4584.094709822619	2580.596102668923	88.49420324554099	98.48546737759492	False			5975.34	2598.44	32.982474055378425	14.342778801617568	223989435	1.2363690984222442	12138623	0.06700234935008215	78863894	91.65822665312469	74.940317	168.167127	484.023427	78476281	94.71244608291262	85.930797	164.949269	415.000942	181167125	70.49096427400943	42.228499	204.702099	358.071401	359.15	7.038727738269292	1.3319995998170198	0.8651765876397277	40.49482419878711	17.673813796079678	35.05490948736003	48	604811.8888888889	60	59	295	2026-09-10T20:49:35.239958+00:00	2026-09-10T20:54:40.074716+00:00	20d67c38612cee9a34d9ef7114c81bc8366b2d4cf99c598b642e63f21ab74266	/home/smrc/virtual_compaction/vcomp/experiments/results/ycsb_band_b02_260910/results.json	/home/smrc/virtual_compaction/vcomp/experiments/artifacts/log_runs/ycsb_band_b02_260910/full/workloadf/baseline/raw
baseline	b03	F	601894.0	180586211	300.03	304.7914490699768	87.3986665092697	264758.65463493706	4558.671004865523	2559.143547801498	88.83486618089604	98.50708154919084	False			5957.33	2544.42	32.98884209935608	14.089780088469768	224177344	1.2413868299169308	11841321	0.0655715679199892	78683530	93.08309407318151	74.935397	180.558908	508.516723	78299191	96.06841852299598	85.912715	169.471752	459.861258	180586211	71.11739984400027	42.148904	206.715992	368.46991	369.33	7.1971737753554175	1.3276508802767892	0.8651213297786065	40.37323577909528	17.309657131667002	35.73765932266405	48	601706.0344827586	60	59	295	2026-09-10T21:31:35.932920+00:00	2026-09-10T21:36:40.724370+00:00	20d67c38612cee9a34d9ef7114c81bc8366b2d4cf99c598b642e63f21ab74266	/home/smrc/virtual_compaction/vcomp/experiments/results/ycsb_band_b03_260910/results.json	/home/smrc/virtual_compaction/vcomp/experiments/artifacts/log_runs/ycsb_band_b03_260910/full/workloadf/baseline/raw
baseline	n01	F	607633.0	182303027	300.021	304.74315667152405	85.90880056871549	267217.2720445186	4625.299631176131	2608.2358406959825	88.73415011899216	98.50613643179798	False			6034.63	2523.42	33.10219308645928	13.841898522068973	217783015	1.1946209483400405	12435790	0.06821493973328265	79376456	91.63791857877857	74.948413	168.247159	480.566993	78984909	94.66561693449567	86.029517	165.062886	408.5777	182303027	69.99957742336335	41.443281	202.512041	356.567133	357.63	7.025809906052739	1.3369825011188652	0.8652883915087158	40.94922549407647	17.187165289877584	35.185508319608	48	607731.551724138	60	59	295	2026-09-10T15:29:43.370427+00:00	2026-09-10T15:34:48.113585+00:00	20d67c38612cee9a34d9ef7114c81bc8366b2d4cf99c598b642e63f21ab74266	/home/smrc/virtual_compaction/vcomp/experiments/results/ycsb_band_n01_260910/results.json	/home/smrc/virtual_compaction/vcomp/experiments/artifacts/log_runs/ycsb_band_n01_260910/full/workloadf/baseline/raw
baseline	n02	F	603694.0	181121530	300.022	304.8391807079315	84.45067513710818	265925.9377739523	4599.248358779036	2590.6705459735613	86.86169496092698	98.48272613339293	False			6019.05	2617.82	33.2321066413253	14.453389389985828	222530763	1.2286267844579273	14097140	0.07783249180812463	79056904	90.45433777674876	74.933926	163.352613	455.880973	78668020	93.65169854281321	86.391219	161.38007	373.995408	181121530	70.10718748345379	42.290736	202.255326	349.1794	350.4	6.953063492782995	1.3371019226703749	0.865172655067567	40.81684654618548	17.818151104473966	34.45488911254548	48	603146.4865900383	60	59	295	2026-09-10T16:11:38.104202+00:00	2026-09-10T16:16:42.943383+00:00	20d67c38612cee9a34d9ef7114c81bc8366b2d4cf99c598b642e63f21ab74266	/home/smrc/virtual_compaction/vcomp/experiments/results/ycsb_band_n02_260910/results.json	/home/smrc/virtual_compaction/vcomp/experiments/artifacts/log_runs/ycsb_band_n02_260910/full/workloadf/baseline/raw
baseline	n03	F	607068.0	182141082	300.034	304.7907452583313	86.78165100492576	267125.58785534353	4627.834790876723	2610.7118183881253	89.42193695464671	98.49977344093286	False			5979.85	2529.98	32.83086898539452	13.890221646975832	220443364	1.210289087884083	12367910	0.06790291275419127	79360594	92.46016681780381	74.942256	174.88737	497.476451	78968435	95.48719529518345	85.982882	167.756574	439.290831	182141082	70.24412372822074	41.271846	203.336655	362.647177	363.54	6.976656199945052	1.339586974672743	0.8652727889252354	40.546777978806624	17.21683242681222	35.570001893658656	48	608233.0459770114	60	59	295	2026-09-10T16:53:35.222566+00:00	2026-09-10T16:58:40.013312+00:00	20d67c38612cee9a34d9ef7114c81bc8366b2d4cf99c598b642e63f21ab74266	/home/smrc/virtual_compaction/vcomp/experiments/results/ycsb_band_n03_260910/results.json	/home/smrc/virtual_compaction/vcomp/experiments/artifacts/log_runs/ycsb_band_n03_260910/full/workloadf/baseline/raw
baseline	n04	F	610443.0	183151960	300.031	304.6774163246155	87.09405799120829	268061.81103027007	4608.41355455203	2584.8674952688716	89.20539616014932	98.53615767667372	False			5990.54	2481.73	32.708031079765675	13.550114342210698	220202672	1.2022949249355563	10833503	0.059150352526939926	79648986	92.70555627663609	74.904301	177.444834	501.862833	79261020	95.72996233205174	85.970755	168.548175	449.091674	183151960	70.05566607095004	40.856664	202.975875	364.105538	365.05	7.121282234708271	1.3221516657533996	0.8653735892315867	40.62580081392864	16.894662754849605	35.98897725102806	48	608547.153256705	60	59	295	2026-09-10T22:14:26.158997+00:00	2026-09-10T22:19:30.836414+00:00	20d67c38612cee9a34d9ef7114c81bc8366b2d4cf99c598b642e63f21ab74266	/home/smrc/virtual_compaction/vcomp/experiments/results/ycsb_band_n04_260910/results.json	/home/smrc/virtual_compaction/vcomp/experiments/artifacts/log_runs/ycsb_band_n04_260910/full/workloadf/baseline/raw
baseline	r01	F	604523.0	181378015	300.035	304.7981903553009	86.88621306838438	264889.2662580595	4551.745172072744	2551.376337630134	89.04297697884212	98.4980871267016	False			5996.39	2511.11	33.06018097066505	13.844621686922752	221814666	1.22294130300191	11711646	0.06457037254487541	78736019	92.70617052660485	75.093104	173.498057	499.724046	78352805	95.82894226952054	86.597563	167.496998	444.448162	181378015	70.56970684677523	41.581984	204.185385	363.578573	364.53	7.243937469488791	1.3184440352376776	0.8651982490821724	40.671799086213575	17.096024220024102	35.54456021721944	48	603406.5823754789	60	59	295	2026-09-10T18:01:42.691520+00:00	2026-09-10T18:06:47.489711+00:00	20d67c38612cee9a34d9ef7114c81bc8366b2d4cf99c598b642e63f21ab74266	/home/smrc/virtual_compaction/vcomp/experiments/results/ycsb_band_r01_260910/results.json	/home/smrc/virtual_compaction/vcomp/experiments/artifacts/log_runs/ycsb_band_r01_260910/full/workloadf/baseline/raw
baseline	r02	F	599723.0	179934627	300.029	304.7986776828766	86.85219417217453	263234.39002408594	4522.6951842389635	2535.100849494793	88.6423686109972	98.50262867275109	False			5909.86	2641.38	32.84448412478161	14.679664742906878	225202544	1.251579797367185	11147503	0.06195307254561958	78229265	92.58060821611963	74.897908	175.226228	501.401075	77848359	95.57007929993746	85.79812	167.873074	447.631951	179934627	71.380263811034	43.169083	207.468059	365.309734	366.17	7.08648324260566	1.3205895216599972	0.8650587082385204	40.05366119505085	17.965998018750906	35.319242243182714	48	602022.2375478927	60	59	295	2026-09-10T18:44:05.673127+00:00	2026-09-10T18:49:10.471806+00:00	20d67c38612cee9a34d9ef7114c81bc8366b2d4cf99c598b642e63f21ab74266	/home/smrc/virtual_compaction/vcomp/experiments/results/ycsb_band_r02_260910/results.json	/home/smrc/virtual_compaction/vcomp/experiments/artifacts/log_runs/ycsb_band_r02_260910/full/workloadf/baseline/raw
baseline	run3	F	606455.0	181950739	300.023	304.9294316768646	86.5660946227584	266601.65780962864	4590.720192277714	2578.3839109967157	89.5140244701678	98.44164491973231	False			5970.21	2554.02	32.81223276592463	14.036876211863037	218768267	1.2023488786159864	11247878	0.06181825950154564	79262237	92.36723046310186	75.046531	172.884634	493.733201	78874988	95.58829785178541	86.442692	167.35515	435.2512	181950739	70.33308785297102	41.215082	204.170742	362.3898	363.26	6.9689842699677085	1.3276776138842723	0.8652531716290528	40.49506283980634	17.388798707052377	35.47758961672326	48	606447.2835249042	60	59	295	2026-09-10T19:25:47.538927+00:00	2026-09-10T19:30:52.468360+00:00	20d67c38612cee9a34d9ef7114c81bc8366b2d4cf99c598b642e63f21ab74266	/home/smrc/virtual_compaction/vcomp/experiments/results/ycsb_band_run3_260910/results.json	/home/smrc/virtual_compaction/vcomp/experiments/artifacts/log_runs/ycsb_band_run3_260910/full/workloadf/baseline/raw
f2load	f01	F	601883.0	180582364	300.029	304.57956552505493	86.16937769561012	264927.09667143534	4617.309858080625	2617.1008423558496	87.38830346150377	98.58276842188074	False			5986.42	2527.98	33.15063479842362	13.999041456783676	218650190	1.210805890214174	13778383	0.0762997155137475	78630579	92.14852525758458	75.223528	169.361424	483.588041	78243748	95.08846525347943	86.499578	165.926288	413.514339	180582364	70.52737013676484	41.115386	203.438358	358.826648	359.92	6.90988890255086	1.3482964814880816	0.8648868003522204	40.65306661160227	17.23799528688481	34.86342822717471	48	600769.0957854406	60	59	295	2026-09-11T03:09:07.549480+00:00	2026-09-11T03:14:12.129046+00:00	20d67c38612cee9a34d9ef7114c81bc8366b2d4cf99c598b642e63f21ab74266	/home/smrc/virtual_compaction/vcomp/experiments/results/ycsb_f2band_f01_260911/results.json	/home/smrc/virtual_compaction/vcomp/experiments/artifacts/log_runs/ycsb_f2band_f01_260911/full/workloadf/f2load/raw
f2load	f02	F	596538.0	178982587	300.035	304.6526803970337	89.21708037347001	261214.93136475567	4522.559618909774	2549.3738802012595	91.4621742066904	98.55631377396759	False			5959.62	2473.99	33.29720561028655	13.822517829625516	218791463	1.2224175919415	12110329	0.06766205139274246	77580281	94.99551628331947	75.225348	195.605481	534.078459	77203033	97.80526164043322	86.400245	183.018129	499.290447	178982587	71.80817100939545	41.519685	208.042514	378.229625	378.86	7.370640111487494	1.3299374927461518	0.8646831102066929	40.44938482058715	16.85763902430723	35.782303566984034	48	599525.2835249042	60	59	295	2026-09-11T03:41:16.886798+00:00	2026-09-11T03:46:21.539479+00:00	20d67c38612cee9a34d9ef7114c81bc8366b2d4cf99c598b642e63f21ab74266	/home/smrc/virtual_compaction/vcomp/experiments/results/ycsb_f2band_f02_260911/results.json	/home/smrc/virtual_compaction/vcomp/experiments/artifacts/log_runs/ycsb_f2band_f02_260911/full/workloadf/f2load/raw
f2load	f03	F	599211.0	179777379	300.023	304.8081889152527	86.12188758185039	262705.9242895329	4566.565265962241	2583.5851873846864	88.00213102312694	98.51174669432126	False			6048.0	2482.93	33.64160737931328	13.811136939536759	215613070	1.1993337048261228	14082823	0.07833478871666051	78073557	92.3125993862429	75.303674	169.667499	489.513262	77691508	95.44013442241332	87.152374	165.935183	424.552678	179777379	70.44760347184726	41.121303	201.937182	359.622801	360.62	7.108903156275296	1.3389110929245442	0.8647199378738301	41.070246299412645	16.923887201021888	34.629360001474424	48	598486.4980842912	60	59	295	2026-09-11T04:13:28.023409+00:00	2026-09-11T04:18:32.831599+00:00	20d67c38612cee9a34d9ef7114c81bc8366b2d4cf99c598b642e63f21ab74266	/home/smrc/virtual_compaction/vcomp/experiments/results/ycsb_f2band_f03_260911/results.json	/home/smrc/virtual_compaction/vcomp/experiments/artifacts/log_runs/ycsb_f2band_f03_260911/full/workloadf/f2load/raw
f2load	f04	F	598098.0	179447271	300.03	304.6747455596924	88.13187023716826	262119.64123673472	4522.472429369085	2544.584710474002	89.33686167175591	98.53812256150015	False			6006.88	2465.65	33.47434578706967	13.74024796398269	220457352	1.2285355512595117	13271374	0.07395695641423268	77853459	93.92521530738924	75.121506	185.837128	520.027383	77477070	96.85891660590676	86.371605	173.211059	477.305938	179447271	71.4380078089903	41.725029	205.637379	371.745774	372.62	7.282540362511281	1.3244596737277772	0.8648024466195421	40.78065641661096	16.813843742534516	35.434077264597605	48	598238.3103448276	60	59	295	2026-09-11T04:45:52.251091+00:00	2026-09-11T04:50:56.925838+00:00	20d67c38612cee9a34d9ef7114c81bc8366b2d4cf99c598b642e63f21ab74266	/home/smrc/virtual_compaction/vcomp/experiments/results/ycsb_f2band_f04_260911/results.json	/home/smrc/virtual_compaction/vcomp/experiments/artifacts/log_runs/ycsb_f2band_f04_260911/full/workloadf/f2load/raw
f2load	f05	F	594417.0	178338496	300.022	304.7883539199829	87.12566843543802	261396.94963842427	4560.881800014407	2587.6588623307666	90.22854595149941	98.49677844194586	False			5980.96	2540.49	33.53712257391696	14.245325922228256	218235101	1.2237128039926948	13704936	0.07684788370089204	77652144	93.12624867125369	75.217306	178.934886	504.287493	77269193	96.25430643490738	86.679288	168.89572	451.121865	178338496	71.46826552804393	41.978375	206.44952	366.954824	367.84	6.927420134798042	1.3501174530483873	0.8646366570232823	40.62513295119025	17.31095404355977	34.822292121064294	48	593835.1072796935	60	59	295	2026-09-11T05:18:02.761465+00:00	2026-09-11T05:23:07.549820+00:00	20d67c38612cee9a34d9ef7114c81bc8366b2d4cf99c598b642e63f21ab74266	/home/smrc/virtual_compaction/vcomp/experiments/results/ycsb_f2band_f05_260911/results.json	/home/smrc/virtual_compaction/vcomp/experiments/artifacts/log_runs/ycsb_f2band_f05_260911/full/workloadf/f2load/raw
f2load	f06	F	600962.0	180306180	300.029	304.5090720653534	87.15654005181656	264820.4352436931	4606.071834389314	2606.8226317232193	89.43897523880858	98.5936407768919	False			5935.73	2563.29	32.92028038084995	14.216318043008842	218579335	1.2122675717493432	12206264	0.0676974244587734	78578712	93.02337499499865	75.204801	178.120647	503.121758	78192918	95.91737521548946	86.531132	168.473983	448.823588	180306180	71.10992216683866	41.886787	204.800262	365.291879	366.23	6.847007179676259	1.3459515808054943	0.864962959117652	40.25631264346917	17.453166549239754	35.41252358008137	48	600335.091954023	60	59	295	2026-09-11T21:50:20.955385+00:00	2026-09-11T21:55:25.464457+00:00	20d67c38612cee9a34d9ef7114c81bc8366b2d4cf99c598b642e63f21ab74266	/home/smrc/virtual_compaction/vcomp/experiments/results/ycsb_f2band_f06_260912/results.json	/home/smrc/virtual_compaction/vcomp/experiments/artifacts/log_runs/ycsb_f2band_f06_260912/full/workloadf/f2load/raw
f2load	f07	F	597808.0	179357720	300.026	304.764208316803	86.93401419584681	263278.4028122903	4594.217062148546	2607.616979066811	89.02081165090718	98.51309207844966	False			5977.51	2552.21	33.32730813036651	14.229719244869973	219355767	1.2230071111519483	13522463	0.07539381633531024	78192862	92.84048169256165	75.140302	177.246355	499.492547	77807412	95.9397166429337	86.590372	168.357892	442.913166	179357720	71.13840399509985	41.83514	205.785914	364.816973	365.74	6.892743094637911	1.352419544583863	0.8648356479999857	40.52036094810928	17.367915329657666	35.04203379013243	48	597828.2796934866	60	59	295	2026-09-11T22:22:25.863818+00:00	2026-09-11T22:27:30.628027+00:00	20d67c38612cee9a34d9ef7114c81bc8366b2d4cf99c598b642e63f21ab74266	/home/smrc/virtual_compaction/vcomp/experiments/results/ycsb_f2band_f07_260912/results.json	/home/smrc/virtual_compaction/vcomp/experiments/artifacts/log_runs/ycsb_f2band_f07_260912/full/workloadf/f2load/raw
f2load	f08	F	596718.0	179034357	300.031	304.66612696647644	86.92222722335313	263602.405687971	4598.726601498484	2608.9308686709064	88.0964742894923	98.55234511720565	False			5933.28	2596.36	33.14045471171771	14.502020972432682	217759482	1.216299964145988	13345097	0.07453930755871623	78252933	92.76169556481672	75.030396	177.385499	499.568158	77867085	95.75726110718027	86.346232	168.340132	442.749093	179034357	71.4486875890531	42.214086	207.205015	365.682654	366.61	6.796335219613741	1.355389904296414	0.8649573556431964	40.25629594874932	17.68266277897044	35.07913479386539	48	598716.1877394636	60	59	295	2026-09-11T22:54:31.472776+00:00	2026-09-11T22:59:36.138904+00:00	20d67c38612cee9a34d9ef7114c81bc8366b2d4cf99c598b642e63f21ab74266	/home/smrc/virtual_compaction/vcomp/experiments/results/ycsb_f2band_f08_260912/results.json	/home/smrc/virtual_compaction/vcomp/experiments/artifacts/log_runs/ycsb_f2band_f08_260912/full/workloadf/f2load/raw
f2load	f09	F	606675.0	182014945	300.02	304.63324332237244	88.72850396244353	267096.0401846085	4638.934159586403	2621.9023905444915	91.55944360916014	98.5692097718309	False			6003.56	2370.02	32.983884922196914	13.021018686130416	215087044	1.1816999093123919	11150917	0.06126374402937077	79283520	94.4128839637796	75.268046	192.145663	523.544869	78896006	97.31130994134227	86.537719	179.587107	483.586366	182014945	70.4997832128565	39.873651	202.856254	373.277225	374.06	6.964821377717088	1.3422598347624697	0.8649239160004142	40.684014057474435	16.134379011137703	36.36793232658581	48	606373.1570881226	60	59	295	2026-09-11T23:26:34.738436+00:00	2026-09-11T23:31:39.371680+00:00	20d67c38612cee9a34d9ef7114c81bc8366b2d4cf99c598b642e63f21ab74266	/home/smrc/virtual_compaction/vcomp/experiments/results/ycsb_f2band_f09_260912/results.json	/home/smrc/virtual_compaction/vcomp/experiments/artifacts/log_runs/ycsb_f2band_f09_260912/full/workloadf/f2load/raw
f2load	f10	F	597476.0	179258801	300.026	304.6882665157318	86.19064497532004	262611.09400439827	4554.751208078916	2572.351849134244	88.51876765150854	98.54912246439338	False			5972.89	2588.71	33.319926088315185	14.44118774397024	219516676	1.2245796288685429	12966266	0.07233266053140677	77967849	92.23306005274046	75.13209	170.017202	489.245331	77587362	95.28907628023234	86.63869	166.222317	424.290877	179258801	71.2359668354582	42.05582	206.412141	362.052006	363.0	7.010820506380605	1.3376976118455686	0.8648125455218235	40.51511368955588	17.62521454205024	34.75673413807288	48	593800.4789272031	60	59	295	2026-09-11T23:58:40.871835+00:00	2026-09-12T00:03:45.560102+00:00	20d67c38612cee9a34d9ef7114c81bc8366b2d4cf99c598b642e63f21ab74266	/home/smrc/virtual_compaction/vcomp/experiments/results/ycsb_f2band_f10_260912/results.json	/home/smrc/virtual_compaction/vcomp/experiments/artifacts/log_runs/ycsb_f2band_f10_260912/full/workloadf/f2load/raw
