system	arm	workload	window_sec	start_sec_exclusive	end_sec_inclusive	sample_count	mean_nominal_qps	min_nominal_qps	max_nominal_qps
baseline	b01	A	30	0	30	30	755532.7333333333	16211	1218185
baseline	b01	A	30	30	60	30	679747.3	16224	1090371
baseline	b01	A	30	60	90	30	692875.0666666667	75039	1061447
baseline	b01	A	30	90	120	30	682194.2333333333	15976	1209715
baseline	b01	A	30	120	150	30	706931.8	16087	1120475
baseline	b01	A	30	150	180	30	674872.3666666667	16132	1070225
baseline	b01	A	30	180	210	30	667048.6	15413	1148760
baseline	b01	A	30	210	240	30	652678.3	13589	1129833
baseline	b01	A	30	240	270	30	699880.3666666667	16159	1062433
baseline	b01	A	30	270	300	30	695088.9	46474	1121725
baseline	b01	A	60	0	60	60	717640.0166666667	16211	1218185
baseline	b01	A	60	60	120	60	687534.65	15976	1209715
baseline	b01	A	60	120	180	60	690902.0833333334	16087	1120475
baseline	b01	A	60	180	240	60	659863.45	13589	1148760
baseline	b01	A	60	240	300	60	697484.6333333333	16159	1121725
baseline	b02	A	30	0	30	30	717536.7333333333	15957	1277913
baseline	b02	A	30	30	60	30	729886.0333333333	107164	1154022
baseline	b02	A	30	60	90	30	667260.5333333333	17596	1152802
baseline	b02	A	30	90	120	30	638682.5333333333	83025	1050013
baseline	b02	A	30	120	150	30	725374.8	67849	1148217
baseline	b02	A	30	150	180	30	680000.1	16016	1127655
baseline	b02	A	30	180	210	30	746758.1	142737	1185258
baseline	b02	A	30	210	240	30	626018.5666666667	16014	1178159
baseline	b02	A	30	240	270	30	720525.3333333334	15929	1223584
baseline	b02	A	30	270	300	29	718643.1724137932	79886	1162553
baseline	b02	A	60	0	60	60	723711.3833333333	15957	1277913
baseline	b02	A	60	60	120	60	652971.5333333333	17596	1152802
baseline	b02	A	60	120	180	60	702687.45	16016	1148217
baseline	b02	A	60	180	240	60	686388.3333333334	16014	1185258
baseline	b02	A	60	240	300	59	719600.2033898305	15929	1223584
baseline	b03	A	30	0	30	30	741156.5333333333	229033	1167291
baseline	b03	A	30	30	60	30	653170.7	16228	1200091
baseline	b03	A	30	60	90	30	631826.0666666667	134817	1110040
baseline	b03	A	30	90	120	30	777629.2333333333	106128	1222737
baseline	b03	A	30	120	150	30	646584.3	16007	1066539
baseline	b03	A	30	150	180	30	692290.7666666667	80308	1064709
baseline	b03	A	30	180	210	30	712488.4333333333	24904	1106135
baseline	b03	A	30	210	240	30	682016.1666666666	20043	1049133
baseline	b03	A	30	240	270	30	696963.3	16206	1117472
baseline	b03	A	30	270	300	30	658580.4666666667	16173	1118552
baseline	b03	A	60	0	60	60	697163.6166666667	16228	1200091
baseline	b03	A	60	60	120	60	704727.65	106128	1222737
baseline	b03	A	60	120	180	60	669437.5333333333	16007	1066539
baseline	b03	A	60	180	240	60	697252.3	20043	1106135
baseline	b03	A	60	240	300	60	677771.8833333333	16173	1118552
baseline	n01	A	30	0	30	30	728202	15886	1193707
baseline	n01	A	30	30	60	30	690519.5333333333	16005	1152974
baseline	n01	A	30	60	90	30	657936.5666666667	117083	1169767
baseline	n01	A	30	90	120	30	712164.2333333333	16221	1135486
baseline	n01	A	30	120	150	30	661104.5	16082	1142980
baseline	n01	A	30	150	180	30	718841.4	16063	1187830
baseline	n01	A	30	180	210	30	714032.9666666667	59092	1077650
baseline	n01	A	30	210	240	30	715956.8	16193	1159552
baseline	n01	A	30	240	270	30	614076.0666666667	12812	1146302
baseline	n01	A	30	270	300	30	743749.4666666667	134298	1079849
baseline	n01	A	60	0	60	60	709360.7666666667	15886	1193707
baseline	n01	A	60	60	120	60	685050.4	16221	1169767
baseline	n01	A	60	120	180	60	689972.95	16063	1187830
baseline	n01	A	60	180	240	60	714994.8833333333	16193	1159552
baseline	n01	A	60	240	300	60	678912.7666666667	12812	1146302
baseline	n02	A	30	0	30	30	787224.7666666667	90483	1218374
baseline	n02	A	30	30	60	30	669049.9666666667	160651	1169279
baseline	n02	A	30	60	90	30	660126.1	15983	1076067
baseline	n02	A	30	90	120	30	723092.7	16262	1063557
baseline	n02	A	30	120	150	30	727015.2333333333	24958	1189165
baseline	n02	A	30	150	180	30	717583.9	16090	1165305
baseline	n02	A	30	180	210	30	720173.8333333334	16097	1166949
baseline	n02	A	30	210	240	30	666099.3	16305	1155235
baseline	n02	A	30	240	270	30	662443.4666666667	132220	1129547
baseline	n02	A	30	270	300	30	728059.1666666666	240691	1093270
baseline	n02	A	60	0	60	60	728137.3666666667	90483	1218374
baseline	n02	A	60	60	120	60	691609.4	15983	1076067
baseline	n02	A	60	120	180	60	722299.5666666667	16090	1189165
baseline	n02	A	60	180	240	60	693136.5666666667	16097	1166949
baseline	n02	A	60	240	300	60	695251.3166666667	132220	1129547
baseline	n03	A	30	0	30	30	767424.1333333333	70475	1279757
baseline	n03	A	30	30	60	30	692516.7666666667	166936	1126132
baseline	n03	A	30	60	90	30	626892.8333333334	16167	1134595
baseline	n03	A	30	90	120	30	736885.2	146071	1154607
baseline	n03	A	30	120	150	30	671385.6333333333	194053	1207518
baseline	n03	A	30	150	180	30	703965.0666666667	16289	1178860
baseline	n03	A	30	180	210	30	678232.3666666667	43013	1206870
baseline	n03	A	30	210	240	30	655527.4666666667	16194	1178285
baseline	n03	A	30	240	270	30	758046.6	234937	1182641
baseline	n03	A	30	270	300	30	666806.1666666666	16030	1175641
baseline	n03	A	60	0	60	60	729970.45	70475	1279757
baseline	n03	A	60	60	120	60	681889.0166666667	16167	1154607
baseline	n03	A	60	120	180	60	687675.35	16289	1207518
baseline	n03	A	60	180	240	60	666879.9166666666	16194	1206870
baseline	n03	A	60	240	300	60	712426.3833333333	16030	1182641
baseline	n04	A	30	0	30	30	782071.4333333333	28126	1295705
baseline	n04	A	30	30	60	30	723376.9333333333	57182	1045399
baseline	n04	A	30	60	90	30	679019.3	43907	1070914
baseline	n04	A	30	90	120	30	742925.8	155284	1140997
baseline	n04	A	30	120	150	30	672088.3666666667	16232	1134142
baseline	n04	A	30	150	180	30	752121.5666666667	231891	1148395
baseline	n04	A	30	180	210	30	741051.2666666667	16063	1133597
baseline	n04	A	30	210	240	30	724246.1333333333	16116	1221584
baseline	n04	A	30	240	270	30	663282.3	16204	1139624
baseline	n04	A	30	270	300	30	764539.0666666667	204595	1079150
baseline	n04	A	60	0	60	60	752724.1833333333	28126	1295705
baseline	n04	A	60	60	120	60	710972.55	43907	1140997
baseline	n04	A	60	120	180	60	712104.9666666667	16232	1148395
baseline	n04	A	60	180	240	60	732648.7	16063	1221584
baseline	n04	A	60	240	300	60	713910.6833333333	16204	1139624
baseline	r01	A	30	0	30	30	683086.3666666667	16132	1259561
baseline	r01	A	30	30	60	30	725610.9	142720	1104565
baseline	r01	A	30	60	90	30	661624.4666666667	111793	1177054
baseline	r01	A	30	90	120	30	643087.3	16165	1227385
baseline	r01	A	30	120	150	30	717179.3333333334	136823	1131222
baseline	r01	A	30	150	180	30	723249.7333333333	108598	1206966
baseline	r01	A	30	180	210	30	722607.7666666667	16154	1187802
baseline	r01	A	30	210	240	30	698632.2	16248	1038145
baseline	r01	A	30	240	270	30	616826.5333333333	16345	1140478
baseline	r01	A	30	270	300	30	708021	16015	1120951
baseline	r01	A	60	0	60	60	704348.6333333333	16132	1259561
baseline	r01	A	60	60	120	60	652355.8833333333	16165	1227385
baseline	r01	A	60	120	180	60	720214.5333333333	108598	1206966
baseline	r01	A	60	180	240	60	710619.9833333333	16154	1187802
baseline	r01	A	60	240	300	60	662423.7666666667	16015	1140478
baseline	r02	A	30	0	30	30	714265.4	16007	1191426
baseline	r02	A	30	30	60	30	702560.7333333333	270706	1135033
baseline	r02	A	30	60	90	30	641036.0666666667	16005	1065232
baseline	r02	A	30	90	120	30	728477	16103	1113953
baseline	r02	A	30	120	150	30	777938.9333333333	225475	1037284
baseline	r02	A	30	150	180	30	674662.6666666666	16010	1126424
baseline	r02	A	30	180	210	30	691364.8	16005	1151493
baseline	r02	A	30	210	240	30	659916.2333333333	15890	1129109
baseline	r02	A	30	240	270	30	769216.9333333333	242190	1142953
baseline	r02	A	30	270	300	30	681622.9333333333	16269	1119463
baseline	r02	A	60	0	60	60	708413.0666666667	16007	1191426
baseline	r02	A	60	60	120	60	684756.5333333333	16005	1113953
baseline	r02	A	60	120	180	60	726300.8	16010	1126424
baseline	r02	A	60	180	240	60	675640.5166666667	15890	1151493
baseline	r02	A	60	240	300	60	725419.9333333333	16269	1142953
baseline	run3	A	30	0	30	30	755365.8333333334	254361	1235549
baseline	run3	A	30	30	60	30	720452.0333333333	71645	1111467
baseline	run3	A	30	60	90	30	698065.6333333333	242591	1177399
baseline	run3	A	30	90	120	30	711440.8	16119	1253466
baseline	run3	A	30	120	150	30	654959.6	13282	1108197
baseline	run3	A	30	150	180	30	759384.2333333333	145618	1152486
baseline	run3	A	30	180	210	30	743730.4666666667	16040	1182486
baseline	run3	A	30	210	240	30	634389.7666666667	16090	1056293
baseline	run3	A	30	240	270	30	681013.4333333333	16236	1113303
baseline	run3	A	30	270	300	30	690149.4	10967	1184368
baseline	run3	A	60	0	60	60	737908.9333333333	71645	1235549
baseline	run3	A	60	60	120	60	704753.2166666667	16119	1253466
baseline	run3	A	60	120	180	60	707171.9166666666	13282	1152486
baseline	run3	A	60	180	240	60	689060.1166666667	16040	1182486
baseline	run3	A	60	240	300	60	685581.4166666666	10967	1184368
f2load	f01	A	30	0	30	30	728646.2333333333	16039	1258705
f2load	f01	A	30	30	60	30	716423.2333333333	288581	1164341
f2load	f01	A	30	60	90	30	701324.5333333333	92664	1158853
f2load	f01	A	30	90	120	30	689306.2333333333	35592	1087630
f2load	f01	A	30	120	150	30	681156.0333333333	15826	1194384
f2load	f01	A	30	150	180	30	722560	42113	1189342
f2load	f01	A	30	180	210	30	711777.5333333333	15895	1103312
f2load	f01	A	30	210	240	30	624466.1666666666	15942	1157820
f2load	f01	A	30	240	270	30	681940.6333333333	16238	1109539
f2load	f01	A	30	270	300	30	687456.2333333333	87160	1148204
f2load	f01	A	60	0	60	60	722534.7333333333	16039	1258705
f2load	f01	A	60	60	120	60	695315.3833333333	35592	1158853
f2load	f01	A	60	120	180	60	701858.0166666667	15826	1194384
f2load	f01	A	60	180	240	60	668121.85	15895	1157820
f2load	f01	A	60	240	300	60	684698.4333333333	16238	1148204
f2load	f02	A	30	0	30	30	773889.1666666666	15929	1197774
f2load	f02	A	30	30	60	30	680402.2333333333	41597	1049455
f2load	f02	A	30	60	90	30	715674.4333333333	119237	1128727
f2load	f02	A	30	90	120	30	672643.6	16051	1049871
f2load	f02	A	30	120	150	30	595501.4	13968	1207391
f2load	f02	A	30	150	180	30	760451.7	16336	1032331
f2load	f02	A	30	180	210	30	715742.1	15099	1185903
f2load	f02	A	30	210	240	30	725108.4333333333	16258	1186205
f2load	f02	A	30	240	270	30	739188.6666666666	15940	1143154
f2load	f02	A	30	270	300	30	648529.1666666666	15999	1071338
f2load	f02	A	60	0	60	60	727145.7	15929	1197774
f2load	f02	A	60	60	120	60	694159.0166666667	16051	1128727
f2load	f02	A	60	120	180	60	677976.55	13968	1207391
f2load	f02	A	60	180	240	60	720425.2666666667	15099	1186205
f2load	f02	A	60	240	300	60	693858.9166666666	15940	1143154
f2load	f03	A	30	0	30	30	737157.4666666667	196541	1228501
f2load	f03	A	30	30	60	30	701202.4333333333	149855	1052359
f2load	f03	A	30	60	90	30	640537.7666666667	16054	995868
f2load	f03	A	30	90	120	30	689509.1666666666	16280	1131185
f2load	f03	A	30	120	150	30	720936.7333333333	91439	1133659
f2load	f03	A	30	150	180	30	641236.7666666667	25706	1126355
f2load	f03	A	30	180	210	30	698476.6666666666	14304	1134733
f2load	f03	A	30	210	240	30	699374.8	15678	1165114
f2load	f03	A	30	240	270	30	723775.8666666667	42049	1093306
f2load	f03	A	30	270	300	30	565942.4333333333	16128	1163457
f2load	f03	A	60	0	60	60	719179.95	149855	1228501
f2load	f03	A	60	60	120	60	665023.4666666667	16054	1131185
f2load	f03	A	60	120	180	60	681086.75	25706	1133659
f2load	f03	A	60	180	240	60	698925.7333333333	14304	1165114
f2load	f03	A	60	240	300	60	644859.15	16128	1163457
f2load	f04	A	30	0	30	30	751772.7333333333	59997	1311387
f2load	f04	A	30	30	60	30	713803.6	184434	1024103
f2load	f04	A	30	60	90	30	660153.8333333334	13973	1178584
f2load	f04	A	30	90	120	30	659110.7333333333	16213	1149220
f2load	f04	A	30	120	150	30	662845.0333333333	64963	1114287
f2load	f04	A	30	150	180	30	777931.7	16329	1222306
f2load	f04	A	30	180	210	30	663588.1	16366	1035515
f2load	f04	A	30	210	240	30	685831.8333333334	16144	1064950
f2load	f04	A	30	240	270	30	660815.2	15780	1190470
f2load	f04	A	30	270	300	30	721573.7333333333	16090	1053347
f2load	f04	A	60	0	60	60	732788.1666666666	59997	1311387
f2load	f04	A	60	60	120	60	659632.2833333333	13973	1178584
f2load	f04	A	60	120	180	60	720388.3666666667	16329	1222306
f2load	f04	A	60	180	240	60	674709.9666666667	16144	1064950
f2load	f04	A	60	240	300	60	691194.4666666667	15780	1190470
f2load	f05	A	30	0	30	30	743491.0666666667	191914	1240275
f2load	f05	A	30	30	60	30	691123.1666666666	105157	969374
f2load	f05	A	30	60	90	30	714792.8666666667	238863	1203071
f2load	f05	A	30	90	120	30	661601	71314	1124041
f2load	f05	A	30	120	150	30	774842.1333333333	32773	1192011
f2load	f05	A	30	150	180	30	659200.4666666667	16122	1159907
f2load	f05	A	30	180	210	30	710991.8666666667	76538	1172436
f2load	f05	A	30	210	240	30	647799.4333333333	16014	1164918
f2load	f05	A	30	240	270	30	714604.0333333333	104439	1150190
f2load	f05	A	30	270	300	30	615248.6	14444	1169528
f2load	f05	A	60	0	60	60	717307.1166666667	105157	1240275
f2load	f05	A	60	60	120	60	688196.9333333333	71314	1203071
f2load	f05	A	60	120	180	60	717021.3	16122	1192011
f2load	f05	A	60	180	240	60	679395.65	16014	1172436
f2load	f05	A	60	240	300	60	664926.3166666667	14444	1169528
f2load	f06	A	30	0	30	30	735693.3333333334	209234	1262419
f2load	f06	A	30	30	60	30	755102.6	434481	1039361
f2load	f06	A	30	60	90	30	659274.4	16144	1146876
f2load	f06	A	30	90	120	30	726270.6333333333	47124	1106889
f2load	f06	A	30	120	150	30	650140.1333333333	126503	1209866
f2load	f06	A	30	150	180	30	765757.9666666667	16187	1083607
f2load	f06	A	30	180	210	30	661690.7	15149	1145860
f2load	f06	A	30	210	240	30	708360.4333333333	28629	1049512
f2load	f06	A	30	240	270	30	728491.8666666667	255563	1011660
f2load	f06	A	30	270	300	30	673980.6	16023	1121106
f2load	f06	A	60	0	60	60	745397.9666666667	209234	1262419
f2load	f06	A	60	60	120	60	692772.5166666667	16144	1146876
f2load	f06	A	60	120	180	60	707949.05	16187	1209866
f2load	f06	A	60	180	240	60	685025.5666666667	15149	1145860
f2load	f06	A	60	240	300	60	701236.2333333333	16023	1121106
f2load	f07	A	30	0	30	30	773848.2333333333	208174	1254284
f2load	f07	A	30	30	60	30	682716.6666666666	306216	1009988
f2load	f07	A	30	60	90	30	687692.8	60487	1084974
f2load	f07	A	30	90	120	30	685444.0666666667	15091	1191760
f2load	f07	A	30	120	150	30	633532.5333333333	16266	1120774
f2load	f07	A	30	150	180	30	679776.8333333334	16016	1143013
f2load	f07	A	30	180	210	30	744959	160730	1176926
f2load	f07	A	30	210	240	30	627904.6333333333	16159	1085239
f2load	f07	A	30	240	270	30	634233.5333333333	16033	1091338
f2load	f07	A	30	270	300	30	669759.0666666667	73181	1145885
f2load	f07	A	60	0	60	60	728282.45	208174	1254284
f2load	f07	A	60	60	120	60	686568.4333333333	15091	1191760
f2load	f07	A	60	120	180	60	656654.6833333333	16016	1143013
f2load	f07	A	60	180	240	60	686431.8166666667	16159	1176926
f2load	f07	A	60	240	300	60	651996.3	16033	1145885
f2load	f08	A	30	0	30	30	761523.4666666667	173623	1120627
f2load	f08	A	30	30	60	30	701736.3666666667	229205	1116602
f2load	f08	A	30	60	90	30	659981.3333333334	16150	1185593
f2load	f08	A	30	90	120	30	683027.8666666667	16273	1158579
f2load	f08	A	30	120	150	30	699644.2666666667	101620	1218672
f2load	f08	A	30	150	180	30	691458.9666666667	12903	1182972
f2load	f08	A	30	180	210	30	682275.7666666667	46759	1102229
f2load	f08	A	30	210	240	30	741531.1	345816	1233019
f2load	f08	A	30	240	270	30	673974.8	15979	1203737
f2load	f08	A	30	270	300	30	704186.6666666666	36595	1023501
f2load	f08	A	60	0	60	60	731629.9166666666	173623	1120627
f2load	f08	A	60	60	120	60	671504.6	16150	1185593
f2load	f08	A	60	120	180	60	695551.6166666667	12903	1218672
f2load	f08	A	60	180	240	60	711903.4333333333	46759	1233019
f2load	f08	A	60	240	300	60	689080.7333333333	15979	1203737
f2load	f09	A	30	0	30	30	804015.7333333333	48406	1219044
f2load	f09	A	30	30	60	30	652324.4666666667	257281	1118853
f2load	f09	A	30	60	90	30	667045.1	166153	1168934
f2load	f09	A	30	90	120	30	665927.9333333333	105168	1119016
f2load	f09	A	30	120	150	30	744211.7666666667	122152	1105831
f2load	f09	A	30	150	180	30	691262.1666666666	16337	1111578
f2load	f09	A	30	180	210	30	726753.7333333333	16173	1133438
f2load	f09	A	30	210	240	30	640274.6	11516	1037747
f2load	f09	A	30	240	270	30	733460.4666666667	16046	1121376
f2load	f09	A	30	270	300	30	667791.6	114307	1122919
f2load	f09	A	60	0	60	60	728170.1	48406	1219044
f2load	f09	A	60	60	120	60	666486.5166666667	105168	1168934
f2load	f09	A	60	120	180	60	717736.9666666667	16337	1111578
f2load	f09	A	60	180	240	60	683514.1666666666	11516	1133438
f2load	f09	A	60	240	300	60	700626.0333333333	16046	1122919
f2load	f10	A	30	0	30	30	760664.1	16143	1330185
f2load	f10	A	30	30	60	30	663703.6333333333	16301	1157265
f2load	f10	A	30	60	90	30	642662.0333333333	16064	1036227
f2load	f10	A	30	90	120	30	699075.9333333333	16009	1082616
f2load	f10	A	30	120	150	30	717229.1333333333	45879	1048166
f2load	f10	A	30	150	180	30	683398.6333333333	16077	1169415
f2load	f10	A	30	180	210	30	725759.3666666667	16061	1166399
f2load	f10	A	30	210	240	30	733109.7	16122	999297
f2load	f10	A	30	240	270	30	636262.2666666667	12991	1179850
f2load	f10	A	30	270	300	30	692205.7	16095	1184699
f2load	f10	A	60	0	60	60	712183.8666666667	16143	1330185
f2load	f10	A	60	60	120	60	670868.9833333333	16009	1082616
f2load	f10	A	60	120	180	60	700313.8833333333	16077	1169415
f2load	f10	A	60	180	240	60	729434.5333333333	16061	1166399
f2load	f10	A	60	240	300	60	664233.9833333333	12991	1184699
baseline	b01	B	30	0	30	30	1019102.6333333333	717942	1250626
baseline	b01	B	30	30	60	30	984408.6333333333	621858	1210682
baseline	b01	B	30	60	90	30	1039799.7333333333	608679	1220947
baseline	b01	B	30	90	120	30	994759.4333333333	699081	1175601
baseline	b01	B	30	120	150	30	1090370.6666666667	740056	1245956
baseline	b01	B	30	150	180	30	1092952.5666666667	1014640	1181033
baseline	b01	B	30	180	210	30	1114955.7666666666	995722	1297070
baseline	b01	B	30	210	240	30	1085334.3	723072	1188166
baseline	b01	B	30	240	270	30	1082092.0333333334	787560	1235693
baseline	b01	B	30	270	300	30	1109370.1	942377	1250004
baseline	b01	B	60	0	60	60	1001755.6333333333	621858	1250626
baseline	b01	B	60	60	120	60	1017279.5833333334	608679	1220947
baseline	b01	B	60	120	180	60	1091661.6166666667	740056	1245956
baseline	b01	B	60	180	240	60	1100145.0333333334	723072	1297070
baseline	b01	B	60	240	300	60	1095731.0666666667	787560	1250004
baseline	b02	B	30	0	30	30	1028570.3	752260	1229023
baseline	b02	B	30	30	60	30	940463.5666666667	586708	1187544
baseline	b02	B	30	60	90	30	963876.6333333333	735796	1148542
baseline	b02	B	30	90	120	30	915337.4666666667	648610	1069933
baseline	b02	B	30	120	150	30	1026772.7	686148	1236492
baseline	b02	B	30	150	180	30	1120917.2	962709	1234693
baseline	b02	B	30	180	210	30	1071390.7	767335	1237998
baseline	b02	B	30	210	240	30	1081408.2333333334	679278	1185023
baseline	b02	B	30	240	270	30	1074486.3666666667	707219	1263213
baseline	b02	B	30	270	300	30	1086819.5333333334	688099	1256675
baseline	b02	B	60	0	60	60	984516.9333333333	586708	1229023
baseline	b02	B	60	60	120	60	939607.05	648610	1148542
baseline	b02	B	60	120	180	60	1073844.95	686148	1236492
baseline	b02	B	60	180	240	60	1076399.4666666666	679278	1237998
baseline	b02	B	60	240	300	60	1080652.95	688099	1263213
baseline	b03	B	30	0	30	30	991268.9333333333	651345	1231440
baseline	b03	B	30	30	60	30	988664.6333333333	755858	1206971
baseline	b03	B	30	60	90	30	998584.1666666666	849928	1117692
baseline	b03	B	30	90	120	30	955944.2666666667	700475	1137205
baseline	b03	B	30	120	150	30	1085133.4333333333	1009340	1176106
baseline	b03	B	30	150	180	30	987700.1	699879	1218696
baseline	b03	B	30	180	210	30	1088668.9333333333	988873	1188773
baseline	b03	B	30	210	240	30	1029738.9	726658	1202579
baseline	b03	B	30	240	270	30	1029260.2	647983	1155196
baseline	b03	B	30	270	300	30	1037335.8	717235	1184694
baseline	b03	B	60	0	60	60	989966.7833333333	651345	1231440
baseline	b03	B	60	60	120	60	977264.2166666667	700475	1137205
baseline	b03	B	60	120	180	60	1036416.7666666667	699879	1218696
baseline	b03	B	60	180	240	60	1059203.9166666667	726658	1202579
baseline	b03	B	60	240	300	60	1033298	647983	1184694
baseline	n01	B	30	0	30	30	1015029.6	869480	1223173
baseline	n01	B	30	30	60	30	1002664	700098	1211366
baseline	n01	B	30	60	90	30	984182.5	716699	1177111
baseline	n01	B	30	90	120	30	923944.5	633743	1140305
baseline	n01	B	30	120	150	30	1036251.8666666667	746442	1226931
baseline	n01	B	30	150	180	30	1104000.6	912565	1229128
baseline	n01	B	30	180	210	30	1065483.7	900181	1170560
baseline	n01	B	30	210	240	30	1094073.9333333333	1040414	1222342
baseline	n01	B	30	240	270	30	1094856.2333333334	923483	1205039
baseline	n01	B	30	270	300	30	1051771.6666666667	733343	1172308
baseline	n01	B	60	0	60	60	1008846.8	700098	1223173
baseline	n01	B	60	60	120	60	954063.5	633743	1177111
baseline	n01	B	60	120	180	60	1070126.2333333334	746442	1229128
baseline	n01	B	60	180	240	60	1079778.8166666667	900181	1222342
baseline	n01	B	60	240	300	60	1073313.95	733343	1205039
baseline	n02	B	30	0	30	30	1012703.9	707965	1226203
baseline	n02	B	30	30	60	30	1009721.5	804042	1184998
baseline	n02	B	30	60	90	30	1040242.9	691420	1180383
baseline	n02	B	30	90	120	30	1024287.4333333333	754549	1180811
baseline	n02	B	30	120	150	30	1000193.1333333333	865128	1131672
baseline	n02	B	30	150	180	30	1094849.4	893054	1247604
baseline	n02	B	30	180	210	30	989444.1333333333	695406	1224714
baseline	n02	B	30	210	240	30	1074056.4666666666	737194	1219630
baseline	n02	B	30	240	270	30	1010520.7	694388	1209802
baseline	n02	B	30	270	300	29	1031681.448275862	751274	1182974
baseline	n02	B	60	0	60	60	1011212.7	707965	1226203
baseline	n02	B	60	60	120	60	1032265.1666666666	691420	1180811
baseline	n02	B	60	120	180	60	1047521.2666666667	865128	1247604
baseline	n02	B	60	180	240	60	1031750.3	695406	1224714
baseline	n02	B	60	240	300	59	1020921.7457627119	694388	1209802
baseline	n03	B	30	0	30	30	991520.1	586190	1232726
baseline	n03	B	30	30	60	30	1007784.7333333333	819815	1242324
baseline	n03	B	30	60	90	30	1041075.1333333333	847421	1220414
baseline	n03	B	30	90	120	30	966259.6666666666	703512	1166540
baseline	n03	B	30	120	150	30	1112093.7333333334	964990	1232249
baseline	n03	B	30	150	180	30	1061994.3666666667	736118	1244635
baseline	n03	B	30	180	210	30	1058367.6	681792	1252879
baseline	n03	B	30	210	240	30	1132155.5666666667	937524	1242298
baseline	n03	B	30	240	270	30	1104118.7333333334	989464	1248556
baseline	n03	B	30	270	300	30	1099854.7333333334	790303	1236342
baseline	n03	B	60	0	60	60	999652.4166666666	586190	1242324
baseline	n03	B	60	60	120	60	1003667.4	703512	1220414
baseline	n03	B	60	120	180	60	1087044.05	736118	1244635
baseline	n03	B	60	180	240	60	1095261.5833333333	681792	1252879
baseline	n03	B	60	240	300	60	1101986.7333333334	790303	1248556
baseline	n04	B	30	0	30	30	1020956.9333333333	751069	1247370
baseline	n04	B	30	30	60	30	1014835.3	725099	1208408
baseline	n04	B	30	60	90	30	1036995.4	865194	1177804
baseline	n04	B	30	90	120	30	989554.7333333333	591471	1151770
baseline	n04	B	30	120	150	30	1083785.3666666667	905483	1225747
baseline	n04	B	30	150	180	30	1059515.1666666667	749845	1251509
baseline	n04	B	30	180	210	30	1116137.2666666666	794643	1255365
baseline	n04	B	30	210	240	30	1109350.3666666667	839019	1212458
baseline	n04	B	30	240	270	30	1112173.0333333334	994863	1252925
baseline	n04	B	30	270	300	30	1109613.0333333334	1000633	1217461
baseline	n04	B	60	0	60	60	1017896.1166666667	725099	1247370
baseline	n04	B	60	60	120	60	1013275.0666666667	591471	1177804
baseline	n04	B	60	120	180	60	1071650.2666666666	749845	1251509
baseline	n04	B	60	180	240	60	1112743.8166666667	794643	1255365
baseline	n04	B	60	240	300	60	1110893.0333333334	994863	1252925
baseline	r01	B	30	0	30	30	1014638.2	840341	1216583
baseline	r01	B	30	30	60	30	972077.2666666667	633206	1138610
baseline	r01	B	30	60	90	30	989147.9	865670	1129742
baseline	r01	B	30	90	120	30	1011114.6333333333	676875	1167745
baseline	r01	B	30	120	150	30	1076273.7	991798	1172653
baseline	r01	B	30	150	180	30	1052059.8666666667	729380	1212112
baseline	r01	B	30	180	210	30	999383.2	683843	1182074
baseline	r01	B	30	210	240	30	1077657.2666666666	706532	1220789
baseline	r01	B	30	240	270	30	1046852.7666666667	712882	1224595
baseline	r01	B	30	270	300	30	1084181.2333333334	894822	1182120
baseline	r01	B	60	0	60	60	993357.7333333333	633206	1216583
baseline	r01	B	60	60	120	60	1000131.2666666667	676875	1167745
baseline	r01	B	60	120	180	60	1064166.7833333334	729380	1212112
baseline	r01	B	60	180	240	60	1038520.2333333333	683843	1220789
baseline	r01	B	60	240	300	60	1065517	712882	1224595
baseline	r02	B	30	0	30	30	1006266.7333333333	726247	1231119
baseline	r02	B	30	30	60	30	993054.5	714846	1179119
baseline	r02	B	30	60	90	30	1038941.3	778083	1254373
baseline	r02	B	30	90	120	30	971193.4666666667	660562	1146576
baseline	r02	B	30	120	150	30	986153.0666666667	689393	1204699
baseline	r02	B	30	150	180	30	1046742.9333333333	764992	1188346
baseline	r02	B	30	180	210	30	1097578.2	918779	1232027
baseline	r02	B	30	210	240	30	1094619.7	1021990	1199357
baseline	r02	B	30	240	270	30	978427.9666666667	716007	1215297
baseline	r02	B	30	270	300	29	1103273.5862068965	942853	1236220
baseline	r02	B	60	0	60	60	999660.6166666667	714846	1231119
baseline	r02	B	60	60	120	60	1005067.3833333333	660562	1254373
baseline	r02	B	60	120	180	60	1016448	689393	1204699
baseline	r02	B	60	180	240	60	1096098.95	918779	1232027
baseline	r02	B	60	240	300	59	1039792.7627118644	716007	1236220
baseline	run3	B	30	0	30	30	1033259.2333333333	778175	1250544
baseline	run3	B	30	30	60	30	973424.0666666667	553310	1276296
baseline	run3	B	30	60	90	30	976373.9333333333	645848	1154887
baseline	run3	B	30	90	120	30	908585.3	663761	1094046
baseline	run3	B	30	120	150	30	1079688.0333333334	695759	1236310
baseline	run3	B	30	150	180	30	1112385.4333333333	981391	1206720
baseline	run3	B	30	180	210	30	1108268.9333333333	943701	1236896
baseline	run3	B	30	210	240	30	1084349.6	761356	1212465
baseline	run3	B	30	240	270	30	1081945.6	796678	1259284
baseline	run3	B	30	270	300	30	1108255.1	725668	1248470
baseline	run3	B	60	0	60	60	1003341.65	553310	1276296
baseline	run3	B	60	60	120	60	942479.6166666667	645848	1154887
baseline	run3	B	60	120	180	60	1096036.7333333334	695759	1236310
baseline	run3	B	60	180	240	60	1096309.2666666666	761356	1236896
baseline	run3	B	60	240	300	60	1095100.35	725668	1259284
f2load	f01	B	30	0	30	30	1008032.4333333333	648091	1220330
f2load	f01	B	30	30	60	30	941143.3666666667	661807	1182651
f2load	f01	B	30	60	90	30	1041028.5666666667	854617	1223557
f2load	f01	B	30	90	120	30	1019931.7333333333	609564	1142240
f2load	f01	B	30	120	150	30	1090361.9666666666	749819	1214864
f2load	f01	B	30	150	180	30	1082746.9333333333	755685	1246695
f2load	f01	B	30	180	210	30	1090052.6	971323	1233942
f2load	f01	B	30	210	240	30	1110109.7333333334	961655	1218873
f2load	f01	B	30	240	270	30	1077354.4	835004	1192781
f2load	f01	B	30	270	300	30	1110601.7666666666	994368	1273911
f2load	f01	B	60	0	60	60	974587.9	648091	1220330
f2load	f01	B	60	60	120	60	1030480.15	609564	1223557
f2load	f01	B	60	120	180	60	1086554.45	749819	1246695
f2load	f01	B	60	180	240	60	1100081.1666666667	961655	1233942
f2load	f01	B	60	240	300	60	1093978.0833333333	835004	1273911
f2load	f02	B	30	0	30	30	1022576.3333333334	747521	1216739
f2load	f02	B	30	30	60	30	1030430.1666666666	582346	1260934
f2load	f02	B	30	60	90	30	1032847.9666666667	630062	1172906
f2load	f02	B	30	90	120	30	1001970.4666666667	667567	1283124
f2load	f02	B	30	120	150	30	1075885.7666666666	764041	1218515
f2load	f02	B	30	150	180	30	959697.4	643953	1179142
f2load	f02	B	30	180	210	30	1065171.9	762403	1223215
f2load	f02	B	30	210	240	30	1039379.4333333333	778602	1175193
f2load	f02	B	30	240	270	30	1079583.3666666667	788822	1220477
f2load	f02	B	30	270	300	30	1077685.7666666666	776931	1203982
f2load	f02	B	60	0	60	60	1026503.25	582346	1260934
f2load	f02	B	60	60	120	60	1017409.2166666667	630062	1283124
f2load	f02	B	60	120	180	60	1017791.5833333334	643953	1218515
f2load	f02	B	60	180	240	60	1052275.6666666667	762403	1223215
f2load	f02	B	60	240	300	60	1078634.5666666667	776931	1220477
f2load	f03	B	30	0	30	30	1038145.4666666667	815782	1226239
f2load	f03	B	30	30	60	30	1014878.7666666667	887163	1180169
f2load	f03	B	30	60	90	30	1013634.9333333333	777435	1207296
f2load	f03	B	30	90	120	30	1020667.4333333333	721122	1205875
f2load	f03	B	30	120	150	30	1041730.3333333334	644052	1242109
f2load	f03	B	30	150	180	30	1073708.7	766001	1206188
f2load	f03	B	30	180	210	30	1075174.8666666667	897083	1197021
f2load	f03	B	30	210	240	30	1036689.4	677088	1276658
f2load	f03	B	30	240	270	30	1086793.2	754346	1229598
f2load	f03	B	30	270	300	30	1049106.1333333333	732659	1258812
f2load	f03	B	60	0	60	60	1026512.1166666667	815782	1226239
f2load	f03	B	60	60	120	60	1017151.1833333333	721122	1207296
f2load	f03	B	60	120	180	60	1057719.5166666666	644052	1242109
f2load	f03	B	60	180	240	60	1055932.1333333333	677088	1276658
f2load	f03	B	60	240	300	60	1067949.6666666667	732659	1258812
f2load	f04	B	30	0	30	30	1010335.3333333334	603938	1253375
f2load	f04	B	30	30	60	30	1004645.3666666667	741367	1177515
f2load	f04	B	30	60	90	30	1017768.6	679466	1225709
f2load	f04	B	30	90	120	30	919023.5666666667	631243	1165840
f2load	f04	B	30	120	150	30	1092554.8	1016888	1205645
f2load	f04	B	30	150	180	30	1091275.6666666667	837405	1214825
f2load	f04	B	30	180	210	30	1049468.0666666667	707945	1250994
f2load	f04	B	30	210	240	30	1041303.1	682606	1247266
f2load	f04	B	30	240	270	30	1049797.6	776862	1213879
f2load	f04	B	30	270	300	30	1089659.9333333333	627470	1235005
f2load	f04	B	60	0	60	60	1007490.35	603938	1253375
f2load	f04	B	60	60	120	60	968396.0833333334	631243	1225709
f2load	f04	B	60	120	180	60	1091915.2333333334	837405	1214825
f2load	f04	B	60	180	240	60	1045385.5833333334	682606	1250994
f2load	f04	B	60	240	300	60	1069728.7666666666	627470	1235005
f2load	f05	B	30	0	30	30	1028937.3	722016	1188029
f2load	f05	B	30	30	60	30	1021895.3333333334	900615	1213215
f2load	f05	B	30	60	90	30	1038500.5	912970	1164588
f2load	f05	B	30	90	120	30	970686.9333333333	757485	1148217
f2load	f05	B	30	120	150	30	1100344.3	924597	1242441
f2load	f05	B	30	150	180	30	1073507.7	918036	1182875
f2load	f05	B	30	180	210	30	1041353.4666666667	677041	1238712
f2load	f05	B	30	210	240	30	1102626.8333333333	1009405	1196015
f2load	f05	B	30	240	270	30	1079872.9666666666	717255	1242754
f2load	f05	B	30	270	300	30	1070829.3	720433	1258923
f2load	f05	B	60	0	60	60	1025416.3166666667	722016	1213215
f2load	f05	B	60	60	120	60	1004593.7166666667	757485	1164588
f2load	f05	B	60	120	180	60	1086926	918036	1242441
f2load	f05	B	60	180	240	60	1071990.15	677041	1238712
f2load	f05	B	60	240	300	60	1075351.1333333333	717255	1258923
f2load	f06	B	30	0	30	30	994488.3666666667	664604	1174689
f2load	f06	B	30	30	60	30	977438.8666666667	757093	1154720
f2load	f06	B	30	60	90	30	1053531.2333333334	719342	1253779
f2load	f06	B	30	90	120	30	1008139.6	895422	1105048
f2load	f06	B	30	120	150	30	1053747.1	698284	1255833
f2load	f06	B	30	150	180	30	1053682.0666666667	726906	1261380
f2load	f06	B	30	180	210	30	1101905.5666666667	945339	1257549
f2load	f06	B	30	210	240	30	1100656.0333333334	947861	1245718
f2load	f06	B	30	240	270	30	995269.3333333334	662350	1222861
f2load	f06	B	30	270	300	30	1054598.4333333333	754795	1259926
f2load	f06	B	60	0	60	60	985963.6166666667	664604	1174689
f2load	f06	B	60	60	120	60	1030835.4166666666	719342	1253779
f2load	f06	B	60	120	180	60	1053714.5833333333	698284	1261380
f2load	f06	B	60	180	240	60	1101280.8	945339	1257549
f2load	f06	B	60	240	300	60	1024933.8833333333	662350	1259926
f2load	f07	B	30	0	30	30	1032398.6	771777	1237127
f2load	f07	B	30	30	60	30	1014838.7	811786	1237214
f2load	f07	B	30	60	90	30	987463.8666666667	665837	1151801
f2load	f07	B	30	90	120	30	958133.7	614828	1215263
f2load	f07	B	30	120	150	30	1042010.9333333333	740479	1265614
f2load	f07	B	30	150	180	30	1059630.7666666666	672036	1220707
f2load	f07	B	30	180	210	30	1066530.8666666667	740422	1200936
f2load	f07	B	30	210	240	30	1073447.0666666667	758294	1192457
f2load	f07	B	30	240	270	30	1048230.5666666667	689245	1229955
f2load	f07	B	30	270	300	29	1024701.9655172414	642735	1254571
f2load	f07	B	60	0	60	60	1023618.65	771777	1237214
f2load	f07	B	60	60	120	60	972798.7833333333	614828	1215263
f2load	f07	B	60	120	180	60	1050820.85	672036	1265614
f2load	f07	B	60	180	240	60	1069988.9666666666	740422	1200936
f2load	f07	B	60	240	300	59	1036665.6610169491	642735	1254571
f2load	f08	B	30	0	30	30	1022256.8	739337	1185862
f2load	f08	B	30	30	60	30	1032526.2666666667	616770	1215955
f2load	f08	B	30	60	90	30	937300.4	692933	1191516
f2load	f08	B	30	90	120	30	1015489.1666666666	795119	1241028
f2load	f08	B	30	120	150	30	1092234.8666666667	928977	1263871
f2load	f08	B	30	150	180	30	1079387.2	924868	1220369
f2load	f08	B	30	180	210	30	1097178.2	921574	1215220
f2load	f08	B	30	210	240	30	1086462.2333333334	810255	1233787
f2load	f08	B	30	240	270	30	1055738.7333333334	706348	1220861
f2load	f08	B	30	270	300	30	1085691.7	936833	1209988
f2load	f08	B	60	0	60	60	1027391.5333333333	616770	1215955
f2load	f08	B	60	60	120	60	976394.7833333333	692933	1241028
f2load	f08	B	60	120	180	60	1085811.0333333334	924868	1263871
f2load	f08	B	60	180	240	60	1091820.2166666666	810255	1233787
f2load	f08	B	60	240	300	60	1070715.2166666666	706348	1220861
f2load	f09	B	30	0	30	30	1027279.5666666667	664303	1216891
f2load	f09	B	30	30	60	30	999231.8	858930	1205900
f2load	f09	B	30	60	90	30	956423.9666666667	708492	1126938
f2load	f09	B	30	90	120	30	1024694.5333333333	734944	1185216
f2load	f09	B	30	120	150	30	1070852.6666666667	705887	1199326
f2load	f09	B	30	150	180	30	1071825.4333333333	931718	1195074
f2load	f09	B	30	180	210	30	1032183.2	633445	1178852
f2load	f09	B	30	210	240	30	1097003.2666666666	938527	1233321
f2load	f09	B	30	240	270	30	1087746.7	802695	1251951
f2load	f09	B	30	270	300	30	1084291.9333333333	688754	1245591
f2load	f09	B	60	0	60	60	1013255.6833333333	664303	1216891
f2load	f09	B	60	60	120	60	990559.25	708492	1185216
f2load	f09	B	60	120	180	60	1071339.05	705887	1199326
f2load	f09	B	60	180	240	60	1064593.2333333334	633445	1233321
f2load	f09	B	60	240	300	60	1086019.3166666667	688754	1251951
f2load	f10	B	30	0	30	30	1039510.3666666667	746031	1243157
f2load	f10	B	30	30	60	30	955462.8666666667	567835	1131682
f2load	f10	B	30	60	90	30	1034914.4666666667	882370	1164132
f2load	f10	B	30	90	120	30	996857	879715	1099763
f2load	f10	B	30	120	150	30	1102327.0333333334	1003942	1240926
f2load	f10	B	30	150	180	30	1095278.4333333333	975121	1254179
f2load	f10	B	30	180	210	30	1041603.6	661803	1192344
f2load	f10	B	30	210	240	30	1070485.7666666666	769862	1202909
f2load	f10	B	30	240	270	30	1030939.5333333333	653079	1189626
f2load	f10	B	30	270	300	30	1068118.9333333333	893156	1163494
f2load	f10	B	60	0	60	60	997486.6166666667	567835	1243157
f2load	f10	B	60	60	120	60	1015885.7333333333	879715	1164132
f2load	f10	B	60	120	180	60	1098802.7333333334	975121	1254179
f2load	f10	B	60	180	240	60	1056044.6833333333	661803	1202909
f2load	f10	B	60	240	300	60	1049529.2333333334	653079	1189626
baseline	b01	C	30	0	30	30	1353624.6666666667	880550	1507406
baseline	b01	C	30	30	60	30	1571286.1333333333	1361091	1656624
baseline	b01	C	30	60	90	30	1631825.7666666666	1570232	1656261
baseline	b01	C	30	90	120	30	1629268.6	1564049	1643390
baseline	b01	C	30	120	150	30	1619927.0333333334	1573309	1638111
baseline	b01	C	30	150	180	30	1623724.1	1566225	1634680
baseline	b01	C	30	180	210	30	1617969.3666666667	1576272	1633491
baseline	b01	C	30	210	240	30	1623370.8	1577636	1640516
baseline	b01	C	30	240	270	30	1648434.1333333333	1639574	1657223
baseline	b01	C	30	270	300	30	1651282.2666666666	1638508	1656595
baseline	b01	C	60	0	60	60	1462455.4	880550	1656624
baseline	b01	C	60	60	120	60	1630547.1833333333	1564049	1656261
baseline	b01	C	60	120	180	60	1621825.5666666667	1566225	1638111
baseline	b01	C	60	180	240	60	1620670.0833333333	1576272	1640516
baseline	b01	C	60	240	300	60	1649858.2	1638508	1657223
baseline	b02	C	30	0	30	30	1390898.7333333334	897820	1566929
baseline	b02	C	30	30	60	30	1646341.9666666666	1409507	1707686
baseline	b02	C	30	60	90	30	1687448.7	1620911	1706540
baseline	b02	C	30	90	120	30	1683142.5	1642571	1700078
baseline	b02	C	30	120	150	30	1666374.7666666666	1615273	1686538
baseline	b02	C	30	150	180	30	1672347.8666666667	1636148	1683872
baseline	b02	C	30	180	210	30	1665412.1666666667	1623565	1681511
baseline	b02	C	30	210	240	30	1668515.7666666666	1636234	1680215
baseline	b02	C	30	240	270	30	1665201.4666666666	1634045	1676705
baseline	b02	C	30	270	300	30	1684997.4333333333	1660904	1700467
baseline	b02	C	60	0	60	60	1518620.35	897820	1707686
baseline	b02	C	60	60	120	60	1685295.6	1620911	1706540
baseline	b02	C	60	120	180	60	1669361.3166666667	1615273	1686538
baseline	b02	C	60	180	240	60	1666963.9666666666	1623565	1681511
baseline	b02	C	60	240	300	60	1675099.45	1634045	1700467
baseline	b03	C	30	0	30	30	1348125.5666666667	887790	1535077
baseline	b03	C	30	30	60	30	1562720.4666666666	1361702	1636607
baseline	b03	C	30	60	90	30	1607785.2	1535464	1636496
baseline	b03	C	30	90	120	30	1614115.9333333333	1537539	1629718
baseline	b03	C	30	120	150	30	1604556.1333333333	1543589	1627130
baseline	b03	C	30	150	180	30	1608510.7	1546892	1620699
baseline	b03	C	30	180	210	30	1607784.0666666667	1573889	1623416
baseline	b03	C	30	210	240	30	1629591.5666666667	1621646	1638563
baseline	b03	C	30	240	270	30	1636673.6	1630957	1641148
baseline	b03	C	30	270	300	30	1636181.3666666667	1624114	1640121
baseline	b03	C	60	0	60	60	1455423.0166666666	887790	1636607
baseline	b03	C	60	60	120	60	1610950.5666666667	1535464	1636496
baseline	b03	C	60	120	180	60	1606533.4166666667	1543589	1627130
baseline	b03	C	60	180	240	60	1618687.8166666667	1573889	1638563
baseline	b03	C	60	240	300	60	1636427.4833333334	1624114	1641148
baseline	n01	C	30	0	30	30	1355313	872739	1549662
baseline	n01	C	30	30	60	30	1586825.3333333333	1367390	1652184
baseline	n01	C	30	60	90	30	1633793.5333333334	1592195	1652406
baseline	n01	C	30	90	120	30	1637272.5333333334	1596367	1649306
baseline	n01	C	30	120	150	30	1631549.6333333333	1597882	1643281
baseline	n01	C	30	150	180	30	1631170.3666666667	1596728	1640523
baseline	n01	C	30	180	210	30	1615367.8333333333	1574763	1630414
baseline	n01	C	30	210	240	30	1617660	1576450	1628386
baseline	n01	C	30	240	270	30	1613330.1666666667	1580266	1624769
baseline	n01	C	30	270	300	30	1620271.5	1594746	1636711
baseline	n01	C	60	0	60	60	1471069.1666666667	872739	1652184
baseline	n01	C	60	60	120	60	1635533.0333333334	1592195	1652406
baseline	n01	C	60	120	180	60	1631360	1596728	1643281
baseline	n01	C	60	180	240	60	1616513.9166666667	1574763	1630414
baseline	n01	C	60	240	300	60	1616800.8333333333	1580266	1636711
baseline	n02	C	30	0	30	30	1373470	884564	1563486
baseline	n02	C	30	30	60	30	1617229.4	1393719	1678114
baseline	n02	C	30	60	90	30	1650100.1	1598081	1673656
baseline	n02	C	30	90	120	30	1649707.5	1575080	1664231
baseline	n02	C	30	120	150	30	1641053.2333333334	1580981	1661824
baseline	n02	C	30	150	180	30	1644572.6	1588132	1656657
baseline	n02	C	30	180	210	30	1639990.4666666666	1590393	1653645
baseline	n02	C	30	210	240	30	1645601.2	1595756	1661496
baseline	n02	C	30	240	270	30	1669435.8666666667	1648651	1675880
baseline	n02	C	30	270	300	30	1670171.8666666667	1657084	1674070
baseline	n02	C	60	0	60	60	1495349.7	884564	1678114
baseline	n02	C	60	60	120	60	1649903.8	1575080	1673656
baseline	n02	C	60	120	180	60	1642812.9166666667	1580981	1661824
baseline	n02	C	60	180	240	60	1642795.8333333333	1590393	1661496
baseline	n02	C	60	240	300	60	1669803.8666666667	1648651	1675880
baseline	n03	C	30	0	30	30	1373381.5	905910	1534123
baseline	n03	C	30	30	60	30	1587156.2	1375738	1689252
baseline	n03	C	30	60	90	30	1660355.3	1591842	1686578
baseline	n03	C	30	90	120	30	1656547	1585081	1673743
baseline	n03	C	30	120	150	30	1646069.6	1592701	1668771
baseline	n03	C	30	150	180	30	1650876.1	1588347	1663782
baseline	n03	C	30	180	210	30	1660466.2	1619274	1678530
baseline	n03	C	30	210	240	30	1679584.2	1671363	1684710
baseline	n03	C	30	240	270	30	1681227.9666666666	1673760	1686693
baseline	n03	C	30	270	300	30	1679890.7666666666	1667533	1684963
baseline	n03	C	60	0	60	60	1480268.85	905910	1689252
baseline	n03	C	60	60	120	60	1658451.15	1585081	1686578
baseline	n03	C	60	120	180	60	1648472.85	1588347	1668771
baseline	n03	C	60	180	240	60	1670025.2	1619274	1684710
baseline	n03	C	60	240	300	60	1680559.3666666667	1667533	1686693
baseline	n04	C	30	0	30	30	1386501.5	889237	1563668
baseline	n04	C	30	30	60	30	1630476.6666666667	1397730	1698736
baseline	n04	C	30	60	90	30	1677030.1666666667	1612666	1694498
baseline	n04	C	30	90	120	30	1669164.8333333333	1600422	1688209
baseline	n04	C	30	120	150	30	1657565.0666666667	1608611	1679839
baseline	n04	C	30	150	180	30	1663662.0666666667	1623668	1674711
baseline	n04	C	30	180	210	30	1656901.0666666667	1614998	1674338
baseline	n04	C	30	210	240	30	1660559.5	1621408	1668901
baseline	n04	C	30	240	270	30	1663718.4666666666	1621921	1682355
baseline	n04	C	30	270	300	30	1688537.5333333334	1676602	1693963
baseline	n04	C	60	0	60	60	1508489.0833333333	889237	1698736
baseline	n04	C	60	60	120	60	1673097.5	1600422	1694498
baseline	n04	C	60	120	180	60	1660613.5666666667	1608611	1679839
baseline	n04	C	60	180	240	60	1658730.2833333334	1614998	1674338
baseline	n04	C	60	240	300	60	1676128	1621921	1693963
baseline	r01	C	30	0	30	30	1359898.4666666666	905102	1548359
baseline	r01	C	30	30	60	30	1594651.5333333334	1368255	1661437
baseline	r01	C	30	60	90	30	1649078.8333333333	1610407	1662713
baseline	r01	C	30	90	120	30	1650805.8666666667	1610703	1659306
baseline	r01	C	30	120	150	30	1639907.0333333334	1602700	1655262
baseline	r01	C	30	150	180	30	1623911.7333333334	1578486	1636382
baseline	r01	C	30	180	210	30	1621530.5666666667	1583669	1634669
baseline	r01	C	30	210	240	30	1619868.2666666666	1584161	1630238
baseline	r01	C	30	240	270	30	1618881.5666666667	1586025	1630891
baseline	r01	C	30	270	300	30	1619218.8666666667	1590478	1629434
baseline	r01	C	60	0	60	60	1477275	905102	1661437
baseline	r01	C	60	60	120	60	1649942.35	1610407	1662713
baseline	r01	C	60	120	180	60	1631909.3833333333	1578486	1655262
baseline	r01	C	60	180	240	60	1620699.4166666667	1583669	1634669
baseline	r01	C	60	240	300	60	1619050.2166666666	1586025	1630891
baseline	r02	C	30	0	30	30	1355299.2	877092	1530377
baseline	r02	C	30	30	60	30	1584792.3333333333	1370537	1654930
baseline	r02	C	30	60	90	30	1627703.4666666666	1557590	1653400
baseline	r02	C	30	90	120	30	1628172.8	1566347	1644514
baseline	r02	C	30	120	150	30	1617996.9	1571245	1638776
baseline	r02	C	30	150	180	30	1622284.8	1569955	1634152
baseline	r02	C	30	180	210	30	1615567.1	1574458	1631111
baseline	r02	C	30	210	240	30	1620768.3	1574401	1630830
baseline	r02	C	30	240	270	30	1637259.9	1601376	1649164
baseline	r02	C	30	270	300	29	1649528.6206896552	1641276	1654605
baseline	r02	C	60	0	60	60	1470045.7666666666	877092	1654930
baseline	r02	C	60	60	120	60	1627938.1333333333	1557590	1653400
baseline	r02	C	60	120	180	60	1620140.85	1569955	1638776
baseline	r02	C	60	180	240	60	1618167.7	1574401	1631111
baseline	r02	C	60	240	300	59	1643290.2881355933	1601376	1654605
baseline	run3	C	30	0	30	30	1295320.6333333333	857520	1464556
baseline	run3	C	30	30	60	30	1486551.2333333334	1291687	1569413
baseline	run3	C	30	60	90	30	1563063.7666666666	1507349	1572059
baseline	run3	C	30	90	120	30	1553754.8666666667	1503845	1569197
baseline	run3	C	30	120	150	30	1545850.7	1504972	1562797
baseline	run3	C	30	150	180	30	1529809.3666666667	1487272	1548798
baseline	run3	C	30	180	210	30	1535490.8	1496650	1549946
baseline	run3	C	30	210	240	30	1533338.5	1493349	1545127
baseline	run3	C	30	240	270	30	1530246	1497967	1542885
baseline	run3	C	30	270	300	30	1538718.1	1498574	1555249
baseline	run3	C	60	0	60	60	1390935.9333333333	857520	1569413
baseline	run3	C	60	60	120	60	1558409.3166666667	1503845	1572059
baseline	run3	C	60	120	180	60	1537830.0333333334	1487272	1562797
baseline	run3	C	60	180	240	60	1534414.65	1493349	1549946
baseline	run3	C	60	240	300	60	1534482.05	1497967	1555249
f2load	f01	C	30	0	30	30	1062485.3	791188	1135723
f2load	f01	C	30	30	60	30	1093301.8333333333	1010132	1171223
f2load	f01	C	30	60	90	30	1158354.3333333333	1099743	1170855
f2load	f01	C	30	90	120	30	1158740.0333333334	1121304	1170923
f2load	f01	C	30	120	150	30	1158285.5	1107253	1169628
f2load	f01	C	30	150	180	30	1157531.4666666666	1112161	1167994
f2load	f01	C	30	180	210	30	1157469.5	1127137	1165481
f2load	f01	C	30	210	240	30	1154028.5	1114494	1164827
f2load	f01	C	30	240	270	30	1159299.7333333334	1130043	1172309
f2load	f01	C	30	270	300	30	1171853.8	1166070	1175114
f2load	f01	C	60	0	60	60	1077893.5666666667	791188	1171223
f2load	f01	C	60	60	120	60	1158547.1833333333	1099743	1170923
f2load	f01	C	60	120	180	60	1157908.4833333334	1107253	1169628
f2load	f01	C	60	180	240	60	1155749	1114494	1165481
f2load	f01	C	60	240	300	60	1165576.7666666666	1130043	1175114
f2load	f02	C	30	0	30	30	1293325.3333333333	855219	1465308
f2load	f02	C	30	30	60	30	1489713.9333333333	1294040	1571348
f2load	f02	C	30	60	90	30	1561516.7666666666	1508899	1570643
f2load	f02	C	30	90	120	30	1556542.9	1513229	1569751
f2load	f02	C	30	120	150	30	1549516.8	1517236	1564273
f2load	f02	C	30	150	180	30	1529537.6333333333	1488036	1548251
f2load	f02	C	30	180	210	30	1534492	1496929	1546004
f2load	f02	C	30	210	240	30	1532527.3666666667	1488377	1543341
f2load	f02	C	30	240	270	30	1527718.7333333334	1497289	1539497
f2load	f02	C	30	270	300	30	1530902.7666666666	1497546	1539427
f2load	f02	C	60	0	60	60	1391519.6333333333	855219	1571348
f2load	f02	C	60	60	120	60	1559029.8333333333	1508899	1570643
f2load	f02	C	60	120	180	60	1539527.2166666666	1488036	1564273
f2load	f02	C	60	180	240	60	1533509.6833333333	1488377	1546004
f2load	f02	C	60	240	300	60	1529310.75	1497289	1539497
f2load	f03	C	30	0	30	30	1324104.4333333333	866224	1507456
f2load	f03	C	30	30	60	30	1537086.8333333333	1333043	1604477
f2load	f03	C	30	60	90	30	1584186.9	1544987	1604420
f2load	f03	C	30	90	120	30	1582323.9333333333	1542403	1603036
f2load	f03	C	30	120	150	30	1571646.7666666666	1510138	1588670
f2load	f03	C	30	150	180	30	1568371.5	1524402	1583815
f2load	f03	C	30	180	210	30	1568978.2333333334	1514755	1580569
f2load	f03	C	30	210	240	30	1564683.6	1523466	1578016
f2load	f03	C	30	240	270	30	1580194.6666666667	1550185	1600430
f2load	f03	C	30	270	300	30	1597922	1592188	1601691
f2load	f03	C	60	0	60	60	1430595.6333333333	866224	1604477
f2load	f03	C	60	60	120	60	1583255.4166666667	1542403	1604420
f2load	f03	C	60	120	180	60	1570009.1333333333	1510138	1588670
f2load	f03	C	60	180	240	60	1566830.9166666667	1514755	1580569
f2load	f03	C	60	240	300	60	1589058.3333333333	1550185	1601691
f2load	f04	C	30	0	30	30	1394641.7333333334	914599	1597384
f2load	f04	C	30	30	60	30	1643774.0333333334	1417045	1704550
f2load	f04	C	30	60	90	30	1684676.3666666667	1639529	1703415
f2load	f04	C	30	90	120	30	1677394.2	1633595	1694750
f2load	f04	C	30	120	150	30	1667078.3333333333	1605828	1686825
f2load	f04	C	30	150	180	30	1669608.7333333334	1633326	1681710
f2load	f04	C	30	180	210	30	1666875.5333333334	1618954	1679706
f2load	f04	C	30	210	240	30	1665727.8333333333	1629409	1675180
f2load	f04	C	30	240	270	30	1681756	1629518	1703111
f2load	f04	C	30	270	300	30	1696574.8666666667	1686182	1702350
f2load	f04	C	60	0	60	60	1519207.8833333333	914599	1704550
f2load	f04	C	60	60	120	60	1681035.2833333334	1633595	1703415
f2load	f04	C	60	120	180	60	1668343.5333333334	1605828	1686825
f2load	f04	C	60	180	240	60	1666301.6833333333	1618954	1679706
f2load	f04	C	60	240	300	60	1689165.4333333333	1629518	1703111
f2load	f05	C	30	0	30	30	1319489.5666666667	848083	1509694
f2load	f05	C	30	30	60	30	1538674.4666666666	1329319	1601170
f2load	f05	C	30	60	90	30	1581544.7333333334	1541843	1600970
f2load	f05	C	30	90	120	30	1586122.0666666667	1547731	1598392
f2load	f05	C	30	120	150	30	1580228.4333333333	1538124	1591998
f2load	f05	C	30	150	180	30	1568835.4666666666	1511426	1583392
f2load	f05	C	30	180	210	30	1567304.4	1526377	1579331
f2load	f05	C	30	210	240	30	1558531.2333333334	1520507	1573879
f2load	f05	C	30	240	270	30	1566342.4333333333	1534353	1573681
f2load	f05	C	30	270	300	30	1574387.6666666667	1530618	1591488
f2load	f05	C	60	0	60	60	1429082.0166666666	848083	1601170
f2load	f05	C	60	60	120	60	1583833.4	1541843	1600970
f2load	f05	C	60	120	180	60	1574531.95	1511426	1591998
f2load	f05	C	60	180	240	60	1562917.8166666667	1520507	1579331
f2load	f05	C	60	240	300	60	1570365.05	1530618	1591488
f2load	f06	C	30	0	30	30	1260823.1333333333	840739	1413979
f2load	f06	C	30	30	60	30	1423473	1238273	1499342
f2load	f06	C	30	60	90	30	1486062.0333333334	1438402	1500301
f2load	f06	C	30	90	120	30	1482664	1435364	1499326
f2load	f06	C	30	120	150	30	1477471.8666666667	1417751	1489473
f2load	f06	C	30	150	180	30	1473281.6333333333	1426949	1486435
f2load	f06	C	30	180	210	30	1473431.4333333333	1429556	1486847
f2load	f06	C	30	210	240	30	1480023.6333333333	1452251	1488232
f2load	f06	C	30	240	270	30	1473120.1	1443446	1481644
f2load	f06	C	30	270	300	29	1485939.3103448276	1447109	1498278
f2load	f06	C	60	0	60	60	1342148.0666666667	840739	1499342
f2load	f06	C	60	60	120	60	1484363.0166666666	1435364	1500301
f2load	f06	C	60	120	180	60	1475376.75	1417751	1489473
f2load	f06	C	60	180	240	60	1476727.5333333334	1429556	1488232
f2load	f06	C	60	240	300	59	1479421.06779661	1443446	1498278
f2load	f07	C	30	0	30	30	1293561.1333333333	851265	1468619
f2load	f07	C	30	30	60	30	1486199.1	1292303	1551140
f2load	f07	C	30	60	90	30	1534768.4666666666	1491206	1550558
f2load	f07	C	30	90	120	30	1526950.8666666667	1488666	1544347
f2load	f07	C	30	120	150	30	1524714.4	1468440	1537070
f2load	f07	C	30	150	180	30	1514549.9	1464622	1531802
f2load	f07	C	30	180	210	30	1520837.8666666667	1473109	1530406
f2load	f07	C	30	210	240	30	1516537.2333333334	1478017	1528565
f2load	f07	C	30	240	270	30	1516048.3666666667	1481437	1526553
f2load	f07	C	30	270	300	30	1537596.8666666667	1526943	1548503
f2load	f07	C	60	0	60	60	1389880.1166666667	851265	1551140
f2load	f07	C	60	60	120	60	1530859.6666666667	1488666	1550558
f2load	f07	C	60	120	180	60	1519632.15	1464622	1537070
f2load	f07	C	60	180	240	60	1518687.55	1473109	1530406
f2load	f07	C	60	240	300	60	1526822.6166666667	1481437	1548503
f2load	f08	C	30	0	30	30	1233996.2333333334	855467	1376388
f2load	f08	C	30	30	60	30	1362585.8	1207978	1464386
f2load	f08	C	30	60	90	30	1450682.3	1398612	1463113
f2load	f08	C	30	90	120	30	1444348.1666666667	1404039	1460931
f2load	f08	C	30	120	150	30	1445547.1	1407394	1457678
f2load	f08	C	30	150	180	30	1445253.5666666667	1412141	1455792
f2load	f08	C	30	180	210	30	1435037.9333333333	1390934	1446478
f2load	f08	C	30	210	240	30	1429888.9333333333	1387419	1443653
f2load	f08	C	30	240	270	30	1434033.2666666666	1396122	1443612
f2load	f08	C	30	270	300	30	1451642.0333333334	1421862	1463039
f2load	f08	C	60	0	60	60	1298291.0166666666	855467	1464386
f2load	f08	C	60	60	120	60	1447515.2333333334	1398612	1463113
f2load	f08	C	60	120	180	60	1445400.3333333333	1407394	1457678
f2load	f08	C	60	180	240	60	1432463.4333333333	1387419	1446478
f2load	f08	C	60	240	300	60	1442837.65	1396122	1463039
f2load	f09	C	30	0	30	30	1181185.6333333333	828097	1297169
f2load	f09	C	30	30	60	30	1272839.5666666667	1147902	1348066
f2load	f09	C	30	60	90	30	1335978.2333333334	1279818	1346960
f2load	f09	C	30	90	120	30	1334460	1283290	1345085
f2load	f09	C	30	120	150	30	1323539.6666666667	1267837	1341524
f2load	f09	C	30	150	180	30	1326139	1270629	1336050
f2load	f09	C	30	180	210	30	1325603.1333333333	1277905	1334067
f2load	f09	C	30	210	240	30	1328578.6	1278471	1343410
f2load	f09	C	30	240	270	30	1345380.7666666666	1337693	1349699
f2load	f09	C	30	270	300	30	1346244.4333333333	1338547	1348615
f2load	f09	C	60	0	60	60	1227012.6	828097	1348066
f2load	f09	C	60	60	120	60	1335219.1166666667	1279818	1346960
f2load	f09	C	60	120	180	60	1324839.3333333333	1267837	1341524
f2load	f09	C	60	180	240	60	1327090.8666666667	1277905	1343410
f2load	f09	C	60	240	300	60	1345812.6	1337693	1349699
f2load	f10	C	30	0	30	30	1384829.8	897607	1540649
f2load	f10	C	30	30	60	30	1630005.0666666667	1403619	1703282
f2load	f10	C	30	60	90	30	1686421.3	1627800	1702264
f2load	f10	C	30	90	120	30	1681900.4	1628444	1693701
f2load	f10	C	30	120	150	30	1660911.9	1610967	1683649
f2load	f10	C	30	150	180	30	1666389.9	1620495	1677766
f2load	f10	C	30	180	210	30	1660364.6666666667	1616853	1674511
f2load	f10	C	30	210	240	30	1663457.7	1625094	1673132
f2load	f10	C	30	240	270	30	1659248.1333333333	1627267	1670269
f2load	f10	C	30	270	300	30	1677789.3	1652555	1695168
f2load	f10	C	60	0	60	60	1507417.4333333333	897607	1703282
f2load	f10	C	60	60	120	60	1684160.85	1627800	1702264
f2load	f10	C	60	120	180	60	1663650.9	1610967	1683649
f2load	f10	C	60	180	240	60	1661911.1833333333	1616853	1674511
f2load	f10	C	60	240	300	60	1668518.7166666666	1627267	1695168
baseline	b01	D	30	0	30	30	2237697.066666667	1392362	2582708
baseline	b01	D	30	30	60	30	2748864.6333333333	2308618	2870327
baseline	b01	D	30	60	90	30	2776777.2666666666	2663229	2832289
baseline	b01	D	30	90	120	30	2733891.466666667	2653200	2788350
baseline	b01	D	30	120	150	30	2704752.7	2623171	2740469
baseline	b01	D	30	150	180	30	2677361.1666666665	2626825	2720756
baseline	b01	D	30	180	210	30	2699554.966666667	2637672	2739694
baseline	b01	D	30	210	240	30	2699345.6333333333	2677742	2731242
baseline	b01	D	30	240	270	30	2676253.9	2642761	2704471
baseline	b01	D	30	270	300	29	2654515.6896551726	2626363	2673554
baseline	b01	D	60	0	60	60	2493280.85	1392362	2870327
baseline	b01	D	60	60	120	60	2755334.3666666667	2653200	2832289
baseline	b01	D	60	120	180	60	2691056.933333333	2623171	2740469
baseline	b01	D	60	180	240	60	2699450.3	2637672	2739694
baseline	b01	D	60	240	300	59	2665569.0169491526	2626363	2704471
baseline	b02	D	30	0	30	30	2246228.1333333333	1395099	2588034
baseline	b02	D	30	30	60	30	2781706.6666666665	2379967	2898411
baseline	b02	D	30	60	90	30	2801372.033333333	2700462	2875308
baseline	b02	D	30	90	120	30	2751241.5	2682625	2808908
baseline	b02	D	30	120	150	30	2723628.2	2651407	2766238
baseline	b02	D	30	150	180	30	2694300.2333333334	2651166	2742386
baseline	b02	D	30	180	210	30	2697965.2666666666	2657043	2735419
baseline	b02	D	30	210	240	30	2708404.466666667	2685053	2733425
baseline	b02	D	30	240	270	30	2686849.533333333	2645464	2719314
baseline	b02	D	30	270	300	30	2664815.7333333334	2613225	2698339
baseline	b02	D	60	0	60	60	2513967.4	1395099	2898411
baseline	b02	D	60	60	120	60	2776306.7666666666	2682625	2875308
baseline	b02	D	60	120	180	60	2708964.216666667	2651166	2766238
baseline	b02	D	60	180	240	60	2703184.8666666667	2657043	2735419
baseline	b02	D	60	240	300	60	2675832.6333333333	2613225	2719314
baseline	b03	D	30	0	30	30	2250480.8	1394659	2607085
baseline	b03	D	30	30	60	30	2778427.433333333	2370449	2891595
baseline	b03	D	30	60	90	30	2799085.566666667	2689079	2868466
baseline	b03	D	30	90	120	30	2747067	2672639	2813592
baseline	b03	D	30	120	150	30	2726751.1333333333	2664551	2773618
baseline	b03	D	30	150	180	30	2691920.9	2633497	2727632
baseline	b03	D	30	180	210	30	2687476.933333333	2638830	2725633
baseline	b03	D	30	210	240	30	2707519.033333333	2668858	2739034
baseline	b03	D	30	240	270	30	2688088.466666667	2663951	2716720
baseline	b03	D	30	270	300	30	2669522.933333333	2631639	2694003
baseline	b03	D	60	0	60	60	2514454.1166666667	1394659	2891595
baseline	b03	D	60	60	120	60	2773076.283333333	2672639	2868466
baseline	b03	D	60	120	180	60	2709336.0166666666	2633497	2773618
baseline	b03	D	60	180	240	60	2697497.9833333334	2638830	2739034
baseline	b03	D	60	240	300	60	2678805.7	2631639	2716720
baseline	n01	D	30	0	30	30	2241540.7	1352723	2591761
baseline	n01	D	30	30	60	30	2753693.1	2344853	2874938
baseline	n01	D	30	60	90	30	2769931.2333333334	2636593	2833773
baseline	n01	D	30	90	120	30	2729471.2333333334	2644418	2776204
baseline	n01	D	30	120	150	30	2691150.1	2621951	2754603
baseline	n01	D	30	150	180	30	2675992.8	2616157	2713537
baseline	n01	D	30	180	210	30	2713542.033333333	2681700	2750802
baseline	n01	D	30	210	240	30	2693715.4	2658897	2727397
baseline	n01	D	30	240	270	30	2674464.5	2656837	2705088
baseline	n01	D	30	270	300	30	2648595.5	2615686	2678745
baseline	n01	D	60	0	60	60	2497616.9	1352723	2874938
baseline	n01	D	60	60	120	60	2749701.2333333334	2636593	2833773
baseline	n01	D	60	120	180	60	2683571.45	2616157	2754603
baseline	n01	D	60	180	240	60	2703628.716666667	2658897	2750802
baseline	n01	D	60	240	300	60	2661530	2615686	2705088
baseline	n02	D	30	0	30	30	2255659.066666667	1396445	2584644
baseline	n02	D	30	30	60	30	2734280.6	2303781	2892102
baseline	n02	D	30	60	90	30	2775377.3	2629649	2851401
baseline	n02	D	30	90	120	30	2737216.566666667	2617946	2801697
baseline	n02	D	30	120	150	30	2760750.7666666666	2686206	2808535
baseline	n02	D	30	150	180	30	2765706.1333333333	2722566	2794845
baseline	n02	D	30	180	210	30	2737896.5	2640396	2774807
baseline	n02	D	30	210	240	30	2714646.033333333	2668904	2746692
baseline	n02	D	30	240	270	30	2688661.3	2653905	2716796
baseline	n02	D	30	270	300	30	2673507.2	2638656	2695426
baseline	n02	D	60	0	60	60	2494969.8333333335	1396445	2892102
baseline	n02	D	60	60	120	60	2756296.933333333	2617946	2851401
baseline	n02	D	60	120	180	60	2763228.45	2686206	2808535
baseline	n02	D	60	180	240	60	2726271.2666666666	2640396	2774807
baseline	n02	D	60	240	300	60	2681084.25	2638656	2716796
baseline	n03	D	30	0	30	30	2289538.3333333335	1425324	2641445
baseline	n03	D	30	30	60	30	2750472.066666667	2300790	2909518
baseline	n03	D	30	60	90	30	2789750.566666667	2660949	2865487
baseline	n03	D	30	90	120	30	2733030.933333333	2631130	2796553
baseline	n03	D	30	120	150	30	2774581.2333333334	2677970	2823353
baseline	n03	D	30	150	180	30	2773490.6666666665	2738771	2804071
baseline	n03	D	30	180	210	30	2742205.066666667	2692855	2778247
baseline	n03	D	30	210	240	30	2714080.2666666666	2675875	2748353
baseline	n03	D	30	240	270	30	2693387.8333333335	2634444	2724904
baseline	n03	D	30	270	300	30	2677308.2666666666	2628344	2709403
baseline	n03	D	60	0	60	60	2520005.2	1425324	2909518
baseline	n03	D	60	60	120	60	2761390.75	2631130	2865487
baseline	n03	D	60	120	180	60	2774035.95	2677970	2823353
baseline	n03	D	60	180	240	60	2728142.6666666665	2675875	2778247
baseline	n03	D	60	240	300	60	2685348.05	2628344	2724904
baseline	n04	D	30	0	30	30	2301720.1	1432834	2662071
baseline	n04	D	30	30	60	30	2823826.2	2410637	2938366
baseline	n04	D	30	60	90	30	2833391.8333333335	2729392	2895558
baseline	n04	D	30	90	120	30	2775511.1666666665	2702080	2844586
baseline	n04	D	30	120	150	30	2737024.7666666666	2673356	2783361
baseline	n04	D	30	150	180	30	2711982.5	2676216	2739897
baseline	n04	D	30	180	210	30	2741961.6333333333	2705453	2777511
baseline	n04	D	30	210	240	30	2727227.5	2698929	2757498
baseline	n04	D	30	240	270	30	2705252.2	2671474	2732196
baseline	n04	D	30	270	300	30	2677560.566666667	2642576	2706606
baseline	n04	D	60	0	60	60	2562773.15	1432834	2938366
baseline	n04	D	60	60	120	60	2804451.5	2702080	2895558
baseline	n04	D	60	120	180	60	2724503.6333333333	2673356	2783361
baseline	n04	D	60	180	240	60	2734594.566666667	2698929	2777511
baseline	n04	D	60	240	300	60	2691406.3833333333	2642576	2732196
baseline	r01	D	30	0	30	30	2230592.9	1343589	2576080
baseline	r01	D	30	30	60	30	2753276.433333333	2347187	2875208
baseline	r01	D	30	60	90	30	2780541.3	2673481	2856139
baseline	r01	D	30	90	120	30	2732200.9	2634030	2788078
baseline	r01	D	30	120	150	30	2711724.6333333333	2654238	2755937
baseline	r01	D	30	150	180	30	2680650.8333333335	2617209	2721296
baseline	r01	D	30	180	210	30	2720943.566666667	2676515	2755598
baseline	r01	D	30	210	240	30	2706207.7333333334	2678379	2734700
baseline	r01	D	30	240	270	30	2685038.066666667	2660601	2722158
baseline	r01	D	30	270	300	30	2661310.6666666665	2623112	2704918
baseline	r01	D	60	0	60	60	2491934.6666666665	1343589	2875208
baseline	r01	D	60	60	120	60	2756371.1	2634030	2856139
baseline	r01	D	60	120	180	60	2696187.7333333334	2617209	2755937
baseline	r01	D	60	180	240	60	2713575.65	2676515	2755598
baseline	r01	D	60	240	300	60	2673174.3666666667	2623112	2722158
baseline	r02	D	30	0	30	30	2202111.2	1346415	2545652
baseline	r02	D	30	30	60	30	2693045.033333333	2257628	2874252
baseline	r02	D	30	60	90	30	2766309.566666667	2650854	2832970
baseline	r02	D	30	90	120	30	2721440.6	2631951	2780105
baseline	r02	D	30	120	150	30	2710224.8333333335	2596236	2774935
baseline	r02	D	30	150	180	30	2749978.966666667	2715149	2780250
baseline	r02	D	30	180	210	30	2720882.966666667	2686788	2756990
baseline	r02	D	30	210	240	30	2696472.066666667	2662288	2731649
baseline	r02	D	30	240	270	30	2673443.3666666667	2649477	2705812
baseline	r02	D	30	270	300	30	2656000.6333333333	2622120	2688581
baseline	r02	D	60	0	60	60	2447578.1166666667	1346415	2874252
baseline	r02	D	60	60	120	60	2743875.0833333335	2631951	2832970
baseline	r02	D	60	120	180	60	2730101.9	2596236	2780250
baseline	r02	D	60	180	240	60	2708677.5166666666	2662288	2756990
baseline	r02	D	60	240	300	60	2664722	2622120	2705812
baseline	run3	D	30	0	30	30	2142287.966666667	1341175	2458052
baseline	run3	D	30	30	60	30	2626534.533333333	2228270	2812152
baseline	run3	D	30	60	90	30	2732567.533333333	2635379	2808458
baseline	run3	D	30	90	120	30	2687433.433333333	2590710	2748060
baseline	run3	D	30	120	150	30	2667224.066666667	2581220	2704674
baseline	run3	D	30	150	180	30	2706830.8666666667	2633876	2739916
baseline	run3	D	30	180	210	30	2704844.4	2677882	2734286
baseline	run3	D	30	210	240	30	2684412.8	2659393	2714660
baseline	run3	D	30	240	270	30	2662050.433333333	2636077	2684633
baseline	run3	D	30	270	300	30	2636943.3333333335	2599684	2664652
baseline	run3	D	60	0	60	60	2384411.25	1341175	2812152
baseline	run3	D	60	60	120	60	2710000.4833333334	2590710	2808458
baseline	run3	D	60	120	180	60	2687027.466666667	2581220	2739916
baseline	run3	D	60	180	240	60	2694628.6	2659393	2734286
baseline	run3	D	60	240	300	60	2649496.8833333333	2599684	2684633
f2load	f01	D	30	0	30	30	2241138.9	1394545	2614977
f2load	f01	D	30	30	60	30	2739578.6333333333	2338557	2853284
f2load	f01	D	30	60	90	30	2763639.9	2675947	2825169
f2load	f01	D	30	90	120	30	2708893.1333333333	2615658	2770124
f2load	f01	D	30	120	150	30	2689025.7	2626428	2743644
f2load	f01	D	30	150	180	30	2665037.5	2634080	2700910
f2load	f01	D	30	180	210	30	2648279.2333333334	2604928	2675587
f2load	f01	D	30	210	240	30	2680500.1	2649886	2712061
f2load	f01	D	30	240	270	30	2660616.8666666667	2630124	2690883
f2load	f01	D	30	270	300	30	2636151.2666666666	2529580	2672781
f2load	f01	D	60	0	60	60	2490358.7666666666	1394545	2853284
f2load	f01	D	60	60	120	60	2736266.5166666666	2615658	2825169
f2load	f01	D	60	120	180	60	2677031.6	2626428	2743644
f2load	f01	D	60	180	240	60	2664389.6666666665	2604928	2712061
f2load	f01	D	60	240	300	60	2648384.066666667	2529580	2690883
f2load	f02	D	30	0	30	30	2243106.2	1449622	2526642
f2load	f02	D	30	30	60	30	2680681.7333333334	2258363	2846427
f2load	f02	D	30	60	90	30	2751415.4	2627341	2830656
f2load	f02	D	30	90	120	30	2699880.2	2606615	2761165
f2load	f02	D	30	120	150	30	2705073.066666667	2598418	2769205
f2load	f02	D	30	150	180	30	2733603.6	2690074	2771085
f2load	f02	D	30	180	210	30	2704817.433333333	2668857	2734884
f2load	f02	D	30	210	240	30	2681697.1333333333	2645920	2714025
f2load	f02	D	30	240	270	30	2658463.8333333335	2620141	2685328
f2load	f02	D	30	270	300	30	2637211.466666667	2599223	2664836
f2load	f02	D	60	0	60	60	2461893.966666667	1449622	2846427
f2load	f02	D	60	60	120	60	2725647.8	2606615	2830656
f2load	f02	D	60	120	180	60	2719338.3333333335	2598418	2771085
f2load	f02	D	60	180	240	60	2693257.283333333	2645920	2734884
f2load	f02	D	60	240	300	60	2647837.65	2599223	2685328
f2load	f03	D	30	0	30	30	2225382.7	1428638	2559839
f2load	f03	D	30	30	60	30	2734971.7333333334	2312047	2865203
f2load	f03	D	30	60	90	30	2787441.3	2706629	2850349
f2load	f03	D	30	90	120	30	2726949.5	2615808	2818271
f2load	f03	D	30	120	150	30	2698276.933333333	2631611	2743579
f2load	f03	D	30	150	180	30	2669909.9	2609118	2708693
f2load	f03	D	30	180	210	30	2641381.8	2560559	2678501
f2load	f03	D	30	210	240	30	2663212.5	2622126	2696435
f2load	f03	D	30	240	270	30	2667867.966666667	2630538	2693597
f2load	f03	D	30	270	300	30	2648148.8333333335	2608100	2686509
f2load	f03	D	60	0	60	60	2480177.216666667	1428638	2865203
f2load	f03	D	60	60	120	60	2757195.4	2615808	2850349
f2load	f03	D	60	120	180	60	2684093.4166666665	2609118	2743579
f2load	f03	D	60	180	240	60	2652297.15	2560559	2696435
f2load	f03	D	60	240	300	60	2658008.4	2608100	2693597
f2load	f04	D	30	0	30	30	2306881.6666666665	1503832	2656231
f2load	f04	D	30	30	60	30	2814410.1333333333	2398636	2914051
f2load	f04	D	30	60	90	30	2834022.566666667	2752458	2907127
f2load	f04	D	30	90	120	30	2759673.5	2666332	2810938
f2load	f04	D	30	120	150	30	2734717.2666666666	2666455	2793900
f2load	f04	D	30	150	180	30	2703967.966666667	2661363	2744817
f2load	f04	D	30	180	210	30	2732689.2	2690880	2767864
f2load	f04	D	30	210	240	30	2725592.8	2679918	2768560
f2load	f04	D	30	240	270	30	2705083.066666667	2675920	2732425
f2load	f04	D	30	270	300	30	2677887.566666667	2645907	2715035
f2load	f04	D	60	0	60	60	2560645.9	1503832	2914051
f2load	f04	D	60	60	120	60	2796848.033333333	2666332	2907127
f2load	f04	D	60	120	180	60	2719342.6166666667	2661363	2793900
f2load	f04	D	60	180	240	60	2729141	2679918	2768560
f2load	f04	D	60	240	300	60	2691485.316666667	2645907	2732425
f2load	f05	D	30	0	30	30	2251911.533333333	1472914	2574594
f2load	f05	D	30	30	60	30	2747300.8666666667	2341896	2880416
f2load	f05	D	30	60	90	30	2757704.7666666666	2645579	2840460
f2load	f05	D	30	90	120	30	2704339.6666666665	2589363	2754633
f2load	f05	D	30	120	150	30	2680840.9	2604259	2737235
f2load	f05	D	30	150	180	30	2683768.066666667	2603444	2739457
f2load	f05	D	30	180	210	30	2710415.533333333	2661064	2742508
f2load	f05	D	30	210	240	30	2686428.8333333335	2630416	2717358
f2load	f05	D	30	240	270	30	2669950.433333333	2638965	2694503
f2load	f05	D	30	270	300	30	2648720.6666666665	2617281	2671007
f2load	f05	D	60	0	60	60	2499606.2	1472914	2880416
f2load	f05	D	60	60	120	60	2731022.216666667	2589363	2840460
f2load	f05	D	60	120	180	60	2682304.4833333334	2603444	2739457
f2load	f05	D	60	180	240	60	2698422.183333333	2630416	2742508
f2load	f05	D	60	240	300	60	2659335.55	2617281	2694503
f2load	f06	D	30	0	30	30	2229172.7333333334	1399803	2596553
f2load	f06	D	30	30	60	30	2738135.4	2326325	2869403
f2load	f06	D	30	60	90	30	2778154.933333333	2691892	2848703
f2load	f06	D	30	90	120	30	2736277.066666667	2647961	2793796
f2load	f06	D	30	120	150	30	2707774.8666666667	2640215	2754714
f2load	f06	D	30	150	180	30	2682035.5	2636701	2729880
f2load	f06	D	30	180	210	30	2681301.6333333333	2637655	2724797
f2load	f06	D	30	210	240	30	2703598.1	2670402	2730408
f2load	f06	D	30	240	270	30	2679970.2333333334	2646492	2712215
f2load	f06	D	30	270	300	30	2660137.6333333333	2630941	2682121
f2load	f06	D	60	0	60	60	2483654.066666667	1399803	2869403
f2load	f06	D	60	60	120	60	2757216	2647961	2848703
f2load	f06	D	60	120	180	60	2694905.183333333	2636701	2754714
f2load	f06	D	60	180	240	60	2692449.8666666667	2637655	2730408
f2load	f06	D	60	240	300	60	2670053.933333333	2630941	2712215
f2load	f07	D	30	0	30	30	2170423.1	1406571	2478809
f2load	f07	D	30	30	60	30	2635063.8666666667	2227719	2822987
f2load	f07	D	30	60	90	30	2735724	2569399	2800551
f2load	f07	D	30	90	120	30	2713890.8666666667	2631649	2772473
f2load	f07	D	30	120	150	30	2708922.033333333	2606601	2765645
f2load	f07	D	30	150	180	30	2746315.7333333334	2705888	2782436
f2load	f07	D	30	180	210	30	2721281.7	2680437	2751172
f2load	f07	D	30	210	240	30	2696789.1	2648304	2732187
f2load	f07	D	30	240	270	30	2675044.066666667	2633916	2711326
f2load	f07	D	30	270	300	29	2648989.172413793	2601700	2679988
f2load	f07	D	60	0	60	60	2402743.4833333334	1406571	2822987
f2load	f07	D	60	60	120	60	2724807.433333333	2569399	2800551
f2load	f07	D	60	120	180	60	2727618.8833333333	2606601	2782436
f2load	f07	D	60	180	240	60	2709035.4	2648304	2751172
f2load	f07	D	60	240	300	59	2662237.4237288134	2601700	2711326
f2load	f08	D	30	0	30	30	2159267.3333333335	1393505	2482056
f2load	f08	D	30	30	60	30	2679162.4	2268892	2812672
f2load	f08	D	30	60	90	30	2743604.9	2621581	2798381
f2load	f08	D	30	90	120	30	2718281	2639166	2770808
f2load	f08	D	30	120	150	30	2683986.8333333335	2602051	2740831
f2load	f08	D	30	150	180	30	2663445.566666667	2619631	2691863
f2load	f08	D	30	180	210	30	2675072.966666667	2617838	2732746
f2load	f08	D	30	210	240	30	2689890.533333333	2653830	2715324
f2load	f08	D	30	240	270	30	2670856.7666666666	2645326	2700448
f2load	f08	D	30	270	300	30	2649327.9	2603246	2675211
f2load	f08	D	60	0	60	60	2419214.8666666667	1393505	2812672
f2load	f08	D	60	60	120	60	2730942.95	2621581	2798381
f2load	f08	D	60	120	180	60	2673716.2	2602051	2740831
f2load	f08	D	60	180	240	60	2682481.75	2617838	2732746
f2load	f08	D	60	240	300	60	2660092.3333333335	2603246	2700448
f2load	f09	D	30	0	30	30	2152417.9	1389164	2503356
f2load	f09	D	30	30	60	30	2639676.6666666665	2231506	2795750
f2load	f09	D	30	60	90	30	2707264.933333333	2632771	2768852
f2load	f09	D	30	90	120	30	2670429.933333333	2542003	2729801
f2load	f09	D	30	120	150	30	2670521.2	2585124	2725311
f2load	f09	D	30	150	180	30	2643006.4	2608119	2682021
f2load	f09	D	30	180	210	30	2659515.3666666667	2601854	2702674
f2load	f09	D	30	210	240	30	2675758.3333333335	2652942	2709975
f2load	f09	D	30	240	270	30	2659475.566666667	2609062	2688426
f2load	f09	D	30	270	300	30	2639874.933333333	2605243	2666689
f2load	f09	D	60	0	60	60	2396047.283333333	1389164	2795750
f2load	f09	D	60	60	120	60	2688847.433333333	2542003	2768852
f2load	f09	D	60	120	180	60	2656763.8	2585124	2725311
f2load	f09	D	60	180	240	60	2667636.85	2601854	2709975
f2load	f09	D	60	240	300	60	2649675.25	2605243	2688426
f2load	f10	D	30	0	30	30	2353035.9	1571256	2684832
f2load	f10	D	30	30	60	30	2820480.3	2410629	2979032
f2load	f10	D	30	60	90	30	2851466.6333333333	2729829	2932140
f2load	f10	D	30	90	120	30	2793280.3666666667	2686493	2840154
f2load	f10	D	30	120	150	30	2772794.2666666666	2665104	2832748
f2load	f10	D	30	150	180	30	2801404.7333333334	2760608	2836496
f2load	f10	D	30	180	210	30	2771060.2	2736855	2811013
f2load	f10	D	30	210	240	30	2742549.433333333	2709246	2772915
f2load	f10	D	30	240	270	30	2718189.5	2682204	2755376
f2load	f10	D	30	270	300	29	2692885.827586207	2649803	2724899
f2load	f10	D	60	0	60	60	2586758.1	1571256	2979032
f2load	f10	D	60	60	120	60	2822373.5	2686493	2932140
f2load	f10	D	60	120	180	60	2787099.5	2665104	2836496
f2load	f10	D	60	180	240	60	2756804.816666667	2709246	2811013
f2load	f10	D	60	240	300	59	2705752.1016949154	2649803	2755376
baseline	b01	E	30	0	30	30	90174.13333333333	63703	103848
baseline	b01	E	30	30	60	30	102188.53333333334	80549	109675
baseline	b01	E	30	60	90	30	108066.63333333333	106234	109356
baseline	b01	E	30	90	120	30	107975.26666666666	105961	109362
baseline	b01	E	30	120	150	30	107358.86666666667	106318	109246
baseline	b01	E	30	150	180	30	107982.43333333333	106211	109170
baseline	b01	E	30	180	210	30	107911.26666666666	106384	109629
baseline	b01	E	30	210	240	30	107282.66666666667	106071	109216
baseline	b01	E	30	240	270	30	107624.13333333333	106531	109034
baseline	b01	E	30	270	300	30	107679.4	106440	108935
baseline	b01	E	60	0	60	60	96181.33333333333	63703	109675
baseline	b01	E	60	60	120	60	108020.95	105961	109362
baseline	b01	E	60	120	180	60	107670.65	106211	109246
baseline	b01	E	60	180	240	60	107596.96666666666	106071	109629
baseline	b01	E	60	240	300	60	107651.76666666666	106440	109034
baseline	b02	E	30	0	30	30	92004.63333333333	66114	106141
baseline	b02	E	30	30	60	30	103598.76666666666	79977	111009
baseline	b02	E	30	60	90	30	109561.26666666666	107976	110955
baseline	b02	E	30	90	120	30	109779.06666666667	107829	111098
baseline	b02	E	30	120	150	30	109130	107557	111047
baseline	b02	E	30	150	180	30	109453.26666666666	107913	110711
baseline	b02	E	30	180	210	30	109679.96666666666	107539	111171
baseline	b02	E	30	210	240	30	108964.46666666666	107992	110657
baseline	b02	E	30	240	270	30	109129.3	107960	110676
baseline	b02	E	30	270	300	30	109455.66666666667	107535	110947
baseline	b02	E	60	0	60	60	97801.7	66114	111009
baseline	b02	E	60	60	120	60	109670.16666666667	107829	111098
baseline	b02	E	60	120	180	60	109291.63333333333	107557	111047
baseline	b02	E	60	180	240	60	109322.21666666666	107539	111171
baseline	b02	E	60	240	300	60	109292.48333333334	107535	110947
baseline	b03	E	30	0	30	30	89957.36666666667	65598	104503
baseline	b03	E	30	30	60	30	104805.66666666667	82096	110762
baseline	b03	E	30	60	90	30	109363.83333333333	107699	110959
baseline	b03	E	30	90	120	30	109457.23333333334	107481	110958
baseline	b03	E	30	120	150	30	108731.46666666666	106951	110387
baseline	b03	E	30	150	180	30	109282.1	107812	110688
baseline	b03	E	30	180	210	30	109347.6	107881	111019
baseline	b03	E	30	210	240	30	108553.03333333334	106942	110113
baseline	b03	E	30	240	270	30	108901.76666666666	105257	110623
baseline	b03	E	30	270	300	30	108821.23333333334	105045	110578
baseline	b03	E	60	0	60	60	97381.51666666666	65598	110762
baseline	b03	E	60	60	120	60	109410.53333333334	107481	110959
baseline	b03	E	60	120	180	60	109006.78333333334	106951	110688
baseline	b03	E	60	180	240	60	108950.31666666667	106942	111019
baseline	b03	E	60	240	300	60	108861.5	105045	110623
baseline	n01	E	30	0	30	30	89790.8	64988	104077
baseline	n01	E	30	30	60	30	103667	81808	110309
baseline	n01	E	30	60	90	30	108595.06666666667	106731	110423
baseline	n01	E	30	90	120	30	108768	106912	110129
baseline	n01	E	30	120	150	30	108144.63333333333	106930	109713
baseline	n01	E	30	150	180	30	108728.26666666666	106968	110132
baseline	n01	E	30	180	210	30	108694.86666666667	106955	110039
baseline	n01	E	30	210	240	30	107933	107038	109416
baseline	n01	E	30	240	270	30	108120.2	104761	109790
baseline	n01	E	30	270	300	30	108013.5	104902	109778
baseline	n01	E	60	0	60	60	96728.9	64988	110309
baseline	n01	E	60	60	120	60	108681.53333333334	106731	110423
baseline	n01	E	60	120	180	60	108436.45	106930	110132
baseline	n01	E	60	180	240	60	108313.93333333333	106955	110039
baseline	n01	E	60	240	300	60	108066.85	104761	109790
baseline	n02	E	30	0	30	30	90656.76666666666	65812	105448
baseline	n02	E	30	30	60	30	104915.96666666666	81369	111274
baseline	n02	E	30	60	90	30	109648.9	107926	111399
baseline	n02	E	30	90	120	30	109791.6	107792	111151
baseline	n02	E	30	120	150	30	109186.03333333334	108110	111230
baseline	n02	E	30	150	180	30	109363.73333333334	107998	110945
baseline	n02	E	30	180	210	30	109748.93333333333	108005	111104
baseline	n02	E	30	210	240	30	109168.93333333333	107800	110644
baseline	n02	E	30	240	270	30	109001.76666666666	107521	110241
baseline	n02	E	30	270	300	30	109201.76666666666	107123	110773
baseline	n02	E	60	0	60	60	97786.36666666667	65812	111274
baseline	n02	E	60	60	120	60	109720.25	107792	111399
baseline	n02	E	60	120	180	60	109274.88333333333	107998	111230
baseline	n02	E	60	180	240	60	109458.93333333333	107800	111104
baseline	n02	E	60	240	300	60	109101.76666666666	107123	110773
baseline	n03	E	30	0	30	30	90368.13333333333	66202	104956
baseline	n03	E	30	30	60	30	104094.73333333334	80157	110675
baseline	n03	E	30	60	90	30	109417.9	107330	110888
baseline	n03	E	30	90	120	30	109514.93333333333	106944	110829
baseline	n03	E	30	120	150	30	108823.76666666666	107447	110471
baseline	n03	E	30	150	180	30	109301.8	107422	111020
baseline	n03	E	30	180	210	30	109477.3	107657	110632
baseline	n03	E	30	210	240	30	108717	107777	110122
baseline	n03	E	30	240	270	30	109112.4	107665	110313
baseline	n03	E	30	270	300	30	109243.86666666667	107553	110924
baseline	n03	E	60	0	60	60	97231.43333333333	66202	110675
baseline	n03	E	60	60	120	60	109466.41666666667	106944	110888
baseline	n03	E	60	120	180	60	109062.78333333334	107422	111020
baseline	n03	E	60	180	240	60	109097.15	107657	110632
baseline	n03	E	60	240	300	60	109178.13333333333	107553	110924
baseline	n04	E	30	0	30	30	90905.36666666667	66598	105222
baseline	n04	E	30	30	60	30	103897.26666666666	80080	110335
baseline	n04	E	30	60	90	30	109242.5	107446	110289
baseline	n04	E	30	90	120	30	109435.33333333333	107382	110522
baseline	n04	E	30	120	150	30	108679.5	107329	110346
baseline	n04	E	30	150	180	30	109221.26666666666	107833	110648
baseline	n04	E	30	180	210	30	109319.26666666666	107664	110936
baseline	n04	E	30	210	240	30	108637.9	107758	109854
baseline	n04	E	30	240	270	30	108684.63333333333	106038	110338
baseline	n04	E	30	270	300	30	108892.73333333334	106230	110836
baseline	n04	E	60	0	60	60	97401.31666666667	66598	110335
baseline	n04	E	60	60	120	60	109338.91666666667	107382	110522
baseline	n04	E	60	120	180	60	108950.38333333333	107329	110648
baseline	n04	E	60	180	240	60	108978.58333333333	107664	110936
baseline	n04	E	60	240	300	60	108788.68333333333	106038	110836
baseline	r01	E	30	0	30	30	91794.03333333334	64760	105757
baseline	r01	E	30	30	60	30	102482.33333333333	78600	110447
baseline	r01	E	30	60	90	30	109159.13333333333	107480	110556
baseline	r01	E	30	90	120	30	109389.46666666666	107168	110661
baseline	r01	E	30	120	150	30	108722.63333333333	107618	110579
baseline	r01	E	30	150	180	30	109234.8	107798	110516
baseline	r01	E	30	180	210	30	109324.46666666666	107612	110542
baseline	r01	E	30	210	240	30	108474	107240	109936
baseline	r01	E	30	240	270	30	108774.83333333333	105640	110338
baseline	r01	E	30	270	300	30	108471.6	104901	110643
baseline	r01	E	60	0	60	60	97138.18333333333	64760	110447
baseline	r01	E	60	60	120	60	109274.3	107168	110661
baseline	r01	E	60	120	180	60	108978.71666666666	107618	110579
baseline	r01	E	60	180	240	60	108899.23333333334	107240	110542
baseline	r01	E	60	240	300	60	108623.21666666666	104901	110643
baseline	r02	E	30	0	30	30	91426	64959	105455
baseline	r02	E	30	30	60	30	103404.03333333334	79544	110997
baseline	r02	E	30	60	90	30	109502.96666666666	107813	110694
baseline	r02	E	30	90	120	30	109667.93333333333	107963	110973
baseline	r02	E	30	120	150	30	108894.1	107642	110647
baseline	r02	E	30	150	180	30	109463.73333333334	108160	111072
baseline	r02	E	30	180	210	30	109469.66666666667	107845	110968
baseline	r02	E	30	210	240	30	108816.4	107552	110446
baseline	r02	E	30	240	270	30	109033.43333333333	105727	110154
baseline	r02	E	30	270	300	30	108977.43333333333	106453	110966
baseline	r02	E	60	0	60	60	97415.01666666666	64959	110997
baseline	r02	E	60	60	120	60	109585.45	107813	110973
baseline	r02	E	60	120	180	60	109178.91666666667	107642	111072
baseline	r02	E	60	180	240	60	109143.03333333334	107552	110968
baseline	r02	E	60	240	300	60	109005.43333333333	105727	110966
baseline	run3	E	30	0	30	30	90677.23333333334	64480	104924
baseline	run3	E	30	30	60	30	103039.63333333333	79923	110310
baseline	run3	E	30	60	90	30	109001.2	107359	110390
baseline	run3	E	30	90	120	30	109280.9	107334	110523
baseline	run3	E	30	120	150	30	108568.46666666666	107428	110650
baseline	run3	E	30	150	180	30	109146.4	107731	110436
baseline	run3	E	30	180	210	30	109284.7	107475	110453
baseline	run3	E	30	210	240	30	108697	107497	110101
baseline	run3	E	30	240	270	30	108901.26666666666	107718	110115
baseline	run3	E	30	270	300	30	109054.4	107392	110375
baseline	run3	E	60	0	60	60	96858.43333333333	64480	110310
baseline	run3	E	60	60	120	60	109141.05	107334	110523
baseline	run3	E	60	120	180	60	108857.43333333333	107428	110650
baseline	run3	E	60	180	240	60	108990.85	107475	110453
baseline	run3	E	60	240	300	60	108977.83333333333	107392	110375
f2load	f01	E	30	0	30	30	87666	62799	101457
f2load	f01	E	30	30	60	30	101528.6	80326	108221
f2load	f01	E	30	60	90	30	106438.46666666666	104777	107477
f2load	f01	E	30	90	120	30	106265.26666666666	104604	107797
f2load	f01	E	30	120	150	30	105679.16666666667	104216	107364
f2load	f01	E	30	150	180	30	106396.5	105324	108208
f2load	f01	E	30	180	210	30	106125.96666666666	104562	107303
f2load	f01	E	30	210	240	30	105493.3	104506	107060
f2load	f01	E	30	240	270	30	106177.96666666666	104439	107335
f2load	f01	E	30	270	300	30	105640.76666666666	103467	107844
f2load	f01	E	60	0	60	60	94597.3	62799	108221
f2load	f01	E	60	60	120	60	106351.86666666667	104604	107797
f2load	f01	E	60	120	180	60	106037.83333333333	104216	108208
f2load	f01	E	60	180	240	60	105809.63333333333	104506	107303
f2load	f01	E	60	240	300	60	105909.36666666667	103467	107844
f2load	f02	E	30	0	30	30	88679.36666666667	63005	103341
f2load	f02	E	30	30	60	30	103886.63333333333	81678	109921
f2load	f02	E	30	60	90	30	108283.63333333333	105972	109810
f2load	f02	E	30	90	120	30	108270.26666666666	106019	109875
f2load	f02	E	30	120	150	30	107632.76666666666	106629	109408
f2load	f02	E	30	150	180	30	108239.66666666667	106224	109552
f2load	f02	E	30	180	210	30	108178.26666666666	106858	109553
f2load	f02	E	30	210	240	30	107496.23333333334	106295	109038
f2load	f02	E	30	240	270	30	107912.7	106464	109086
f2load	f02	E	30	270	300	30	107742.43333333333	104814	109894
f2load	f02	E	60	0	60	60	96283	63005	109921
f2load	f02	E	60	60	120	60	108276.95	105972	109875
f2load	f02	E	60	120	180	60	107936.21666666666	106224	109552
f2load	f02	E	60	180	240	60	107837.25	106295	109553
f2load	f02	E	60	240	300	60	107827.56666666667	104814	109894
f2load	f03	E	30	0	30	30	90930.53333333334	64077	104509
f2load	f03	E	30	30	60	30	102369.03333333334	78755	110196
f2load	f03	E	30	60	90	30	108656.1	106795	110254
f2load	f03	E	30	90	120	30	108692.36666666667	106822	109991
f2load	f03	E	30	120	150	30	107851.33333333333	106622	109577
f2load	f03	E	30	150	180	30	108484.46666666666	107076	110110
f2load	f03	E	30	180	210	30	108413.16666666667	106466	109613
f2load	f03	E	30	210	240	30	107905.2	106846	109484
f2load	f03	E	30	240	270	30	108036.66666666667	106875	109403
f2load	f03	E	30	270	300	30	108401.43333333333	106858	109736
f2load	f03	E	60	0	60	60	96649.78333333334	64077	110196
f2load	f03	E	60	60	120	60	108674.23333333334	106795	110254
f2load	f03	E	60	120	180	60	108167.9	106622	110110
f2load	f03	E	60	180	240	60	108159.18333333333	106466	109613
f2load	f03	E	60	240	300	60	108219.05	106858	109736
f2load	f04	E	30	0	30	30	90265.73333333334	67176	105471
f2load	f04	E	30	30	60	30	104423.33333333333	82389	111096
f2load	f04	E	30	60	90	30	109350.63333333333	107682	110556
f2load	f04	E	30	90	120	30	109497	107703	110571
f2load	f04	E	30	120	150	30	108728.16666666667	107449	110515
f2load	f04	E	30	150	180	30	109199.8	107445	110578
f2load	f04	E	30	180	210	30	109334.26666666666	107923	110663
f2load	f04	E	30	210	240	30	108780.6	107674	110537
f2load	f04	E	30	240	270	30	108838.23333333334	107536	110554
f2load	f04	E	30	270	300	30	109157.96666666666	106928	110345
f2load	f04	E	60	0	60	60	97344.53333333334	67176	111096
f2load	f04	E	60	60	120	60	109423.81666666667	107682	110571
f2load	f04	E	60	120	180	60	108963.98333333334	107445	110578
f2load	f04	E	60	180	240	60	109057.43333333333	107674	110663
f2load	f04	E	60	240	300	60	108998.1	106928	110554
f2load	f05	E	30	0	30	30	89759.73333333334	63937	104097
f2load	f05	E	30	30	60	30	103443.13333333333	81827	109858
f2load	f05	E	30	60	90	30	108382.63333333333	106416	109729
f2load	f05	E	30	90	120	30	108525.46666666666	106483	109981
f2load	f05	E	30	120	150	30	107859.63333333333	106532	109539
f2load	f05	E	30	150	180	30	108336.86666666667	106724	109552
f2load	f05	E	30	180	210	30	108405.96666666666	106943	109711
f2load	f05	E	30	210	240	30	107773.9	106640	109426
f2load	f05	E	30	240	270	30	108042.1	106936	109186
f2load	f05	E	30	270	300	30	108197.03333333334	106810	109476
f2load	f05	E	60	0	60	60	96601.43333333333	63937	109858
f2load	f05	E	60	60	120	60	108454.05	106416	109981
f2load	f05	E	60	120	180	60	108098.25	106532	109552
f2load	f05	E	60	180	240	60	108089.93333333333	106640	109711
f2load	f05	E	60	240	300	60	108119.56666666667	106810	109476
f2load	f06	E	30	0	30	30	92083.8	63055	107034
f2load	f06	E	30	30	60	30	103181.16666666667	79687	110998
f2load	f06	E	30	60	90	30	109582.46666666666	107880	110877
f2load	f06	E	30	90	120	30	109729.13333333333	107548	110843
f2load	f06	E	30	120	150	30	109124.13333333333	107762	111130
f2load	f06	E	30	150	180	30	109394	107816	110828
f2load	f06	E	30	180	210	30	109743.86666666667	108405	111004
f2load	f06	E	30	210	240	30	109115.46666666666	108066	110759
f2load	f06	E	30	240	270	30	109081.46666666666	107723	110419
f2load	f06	E	30	270	300	30	109630.46666666666	107687	110919
f2load	f06	E	60	0	60	60	97632.48333333334	63055	110998
f2load	f06	E	60	60	120	60	109655.8	107548	110877
f2load	f06	E	60	120	180	60	109259.06666666667	107762	111130
f2load	f06	E	60	180	240	60	109429.66666666667	108066	111004
f2load	f06	E	60	240	300	60	109355.96666666666	107687	110919
f2load	f07	E	30	0	30	30	89883.16666666667	63642	104315
f2load	f07	E	30	30	60	30	104464.53333333334	82370	110741
f2load	f07	E	30	60	90	30	109145.93333333333	107212	110540
f2load	f07	E	30	90	120	30	109165.66666666667	106978	110569
f2load	f07	E	30	120	150	30	108477.1	107178	110091
f2load	f07	E	30	150	180	30	108964.4	107488	110701
f2load	f07	E	30	180	210	30	108995.03333333334	107232	110561
f2load	f07	E	30	210	240	30	107994.13333333333	105889	109580
f2load	f07	E	30	240	270	30	108495.86666666667	105578	110162
f2load	f07	E	30	270	300	30	108229.06666666667	104900	110536
f2load	f07	E	60	0	60	60	97173.85	63642	110741
f2load	f07	E	60	60	120	60	109155.8	106978	110569
f2load	f07	E	60	120	180	60	108720.75	107178	110701
f2load	f07	E	60	180	240	60	108494.58333333333	105889	110561
f2load	f07	E	60	240	300	60	108362.46666666666	104900	110536
f2load	f08	E	30	0	30	30	90414.2	65665	104353
f2load	f08	E	30	30	60	30	102685.1	80404	109685
f2load	f08	E	30	60	90	30	108808.3	107565	110063
f2load	f08	E	30	90	120	30	109011.26666666666	107137	110514
f2load	f08	E	30	120	150	30	108391.13333333333	107331	110048
f2load	f08	E	30	150	180	30	108802.63333333333	107303	110431
f2load	f08	E	30	180	210	30	108978.8	107051	110565
f2load	f08	E	30	210	240	30	108228.83333333333	107197	109992
f2load	f08	E	30	240	270	30	108161.66666666667	104396	109778
f2load	f08	E	30	270	300	30	108565.8	106296	110481
f2load	f08	E	60	0	60	60	96549.65	65665	109685
f2load	f08	E	60	60	120	60	108909.78333333334	107137	110514
f2load	f08	E	60	120	180	60	108596.88333333333	107303	110431
f2load	f08	E	60	180	240	60	108603.81666666667	107051	110565
f2load	f08	E	60	240	300	60	108363.73333333334	104396	110481
f2load	f09	E	30	0	30	30	90083.9	63998	104071
f2load	f09	E	30	30	60	30	103176.56666666667	81786	109836
f2load	f09	E	30	60	90	30	108538.73333333334	106989	109953
f2load	f09	E	30	90	120	30	108700.8	106957	110251
f2load	f09	E	30	120	150	30	107921.5	106766	109743
f2load	f09	E	30	150	180	30	108484.33333333333	106853	110120
f2load	f09	E	30	180	210	30	108546.76666666666	106637	109828
f2load	f09	E	30	210	240	30	107841.86666666667	106588	109692
f2load	f09	E	30	240	270	30	108390.66666666667	106578	109581
f2load	f09	E	30	270	300	30	107942.16666666667	104809	110012
f2load	f09	E	60	0	60	60	96630.23333333334	63998	109836
f2load	f09	E	60	60	120	60	108619.76666666666	106957	110251
f2load	f09	E	60	120	180	60	108202.91666666667	106766	110120
f2load	f09	E	60	180	240	60	108194.31666666667	106588	109828
f2load	f09	E	60	240	300	60	108166.41666666667	104809	110012
f2load	f10	E	30	0	30	30	91899.96666666666	67059	105903
f2load	f10	E	30	30	60	30	103311.7	80483	110484
f2load	f10	E	30	60	90	30	109355.3	107831	110839
f2load	f10	E	30	90	120	30	109615	107724	110892
f2load	f10	E	30	120	150	30	108992.33333333333	108083	110631
f2load	f10	E	30	150	180	30	109239.5	107735	110842
f2load	f10	E	30	180	210	30	109498.53333333334	108081	110918
f2load	f10	E	30	210	240	30	108753.73333333334	107451	110330
f2load	f10	E	30	240	270	30	108869.5	106858	110390
f2load	f10	E	30	270	300	30	108979.43333333333	106903	110397
f2load	f10	E	60	0	60	60	97605.83333333333	67059	110484
f2load	f10	E	60	60	120	60	109485.15	107724	110892
f2load	f10	E	60	120	180	60	109115.91666666667	107735	110842
f2load	f10	E	60	180	240	60	109126.13333333333	107451	110918
f2load	f10	E	60	240	300	60	108924.46666666666	106858	110397
baseline	b01	F	30	0	30	30	595895.8666666667	442593	788581
baseline	b01	F	30	30	60	30	539905.7333333333	383134	699387
baseline	b01	F	30	60	90	30	598986.1333333333	446582	689260
baseline	b01	F	30	90	120	30	609110.3666666667	525028	672719
baseline	b01	F	30	120	150	30	613372.5666666667	522244	685130
baseline	b01	F	30	150	180	30	605937.6	510847	687908
baseline	b01	F	30	180	210	30	607087.6	535067	690517
baseline	b01	F	30	210	240	30	612794.9666666667	508307	683741
baseline	b01	F	30	240	270	30	600917.7	363595	672854
baseline	b01	F	30	270	300	29	624495.5862068966	517777	672211
baseline	b01	F	60	0	60	60	567900.8	383134	788581
baseline	b01	F	60	60	120	60	604048.25	446582	689260
baseline	b01	F	60	120	180	60	609655.0833333334	510847	687908
baseline	b01	F	60	180	240	60	609941.2833333333	508307	690517
baseline	b01	F	60	240	300	59	612506.8305084746	363595	672854
baseline	b02	F	30	0	30	30	598245.2333333333	488543	830787
baseline	b02	F	30	30	60	30	539269.3666666667	444727	656421
baseline	b02	F	30	60	90	30	606592.2	476869	679636
baseline	b02	F	30	90	120	30	614255.7666666667	498618	687902
baseline	b02	F	30	120	150	30	632766.7666666667	557797	693469
baseline	b02	F	30	150	180	30	610590.9666666667	505363	765007
baseline	b02	F	30	180	210	30	617848.2666666667	512681	677578
baseline	b02	F	30	210	240	30	611191.5333333333	478577	664268
baseline	b02	F	30	240	270	30	614057.0666666667	476209	716475
baseline	b02	F	30	270	300	30	594086.3	524404	677976
baseline	b02	F	60	0	60	60	568757.3	444727	830787
baseline	b02	F	60	60	120	60	610423.9833333333	476869	687902
baseline	b02	F	60	120	180	60	621678.8666666667	505363	765007
baseline	b02	F	60	180	240	60	614519.9	478577	677578
baseline	b02	F	60	240	300	60	604071.6833333333	476209	716475
baseline	b03	F	30	0	30	30	603285.1	457906	771087
baseline	b03	F	30	30	60	30	539507.8666666667	408807	681678
baseline	b03	F	30	60	90	30	615984.0666666667	516278	692513
baseline	b03	F	30	90	120	30	598264.6333333333	469332	676221
baseline	b03	F	30	120	150	30	610688.1666666666	557254	686780
baseline	b03	F	30	150	180	30	616207.3666666667	471220	692697
baseline	b03	F	30	180	210	30	600711.1666666666	541377	674099
baseline	b03	F	30	210	240	30	607556.5666666667	515657	679518
baseline	b03	F	30	240	270	30	613751.4	380667	708807
baseline	b03	F	30	270	300	30	613515.7333333333	527560	686700
baseline	b03	F	60	0	60	60	571396.4833333333	408807	771087
baseline	b03	F	60	60	120	60	607124.35	469332	692513
baseline	b03	F	60	120	180	60	613447.7666666667	471220	692697
baseline	b03	F	60	180	240	60	604133.8666666667	515657	679518
baseline	b03	F	60	240	300	60	613633.5666666667	380667	708807
baseline	n01	F	30	0	30	30	589172.0666666667	420782	810798
baseline	n01	F	30	30	60	30	543653.5333333333	429402	639373
baseline	n01	F	30	60	90	30	625652	456547	692171
baseline	n01	F	30	90	120	30	614590.6666666666	522791	683241
baseline	n01	F	30	120	150	30	620917.4666666667	498429	730731
baseline	n01	F	30	150	180	30	617370.1	513928	699305
baseline	n01	F	30	180	210	30	604150.8333333334	451027	694235
baseline	n01	F	30	210	240	30	626862.3666666667	570940	684791
baseline	n01	F	30	240	270	30	618650.6666666666	513519	696828
baseline	n01	F	30	270	300	30	615747.8666666667	529791	683966
baseline	n01	F	60	0	60	60	566412.8	420782	810798
baseline	n01	F	60	60	120	60	620121.3333333334	456547	692171
baseline	n01	F	60	120	180	60	619143.7833333333	498429	730731
baseline	n01	F	60	180	240	60	615506.6	451027	694235
baseline	n01	F	60	240	300	60	617199.2666666667	513519	696828
baseline	n02	F	30	0	30	30	594146.2	472679	800402
baseline	n02	F	30	30	60	30	581025.4333333333	455679	676238
baseline	n02	F	30	60	90	30	626149.2333333333	560054	684331
baseline	n02	F	30	90	120	30	604285.0333333333	512619	683477
baseline	n02	F	30	120	150	30	606310.4333333333	522099	703904
baseline	n02	F	30	150	180	30	604633.0333333333	520309	710689
baseline	n02	F	30	180	210	30	604257.1333333333	504480	691709
baseline	n02	F	30	210	240	30	585915.1333333333	447206	685529
baseline	n02	F	30	240	270	30	606505.5	463985	661001
baseline	n02	F	30	270	300	30	624155.8333333334	549399	681109
baseline	n02	F	60	0	60	60	587585.8166666667	455679	800402
baseline	n02	F	60	60	120	60	615217.1333333333	512619	684331
baseline	n02	F	60	120	180	60	605471.7333333333	520309	710689
baseline	n02	F	60	180	240	60	595086.1333333333	447206	691709
baseline	n02	F	60	240	300	60	615330.6666666666	463985	681109
baseline	n03	F	30	0	30	30	597398.9	465782	825208
baseline	n03	F	30	30	60	30	534731	456227	599242
baseline	n03	F	30	60	90	30	618034.1666666666	483672	697069
baseline	n03	F	30	90	120	30	629280.9333333333	545679	693537
baseline	n03	F	30	120	150	30	610665.2666666667	466896	733560
baseline	n03	F	30	150	180	30	617782.3666666667	456221	725845
baseline	n03	F	30	180	210	30	629792	557238	700309
baseline	n03	F	30	210	240	30	621822.6	557515	700824
baseline	n03	F	30	240	270	30	598878.2666666667	447272	759061
baseline	n03	F	30	270	300	30	612924.5666666667	535809	690602
baseline	n03	F	60	0	60	60	566064.95	456227	825208
baseline	n03	F	60	60	120	60	623657.55	483672	697069
baseline	n03	F	60	120	180	60	614223.8166666667	456221	733560
baseline	n03	F	60	180	240	60	625807.3	557238	700824
baseline	n03	F	60	240	300	60	605901.4166666666	447272	759061
baseline	n04	F	30	0	30	30	609608.4666666667	449875	792273
baseline	n04	F	30	30	60	30	559167.6	495207	637514
baseline	n04	F	30	60	90	30	623416.3	533780	710288
baseline	n04	F	30	90	120	30	622063.4666666667	540634	685035
baseline	n04	F	30	120	150	30	612602.5333333333	544659	672070
baseline	n04	F	30	150	180	30	616120.2	532825	663957
baseline	n04	F	30	180	210	30	597808.8333333334	430927	682556
baseline	n04	F	30	210	240	30	620266.3333333334	464862	694255
baseline	n04	F	30	240	270	30	618557.6333333333	535083	676732
baseline	n04	F	30	270	300	30	625401.1666666666	463783	695662
baseline	n04	F	60	0	60	60	584388.0333333333	449875	792273
baseline	n04	F	60	60	120	60	622739.8833333333	533780	710288
baseline	n04	F	60	120	180	60	614361.3666666667	532825	672070
baseline	n04	F	60	180	240	60	609037.5833333334	430927	694255
baseline	n04	F	60	240	300	60	621979.4	463783	695662
baseline	r01	F	30	0	30	30	602076.5333333333	504012	793807
baseline	r01	F	30	30	60	30	574047.5	416726	692188
baseline	r01	F	30	60	90	30	603636.1333333333	522979	672139
baseline	r01	F	30	90	120	30	631580.5	521404	701372
baseline	r01	F	30	120	150	30	576898.2	442616	716646
baseline	r01	F	30	150	180	30	597162.9	537620	650994
baseline	r01	F	30	180	210	30	620702.7333333333	542697	673457
baseline	r01	F	30	210	240	30	617816.4	552509	702153
baseline	r01	F	30	240	270	30	609051.6666666666	525217	685487
baseline	r01	F	30	270	300	30	612854.4	473305	704125
baseline	r01	F	60	0	60	60	588062.0166666667	416726	793807
baseline	r01	F	60	60	120	60	617608.3166666667	521404	701372
baseline	r01	F	60	120	180	60	587030.55	442616	716646
baseline	r01	F	60	180	240	60	619259.5666666667	542697	702153
baseline	r01	F	60	240	300	60	610953.0333333333	473305	704125
baseline	r02	F	30	0	30	30	588605.7666666667	428241	793287
baseline	r02	F	30	30	60	30	546404.4333333333	429209	650720
baseline	r02	F	30	60	90	30	605306.2333333333	517183	676321
baseline	r02	F	30	90	120	30	611972.3	512570	692911
baseline	r02	F	30	120	150	30	595296.7333333333	506345	679742
baseline	r02	F	30	150	180	30	607441.7	500811	660096
baseline	r02	F	30	180	210	30	624975.9666666667	555137	687487
baseline	r02	F	30	210	240	30	621320.7666666667	481992	731217
baseline	r02	F	30	240	270	30	600270.1	501002	705193
baseline	r02	F	30	270	300	30	596180.1666666666	455738	685427
baseline	r02	F	60	0	60	60	567505.1	428241	793287
baseline	r02	F	60	60	120	60	608639.2666666667	512570	692911
baseline	r02	F	60	120	180	60	601369.2166666667	500811	679742
baseline	r02	F	60	180	240	60	623148.3666666667	481992	731217
baseline	r02	F	60	240	300	60	598225.1333333333	455738	705193
baseline	run3	F	30	0	30	30	603103	413334	776469
baseline	run3	F	30	30	60	30	568644.7	423798	672085
baseline	run3	F	30	60	90	30	587402.7333333333	471116	668265
baseline	run3	F	30	90	120	30	613955.7666666667	537658	686810
baseline	run3	F	30	120	150	30	625650.4	548279	684583
baseline	run3	F	30	150	180	30	597397.7666666667	388159	691184
baseline	run3	F	30	180	210	30	609596.9333333333	448739	695739
baseline	run3	F	30	210	240	30	619211.7333333333	550560	673755
baseline	run3	F	30	240	270	30	612854.8333333334	538733	661747
baseline	run3	F	30	270	300	30	627196.6	556538	719700
baseline	run3	F	60	0	60	60	585873.85	413334	776469
baseline	run3	F	60	60	120	60	600679.25	471116	686810
baseline	run3	F	60	120	180	60	611524.0833333334	388159	691184
baseline	run3	F	60	180	240	60	614404.3333333334	448739	695739
baseline	run3	F	60	240	300	60	620025.7166666667	538733	719700
f2load	f01	F	30	0	30	30	592951.8	443440	818132
f2load	f01	F	30	30	60	30	527419.9666666667	431473	650006
f2load	f01	F	30	60	90	30	611846.2666666667	523373	681000
f2load	f01	F	30	90	120	30	611079.6	482789	694185
f2load	f01	F	30	120	150	30	633850.8333333334	484417	704321
f2load	f01	F	30	150	180	30	602845.9	471470	691072
f2load	f01	F	30	180	210	30	618464.5666666667	554284	681079
f2load	f01	F	30	210	240	30	617343.4333333333	540390	697516
f2load	f01	F	30	240	270	30	598556.6666666666	474393	680576
f2load	f01	F	30	270	300	30	605012.2	528008	686839
f2load	f01	F	60	0	60	60	560185.8833333333	431473	818132
f2load	f01	F	60	60	120	60	611462.9333333333	482789	694185
f2load	f01	F	60	120	180	60	618348.3666666667	471470	704321
f2load	f01	F	60	180	240	60	617904	540390	697516
f2load	f01	F	60	240	300	60	601784.4333333333	474393	686839
f2load	f02	F	30	0	30	30	581910.6333333333	472411	772527
f2load	f02	F	30	30	60	30	539143.5	434298	672283
f2load	f02	F	30	60	90	30	612631.2	523660	709080
f2load	f02	F	30	90	120	30	614001.2666666667	495923	715877
f2load	f02	F	30	120	150	30	605309.7	484013	685567
f2load	f02	F	30	150	180	30	607744.1666666666	521687	668476
f2load	f02	F	30	180	210	30	601929.0666666667	552708	665525
f2load	f02	F	30	210	240	30	619736.8666666667	522663	704381
f2load	f02	F	30	240	270	30	589811.2333333333	474185	688524
f2load	f02	F	30	270	300	30	593765.3333333334	473184	707770
f2load	f02	F	60	0	60	60	560527.0666666667	434298	772527
f2load	f02	F	60	60	120	60	613316.2333333333	495923	715877
f2load	f02	F	60	120	180	60	606526.9333333333	484013	685567
f2load	f02	F	60	180	240	60	610832.9666666667	522663	704381
f2load	f02	F	60	240	300	60	591788.2833333333	473184	707770
f2load	f03	F	30	0	30	30	592830	423606	800447
f2load	f03	F	30	30	60	30	545834	428179	668884
f2load	f03	F	30	60	90	30	602621.8666666667	475518	685260
f2load	f03	F	30	90	120	30	630642.1	563094	684657
f2load	f03	F	30	120	150	30	588844.4333333333	475175	652304
f2load	f03	F	30	150	180	30	607622.7	525476	673730
f2load	f03	F	30	180	210	30	610892.7666666667	537585	672594
f2load	f03	F	30	210	240	30	600721.1666666666	530515	701607
f2load	f03	F	30	240	270	30	602155.0666666667	524122	674627
f2load	f03	F	30	270	300	30	610408.4333333333	543018	692249
f2load	f03	F	60	0	60	60	569332	423606	800447
f2load	f03	F	60	60	120	60	616631.9833333333	475518	685260
f2load	f03	F	60	120	180	60	598233.5666666667	475175	673730
f2load	f03	F	60	180	240	60	605806.9666666667	530515	701607
f2load	f03	F	60	240	300	60	606281.75	524122	692249
f2load	f04	F	30	0	30	30	606265.1666666666	476700	822169
f2load	f04	F	30	30	60	30	518481.3	415193	640070
f2load	f04	F	30	60	90	30	604755.9333333333	434300	685377
f2load	f04	F	30	90	120	30	616858.6	512211	703766
f2load	f04	F	30	120	150	30	605874.5333333333	521509	674423
f2load	f04	F	30	150	180	30	617055.1	541453	684860
f2load	f04	F	30	180	210	30	620832.3	521857	712506
f2load	f04	F	30	210	240	30	598437.4	534637	677496
f2load	f04	F	30	240	270	30	610762.5	548997	685697
f2load	f04	F	30	270	300	30	582226.9666666667	422068	707170
f2load	f04	F	60	0	60	60	562373.2333333333	415193	822169
f2load	f04	F	60	60	120	60	610807.2666666667	434300	703766
f2load	f04	F	60	120	180	60	611464.8166666667	521509	684860
f2load	f04	F	60	180	240	60	609634.85	521857	712506
f2load	f04	F	60	240	300	60	596494.7333333333	422068	707170
f2load	f05	F	30	0	30	30	581854.4666666667	442495	815978
f2load	f05	F	30	30	60	30	536408.8	393799	662508
f2load	f05	F	30	60	90	30	589226	428722	712896
f2load	f05	F	30	90	120	30	593689.4666666667	519399	710316
f2load	f05	F	30	120	150	30	615459.4666666667	559646	670807
f2load	f05	F	30	150	180	30	600106.6333333333	485842	660277
f2load	f05	F	30	180	210	30	606304.6666666666	535691	674032
f2load	f05	F	30	210	240	30	601059.8	494517	655604
f2load	f05	F	30	240	270	30	607231.9666666667	451210	653013
f2load	f05	F	30	270	300	30	613274.5	474199	667145
f2load	f05	F	60	0	60	60	559131.6333333333	393799	815978
f2load	f05	F	60	60	120	60	591457.7333333333	428722	712896
f2load	f05	F	60	120	180	60	607783.05	485842	670807
f2load	f05	F	60	180	240	60	603682.2333333333	494517	674032
f2load	f05	F	60	240	300	60	610253.2333333333	451210	667145
f2load	f06	F	30	0	30	30	588652.1333333333	491356	758893
f2load	f06	F	30	30	60	30	549960.8666666667	422804	711264
f2load	f06	F	30	60	90	30	609685.4333333333	498854	688299
f2load	f06	F	30	90	120	30	605597.4	505827	680896
f2load	f06	F	30	120	150	30	605575.7	497119	680115
f2load	f06	F	30	150	180	30	620949.5666666667	546151	675014
f2load	f06	F	30	180	210	30	600912.4	473481	664671
f2load	f06	F	30	210	240	30	605085.1666666666	549965	667210
f2load	f06	F	30	240	270	30	611526.1	508086	693436
f2load	f06	F	30	270	300	30	612214	554759	668451
f2load	f06	F	60	0	60	60	569306.5	422804	758893
f2load	f06	F	60	60	120	60	607641.4166666666	498854	688299
f2load	f06	F	60	120	180	60	613262.6333333333	497119	680115
f2load	f06	F	60	180	240	60	602998.7833333333	473481	667210
f2load	f06	F	60	240	300	60	611870.05	508086	693436
f2load	f07	F	30	0	30	30	584961.9	466514	814400
f2load	f07	F	30	30	60	30	533718.4333333333	420397	692473
f2load	f07	F	30	60	90	30	596329.0333333333	479177	678420
f2load	f07	F	30	90	120	30	601341.1	458412	685751
f2load	f07	F	30	120	150	30	613903.4333333333	463688	681308
f2load	f07	F	30	150	180	30	603352	489548	683834
f2load	f07	F	30	180	210	30	605775.4666666667	510543	695915
f2load	f07	F	30	210	240	30	613294.5666666667	499921	685781
f2load	f07	F	30	240	270	30	617308.3666666667	551953	678476
f2load	f07	F	30	270	300	30	608584.2666666667	543313	657506
f2load	f07	F	60	0	60	60	559340.1666666666	420397	814400
f2load	f07	F	60	60	120	60	598835.0666666667	458412	685751
f2load	f07	F	60	120	180	60	608627.7166666667	463688	683834
f2load	f07	F	60	180	240	60	609535.0166666667	499921	695915
f2load	f07	F	60	240	300	60	612946.3166666667	543313	678476
f2load	f08	F	30	0	30	30	575360.0666666667	436553	762416
f2load	f08	F	30	30	60	30	516104.13333333336	416865	626305
f2load	f08	F	30	60	90	30	620664.4666666667	542774	722511
f2load	f08	F	30	90	120	30	615624.9666666667	554170	684686
f2load	f08	F	30	120	150	30	626455.4333333333	568813	717306
f2load	f08	F	30	150	180	30	604603	507442	661508
f2load	f08	F	30	180	210	30	608835.4666666667	547662	673530
f2load	f08	F	30	210	240	30	595162.4333333333	460861	688920
f2load	f08	F	30	240	270	30	610768.7666666667	515405	682951
f2load	f08	F	30	270	300	30	594165.5333333333	489036	664003
f2load	f08	F	60	0	60	60	545732.1	416865	762416
f2load	f08	F	60	60	120	60	618144.7166666667	542774	722511
f2load	f08	F	60	120	180	60	615529.2166666667	507442	717306
f2load	f08	F	60	180	240	60	601998.95	460861	688920
f2load	f08	F	60	240	300	60	602467.15	489036	682951
f2load	f09	F	30	0	30	30	590680.2	441040	790090
f2load	f09	F	30	30	60	30	525566.3333333334	437902	630697
f2load	f09	F	30	60	90	30	632611.0666666667	556957	702008
f2load	f09	F	30	90	120	30	611631.0666666667	525918	690110
f2load	f09	F	30	120	150	30	623660.8666666667	552965	721605
f2load	f09	F	30	150	180	30	614922.6333333333	554467	668073
f2load	f09	F	30	180	210	30	616497.2	518166	674337
f2load	f09	F	30	210	240	30	620109.5333333333	555248	673335
f2load	f09	F	30	240	270	30	606457.6	504404	659648
f2load	f09	F	30	270	300	29	624450.6896551724	563529	677946
f2load	f09	F	60	0	60	60	558123.2666666667	437902	790090
f2load	f09	F	60	60	120	60	622121.0666666667	525918	702008
f2load	f09	F	60	120	180	60	619291.75	552965	721605
f2load	f09	F	60	180	240	60	618303.3666666667	518166	674337
f2load	f09	F	60	240	300	59	615301.6610169491	504404	677946
f2load	f10	F	30	0	30	30	599842.5333333333	431827	826845
f2load	f10	F	30	30	60	30	541642.6666666666	385181	651060
f2load	f10	F	30	60	90	30	592174.8333333334	516800	659440
f2load	f10	F	30	90	120	30	602940.9333333333	541058	691720
f2load	f10	F	30	120	150	30	615488.7666666667	554461	667387
f2load	f10	F	30	150	180	30	614765.4333333333	477214	687727
f2load	f10	F	30	180	210	30	587409.4666666667	456977	673659
f2load	f10	F	30	210	240	30	616498.4333333333	556041	685264
f2load	f10	F	30	240	270	30	586525.9333333333	406027	712799
f2load	f10	F	30	270	300	30	617995.7	554128	688881
f2load	f10	F	60	0	60	60	570742.6	385181	826845
f2load	f10	F	60	60	120	60	597557.8833333333	516800	691720
f2load	f10	F	60	120	180	60	615127.1	477214	687727
f2load	f10	F	60	180	240	60	601953.95	456977	685264
f2load	f10	F	60	240	300	60	602260.8166666667	406027	712799
